Crime ID,Month,Reported by,Falls within,Longitude,Latitude,Location,LSOA code,LSOA name,Crime type,Last outcome category,Context
cf9398d669b9173a8b0452227dddbeec87d0e21ffd89b88c42d4f6f33589f6cd,2026-02,Suffolk Constabulary,Suffolk Constabulary,0.908289,52.107463,On or near Market Place,E01029876,Babergh 001A,Burglary,Investigation complete; no suspect identified,
b05ee896aba3f88dab9fbb67273ba5a68c23b779b510b0c5d5887128412e63de,2026-02,Suffolk Constabulary,Suffolk Constabulary,0.901646,52.128635,On or near The Causeway,E01029876,Babergh 001A,Burglary,Investigation complete; no suspect identified,
482c7b105dc1ebbccb5f57b0f0983e129eb2e71da34ab972aa32682a476e6438,2026-02,Suffolk Constabulary,Suffolk Constabulary,0.911084,52.109337,On or near Wattisham Road,E01029876,Babergh 001A,Vehicle crime,Investigation complete; no suspect identified,
29ad0d38a3c68270cbcd904c09ffb43bf57272415ecabf02256eb507d10637fd,2026-02,Suffolk Constabulary,Suffolk Constabulary,0.912578,52.110289,On or near Wattisham Road,E01029876,Babergh 001A,Violence and sexual offences,Action to be taken by another organisation,
658c9f140140a5c7a0f901a970b4469c49aaf579a611383e542bcff81f1d273d,2026-02,Suffolk Constabulary,Suffolk Constabulary,0.908251,52.105755,On or near Newberry Road,E01029876,Babergh 001A,Violence and sexual offences,Unable to prosecute suspect,
31d5b78174c8bfa3168f73814b0d0aea0f48d9f787044f0c5c6e62ce329464d7,2026-02,Suffolk Constabulary,Suffolk Constabulary,0.795151,52.107872,On or near Supermarket,E01029898,Babergh 001B,Other theft,Investigation complete; no suspect identified,
c16569b6ad5a8ec77a4abe1f6106f589d2ac9baf0c231b8392e1196dd448eaac,2026-02,Suffolk Constabulary,Suffolk Constabulary,0.799370,52.112727,On or near Preston Road,E01029898,Babergh 001B,Possession of weapons,Under investigation,
abfb7bd2f0c7d37d57b2eb1167f6f29b78925f77886dd6a1ce0c875b50243542,2026-02,Suffolk Constabulary,Suffolk Constabulary,0.795151,52.107872,On or near Supermarket,E01029898,Babergh 001B,Violence and sexual offences,Investigation complete; no suspect identified,
abb1a64e16e6acb6cc7624edab278b3cf54edc766d038ff03488102e5584af66,2026-02,Suffolk Constabulary,Suffolk Constabulary,0.794528,52.103282,On or near Long Meadow,E01029898,Babergh 001B,Violence and sexual offences,Unable to prosecute suspect,
,2026-02,Suffolk Constabulary,Suffolk Constabulary,0.828981,52.139278,On or near Blacksmith Lane,E01029907,Babergh 001C,Anti-social behaviour,,
d645f583d5b6831eb931ad2fc25b6fb5024ac01e0e1a2ac4b6f7b25ea97242a4,2026-02,Suffolk Constabulary,Suffolk Constabulary,0.897727,52.087380,On or near Park/Open Space,E01029907,Babergh 001C,Other theft,Investigation complete; no suspect identified,
6dd5097c1a13e5128092d5c725bfbedeba765b5aee30e37b01cd425ef9697b61,2026-02,Suffolk Constabulary,Suffolk Constabulary,0.789564,52.158951,On or near Howe Lane,E01029907,Babergh 001C,Violence and sexual offences,Unable to prosecute suspect,
5280d44d7f937d1782da12ffc26ed208a21790df4820564de06a57c5fd6799ce,2026-02,Suffolk Constabulary,Suffolk Constabulary,0.836525,52.091019,On or near Milden Road,E01029907,Babergh 001C,Violence and sexual offences,Unable to prosecute suspect,
35673555848ca4b575d08bd4bd3e1e3025b93fddaac15b22de6b8b7b2edfb41d,2026-02,Suffolk Constabulary,Suffolk Constabulary,0.871464,52.091936,On or near The Street,E01029907,Babergh 001C,Violence and sexual offences,Unable to prosecute suspect,
e8b1bdaaa8ebe3b3bba372e343aef6e44b154652842e80d3f4b928c6474dd593,2026-02,Suffolk Constabulary,Suffolk Constabulary,0.706366,52.159937,On or near Hartest Lane,E01029881,Babergh 002A,Possession of weapons,Unable to prosecute suspect,
9d478a9bf544bd0f330427c4074f47a5fea10b4553db2cf25d521979914d170f,2026-02,Suffolk Constabulary,Suffolk Constabulary,0.706366,52.159937,On or near Hartest Lane,E01029881,Babergh 002A,Violence and sexual offences,Unable to prosecute suspect,
a74809569bb771b5bd5eb8bb2800059c884ffc4a4e45c662c2217c70a6461d1c,2026-02,Suffolk Constabulary,Suffolk Constabulary,0.675750,52.137317,On or near The Row,E01029881,Babergh 002A,Violence and sexual offences,Unable to prosecute suspect,
d4211c8967b6e3f789f02703c7ba03f2a65a4459a1a8712b7716b67b9ed8cf2a,2026-02,Suffolk Constabulary,Suffolk Constabulary,0.717820,52.157146,On or near Harrow Green,E01029881,Babergh 002A,Violence and sexual offences,Unable to prosecute suspect,
52b4731ea416697a3740802a6b28b3f1cc948042f73467ed90b50f159e666197,2026-02,Suffolk Constabulary,Suffolk Constabulary,0.717284,52.129388,On or near Aveley Lane,E01029881,Babergh 002A,Violence and sexual offences,Unable to prosecute suspect,
aaa4e313aaf57ab13582206a9ed3c80753b12f8dc84ba7344ff7d36fd0e252ce,2026-02,Suffolk Constabulary,Suffolk Constabulary,0.717284,52.129388,On or near Aveley Lane,E01029881,Babergh 002A,Other crime,Investigation complete; no suspect identified,
f31d1c6dcf12dafd8917070f793b61cd15f9799499d8f6197aed544fa99c5792,2026-02,Suffolk Constabulary,Suffolk Constabulary,0.668441,52.093049,On or near New Cut,E01029884,Babergh 002B,Possession of weapons,Unable to prosecute suspect,
50c648839f992af4dfe236d3a62dd7bd944be812d52947bdab83cd3948dbdafd,2026-02,Suffolk Constabulary,Suffolk Constabulary,0.668441,52.093049,On or near New Cut,E01029884,Babergh 002B,Possession of weapons,Unable to prosecute suspect,
85097b0f946d9023cb94d36ab96be79db493660a31066dabc18ed3cf8890c7f6,2026-02,Suffolk Constabulary,Suffolk Constabulary,0.667190,52.105838,On or near Crownfield Road,E01029884,Babergh 002B,Violence and sexual offences,Awaiting court outcome,
b16f27447deac531bfc16ffe41ab686f926c68d719a5aa2abb68070f588bb2d3,2026-02,Suffolk Constabulary,Suffolk Constabulary,0.670954,52.102605,On or near Third Avenue,E01029884,Babergh 002B,Violence and sexual offences,Under investigation,
82a8e42a3c7802c4191f5a37efb5f1145dac2b61a250b47241eaaea6cf32c1d4,2026-02,Suffolk Constabulary,Suffolk Constabulary,0.669748,52.105627,On or near Brook Street,E01029884,Babergh 002B,Violence and sexual offences,Under investigation,
ffdd2f74302eb799803a74abec2ccf7db9d2e816139eab52748940f959f9d5a2,2026-02,Suffolk Constabulary,Suffolk Constabulary,0.667022,52.102541,On or near Lion Road,E01029884,Babergh 002B,Violence and sexual offences,Investigation complete; no suspect identified,
839e2c3e2a66f6d34184ce6d9141459c699373abc81a0a809258e78673da2cc5,2026-02,Suffolk Constabulary,Suffolk Constabulary,0.730083,52.099011,On or near Parking Area,E01029900,Babergh 003A,Criminal damage and arson,Awaiting court outcome,
2c2a8d4d73502edc42adc7911893cd3621faaa18630a3473688be4775f7773ec,2026-02,Suffolk Constabulary,Suffolk Constabulary,0.745803,52.122657,On or near Church Lane,E01029900,Babergh 003A,Public order,Unable to prosecute suspect,
7cdb3e36dd065be8b6a3e8364f1faeeda1b9269bf7e62230f6e7aff20dcd8023,2026-02,Suffolk Constabulary,Suffolk Constabulary,0.730545,52.078613,On or near Braithwaite Road,E01029900,Babergh 003A,Violence and sexual offences,Unable to prosecute suspect,
e9423c0f52737c05cbce097f87c9893c65e5a2b2f37ff10d013d1be2321f6303,2026-02,Suffolk Constabulary,Suffolk Constabulary,0.715688,52.075988,On or near The Spinney,E01029901,Babergh 003B,Burglary,Investigation complete; no suspect identified,
3601f5f0ee2c344cf93878e5556f0508cbbeb86e25786acfeec8aa0c44ea3e6c,2026-02,Suffolk Constabulary,Suffolk Constabulary,0.709347,52.062618,On or near Ropers Lane,E01029901,Babergh 003B,Violence and sexual offences,Under investigation,
a2502b70713eb0fae73243f1dd3e5283cefd83f62a01819574f89813fe5a5f64,2026-02,Suffolk Constabulary,Suffolk Constabulary,0.715737,52.070304,On or near Southgate Gardens,E01029901,Babergh 003B,Violence and sexual offences,Unable to prosecute suspect,
cfc53c55f776bf6290ec9aded5bdc02154cff71aa96420cd2a7bfadf48f88b47,2026-02,Suffolk Constabulary,Suffolk Constabulary,0.715737,52.070304,On or near Southgate Gardens,E01029901,Babergh 003B,Violence and sexual offences,Unable to prosecute suspect,
2510c55e46db7de0ba50940c24e6f43403a492bdab290b7eb9f56db8e58e9e0f,2026-02,Suffolk Constabulary,Suffolk Constabulary,0.714505,52.069235,On or near Southgate Street,E01029901,Babergh 003B,Violence and sexual offences,Unable to prosecute suspect,
a9dbeabdc8f54ad210b0c1e20622db8e35e07dbd48bcc9fe105fcaabfb13de7f,2026-02,Suffolk Constabulary,Suffolk Constabulary,0.731449,52.052305,On or near Petrol Station,E01029901,Babergh 003B,Violence and sexual offences,Investigation complete; no suspect identified,
056d7c0bfb460e44d77f3f62a4cdd2e43c22db9c547cace8a1f8e8b37946cccf,2026-02,Suffolk Constabulary,Suffolk Constabulary,0.722057,52.050175,On or near Rochester Way,E01029917,Babergh 003C,Criminal damage and arson,Investigation complete; no suspect identified,
af84a0d841e2107801156991f1c3914add754fdb19357e71d062fa033144656d,2026-02,Suffolk Constabulary,Suffolk Constabulary,0.720214,52.053923,On or near St Benedict'S Close,E01029917,Babergh 003C,Violence and sexual offences,Under investigation,
3df2e4cc1d606d6207058e2d0a3119b50a58570fa2590d27e3b45eee85f41bb4,2026-02,Suffolk Constabulary,Suffolk Constabulary,0.731312,52.048612,On or near Uplands Road,E01029917,Babergh 003C,Violence and sexual offences,Investigation complete; no suspect identified,
,2026-02,Suffolk Constabulary,Suffolk Constabulary,0.956688,52.045579,On or near Inkerman Terrace,E01029892,Babergh 004A,Anti-social behaviour,,
,2026-02,Suffolk Constabulary,Suffolk Constabulary,0.960827,52.046635,On or near Canterbury Gardens,E01029892,Babergh 004A,Anti-social behaviour,,
e8412e62721a0dfe73e2ff00a78476c18cd9dbf3e7ab0c69ec4580e1517a0ab3,2026-02,Suffolk Constabulary,Suffolk Constabulary,0.957468,52.046792,On or near Angel Street,E01029892,Babergh 004A,Criminal damage and arson,Investigation complete; no suspect identified,
7936b6ae0cb407ed4e1b3f33a22b66d3726ba456b2a0b132aa5fc7cbe6a331a7,2026-02,Suffolk Constabulary,Suffolk Constabulary,0.952065,52.046478,On or near High Street Mews,E01029892,Babergh 004A,Criminal damage and arson,Investigation complete; no suspect identified,
9e0ee1df13ccd1f8ddf5de709a91cd0c49ef65d8d9be2924a232c2a386788d8c,2026-02,Suffolk Constabulary,Suffolk Constabulary,0.953361,52.042902,On or near Market Place,E01029892,Babergh 004A,Other theft,Local resolution,
705ce0a92b83e645c7eb654076de7c6b4e3c6bdbfe554deacffca0c22db708d2,2026-02,Suffolk Constabulary,Suffolk Constabulary,0.953028,52.046705,On or near Meadows Way,E01029892,Babergh 004A,Other theft,Unable to prosecute suspect,
3fb8112557150280db757b14eb41910852b4141176201b090ae1dc2210f153ef,2026-02,Suffolk Constabulary,Suffolk Constabulary,0.954952,52.049328,On or near Supermarket,E01029892,Babergh 004A,Shoplifting,Investigation complete; no suspect identified,
85f417a28c914b008cc4fb7f0b6414d300de05d9863670dcc86bc1a870706143,2026-02,Suffolk Constabulary,Suffolk Constabulary,0.953623,52.044883,On or near Parking Area,E01029892,Babergh 004A,Shoplifting,Awaiting court outcome,
8646adc5d657d6ec3d06e5800940739eb906f4f7c4f8eb492e3e942466f2f8f3,2026-02,Suffolk Constabulary,Suffolk Constabulary,0.952634,52.047354,On or near Calais Street,E01029892,Babergh 004A,Violence and sexual offences,Action to be taken by another organisation,
f07a2aebda61b85ec86aba7cbcbace7860da1d2f2e9b971e2ef646bf2eec4ee3,2026-02,Suffolk Constabulary,Suffolk Constabulary,0.960576,52.048791,On or near Timperley Road,E01029892,Babergh 004A,Violence and sexual offences,Unable to prosecute suspect,
e2ebba5f5740ccb804f179e3a7e8fa5e09ef80d32d5e0a5690a7ced28cf32b94,2026-02,Suffolk Constabulary,Suffolk Constabulary,0.958098,52.045949,On or near Threadneedle Street,E01029892,Babergh 004A,Violence and sexual offences,Investigation complete; no suspect identified,
cd43d279b1fc763db97ea9288594d066f218439b6a56e388c9fef474f063f765,2026-02,Suffolk Constabulary,Suffolk Constabulary,0.961360,52.037709,On or near Cranworth Road,E01029894,Babergh 004C,Possession of weapons,Unable to prosecute suspect,
ec96ee5ff061cabdfb61eb720111fdda8cec634f5dbf8096cbf7f93872d147e9,2026-02,Suffolk Constabulary,Suffolk Constabulary,0.947544,52.039612,On or near Holbecks Lane,E01029895,Babergh 004D,Violence and sexual offences,Unable to prosecute suspect,
b323131431f6cea15c7c3a8bf9a078dadfe4e7b47eee12695ec7486a3b307936,2026-02,Suffolk Constabulary,Suffolk Constabulary,0.955302,52.043366,On or near Magdalen Road,E01029896,Babergh 004E,Violence and sexual offences,Unable to prosecute suspect,
3b0a27196e1dd48df71ee0913e6b33b8b35552671f7386fde4efbe33691e1f2a,2026-02,Suffolk Constabulary,Suffolk Constabulary,0.958638,52.061179,On or near Cosford Road,E01029911,Babergh 004F,Shoplifting,Investigation complete; no suspect identified,
ded8bbaea39a1e83487f1a01737990d9fa1041ca43231676cfc88d430d33ec97,2026-02,Suffolk Constabulary,Suffolk Constabulary,0.996347,52.076306,On or near Hadleigh Road,E01029911,Babergh 004F,Violence and sexual offences,Unable to prosecute suspect,
d1be204f290dd794e0cea47ab721276cd8a3891dc98954d7ada2e3bf6695f0e5,2026-02,Suffolk Constabulary,Suffolk Constabulary,1.004488,52.076477,On or near Ipswich Road,E01029911,Babergh 004F,Violence and sexual offences,Under investigation,
b3a9c68a9b69d9791d2d9328b5d1cb0adde0a9cc139cd0e83f03c968852274a5,2026-02,Suffolk Constabulary,Suffolk Constabulary,0.920121,52.055404,On or near Vale Lane,E01029911,Babergh 004F,Violence and sexual offences,Unable to prosecute suspect,
81682112993fb10cbe042e8ef162f02f851b776c11fbaf3a50f8af83416eacac,2026-02,Suffolk Constabulary,Suffolk Constabulary,0.996347,52.076306,On or near Hadleigh Road,E01029911,Babergh 004F,Violence and sexual offences,Under investigation,
f7e2dd664f832e7f33462134d98d9a2c240d455cac28281ca757669ab696f586,2026-02,Suffolk Constabulary,Suffolk Constabulary,0.996347,52.076306,On or near Hadleigh Road,E01029911,Babergh 004F,Violence and sexual offences,Under investigation,
,2026-02,Suffolk Constabulary,Suffolk Constabulary,0.970785,52.048318,On or near Emma Girling Close,E01034559,Babergh 004G,Anti-social behaviour,,
e8249661fc590dbd81d01a0beb219c07a5db3ecec2e9c3cde3e1ff768c92e252,2026-02,Suffolk Constabulary,Suffolk Constabulary,0.970785,52.048318,On or near Emma Girling Close,E01034559,Babergh 004G,Drugs,Further action is not in the public interest,
4e597268e114a88e89549fdbb37e6ee47a903dc4e2e56535144fdf67abb1b59a,2026-02,Suffolk Constabulary,Suffolk Constabulary,0.971016,52.050714,On or near Ann Strutt Close,E01034559,Babergh 004G,Violence and sexual offences,Awaiting court outcome,
2d3d0447f4057ede4bd277173b4ba9dfdc3170f7eeeb3141fe5275cabba85b87,2026-02,Suffolk Constabulary,Suffolk Constabulary,0.969352,52.050909,On or near Alice Parkins Close,E01034559,Babergh 004G,Violence and sexual offences,Under investigation,
,2026-02,Suffolk Constabulary,Suffolk Constabulary,0.948568,52.047851,On or near Corks Lane,E01034560,Babergh 004H,Anti-social behaviour,,
,2026-02,Suffolk Constabulary,Suffolk Constabulary,0.948568,52.047851,On or near Corks Lane,E01034560,Babergh 004H,Anti-social behaviour,,
90a7785199dc4bd53108ba872c07c3cf4169eaf2db460ea91f6d5f7de836e56e,2026-02,Suffolk Constabulary,Suffolk Constabulary,0.946312,52.048591,On or near Friars Road,E01034560,Babergh 004H,Burglary,Investigation complete; no suspect identified,
4fad838c52d223002a9455904802eed3fbc27f91c46afe03abacfe4b92b99997,2026-02,Suffolk Constabulary,Suffolk Constabulary,0.958359,52.050565,On or near Churchill Avenue,E01034560,Babergh 004H,Violence and sexual offences,Unable to prosecute suspect,
0716563f51e3f172c19c7ed424437dc1a29af791a0c01cc1408a09205ffe2dbf,2026-02,Suffolk Constabulary,Suffolk Constabulary,0.958359,52.050565,On or near Churchill Avenue,E01034560,Babergh 004H,Violence and sexual offences,Action to be taken by another organisation,
f33e9f088c251b80aabd496cfc2e617509f10b6e14a35888190cbe31261ec59b,2026-02,Suffolk Constabulary,Suffolk Constabulary,0.944133,52.050067,On or near Castle Road,E01034560,Babergh 004H,Other crime,Under investigation,
9a210d3872fcd41e2531aedf2d14252aa89fac95a5243a2bd467c3e46d282eaa,2026-02,Suffolk Constabulary,Suffolk Constabulary,1.065418,52.022248,On or near Folly Lane,E01029877,Babergh 005A,Criminal damage and arson,Unable to prosecute suspect,
7d90edebd4fbfba5ad754bbabd509a0f13e0570a5e5858a3c74aa45b5cadd725,2026-02,Suffolk Constabulary,Suffolk Constabulary,1.027562,52.037843,On or near Clay Hill,E01029877,Babergh 005A,Other theft,Investigation complete; no suspect identified,
20d15b6f656e6e85fcfc820fdcb19bc7bc98fd969532a984f00ed3da3c99b2b6,2026-02,Suffolk Constabulary,Suffolk Constabulary,1.082316,52.029050,On or near Sports/Recreation Area,E01029877,Babergh 005A,Other theft,Investigation complete; no suspect identified,
7a04122c20d401b5c58f7964132da9e65fbd186006537f3489a51a250d95ac4b,2026-02,Suffolk Constabulary,Suffolk Constabulary,1.065829,52.012704,On or near Parking Area,E01029877,Babergh 005A,Vehicle crime,Investigation complete; no suspect identified,
3bcfcdd1a76038e0fa671ba1f069c021455baaaba59b4db005417be1f61d4e62,2026-02,Suffolk Constabulary,Suffolk Constabulary,1.065829,52.012704,On or near Parking Area,E01029877,Babergh 005A,Vehicle crime,Investigation complete; no suspect identified,
,2026-02,Suffolk Constabulary,Suffolk Constabulary,1.133202,52.011955,On or near Valley Lane,E01029879,Babergh 005C,Anti-social behaviour,,
438fdb17df5ab906db88b400a591e4ca1f84dfb049060398b5adf12cf52e4d7e,2026-02,Suffolk Constabulary,Suffolk Constabulary,1.140911,52.022542,On or near The Street,E01029879,Babergh 005C,Burglary,Investigation complete; no suspect identified,
969e78910550a565c8d2462f0b4ce3eebc0d1fdd37120d1bb7d9785b025627a3,2026-02,Suffolk Constabulary,Suffolk Constabulary,1.084962,52.034662,On or near School Hill,E01029879,Babergh 005C,Burglary,Investigation complete; no suspect identified,
d1ce43db914a06b1e228659b5096a50977f72f65a82d0f007e33736cd54cd59c,2026-02,Suffolk Constabulary,Suffolk Constabulary,1.102723,52.047074,On or near Vale View Road,E01029879,Babergh 005C,Criminal damage and arson,Unable to prosecute suspect,
fcd8d66830f9447f560c37db0a22f1d8e24731efff014970aa1663b4e2726ade,2026-02,Suffolk Constabulary,Suffolk Constabulary,1.084962,52.034662,On or near School Hill,E01029879,Babergh 005C,Drugs,Local resolution,
122b7c17993219de5791b04a627a171f0097b38ab7fd15568d2c9442ee6e47ac,2026-02,Suffolk Constabulary,Suffolk Constabulary,1.093944,52.062298,On or near Burstall Lane,E01029879,Babergh 005C,Public order,Investigation complete; no suspect identified,
20f2020c41f0b802d2a908c2b05611fd0d74fecc2efd3859a13b8eae5858682e,2026-02,Suffolk Constabulary,Suffolk Constabulary,1.149298,52.031717,On or near Bourne Hill,E01029879,Babergh 005C,Public order,Unable to prosecute suspect,
e1b7859ae24966576e3d74ee54d073853642cade1a81e98a3f896b26c0d293e5,2026-02,Suffolk Constabulary,Suffolk Constabulary,1.149298,52.031717,On or near Bourne Hill,E01029879,Babergh 005C,Vehicle crime,Investigation complete; no suspect identified,
d0cbac968654189d24eb1c1bbf5a8140d5f4373e0ae74af4251d6609300847ca,2026-02,Suffolk Constabulary,Suffolk Constabulary,1.149298,52.031717,On or near Bourne Hill,E01029879,Babergh 005C,Vehicle crime,Investigation complete; no suspect identified,
fe53338a3f554a5782198ea58c1352b0d08aabd219aa4ad8c92c78c649e169e9,2026-02,Suffolk Constabulary,Suffolk Constabulary,1.103245,52.047654,On or near Chantry Park View,E01029879,Babergh 005C,Violence and sexual offences,Action to be taken by another organisation,
6f645887942da4ab4c7f155987dfa14a0c3952e0b0410bc0d5850b3fa27177b3,2026-02,Suffolk Constabulary,Suffolk Constabulary,1.103334,52.047256,On or near Felchurch Road,E01029879,Babergh 005C,Violence and sexual offences,Unable to prosecute suspect,
2c8cf49e9ca4138799911423ea89caeb3c1c1c64172c5659a737b8e92dd6b2aa,2026-02,Suffolk Constabulary,Suffolk Constabulary,1.103245,52.047654,On or near Chantry Park View,E01029879,Babergh 005C,Violence and sexual offences,Action to be taken by another organisation,
2a86c8e11621272f614916e0f6c47218c92aa9c548de56e21ee9df20f10f362c,2026-02,Suffolk Constabulary,Suffolk Constabulary,1.103245,52.047654,On or near Chantry Park View,E01029879,Babergh 005C,Violence and sexual offences,Action to be taken by another organisation,
4ec23c351ece819011000fe5457d25688eb4b4d96acd9f3a4fd4143935bdc5bf,2026-02,Suffolk Constabulary,Suffolk Constabulary,1.068331,52.029871,On or near Saxon Lane,E01029879,Babergh 005C,Violence and sexual offences,Unable to prosecute suspect,
bf4d387b99eb89a5aec290f292ddc5ea06d93b4b082c12c3e065c48452b14cb3,2026-02,Suffolk Constabulary,Suffolk Constabulary,1.103245,52.047654,On or near Chantry Park View,E01029879,Babergh 005C,Violence and sexual offences,Unable to prosecute suspect,
24472a7147329108a8b527d00d6937a9cab7cb05d56689815dba599bb842fea2,2026-02,Suffolk Constabulary,Suffolk Constabulary,1.122724,52.034979,On or near Brookview,E01029908,Babergh 005D,Criminal damage and arson,Local resolution,
3de9cb097751963948f1971a06bdb2414a05a0334cdb32a2618485634968609a,2026-02,Suffolk Constabulary,Suffolk Constabulary,1.109722,52.037788,On or near Belmont Road,E01029908,Babergh 005D,Violence and sexual offences,Unable to prosecute suspect,
,2026-02,Suffolk Constabulary,Suffolk Constabulary,1.107493,52.043495,On or near Bramblewood,E01029909,Babergh 005E,Anti-social behaviour,,
2e17a9594cdfd55430dbbe373fb5f60bf4183306e8498f925c386d26de1e109c,2026-02,Suffolk Constabulary,Suffolk Constabulary,1.107493,52.043495,On or near Bramblewood,E01029909,Babergh 005E,Criminal damage and arson,Investigation complete; no suspect identified,
36077620fcea07f7d0130c19e0691a59f2493d2c6dfe9b355f321cc71c3a2875,2026-02,Suffolk Constabulary,Suffolk Constabulary,1.103248,52.041385,On or near Cherry Blossom Close,E01029909,Babergh 005E,Shoplifting,Investigation complete; no suspect identified,
a9a0dbfb6eb0dfc0ad36be92aa8c191ab27f506f6a092e67004aeae8461642eb,2026-02,Suffolk Constabulary,Suffolk Constabulary,1.104098,52.044020,On or near Sports/Recreation Area,E01029909,Babergh 005E,Shoplifting,Investigation complete; no suspect identified,
adc8485b150c38e443cff13709148e64ffead8f02c938e7ef47c14d395b16610,2026-02,Suffolk Constabulary,Suffolk Constabulary,1.103248,52.041385,On or near Cherry Blossom Close,E01029909,Babergh 005E,Shoplifting,Investigation complete; no suspect identified,
9d66aab95729645ab8e802c5b3b324c357cf8037bf61d0b246e8277f34f0e676,2026-02,Suffolk Constabulary,Suffolk Constabulary,1.103248,52.041385,On or near Cherry Blossom Close,E01029909,Babergh 005E,Vehicle crime,Investigation complete; no suspect identified,
64539aa83a20bca6050806f8666b4669ce7f820c560a535838e3dd2537ca332f,2026-02,Suffolk Constabulary,Suffolk Constabulary,1.104029,52.039404,On or near Wilson Road,E01029909,Babergh 005E,Violence and sexual offences,Unable to prosecute suspect,
cf97bf48b75fe54ce6484eafcaa24555f85b7c617aec267a2537f8a392914e23,2026-02,Suffolk Constabulary,Suffolk Constabulary,1.104029,52.039404,On or near Wilson Road,E01029909,Babergh 005E,Violence and sexual offences,Unable to prosecute suspect,
774f5dfe1e307b9fc0baa635e92eff3e2203fa3f61764517510c292ea1b3eb05,2026-02,Suffolk Constabulary,Suffolk Constabulary,1.107493,52.043495,On or near Bramblewood,E01029909,Babergh 005E,Violence and sexual offences,Under investigation,
e1056bc60381aa15f99f970edace3cd603d2776f4875b981e4626bf85a8f3005,2026-02,Suffolk Constabulary,Suffolk Constabulary,1.104029,52.039404,On or near Wilson Road,E01029909,Babergh 005E,Violence and sexual offences,Unable to prosecute suspect,
6baa210e415d5a2e23375bf862a8f222adbaaa8abfd7b688e3fc69ccdfd6c3fa,2026-02,Suffolk Constabulary,Suffolk Constabulary,1.102291,52.038946,On or near Oldfield Road,E01029909,Babergh 005E,Violence and sexual offences,Investigation complete; no suspect identified,
1e5364324ae2a6bdca9b9a8b928e83a8eef945ba47f4fb8f39e3515a0b269f95,2026-02,Suffolk Constabulary,Suffolk Constabulary,1.102786,52.040399,On or near Greenspire Grove,E01029910,Babergh 005F,Criminal damage and arson,Investigation complete; no suspect identified,
fee2d86aa1e2148be6bf4927f973aa2795ac7e0fdbe7ae0e08eb8f5cec2a90d0,2026-02,Suffolk Constabulary,Suffolk Constabulary,1.102786,52.040399,On or near Greenspire Grove,E01029910,Babergh 005F,Public order,Unable to prosecute suspect,
bf095c4002b0c4c78927ce019948624b6a855aaa90ad8cd046283c28a227b1b9,2026-02,Suffolk Constabulary,Suffolk Constabulary,1.102786,52.040399,On or near Greenspire Grove,E01029910,Babergh 005F,Shoplifting,Investigation complete; no suspect identified,
75c1fe29a54cd332afa52bf52f3ca65444ee30ab60697260f11a26fc95746f6d,2026-02,Suffolk Constabulary,Suffolk Constabulary,1.102786,52.040399,On or near Greenspire Grove,E01029910,Babergh 005F,Shoplifting,Investigation complete; no suspect identified,
f08b7181a294cdeef7a9b5afeb2eb3b76efafbdef4c7e5b197c4ad890695e9c9,2026-02,Suffolk Constabulary,Suffolk Constabulary,1.110296,52.038501,On or near Pin Mill Close,E01029910,Babergh 005F,Violence and sexual offences,Awaiting court outcome,
67e48381b171a90010d747eb8f31eb6a348766450c59ff1b356dccfc8ac74df8,2026-02,Suffolk Constabulary,Suffolk Constabulary,1.111776,52.039235,On or near Woolverstone Close,E01029910,Babergh 005F,Violence and sexual offences,Action to be taken by another organisation,
1492a6569f5ceec3a6dd1b951204f58c94099c4e32794a705b71876f7ecbe038,2026-02,Suffolk Constabulary,Suffolk Constabulary,0.778115,51.974016,On or near Apple Tree Mews,E01029880,Babergh 006A,Criminal damage and arson,Unable to prosecute suspect,
7dbf932849560a8c550cb4f4aa0fce7d5a68662cade4b9cbf574d7e183ab9e09,2026-02,Suffolk Constabulary,Suffolk Constabulary,0.777750,51.972585,On or near Pikes Marsh,E01029880,Babergh 006A,Violence and sexual offences,Unable to prosecute suspect,
fc0b25c7ffe79f35ec859c555962b778744012fab8f24d41ded4fd6434ed747d,2026-02,Suffolk Constabulary,Suffolk Constabulary,0.777750,51.972585,On or near Pikes Marsh,E01029880,Babergh 006A,Violence and sexual offences,Unable to prosecute suspect,
91658c126d158c05c462bed0fa8c5e18bda0d11479e5f65abec3b48a21fa776d,2026-02,Suffolk Constabulary,Suffolk Constabulary,0.772582,52.053421,On or near Carbonels,E01029921,Babergh 006B,Criminal damage and arson,Investigation complete; no suspect identified,
953378c4a328cb04215345d826dc9cc91b8b349b356e56f6c08ede4a70aa8e38,2026-02,Suffolk Constabulary,Suffolk Constabulary,0.753120,52.045559,On or near Church Field Road,E01029921,Babergh 006B,Vehicle crime,Unable to prosecute suspect,
a9a5dd64980095e2dd7b2df1a977cf440339b802f81942f14a59e33f9591dbd2,2026-02,Suffolk Constabulary,Suffolk Constabulary,0.748825,52.051397,On or near St Mary'S Close,E01029921,Babergh 006B,Violence and sexual offences,Unable to prosecute suspect,
8bbfd375dfe4c95cc97b83e81810ad787ec106f878305b05fc7cc4bdd965e1a9,2026-02,Suffolk Constabulary,Suffolk Constabulary,0.776649,52.055969,On or near Chapel Close,E01029921,Babergh 006B,Violence and sexual offences,Under investigation,
9a44b8b2e6757908544ef4e8b32d896021361f4afbad51f83f17ad136b48068e,2026-02,Suffolk Constabulary,Suffolk Constabulary,0.801958,52.071306,On or near Croft Lea,E01029922,Babergh 006C,Violence and sexual offences,Unable to prosecute suspect,
e28bd497f527c658dbb44a20e2570b34b57adccec4417f380036f5c7799ecfad,2026-02,Suffolk Constabulary,Suffolk Constabulary,0.778724,52.056496,On or near Badleys Close,E01029922,Babergh 006C,Violence and sexual offences,Local resolution,
b8f2fb515ce4b57e92d0452c796d5ae35f6641d63563fb74f17fc0f577fb1255,2026-02,Suffolk Constabulary,Suffolk Constabulary,0.782126,52.056767,On or near Overing Avenue,E01029922,Babergh 006C,Violence and sexual offences,Action to be taken by another organisation,
32ebe97b097abadd6d39ad12744d4cb376e71f644d3825aad9c318f897060b9b,2026-02,Suffolk Constabulary,Suffolk Constabulary,0.782126,52.056767,On or near Overing Avenue,E01029922,Babergh 006C,Violence and sexual offences,Under investigation,
8b8b5541e68b69fe132cbcba6e25ae3260ce52666ccfcae2b5ed737a841e9b5a,2026-02,Suffolk Constabulary,Suffolk Constabulary,0.763771,52.071624,On or near Tots Gardens,E01029923,Babergh 006D,Criminal damage and arson,Unable to prosecute suspect,
0e1179f22c559b4764ba0de509e97c2a49e2cac2e4decc2774c2062fc99a3da3,2026-02,Suffolk Constabulary,Suffolk Constabulary,0.759217,52.067818,On or near Tamage Road,E01029923,Babergh 006D,Violence and sexual offences,Awaiting court outcome,
e7bfa1ced63df58f700215cba1701f7d2492500af295b7ac140657a25bdcc6bf,2026-02,Suffolk Constabulary,Suffolk Constabulary,0.762937,52.071104,On or near Gotsfield Close,E01029923,Babergh 006D,Violence and sexual offences,Action to be taken by another organisation,
9b3597a175ca367bf7d81b125da027a56f0ee5091f87bfb41bb614acd376833e,2026-02,Suffolk Constabulary,Suffolk Constabulary,0.761094,52.067496,On or near Canon Pugh Drive,E01029923,Babergh 006D,Violence and sexual offences,Under investigation,
27c8f72a0f0c116840297964a03ea9c99784a0d0704a31200130259e3bc4d7cd,2026-02,Suffolk Constabulary,Suffolk Constabulary,0.759217,52.067818,On or near Tamage Road,E01029923,Babergh 006D,Violence and sexual offences,Awaiting court outcome,
,2026-02,Suffolk Constabulary,Suffolk Constabulary,0.732483,52.041031,On or near Newman'S Road,E01029912,Babergh 007A,Anti-social behaviour,,
,2026-02,Suffolk Constabulary,Suffolk Constabulary,0.734043,52.039834,On or near Cavendish Way,E01029912,Babergh 007A,Anti-social behaviour,,
64aaebd6514744bdeab05b4ca9f3b9b80a16677ad4a0e7865c6ca7d12090a144,2026-02,Suffolk Constabulary,Suffolk Constabulary,0.734124,52.041883,On or near Upper East Street,E01029912,Babergh 007A,Criminal damage and arson,Under investigation,
b138a45e1ad1811339f528fd9a1ba37a1c9785f063f249355a94a61e8448262a,2026-02,Suffolk Constabulary,Suffolk Constabulary,0.734043,52.039834,On or near Cavendish Way,E01029912,Babergh 007A,Criminal damage and arson,Investigation complete; no suspect identified,
d898b548f6701e578a2ae372a089466b934c634cbd4ce0abb2290c447afb9029,2026-02,Suffolk Constabulary,Suffolk Constabulary,0.733134,52.040233,On or near East Street,E01029912,Babergh 007A,Drugs,Local resolution,
503b7ea493ca3883c4113a659c86ccac0b105ad72f26e8341fb05b50a1f7351e,2026-02,Suffolk Constabulary,Suffolk Constabulary,0.734043,52.039834,On or near Cavendish Way,E01029912,Babergh 007A,Other theft,Unable to prosecute suspect,
c40a11bb5299a5a316c054527a2bc2a9243f895ed15ba8434db576431f4c1e4f,2026-02,Suffolk Constabulary,Suffolk Constabulary,0.734240,52.042815,On or near Police Station,E01029912,Babergh 007A,Robbery,Unable to prosecute suspect,
374dc7cf8bf3cd7878919b000a78191f1d95c5c1db74509e1394256eec81e8e5,2026-02,Suffolk Constabulary,Suffolk Constabulary,0.742971,52.046794,On or near First Avenue,E01029912,Babergh 007A,Vehicle crime,Unable to prosecute suspect,
3ae8002605a29a3d1fdf8fcb9bfc3a17ad5822ebdeff26d1d5f168ec87ad77d9,2026-02,Suffolk Constabulary,Suffolk Constabulary,0.742971,52.046794,On or near First Avenue,E01029912,Babergh 007A,Violence and sexual offences,Unable to prosecute suspect,
c94d939edc4cb4e51e7c87589ec2f6ad559865255feae71b0ccada9ea0917f4a,2026-02,Suffolk Constabulary,Suffolk Constabulary,0.734043,52.039834,On or near Cavendish Way,E01029912,Babergh 007A,Violence and sexual offences,Unable to prosecute suspect,
0ed6d6128e579f5f346f71481c032451298e07440678779b4d6bbe92850bdaea,2026-02,Suffolk Constabulary,Suffolk Constabulary,0.739883,52.049006,On or near Essex Avenue,E01029912,Babergh 007A,Violence and sexual offences,Action to be taken by another organisation,
3b589a3bfd85ab67ce2fac4f25423b52621eab934a4b079e98c718eaee2063a6,2026-02,Suffolk Constabulary,Suffolk Constabulary,0.739883,52.049006,On or near Essex Avenue,E01029912,Babergh 007A,Violence and sexual offences,Unable to prosecute suspect,
562cfcecbeb0d4aba8841cdb3e0ae7dd3a5a7d934c513f4b9c69481d2b0544a2,2026-02,Suffolk Constabulary,Suffolk Constabulary,0.734124,52.041883,On or near Upper East Street,E01029912,Babergh 007A,Violence and sexual offences,Unable to prosecute suspect,
0c216a426f04e1d2ad89f2e801a4ef713ae87fafa314049cebf812da76228cf6,2026-02,Suffolk Constabulary,Suffolk Constabulary,0.737358,52.045153,On or near Paul Earee Parkway,E01029912,Babergh 007A,Other crime,Unable to prosecute suspect,
409614058c368b0c5bfc275c8252fc0866c34ad3a5873e91d885b4b418c98ea1,2026-02,Suffolk Constabulary,Suffolk Constabulary,0.751286,52.044208,On or near Northern Road,E01029913,Babergh 007B,Other theft,Investigation complete; no suspect identified,
49e040a33a697337d80477587fea454bde7ef395b2d492c60773d2a962b30dda,2026-02,Suffolk Constabulary,Suffolk Constabulary,0.751286,52.044208,On or near Northern Road,E01029913,Babergh 007B,Violence and sexual offences,Unable to prosecute suspect,
5817ef6cd729e9a7c30b81e9d7b901aea8745a3ece3f7cfa51ba712719847125,2026-02,Suffolk Constabulary,Suffolk Constabulary,0.734996,52.038958,On or near Belle Vue Road,E01029913,Babergh 007B,Violence and sexual offences,Unable to prosecute suspect,
02fe1315fac38c2bf48b69f4a117bc14464d9ada0998c52f9cd04475982fb9dd,2026-02,Suffolk Constabulary,Suffolk Constabulary,0.742107,52.049593,On or near Raleigh Close,E01029914,Babergh 007C,Criminal damage and arson,Investigation complete; no suspect identified,
c81cda2e281846d45692e1cd19db492d64a97bffba17cbaa5ae1d64cecf4b87b,2026-02,Suffolk Constabulary,Suffolk Constabulary,0.739092,52.050617,On or near Grenville Road,E01029914,Babergh 007C,Drugs,Local resolution,
bf8a344e9c6ea3ef4b67f1247d106c843d861c151738292f39ee1b3ba4a7dbad,2026-02,Suffolk Constabulary,Suffolk Constabulary,0.743387,52.050247,On or near The Hawthorns,E01029914,Babergh 007C,Other theft,Unable to prosecute suspect,
dbb4465c6e2ea12b00567308a53bd116432ac08c2900f4270868ed45a5f7c2a5,2026-02,Suffolk Constabulary,Suffolk Constabulary,0.745925,52.049531,On or near Aubrey Drive,E01029914,Babergh 007C,Violence and sexual offences,Unable to prosecute suspect,
01c6b437b51c440f00cd18f257721aa35c890b506c27b6139870c0d34a9838f1,2026-02,Suffolk Constabulary,Suffolk Constabulary,0.737268,52.049652,On or near Talbot Road,E01029914,Babergh 007C,Violence and sexual offences,Unable to prosecute suspect,
ac313432018c8f527a5522b00cdf98e9b586a9f9253c91bc679ea05cef41858e,2026-02,Suffolk Constabulary,Suffolk Constabulary,0.740785,52.049912,On or near Acton Lane,E01029914,Babergh 007C,Violence and sexual offences,Under investigation,
3c1c9320e3baec4fdb76d1c35d0450a3517ccbe8d29dbe6cec17e8e2f8d800bd,2026-02,Suffolk Constabulary,Suffolk Constabulary,0.745925,52.049531,On or near Aubrey Drive,E01029914,Babergh 007C,Violence and sexual offences,Unable to prosecute suspect,
0f767a2c0cd0429822fb1f7800989a3ea534212675e1bca1801428b44a33c983,2026-02,Suffolk Constabulary,Suffolk Constabulary,0.737268,52.049652,On or near Talbot Road,E01029914,Babergh 007C,Violence and sexual offences,Unable to prosecute suspect,
4ca252a17724d3b71862a6ca1ef302162981c6e28775f73fd6d341c9bc53cf25,2026-02,Suffolk Constabulary,Suffolk Constabulary,0.743262,52.048928,On or near Beatty Road,E01029914,Babergh 007C,Violence and sexual offences,Unable to prosecute suspect,
916e4907440b17265700954261492c1fcac2da1d587f421ebe6f8d008e0b24bd,2026-02,Suffolk Constabulary,Suffolk Constabulary,0.739092,52.050617,On or near Grenville Road,E01029914,Babergh 007C,Violence and sexual offences,Unable to prosecute suspect,
249062a6c1a791581f8cee846a87d49a289e6910dbdb40e6b544fa88bc652654,2026-02,Suffolk Constabulary,Suffolk Constabulary,0.745925,52.049531,On or near Aubrey Drive,E01029914,Babergh 007C,Violence and sexual offences,Unable to prosecute suspect,
23b27a5578e222ea03d143eef44464b1c8399c39a84824d8590f3315652d3a23,2026-02,Suffolk Constabulary,Suffolk Constabulary,0.744573,52.048897,On or near Drake Road,E01029914,Babergh 007C,Violence and sexual offences,Unable to prosecute suspect,
44cfd6bf8f6a02c4a41bdb20eeeb18ec54827ebdc7010f1fdeb34f87d58ba19d,2026-02,Suffolk Constabulary,Suffolk Constabulary,0.740785,52.049912,On or near Acton Lane,E01029914,Babergh 007C,Violence and sexual offences,Unable to prosecute suspect,
969f9d788c63bf646825c476b3dfacf59a969dacbb373d64e4da5cef502795a3,2026-02,Suffolk Constabulary,Suffolk Constabulary,0.730955,52.046597,On or near Woodhall Close,E01029915,Babergh 007D,Other theft,Investigation complete; no suspect identified,
ee8da2878fa087542659cb66703485314d3f8b271294a44f72088a317e1cf4ae,2026-02,Suffolk Constabulary,Suffolk Constabulary,0.726986,52.041770,On or near Beaconsfield Road,E01029915,Babergh 007D,Violence and sexual offences,Further investigation is not in the public interest,
761da2ab97f4edff9631901b664f1e2e7f07c8d7eb3216d1fec8c6d6aebba473,2026-02,Suffolk Constabulary,Suffolk Constabulary,0.733262,52.043288,On or near Jubilee Road,E01029915,Babergh 007D,Violence and sexual offences,Under investigation,
1bfecb8b9ee15e60f09d6dd886c3238e8a7b92bd4b19d813a44aacb88d02cd39,2026-02,Suffolk Constabulary,Suffolk Constabulary,0.726986,52.041770,On or near Beaconsfield Road,E01029915,Babergh 007D,Violence and sexual offences,Investigation complete; no suspect identified,
25c41d747013323817587d8d589d6e6d5610b81d4a5d911e79fc13e51f4b08ba,2026-02,Suffolk Constabulary,Suffolk Constabulary,0.730955,52.046597,On or near Woodhall Close,E01029915,Babergh 007D,Violence and sexual offences,Unable to prosecute suspect,
68f1eca50160706ba0905a1f0d7efac7860553fbf3ddebd9ab386a7b7a728176,2026-02,Suffolk Constabulary,Suffolk Constabulary,0.730963,52.043845,On or near York Road,E01029916,Babergh 007E,Drugs,Under investigation,
32535bb59995fa5b6ecbeb66d5393f670878e94c887689d026ff7baafb288711,2026-02,Suffolk Constabulary,Suffolk Constabulary,0.729725,52.049629,On or near Churchill Drive,E01029916,Babergh 007E,Other theft,Investigation complete; no suspect identified,
13cb68ae20405185d4ed83fc284db5292f7e963c86419fc6d90073029119d59e,2026-02,Suffolk Constabulary,Suffolk Constabulary,0.732760,52.048201,On or near Hitchcock Place,E01029916,Babergh 007E,Public order,Unable to prosecute suspect,
02425a521b717e381f725829b7e6ef8bf2802901f6016751d6e06b615acca12d,2026-02,Suffolk Constabulary,Suffolk Constabulary,0.732760,52.048201,On or near Hitchcock Place,E01029916,Babergh 007E,Violence and sexual offences,Unable to prosecute suspect,
8bf019c885528732a7d4908083617a95e4888db542c2d912a169a5825a79954e,2026-02,Suffolk Constabulary,Suffolk Constabulary,0.739581,52.051226,On or near Mountbatten Close,E01029916,Babergh 007E,Violence and sexual offences,Under investigation,
4c109cc286f18b2a77e84a2f0fd98a2d5268ad33bca70c845431d1ef59f9168c,2026-02,Suffolk Constabulary,Suffolk Constabulary,0.739581,52.051226,On or near Mountbatten Close,E01029916,Babergh 007E,Violence and sexual offences,Unable to prosecute suspect,
7eac7aa6deda782e0ac6c4e3d4fc8cfa05a2e5763d4f59c2e18822295f057ff3,2026-02,Suffolk Constabulary,Suffolk Constabulary,0.739581,52.051226,On or near Mountbatten Close,E01029916,Babergh 007E,Other crime,Further investigation is not in the public interest,
,2026-02,Suffolk Constabulary,Suffolk Constabulary,0.735348,52.037079,On or near Petrol Station,E01029918,Babergh 007F,Anti-social behaviour,,
,2026-02,Suffolk Constabulary,Suffolk Constabulary,0.732271,52.037564,On or near Hamilton Road,E01029918,Babergh 007F,Anti-social behaviour,,
,2026-02,Suffolk Constabulary,Suffolk Constabulary,0.732271,52.037564,On or near Hamilton Road,E01029918,Babergh 007F,Anti-social behaviour,,
c16a29b68cbe30962a19d69bc14ddbc0acde0108200d1edffdaa6024be5ebb36,2026-02,Suffolk Constabulary,Suffolk Constabulary,0.732271,52.037564,On or near Hamilton Road,E01029918,Babergh 007F,Criminal damage and arson,Investigation complete; no suspect identified,
3b340947769fc430279a33bb268fba3007917ff7c86fd823b997a3cadaff7909,2026-02,Suffolk Constabulary,Suffolk Constabulary,0.732271,52.037564,On or near Hamilton Road,E01029918,Babergh 007F,Criminal damage and arson,Investigation complete; no suspect identified,
310eb6025fa611a34dc7de7f66e62368bc0ba1007e5eea61579ac70829cc4495,2026-02,Suffolk Constabulary,Suffolk Constabulary,0.732271,52.037564,On or near Hamilton Road,E01029918,Babergh 007F,Criminal damage and arson,Investigation complete; no suspect identified,
135170c2fd5b0831c8498be101249342c8188531850bffd5d7f53f0dbd306197,2026-02,Suffolk Constabulary,Suffolk Constabulary,0.737672,52.036459,On or near Cornard Road,E01029918,Babergh 007F,Drugs,Further action is not in the public interest,
d66f96cfb76e26dfcf36312d32d09129c797d269fc38b8b4e5f19d23c445242d,2026-02,Suffolk Constabulary,Suffolk Constabulary,0.732853,52.036103,On or near Parking Area,E01029918,Babergh 007F,Drugs,Local resolution,
aa28f28a51c7dbf6f0d2125522289a54ce87465b0ec3bc24cdca96dd1d1b44c3,2026-02,Suffolk Constabulary,Suffolk Constabulary,0.734903,52.036001,On or near Parking Area,E01029918,Babergh 007F,Drugs,Local resolution,
7a389f85f60c85312b63479f2706d642409cc5ba595c125ffb5a22cef7f3e4b2,2026-02,Suffolk Constabulary,Suffolk Constabulary,0.732271,52.037564,On or near Hamilton Road,E01029918,Babergh 007F,Public order,Under investigation,
049878912892085754ec58befe016df9a90975a75d00418e3dd26459c9eecde6,2026-02,Suffolk Constabulary,Suffolk Constabulary,0.734903,52.036001,On or near Parking Area,E01029918,Babergh 007F,Public order,Unable to prosecute suspect,
0e07571f43cf9c85902e4f8ce20beb3d3c1da2ef21b6d0462d649db41fcb68c0,2026-02,Suffolk Constabulary,Suffolk Constabulary,0.732853,52.036103,On or near Parking Area,E01029918,Babergh 007F,Public order,Unable to prosecute suspect,
dc5bc021878a26c7f95cf4caf1c9eb7c9ce5f628a68afed4e2a5c5c1b92e3ad1,2026-02,Suffolk Constabulary,Suffolk Constabulary,0.737672,52.036459,On or near Cornard Road,E01029918,Babergh 007F,Violence and sexual offences,Awaiting court outcome,
44455dc07518bde146c88c932a163652a33cee08ffd98fa346a11e42636dc4c4,2026-02,Suffolk Constabulary,Suffolk Constabulary,0.732225,52.036810,On or near Station Road,E01029918,Babergh 007F,Violence and sexual offences,Unable to prosecute suspect,
15f514b2f95f6245ecc57a1df6294c314db787730fd524efa0ce3f0e55dcee26,2026-02,Suffolk Constabulary,Suffolk Constabulary,0.735348,52.037079,On or near Petrol Station,E01029918,Babergh 007F,Violence and sexual offences,Investigation complete; no suspect identified,
f23135d5cf06ab0f95002cd6d08419f2ea07c0468f0fe092891695b8333812e3,2026-02,Suffolk Constabulary,Suffolk Constabulary,0.745187,52.036787,On or near Cat'S Lane,E01029918,Babergh 007F,Violence and sexual offences,Investigation complete; no suspect identified,
a014a056dc72c99f8ff9a370ecd422de3d28177562b6c6c7dd58d11935264730,2026-02,Suffolk Constabulary,Suffolk Constabulary,0.735348,52.037079,On or near Petrol Station,E01029918,Babergh 007F,Violence and sexual offences,Unable to prosecute suspect,
e57c541105bc015a4898c996c41a9c17b984e3320a0320699e5996ef5847fffd,2026-02,Suffolk Constabulary,Suffolk Constabulary,0.745438,52.038256,On or near Hillside Road,E01029918,Babergh 007F,Other crime,Local resolution,
e965f8789dc0e8980d7356f425b18bcc90984fa783a62c92b9c53661bf8793f1,2026-02,Suffolk Constabulary,Suffolk Constabulary,0.725726,52.037842,On or near Parking Area,E01029919,Babergh 007G,Burglary,Unable to prosecute suspect,
f366d828fe38b7132fe829b6aa412377adb1f6c0f4662b55de1fe8115fb1b9b7,2026-02,Suffolk Constabulary,Suffolk Constabulary,0.725726,52.037842,On or near Parking Area,E01029919,Babergh 007G,Burglary,Investigation complete; no suspect identified,
1ab9d6637b380a5828c9882e63cd64e5ce03980361d8072c5e0594fba0877eb1,2026-02,Suffolk Constabulary,Suffolk Constabulary,0.722094,52.036154,On or near Cross Street,E01029919,Babergh 007G,Violence and sexual offences,Investigation complete; no suspect identified,
a784afd34757a31cbcab99ba16156e06ade820738a06f64266cbba2d015976b5,2026-02,Suffolk Constabulary,Suffolk Constabulary,0.722094,52.036154,On or near Cross Street,E01029919,Babergh 007G,Violence and sexual offences,Unable to prosecute suspect,
1e8f14f6c26917e3f09e64ca989bc44d534d2a177605e00a35958c0f89e867dc,2026-02,Suffolk Constabulary,Suffolk Constabulary,0.725115,52.040509,On or near St Gregory'S Court,E01029919,Babergh 007G,Violence and sexual offences,Unable to prosecute suspect,
,2026-02,Suffolk Constabulary,Suffolk Constabulary,0.728261,52.039240,On or near Weavers Lane,E01029920,Babergh 007H,Anti-social behaviour,,
,2026-02,Suffolk Constabulary,Suffolk Constabulary,0.730363,52.038319,On or near Market Hill,E01029920,Babergh 007H,Anti-social behaviour,,
,2026-02,Suffolk Constabulary,Suffolk Constabulary,0.732140,52.041632,On or near Queens Close,E01029920,Babergh 007H,Anti-social behaviour,,
1ad57d83abc381b453a6116e9648d23fceff91c62de604b6f445b43528c8103e,2026-02,Suffolk Constabulary,Suffolk Constabulary,0.729783,52.039564,On or near Gaol Lane,E01029920,Babergh 007H,Criminal damage and arson,Investigation complete; no suspect identified,
ef8f9322eca6cac5f9504757504114b0cf9f146f29ef957d2b5f2753f1332eaf,2026-02,Suffolk Constabulary,Suffolk Constabulary,0.729123,52.039022,On or near Burkitts Lane,E01029920,Babergh 007H,Criminal damage and arson,Investigation complete; no suspect identified,
e4058e0eb016c59b66fe97db3d0eb9123a67f009e4438f1ddd08a7793d5fd211,2026-02,Suffolk Constabulary,Suffolk Constabulary,0.729123,52.039022,On or near Burkitts Lane,E01029920,Babergh 007H,Criminal damage and arson,Unable to prosecute suspect,
976e1cffaf414ca517df43929eea3d47e1c5add78a179b9a2abd66652dcb8773,2026-02,Suffolk Constabulary,Suffolk Constabulary,0.732140,52.041632,On or near Queens Close,E01029920,Babergh 007H,Criminal damage and arson,Unable to prosecute suspect,
8ba97d5de3def60be75a50cb62a41958caeeec77e30dc02e34673f507b333a47,2026-02,Suffolk Constabulary,Suffolk Constabulary,0.724122,52.035451,On or near Blackfriars,E01029920,Babergh 007H,Other theft,Under investigation,
556d6e7d8794f555bcec2a71aac2513813d7d28a3dc0dd0826fefa6ee8c17186,2026-02,Suffolk Constabulary,Suffolk Constabulary,0.728580,52.040402,On or near Inkerman Row,E01029920,Babergh 007H,Other theft,Unable to prosecute suspect,
e0de8fbf15b4293dafc2be871f63620b38da5a8033d1f24cde5e8bb90f898ba7,2026-02,Suffolk Constabulary,Suffolk Constabulary,0.730078,52.041536,On or near A131,E01029920,Babergh 007H,Other theft,Investigation complete; no suspect identified,
77425e7afdb91720e3c6f8ae2124b7d9439e5fc692b7c9cbf9b4db512e026a03,2026-02,Suffolk Constabulary,Suffolk Constabulary,0.731570,52.041852,On or near Suffolk Road,E01029920,Babergh 007H,Other theft,Investigation complete; no suspect identified,
378fb7f58ca3f3db2281d829c86ccf4f384d45bee1cd398927976bc71085de31,2026-02,Suffolk Constabulary,Suffolk Constabulary,0.731414,52.040246,On or near Parking Area,E01029920,Babergh 007H,Possession of weapons,Unable to prosecute suspect,
c0a1b768d62295a78a38de59b93a6ad4a5c75279355e071a28785edaf999e435,2026-02,Suffolk Constabulary,Suffolk Constabulary,0.729677,52.042116,On or near Supermarket,E01029920,Babergh 007H,Possession of weapons,Under investigation,
382d49a44c2146bbeed0b90708bbcafe828e289b91a54f5f4663502fe55cff94,2026-02,Suffolk Constabulary,Suffolk Constabulary,0.730363,52.038319,On or near Market Hill,E01029920,Babergh 007H,Public order,Unable to prosecute suspect,
a3366e323ecbe941a9ef327136e6fb07022d5817ba13b145c80f44c88bc73cd6,2026-02,Suffolk Constabulary,Suffolk Constabulary,0.729677,52.042116,On or near Supermarket,E01029920,Babergh 007H,Public order,Unable to prosecute suspect,
a6ec08c28c9bf1b0f0a43f29fb52e6501622c92495a5e287a697508feb5a4be0,2026-02,Suffolk Constabulary,Suffolk Constabulary,0.732584,52.039589,On or near Nightclub,E01029920,Babergh 007H,Public order,Unable to prosecute suspect,
7e7591cd946cf470d20f5b234ddc72e4d59dcc3320e50aaba42f6b3c0990d4ca,2026-02,Suffolk Constabulary,Suffolk Constabulary,0.729677,52.042116,On or near Supermarket,E01029920,Babergh 007H,Shoplifting,Awaiting court outcome,
52c9c842731ba70519ba49d2a41fb3c5104d7beaa38c9e8034d691bea4dd19a6,2026-02,Suffolk Constabulary,Suffolk Constabulary,0.731336,52.036102,On or near Edgworth Road,E01029920,Babergh 007H,Shoplifting,Awaiting court outcome,
ab6af1835825319126c56041f313220662e46cd9bd17d7adb3226bb5fdf2c2dc,2026-02,Suffolk Constabulary,Suffolk Constabulary,0.730363,52.038319,On or near Market Hill,E01029920,Babergh 007H,Violence and sexual offences,Unable to prosecute suspect,
c7db52c26b9a61a243326e5c3548dcbc6b880ebb040b84643ab3919ee04c805b,2026-02,Suffolk Constabulary,Suffolk Constabulary,0.729677,52.042116,On or near Supermarket,E01029920,Babergh 007H,Violence and sexual offences,Unable to prosecute suspect,
6db4d99f915066ff46c6690440d316a9e2aa893f62d910b5d3f81a763d7cafd4,2026-02,Suffolk Constabulary,Suffolk Constabulary,0.728118,52.041680,On or near Gainsborough Road,E01029920,Babergh 007H,Violence and sexual offences,Unable to prosecute suspect,
e2cb1f344eb8b33ff809bfa401db369a5cc1973da229af282e2d831fcc2662d2,2026-02,Suffolk Constabulary,Suffolk Constabulary,0.729677,52.042116,On or near Supermarket,E01029920,Babergh 007H,Violence and sexual offences,Under investigation,
49e8b4cd55e18d6de7d935f4d9355e9cbb22b27b50e88299868b665d880edb55,2026-02,Suffolk Constabulary,Suffolk Constabulary,0.724122,52.035451,On or near Blackfriars,E01029920,Babergh 007H,Violence and sexual offences,Unable to prosecute suspect,
e567fcc4f841cce66ab8124c3418413bbd3bd1f2ba4fb3bb0e6ff5a034d24f35,2026-02,Suffolk Constabulary,Suffolk Constabulary,0.726547,52.039109,On or near Gregory Street,E01029920,Babergh 007H,Violence and sexual offences,Unable to prosecute suspect,
56a6566b33458519fab2e2dd44a0464dc8fdaa21ea1f8128fd176c9449210c6d,2026-02,Suffolk Constabulary,Suffolk Constabulary,0.728261,52.039240,On or near Weavers Lane,E01029920,Babergh 007H,Violence and sexual offences,Investigation complete; no suspect identified,
a331ec593f3c6af51a46f2d89b1b10ad7bd49b3c8f1844ecfeff0a19e353fec0,2026-02,Suffolk Constabulary,Suffolk Constabulary,0.730865,52.036742,On or near Hyde Road,E01029920,Babergh 007H,Violence and sexual offences,Unable to prosecute suspect,
08b40dc21043008375cc4095e9ce8e1d81dd817d41a0925a8d0ee7c94b242d43,2026-02,Suffolk Constabulary,Suffolk Constabulary,0.724619,52.039783,On or near Alan Phillips Way,E01029920,Babergh 007H,Violence and sexual offences,Unable to prosecute suspect,
7b49e9fb894d18c684341c108ba511a0b11e0123e29c77c042365dc7c47ebc26,2026-02,Suffolk Constabulary,Suffolk Constabulary,0.724619,52.039783,On or near Alan Phillips Way,E01029920,Babergh 007H,Violence and sexual offences,Unable to prosecute suspect,
1372ade92df00091f79faabbe589805c0568e4328c0300e6d5f9e5cd0c48d3f2,2026-02,Suffolk Constabulary,Suffolk Constabulary,0.726547,52.039109,On or near Gregory Street,E01029920,Babergh 007H,Violence and sexual offences,Unable to prosecute suspect,
5b765366aec3507de2f69c0b650d842acbbc17922136a055be77316922979b80,2026-02,Suffolk Constabulary,Suffolk Constabulary,0.724122,52.035451,On or near Blackfriars,E01029920,Babergh 007H,Violence and sexual offences,Unable to prosecute suspect,
ff8d4909235c929a67335273dde18e875ea383e0122d709b18df2308f3f3ef36,2026-02,Suffolk Constabulary,Suffolk Constabulary,0.729677,52.042116,On or near Supermarket,E01029920,Babergh 007H,Violence and sexual offences,Unable to prosecute suspect,
6283d9bbf302e461fa64fd7eee44af5f5c76c1aa16b56d21a297fd2b428e075f,2026-02,Suffolk Constabulary,Suffolk Constabulary,0.730020,52.040827,On or near North Street,E01029920,Babergh 007H,Violence and sexual offences,Under investigation,
f1744347c763d07f804c02bf4381f3ad1087ce8450d07a6da8e46c5345d6eccc,2026-02,Suffolk Constabulary,Suffolk Constabulary,0.727475,52.039987,On or near Church Walk,E01029920,Babergh 007H,Violence and sexual offences,Under investigation,
27df804a9fd0429e620cd0e7945474a1f7013d34faf2c52e16dbb6cd3bbb6aff,2026-02,Suffolk Constabulary,Suffolk Constabulary,0.730363,52.038319,On or near Market Hill,E01029920,Babergh 007H,Violence and sexual offences,Investigation complete; no suspect identified,
9c195e3e7c2bfb7c812251aed7b2820b686eba223254b19fa8dccea0e8fa90e1,2026-02,Suffolk Constabulary,Suffolk Constabulary,0.729701,52.036787,On or near Redhouse Lane,E01029920,Babergh 007H,Violence and sexual offences,Action to be taken by another organisation,
c3971040525b55bd96b9e8d307c10ee4a06dac7e4ba3d640a493e2052aac1b04,2026-02,Suffolk Constabulary,Suffolk Constabulary,0.747928,52.035581,On or near Cherrytree Road,E01029886,Babergh 008A,Public order,Unable to prosecute suspect,
859f68e5c5ce213b9f3dc58589e35294bd793943a6cee0e6efb9662e94f593bb,2026-02,Suffolk Constabulary,Suffolk Constabulary,0.748605,52.034747,On or near Poplar Road,E01029886,Babergh 008A,Violence and sexual offences,Unable to prosecute suspect,
8f95944d32e4ecdb552868845cf68dd9a0d8f1283b59fddd77b874fdde9f1751,2026-02,Suffolk Constabulary,Suffolk Constabulary,0.747928,52.035581,On or near Cherrytree Road,E01029886,Babergh 008A,Violence and sexual offences,Awaiting court outcome,
d8d6df714098952ad9581166da52b9661899e00f244faca1a03b58d4ffa31c1a,2026-02,Suffolk Constabulary,Suffolk Constabulary,0.748466,52.033896,On or near Butt Road,E01029886,Babergh 008A,Violence and sexual offences,Unable to prosecute suspect,
f285710b6d6790699d3cb7159fd3d04a80988012eb34f0d016a1b1dea2154930,2026-02,Suffolk Constabulary,Suffolk Constabulary,0.745669,52.027036,On or near Phillips Field Road,E01029887,Babergh 008B,Criminal damage and arson,Investigation complete; no suspect identified,
31aaa98160d2486eddd86facc15cd75eb1bd267c4d31a23f15635fc1af06d502,2026-02,Suffolk Constabulary,Suffolk Constabulary,0.751989,52.031664,On or near Sparrow Road,E01029887,Babergh 008B,Drugs,Awaiting court outcome,
c8051dc962cf18871f9475ef291ca44300c537fb199703efbbb5632287f059a1,2026-02,Suffolk Constabulary,Suffolk Constabulary,0.755212,52.029071,On or near Canhams Road,E01029887,Babergh 008B,Shoplifting,Investigation complete; no suspect identified,
5ce2b4344ca47cf146d9babc60e5e59472fc70c9ba4f5105a9d0dd867b1e53a0,2026-02,Suffolk Constabulary,Suffolk Constabulary,0.751048,52.028691,On or near Recreation Walk,E01029887,Babergh 008B,Violence and sexual offences,Unable to prosecute suspect,
428ed67ddb342cfda7233c8e0fcb788deb5b241a7b6b165ef73fa98bc1b40430,2026-02,Suffolk Constabulary,Suffolk Constabulary,0.755405,52.030082,On or near The Drift,E01029887,Babergh 008B,Violence and sexual offences,Unable to prosecute suspect,
e82bbc5dc9ba33cb30d895180ab4f95c3815366ad2f54a24eae96c997079d94f,2026-02,Suffolk Constabulary,Suffolk Constabulary,0.755405,52.030082,On or near The Drift,E01029887,Babergh 008B,Violence and sexual offences,Unable to prosecute suspect,
,2026-02,Suffolk Constabulary,Suffolk Constabulary,0.750233,52.035374,On or near Sycamore Road,E01029888,Babergh 008C,Anti-social behaviour,,
460f8f151a16ef24e7d5266c59c5bd12230f030696227d0a953c69204f593254,2026-02,Suffolk Constabulary,Suffolk Constabulary,0.750233,52.035374,On or near Sycamore Road,E01029888,Babergh 008C,Criminal damage and arson,Unable to prosecute suspect,
9b9f900e5a5d44f1ea5f15a5f63b6d4ffac1a29d28bf292e72c38adce89ea570,2026-02,Suffolk Constabulary,Suffolk Constabulary,0.748412,52.036820,On or near Hawthorn Road,E01029888,Babergh 008C,Public order,Unable to prosecute suspect,
e6fb8e1904b5d597c2d790100e82d50e24e368276b89534bfac1714947da7dc4,2026-02,Suffolk Constabulary,Suffolk Constabulary,0.747477,52.037750,On or near Rye Hill,E01029888,Babergh 008C,Violence and sexual offences,Under investigation,
b86a958bc5a8191b180919eb3f8664ac43f8ccae13ea69b58ec6bd263fcc6169,2026-02,Suffolk Constabulary,Suffolk Constabulary,0.750233,52.035374,On or near Sycamore Road,E01029888,Babergh 008C,Violence and sexual offences,Action to be taken by another organisation,
,2026-02,Suffolk Constabulary,Suffolk Constabulary,0.755200,52.033379,On or near Raydon Way,E01029889,Babergh 008D,Anti-social behaviour,,
743372daa7e4dfae7d93e02ce0bad05f9cd1354c8dd333b48217095575c58a3f,2026-02,Suffolk Constabulary,Suffolk Constabulary,0.755840,52.030279,On or near Supermarket,E01029889,Babergh 008D,Shoplifting,Investigation complete; no suspect identified,
04712d0e1b469e9a336a1d06bd1149eb2b8a17fc7fa819bfb675b32201a5e1e4,2026-02,Suffolk Constabulary,Suffolk Constabulary,0.755840,52.030279,On or near Supermarket,E01029889,Babergh 008D,Shoplifting,Investigation complete; no suspect identified,
1cf2c1dbc633c95301f1227f60a9bb96fed7a23decd77a246848830ae9d5ed87,2026-02,Suffolk Constabulary,Suffolk Constabulary,0.755432,52.030756,On or near Clover Court,E01029889,Babergh 008D,Violence and sexual offences,Unable to prosecute suspect,
107094ca6eec9798c86d3d4bcf93c2e0a0b8305eaf0fff23ad8657b2d87fbea3,2026-02,Suffolk Constabulary,Suffolk Constabulary,0.755200,52.033379,On or near Raydon Way,E01029889,Babergh 008D,Violence and sexual offences,Unable to prosecute suspect,
94981e11efce228ccc20d8b1c05f64fa2da62941ef5d38890a2211888b8a5492,2026-02,Suffolk Constabulary,Suffolk Constabulary,0.761024,52.030877,On or near Sheepshead Hill,E01029889,Babergh 008D,Violence and sexual offences,Investigation complete; no suspect identified,
3a2a034ac0165252b1a23e8de50621170884f0d34cd25cd8ab6764914a2ca62f,2026-02,Suffolk Constabulary,Suffolk Constabulary,0.761024,52.030877,On or near Sheepshead Hill,E01029889,Babergh 008D,Violence and sexual offences,Action to be taken by another organisation,
c57122ad4a86ba259cb225cb156d3ad318a24586fc42bcae5e897f716c11a1f3,2026-02,Suffolk Constabulary,Suffolk Constabulary,0.756881,52.031082,On or near Minsmere Way,E01029889,Babergh 008D,Other crime,Unable to prosecute suspect,
70987034ae226027d6c37f76a684549795b2d281b506fa7e4007d5d4df9ed855,2026-02,Suffolk Constabulary,Suffolk Constabulary,0.759866,52.029357,On or near De Greys Close,E01029890,Babergh 008E,Drugs,Awaiting court outcome,
9629b0f820be7b4ec30f11ad6847feaa1b0c52c2f048f3aee4169d97a3a95659,2026-02,Suffolk Constabulary,Suffolk Constabulary,0.768327,52.020238,On or near Prospect Hill,E01029890,Babergh 008E,Violence and sexual offences,Unable to prosecute suspect,
9e91381a319e75b7aecf52b6bdfc092bce28a13c7762e646e6ef2b0612e498de,2026-02,Suffolk Constabulary,Suffolk Constabulary,0.750781,52.026476,On or near Nursery Road,E01029891,Babergh 008F,Criminal damage and arson,Investigation complete; no suspect identified,
72d269119cbfa430cd1844c9f8a41dfca9f4ed82d888895c935a992f343a95d0,2026-02,Suffolk Constabulary,Suffolk Constabulary,0.750781,52.026476,On or near Nursery Road,E01029891,Babergh 008F,Violence and sexual offences,Unable to prosecute suspect,
9f53aca17796d3b5619e6d5ca07fcafd67a4064608b714616a9527f67165158e,2026-02,Suffolk Constabulary,Suffolk Constabulary,0.746234,52.021519,On or near Bures Road,E01029891,Babergh 008F,Violence and sexual offences,Unable to prosecute suspect,
89bbf0693c2749cab07f569732030ff01e17e8ff2dc40df63fdbef108af662fc,2026-02,Suffolk Constabulary,Suffolk Constabulary,0.750781,52.026476,On or near Nursery Road,E01029891,Babergh 008F,Violence and sexual offences,Unable to prosecute suspect,
f01efcbcebcf30ffb33deadd0b8d4c4878b04b18bb5b89c40180737fbec4893f,2026-02,Suffolk Constabulary,Suffolk Constabulary,0.746234,52.021519,On or near Bures Road,E01029891,Babergh 008F,Violence and sexual offences,Further action is not in the public interest,
078c4e6fe21fa0fa753712914603fb337cdcc5930465b6007ab520175b5ec41b,2026-02,Suffolk Constabulary,Suffolk Constabulary,0.757016,52.026169,On or near Guy Cook Close,E01029891,Babergh 008F,Violence and sexual offences,Under investigation,
b2fe925b1313c8bef2162759c4e2b357e81509fec46ff292fbdf55245d689573,2026-02,Suffolk Constabulary,Suffolk Constabulary,0.750781,52.026476,On or near Nursery Road,E01029891,Babergh 008F,Violence and sexual offences,Under investigation,
5aa153eef3c6f9808e82bd4baca833d928100a344eebc1009d4d2900faffe3a5,2026-02,Suffolk Constabulary,Suffolk Constabulary,0.750781,52.026476,On or near Nursery Road,E01029891,Babergh 008F,Violence and sexual offences,Unable to prosecute suspect,
adb5dc8e7852407a6474fbab759d3266cff9789b2b46fc01b3349b7d5d4a44c9,2026-02,Suffolk Constabulary,Suffolk Constabulary,0.746234,52.021519,On or near Bures Road,E01029891,Babergh 008F,Violence and sexual offences,Further action is not in the public interest,
92d78b53f7d8d8b3fda3cfbbd07bffae7b42d11301606be5052bcb0a0eefb00b,2026-02,Suffolk Constabulary,Suffolk Constabulary,0.746234,52.021519,On or near Bures Road,E01029891,Babergh 008F,Violence and sexual offences,Unable to prosecute suspect,
6d374f1f98b70f3909d2ea8cb6f8511274f2b305dffb38bbc41fc6cb07a31edf,2026-02,Suffolk Constabulary,Suffolk Constabulary,0.750781,52.026476,On or near Nursery Road,E01029891,Babergh 008F,Violence and sexual offences,Unable to prosecute suspect,
f246be8e7dad565500583c1082d4e9197cda05281c68939fe03e945ab378e9d9,2026-02,Suffolk Constabulary,Suffolk Constabulary,0.750781,52.026476,On or near Nursery Road,E01029891,Babergh 008F,Violence and sexual offences,Action to be taken by another organisation,
94bd5b297b0aec9b236323e20b695b34be731509e1553a003d3b2867932150d4,2026-02,Suffolk Constabulary,Suffolk Constabulary,0.750781,52.026476,On or near Nursery Road,E01029891,Babergh 008F,Violence and sexual offences,Action to be taken by another organisation,
52e667365b658ac15ba94e4941536d030f593648df45720528df136723a2cfbd,2026-02,Suffolk Constabulary,Suffolk Constabulary,0.866503,52.027304,On or near Station Field,E01029875,Babergh 009A,Burglary,Investigation complete; no suspect identified,
ce5dc381decac09735416ee431f21ba08d623bfe6541b48a1503afac594140e6,2026-02,Suffolk Constabulary,Suffolk Constabulary,0.854011,52.031925,On or near Sherbourne Street,E01029875,Babergh 009A,Burglary,Investigation complete; no suspect identified,
57fb641e518a423b0a40dd412919b3d0aa907f342dd17c040aafbbc460da3e83,2026-02,Suffolk Constabulary,Suffolk Constabulary,0.870552,52.024732,On or near Roylands Lane,E01029875,Babergh 009A,Public order,Investigation complete; no suspect identified,
6d4cdb3a2e0e126fddb2fdfaa880a62ed02e28ec44fae3b7d3ba8bcf04da722e,2026-02,Suffolk Constabulary,Suffolk Constabulary,0.881935,52.075906,On or near Sheepden Lane,E01029875,Babergh 009A,Violence and sexual offences,Unable to prosecute suspect,
0398a3b5500764b4b7b864fbfd5771d24e7e396696cf26fe996e7ec1128b9781,2026-02,Suffolk Constabulary,Suffolk Constabulary,0.862179,52.028992,On or near Petrol Station,E01029875,Babergh 009A,Violence and sexual offences,Action to be taken by another organisation,
1edeb85b02486710a8fda0765aea42f1414aac28c2ed6b9c9f8041f48eebae54,2026-02,Suffolk Constabulary,Suffolk Constabulary,0.885098,52.066340,On or near Church Road,E01029875,Babergh 009A,Violence and sexual offences,Under investigation,
7d329dac3f4c08471221fd0bd0041726c1144e7c2f075c82cff7cb34e66fd78a,2026-02,Suffolk Constabulary,Suffolk Constabulary,0.881935,52.075906,On or near Sheepden Lane,E01029875,Babergh 009A,Violence and sexual offences,Unable to prosecute suspect,
cf6c3aaca0577fe78ed555ad8ae4650f4bb1dfe42ea138525ca6a07fc1945cf2,2026-02,Suffolk Constabulary,Suffolk Constabulary,0.817541,52.007532,On or near Meadow Way,E01029899,Babergh 009B,Burglary,Investigation complete; no suspect identified,
f982793d31c2312844180bde5b7f1a6787a5fea594f872b6161f2c503f34f8a8,2026-02,Suffolk Constabulary,Suffolk Constabulary,0.816132,52.002214,On or near Sports/Recreation Area,E01029899,Babergh 009B,Public order,Under investigation,
f304fbd198063df5df5d0f11d1ac7fd1ed02384f41e89fd9658e15de121caebb,2026-02,Suffolk Constabulary,Suffolk Constabulary,0.817970,52.009716,On or near Warner Rise,E01029899,Babergh 009B,Vehicle crime,Investigation complete; no suspect identified,
93f6da39ef1f5023d5809060240cb43e0a0b63779a8148a2217444229c474eb0,2026-02,Suffolk Constabulary,Suffolk Constabulary,0.836870,51.991950,On or near Wrights Way,E01029899,Babergh 009B,Violence and sexual offences,Unable to prosecute suspect,
4bccff29fe84d3b0f72557f190d07cd902a83e146c9f79d8a7192fda18f325d3,2026-02,Suffolk Constabulary,Suffolk Constabulary,0.849356,52.000920,On or near Oaklands,E01029899,Babergh 009B,Violence and sexual offences,Unable to prosecute suspect,
71c6023333b5727c51584e89a1a172877bc3d0da0bbc1b9676eda831aae46f66,2026-02,Suffolk Constabulary,Suffolk Constabulary,0.836870,51.991950,On or near Wrights Way,E01029899,Babergh 009B,Violence and sexual offences,Awaiting court outcome,
5f0539bc820314b0d19cf23ff1031f355a9ed271c4afe0fd4aa637973e6f7a0d,2026-02,Suffolk Constabulary,Suffolk Constabulary,0.812598,51.990518,On or near Wemsey'S Lane,E01029899,Babergh 009B,Violence and sexual offences,Unable to prosecute suspect,
,2026-02,Suffolk Constabulary,Suffolk Constabulary,0.940008,52.023234,On or near Rands Road,E01029902,Babergh 009C,Anti-social behaviour,,
dc0b97aeeacb54a904cc3abdacb1796b4bd334be24769650254fddaf54530a9b,2026-02,Suffolk Constabulary,Suffolk Constabulary,0.961455,51.980472,On or near Higham Road,E01029902,Babergh 009C,Burglary,Investigation complete; no suspect identified,
b8a32677be12dd0e007e7194a6b17ab540cd4066cba08c314e43fbaeda16607e,2026-02,Suffolk Constabulary,Suffolk Constabulary,0.966214,52.002216,On or near Sulleys Hill,E01029902,Babergh 009C,Criminal damage and arson,Unable to prosecute suspect,
30685276828ce9e203137b394ecffd03d227a25fae9acdf2784b100bc3dd5b1f,2026-02,Suffolk Constabulary,Suffolk Constabulary,0.900307,52.006502,On or near Polstead Hill,E01029902,Babergh 009C,Other theft,Investigation complete; no suspect identified,
be62db82a0f4d89dd892b869b6c0af847d1ad3556e8caab251a1acbf05ab7122,2026-02,Suffolk Constabulary,Suffolk Constabulary,0.966214,52.002216,On or near Sulleys Hill,E01029902,Babergh 009C,Public order,Unable to prosecute suspect,
c147ffcabe1bc9deb4b3e82952d69233fa6f12f8b8f087d562a0816da53e2576,2026-02,Suffolk Constabulary,Suffolk Constabulary,0.972909,51.981433,On or near Green Lane,E01029902,Babergh 009C,Violence and sexual offences,Investigation complete; no suspect identified,
9b3710ff86011748d498cf01641408bab1bfc2807ab4a524731cb1a98a2b2c72,2026-02,Suffolk Constabulary,Suffolk Constabulary,0.966214,52.002216,On or near Sulleys Hill,E01029902,Babergh 009C,Violence and sexual offences,Unable to prosecute suspect,
a299d2ca9393cf8503205637d5d6386ae8e15ad6d2aa0b93d39457de6730a9e8,2026-02,Suffolk Constabulary,Suffolk Constabulary,0.968704,52.024862,On or near Old Orchard,E01029902,Babergh 009C,Violence and sexual offences,Under investigation,
b3724ddd97ef9b4de18fa09399fe96b2463f90c19bfbe77633d7418828cf9eb7,2026-02,Suffolk Constabulary,Suffolk Constabulary,0.966214,52.002216,On or near Sulleys Hill,E01029902,Babergh 009C,Violence and sexual offences,Unable to prosecute suspect,
3080ab9e9b8f698d0c79a6b525c091e48654495df4dc9902d13a6ced204d8af1,2026-02,Suffolk Constabulary,Suffolk Constabulary,0.966214,52.002216,On or near Sulleys Hill,E01029902,Babergh 009C,Violence and sexual offences,Unable to prosecute suspect,
6ac40755061b011653a3c0c5aabf7acc110dea8d92620232eb230d907662032f,2026-02,Suffolk Constabulary,Suffolk Constabulary,0.966214,52.002216,On or near Sulleys Hill,E01029902,Babergh 009C,Violence and sexual offences,Unable to prosecute suspect,
0d8020c2f5b3b2e227b5315846f50a1634c35f0d22398fb90e7eff504b252e03,2026-02,Suffolk Constabulary,Suffolk Constabulary,0.966214,52.002216,On or near Sulleys Hill,E01029902,Babergh 009C,Violence and sexual offences,Unable to prosecute suspect,
8aaf792f77b45ed1a911fab16f6449d932da9bfc03f3578ed6feb836a8c34e72,2026-02,Suffolk Constabulary,Suffolk Constabulary,0.966214,52.002216,On or near Sulleys Hill,E01029902,Babergh 009C,Violence and sexual offences,Unable to prosecute suspect,
0477619a2002a955ff1e0ca93cfce178f4dc19ec624efcc80602e59cf065e996,2026-02,Suffolk Constabulary,Suffolk Constabulary,0.936516,51.994857,On or near Chapel Lane,E01029906,Babergh 009D,Burglary,Investigation complete; no suspect identified,
c34593185d706d80ad38b82a09771736070a352a31f5437b7787527531cb212c,2026-02,Suffolk Constabulary,Suffolk Constabulary,0.868374,51.972246,On or near Bear Street,E01029906,Babergh 009D,Criminal damage and arson,Investigation complete; no suspect identified,
d7398190b8fee924b943b774193d4de090d1535627874587e3fe37dac08de3fc,2026-02,Suffolk Constabulary,Suffolk Constabulary,0.869772,51.972931,On or near Parker'S Way,E01029906,Babergh 009D,Criminal damage and arson,Investigation complete; no suspect identified,
d49c0c0b0df0c083ca06369b9eaf9642b8f7f960ab55cbd22f300727a7075462,2026-02,Suffolk Constabulary,Suffolk Constabulary,1.066375,51.960589,On or near Brooklands Road,E01029870,Babergh 010A,Other theft,Unable to prosecute suspect,
3cab0f3faa22403aea5a856c6c57d5504b65fa3df2a9bfc311cefcddfe0bf07d,2026-02,Suffolk Constabulary,Suffolk Constabulary,1.066375,51.960589,On or near Brooklands Road,E01029870,Babergh 010A,Violence and sexual offences,Unable to prosecute suspect,
b286997de6a0bac368d3e9d4281fd7bc7a6ef0eea9eb3ca631775246cefd2630,2026-02,Suffolk Constabulary,Suffolk Constabulary,1.063870,51.961859,On or near Palfrey Heights,E01029870,Babergh 010A,Other crime,Further investigation is not in the public interest,
a47d2f66fbc4273d667e200bd392e32b689b491b1a68adb5b48f2b7c4da1905d,2026-02,Suffolk Constabulary,Suffolk Constabulary,1.014240,51.976820,On or near Fiddlers Close,E01029882,Babergh 010C,Burglary,Investigation complete; no suspect identified,
d15bb23f8591adee49a547cc2ac5d3eefebe56e9d0b3c06a64be1603b0e16eba,2026-02,Suffolk Constabulary,Suffolk Constabulary,1.013149,51.979663,On or near Foxhall Close,E01029882,Babergh 010C,Criminal damage and arson,Investigation complete; no suspect identified,
7082fc5dc8c04fd26f3f78b07459da60c39c7521579507fb2d9981ad93cacf90,2026-02,Suffolk Constabulary,Suffolk Constabulary,1.014743,51.977158,On or near Fiddlers Lane,E01029882,Babergh 010C,Violence and sexual offences,Action to be taken by another organisation,
c81e831c632ff1cafd5c7a182e44a8291eb634fdea1a41a5cb1f59951f30a103,2026-02,Suffolk Constabulary,Suffolk Constabulary,1.013845,51.978530,On or near Foxhall Fields,E01029882,Babergh 010C,Violence and sexual offences,Unable to prosecute suspect,
842d865a1e932f6ad7cc5114872e664f9eea0d18649151f19277881f5cb54dbe,2026-02,Suffolk Constabulary,Suffolk Constabulary,1.013149,51.979663,On or near Foxhall Close,E01029882,Babergh 010C,Violence and sexual offences,Unable to prosecute suspect,
d357397f68633b29aa9edd42128c1c846e5386f3e38e5925b84fb4215796a347,2026-02,Suffolk Constabulary,Suffolk Constabulary,1.013149,51.979663,On or near Foxhall Close,E01029882,Babergh 010C,Violence and sexual offences,Unable to prosecute suspect,
37bff10c0ed63b7ee6a82cbfd8acc687b55ceaa7d7ed1138412c343c9624a727,2026-02,Suffolk Constabulary,Suffolk Constabulary,1.013149,51.979663,On or near Foxhall Close,E01029882,Babergh 010C,Violence and sexual offences,Unable to prosecute suspect,
3e7e1073629c4bcc7134db4c7354e687fba39f11c2755f88747da4dc0fb29f0b,2026-02,Suffolk Constabulary,Suffolk Constabulary,1.014743,51.977158,On or near Fiddlers Lane,E01029882,Babergh 010C,Violence and sexual offences,Action to be taken by another organisation,
facdd7e8745f5449a6db76b0768948fca17f96ca61532045c7d0f51344fbaf36,2026-02,Suffolk Constabulary,Suffolk Constabulary,1.074614,51.989271,On or near Grove Road,E01029883,Babergh 010D,Burglary,Investigation complete; no suspect identified,
c88cc24256a78eb921d974082279aa94dc1e01cb95ca72f583e9cba1f5a0d6c9,2026-02,Suffolk Constabulary,Suffolk Constabulary,1.057456,52.003485,On or near Petrol Station,E01029903,Babergh 010E,Other theft,Unable to prosecute suspect,
25c9305b19990c40de788d27c993bdd0c5d6b540c53688fa145d3aa05c0dbbc0,2026-02,Suffolk Constabulary,Suffolk Constabulary,1.057456,52.003485,On or near Petrol Station,E01029903,Babergh 010E,Other theft,Local resolution,
39b9a02ca583e74e7d0fc130e35eda56c39e9200c4d9236bfd823060d130374d,2026-02,Suffolk Constabulary,Suffolk Constabulary,1.053613,52.002193,On or near White Horse Road,E01029903,Babergh 010E,Violence and sexual offences,Unable to prosecute suspect,
b000dc755cb6db673d1ff703e8092f9554b5373078f79c201855dcf6a80ddde3,2026-02,Suffolk Constabulary,Suffolk Constabulary,1.040163,51.993808,On or near Old London Road,E01029903,Babergh 010E,Other crime,Further investigation is not in the public interest,
4bd2fd678fe990ce06b35f42136a220412f8b07419176d949498569547679a40,2026-02,Suffolk Constabulary,Suffolk Constabulary,1.034392,52.004975,On or near Windmill Hill,E01029904,Babergh 010F,Drugs,Awaiting court outcome,
dd80d86a7a3ac80a0a42763fbd3b39718d536223f687795648b3de1288641876,2026-02,Suffolk Constabulary,Suffolk Constabulary,1.050064,52.003796,On or near Supermarket,E01029904,Babergh 010F,Other theft,Investigation complete; no suspect identified,
9d948484d6e3ea82c3b4357f633a65453a818ace039318ac5abf4ed56c90788b,2026-02,Suffolk Constabulary,Suffolk Constabulary,1.034392,52.004975,On or near Windmill Hill,E01029904,Babergh 010F,Public order,Unable to prosecute suspect,
85356d298f48873a944a7e446c0086ed00f8de2246695b3cd7ea99859363627e,2026-02,Suffolk Constabulary,Suffolk Constabulary,1.055094,52.002964,On or near The Old Street,E01029904,Babergh 010F,Shoplifting,Investigation complete; no suspect identified,
0113dd6336fa0f45e85d6f864eb8bd1b8ac98a2f3e339b0c100ab597299164c9,2026-02,Suffolk Constabulary,Suffolk Constabulary,1.051080,52.002654,On or near Elm Lane,E01029904,Babergh 010F,Violence and sexual offences,Awaiting court outcome,
b1e4c3282edb20831692685b36e3d03e58a13a7ebfacc4fb8750aed3f820a225,2026-02,Suffolk Constabulary,Suffolk Constabulary,1.034392,52.004975,On or near Windmill Hill,E01029904,Babergh 010F,Violence and sexual offences,Unable to prosecute suspect,
908ee9ae19f18711c5a0f75b7c2a436be775f1ba639aeabe1f05e15655a33517,2026-02,Suffolk Constabulary,Suffolk Constabulary,0.987235,51.974989,On or near Parking Area,E01029905,Babergh 010G,Violence and sexual offences,Under investigation,
c7f0e06e757c3db5e46173ddab9c9bef1a757f13ebe0cd335bb5e333b358f67d,2026-02,Suffolk Constabulary,Suffolk Constabulary,1.250101,51.968581,On or near Queensland,E01029873,Babergh 011B,Public order,Unable to prosecute suspect,
dd6cdf898e546a8e69af26ca0e27d76c94e26edbac65d2417bdb73fd3135969c,2026-02,Suffolk Constabulary,Suffolk Constabulary,1.248064,51.967792,On or near Parking Area,E01029873,Babergh 011B,Violence and sexual offences,Local resolution,
ef7e808aaec6f1dbb8cb5eaf1f05335dfdc5e369360c0334a9ad1a7da6c5adc9,2026-02,Suffolk Constabulary,Suffolk Constabulary,1.248064,51.967792,On or near Parking Area,E01029873,Babergh 011B,Violence and sexual offences,Unable to prosecute suspect,
01b9114ed04b72420ba00a6b0354f6d17b72c4ac4230576aedea8be2f2ab0f6d,2026-02,Suffolk Constabulary,Suffolk Constabulary,1.175608,52.002778,On or near Harkstead Lane,E01029873,Babergh 011B,Violence and sexual offences,Unable to prosecute suspect,
3e1443bfafc8b285a5c29b92b44acf6cb7c953dee5d82de3a3a80080f7852b8e,2026-02,Suffolk Constabulary,Suffolk Constabulary,1.180356,52.002542,On or near Main Road,E01029873,Babergh 011B,Violence and sexual offences,Under investigation,
5a7031d88ca085fba42679f35970a5f715c6cfc73119a8b453afe1bfbde3fe67,2026-02,Suffolk Constabulary,Suffolk Constabulary,1.248064,51.967792,On or near Parking Area,E01029873,Babergh 011B,Violence and sexual offences,Action to be taken by another organisation,
afd7a9e3a34b38c549da889f8c01d2b3d5920aac0775f7bca0979cab324d917f,2026-02,Suffolk Constabulary,Suffolk Constabulary,1.204606,51.992773,On or near Church Lane,E01029873,Babergh 011B,Violence and sexual offences,Unable to prosecute suspect,
dd56414bc0f2bf8de6c4c4f1349684b0fda996c45f7cfeca64a678b53cacd682,2026-02,Suffolk Constabulary,Suffolk Constabulary,1.245687,51.969755,On or near Chapel Fields,E01029873,Babergh 011B,Violence and sexual offences,Offender given a caution,
f862ab6852f7137528e2d14c4f9747370a6350d03d676a5bb2b7502f6ffb7b0b,2026-02,Suffolk Constabulary,Suffolk Constabulary,1.267827,51.961839,On or near Gate Farm Road,E01029874,Babergh 011C,Burglary,Investigation complete; no suspect identified,
cffc098ed041d2db1fa991defe1f2df8d5b9a76465a01799b40a488981e61ee2,2026-02,Suffolk Constabulary,Suffolk Constabulary,1.265320,51.960802,On or near Tudor Close,E01029874,Babergh 011C,Criminal damage and arson,Investigation complete; no suspect identified,
134de0eacb3df2e3c06fe7405e416f261a1216666f7a6e3d7d19d8b34a46ddb4,2026-02,Suffolk Constabulary,Suffolk Constabulary,1.265937,51.957673,On or near Lower Harlings,E01029874,Babergh 011C,Other theft,Investigation complete; no suspect identified,
2b2fd5373a25d39f04dc668a54c2344d4c846e505e5c265915343dbed1f1c535,2026-02,Suffolk Constabulary,Suffolk Constabulary,1.266649,51.956457,On or near Estuary Road,E01029874,Babergh 011C,Violence and sexual offences,Unable to prosecute suspect,
eedfb9e79793485f889ed7549d9c9b1c5820c416af11e58717c14c1a8b3e359f,2026-02,Suffolk Constabulary,Suffolk Constabulary,1.156329,51.985145,On or near Supermarket,E01029897,Babergh 011D,Shoplifting,Investigation complete; no suspect identified,
aa8a85f771b685db76d1fd55ea7397ff8692f68169081b82361ae9c1d8d5ffd4,2026-02,Suffolk Constabulary,Suffolk Constabulary,0.061569,52.944871,On or near Linton Close,E01026008,Boston 001B,Public order,Unable to prosecute suspect,
4a9e900a1198e98d25459b6a41e8b977f578eaa7282eeeb9bd45783d04408f3e,2026-02,Suffolk Constabulary,Suffolk Constabulary,0.441872,52.070993,On or near Phoenix Road,E01021376,Braintree 001B,Drugs,Under investigation,
f4531ecf34f4ffe8c4ba059c4dc9355b9436d98f3261d19d16a214143cce3f20,2026-02,Suffolk Constabulary,Suffolk Constabulary,0.771342,51.971154,On or near Hamlet Court,E01021407,Braintree 002C,Drugs,Awaiting court outcome,
16b8aeba608f967dfff4bbcbc6932580dec284f520d64ffc7846233b8de63130,2026-02,Suffolk Constabulary,Suffolk Constabulary,0.633131,51.943514,On or near Petrol Station,E01021387,Braintree 004A,Public order,Under investigation,
575abd5f39ee8ebbc0565b638cf00bc3d7e609493ad1bc2fee42a43036ecf141,2026-02,Suffolk Constabulary,Suffolk Constabulary,0.618026,51.790269,On or near Stoneham Close,E01033460,Braintree 017F,Violence and sexual offences,Under investigation,
92d370ef2eb824c926e6f3396b48f0a00c960db4c6430497d22f951a9e6a4f5a,2026-02,Suffolk Constabulary,Suffolk Constabulary,-0.174452,50.834104,On or near Clarendon Road,E01016872,Brighton and Hove 019C,Violence and sexual offences,Unable to prosecute suspect,
76c5cee5af8f8f5e7d25f939200133a43fe39a9b38562ea0ad6c3153beba7c94,2026-02,Suffolk Constabulary,Suffolk Constabulary,0.006570,51.768433,On or near Fishermans Way,E01023330,Broxbourne 002D,Violence and sexual offences,Under investigation,
eadf18ea6c3599803f3361106c83f680c2564781926866645b49633a5fc0b0e1,2026-02,Suffolk Constabulary,Suffolk Constabulary,-2.314788,53.599185,On or near Fenton Street,E01004962,Bury 009C,Violence and sexual offences,Under investigation,
c49f9d2224ee4a1e8ce0da86c77cfc89ff59e0c85e92c299f0988c9ddd14491d,2026-02,Suffolk Constabulary,Suffolk Constabulary,-2.314788,53.599185,On or near Fenton Street,E01004962,Bury 009C,Violence and sexual offences,Under investigation,
f1c38d2d079bcec79be09640948b9cdce0a794d24b863c3e169f354513197456,2026-02,Suffolk Constabulary,Suffolk Constabulary,-0.138075,51.534855,On or near Nightclub,E01000947,Camden 021C,Violence and sexual offences,Investigation complete; no suspect identified,
433b1a423ed3bdf996652207154215e2733fc77b6e9b392994ed9f9682115043,2026-02,Suffolk Constabulary,Suffolk Constabulary,0.920276,51.884073,On or near St Leonard'S Road,E01035163,Colchester 011I,Vehicle crime,Under investigation,
ce707df7e1e9da884112ede2f9d7ee77bc2ab5c58ee25fd6d39ea578bf92bca3,2026-02,Suffolk Constabulary,Suffolk Constabulary,0.925260,51.882277,On or near Hesper Road,E01035164,Colchester 011J,Other theft,Unable to prosecute suspect,
726624ac7764996babf0ab9850fe086d8bcc9a87ff7bf8b16c3cf190eb833828,2026-02,Suffolk Constabulary,Suffolk Constabulary,0.836761,51.881171,On or near Juniper Close,E01021722,Colchester 012E,Violence and sexual offences,Under investigation,
b532adcd45d45d4b8566dade7efd803136732c90edc35a93adaedede4b3d3ce0,2026-02,Suffolk Constabulary,Suffolk Constabulary,0.924694,51.892804,On or near Longcroft Road,E01021704,Colchester 022F,Violence and sexual offences,Unable to prosecute suspect,
736cd024146d1c243c6d34568ca2fef70f8dcd2e2d9311e83647483c1ad6c28d,2026-02,Suffolk Constabulary,Suffolk Constabulary,-0.541352,51.724720,On or near Prison,E01023373,Dacorum 021A,Other theft,Unable to prosecute suspect,
eec13db0008664df57b45c41f3b136f8933d9b627e88736562597618ce176036,2026-02,Suffolk Constabulary,Suffolk Constabulary,-2.162206,52.485209,On or near Beaubrook Gardens,E01009829,Dudley 019E,Violence and sexual offences,Under investigation,
e2686735c2c18ce031013b512d1047c787c2b057ef4f5309ce07860e35001953,2026-02,Suffolk Constabulary,Suffolk Constabulary,0.388456,52.380434,On or near Spooner'S Drove,E01018041,East Cambridgeshire 007D,Violence and sexual offences,Unable to prosecute suspect,
9ca3604b30e92778ff8a271cc1655a7cd28859db43a83312c68e8cf2f598d283,2026-02,Suffolk Constabulary,Suffolk Constabulary,0.461236,52.221763,On or near School Close,E01018017,East Cambridgeshire 011A,Other theft,Investigation complete; no suspect identified,
ae75ac487708428a38c655d575ed2414eb85b02cc1c1113f1b6eea7af4acc64d,2026-02,Suffolk Constabulary,Suffolk Constabulary,0.351448,52.223913,On or near Parking Area,E01018023,East Cambridgeshire 011C,Violence and sexual offences,Local resolution,
666c613a7240b682aceaa7206afc96aa64537317619b797f8bd559e31d4551e3,2026-02,Suffolk Constabulary,Suffolk Constabulary,-0.028173,51.957344,On or near Smith Way,E01023494,East Hertfordshire 019A,Violence and sexual offences,Unable to prosecute suspect,
,2026-02,Suffolk Constabulary,Suffolk Constabulary,1.754523,52.492039,On or near Cliff Rise,E01030240,East Suffolk 001A,Anti-social behaviour,,
a13f0aa1e03c2233b9fdaaed0e41f35d945da284f2ad3d929d3b359eaa3682fb,2026-02,Suffolk Constabulary,Suffolk Constabulary,1.754272,52.489097,On or near North Parade,E01030240,East Suffolk 001A,Possession of weapons,Unable to prosecute suspect,
0251f8673365506b9eb0d3baad874e570758ccfa51ba048ecdf2a7c2acf573c4,2026-02,Suffolk Constabulary,Suffolk Constabulary,1.754272,52.489097,On or near North Parade,E01030240,East Suffolk 001A,Violence and sexual offences,Unable to prosecute suspect,
b7001ce1959d29a69a11b6a84c7d95d860b989063c6e8a6426ae3b9abdda3b89,2026-02,Suffolk Constabulary,Suffolk Constabulary,1.750315,52.492470,On or near Beeching Drive,E01030240,East Suffolk 001A,Other crime,Under investigation,
abf1eaa76b53ca06e917f71059dd4e36330887b1f3ffe825ec565c1c1f69a08c,2026-02,Suffolk Constabulary,Suffolk Constabulary,1.750315,52.492470,On or near Beeching Drive,E01030240,East Suffolk 001A,Other crime,Further investigation is not in the public interest,
,2026-02,Suffolk Constabulary,Suffolk Constabulary,1.744567,52.516362,On or near Wigg'S Way,E01030241,East Suffolk 001B,Anti-social behaviour,,
,2026-02,Suffolk Constabulary,Suffolk Constabulary,1.744567,52.516362,On or near Wigg'S Way,E01030241,East Suffolk 001B,Anti-social behaviour,,
b7726ff92a4e29effe12cd6fd1befb85fc05716bdc1378dc5f1e472de0c1adcc,2026-02,Suffolk Constabulary,Suffolk Constabulary,1.742703,52.519588,On or near Church Lane,E01030241,East Suffolk 001B,Burglary,Investigation complete; no suspect identified,
35d5ec598346ad5ed1d5945c368ebe88dc3b404a1977fe4a8f56928c0e40e5cb,2026-02,Suffolk Constabulary,Suffolk Constabulary,1.734162,52.507353,On or near Sports/Recreation Area,E01030241,East Suffolk 001B,Criminal damage and arson,Investigation complete; no suspect identified,
5747f0e8de160c30c9591746e0e04258b092d1def313280bbb7942a4cfd14e65,2026-02,Suffolk Constabulary,Suffolk Constabulary,1.747616,52.513900,On or near The Street,E01030241,East Suffolk 001B,Other theft,Unable to prosecute suspect,
7297f3b031c2ddebc46740dc74669b02bba9b08ce9d25133133e986554a4217d,2026-02,Suffolk Constabulary,Suffolk Constabulary,1.742703,52.519588,On or near Church Lane,E01030241,East Suffolk 001B,Violence and sexual offences,Unable to prosecute suspect,
,2026-02,Suffolk Constabulary,Suffolk Constabulary,1.751306,52.500641,On or near B1385,E01030242,East Suffolk 001C,Anti-social behaviour,,
ac3f4869c319ade864af55009ff8635dacfc460e384e04ac935b59a0d618d2fd,2026-02,Suffolk Constabulary,Suffolk Constabulary,1.742280,52.498661,On or near Rembrandt Close,E01030242,East Suffolk 001C,Drugs,Local resolution,
e7b69438a35cd78b5693a29cd6035cea6d79bc9e7d0dd290cb5dd7c646ca66cd,2026-02,Suffolk Constabulary,Suffolk Constabulary,1.739344,52.498106,On or near Monet Square,E01030242,East Suffolk 001C,Other theft,Investigation complete; no suspect identified,
4e52cf4894e76059931c7176944e50661c879fd9ff9cc71499c8a1b66e1657ac,2026-02,Suffolk Constabulary,Suffolk Constabulary,1.734777,52.500733,On or near Degas Gardens,E01030242,East Suffolk 001C,Possession of weapons,Unable to prosecute suspect,
6d625905682e37f936eff36f580fafa4d17a5f30b440a9407babe31ab7fc962d,2026-02,Suffolk Constabulary,Suffolk Constabulary,1.735241,52.503597,On or near Supermarket,E01030242,East Suffolk 001C,Shoplifting,Under investigation,
1226e69d292675b265710f75402488abdf9d4cba87a414a6a3af7fb02bebcb83,2026-02,Suffolk Constabulary,Suffolk Constabulary,1.735241,52.503597,On or near Supermarket,E01030242,East Suffolk 001C,Shoplifting,Investigation complete; no suspect identified,
0d259df64d18486c41f0a6f675f7617c5506d500879dde43eea7115be0ac9705,2026-02,Suffolk Constabulary,Suffolk Constabulary,1.734777,52.500733,On or near Degas Gardens,E01030242,East Suffolk 001C,Violence and sexual offences,Under investigation,
,2026-02,Suffolk Constabulary,Suffolk Constabulary,1.699943,52.532051,On or near Church Lane,E01030259,East Suffolk 001D,Anti-social behaviour,,
,2026-02,Suffolk Constabulary,Suffolk Constabulary,1.696840,52.488821,On or near Holly Hill,E01030259,East Suffolk 001D,Anti-social behaviour,,
,2026-02,Suffolk Constabulary,Suffolk Constabulary,1.699943,52.532051,On or near Church Lane,E01030259,East Suffolk 001D,Anti-social behaviour,,
7220cf663b37df3d5e2ef21e410a8e9a493976b5a58bf2fe534b4492ba5599e0,2026-02,Suffolk Constabulary,Suffolk Constabulary,1.724928,52.520554,On or near Yarmouth Road,E01030259,East Suffolk 001D,Criminal damage and arson,Local resolution,
a1b6e49bc50aa4d0d0084cf42a98fa7ec7faceb45afdfca6536f09970658ac81,2026-02,Suffolk Constabulary,Suffolk Constabulary,1.709349,52.517311,On or near Market Lane,E01030259,East Suffolk 001D,Criminal damage and arson,Investigation complete; no suspect identified,
d5da735e932903e754e1fefeeb0d90e554da0cba2e47296b3584e9f850dca0a0,2026-02,Suffolk Constabulary,Suffolk Constabulary,1.691999,52.530015,On or near Flixton Road,E01030259,East Suffolk 001D,Vehicle crime,Investigation complete; no suspect identified,
99cc3891f7b69978102c0e614653a6febb65621ebc8e1058b2d37e6bd46ff5a3,2026-02,Suffolk Constabulary,Suffolk Constabulary,1.724928,52.520554,On or near Yarmouth Road,E01030259,East Suffolk 001D,Violence and sexual offences,Unable to prosecute suspect,
,2026-02,Suffolk Constabulary,Suffolk Constabulary,1.737977,52.483740,On or near Evergreen Road,E01030261,East Suffolk 002A,Anti-social behaviour,,
,2026-02,Suffolk Constabulary,Suffolk Constabulary,1.742037,52.482109,On or near Newson'S Meadow,E01030261,East Suffolk 002A,Anti-social behaviour,,
,2026-02,Suffolk Constabulary,Suffolk Constabulary,1.738606,52.483522,On or near Magnolia Court,E01030261,East Suffolk 002A,Anti-social behaviour,,
f1a121e510271c0515e340cccb9c50727cc28008bf35e6c78a43d6698bed4516,2026-02,Suffolk Constabulary,Suffolk Constabulary,1.742037,52.482109,On or near Newson'S Meadow,E01030261,East Suffolk 002A,Bicycle theft,Unable to prosecute suspect,
fa600e2cf96614eb24cd427b77b52b544b1bf4318aef060de345b47eb26b948c,2026-02,Suffolk Constabulary,Suffolk Constabulary,1.739338,52.481907,On or near A1144,E01030261,East Suffolk 002A,Criminal damage and arson,Unable to prosecute suspect,
31831b37433c4fe10e50faf6b9a3fb6acf8eb25b7cf3a605e6a133e7c37d5432,2026-02,Suffolk Constabulary,Suffolk Constabulary,1.739869,52.482951,On or near Marham Road,E01030261,East Suffolk 002A,Public order,Investigation complete; no suspect identified,
f44c955d84ad7faaffa5ff4a16dc96cd07bf28f19586136f89d8604c038006df,2026-02,Suffolk Constabulary,Suffolk Constabulary,1.738606,52.483522,On or near Magnolia Court,E01030261,East Suffolk 002A,Theft from the person,Investigation complete; no suspect identified,
7c6845c6dd624d876dd12582bf44b192f5ee12fe7bff035c837673923b10fca4,2026-02,Suffolk Constabulary,Suffolk Constabulary,1.741020,52.480198,On or near Hill Road,E01030261,East Suffolk 002A,Vehicle crime,Investigation complete; no suspect identified,
46b7f808798b14150651e6eeeb12a5d0118e2570a4a5a5572e94f305838d37f9,2026-02,Suffolk Constabulary,Suffolk Constabulary,1.743447,52.480841,On or near Minden Road,E01030261,East Suffolk 002A,Vehicle crime,Investigation complete; no suspect identified,
a859d3070cbeb649842a6e19bb359c55e505102761c4bb85aa50a88bc13f76f6,2026-02,Suffolk Constabulary,Suffolk Constabulary,1.737977,52.483740,On or near Evergreen Road,E01030261,East Suffolk 002A,Violence and sexual offences,Unable to prosecute suspect,
647d2c5231294abfce96af835839f766d2cee2c80ca158961ff885273981fa49,2026-02,Suffolk Constabulary,Suffolk Constabulary,1.738606,52.483522,On or near Magnolia Court,E01030261,East Suffolk 002A,Violence and sexual offences,Unable to prosecute suspect,
806760f46f3f4cf18ca690828cfa61a6f2fd0d80f3fae0ea2e752801ef9ca912,2026-02,Suffolk Constabulary,Suffolk Constabulary,1.744361,52.481199,On or near Nicholson Square,E01030261,East Suffolk 002A,Violence and sexual offences,Unable to prosecute suspect,
c2fbc6e17397b7b534c57cdc63f3380f43815221ef71cd06eb36b34153d33446,2026-02,Suffolk Constabulary,Suffolk Constabulary,1.737344,52.483229,On or near Myrtle Close,E01030261,East Suffolk 002A,Violence and sexual offences,Awaiting court outcome,
ba1dfebfede2e3fc43dfb48733d1a457ede3d8905561d4e3753a99210927ff14,2026-02,Suffolk Constabulary,Suffolk Constabulary,1.737344,52.483229,On or near Myrtle Close,E01030261,East Suffolk 002A,Violence and sexual offences,Unable to prosecute suspect,
a89489b317a596c9dd1e05a81d077627e9e9a9b35ed1a8e1b7a9df64cae633d6,2026-02,Suffolk Constabulary,Suffolk Constabulary,1.744361,52.481199,On or near Nicholson Square,E01030261,East Suffolk 002A,Violence and sexual offences,Unable to prosecute suspect,
584d9444c4336602752de8be229a6f2ab930319364468d510c185c06eb04b82a,2026-02,Suffolk Constabulary,Suffolk Constabulary,1.740124,52.480569,On or near Rotterdam Road,E01030261,East Suffolk 002A,Violence and sexual offences,Unable to prosecute suspect,
,2026-02,Suffolk Constabulary,Suffolk Constabulary,1.743977,52.484543,On or near Sports/Recreation Area,E01030262,East Suffolk 002B,Anti-social behaviour,,
,2026-02,Suffolk Constabulary,Suffolk Constabulary,1.739758,52.485284,On or near Larch Road,E01030262,East Suffolk 002B,Anti-social behaviour,,
,2026-02,Suffolk Constabulary,Suffolk Constabulary,1.743977,52.484543,On or near Sports/Recreation Area,E01030262,East Suffolk 002B,Anti-social behaviour,,
91b68064ea2ea8618978071ebb53ce0f7ae1b1a82f55b1428fa233eef5882eda,2026-02,Suffolk Constabulary,Suffolk Constabulary,1.743977,52.484543,On or near Sports/Recreation Area,E01030262,East Suffolk 002B,Criminal damage and arson,Under investigation,
548d878d15b378d6bce7a9b4a1eda343a3d5feec90a937b0d3d396ba82a5e412,2026-02,Suffolk Constabulary,Suffolk Constabulary,1.742248,52.488750,On or near Ashley Downs,E01030262,East Suffolk 002B,Vehicle crime,Investigation complete; no suspect identified,
7ce5e764888e81f4eb3ac7fe1aee22c31240f2adc2245066fb7de0d623f2625d,2026-02,Suffolk Constabulary,Suffolk Constabulary,1.744070,52.487828,On or near Wensum Gardens,E01030262,East Suffolk 002B,Violence and sexual offences,Unable to prosecute suspect,
be1899dbcc1c8f14cad2f7eafeea51cdbd7d27d466f65183bf7f363047959c36,2026-02,Suffolk Constabulary,Suffolk Constabulary,1.743977,52.484543,On or near Sports/Recreation Area,E01030262,East Suffolk 002B,Violence and sexual offences,Action to be taken by another organisation,
,2026-02,Suffolk Constabulary,Suffolk Constabulary,1.742389,52.491453,On or near Minos Road,E01030277,East Suffolk 002C,Anti-social behaviour,,
63db285c1d2a77bf5a34dc80c19ba3edb68dc6a40d72459254a28a912c5e0c65,2026-02,Suffolk Constabulary,Suffolk Constabulary,1.742389,52.491453,On or near Minos Road,E01030277,East Suffolk 002C,Criminal damage and arson,Unable to prosecute suspect,
12fb4bf60ea83f04d25b64343b47dfa9b7b218595e82b1c47831045edeec8cb3,2026-02,Suffolk Constabulary,Suffolk Constabulary,1.741067,52.490118,On or near Hollingsworth Road,E01030277,East Suffolk 002C,Violence and sexual offences,Under investigation,
1fbfc264d6e815f79ebf80745b8a90e6c4443d5e46af06abb0f73bc85842f96a,2026-02,Suffolk Constabulary,Suffolk Constabulary,1.743406,52.491276,On or near Harris Avenue,E01030277,East Suffolk 002C,Violence and sexual offences,Action to be taken by another organisation,
f42bcdf7a2f352ca6cfc971076edd9bc8682e1b2d20fc2062ce6f91eb124d239,2026-02,Suffolk Constabulary,Suffolk Constabulary,1.746744,52.490847,On or near Arnhem Court,E01030277,East Suffolk 002C,Other crime,Unable to prosecute suspect,
5845c1501c193662ce3d75e48b5a6f4c9f280706bb7b84b29c2935c2d5848acb,2026-02,Suffolk Constabulary,Suffolk Constabulary,1.734823,52.494157,On or near Westhall Road,E01030279,East Suffolk 002D,Criminal damage and arson,Investigation complete; no suspect identified,
807ff710a732b251d545197a18078c07dc20c54a73646ff75cf4f0ff664fbee9,2026-02,Suffolk Constabulary,Suffolk Constabulary,1.739552,52.492919,On or near Telesia Court,E01030279,East Suffolk 002D,Criminal damage and arson,Investigation complete; no suspect identified,
4b4821a19f5a62bd882d68c457fb5487a4818d678599d40b38c8ee97402ae4db,2026-02,Suffolk Constabulary,Suffolk Constabulary,1.736979,52.494034,On or near Wissett Way,E01030279,East Suffolk 002D,Vehicle crime,Investigation complete; no suspect identified,
664ce056572073854cf287900de504adc95118d158c48194799fceeaaad4fee1,2026-02,Suffolk Constabulary,Suffolk Constabulary,1.739552,52.492919,On or near Telesia Court,E01030279,East Suffolk 002D,Violence and sexual offences,Investigation complete; no suspect identified,
698bbcb432492bbcf36ca576c964d0f12cc636351684ec753a774aec3e882bed,2026-02,Suffolk Constabulary,Suffolk Constabulary,1.734765,52.491730,On or near Tedder Road,E01030279,East Suffolk 002D,Violence and sexual offences,Under investigation,
f053b7325512ca28acb67b7469d80921534cbb928683a689fc24fdba6c70c9fe,2026-02,Suffolk Constabulary,Suffolk Constabulary,1.733546,52.493693,On or near Frostenden Crescent,E01030279,East Suffolk 002D,Violence and sexual offences,Under investigation,
,2026-02,Suffolk Constabulary,Suffolk Constabulary,1.727529,52.499559,On or near Diprose Drive,E01030281,East Suffolk 002E,Anti-social behaviour,,
,2026-02,Suffolk Constabulary,Suffolk Constabulary,1.732380,52.497328,On or near Redisham Close,E01030281,East Suffolk 002E,Anti-social behaviour,,
2e8366e5294dbd374b635cd3968ed23a268b1f390794b85486c2d464f54eb97b,2026-02,Suffolk Constabulary,Suffolk Constabulary,1.724927,52.497203,On or near Lawn Grove,E01030281,East Suffolk 002E,Vehicle crime,Investigation complete; no suspect identified,
0b153e82cb7c26a69b04e5937a733e8a29dcff35b3a8feeae481b91dd493aaf7,2026-02,Suffolk Constabulary,Suffolk Constabulary,1.728212,52.493709,On or near Ailmar Close,E01030281,East Suffolk 002E,Violence and sexual offences,Under investigation,
00cf5e7f953cb98924fe91e084e62ebd745cd5cca0ab046b7787872e3036046b,2026-02,Suffolk Constabulary,Suffolk Constabulary,1.734338,52.495044,On or near Stoven Close,E01030281,East Suffolk 002E,Violence and sexual offences,Awaiting court outcome,
fdb88879478c6ef9c3186c1d478d1d61868b3f8053fe718899138b85992559da,2026-02,Suffolk Constabulary,Suffolk Constabulary,1.725034,52.496372,On or near Field Grange,E01030281,East Suffolk 002E,Violence and sexual offences,Investigation complete; no suspect identified,
a5d906968c04be436129a1559aa386836dd93b332facc9b4cb1d1d62726ae19a,2026-02,Suffolk Constabulary,Suffolk Constabulary,1.731782,52.497401,On or near Blyford Road,E01030281,East Suffolk 002E,Violence and sexual offences,Unable to prosecute suspect,
611a14f89994256bde317a71c383b5e73a36063e696a3e56c8ea16ea1aec1155,2026-02,Suffolk Constabulary,Suffolk Constabulary,1.728212,52.493709,On or near Ailmar Close,E01030281,East Suffolk 002E,Violence and sexual offences,Under investigation,
1d72b5bb62c719374a22d1f07256e07f0602cfcf952b1ea1d2d3adab8dbe1d8a,2026-02,Suffolk Constabulary,Suffolk Constabulary,1.728212,52.493709,On or near Ailmar Close,E01030281,East Suffolk 002E,Violence and sexual offences,Under investigation,
1d6d5021194104709bb4ca3b1c75270eda663b417449f0f6bbe9631738405f89,2026-02,Suffolk Constabulary,Suffolk Constabulary,1.734338,52.495044,On or near Stoven Close,E01030281,East Suffolk 002E,Violence and sexual offences,Under investigation,
8e185562320679dec056027308c0b41814ec7e7dce81082ebedcc4812af2cb56,2026-02,Suffolk Constabulary,Suffolk Constabulary,1.728212,52.493709,On or near Ailmar Close,E01030281,East Suffolk 002E,Violence and sexual offences,Under investigation,
6b050b4b9fd6235a837e31fc0b1fee06b689005f93c56d1f8cdf3d79bdf2febd,2026-02,Suffolk Constabulary,Suffolk Constabulary,1.728027,52.499876,On or near Townsend Way,E01030281,East Suffolk 002E,Other crime,Local resolution,
42ce8615f68844a1b87eed29486252d9c0c79a8658be04750c184311b3a42bbf,2026-02,Suffolk Constabulary,Suffolk Constabulary,1.720718,52.494314,On or near Meadow Road,E01030266,East Suffolk 003A,Burglary,Investigation complete; no suspect identified,
0a7023bb7adfa1e283a34bc072f8e56c9a9fa210348e537ed70b5dc1f080bd36,2026-02,Suffolk Constabulary,Suffolk Constabulary,1.724050,52.493804,On or near Stirling Close,E01030266,East Suffolk 003A,Criminal damage and arson,Investigation complete; no suspect identified,
0ec2c9f781cdb06711f55f3be4980dc01cf28f8a6b3cb9796e2b7a0cc7f1e945,2026-02,Suffolk Constabulary,Suffolk Constabulary,1.712396,52.491211,On or near South Leet Close,E01030266,East Suffolk 003A,Violence and sexual offences,Under investigation,
0bf31fa7b6c1c564e2f3118231799aa02919d81175bd6076fd4fd2261fc42842,2026-02,Suffolk Constabulary,Suffolk Constabulary,1.720250,52.494697,On or near B1375,E01030266,East Suffolk 003A,Violence and sexual offences,Unable to prosecute suspect,
,2026-02,Suffolk Constabulary,Suffolk Constabulary,1.708536,52.487726,On or near Kearney Drive,E01030267,East Suffolk 003B,Anti-social behaviour,,
,2026-02,Suffolk Constabulary,Suffolk Constabulary,1.703959,52.485513,On or near Birch Close,E01030267,East Suffolk 003B,Anti-social behaviour,,
57056f61cc9e012fd6d6fde18e8f970828bf3ea41e8dda065b213bc606e6aff6,2026-02,Suffolk Constabulary,Suffolk Constabulary,1.707239,52.484393,On or near Grampian Way,E01030267,East Suffolk 003B,Violence and sexual offences,Investigation complete; no suspect identified,
98ad45e5edad9a207bcd0dfd4ef9966aba621267b40106bb50db5ac267f0730b,2026-02,Suffolk Constabulary,Suffolk Constabulary,1.703959,52.485513,On or near Birch Close,E01030267,East Suffolk 003B,Violence and sexual offences,Action to be taken by another organisation,
6e7a323e383a2eb07af94c4fadeea4efbf76305339a7764b5a7cf240f68bcc9e,2026-02,Suffolk Constabulary,Suffolk Constabulary,1.703010,52.483860,On or near Cutler Road,E01030267,East Suffolk 003B,Violence and sexual offences,Unable to prosecute suspect,
6a4e9565f9279ec66ffb0a17822493ee8f15b724595639ebea8f7c4a2abf23a9,2026-02,Suffolk Constabulary,Suffolk Constabulary,1.702782,52.484479,On or near Whiting Road,E01030267,East Suffolk 003B,Violence and sexual offences,Under investigation,
fca8e61979fbefec049dfca2634fe1f8bb32d7c64499e906d3f4d3b505ee2bde,2026-02,Suffolk Constabulary,Suffolk Constabulary,1.707208,52.485609,On or near Fuller Close,E01030267,East Suffolk 003B,Violence and sexual offences,Under investigation,
3a739c6be701bcedc002c4a1593a87fd20bb7f04e6f548eb55a3a56a244e19e0,2026-02,Suffolk Constabulary,Suffolk Constabulary,1.703959,52.485513,On or near Birch Close,E01030267,East Suffolk 003B,Violence and sexual offences,Action to be taken by another organisation,
ae2faca2def02982d2e37916d95e1d9142916b167a7f04f41828da3e106a1d99,2026-02,Suffolk Constabulary,Suffolk Constabulary,1.712076,52.488640,On or near Farrer Drive,E01030267,East Suffolk 003B,Violence and sexual offences,Under investigation,
193b58551e2d4d8a4c567fe3be03e8221e4ed823e7fda36188a1f0edb76e497b,2026-02,Suffolk Constabulary,Suffolk Constabulary,1.707208,52.485609,On or near Fuller Close,E01030267,East Suffolk 003B,Violence and sexual offences,Local resolution,
c0c8c2ccb48cdefbfdd818fd73efa47492346135755a2939d10044de43c05f66,2026-02,Suffolk Constabulary,Suffolk Constabulary,1.725103,52.485702,On or near Walberswick Way,E01030271,East Suffolk 003C,Criminal damage and arson,Unable to prosecute suspect,
bcbcf66079e0911f5d3cc4d061ba5851a05198b4bfa913583ff7798c274c3d9f,2026-02,Suffolk Constabulary,Suffolk Constabulary,1.725067,52.483707,On or near Nursery Close,E01030271,East Suffolk 003C,Public order,Unable to prosecute suspect,
7d75539f3d16e91ccdc9f4e6972519267dfa9eb2b5e16960412f34f9bb74bda9,2026-02,Suffolk Constabulary,Suffolk Constabulary,1.719549,52.482918,On or near The Drive,E01030271,East Suffolk 003C,Violence and sexual offences,Unable to prosecute suspect,
4e4e310d65f000a02a092abb45dfdaf71df30d6bbc8c682ba4a732b20c8969bc,2026-02,Suffolk Constabulary,Suffolk Constabulary,1.724039,52.483739,On or near Coppice Close,E01030271,East Suffolk 003C,Violence and sexual offences,Unable to prosecute suspect,
00b61314cee0b8304badd18ed443dcc1645d3221ebda547f779d06ddcec170e3,2026-02,Suffolk Constabulary,Suffolk Constabulary,1.723151,52.485260,On or near Kesgrave Drive,E01030271,East Suffolk 003C,Violence and sexual offences,Unable to prosecute suspect,
dacc84dd6181d7008bd6a05d869f9a9e6351aafce4deab459adc1131e6c18455,2026-02,Suffolk Constabulary,Suffolk Constabulary,1.723462,52.487031,On or near Dedham Drive,E01030271,East Suffolk 003C,Violence and sexual offences,Offender given a caution,
0719a21da2c9fcc1291697cc250fd71873883585e2d01c1dfdbaae8035b1a6ce,2026-02,Suffolk Constabulary,Suffolk Constabulary,1.730725,52.490139,On or near Crestview Drive,E01030278,East Suffolk 003D,Burglary,Investigation complete; no suspect identified,
466ba5076c8b308eee69c4ee5b9651ac82560bbdfda48f1083c13d5967fb3191,2026-02,Suffolk Constabulary,Suffolk Constabulary,1.730725,52.490139,On or near Crestview Drive,E01030278,East Suffolk 003D,Burglary,Investigation complete; no suspect identified,
47af526a2fb1c8e0b3da89e32ed8273300dfd8c3f93fce1d703d89219b2c5ed2,2026-02,Suffolk Constabulary,Suffolk Constabulary,1.735864,52.492873,On or near Spashett Road,E01030278,East Suffolk 003D,Criminal damage and arson,Investigation complete; no suspect identified,
af676ad252e84fdd80c9a1ccad03d00f635bd75066b66ec436af6304f6242a65,2026-02,Suffolk Constabulary,Suffolk Constabulary,1.737008,52.487089,On or near Sharon Drive,E01030278,East Suffolk 003D,Criminal damage and arson,Investigation complete; no suspect identified,
86292b961e0e708dcc5af2c45b246e8468b3e4ae3146588beeaeebd976a508a6,2026-02,Suffolk Constabulary,Suffolk Constabulary,1.736515,52.488562,On or near Malvern Rise,E01030278,East Suffolk 003D,Vehicle crime,Investigation complete; no suspect identified,
f926aae52c5cd10ae5fbab709b48fc7f010d118b11b66edf9445c684e20edb7f,2026-02,Suffolk Constabulary,Suffolk Constabulary,1.739506,52.486831,On or near Haven Avenue,E01030278,East Suffolk 003D,Violence and sexual offences,Action to be taken by another organisation,
,2026-02,Suffolk Constabulary,Suffolk Constabulary,1.725559,52.490734,On or near Snape Drive,E01030280,East Suffolk 003E,Anti-social behaviour,,
7f9757be90743d5711717ed273c6bb9467a5875263f806a587e119ebeb49b9f4,2026-02,Suffolk Constabulary,Suffolk Constabulary,1.750447,52.487959,On or near Worthing Road,E01030246,East Suffolk 004A,Criminal damage and arson,Unable to prosecute suspect,
c28434175486d67ee10457d0aa435ecbace0932ecd4e166b2076465815bfbc1a,2026-02,Suffolk Constabulary,Suffolk Constabulary,1.753236,52.483346,On or near Dove Street,E01030246,East Suffolk 004A,Other theft,Unable to prosecute suspect,
dd14d13e4b35dc513032d723b13faa018c8663930edb926da701fbe15369ec28,2026-02,Suffolk Constabulary,Suffolk Constabulary,1.753236,52.483346,On or near Dove Street,E01030246,East Suffolk 004A,Other theft,Under investigation,
e1118e7e2f62656fc64097670b4ac8e36e0d132cd7ad34d8896e60f0c296eea9,2026-02,Suffolk Constabulary,Suffolk Constabulary,1.751249,52.484749,On or near Cambridge Road,E01030246,East Suffolk 004A,Other theft,Investigation complete; no suspect identified,
0c98d49c4345e64f0dcc74386daffffa2a73eb779e72d4e567c32068fdb7a5d7,2026-02,Suffolk Constabulary,Suffolk Constabulary,1.750169,52.483308,On or near Boston Road,E01030246,East Suffolk 004A,Violence and sexual offences,Investigation complete; no suspect identified,
aa03fd2046b6e93bd41f5c389bb2a74ac587ee38948b0491bba3954472ae4e63,2026-02,Suffolk Constabulary,Suffolk Constabulary,1.749048,52.483470,On or near Burton Street,E01030246,East Suffolk 004A,Violence and sexual offences,Action to be taken by another organisation,
9c053c3b0842d373967ea9bcf093f1d8234f70615f01372d8ce4ac9b25d2d85f,2026-02,Suffolk Constabulary,Suffolk Constabulary,1.749048,52.483470,On or near Burton Street,E01030246,East Suffolk 004A,Violence and sexual offences,Unable to prosecute suspect,
f70a52f6f1ce83ddcd9b1a28646c03535b81f38f295dcd23ad2c618f6885f28e,2026-02,Suffolk Constabulary,Suffolk Constabulary,1.753236,52.483346,On or near Dove Street,E01030246,East Suffolk 004A,Violence and sexual offences,Awaiting court outcome,
ee3a8ae6e05632e457955fc6d3c5d1a9794aa2423334085ad84c1c414462d501,2026-02,Suffolk Constabulary,Suffolk Constabulary,1.747744,52.484600,On or near Church Road,E01030246,East Suffolk 004A,Violence and sexual offences,Unable to prosecute suspect,
,2026-02,Suffolk Constabulary,Suffolk Constabulary,1.752491,52.487390,On or near Royal Avenue,E01030248,East Suffolk 004B,Anti-social behaviour,,
0c97b9fa1412579aba493d8e3a622d8707aab4ca96679b6bc28657d6758639c7,2026-02,Suffolk Constabulary,Suffolk Constabulary,1.752941,52.486099,On or near Edinburgh Road,E01030248,East Suffolk 004B,Burglary,Investigation complete; no suspect identified,
5d9a30986456767639c0c3c2631b94b54c2517b41feff3f05b066fa99cf0ac8c,2026-02,Suffolk Constabulary,Suffolk Constabulary,1.752941,52.486099,On or near Edinburgh Road,E01030248,East Suffolk 004B,Public order,Local resolution,
590b9d56c1398b5a84b81dfaacb937950b10f32f50e0df2280eda94727159735,2026-02,Suffolk Constabulary,Suffolk Constabulary,1.752836,52.484699,On or near Melbourne Road,E01030248,East Suffolk 004B,Violence and sexual offences,Unable to prosecute suspect,
0690335ebb941ca0573f7bc021726abc28dba3fa804cecd01d5b662e3e1bf586,2026-02,Suffolk Constabulary,Suffolk Constabulary,1.753111,52.484474,On or near Parking Area,E01030248,East Suffolk 004B,Violence and sexual offences,Unable to prosecute suspect,
207f6babd76c70a2fec066dc868b831f8060b06c79d345a696a165a9e4180bda,2026-02,Suffolk Constabulary,Suffolk Constabulary,1.750268,52.484825,On or near Oxford Road,E01030248,East Suffolk 004B,Violence and sexual offences,Unable to prosecute suspect,
6a3d8940a24d4460481ef525dac63823deef0bc2c4bdb2032d7fa690d9c17fc8,2026-02,Suffolk Constabulary,Suffolk Constabulary,1.752836,52.484699,On or near Melbourne Road,E01030248,East Suffolk 004B,Other crime,Investigation complete; no suspect identified,
,2026-02,Suffolk Constabulary,Suffolk Constabulary,1.752959,52.479055,On or near Milton Road East,E01030249,East Suffolk 004C,Anti-social behaviour,,
,2026-02,Suffolk Constabulary,Suffolk Constabulary,1.752007,52.478258,On or near Regent Road,E01030249,East Suffolk 004C,Anti-social behaviour,,
,2026-02,Suffolk Constabulary,Suffolk Constabulary,1.750964,52.478291,On or near Parking Area,E01030249,East Suffolk 004C,Anti-social behaviour,,
,2026-02,Suffolk Constabulary,Suffolk Constabulary,1.750554,52.481956,On or near Reeve Street,E01030249,East Suffolk 004C,Anti-social behaviour,,
,2026-02,Suffolk Constabulary,Suffolk Constabulary,1.750311,52.480830,On or near Jacob'S Street,E01030249,East Suffolk 004C,Anti-social behaviour,,
,2026-02,Suffolk Constabulary,Suffolk Constabulary,1.750311,52.480830,On or near Jacob'S Street,E01030249,East Suffolk 004C,Anti-social behaviour,,
e8dfdb2afff3967bdb37f621c61baf70c9e00a9222650b910b7b11814277159c,2026-02,Suffolk Constabulary,Suffolk Constabulary,1.753249,52.477094,On or near Gordon Road,E01030249,East Suffolk 004C,Bicycle theft,Investigation complete; no suspect identified,
c4d2e46cc7fbd486804d549befe3cf89edd5df2e2142642b7ada87a8cdc821c6,2026-02,Suffolk Constabulary,Suffolk Constabulary,1.750879,52.480057,On or near Cathcart Street,E01030249,East Suffolk 004C,Criminal damage and arson,Unable to prosecute suspect,
b25445a9690fec1872a2f9ef998468b9962d305ff48f9dbcab50eafac800dc2c,2026-02,Suffolk Constabulary,Suffolk Constabulary,1.748398,52.482753,On or near St Peter'S Street,E01030249,East Suffolk 004C,Criminal damage and arson,Investigation complete; no suspect identified,
147e655215379b0b2428181a748a4144972571d1c6c16563f283f6e41a1661b6,2026-02,Suffolk Constabulary,Suffolk Constabulary,1.751623,52.480834,On or near Adrian Road,E01030249,East Suffolk 004C,Criminal damage and arson,Investigation complete; no suspect identified,
8948173919381163313d620cea235711c97e20c861ea2e94c997ba469a2a4fed,2026-02,Suffolk Constabulary,Suffolk Constabulary,1.748398,52.482753,On or near St Peter'S Street,E01030249,East Suffolk 004C,Criminal damage and arson,Investigation complete; no suspect identified,
8fa128afae64da502dc7578783f6340a7501182789be228fedfcf4b8f39b5b59,2026-02,Suffolk Constabulary,Suffolk Constabulary,1.751239,52.480828,On or near Clapham Road North,E01030249,East Suffolk 004C,Other theft,Investigation complete; no suspect identified,
6e0613f194b4196b87da151b8e799e29ef880023a4b3f8d897cf0d94c7eaee8f,2026-02,Suffolk Constabulary,Suffolk Constabulary,1.748475,52.480376,On or near Beresford Road,E01030249,East Suffolk 004C,Other theft,Investigation complete; no suspect identified,
15ebe4a35726aee34a998c6e782c446943d04500dfaf7584cf465ae0a0a73103,2026-02,Suffolk Constabulary,Suffolk Constabulary,1.754241,52.479752,On or near Arnold Street,E01030249,East Suffolk 004C,Other theft,Unable to prosecute suspect,
1547e655b044edd37a90ff8fc9bf7afb9de6a198da821a6d0fb12a72d3d42565,2026-02,Suffolk Constabulary,Suffolk Constabulary,1.750554,52.481956,On or near Reeve Street,E01030249,East Suffolk 004C,Other theft,Unable to prosecute suspect,
2466fd1d51cbb52087af1b3a1263ef9e09600368c23e502ef9b37abce4ef2c6e,2026-02,Suffolk Constabulary,Suffolk Constabulary,1.748475,52.480376,On or near Beresford Road,E01030249,East Suffolk 004C,Public order,Under investigation,
8cbdcf66189cefa609a7585238913a075bee550a9a1e77f56912984320a23c0d,2026-02,Suffolk Constabulary,Suffolk Constabulary,1.752853,52.476774,On or near Shopping Area,E01030249,East Suffolk 004C,Shoplifting,Awaiting court outcome,
72f0fda1f32940add89901ed219d3bfe22238ed9181ffeb834102aa1b36d6596,2026-02,Suffolk Constabulary,Suffolk Constabulary,1.752853,52.476774,On or near Shopping Area,E01030249,East Suffolk 004C,Shoplifting,Awaiting court outcome,
7751eb4571044f73a067e2bd555ee555c2673b4360f2915696efc9ae3b9c15bd,2026-02,Suffolk Constabulary,Suffolk Constabulary,1.752853,52.476774,On or near Shopping Area,E01030249,East Suffolk 004C,Shoplifting,Awaiting court outcome,
edb0b35144d347d78203baf9611a4cc460ca5623f31e062a55d05d567bb1b9de,2026-02,Suffolk Constabulary,Suffolk Constabulary,1.752853,52.476774,On or near Shopping Area,E01030249,East Suffolk 004C,Shoplifting,Awaiting court outcome,
22f27e759b9f08759faa5e70de5d7d00ff22a8e871b4f27e0bccdc881d5b2736,2026-02,Suffolk Constabulary,Suffolk Constabulary,1.752853,52.476774,On or near Shopping Area,E01030249,East Suffolk 004C,Shoplifting,Awaiting court outcome,
ca06d2b248ed58cb10eb40ceebb4534ea062eb69b50aa88a3667ffdee852eeca,2026-02,Suffolk Constabulary,Suffolk Constabulary,1.752853,52.476774,On or near Shopping Area,E01030249,East Suffolk 004C,Shoplifting,Awaiting court outcome,
52e2eebe51fea1375c6d97d795e3e634835195f0a88ea048bbe5ce8651c2bdf4,2026-02,Suffolk Constabulary,Suffolk Constabulary,1.752853,52.476774,On or near Shopping Area,E01030249,East Suffolk 004C,Shoplifting,Investigation complete; no suspect identified,
ef7bf7fd9b270c7b4c62f0b00b01a293da231b6ab8596cff19e68ed04dd0da59,2026-02,Suffolk Constabulary,Suffolk Constabulary,1.750858,52.476181,On or near Parking Area,E01030249,East Suffolk 004C,Shoplifting,Investigation complete; no suspect identified,
e7d89cd5541e72c86ba6b2dcb793f91443b00a0407008a3ae46c1349e5af33c2,2026-02,Suffolk Constabulary,Suffolk Constabulary,1.752853,52.476774,On or near Shopping Area,E01030249,East Suffolk 004C,Shoplifting,Awaiting court outcome,
27f75a89656e41cc28f9eaeab1ef52c965282c9e388a34ebe7418437b9256225,2026-02,Suffolk Constabulary,Suffolk Constabulary,1.752853,52.476774,On or near Shopping Area,E01030249,East Suffolk 004C,Shoplifting,Investigation complete; no suspect identified,
69acd8840c9c88b56305dc11265f70a7d79e1e0290b1be58cbdf9fe2ede4a7aa,2026-02,Suffolk Constabulary,Suffolk Constabulary,1.752853,52.476774,On or near Shopping Area,E01030249,East Suffolk 004C,Shoplifting,Investigation complete; no suspect identified,
77b9d0e16927af91ecb8b2dbb387a5da0cb03dffde75daaddceece714d7233cd,2026-02,Suffolk Constabulary,Suffolk Constabulary,1.752853,52.476774,On or near Shopping Area,E01030249,East Suffolk 004C,Shoplifting,Unable to prosecute suspect,
6b8dc899765f04205ccd9bd88a9a79157271ae91b44b7843f1c33404bb965462,2026-02,Suffolk Constabulary,Suffolk Constabulary,1.750858,52.476181,On or near Parking Area,E01030249,East Suffolk 004C,Theft from the person,Unable to prosecute suspect,
283122c8c525859604839764528031f09524a5f53d3c9b9e7dc23f7894e6b770,2026-02,Suffolk Constabulary,Suffolk Constabulary,1.751536,52.479640,On or near Leiston Road,E01030249,East Suffolk 004C,Vehicle crime,Investigation complete; no suspect identified,
0e4793151323d4e553d9655eb72abf29938fee1aa893ef6b54857ef94b061115,2026-02,Suffolk Constabulary,Suffolk Constabulary,1.753249,52.477094,On or near Gordon Road,E01030249,East Suffolk 004C,Violence and sexual offences,Awaiting court outcome,
97ffa5529560c4193cd12f7c4b63eb6905f8615e6e378027fbf494484b01b1b0,2026-02,Suffolk Constabulary,Suffolk Constabulary,1.752007,52.478258,On or near Regent Road,E01030249,East Suffolk 004C,Violence and sexual offences,Action to be taken by another organisation,
88fe19dbbb6f617e58c535e0732b1d2aeb7b7941b3ed62f2164b326664d3d724,2026-02,Suffolk Constabulary,Suffolk Constabulary,1.750311,52.480830,On or near Jacob'S Street,E01030249,East Suffolk 004C,Violence and sexual offences,Under investigation,
a377494030baf97bb538263d3a5ce68ae1f9cb6db1f3326d899c712c60a640d5,2026-02,Suffolk Constabulary,Suffolk Constabulary,1.748475,52.480376,On or near Beresford Road,E01030249,East Suffolk 004C,Violence and sexual offences,Unable to prosecute suspect,
41320b19288cf71a7387bc957b246bde764b3e89d67a3a4264da465c742af3e2,2026-02,Suffolk Constabulary,Suffolk Constabulary,1.751536,52.479640,On or near Leiston Road,E01030249,East Suffolk 004C,Violence and sexual offences,Unable to prosecute suspect,
a1909c194d9e631d84ce4f89e8159c4085f677e1a56fb63dc9cb598ce6ecc9ed,2026-02,Suffolk Constabulary,Suffolk Constabulary,1.752007,52.478258,On or near Regent Road,E01030249,East Suffolk 004C,Violence and sexual offences,Action to be taken by another organisation,
9361d28a53e00f14b6dca750f0df6789db8b4349624403f4dc59d82e831ffdfc,2026-02,Suffolk Constabulary,Suffolk Constabulary,1.752007,52.478258,On or near Regent Road,E01030249,East Suffolk 004C,Violence and sexual offences,Action to be taken by another organisation,
058458b0c9719217f455ae632da493d774157bcd2043b033482b25a7651dd468,2026-02,Suffolk Constabulary,Suffolk Constabulary,1.752853,52.476774,On or near Shopping Area,E01030249,East Suffolk 004C,Violence and sexual offences,Unable to prosecute suspect,
d2e3ce1d412020114965cb5b2103628f3993a09362fd9922b1164ef18564a18d,2026-02,Suffolk Constabulary,Suffolk Constabulary,1.752007,52.478258,On or near Regent Road,E01030249,East Suffolk 004C,Violence and sexual offences,Action to be taken by another organisation,
d308d9d6a074dde9ff2182a3f3b0706580644fab9fd8fbe14a2bce5fb5956883,2026-02,Suffolk Constabulary,Suffolk Constabulary,1.752007,52.478258,On or near Regent Road,E01030249,East Suffolk 004C,Violence and sexual offences,Action to be taken by another organisation,
6f4b8985a81150acf70c491358ca28a0af4b39703b43e892d8967003f3818421,2026-02,Suffolk Constabulary,Suffolk Constabulary,1.748475,52.480376,On or near Beresford Road,E01030249,East Suffolk 004C,Violence and sexual offences,Under investigation,
3447a32453b87280cf7bfc8c3eb2db695e13fa7ba0e003090ad34278881a2112,2026-02,Suffolk Constabulary,Suffolk Constabulary,1.750879,52.480057,On or near Cathcart Street,E01030249,East Suffolk 004C,Violence and sexual offences,Unable to prosecute suspect,
5df99d3e2d4709fa8ffb290d7a45e923abc5933e090e6a78eaed3ddfd4825c8b,2026-02,Suffolk Constabulary,Suffolk Constabulary,1.750311,52.480830,On or near Jacob'S Street,E01030249,East Suffolk 004C,Violence and sexual offences,Unable to prosecute suspect,
e5f73269ff892427a3c96e0659eaacf0fc5dba3885937e13a98a534d76654cb7,2026-02,Suffolk Constabulary,Suffolk Constabulary,1.748475,52.480376,On or near Beresford Road,E01030249,East Suffolk 004C,Violence and sexual offences,Unable to prosecute suspect,
05127170fca49cb7ca8625c7514e5b48775f4f77c42ca3f2a3a32155b7254160,2026-02,Suffolk Constabulary,Suffolk Constabulary,1.750311,52.480830,On or near Jacob'S Street,E01030249,East Suffolk 004C,Violence and sexual offences,Unable to prosecute suspect,
d8d978b17e842557f6c28e12be277e77c50ed8f893cffb9a68fa8edeacc484fd,2026-02,Suffolk Constabulary,Suffolk Constabulary,1.750311,52.480830,On or near Jacob'S Street,E01030249,East Suffolk 004C,Violence and sexual offences,Unable to prosecute suspect,
b9c2bad622d77a93c0f52de3f70e6b5273bcb0b2566d453996d286ac218f3018,2026-02,Suffolk Constabulary,Suffolk Constabulary,1.751623,52.480834,On or near Adrian Road,E01030249,East Suffolk 004C,Violence and sexual offences,Local resolution,
1cae42755b7e28aa94785b863d15c10ded0cb0f40359d71033cea383b4131642,2026-02,Suffolk Constabulary,Suffolk Constabulary,1.751187,52.479003,On or near Parking Area,E01030249,East Suffolk 004C,Violence and sexual offences,Unable to prosecute suspect,
2c26924fce82cd2726445f1739d0ce09ce86ea532db8cebffdd75465837a6394,2026-02,Suffolk Constabulary,Suffolk Constabulary,1.752007,52.478258,On or near Regent Road,E01030249,East Suffolk 004C,Violence and sexual offences,Action to be taken by another organisation,
,2026-02,Suffolk Constabulary,Suffolk Constabulary,1.749461,52.479670,On or near Raglan Street,E01030250,East Suffolk 004D,Anti-social behaviour,,
,2026-02,Suffolk Constabulary,Suffolk Constabulary,1.752087,52.474352,On or near Suffolk Road,E01030250,East Suffolk 004D,Anti-social behaviour,,
,2026-02,Suffolk Constabulary,Suffolk Constabulary,1.747136,52.476928,On or near Stanley Street,E01030250,East Suffolk 004D,Anti-social behaviour,,
,2026-02,Suffolk Constabulary,Suffolk Constabulary,1.746765,52.478973,On or near Seago Street,E01030250,East Suffolk 004D,Anti-social behaviour,,
,2026-02,Suffolk Constabulary,Suffolk Constabulary,1.747002,52.476393,On or near Alma Street,E01030250,East Suffolk 004D,Anti-social behaviour,,
,2026-02,Suffolk Constabulary,Suffolk Constabulary,1.749935,52.475031,On or near Bevan Street East,E01030250,East Suffolk 004D,Anti-social behaviour,,
,2026-02,Suffolk Constabulary,Suffolk Constabulary,1.746765,52.478973,On or near Seago Street,E01030250,East Suffolk 004D,Anti-social behaviour,,
,2026-02,Suffolk Constabulary,Suffolk Constabulary,1.747136,52.476928,On or near Stanley Street,E01030250,East Suffolk 004D,Anti-social behaviour,,
,2026-02,Suffolk Constabulary,Suffolk Constabulary,1.753068,52.475319,On or near Grove Road,E01030250,East Suffolk 004D,Anti-social behaviour,,
,2026-02,Suffolk Constabulary,Suffolk Constabulary,1.746182,52.477147,On or near Walton Road,E01030250,East Suffolk 004D,Anti-social behaviour,,
7a02c8ce74b213605b83cc8493c0f999fdf3ac4e5e725d26c5e7dc401f6d0e09,2026-02,Suffolk Constabulary,Suffolk Constabulary,1.748542,52.477522,On or near Till Road,E01030250,East Suffolk 004D,Bicycle theft,Unable to prosecute suspect,
707b8eafaf0c8d5675d0916530652afaf456848d95bc75c3e5c1a10c08ed8cf9,2026-02,Suffolk Constabulary,Suffolk Constabulary,1.749231,52.476790,On or near Rishton Road,E01030250,East Suffolk 004D,Burglary,Investigation complete; no suspect identified,
992fc9f2fb8e489d9dc581d40d7e2776e5ac212ddd2e76995de66b524c0c6f88,2026-02,Suffolk Constabulary,Suffolk Constabulary,1.747002,52.476393,On or near Alma Street,E01030250,East Suffolk 004D,Criminal damage and arson,Investigation complete; no suspect identified,
da9c52942400b364dcbc0253ad3f9c3e6dcaa5b1f1329b461dea62e3c51075d0,2026-02,Suffolk Constabulary,Suffolk Constabulary,1.750043,52.476467,On or near Clapham Road South,E01030250,East Suffolk 004D,Criminal damage and arson,Investigation complete; no suspect identified,
61bef74053f27e5b3158e79da097bbe81ce11fa1451ea1bff981d18867e51fe6,2026-02,Suffolk Constabulary,Suffolk Constabulary,1.747136,52.476928,On or near Stanley Street,E01030250,East Suffolk 004D,Criminal damage and arson,Under investigation,
f7569cf1c37ed8541752220ae4dc614947c5eddfe56b9b8280ca94cde8594b7d,2026-02,Suffolk Constabulary,Suffolk Constabulary,1.748542,52.477522,On or near Till Road,E01030250,East Suffolk 004D,Criminal damage and arson,Investigation complete; no suspect identified,
ae4284f753932c75fcfaefd28a97cd4335048f8fa4e04f696115de40f8b77501,2026-02,Suffolk Constabulary,Suffolk Constabulary,1.752087,52.474352,On or near Suffolk Road,E01030250,East Suffolk 004D,Criminal damage and arson,Unable to prosecute suspect,
03e45b178eebe3824f323d4e4fceda8f4eb7cac01f55773ba50f1b577713c089,2026-02,Suffolk Constabulary,Suffolk Constabulary,1.747505,52.478329,On or near Wollaston Road,E01030250,East Suffolk 004D,Criminal damage and arson,Investigation complete; no suspect identified,
c23e6c0d9597b207ccab575ed6803659ad519a85fda6dcce8468b25c5b878d09,2026-02,Suffolk Constabulary,Suffolk Constabulary,1.749935,52.475031,On or near Bevan Street East,E01030250,East Suffolk 004D,Criminal damage and arson,Investigation complete; no suspect identified,
75a5734131b58646a56283fbf45daa6f0a66596ee7d2f92c57cc62344273b0d6,2026-02,Suffolk Constabulary,Suffolk Constabulary,1.747177,52.475506,On or near Tonning Street,E01030250,East Suffolk 004D,Other theft,Investigation complete; no suspect identified,
b5d375a909b822438378b8173a2e3f3a17b0e2098578807d804935c8d0c9e656,2026-02,Suffolk Constabulary,Suffolk Constabulary,1.747002,52.476393,On or near Alma Street,E01030250,East Suffolk 004D,Other theft,Investigation complete; no suspect identified,
7ee6da38302e9ba56e008ab7d5ee015c6a22c3f3177cbfc97e418d827713c6aa,2026-02,Suffolk Constabulary,Suffolk Constabulary,1.750202,52.473665,On or near Station Square,E01030250,East Suffolk 004D,Other theft,Unable to prosecute suspect,
8deb2ab861ab0d4e793c0795438b5a356b6123e2f062857ddde9e12a7fdf4dd7,2026-02,Suffolk Constabulary,Suffolk Constabulary,1.752087,52.474352,On or near Suffolk Road,E01030250,East Suffolk 004D,Other theft,Awaiting court outcome,
edc3010a08a1ec048eb95b06a1f3b67525dc91df9fd9b065eb4398e3bc0f21de,2026-02,Suffolk Constabulary,Suffolk Constabulary,1.746182,52.477147,On or near Walton Road,E01030250,East Suffolk 004D,Other theft,Investigation complete; no suspect identified,
9810f952141b1d5b1a0b831a61ab08cd9a85d2db3f4e86e61a4acd8a35a5a5d9,2026-02,Suffolk Constabulary,Suffolk Constabulary,1.750202,52.473665,On or near Station Square,E01030250,East Suffolk 004D,Possession of weapons,Under investigation,
ddeeb2c626a00e25c923628e340bdf298f227c2fa0316e17797dabc0b06e8ee4,2026-02,Suffolk Constabulary,Suffolk Constabulary,1.752087,52.474352,On or near Suffolk Road,E01030250,East Suffolk 004D,Public order,Under investigation,
e5a09e0baba018cee4e11d42f3ede164edbfec0eba0b06c0bc79c37ff1eaa7dd,2026-02,Suffolk Constabulary,Suffolk Constabulary,1.752087,52.474352,On or near Suffolk Road,E01030250,East Suffolk 004D,Public order,Unable to prosecute suspect,
bb3d4677a2b590844185263e58726639220bacffe1b3f3e02ef4340522fc11f5,2026-02,Suffolk Constabulary,Suffolk Constabulary,1.747002,52.476393,On or near Alma Street,E01030250,East Suffolk 004D,Public order,Unable to prosecute suspect,
c949d990973b638c15142da6b717054c132222c9b2e83caece060017eea750f7,2026-02,Suffolk Constabulary,Suffolk Constabulary,1.751131,52.475407,On or near Surrey Street,E01030250,East Suffolk 004D,Public order,Investigation complete; no suspect identified,
36a76cb5720c8f495c575befcb5be7cbf53b1936cbb55e802479e0049b648c38,2026-02,Suffolk Constabulary,Suffolk Constabulary,1.749935,52.475031,On or near Bevan Street East,E01030250,East Suffolk 004D,Public order,Under investigation,
f2a5b47fb74fd8ba07248619573b938b1eee2689287f32eb25f9c967a0cb6772,2026-02,Suffolk Constabulary,Suffolk Constabulary,1.752087,52.474352,On or near Suffolk Road,E01030250,East Suffolk 004D,Shoplifting,Awaiting court outcome,
74a39a9b73152899d90b4db912e437c28b272a1e38684933ffe6ba89bbb04337,2026-02,Suffolk Constabulary,Suffolk Constabulary,1.752087,52.474352,On or near Suffolk Road,E01030250,East Suffolk 004D,Shoplifting,Unable to prosecute suspect,
0171003cc993c841b7f99f4b92ee79bf06f8cf40e22849e98ac7b6a9feb8fe04,2026-02,Suffolk Constabulary,Suffolk Constabulary,1.752087,52.474352,On or near Suffolk Road,E01030250,East Suffolk 004D,Shoplifting,Unable to prosecute suspect,
152d5ad067daa690c84651ea7d016bf1f1dac080fb9c0f220592605176ac7199,2026-02,Suffolk Constabulary,Suffolk Constabulary,1.752087,52.474352,On or near Suffolk Road,E01030250,East Suffolk 004D,Shoplifting,Unable to prosecute suspect,
0fdc9f00dedb66c391483d391770beba5a3d26c1e8e904fa6d1cac50ed659d62,2026-02,Suffolk Constabulary,Suffolk Constabulary,1.746716,52.475979,On or near Bevan Street West,E01030250,East Suffolk 004D,Vehicle crime,Unable to prosecute suspect,
9bd206cfa4923e8a27d0af5c8d44a02ebf845614c988987a9fce4c6c63d64ff1,2026-02,Suffolk Constabulary,Suffolk Constabulary,1.746182,52.477147,On or near Walton Road,E01030250,East Suffolk 004D,Vehicle crime,Investigation complete; no suspect identified,
607214fd141a6b2634a3332a43a7687f0e68ef0cea683b4edc2f4a82a7df909a,2026-02,Suffolk Constabulary,Suffolk Constabulary,1.749935,52.475031,On or near Bevan Street East,E01030250,East Suffolk 004D,Vehicle crime,Investigation complete; no suspect identified,
81be5305ff24bca79156f0b325f182defe8c6da3468a5e5fb3908d2c4ff065e4,2026-02,Suffolk Constabulary,Suffolk Constabulary,1.747002,52.476393,On or near Alma Street,E01030250,East Suffolk 004D,Vehicle crime,Investigation complete; no suspect identified,
03cc4aa3c0c3042b92a964d505356f90fe19b804fa80a94a989f163b4d424a58,2026-02,Suffolk Constabulary,Suffolk Constabulary,1.749231,52.476790,On or near Rishton Road,E01030250,East Suffolk 004D,Violence and sexual offences,Unable to prosecute suspect,
7556760915543fd09c50be8cfac64774f3fbe1e074cf8018413b9587ab284c8f,2026-02,Suffolk Constabulary,Suffolk Constabulary,1.752827,52.474562,On or near Beach Mews,E01030250,East Suffolk 004D,Violence and sexual offences,Unable to prosecute suspect,
85d41c373f11fb0ee2e50c5a9663ed5e3f5c4aaf1682d97ed67b69c9cc7e0e3d,2026-02,Suffolk Constabulary,Suffolk Constabulary,1.748648,52.478257,On or near Camp Road,E01030250,East Suffolk 004D,Violence and sexual offences,Unable to prosecute suspect,
5a4e1c01edfe06b53f518fa015e8458f79a43010a4ef41f12d4ddaeb89a8930c,2026-02,Suffolk Constabulary,Suffolk Constabulary,1.747177,52.475506,On or near Tonning Street,E01030250,East Suffolk 004D,Violence and sexual offences,Unable to prosecute suspect,
e46f34ac897a3becf04bc6534280df5c1e760b732a78d70664a9568fe811099a,2026-02,Suffolk Constabulary,Suffolk Constabulary,1.747177,52.475506,On or near Tonning Street,E01030250,East Suffolk 004D,Violence and sexual offences,Offender given a caution,
b19c7cfb3234e4f7e4d7f4c84350f12b5042c7f53916eee6fcec3604b545450c,2026-02,Suffolk Constabulary,Suffolk Constabulary,1.750043,52.476467,On or near Clapham Road South,E01030250,East Suffolk 004D,Violence and sexual offences,Unable to prosecute suspect,
ffe170219a5c3a14437a6c997bd2973662759aa2fe68d9a7f768855428d88124,2026-02,Suffolk Constabulary,Suffolk Constabulary,1.752087,52.474352,On or near Suffolk Road,E01030250,East Suffolk 004D,Violence and sexual offences,Awaiting court outcome,
44a233d2073b37350b58c07a0f557f162fad920a3ae35a6ffca10be248adbf22,2026-02,Suffolk Constabulary,Suffolk Constabulary,1.750202,52.473665,On or near Station Square,E01030250,East Suffolk 004D,Violence and sexual offences,Unable to prosecute suspect,
b02f4bd91f41ed6f2380f0b4188516ce83fab62d88f6c8cb3f1a63fc36fe555d,2026-02,Suffolk Constabulary,Suffolk Constabulary,1.752087,52.474352,On or near Suffolk Road,E01030250,East Suffolk 004D,Violence and sexual offences,Unable to prosecute suspect,
ccc362537033e69cee10f7b11d8617ad53163731b9832cf4659f9b7a60e7e779,2026-02,Suffolk Constabulary,Suffolk Constabulary,1.749935,52.475031,On or near Bevan Street East,E01030250,East Suffolk 004D,Violence and sexual offences,Under investigation,
b268b4f4271855de980810be83c3fb8567e19f9b11ba63d09a23e765b8bc6f26,2026-02,Suffolk Constabulary,Suffolk Constabulary,1.746765,52.478973,On or near Seago Street,E01030250,East Suffolk 004D,Violence and sexual offences,Offender given a caution,
ead70c220ce6857ef42a8a2c10126d86405a13d7d6f2e80763d59514a9845ff8,2026-02,Suffolk Constabulary,Suffolk Constabulary,1.749935,52.475031,On or near Bevan Street East,E01030250,East Suffolk 004D,Violence and sexual offences,Action to be taken by another organisation,
027b474dde250508e6258fc9be72f4d9e4c12e5fd14090b21d47eb18629047ff,2026-02,Suffolk Constabulary,Suffolk Constabulary,1.753085,52.474824,On or near Beach Road,E01030250,East Suffolk 004D,Violence and sexual offences,Unable to prosecute suspect,
fda646a053962b3f50ce14f3cbfcf318265825daf2646864e4e29c4b0cb95b3f,2026-02,Suffolk Constabulary,Suffolk Constabulary,1.749461,52.479670,On or near Raglan Street,E01030250,East Suffolk 004D,Violence and sexual offences,Under investigation,
99ef75b23abf90409894ba27d0dd5ba45e8f78b58638c4c3f57904e46610375f,2026-02,Suffolk Constabulary,Suffolk Constabulary,1.748542,52.477522,On or near Till Road,E01030250,East Suffolk 004D,Violence and sexual offences,Action to be taken by another organisation,
8a8aebbfb349d6b187ec4487c271f347dbf7d239c4fc1271e54365bbcabd6c9e,2026-02,Suffolk Constabulary,Suffolk Constabulary,1.749935,52.475031,On or near Bevan Street East,E01030250,East Suffolk 004D,Violence and sexual offences,Under investigation,
5d8f2dd6e5499db79dd1715f6305487ce5fd82b391f97ebe97fbd8caf508e2e8,2026-02,Suffolk Constabulary,Suffolk Constabulary,1.746765,52.478973,On or near Seago Street,E01030250,East Suffolk 004D,Violence and sexual offences,Investigation complete; no suspect identified,
f46c16f2b3a0ff50ba83e03fef640dced74943ceab569925e9efd4a4e24aec1d,2026-02,Suffolk Constabulary,Suffolk Constabulary,1.743248,52.475037,On or near Denmark Road,E01030250,East Suffolk 004D,Violence and sexual offences,Unable to prosecute suspect,
1c131d47416aaec2ac230ea67350f9a53a61f9b7c4d856f9bb1d42f1915ed786,2026-02,Suffolk Constabulary,Suffolk Constabulary,1.751131,52.475407,On or near Surrey Street,E01030250,East Suffolk 004D,Violence and sexual offences,Awaiting court outcome,
6ddb7676313f78e15def60837015953016ce55965e7f6e62b49f7897f245fe65,2026-02,Suffolk Constabulary,Suffolk Constabulary,1.749935,52.475031,On or near Bevan Street East,E01030250,East Suffolk 004D,Violence and sexual offences,Unable to prosecute suspect,
33dacd3b7179e172dc585112c314200ac75a6a6a760ab92c7857539fbdafe01f,2026-02,Suffolk Constabulary,Suffolk Constabulary,1.750043,52.476467,On or near Clapham Road South,E01030250,East Suffolk 004D,Violence and sexual offences,Unable to prosecute suspect,
3fa9e7e1b7a924b182003811495ad2146b35ee9b990d626448f853adb782be6a,2026-02,Suffolk Constabulary,Suffolk Constabulary,1.750202,52.473665,On or near Station Square,E01030250,East Suffolk 004D,Violence and sexual offences,Unable to prosecute suspect,
f5923f216d42b7e6c60d4d8ca6b5ce21c678aabcb32e40957dbf6a23d9cfa0dd,2026-02,Suffolk Constabulary,Suffolk Constabulary,1.750202,52.473665,On or near Station Square,E01030250,East Suffolk 004D,Violence and sexual offences,Unable to prosecute suspect,
d63b95cacf7a141e750615f0360f705a7680cf728b44d6b061b716829b14a895,2026-02,Suffolk Constabulary,Suffolk Constabulary,1.748187,52.477165,On or near Summer Road,E01030250,East Suffolk 004D,Violence and sexual offences,Action to be taken by another organisation,
b25b645f1e5b197494663c11ab94daa997f1ceea920e979702cf6f27ec76ff9a,2026-02,Suffolk Constabulary,Suffolk Constabulary,1.752087,52.474352,On or near Suffolk Road,E01030250,East Suffolk 004D,Violence and sexual offences,Investigation complete; no suspect identified,
fe46a13042c58f90a0561f41c11aa373c115050930f17e2e9c01fa433b1e5bf1,2026-02,Suffolk Constabulary,Suffolk Constabulary,1.748542,52.477522,On or near Till Road,E01030250,East Suffolk 004D,Other crime,Unable to prosecute suspect,
,2026-02,Suffolk Constabulary,Suffolk Constabulary,1.738712,52.478688,On or near Fillisters Mews,E01030264,East Suffolk 004E,Anti-social behaviour,,
,2026-02,Suffolk Constabulary,Suffolk Constabulary,1.745770,52.479058,On or near Ethel Road,E01030264,East Suffolk 004E,Anti-social behaviour,,
baeda1e078c6979895b888796b1237c8394c33d8beb8d21ecad5550286041bd6,2026-02,Suffolk Constabulary,Suffolk Constabulary,1.737026,52.478436,On or near Norfolk Street,E01030264,East Suffolk 004E,Public order,Unable to prosecute suspect,
999b06b167c1afe805cb63421f9ecef20b6f7d1587a6c20971a5c73588110077,2026-02,Suffolk Constabulary,Suffolk Constabulary,1.734997,52.478482,On or near Supermarket,E01030264,East Suffolk 004E,Shoplifting,Investigation complete; no suspect identified,
4d6bf6593be5744aadb0d35ac1e6ced22071643b0f9f59db1ce9b68db567c356,2026-02,Suffolk Constabulary,Suffolk Constabulary,1.734997,52.478482,On or near Supermarket,E01030264,East Suffolk 004E,Shoplifting,Investigation complete; no suspect identified,
7ea856ebd32e165b281f4e934c5034bb69161006f5e23213c6942f79e30588aa,2026-02,Suffolk Constabulary,Suffolk Constabulary,1.730648,52.476952,On or near Supermarket,E01030264,East Suffolk 004E,Shoplifting,Under investigation,
c2052961e49884de8cd9f59b13217d468d8bdf8ee27f6c93fd1a0cb2130eaec1,2026-02,Suffolk Constabulary,Suffolk Constabulary,1.730648,52.476952,On or near Supermarket,E01030264,East Suffolk 004E,Vehicle crime,Investigation complete; no suspect identified,
8c1ccc0e3e6f2bd91ceb051ce692ed555a209ce0d9123b4636e67c3d3055f5f9,2026-02,Suffolk Constabulary,Suffolk Constabulary,1.738712,52.478688,On or near Fillisters Mews,E01030264,East Suffolk 004E,Violence and sexual offences,Investigation complete; no suspect identified,
4b172ab71a805f7d6931b96b83f4888be99b02fdddeb1f70408912348e9b1f2c,2026-02,Suffolk Constabulary,Suffolk Constabulary,1.733249,52.477332,On or near North Quay Retail Park,E01030264,East Suffolk 004E,Violence and sexual offences,Under investigation,
7becb051a7975425d8521cca830728c2eb570e4653689ceb450654cf6cc0296a,2026-02,Suffolk Constabulary,Suffolk Constabulary,1.736607,52.476623,On or near Eastern Way,E01030264,East Suffolk 004E,Violence and sexual offences,Unable to prosecute suspect,
6d65828816df2d0b2e1b65634407b31e8f5d5ce7578c20216d203aeaa48c00f1,2026-02,Suffolk Constabulary,Suffolk Constabulary,1.742961,52.477375,On or near Union Road,E01030264,East Suffolk 004E,Violence and sexual offences,Under investigation,
81d1d7ee5673937f0f576b1047f26c7cb5bc425137f9cd12193d1f80fc320c61,2026-02,Suffolk Constabulary,Suffolk Constabulary,1.740928,52.476333,On or near Clemence Street,E01030265,East Suffolk 004F,Criminal damage and arson,Unable to prosecute suspect,
b1a0f3fd17b17d877e34a0af9c6cb309052eb8dd14c4b892a3513fa027d30a88,2026-02,Suffolk Constabulary,Suffolk Constabulary,1.739973,52.476364,On or near Stevens Street,E01030265,East Suffolk 004F,Vehicle crime,Investigation complete; no suspect identified,
d2f8e4d009e97d9e605f90a96e51b7bb4c318a80051f5dbf577660dbd6592733,2026-02,Suffolk Constabulary,Suffolk Constabulary,1.741796,52.475631,On or near Hervey Street,E01030265,East Suffolk 004F,Violence and sexual offences,Under investigation,
e51460bbd3f86c3540bdb6938b5fa24c2921363c1a1f17d250fba524b3e23b34,2026-02,Suffolk Constabulary,Suffolk Constabulary,1.745472,52.475722,On or near Trafalgar Street,E01030265,East Suffolk 004F,Violence and sexual offences,Under investigation,
87911f1a0a25e85aa44699205b02f4a211444d1dfc8fc14c114dc2b4ccc46ab7,2026-02,Suffolk Constabulary,Suffolk Constabulary,1.745418,52.478035,On or near Haward Street,E01030265,East Suffolk 004F,Violence and sexual offences,Unable to prosecute suspect,
195373be923de834ce8b2143ef0e1e6cb23260e7426a2a230229cbe84036c34b,2026-02,Suffolk Constabulary,Suffolk Constabulary,1.741796,52.475631,On or near Hervey Street,E01030265,East Suffolk 004F,Violence and sexual offences,Unable to prosecute suspect,
56f16bb998f2f41333dee564339c690ffe61513f6ead4a09d010c91b310bf71a,2026-02,Suffolk Constabulary,Suffolk Constabulary,1.743039,52.476734,On or near Ashby Road,E01030265,East Suffolk 004F,Violence and sexual offences,Unable to prosecute suspect,
abf89697ea1c2b7e4bf2bbea75c607133a8a1e80f03f3396cafc13e95c277c76,2026-02,Suffolk Constabulary,Suffolk Constabulary,1.745418,52.478035,On or near Haward Street,E01030265,East Suffolk 004F,Violence and sexual offences,Unable to prosecute suspect,
f4911881c4c38488fb7e7a8a04aa54eef94a0f347ca493c8d99dadf7a314f1ca,2026-02,Suffolk Constabulary,Suffolk Constabulary,1.744952,52.478095,On or near Roman Road,E01030265,East Suffolk 004F,Other crime,Under investigation,
,2026-02,Suffolk Constabulary,Suffolk Constabulary,1.736990,52.471943,On or near Riverside Road,E01030255,East Suffolk 005A,Anti-social behaviour,,
,2026-02,Suffolk Constabulary,Suffolk Constabulary,1.729332,52.468991,On or near Notley Road,E01030255,East Suffolk 005A,Anti-social behaviour,,
ed4f82f12b82c705abcfa2d7c87ae011cf1a372309031afeca7039a2fed8543d,2026-02,Suffolk Constabulary,Suffolk Constabulary,1.730998,52.470405,On or near Waveney Crescent,E01030255,East Suffolk 005A,Criminal damage and arson,Investigation complete; no suspect identified,
afcd0bc61a62860b363609133df1925b92674d2d70f2145836fee9b8e9fe8271,2026-02,Suffolk Constabulary,Suffolk Constabulary,1.730998,52.470405,On or near Waveney Crescent,E01030255,East Suffolk 005A,Criminal damage and arson,Unable to prosecute suspect,
050dd4ed45ba69f9fc2ac59865a86011f05ca480109057ef0c5524d0c752566b,2026-02,Suffolk Constabulary,Suffolk Constabulary,1.729332,52.468991,On or near Notley Road,E01030255,East Suffolk 005A,Public order,Unable to prosecute suspect,
41c3ff9d8394731034bc63ab6db5cc02e9256e015525a5d9d8a3b5c4b329a6ed,2026-02,Suffolk Constabulary,Suffolk Constabulary,1.733726,52.470787,On or near Waveney Drive,E01030255,East Suffolk 005A,Violence and sexual offences,Unable to prosecute suspect,
d7016707ad61cc048a29c73b3de1c682c4f16d00fc3ba61b14a1243b36cc9ebe,2026-02,Suffolk Constabulary,Suffolk Constabulary,1.729332,52.468991,On or near Notley Road,E01030255,East Suffolk 005A,Violence and sexual offences,Action to be taken by another organisation,
08bdad724d58bc56ad3306a43579d38d4895b186212309674034a97050757824,2026-02,Suffolk Constabulary,Suffolk Constabulary,1.729332,52.468991,On or near Notley Road,E01030255,East Suffolk 005A,Violence and sexual offences,Investigation complete; no suspect identified,
6c4d782c7ca17b9c2ea3170792bf8458dc440e56779d00c2868d93eb767a9922,2026-02,Suffolk Constabulary,Suffolk Constabulary,1.733726,52.470787,On or near Waveney Drive,E01030255,East Suffolk 005A,Violence and sexual offences,Unable to prosecute suspect,
1e398fdceafb37a71a7563203703ae69b27e567cf4764835681bd4662f17844f,2026-02,Suffolk Constabulary,Suffolk Constabulary,1.730938,52.469696,On or near Kimberley Road,E01030255,East Suffolk 005A,Violence and sexual offences,Unable to prosecute suspect,
4e65f60f4eb9a58e2c87e53c6a18b9d5f38cebcb35e6a25199f5620de0b65479,2026-02,Suffolk Constabulary,Suffolk Constabulary,1.733726,52.470787,On or near Waveney Drive,E01030255,East Suffolk 005A,Violence and sexual offences,Under investigation,
e9af088c50c11f7244ff471c73ae2343626e419e9d146129e07e79e98b4523aa,2026-02,Suffolk Constabulary,Suffolk Constabulary,1.728644,52.481228,On or near Parkside Drive,E01030263,East Suffolk 005B,Criminal damage and arson,Investigation complete; no suspect identified,
e587f27e7836c28252bda2feeb35e3f2b2c7ec0a5fe9d4bf02d36d17fb446e1c,2026-02,Suffolk Constabulary,Suffolk Constabulary,1.730001,52.483515,On or near Normanshurst Close,E01030263,East Suffolk 005B,Violence and sexual offences,Unable to prosecute suspect,
217dd388828d299336f4d2b63f84818874c6889209e0cbf73f78f7a91c61299a,2026-02,Suffolk Constabulary,Suffolk Constabulary,1.730001,52.483515,On or near Normanshurst Close,E01030263,East Suffolk 005B,Violence and sexual offences,Unable to prosecute suspect,
8d0de6c3a66ac4d7d4373978a5b4e1eacfa10e0960739313e4e654c6618e0b14,2026-02,Suffolk Constabulary,Suffolk Constabulary,1.715417,52.478290,On or near Holly Road,E01030270,East Suffolk 005C,Bicycle theft,Investigation complete; no suspect identified,
194f837e85981e259e25e8a6ee15b4758b6add4ae6a62c221715efea99452c29,2026-02,Suffolk Constabulary,Suffolk Constabulary,1.712411,52.477233,On or near Commodore Road,E01030270,East Suffolk 005C,Theft from the person,Unable to prosecute suspect,
52cf86ce347bc74a49ee6658111e1dd074330581f1a2690c783c2bd4ccca2cb3,2026-02,Suffolk Constabulary,Suffolk Constabulary,1.715396,52.477346,On or near George Close,E01030270,East Suffolk 005C,Vehicle crime,Investigation complete; no suspect identified,
65d4b53e22671694b8f8ee3439623595d020b83c7c9454a6a1f0760e3730cc4e,2026-02,Suffolk Constabulary,Suffolk Constabulary,1.715396,52.477346,On or near George Close,E01030270,East Suffolk 005C,Violence and sexual offences,Under investigation,
9ed80e0a7e25daed70d0e2404b4938d403b91682387fb4140d843b879dd576b2,2026-02,Suffolk Constabulary,Suffolk Constabulary,1.720844,52.479405,On or near Lakeland Drive,E01030270,East Suffolk 005C,Violence and sexual offences,Unable to prosecute suspect,
b37b12b75bd5f08728deea071ef7891a0315353f9b69b5aa109aafa56acac8c5,2026-02,Suffolk Constabulary,Suffolk Constabulary,1.720844,52.479405,On or near Lakeland Drive,E01030270,East Suffolk 005C,Violence and sexual offences,Unable to prosecute suspect,
,2026-02,Suffolk Constabulary,Suffolk Constabulary,1.716020,52.471992,On or near Stanley Road,E01030289,East Suffolk 005D,Anti-social behaviour,,
7a995681f57b1923d9cc18db45496c5d5b994565e1941049027f4eda495a59db,2026-02,Suffolk Constabulary,Suffolk Constabulary,1.708450,52.472536,On or near Parking Area,E01030289,East Suffolk 005D,Burglary,Investigation complete; no suspect identified,
dbf3e81894075e1dc720838a6d51c7c4b33aa0b6dea011fbeecb72ac0f9c5725,2026-02,Suffolk Constabulary,Suffolk Constabulary,1.708810,52.474009,On or near Parking Area,E01030289,East Suffolk 005D,Criminal damage and arson,Offender given a caution,
02147b967d402a14b1f4a4875939c8b3bbf25f3876d983c5534d8a6c31c645c5,2026-02,Suffolk Constabulary,Suffolk Constabulary,1.708849,52.469043,On or near Sycamore Avenue,E01030289,East Suffolk 005D,Other theft,Investigation complete; no suspect identified,
d1f8b442da16abb5ef4f3c90a65714c6aaa489ddb2a234c745076328025bed38,2026-02,Suffolk Constabulary,Suffolk Constabulary,1.708810,52.474009,On or near Parking Area,E01030289,East Suffolk 005D,Public order,Under investigation,
aae46d84a14fd0258f89bd044d28eb91c27e44233ff87210f2a62f1582249bf2,2026-02,Suffolk Constabulary,Suffolk Constabulary,1.708810,52.474009,On or near Parking Area,E01030289,East Suffolk 005D,Violence and sexual offences,Under investigation,
6116f71dce8810fd2b039b6cffcba86109b464778a3be72791b5886f1c3d35b1,2026-02,Suffolk Constabulary,Suffolk Constabulary,1.708810,52.474009,On or near Parking Area,E01030289,East Suffolk 005D,Violence and sexual offences,Unable to prosecute suspect,
5ac77c4c96901bd4a1cb97876d988f2f8a62823b73722655b37df8f6ada5e366,2026-02,Suffolk Constabulary,Suffolk Constabulary,1.708810,52.474009,On or near Parking Area,E01030289,East Suffolk 005D,Violence and sexual offences,Under investigation,
27985ca5185121ede341952863a28a61f558ccf11e3dd1b798afd494dcb50d59,2026-02,Suffolk Constabulary,Suffolk Constabulary,1.724808,52.469314,On or near Burnham Way,E01030289,East Suffolk 005D,Violence and sexual offences,Investigation complete; no suspect identified,
fe74a3f7ab63fef7ac8cc0142d89259c0e895fd89ac9ef0fc7b85d810d649b52,2026-02,Suffolk Constabulary,Suffolk Constabulary,1.708810,52.474009,On or near Parking Area,E01030289,East Suffolk 005D,Violence and sexual offences,Under investigation,
8f7025ab59fc3efec7229253271c4a984d1a88651397ae23a9367275b6ae93c9,2026-02,Suffolk Constabulary,Suffolk Constabulary,1.716020,52.471992,On or near Stanley Road,E01030289,East Suffolk 005D,Violence and sexual offences,Unable to prosecute suspect,
f9515d8b6f99bcb96d323b0a40e13e2242412ea24a229d5e18e81201147b5e9f,2026-02,Suffolk Constabulary,Suffolk Constabulary,1.716020,52.471992,On or near Stanley Road,E01030289,East Suffolk 005D,Violence and sexual offences,Unable to prosecute suspect,
608d84166a0b9992af97736aa3275f9a6b5f583a9828e261f76c3a713def3c3e,2026-02,Suffolk Constabulary,Suffolk Constabulary,1.708810,52.474009,On or near Parking Area,E01030289,East Suffolk 005D,Violence and sexual offences,Under investigation,
7bfc9e41c08988ebd3795415579b91e5b4a0c529e20154c54e362ba9eb644304,2026-02,Suffolk Constabulary,Suffolk Constabulary,1.708810,52.474009,On or near Parking Area,E01030289,East Suffolk 005D,Violence and sexual offences,Under investigation,
44f60f64b16fd4bf05e67138e3d45d23048b36ddc5242ae0ab76f2c4705665c6,2026-02,Suffolk Constabulary,Suffolk Constabulary,1.716020,52.471992,On or near Stanley Road,E01030289,East Suffolk 005D,Violence and sexual offences,Unable to prosecute suspect,
1b5896d89e7363091664f2006c39d8725099050e549b3a0491b1e5cce3c2b65a,2026-02,Suffolk Constabulary,Suffolk Constabulary,1.718428,52.471377,On or near Nelson Wharf,E01030289,East Suffolk 005D,Other crime,Action to be taken by another organisation,
,2026-02,Suffolk Constabulary,Suffolk Constabulary,1.716639,52.469553,On or near Rookery Close,E01030290,East Suffolk 005E,Anti-social behaviour,,
e9e67fad8ac914b1397d3edbcb62bd44b29b86756d8613aa063d7b34f1f30b3b,2026-02,Suffolk Constabulary,Suffolk Constabulary,1.722908,52.469662,On or near Dell Road East,E01030290,East Suffolk 005E,Criminal damage and arson,Under investigation,
e490c3a73b21f654d882456a3ea885273791c6d34c45a0506b4ff1f831b1afa5,2026-02,Suffolk Constabulary,Suffolk Constabulary,1.719144,52.468872,On or near Lavender Close,E01030290,East Suffolk 005E,Public order,Under investigation,
40f902933f6694c27314d57f1ea4b7977a19519dec148e62046d075ac9cc4082,2026-02,Suffolk Constabulary,Suffolk Constabulary,1.712091,52.470821,On or near Beeches Mobilehome Park,E01030290,East Suffolk 005E,Violence and sexual offences,Action to be taken by another organisation,
,2026-02,Suffolk Constabulary,Suffolk Constabulary,1.755122,52.484554,On or near The Hemplands,E01030247,East Suffolk 006A,Anti-social behaviour,,
,2026-02,Suffolk Constabulary,Suffolk Constabulary,1.754729,52.481329,On or near Parking Area,E01030247,East Suffolk 006A,Anti-social behaviour,,
0a0886e3bd1f6f3ec97a24c3911e19cd2b9728abee95be229e7ea0f5c22c14e5,2026-02,Suffolk Constabulary,Suffolk Constabulary,1.755122,52.484554,On or near The Hemplands,E01030247,East Suffolk 006A,Burglary,Investigation complete; no suspect identified,
840c037e487b3f0b2a353fafead53da6d19f44ab838784e5019181c5c2313f5c,2026-02,Suffolk Constabulary,Suffolk Constabulary,1.754707,52.480376,On or near Triangle Yard,E01030247,East Suffolk 006A,Criminal damage and arson,Investigation complete; no suspect identified,
ab58c86c9376db15f1391cb66b37d2563b05f0815acad6c5ca8f757d04a17d67,2026-02,Suffolk Constabulary,Suffolk Constabulary,1.758724,52.477388,On or near Trinity Road,E01030247,East Suffolk 006A,Criminal damage and arson,Investigation complete; no suspect identified,
0bd1f594152180a7df8361254e2ab0c49c966b84c5db9ae16535016bd2792451,2026-02,Suffolk Constabulary,Suffolk Constabulary,1.753286,52.476670,On or near Shopping Area,E01030247,East Suffolk 006A,Criminal damage and arson,Investigation complete; no suspect identified,
69ff5e25f3b480828b0b026be0f37f4084abf10b18c31f83fe391d622d7094ef,2026-02,Suffolk Constabulary,Suffolk Constabulary,1.752609,52.482385,On or near Elim Terrace,E01030247,East Suffolk 006A,Criminal damage and arson,Unable to prosecute suspect,
ab832dfea185b98e56fe83ef9e18cf6f7025f92c701c494341ed2c8ae84182f5,2026-02,Suffolk Constabulary,Suffolk Constabulary,1.755645,52.482568,On or near Crown Street East,E01030247,East Suffolk 006A,Criminal damage and arson,Unable to prosecute suspect,
c461e3b50fdec7439c76ea6c2088335be8157ffab394ae86169999c749c92ff5,2026-02,Suffolk Constabulary,Suffolk Constabulary,1.754707,52.480376,On or near Triangle Yard,E01030247,East Suffolk 006A,Criminal damage and arson,Local resolution,
413b2449337afb1f8580222ded3c6aa2fa6d80cb2d77059e4113ddb09d358457,2026-02,Suffolk Constabulary,Suffolk Constabulary,1.755057,52.481543,On or near Dukes Head Street,E01030247,East Suffolk 006A,Criminal damage and arson,Unable to prosecute suspect,
e5afd314394e0132f0def5643a0b76014ba56624791475970049cbba17e45d28,2026-02,Suffolk Constabulary,Suffolk Constabulary,1.752072,52.484723,On or near Queen'S Road,E01030247,East Suffolk 006A,Criminal damage and arson,Investigation complete; no suspect identified,
fdc479b968b396fd4777c16d9490fc8ad3501adb8c0e3fbde866ecde47fd64ec,2026-02,Suffolk Constabulary,Suffolk Constabulary,1.756852,52.479093,On or near Herring Fishery Score,E01030247,East Suffolk 006A,Drugs,Under investigation,
8d0ce56de36a3136cac00c8b0bb3a17dd5706acba2c344826ffbf753dbd6d7b1,2026-02,Suffolk Constabulary,Suffolk Constabulary,1.752072,52.484723,On or near Queen'S Road,E01030247,East Suffolk 006A,Other theft,Investigation complete; no suspect identified,
1a5687c9d2224ff0a3197c4344a79f6969f3d684e20b9d6d2e0127f7cbde1816,2026-02,Suffolk Constabulary,Suffolk Constabulary,1.755935,52.484671,On or near Petrol Station,E01030247,East Suffolk 006A,Other theft,Investigation complete; no suspect identified,
00bac5d6ff8054f25b7c2bd2471fac82d48e2b9bd1d0c1efcbdeca17b8c6a6a9,2026-02,Suffolk Constabulary,Suffolk Constabulary,1.757997,52.480253,On or near Cumberland Place,E01030247,East Suffolk 006A,Other theft,Under investigation,
4b7ccd93eeb87cc1794300f3375eea65b0cbecce5e82b9c18f3889874714c86f,2026-02,Suffolk Constabulary,Suffolk Constabulary,1.755831,52.483884,On or near Albany Road,E01030247,East Suffolk 006A,Other theft,Investigation complete; no suspect identified,
dd4c49803c155f7f08a76fa282addfa2526cf0454560bae1477ff3c3d29b0f62,2026-02,Suffolk Constabulary,Suffolk Constabulary,1.754523,52.482882,On or near White Horse Street,E01030247,East Suffolk 006A,Possession of weapons,Unable to prosecute suspect,
146e0806809c0e7a3ebc926cec4c9b4e6ca9e0e2dbd79dd503d0696a8f51bd0e,2026-02,Suffolk Constabulary,Suffolk Constabulary,1.754434,52.478208,On or near London Road North,E01030247,East Suffolk 006A,Public order,Unable to prosecute suspect,
b620ac9ef4efca601d8eec6c352357dbf6f0df9ee08fa972e636bcd15d315b61,2026-02,Suffolk Constabulary,Suffolk Constabulary,1.756852,52.479093,On or near Herring Fishery Score,E01030247,East Suffolk 006A,Public order,Local resolution,
330453622e52486d9b8f612f72591ae509474794819a13f0dc401402daa4c05f,2026-02,Suffolk Constabulary,Suffolk Constabulary,1.756852,52.479093,On or near Herring Fishery Score,E01030247,East Suffolk 006A,Public order,Local resolution,
c16a9d1b3ffe2708a82bc92e566bff0866b6033139985db113dd7985b1fa5188,2026-02,Suffolk Constabulary,Suffolk Constabulary,1.756110,52.482661,On or near High Street,E01030247,East Suffolk 006A,Public order,Awaiting court outcome,
17ae708ed452ae78589540c3022ed6f1f9666661d1d8b778cfd9b95aa69b11ac,2026-02,Suffolk Constabulary,Suffolk Constabulary,1.756852,52.479093,On or near Herring Fishery Score,E01030247,East Suffolk 006A,Public order,Under investigation,
80747ce52e68cb549ccdc02e2effac07d33beb27aa0102ba48ba58dba3e59f44,2026-02,Suffolk Constabulary,Suffolk Constabulary,1.752591,52.475775,On or near Shopping Area,E01030247,East Suffolk 006A,Robbery,Investigation complete; no suspect identified,
e7396faf9dccdfe6ae4f96834119ce01fc43ee2a37ea6cf218240e1e1c660048,2026-02,Suffolk Constabulary,Suffolk Constabulary,1.753387,52.475947,On or near Theatre/Concert Hall,E01030247,East Suffolk 006A,Shoplifting,Awaiting court outcome,
8bb2e075c6522481ab0cbd330dd3e846c14832fb5f62e5655750f34398397cdf,2026-02,Suffolk Constabulary,Suffolk Constabulary,1.752591,52.475775,On or near Shopping Area,E01030247,East Suffolk 006A,Shoplifting,Investigation complete; no suspect identified,
703a7a88702461e9e0a700809ecd9d146848241078f493f76b0a68123e404645,2026-02,Suffolk Constabulary,Suffolk Constabulary,1.752591,52.475775,On or near Shopping Area,E01030247,East Suffolk 006A,Shoplifting,Investigation complete; no suspect identified,
aebcc989fc9a7e1ea139995216c2847e29b8c2bed662cc161c2c70ea51f66c98,2026-02,Suffolk Constabulary,Suffolk Constabulary,1.753387,52.475947,On or near Theatre/Concert Hall,E01030247,East Suffolk 006A,Shoplifting,Awaiting court outcome,
6ee0b6b1df0cbea634c367606904c6a30621a625a36e8ae0b82abd658907c2f2,2026-02,Suffolk Constabulary,Suffolk Constabulary,1.755935,52.484671,On or near Petrol Station,E01030247,East Suffolk 006A,Shoplifting,Unable to prosecute suspect,
6b84fb2de41ab94f8b348e8d7c39a135f949938d0d0a3c110cecc79afe378479,2026-02,Suffolk Constabulary,Suffolk Constabulary,1.758148,52.477019,On or near Hamilton Road,E01030247,East Suffolk 006A,Vehicle crime,Under investigation,
b07fcf0184b9877cd61b687bbf1155673678154a142b37d934da11cc9661b904,2026-02,Suffolk Constabulary,Suffolk Constabulary,1.752072,52.484723,On or near Queen'S Road,E01030247,East Suffolk 006A,Vehicle crime,Investigation complete; no suspect identified,
6fdf769594e3f3e44439156d94c897100821bfc76469337f13390d10ea4a2452,2026-02,Suffolk Constabulary,Suffolk Constabulary,1.758673,52.483173,On or near Whapload Road,E01030247,East Suffolk 006A,Violence and sexual offences,Unable to prosecute suspect,
9817ad1d70d3992b4da499cc4ca5bae60ee747f144a2e55673e8017d98467c5e,2026-02,Suffolk Constabulary,Suffolk Constabulary,1.755559,52.484495,On or near Camden Street,E01030247,East Suffolk 006A,Violence and sexual offences,Unable to prosecute suspect,
acb4ffdf4b835049d1e40183f3db96908ce181b0a18d921e1abb69960d7e8438,2026-02,Suffolk Constabulary,Suffolk Constabulary,1.755831,52.483884,On or near Albany Road,E01030247,East Suffolk 006A,Violence and sexual offences,Action to be taken by another organisation,
f2b70c6a65c41aad1098e50663ac6cdd1fe837eaf9c703a289d325ff44d5f37a,2026-02,Suffolk Constabulary,Suffolk Constabulary,1.757943,52.488953,On or near Parking Area,E01030247,East Suffolk 006A,Violence and sexual offences,Unable to prosecute suspect,
f15e9a59d6bb600a9fd2cdd78c70564087c741a470d67a05851b2762e67493ab,2026-02,Suffolk Constabulary,Suffolk Constabulary,1.754523,52.482882,On or near White Horse Street,E01030247,East Suffolk 006A,Violence and sexual offences,Investigation complete; no suspect identified,
3fbe2286c5a320bf8590abb7b307ab6cea55e06e9a62b642f02543f4e25ffa1d,2026-02,Suffolk Constabulary,Suffolk Constabulary,1.752072,52.484723,On or near Queen'S Road,E01030247,East Suffolk 006A,Violence and sexual offences,Unable to prosecute suspect,
22d0a2473e97ab37a28ecf3a59005e5ef2937ad02223d4df5d6ad7563e02a512,2026-02,Suffolk Constabulary,Suffolk Constabulary,1.752072,52.484723,On or near Queen'S Road,E01030247,East Suffolk 006A,Violence and sexual offences,Under investigation,
91f6476e82f4455f13357db420bb4a51a016120b54681363acea1b4bbe7c439e,2026-02,Suffolk Constabulary,Suffolk Constabulary,1.755831,52.483884,On or near Albany Road,E01030247,East Suffolk 006A,Violence and sexual offences,Local resolution,
8914e0c618b8eb44f7f1ee048fdf1e65f436cf3b9bb26bb437b0a0bb86579640,2026-02,Suffolk Constabulary,Suffolk Constabulary,1.757943,52.488953,On or near Parking Area,E01030247,East Suffolk 006A,Violence and sexual offences,Local resolution,
dffc54053f9e2b261bb2ef628c0581bf5cb6ff97fdd4da306b3422c09bb22cd6,2026-02,Suffolk Constabulary,Suffolk Constabulary,1.754523,52.482882,On or near White Horse Street,E01030247,East Suffolk 006A,Violence and sexual offences,Unable to prosecute suspect,
d0495359e3611aaef3cad21a37237ec75c8252607c2ed4533ff81a2e9695346e,2026-02,Suffolk Constabulary,Suffolk Constabulary,1.755454,52.483087,On or near Compass Street,E01030247,East Suffolk 006A,Violence and sexual offences,Awaiting court outcome,
5383bb05a74c53a890ddd3cf4cdb096e2d0445ca5a4f04680490cdbbae8915ba,2026-02,Suffolk Constabulary,Suffolk Constabulary,1.752609,52.482385,On or near Elim Terrace,E01030247,East Suffolk 006A,Violence and sexual offences,Unable to prosecute suspect,
776918c04ce80776eeab3b4f45045e3f932f6b173c5244b37199363f0ccad4ba,2026-02,Suffolk Constabulary,Suffolk Constabulary,1.758673,52.483173,On or near Whapload Road,E01030247,East Suffolk 006A,Violence and sexual offences,Unable to prosecute suspect,
27f48c4dbffd02962419ea0017b4a45f775783a3d3da36a4c4a96d2c52e21d1f,2026-02,Suffolk Constabulary,Suffolk Constabulary,1.752193,52.483199,On or near Crown Street West,E01030247,East Suffolk 006A,Violence and sexual offences,Action to be taken by another organisation,
a4207c8c4ef20f068eced5eeee15bd22a45f86dfd584b461feec947bd2314a93,2026-02,Suffolk Constabulary,Suffolk Constabulary,1.754434,52.478208,On or near London Road North,E01030247,East Suffolk 006A,Violence and sexual offences,Unable to prosecute suspect,
ec85ee7005d3ccd3d2fbf84b92b163c186f2ca55e719ba7d281e4bc654956b2a,2026-02,Suffolk Constabulary,Suffolk Constabulary,1.754434,52.478208,On or near London Road North,E01030247,East Suffolk 006A,Violence and sexual offences,Unable to prosecute suspect,
a7618631874012b0d55d4dc6ffdf8376517627c8a9d51effafc32061159f5267,2026-02,Suffolk Constabulary,Suffolk Constabulary,1.754668,52.488904,On or near The Ravine,E01030247,East Suffolk 006A,Violence and sexual offences,Unable to prosecute suspect,
82019f2e83a03704c2cf9c7c0ab2779b11ca1153144469cef0768d3344e010a5,2026-02,Suffolk Constabulary,Suffolk Constabulary,1.756852,52.479093,On or near Herring Fishery Score,E01030247,East Suffolk 006A,Violence and sexual offences,Unable to prosecute suspect,
,2026-02,Suffolk Constabulary,Suffolk Constabulary,1.742948,52.466645,On or near Lawson Court,E01030254,East Suffolk 006B,Anti-social behaviour,,
79b292961e38e114f917dbd6107ac1c01d27c7b067a1a85d00b8399114858fcb,2026-02,Suffolk Constabulary,Suffolk Constabulary,1.739472,52.466125,On or near Lorne Road,E01030254,East Suffolk 006B,Public order,Unable to prosecute suspect,
755d956c174dfc766201856a68c1332f02f29aaf999ec51ad2e01bd678686918,2026-02,Suffolk Constabulary,Suffolk Constabulary,1.739115,52.465039,On or near Lovewell Road,E01030254,East Suffolk 006B,Violence and sexual offences,Unable to prosecute suspect,
26a1ec1c435d1087ec99949eb39d26019555f53c46d5a3348da63ee5b5e91539,2026-02,Suffolk Constabulary,Suffolk Constabulary,1.739472,52.466125,On or near Lorne Road,E01030254,East Suffolk 006B,Violence and sexual offences,Action to be taken by another organisation,
1622fae1bfa316e798a0c0d580cbe940e26b670c525b508bfac9d8018c811e2f,2026-02,Suffolk Constabulary,Suffolk Constabulary,1.739115,52.465039,On or near Lovewell Road,E01030254,East Suffolk 006B,Violence and sexual offences,Unable to prosecute suspect,
130c066289b73dd45a5e19309ff4bb4dc36db3d5179438354d4030b0e0a9f05e,2026-02,Suffolk Constabulary,Suffolk Constabulary,1.739115,52.465039,On or near Lovewell Road,E01030254,East Suffolk 006B,Violence and sexual offences,Unable to prosecute suspect,
6e3f1e051054296d7e3acd41bf31070aea42bac8d90eede4b1668cd149837cc8,2026-02,Suffolk Constabulary,Suffolk Constabulary,1.739115,52.465039,On or near Lovewell Road,E01030254,East Suffolk 006B,Violence and sexual offences,Unable to prosecute suspect,
8895c23378adfe90eb7c5510cfd41190a7a25a6cf8f5582817df0c35c2348d3e,2026-02,Suffolk Constabulary,Suffolk Constabulary,1.739115,52.465039,On or near Lovewell Road,E01030254,East Suffolk 006B,Violence and sexual offences,Unable to prosecute suspect,
46f0f47117362a177768da9ce55ed1b4a4fa7d813aa1a5c090c8badd9f26a2dd,2026-02,Suffolk Constabulary,Suffolk Constabulary,1.738735,52.467849,On or near John Street,E01030254,East Suffolk 006B,Violence and sexual offences,Unable to prosecute suspect,
,2026-02,Suffolk Constabulary,Suffolk Constabulary,1.741201,52.462203,On or near Kirkley Cliff Road,E01030256,East Suffolk 006C,Anti-social behaviour,,
,2026-02,Suffolk Constabulary,Suffolk Constabulary,1.744680,52.465717,On or near Parking Area,E01030256,East Suffolk 006C,Anti-social behaviour,,
5a1a845a12e7b7234f27236ff52496083154a2bcdf0997d0f8095801f5ebe3a8,2026-02,Suffolk Constabulary,Suffolk Constabulary,1.741899,52.465392,On or near Richmond Road,E01030256,East Suffolk 006C,Criminal damage and arson,Investigation complete; no suspect identified,
999b90834f013d6ef747a77e6890a3378aa3791d5fbb296d021143f16b629da8,2026-02,Suffolk Constabulary,Suffolk Constabulary,1.741201,52.462203,On or near Kirkley Cliff Road,E01030256,East Suffolk 006C,Criminal damage and arson,Unable to prosecute suspect,
333ecc25411107cae3fc3d02db9a08023f56e033186ebd8ac4936d850753a4b0,2026-02,Suffolk Constabulary,Suffolk Constabulary,1.741201,52.462203,On or near Kirkley Cliff Road,E01030256,East Suffolk 006C,Criminal damage and arson,Awaiting court outcome,
e0b7b435947f2a68385fd34c38edc6dc3517ea48772c5e70c8994bc2a0057d6c,2026-02,Suffolk Constabulary,Suffolk Constabulary,1.738927,52.462823,On or near St Peter'S Road,E01030256,East Suffolk 006C,Vehicle crime,Investigation complete; no suspect identified,
b63d66eabc03872909d5a1f680704ec4d73d99a9316390f31123d04f69aebe08,2026-02,Suffolk Constabulary,Suffolk Constabulary,1.741201,52.462203,On or near Kirkley Cliff Road,E01030256,East Suffolk 006C,Violence and sexual offences,Unable to prosecute suspect,
a06feb80d996ca3136e20bcdcfa0aa9b1cb8ded3d6ec44cfe4b9c5a9b92c5001,2026-02,Suffolk Constabulary,Suffolk Constabulary,1.738398,52.461446,On or near Hill House Gardens,E01030256,East Suffolk 006C,Violence and sexual offences,Unable to prosecute suspect,
a18bad0d2f111a655f1af63272bb6de2e78de4700dd5aeb19faf61bfaac83884,2026-02,Suffolk Constabulary,Suffolk Constabulary,1.738398,52.461446,On or near Hill House Gardens,E01030256,East Suffolk 006C,Violence and sexual offences,Unable to prosecute suspect,
865a6e1c7fd43aa51bfae767a3285d201b05b7144f1e2724afce248be75ee622,2026-02,Suffolk Constabulary,Suffolk Constabulary,1.738398,52.461446,On or near Hill House Gardens,E01030256,East Suffolk 006C,Violence and sexual offences,Unable to prosecute suspect,
0a937e12ff260094d8465ec976b950fb32c8b89d4ac74ede6a37f66ddd47cc77,2026-02,Suffolk Constabulary,Suffolk Constabulary,1.738398,52.461446,On or near Hill House Gardens,E01030256,East Suffolk 006C,Violence and sexual offences,Unable to prosecute suspect,
,2026-02,Suffolk Constabulary,Suffolk Constabulary,1.741249,52.471619,On or near Supermarket,E01030258,East Suffolk 006D,Anti-social behaviour,,
,2026-02,Suffolk Constabulary,Suffolk Constabulary,1.745497,52.467697,On or near Waterloo Road,E01030258,East Suffolk 006D,Anti-social behaviour,,
,2026-02,Suffolk Constabulary,Suffolk Constabulary,1.741249,52.471619,On or near Supermarket,E01030258,East Suffolk 006D,Anti-social behaviour,,
,2026-02,Suffolk Constabulary,Suffolk Constabulary,1.743820,52.467031,On or near Union Place,E01030258,East Suffolk 006D,Anti-social behaviour,,
,2026-02,Suffolk Constabulary,Suffolk Constabulary,1.745662,52.469644,On or near Cleveland Road,E01030258,East Suffolk 006D,Anti-social behaviour,,
4b66354cecb2fd48cdcfdda8d5b8ce21aca2d1396c53010706e2ed4464ca79fd,2026-02,Suffolk Constabulary,Suffolk Constabulary,1.745384,52.469140,On or near Grosvenor Road,E01030258,East Suffolk 006D,Bicycle theft,Investigation complete; no suspect identified,
836251c14c9375c02dd86c03e19081edcffc8c10b9896520d1948dcdb26f6474,2026-02,Suffolk Constabulary,Suffolk Constabulary,1.745820,52.471159,On or near Parking Area,E01030258,East Suffolk 006D,Burglary,Investigation complete; no suspect identified,
dcb834ed8351f146c083d0a4a5785f2d368ff360ee4c5eae9778c51444e716d3,2026-02,Suffolk Constabulary,Suffolk Constabulary,1.743496,52.466682,On or near Supermarket,E01030258,East Suffolk 006D,Criminal damage and arson,Investigation complete; no suspect identified,
05cc75dc0e35471a196306843ae5adc8dfb670a634f89657f477809bace8b64f,2026-02,Suffolk Constabulary,Suffolk Constabulary,1.745401,52.470039,On or near Mill Road,E01030258,East Suffolk 006D,Criminal damage and arson,Investigation complete; no suspect identified,
f18396c8424d599c0b9f3ef6d699747f28f342f7c9dd30704a7b0f2cade99da2,2026-02,Suffolk Constabulary,Suffolk Constabulary,1.743496,52.466682,On or near Supermarket,E01030258,East Suffolk 006D,Criminal damage and arson,Under investigation,
590d3789c4abbd038180ee90d56c9d340e22d30385769c4b3f7d44ead58ae389,2026-02,Suffolk Constabulary,Suffolk Constabulary,1.748299,52.470343,On or near Parking Area,E01030258,East Suffolk 006D,Drugs,Unable to prosecute suspect,
e792b592d24c3e74b800f395f9a0bfc51d4ba8b0dac5b8b6e5fda8d505a93ecb,2026-02,Suffolk Constabulary,Suffolk Constabulary,1.749509,52.472445,On or near Pier Terrace,E01030258,East Suffolk 006D,Drugs,Action to be taken by another organisation,
3545c8361196f66271b6c815d68d555b142f68216249bc393b4df93a7472bdc4,2026-02,Suffolk Constabulary,Suffolk Constabulary,1.740740,52.469782,On or near Harrod Close,E01030258,East Suffolk 006D,Drugs,Action to be taken by another organisation,
8d39f8575563e45badcd7282441973c55caf92e7644afd73db55ba6f2ba03e68,2026-02,Suffolk Constabulary,Suffolk Constabulary,1.748819,52.471604,On or near Parade Road North,E01030258,East Suffolk 006D,Drugs,Awaiting court outcome,
47bf5c35208ec36ee10f6d82e5584f1f9f0a1bb339f1447da84f4a866a31683e,2026-02,Suffolk Constabulary,Suffolk Constabulary,1.745384,52.469140,On or near Grosvenor Road,E01030258,East Suffolk 006D,Other theft,Investigation complete; no suspect identified,
63da0bc4d610188d912741e04742a50f2b89b9d4f21b4ef79513761f2a168a45,2026-02,Suffolk Constabulary,Suffolk Constabulary,1.745401,52.470039,On or near Mill Road,E01030258,East Suffolk 006D,Other theft,Investigation complete; no suspect identified,
4c9b9ff2f97409031a91c8dfa6252417b3581e6f46fb1d8b37483056f11ed132,2026-02,Suffolk Constabulary,Suffolk Constabulary,1.745401,52.470039,On or near Mill Road,E01030258,East Suffolk 006D,Possession of weapons,Unable to prosecute suspect,
4da3814037e5e3aa212f4d44fe35a948af8e5688a164eaad95c1e22bcef76e13,2026-02,Suffolk Constabulary,Suffolk Constabulary,1.746576,52.468617,On or near Parade Road South,E01030258,East Suffolk 006D,Public order,Awaiting court outcome,
d9ddd8e1cf214f308b805e79118ca703568e1a1db85a2300a06e6c774d913bc9,2026-02,Suffolk Constabulary,Suffolk Constabulary,1.749509,52.472445,On or near Pier Terrace,E01030258,East Suffolk 006D,Robbery,Unable to prosecute suspect,
4446a435b051baeedad28591d1d3c38b96f1d7f8013baf428096beb92286851d,2026-02,Suffolk Constabulary,Suffolk Constabulary,1.746478,52.471615,On or near Parking Area,E01030258,East Suffolk 006D,Robbery,Unable to prosecute suspect,
2d84bdb1c4b7310db25a1b71621d2ee988b00b9591537afcba5ef2d2bdce8be3,2026-02,Suffolk Constabulary,Suffolk Constabulary,1.746478,52.471615,On or near Parking Area,E01030258,East Suffolk 006D,Theft from the person,Unable to prosecute suspect,
fd1f5af08a7dff8c861174b3e38b37eed6211d505de37cbe4fb03c622a2fdafd,2026-02,Suffolk Constabulary,Suffolk Constabulary,1.745384,52.469140,On or near Grosvenor Road,E01030258,East Suffolk 006D,Vehicle crime,Unable to prosecute suspect,
80b989d4b391b60bea8998ed7f310bc92f648f701d696a11ca810f5bc04aa83a,2026-02,Suffolk Constabulary,Suffolk Constabulary,1.745401,52.470039,On or near Mill Road,E01030258,East Suffolk 006D,Violence and sexual offences,Offender given a caution,
53b39da8ffdba47a0f66097a7aeab6779050de155229ae877644991929ad40e9,2026-02,Suffolk Constabulary,Suffolk Constabulary,1.742698,52.469603,On or near Kirkley Rise,E01030258,East Suffolk 006D,Violence and sexual offences,Unable to prosecute suspect,
8c0375a2f6561c2e29ebbd38f3db6407067112a24bbcd7e054a9b89d8b10a76e,2026-02,Suffolk Constabulary,Suffolk Constabulary,1.746576,52.468617,On or near Parade Road South,E01030258,East Suffolk 006D,Violence and sexual offences,Awaiting court outcome,
4b516fc80343096d8dfc242160aa2d0a37e8c278e8c3ff32e6bcabe8471d9e07,2026-02,Suffolk Constabulary,Suffolk Constabulary,1.743496,52.466682,On or near Supermarket,E01030258,East Suffolk 006D,Violence and sexual offences,Unable to prosecute suspect,
525d042dc9838282eb18b3a225eb26c62f1deb51ff93d869d9eb4d9d7f2777ea,2026-02,Suffolk Constabulary,Suffolk Constabulary,1.736455,52.457811,On or near Morton Road,E01030276,East Suffolk 006E,Vehicle crime,Investigation complete; no suspect identified,
1c8910667355ddaeabe1d616b56e175c7e445acecd9e119f11694a3b5b8be58d,2026-02,Suffolk Constabulary,Suffolk Constabulary,1.737694,52.455756,On or near Parking Area,E01030276,East Suffolk 006E,Vehicle crime,Unable to prosecute suspect,
418079b8e2bea19bb9125a5210b63796a2c4e0b1187755c4c53a730525eca48a,2026-02,Suffolk Constabulary,Suffolk Constabulary,1.734446,52.454951,On or near Pakefield Street,E01030276,East Suffolk 006E,Violence and sexual offences,Awaiting court outcome,
9087c706b9a10ff26684707ccf54978d04f80646daa7f8b899687603de1bccdf,2026-02,Suffolk Constabulary,Suffolk Constabulary,1.736601,52.456403,On or near St George'S Road,E01030276,East Suffolk 006E,Other crime,Further investigation is not in the public interest,
,2026-02,Suffolk Constabulary,Suffolk Constabulary,1.709956,52.459806,On or near Elm Tree Road,E01030233,East Suffolk 007A,Anti-social behaviour,,
,2026-02,Suffolk Constabulary,Suffolk Constabulary,1.709956,52.459806,On or near Elm Tree Road,E01030233,East Suffolk 007A,Anti-social behaviour,,
5630b64d60471c4e0a77ce653cb4935106e1199456149016a6320eb875651d52,2026-02,Suffolk Constabulary,Suffolk Constabulary,1.706466,52.465402,On or near Beverley Close,E01030235,East Suffolk 007B,Burglary,Investigation complete; no suspect identified,
355306df235609969cf33e9d7ad6b0687269bce1c951fa13392f6d66f12c1dda,2026-02,Suffolk Constabulary,Suffolk Constabulary,1.708786,52.467075,On or near Richards'S Close,E01030235,East Suffolk 007B,Violence and sexual offences,Under investigation,
567a4b37843b3df2e1b060a377e005ede053bf5e320f92a8bfb66243e5f0d357,2026-02,Suffolk Constabulary,Suffolk Constabulary,1.704856,52.482516,On or near Edendale,E01030268,East Suffolk 007C,Vehicle crime,Investigation complete; no suspect identified,
ae43cce4670d8bf4a849bcf86d3efa2ca27918305b6308c647cb4ccd9b21fa9e,2026-02,Suffolk Constabulary,Suffolk Constabulary,1.705777,52.482433,On or near The Glades,E01030268,East Suffolk 007C,Vehicle crime,Investigation complete; no suspect identified,
7dfb78a7ceb2c64ba4d55f6f1a55a9059912d8bcb06bbc80d49ad9bf20266128,2026-02,Suffolk Constabulary,Suffolk Constabulary,1.702205,52.479370,On or near Blinco Road,E01030269,East Suffolk 007D,Violence and sexual offences,Unable to prosecute suspect,
f5e3db6c65fc4e8310b7d9a903dad8236e1c2af98aa34eb13052cf56b51dc69f,2026-02,Suffolk Constabulary,Suffolk Constabulary,1.711256,52.464047,On or near Shoals Walk,E01030288,East Suffolk 007E,Other theft,Investigation complete; no suspect identified,
16075ff7fd5c505ad7f98d074fb1a8691df19dcd43aced2a39af6de6ae530881,2026-02,Suffolk Constabulary,Suffolk Constabulary,1.716820,52.462972,On or near Westwood Avenue,E01030288,East Suffolk 007E,Shoplifting,Unable to prosecute suspect,
2eea118955eeb2ea2378086a1691a5077ea54906bac1ddc16808873c332b0f4a,2026-02,Suffolk Constabulary,Suffolk Constabulary,1.716820,52.462972,On or near Westwood Avenue,E01030288,East Suffolk 007E,Shoplifting,Unable to prosecute suspect,
f9248b4a2ad8b55ee9af559fbe412604b46b80442ac8ac075668a5972d8a7157,2026-02,Suffolk Constabulary,Suffolk Constabulary,1.717246,52.461556,On or near Langley Gardens,E01030288,East Suffolk 007E,Vehicle crime,Unable to prosecute suspect,
99004c2c1576733dddbb8ef2b4763094914711a23d24c9eb9826dc691f849ac7,2026-02,Suffolk Constabulary,Suffolk Constabulary,1.715309,52.467760,On or near Colville Road,E01030288,East Suffolk 007E,Violence and sexual offences,Unable to prosecute suspect,
5a9fc002f4cb391e1c080dc2a029dc836e2321e433ad6c321cc7c34b8ef93da0,2026-02,Suffolk Constabulary,Suffolk Constabulary,1.712139,52.458973,On or near Clifford Drive,E01030288,East Suffolk 007E,Violence and sexual offences,Under investigation,
,2026-02,Suffolk Constabulary,Suffolk Constabulary,1.698034,52.462330,On or near Marshams Piece,E01030234,East Suffolk 008A,Anti-social behaviour,,
,2026-02,Suffolk Constabulary,Suffolk Constabulary,1.698217,52.463277,On or near Pollard Piece,E01030234,East Suffolk 008A,Anti-social behaviour,,
fcc6f4f87517ac221d2e8f884b29450e8ba769e867b985f6493dd3a6779d59a0,2026-02,Suffolk Constabulary,Suffolk Constabulary,1.699959,52.463502,On or near Kingfisher Court,E01030234,East Suffolk 008A,Criminal damage and arson,Investigation complete; no suspect identified,
0467d1e511efe002f188429e367b44afac10c56f8736d5a3d79b7ee7bc406706,2026-02,Suffolk Constabulary,Suffolk Constabulary,1.697512,52.463830,On or near Run Meadow,E01030234,East Suffolk 008A,Criminal damage and arson,Investigation complete; no suspect identified,
8d3483dc58d8c635284a59defe7f69ce7d5fc9945275461ec640c94d92bc20dd,2026-02,Suffolk Constabulary,Suffolk Constabulary,1.696439,52.461570,On or near Roosevelt Walk,E01030234,East Suffolk 008A,Criminal damage and arson,Investigation complete; no suspect identified,
c759b319606597e80583da315fc8fd397fab32da10506a5478ae4945780bda82,2026-02,Suffolk Constabulary,Suffolk Constabulary,1.697791,52.461186,On or near Charter Way,E01030234,East Suffolk 008A,Violence and sexual offences,Unable to prosecute suspect,
596e48bbc2aec831c6d04f26ae6e17da61af33135230884fc2801e512eeb8624,2026-02,Suffolk Constabulary,Suffolk Constabulary,1.694826,52.461117,On or near Harebell Way,E01030234,East Suffolk 008A,Violence and sexual offences,Unable to prosecute suspect,
eb8a3443dc02e24c37116e269c16ad4a2186e9663036e4bd70b319adef7aecd6,2026-02,Suffolk Constabulary,Suffolk Constabulary,1.697808,52.462795,On or near Chaukers Crescent,E01030234,East Suffolk 008A,Violence and sexual offences,Action to be taken by another organisation,
ae75bbf0e313d07a8bdb0880dda35eab8759a2a595b3fbd43cf9c371f8e506fe,2026-02,Suffolk Constabulary,Suffolk Constabulary,1.697808,52.462795,On or near Chaukers Crescent,E01030234,East Suffolk 008A,Violence and sexual offences,Unable to prosecute suspect,
c828ed679e4ad269bfe23fb509b215242011078dce6a1071ef76a25fea8419db,2026-02,Suffolk Constabulary,Suffolk Constabulary,1.697808,52.462795,On or near Chaukers Crescent,E01030234,East Suffolk 008A,Violence and sexual offences,Action to be taken by another organisation,
,2026-02,Suffolk Constabulary,Suffolk Constabulary,1.701531,52.451534,On or near Beech Road,E01030236,East Suffolk 008B,Anti-social behaviour,,
e4b28c59d16067ffb55eccc9d4aa49af21a8f2f149422557bb4e6b7b7f8e4322,2026-02,Suffolk Constabulary,Suffolk Constabulary,1.699635,52.452097,On or near Munnings Close,E01030236,East Suffolk 008B,Burglary,Investigation complete; no suspect identified,
b47a123bd2aa443cd4eba6277282bf357c7df452d56f991046bc970a8f2959bb,2026-02,Suffolk Constabulary,Suffolk Constabulary,1.695864,52.451550,On or near Elm Close,E01030236,East Suffolk 008B,Criminal damage and arson,Investigation complete; no suspect identified,
8b2007020acde1f8d8943b0d7964af38fa4f31f303728a654a36d7ad8f8c7149,2026-02,Suffolk Constabulary,Suffolk Constabulary,1.692950,52.446991,On or near The Gardens,E01030236,East Suffolk 008B,Possession of weapons,Unable to prosecute suspect,
c0eeeea969cb7b739093d1dfed2b7d2670bb104782dc7e7b8e98e66d0cfdc22f,2026-02,Suffolk Constabulary,Suffolk Constabulary,1.704671,52.448953,On or near Buttermere Way,E01030236,East Suffolk 008B,Violence and sexual offences,Unable to prosecute suspect,
c2d5cb3a0b4beb24579fedac202287d479e6c4f37a14c6f2cd538ba70529358f,2026-02,Suffolk Constabulary,Suffolk Constabulary,1.698737,52.452269,On or near Rounce'S Lane,E01030236,East Suffolk 008B,Violence and sexual offences,Under investigation,
42827877d979af6153bffee0230b2b1902824b2dde16fb126fd0e64b91c1adc5,2026-02,Suffolk Constabulary,Suffolk Constabulary,1.704671,52.448953,On or near Buttermere Way,E01030236,East Suffolk 008B,Violence and sexual offences,Unable to prosecute suspect,
24ae6fe02fb10dfdece3efd5cab2e9c72dab191dc16c0c3a57ff97f1e783d856,2026-02,Suffolk Constabulary,Suffolk Constabulary,1.704671,52.448953,On or near Buttermere Way,E01030236,East Suffolk 008B,Violence and sexual offences,Action to be taken by another organisation,
4792a551c5f4eb70a1a87685c85e12fdaa2912da57d34a17aa5994beeee5666c,2026-02,Suffolk Constabulary,Suffolk Constabulary,1.704671,52.448953,On or near Buttermere Way,E01030236,East Suffolk 008B,Violence and sexual offences,Action to be taken by another organisation,
,2026-02,Suffolk Constabulary,Suffolk Constabulary,1.698164,52.458080,On or near Grove Road,E01030237,East Suffolk 008C,Anti-social behaviour,,
,2026-02,Suffolk Constabulary,Suffolk Constabulary,1.696610,52.458336,On or near Yarrow Drive,E01030237,East Suffolk 008C,Anti-social behaviour,,
72e32cba69c079ab86ff8d2752cb28d8431a08b812b59776f092c55ba122129d,2026-02,Suffolk Constabulary,Suffolk Constabulary,1.680832,52.459827,On or near Marsh Lane,E01030237,East Suffolk 008C,Criminal damage and arson,Under investigation,
39f72eb4101950fe17f9d2f3f9f3262f3522af4928768dc1bf0729b3a3bc67f4,2026-02,Suffolk Constabulary,Suffolk Constabulary,1.690944,52.447467,On or near Hall Road,E01030237,East Suffolk 008C,Violence and sexual offences,Under investigation,
,2026-02,Suffolk Constabulary,Suffolk Constabulary,1.706466,52.450696,On or near Longbeach Drive,E01030238,East Suffolk 008D,Anti-social behaviour,,
,2026-02,Suffolk Constabulary,Suffolk Constabulary,1.706441,52.452846,On or near Ashtree Gardens,E01030238,East Suffolk 008D,Anti-social behaviour,,
,2026-02,Suffolk Constabulary,Suffolk Constabulary,1.704269,52.456261,On or near Crowhurst Close,E01030238,East Suffolk 008D,Anti-social behaviour,,
,2026-02,Suffolk Constabulary,Suffolk Constabulary,1.704269,52.456261,On or near Crowhurst Close,E01030238,East Suffolk 008D,Anti-social behaviour,,
f97f1e86781c0113316bb5b0fbd3481918ff37b9bcdefad816daa6374b9a46e1,2026-02,Suffolk Constabulary,Suffolk Constabulary,1.704010,52.457204,On or near Supermarket,E01030238,East Suffolk 008D,Shoplifting,Investigation complete; no suspect identified,
395186a3348b34df28725e4e2c9240bb00c8284bde041948c1bd12b8c479918e,2026-02,Suffolk Constabulary,Suffolk Constabulary,1.704010,52.457204,On or near Supermarket,E01030238,East Suffolk 008D,Shoplifting,Investigation complete; no suspect identified,
640331364e1639644a41de18d18eaf966c97001380e6772c232e04ad94439308,2026-02,Suffolk Constabulary,Suffolk Constabulary,1.704010,52.457204,On or near Supermarket,E01030238,East Suffolk 008D,Shoplifting,Investigation complete; no suspect identified,
f66a68177c081a33ddbdc22098881b1d05ecb3b95f028aeff7a5843ac265861a,2026-02,Suffolk Constabulary,Suffolk Constabulary,1.704269,52.456261,On or near Crowhurst Close,E01030238,East Suffolk 008D,Violence and sexual offences,Unable to prosecute suspect,
af5cc132447e1dd09f2d5d04a0d7182bd93d971877a607255870e032ac0a76b9,2026-02,Suffolk Constabulary,Suffolk Constabulary,1.704269,52.456261,On or near Crowhurst Close,E01030238,East Suffolk 008D,Violence and sexual offences,Unable to prosecute suspect,
,2026-02,Suffolk Constabulary,Suffolk Constabulary,1.729843,52.465287,On or near Birds Lane,E01030257,East Suffolk 009A,Anti-social behaviour,,
,2026-02,Suffolk Constabulary,Suffolk Constabulary,1.729843,52.465287,On or near Birds Lane,E01030257,East Suffolk 009A,Anti-social behaviour,,
,2026-02,Suffolk Constabulary,Suffolk Constabulary,1.729843,52.465287,On or near Birds Lane,E01030257,East Suffolk 009A,Anti-social behaviour,,
8e78deb5d5a5c8bcb47f997503bb8fd88cad691a18f67a3d73768d7b5f5c4da2,2026-02,Suffolk Constabulary,Suffolk Constabulary,1.734061,52.465712,On or near Enstone Road,E01030257,East Suffolk 009A,Bicycle theft,Investigation complete; no suspect identified,
e01845cd28a17d6945138cdd8b168800db512da2d607b8c83854ded4f9c50bd6,2026-02,Suffolk Constabulary,Suffolk Constabulary,1.729843,52.465287,On or near Birds Lane,E01030257,East Suffolk 009A,Burglary,Investigation complete; no suspect identified,
7ef3f125928954165ca7d064a800a216ea786fdbf4908a8840bfc6a87912d5d0,2026-02,Suffolk Constabulary,Suffolk Constabulary,1.729843,52.465287,On or near Birds Lane,E01030257,East Suffolk 009A,Criminal damage and arson,Unable to prosecute suspect,
b0824152f882238c6c64cb1926ff055c84cd863b442aa3ad0c4fab479dc1eb0d,2026-02,Suffolk Constabulary,Suffolk Constabulary,1.729843,52.465287,On or near Birds Lane,E01030257,East Suffolk 009A,Criminal damage and arson,Investigation complete; no suspect identified,
6d9de2d6c77654be567ea560ce9cbcfdb0d7486df06f198d432f13361b646bde,2026-02,Suffolk Constabulary,Suffolk Constabulary,1.727451,52.466955,On or near Kirkley Run,E01030257,East Suffolk 009A,Criminal damage and arson,Awaiting court outcome,
e54faaf5d01d11a8bc648f6d59dc5828df21db65bceacb9824acd06ad49b0904,2026-02,Suffolk Constabulary,Suffolk Constabulary,1.735932,52.460849,On or near Badgerwood Close,E01030257,East Suffolk 009A,Other theft,Action to be taken by another organisation,
8d3f53115ee9925091f74cd6574669f6a1f055bc42edccc12353cf966245ac16,2026-02,Suffolk Constabulary,Suffolk Constabulary,1.737159,52.464552,On or near Clement Square,E01030257,East Suffolk 009A,Shoplifting,Investigation complete; no suspect identified,
3645f428210471c24e311df6e1fb86e237e68c0480ddc53435fcd8f323a45da8,2026-02,Suffolk Constabulary,Suffolk Constabulary,1.727451,52.466955,On or near Kirkley Run,E01030257,East Suffolk 009A,Violence and sexual offences,Action to be taken by another organisation,
70e9ce7fadaafe94429b7400f877f3ecaf5c6df97c7b12da65e49e622c931437,2026-02,Suffolk Constabulary,Suffolk Constabulary,1.735932,52.460849,On or near Badgerwood Close,E01030257,East Suffolk 009A,Violence and sexual offences,Action to be taken by another organisation,
be7f9da1ca4001a4a29b57aca08ba08a9cb807036b99bac799a8bbdbda9bf52b,2026-02,Suffolk Constabulary,Suffolk Constabulary,1.737881,52.464736,On or near Clement Road,E01030257,East Suffolk 009A,Violence and sexual offences,Investigation complete; no suspect identified,
d75ec53c7b5aceb0f70654b517e22cf2c91f2f7c82ab423ea7f17dcbdacb1dcf,2026-02,Suffolk Constabulary,Suffolk Constabulary,1.729843,52.465287,On or near Birds Lane,E01030257,East Suffolk 009A,Violence and sexual offences,Under investigation,
1d63a5d466efa5683ef291269b0b99702c8c9c3a0ffa66f27965f9e8156323e4,2026-02,Suffolk Constabulary,Suffolk Constabulary,1.729843,52.465287,On or near Birds Lane,E01030257,East Suffolk 009A,Violence and sexual offences,Under investigation,
7c0415c5ba1a525ebfdf3c63867eb57f2f5e07db2d420ded671c97a51f60ffd2,2026-02,Suffolk Constabulary,Suffolk Constabulary,1.720329,52.458302,On or near Carnoustie Drive,E01030274,East Suffolk 009B,Criminal damage and arson,Investigation complete; no suspect identified,
30ce82b48d0d38f9a3db44a153f4b6d1fd7bd1d65f23a5c44e33188e0d6379c7,2026-02,Suffolk Constabulary,Suffolk Constabulary,1.717575,52.456733,On or near Aspinall Close,E01030274,East Suffolk 009B,Vehicle crime,Unable to prosecute suspect,
f3ac75d84200b6229e97b377477f7270751ec76ae05d6a8f2762d0a41664644d,2026-02,Suffolk Constabulary,Suffolk Constabulary,1.727143,52.455127,On or near Silverwood Close,E01030274,East Suffolk 009B,Violence and sexual offences,Unable to prosecute suspect,
c46531d3fa35b1cbb53bfbe043e49e2a52029853b1a442160764eefd3c2da710,2026-02,Suffolk Constabulary,Suffolk Constabulary,1.727143,52.455127,On or near Silverwood Close,E01030274,East Suffolk 009B,Violence and sexual offences,Awaiting court outcome,
de274386841be4d5c112d54abcfd14d6f341007ec7feffdd7dbc69847d02613f,2026-02,Suffolk Constabulary,Suffolk Constabulary,1.725509,52.458444,On or near Caddies Walk,E01030274,East Suffolk 009B,Violence and sexual offences,Under investigation,
bf124fd5fb01c575a3a5c0620e8eb2d767a9282fc394dd8ceea99a8f19b2dd7a,2026-02,Suffolk Constabulary,Suffolk Constabulary,1.725509,52.458444,On or near Caddies Walk,E01030274,East Suffolk 009B,Violence and sexual offences,Action to be taken by another organisation,
aa4f57345f4a87db0b4253c402bcfc53182ddfb95a30be1807f187fc1b9b3604,2026-02,Suffolk Constabulary,Suffolk Constabulary,1.729551,52.463408,On or near A12,E01030275,East Suffolk 009C,Violence and sexual offences,Unable to prosecute suspect,
f51af2edff97f28b9fffb27cff1078b64242878f23ea3f5baf32722c378ba408,2026-02,Suffolk Constabulary,Suffolk Constabulary,1.715452,52.458446,On or near St Catherine'S Close,E01030287,East Suffolk 009D,Possession of weapons,Action to be taken by another organisation,
a319837d700d6b41cfbbb3a7b39964d767490237f808273d8fd86bb98ca03e0d,2026-02,Suffolk Constabulary,Suffolk Constabulary,1.723837,52.462527,On or near Rosewood,E01030287,East Suffolk 009D,Possession of weapons,Action to be taken by another organisation,
4747dddde45b940595b108979c67ebdfac7e363d3727d1c42848df56c7f847b5,2026-02,Suffolk Constabulary,Suffolk Constabulary,1.723837,52.462527,On or near Rosewood,E01030287,East Suffolk 009D,Violence and sexual offences,Action to be taken by another organisation,
a9bbc7e6f2f723ef3f7be0c5106f1f212bf32bf8d03e71d3ef99701e5ebb9592,2026-02,Suffolk Constabulary,Suffolk Constabulary,1.720628,52.462376,On or near Springfield Gardens,E01030287,East Suffolk 009D,Violence and sexual offences,Unable to prosecute suspect,
,2026-02,Suffolk Constabulary,Suffolk Constabulary,1.725901,52.465178,On or near Delius Close,E01030291,East Suffolk 009E,Anti-social behaviour,,
,2026-02,Suffolk Constabulary,Suffolk Constabulary,1.725901,52.465178,On or near Delius Close,E01030291,East Suffolk 009E,Anti-social behaviour,,
021e7eb36beff634b4e07983e830cd39c80d4bc36a614b186e841a1744aa135f,2026-02,Suffolk Constabulary,Suffolk Constabulary,1.725901,52.465178,On or near Delius Close,E01030291,East Suffolk 009E,Criminal damage and arson,Under investigation,
eb6b5883d4886691b48d0f47fd3790ccdc4c8087720a54c91feab5ea5602b238,2026-02,Suffolk Constabulary,Suffolk Constabulary,1.722211,52.465942,On or near The Green,E01030291,East Suffolk 009E,Other theft,Investigation complete; no suspect identified,
2caa2e18b0e6ea167eabd6539c0272a96f3bce322631b77738ce35bea3b303a5,2026-02,Suffolk Constabulary,Suffolk Constabulary,1.724206,52.464638,On or near Summerfield Gardens,E01030291,East Suffolk 009E,Violence and sexual offences,Action to be taken by another organisation,
8d4e41a70e0300158d758d8c5927630839390a45bca8c44630b6ee49648302dc,2026-02,Suffolk Constabulary,Suffolk Constabulary,1.726108,52.465360,On or near Britten Road,E01030291,East Suffolk 009E,Violence and sexual offences,Under investigation,
9009ccdb040c0be71e56c41397d4bb9a67e2eb72cba7dd431750d5bfa5e79b8f,2026-02,Suffolk Constabulary,Suffolk Constabulary,1.725901,52.465178,On or near Delius Close,E01030291,East Suffolk 009E,Violence and sexual offences,Unable to prosecute suspect,
fa1c58c7f3e57ab4daa5952dfdfe23c1e215f1aa69bcf6ab38973958d0501da3,2026-02,Suffolk Constabulary,Suffolk Constabulary,1.726108,52.465360,On or near Britten Road,E01030291,East Suffolk 009E,Other crime,Unable to prosecute suspect,
,2026-02,Suffolk Constabulary,Suffolk Constabulary,1.569681,52.456473,On or near Gosford Road,E01030223,East Suffolk 010A,Anti-social behaviour,,
15f8d368d282533cfe24c3291e39174c64745129bd0930774bca60e600d7c7da,2026-02,Suffolk Constabulary,Suffolk Constabulary,1.572792,52.458366,On or near Sports/Recreation Area,E01030223,East Suffolk 010A,Burglary,Investigation complete; no suspect identified,
9301a6b7cefd544afb2d53f7aea1a1e8e304b2550b3218a91787d6142da41ad7,2026-02,Suffolk Constabulary,Suffolk Constabulary,1.573525,52.453947,On or near Lewis Walk,E01030223,East Suffolk 010A,Vehicle crime,Investigation complete; no suspect identified,
f888846e50621b56fd2973ad0fb34f84d04c89219e1c7a9eaa49f6f5c521af7d,2026-02,Suffolk Constabulary,Suffolk Constabulary,1.573314,52.452253,On or near Harris Way,E01030223,East Suffolk 010A,Violence and sexual offences,Awaiting court outcome,
c7fecb4bee2a15e63488e3df434478cbf0c1044f57d978dcd9b71a4370c368c6,2026-02,Suffolk Constabulary,Suffolk Constabulary,1.575177,52.452350,On or near Hipperson Close,E01030223,East Suffolk 010A,Violence and sexual offences,Unable to prosecute suspect,
8959c8878f580e42a4d702391d5080324b43ab7075449531c705daa83e378172,2026-02,Suffolk Constabulary,Suffolk Constabulary,1.569880,52.449290,On or near Supermarket,E01030223,East Suffolk 010A,Violence and sexual offences,Unable to prosecute suspect,
d8106b3c5e90e32d807d1bac085fe312aaf6c2dc148e5ba4979ae5ad25b262ca,2026-02,Suffolk Constabulary,Suffolk Constabulary,1.569681,52.456473,On or near Gosford Road,E01030223,East Suffolk 010A,Violence and sexual offences,Action to be taken by another organisation,
d21ecfc9243612915ebdda6d8cd8256b37a8ee3c1dad3ecac1432bde9dfc5ed4,2026-02,Suffolk Constabulary,Suffolk Constabulary,1.567668,52.452334,On or near Black Boy Meadow,E01030223,East Suffolk 010A,Violence and sexual offences,Unable to prosecute suspect,
ff14c3fb727daa6ac78cef6f45f0f68f6cc3273f0602e7dc6dc6f773dacc6f9c,2026-02,Suffolk Constabulary,Suffolk Constabulary,1.571837,52.456372,On or near Goose Green West,E01030223,East Suffolk 010A,Violence and sexual offences,Unable to prosecute suspect,
2fcd10869aa8b115745d26f40c4a91a393cfbd1eccde812ec62b88ed0a2c6990,2026-02,Suffolk Constabulary,Suffolk Constabulary,1.562267,52.458019,On or near New Market,E01030224,East Suffolk 010B,Burglary,Investigation complete; no suspect identified,
e25a8ab5aaa7d34141fac70825b6690467e4b99eb35d88c26307913629aa1a4f,2026-02,Suffolk Constabulary,Suffolk Constabulary,1.562267,52.458019,On or near New Market,E01030224,East Suffolk 010B,Burglary,Under investigation,
0f30c49886bbe22af1f414895099fbf52119f5b886b970c4ad96568545700f25,2026-02,Suffolk Constabulary,Suffolk Constabulary,1.562267,52.458019,On or near New Market,E01030224,East Suffolk 010B,Burglary,Under investigation,
29d35e7ed09d78a4d0ee2e1c27767735d6a8dc3a0d22a976f517985c8da1635b,2026-02,Suffolk Constabulary,Suffolk Constabulary,1.564465,52.452970,On or near Rivetts Loke,E01030224,East Suffolk 010B,Possession of weapons,Under investigation,
5b5bb653412b3b864931f83b2d47b0c556a6eb812a8c12479feb93383e309c20,2026-02,Suffolk Constabulary,Suffolk Constabulary,1.566461,52.454889,On or near Temperance Place,E01030224,East Suffolk 010B,Public order,Unable to prosecute suspect,
3bd19221c505444b53d05df96ec5303bbcb35be66f8ef70e5c9cc1c1a9089648,2026-02,Suffolk Constabulary,Suffolk Constabulary,1.558512,52.451620,On or near White House Gardens,E01030224,East Suffolk 010B,Violence and sexual offences,Action to be taken by another organisation,
,2026-02,Suffolk Constabulary,Suffolk Constabulary,1.565345,52.456928,On or near Parking Area,E01030225,East Suffolk 010C,Anti-social behaviour,,
87d091977a1f94942304dc3b057f088dd56d065e68aca366ef193746c215a2b1,2026-02,Suffolk Constabulary,Suffolk Constabulary,1.565345,52.456928,On or near Parking Area,E01030225,East Suffolk 010C,Criminal damage and arson,Unable to prosecute suspect,
17e15cdf05a689ce2f5375fba5237c879913bd751d383f0550bc171c95d17c44,2026-02,Suffolk Constabulary,Suffolk Constabulary,1.563701,52.455530,On or near Police Station,E01030225,East Suffolk 010C,Criminal damage and arson,Investigation complete; no suspect identified,
276710940085b6436d4d3fe599bba04c018b4d774c8ed72318bacd66d22f083b,2026-02,Suffolk Constabulary,Suffolk Constabulary,1.569042,52.462762,On or near Parking Area,E01030225,East Suffolk 010C,Drugs,Awaiting court outcome,
f3dce66a98e2dfd293a282c0873741ca30610ccbccb5c3d14efa7807e14a9893,2026-02,Suffolk Constabulary,Suffolk Constabulary,1.565877,52.455500,On or near Blyburgate Mews,E01030225,East Suffolk 010C,Public order,Under investigation,
384fe30d05c4bc83b423bb862b7fab6d1be94a32d718f98206c5cb4f4c66060a,2026-02,Suffolk Constabulary,Suffolk Constabulary,1.569042,52.462762,On or near Parking Area,E01030225,East Suffolk 010C,Shoplifting,Investigation complete; no suspect identified,
c80c1c9d398b03d2cd27595e595fb4e0c877249eb1e92c5964e22c642bb78e17,2026-02,Suffolk Constabulary,Suffolk Constabulary,1.565242,52.459366,On or near Supermarket,E01030225,East Suffolk 010C,Shoplifting,Suspect charged as part of another case,
a5c555e195bbf91d577835022ed963e86c1b9386c84d2e493ea741a10923907d,2026-02,Suffolk Constabulary,Suffolk Constabulary,1.569042,52.462762,On or near Parking Area,E01030225,East Suffolk 010C,Shoplifting,Suspect charged as part of another case,
0f1bcea67bbbb2dfbd12bf6f350826de5dc76a7f42c8d7f4424f92605cf334e4,2026-02,Suffolk Constabulary,Suffolk Constabulary,1.563040,52.457016,On or near Parking Area,E01030225,East Suffolk 010C,Shoplifting,Investigation complete; no suspect identified,
4d222193952787714c0eefc47141976633233c709942d58d0742fc6d7cc10d71,2026-02,Suffolk Constabulary,Suffolk Constabulary,1.563325,52.457799,On or near Supermarket,E01030225,East Suffolk 010C,Shoplifting,Investigation complete; no suspect identified,
dcf84c42ddc356b2a8bed820699cbe3c4dbaa10d14627dbeaf1a49e490169315,2026-02,Suffolk Constabulary,Suffolk Constabulary,1.564560,52.463797,On or near New Road,E01030225,East Suffolk 010C,Violence and sexual offences,Unable to prosecute suspect,
7fddf12d7a55eb026f9e99b94a75f78b3140de47b0ec7f94bf9a4712fa1955f8,2026-02,Suffolk Constabulary,Suffolk Constabulary,1.567654,52.460717,On or near Providence Place,E01030225,East Suffolk 010C,Violence and sexual offences,Unable to prosecute suspect,
92c5bd45ad9dfe786547ac2f880d03a6da1676b83e95b887a6feeacc41549ae3,2026-02,Suffolk Constabulary,Suffolk Constabulary,1.563977,52.457131,On or near Exchange Square,E01030225,East Suffolk 010C,Violence and sexual offences,Local resolution,
a35935e9fcfa1b339348987cd8b78a7461c826fb34a93afd9fb5dd3c2c9511f7,2026-02,Suffolk Constabulary,Suffolk Constabulary,1.567654,52.460717,On or near Providence Place,E01030225,East Suffolk 010C,Violence and sexual offences,Action to be taken by another organisation,
da9d57e7e76dfee28b3515de09934cc2e7b885886edcb17f997d6b20bd3069da,2026-02,Suffolk Constabulary,Suffolk Constabulary,1.564560,52.463797,On or near New Road,E01030225,East Suffolk 010C,Violence and sexual offences,Unable to prosecute suspect,
fc2c0bfe93efcca5c7191dc08aed68c13dc6a997c428fffd4310fac7e8366f6b,2026-02,Suffolk Constabulary,Suffolk Constabulary,1.563040,52.457016,On or near Parking Area,E01030225,East Suffolk 010C,Violence and sexual offences,Unable to prosecute suspect,
981bf0689934bee1c2bf3b0d3ad5615190901360ae237dea1851faab2193b253,2026-02,Suffolk Constabulary,Suffolk Constabulary,1.563977,52.457131,On or near Exchange Square,E01030225,East Suffolk 010C,Violence and sexual offences,Unable to prosecute suspect,
19c1e24cc5a5c3318739b570f3ea5b5e48d53a8e0154476660c20aa7bda777a4,2026-02,Suffolk Constabulary,Suffolk Constabulary,1.565242,52.459366,On or near Supermarket,E01030225,East Suffolk 010C,Other crime,Local resolution,
d96e97a6c40cff7d753a29c22bafe2aa22464c979ae75cec753c56cfb09fe7cb,2026-02,Suffolk Constabulary,Suffolk Constabulary,1.575631,52.456604,On or near Sports/Recreation Area,E01030225,East Suffolk 010C,Other crime,Further investigation is not in the public interest,
f427ea974f4380e1d5d552b57ad4b7d4e80cba020445ab09823908916442ae3f,2026-02,Suffolk Constabulary,Suffolk Constabulary,1.571384,52.448048,On or near Rigbourne Hill,E01030227,East Suffolk 010D,Criminal damage and arson,Investigation complete; no suspect identified,
7fbb47315a1ffa4dbf26f6142121910d5ef93c30848803036fdbc2460e938cf4,2026-02,Suffolk Constabulary,Suffolk Constabulary,1.575007,52.446436,On or near Banham Road,E01030227,East Suffolk 010D,Other theft,Investigation complete; no suspect identified,
ee80959f55a144c672f06dfc9c7ffb5fb1561f6d4ae35e9244a923657838890b,2026-02,Suffolk Constabulary,Suffolk Constabulary,1.574778,52.446875,On or near Endgate Close,E01030227,East Suffolk 010D,Other theft,Investigation complete; no suspect identified,
4ea1adb1151e5bdf213f0f01078aad9dabf4f148b3d02831fdc46b870adefbc7,2026-02,Suffolk Constabulary,Suffolk Constabulary,1.566492,52.443627,On or near Meadowvale Close,E01030228,East Suffolk 010E,Criminal damage and arson,Unable to prosecute suspect,
1cfdc6f02267fbb4e9f3bd585cad93e7613b202a0dfaf9fc9f1606ed4bd6a89a,2026-02,Suffolk Constabulary,Suffolk Constabulary,1.566492,52.443627,On or near Meadowvale Close,E01030228,East Suffolk 010E,Violence and sexual offences,Unable to prosecute suspect,
,2026-02,Suffolk Constabulary,Suffolk Constabulary,1.569743,52.447234,On or near Glebe View,E01030226,East Suffolk 011A,Anti-social behaviour,,
801aad08476dfd8174b687b1544d6e45325a470cf49ebb31afe782170ecfa0fc,2026-02,Suffolk Constabulary,Suffolk Constabulary,1.570784,52.446276,On or near Borough End,E01030226,East Suffolk 011A,Violence and sexual offences,Unable to prosecute suspect,
080293f7203071935632026e13f853edd0c3cc5e51d6f48fe99a084f136ca138,2026-02,Suffolk Constabulary,Suffolk Constabulary,1.573916,52.445327,On or near George Brown Way,E01030226,East Suffolk 011A,Other crime,Further investigation is not in the public interest,
efba319761cab92515deae6c6aa46c05c1599ef45084f59ca2ee459d0cd25f8b,2026-02,Suffolk Constabulary,Suffolk Constabulary,1.573916,52.445327,On or near George Brown Way,E01030226,East Suffolk 011A,Other crime,Further investigation is not in the public interest,
337490f3e6b7e0cf331fd52324fddb3debcf00438fe5bbec629c775de346144d,2026-02,Suffolk Constabulary,Suffolk Constabulary,1.502745,52.457919,On or near Low Road,E01030286,East Suffolk 011B,Public order,Unable to prosecute suspect,
e8b16dce2681037e82a10904fc7c5179dc4cbe5e5d802d5913f3b8f09bbbd4ee,2026-02,Suffolk Constabulary,Suffolk Constabulary,1.577490,52.408980,On or near Spring Park,E01030286,East Suffolk 011B,Violence and sexual offences,Unable to prosecute suspect,
048be3ff514be7832b6f826cdc572e990eb7f70ed9f8f3e367e57dc10def01f4,2026-02,Suffolk Constabulary,Suffolk Constabulary,1.654155,52.438213,On or near Church Road,E01030286,East Suffolk 011B,Violence and sexual offences,Unable to prosecute suspect,
,2026-02,Suffolk Constabulary,Suffolk Constabulary,1.585975,52.452427,On or near Hornbeam Close,E01030292,East Suffolk 011C,Anti-social behaviour,,
f66d81643418bec439392bbdd120ba3a11e5be2f453a42b6a06fafd1a2eda95e,2026-02,Suffolk Constabulary,Suffolk Constabulary,1.586499,52.453445,On or near Park Drive,E01030292,East Suffolk 011C,Criminal damage and arson,Investigation complete; no suspect identified,
2dba2cc3db8adc3d43cbfdc6f0aba3b45e69c877b813340bbebc34f89f38e0e5,2026-02,Suffolk Constabulary,Suffolk Constabulary,1.585975,52.452427,On or near Hornbeam Close,E01030292,East Suffolk 011C,Violence and sexual offences,Unable to prosecute suspect,
f71f714e08c8e5d812be28aa27f19c3716f8e6d7411bf7b8824bc5343e61fecb,2026-02,Suffolk Constabulary,Suffolk Constabulary,1.592579,52.450185,On or near Fairmile Close,E01030292,East Suffolk 011C,Violence and sexual offences,Action to be taken by another organisation,
8e32aad74e1d4f48425b46066803ea7f00d3f660a7014c27f9853e07f37cdf34,2026-02,Suffolk Constabulary,Suffolk Constabulary,1.637664,52.449021,On or near Mill Lane,E01030293,East Suffolk 011D,Violence and sexual offences,Action to be taken by another organisation,
1dfa7ca8b163257825bd6ea3f964d3b5110b013f04de23defc9946bdc36c5938,2026-02,Suffolk Constabulary,Suffolk Constabulary,1.637664,52.449021,On or near Mill Lane,E01030293,East Suffolk 011D,Violence and sexual offences,Action to be taken by another organisation,
4f1104c4237f8599e11ac2102ad1a8f2e4663a43d08b60f27808e63515f4008e,2026-02,Suffolk Constabulary,Suffolk Constabulary,1.714350,52.450088,On or near Gondree,E01030239,East Suffolk 012A,Criminal damage and arson,Investigation complete; no suspect identified,
84d84aa6a6cddc88f6e2ed6db5ce36a6181c19fc1b268270baaece47d57f172d,2026-02,Suffolk Constabulary,Suffolk Constabulary,1.715045,52.452738,On or near Ryedale,E01030239,East Suffolk 012A,Drugs,Under investigation,
8321b29b17e5af4ea531e6efda524c35bb102a28faf27445b5769726f31dcbf3,2026-02,Suffolk Constabulary,Suffolk Constabulary,1.710826,52.452646,On or near Ribblesdale,E01030239,East Suffolk 012A,Violence and sexual offences,Unable to prosecute suspect,
,2026-02,Suffolk Constabulary,Suffolk Constabulary,1.720748,52.418423,On or near Winston Close,E01030251,East Suffolk 012B,Anti-social behaviour,,
,2026-02,Suffolk Constabulary,Suffolk Constabulary,1.724959,52.418992,On or near Fisherman'S Way,E01030251,East Suffolk 012B,Anti-social behaviour,,
5836af3fd5e2c8213f48be574fb399508dd6d4d2c10149da689ebb7cb7a6e7ad,2026-02,Suffolk Constabulary,Suffolk Constabulary,1.723401,52.416046,On or near Beaconsfield Road,E01030251,East Suffolk 012B,Violence and sexual offences,Investigation complete; no suspect identified,
ed2f494ba61d4293e124f6991be6265465570875fe0d04302f507e9a029ff7eb,2026-02,Suffolk Constabulary,Suffolk Constabulary,1.726736,52.413026,On or near High Path,E01030251,East Suffolk 012B,Violence and sexual offences,Investigation complete; no suspect identified,
5cd401e81e861013b97b543ab4304273e92938089233f65e22c99504a5aaa78c,2026-02,Suffolk Constabulary,Suffolk Constabulary,1.722802,52.428648,On or near Cliff Farm Lane,E01030251,East Suffolk 012B,Violence and sexual offences,Under investigation,
,2026-02,Suffolk Constabulary,Suffolk Constabulary,1.711574,52.416922,On or near Coopers Lane,E01030252,East Suffolk 012C,Anti-social behaviour,,
1d3411b780dbe3f0eddbfd43bae7aebfeab9c98baffae5be08576f992eafd647,2026-02,Suffolk Constabulary,Suffolk Constabulary,1.717114,52.419815,On or near Mclean Drive,E01030252,East Suffolk 012C,Burglary,Investigation complete; no suspect identified,
bbbb37d1eae87d41cbdce00e47761b29ac77c9a072d84a00936a900cbdfd0e45,2026-02,Suffolk Constabulary,Suffolk Constabulary,1.713658,52.418961,On or near Lloyds Avenue,E01030252,East Suffolk 012C,Burglary,Investigation complete; no suspect identified,
0f15a9ac2911f5c348ffa4ea467213f7b987c9b0694440581d8c23c0c9aaab62,2026-02,Suffolk Constabulary,Suffolk Constabulary,1.721937,52.419087,On or near Hall Road,E01030252,East Suffolk 012C,Vehicle crime,Investigation complete; no suspect identified,
f67bfd5359a0f1fc655f71398325e9009801cf35983f04e521c7a8dadaa55a81,2026-02,Suffolk Constabulary,Suffolk Constabulary,1.712779,52.421102,On or near Scotts Close,E01030252,East Suffolk 012C,Violence and sexual offences,Action to be taken by another organisation,
456c2291fb7909c46da238e523aecc1e68a001abc3e980690c597e1ad9f8a76a,2026-02,Suffolk Constabulary,Suffolk Constabulary,1.712457,52.448754,On or near Dale End,E01030253,East Suffolk 012D,Burglary,Investigation complete; no suspect identified,
2dc56ab0192f2f4a359830eb9d4d5376a6617317225ee06a210fdcb2c3e31bef,2026-02,Suffolk Constabulary,Suffolk Constabulary,1.722839,52.445469,On or near Supermarket,E01030253,East Suffolk 012D,Drugs,Under investigation,
c270352febf45aff3e537b8690e2a6f1dd8185c62a3d5759a53d445f7a7d15ea,2026-02,Suffolk Constabulary,Suffolk Constabulary,1.723898,52.444256,On or near Shopping Area,E01030253,East Suffolk 012D,Other theft,Investigation complete; no suspect identified,
fc2023bbd89c7666cf262ed1017547514de1e91ffeb1a534013f34415c30d012,2026-02,Suffolk Constabulary,Suffolk Constabulary,1.715289,52.421554,On or near Lincoln Court,E01030253,East Suffolk 012D,Robbery,Under investigation,
57bd7f3c279288a960429474dccaf31cb1302d38f8c266be8e147120178c6970,2026-02,Suffolk Constabulary,Suffolk Constabulary,1.723898,52.444256,On or near Shopping Area,E01030253,East Suffolk 012D,Shoplifting,Under investigation,
e92cba5b2554a96fe85d09d5e6fba30621fb69714c5de087ec0eaa57c10bcea5,2026-02,Suffolk Constabulary,Suffolk Constabulary,1.723898,52.444256,On or near Shopping Area,E01030253,East Suffolk 012D,Shoplifting,Investigation complete; no suspect identified,
ac9de504fe5112c01f322c099219d5018e4b35e2c3d0df9090e4d1a6d4b0a6e6,2026-02,Suffolk Constabulary,Suffolk Constabulary,1.723898,52.444256,On or near Shopping Area,E01030253,East Suffolk 012D,Shoplifting,Unable to prosecute suspect,
d201416d244efb1bed9a9598cd4dc72839dd033df4bc93aedb17721ca0277470,2026-02,Suffolk Constabulary,Suffolk Constabulary,1.723898,52.444256,On or near Shopping Area,E01030253,East Suffolk 012D,Shoplifting,Investigation complete; no suspect identified,
9212f69329107d44fd9d080f98f7f2280fb898b97e89b7ee6959636f345271cb,2026-02,Suffolk Constabulary,Suffolk Constabulary,1.723898,52.444256,On or near Shopping Area,E01030253,East Suffolk 012D,Shoplifting,Investigation complete; no suspect identified,
7c3081516b3c55a06ffb6a4c6f052c9a974d0463569b27db21d6b5e4ef4d7269,2026-02,Suffolk Constabulary,Suffolk Constabulary,1.723898,52.444256,On or near Shopping Area,E01030253,East Suffolk 012D,Shoplifting,Investigation complete; no suspect identified,
a569410b4c4e5e2c00c96669b0b00fc0c654e86131cc57bf1895885c6d0fe70f,2026-02,Suffolk Constabulary,Suffolk Constabulary,1.719678,52.421092,On or near St Edmunds Crescent,E01030253,East Suffolk 012D,Violence and sexual offences,Under investigation,
2de2b9f5704c5323c64ca5499ab4f8be1a2e7f34406e73e7b405ef13b8f9c20f,2026-02,Suffolk Constabulary,Suffolk Constabulary,1.718399,52.421627,On or near Francis Road,E01030253,East Suffolk 012D,Violence and sexual offences,Unable to prosecute suspect,
fe7f59960934c0f449eb815b5db1ec950a5e11333c27e62cc716be0bada217dc,2026-02,Suffolk Constabulary,Suffolk Constabulary,1.723570,52.446029,On or near Shopping Area,E01030253,East Suffolk 012D,Violence and sexual offences,Investigation complete; no suspect identified,
ba805e381d1693efe8236f3a0a994b0f47d1c2e1924c5827725e1826ae8f2472,2026-02,Suffolk Constabulary,Suffolk Constabulary,1.729546,52.453253,On or near Wellington Road,E01030272,East Suffolk 012E,Public order,Unable to prosecute suspect,
6eddbc3253b43f8d0f17d0ed39ff57ae60f103ced579bdb7a222dd5aaf976b3d,2026-02,Suffolk Constabulary,Suffolk Constabulary,1.730123,52.453801,On or near Supermarket,E01030272,East Suffolk 012E,Violence and sexual offences,Local resolution,
d02446d3147db11c26c74e57eba0288c63df8f0f4cfdd2ba60d79bf2ad72da47,2026-02,Suffolk Constabulary,Suffolk Constabulary,1.730123,52.453801,On or near Supermarket,E01030272,East Suffolk 012E,Violence and sexual offences,Investigation complete; no suspect identified,
82d846b5509469f8a1d21c7217c783b883bfcb330225ddc2116df959fb92a90c,2026-02,Suffolk Constabulary,Suffolk Constabulary,1.730123,52.453801,On or near Supermarket,E01030272,East Suffolk 012E,Violence and sexual offences,Investigation complete; no suspect identified,
524fa3944753850fc94de5b751323d63cb29e8587f82445ba18e2b588d9c2467,2026-02,Suffolk Constabulary,Suffolk Constabulary,1.730123,52.453801,On or near Supermarket,E01030272,East Suffolk 012E,Violence and sexual offences,Investigation complete; no suspect identified,
,2026-02,Suffolk Constabulary,Suffolk Constabulary,1.439167,52.454120,On or near Parking Area,E01030230,East Suffolk 013A,Anti-social behaviour,,
,2026-02,Suffolk Constabulary,Suffolk Constabulary,1.437663,52.455046,On or near St Marys Street,E01030230,East Suffolk 013A,Anti-social behaviour,,
8f4b600d7adec8c0e936a718d1a5da592a80787f35fba0bc6cb9835066a6b78f,2026-02,Suffolk Constabulary,Suffolk Constabulary,1.441188,52.451165,On or near Willow Gardens,E01030230,East Suffolk 013A,Burglary,Suspect charged as part of another case,
b30ed73d4498dbb44dd30cf5aa9d25e98e29ca94ed9eeb2efac312006b7cd58e,2026-02,Suffolk Constabulary,Suffolk Constabulary,1.437139,52.456773,On or near Theatre/Concert Hall,E01030230,East Suffolk 013A,Other theft,Under investigation,
163478e393d7d832cedf08463610e84013c5e45ecf0e7f1d9befe68b4dbfba45,2026-02,Suffolk Constabulary,Suffolk Constabulary,1.437139,52.456773,On or near Theatre/Concert Hall,E01030230,East Suffolk 013A,Vehicle crime,Investigation complete; no suspect identified,
bcbf30bff7682b9fa38c0dbacdf447816c1b1cf8f2fcb0edd4b43a72219d2642,2026-02,Suffolk Constabulary,Suffolk Constabulary,1.434964,52.458002,On or near Broad Street,E01030230,East Suffolk 013A,Violence and sexual offences,Unable to prosecute suspect,
874459965e48057d4326b064b49291a1dbc9a067fbc7f1d2b2889556f8514bcb,2026-02,Suffolk Constabulary,Suffolk Constabulary,1.443980,52.451471,On or near Pilgrims Way,E01030230,East Suffolk 013A,Violence and sexual offences,Unable to prosecute suspect,
e234c9fbd948c3825e0b88870baa31c4b18a33307ca15a27531df79c4beb2642,2026-02,Suffolk Constabulary,Suffolk Constabulary,1.443980,52.451471,On or near Pilgrims Way,E01030230,East Suffolk 013A,Violence and sexual offences,Unable to prosecute suspect,
6a9686751e63adfa7f9322002c7855a098906a662fa02332abd19dece24eab5a,2026-02,Suffolk Constabulary,Suffolk Constabulary,1.442083,52.454710,On or near Staithe Road,E01030230,East Suffolk 013A,Violence and sexual offences,Action to be taken by another organisation,
e313c6909e8e295ed4de3a4c04aa68c5175fba87e3a11735b8677b2f76178bba,2026-02,Suffolk Constabulary,Suffolk Constabulary,1.435246,52.456519,On or near Earsham Street,E01030230,East Suffolk 013A,Violence and sexual offences,Unable to prosecute suspect,
131d108a99f44a7b4576b52cd9634b9270ff80b30faf7ba8a098f76ae06bf4b6,2026-02,Suffolk Constabulary,Suffolk Constabulary,1.442083,52.454710,On or near Staithe Road,E01030230,East Suffolk 013A,Violence and sexual offences,Action to be taken by another organisation,
0312d47c0dd5d58a909d409dde30162f2b47904ea2414126acd70170b1022c1a,2026-02,Suffolk Constabulary,Suffolk Constabulary,1.451639,52.451715,On or near Kents Lane,E01030231,East Suffolk 013B,Criminal damage and arson,Investigation complete; no suspect identified,
7c9db0272a384835251af5278aa92a472d168bfb29c756f0535b5350296c8419,2026-02,Suffolk Constabulary,Suffolk Constabulary,1.450351,52.450296,On or near Petrol Station,E01030231,East Suffolk 013B,Shoplifting,Investigation complete; no suspect identified,
f704756f5b245833aa3968740f220cbdd34ef5a152e8e4aeebe6852447172d6d,2026-02,Suffolk Constabulary,Suffolk Constabulary,1.439362,52.450769,On or near Laburnum Road,E01030232,East Suffolk 013C,Criminal damage and arson,Unable to prosecute suspect,
06e1543f033d8fc035e61cee0c5c7c09d015427580e8ef7fae8e1aa6f8dfa3a5,2026-02,Suffolk Constabulary,Suffolk Constabulary,1.439362,52.450769,On or near Laburnum Road,E01030232,East Suffolk 013C,Violence and sexual offences,Unable to prosecute suspect,
bc0b518c135bf6ef631dad3a638a8d54fc1e7250299528e92989f2e5715fbed4,2026-02,Suffolk Constabulary,Suffolk Constabulary,1.439656,52.446236,On or near Messenger Close,E01030232,East Suffolk 013C,Violence and sexual offences,Local resolution,
95000abb8fb797255288cd71eb61b56853aebe17c9505690685b6aaf7727d596,2026-02,Suffolk Constabulary,Suffolk Constabulary,1.441157,52.446238,On or near Manor Road,E01030232,East Suffolk 013C,Violence and sexual offences,Under investigation,
460df4e7ef02380099e8de5cc39072b084eaa3463fedb84b61b7dc3dca8f523f,2026-02,Suffolk Constabulary,Suffolk Constabulary,1.439488,52.448427,On or near Pennyfields,E01030232,East Suffolk 013C,Violence and sexual offences,Investigation complete; no suspect identified,
c00933a627f2cc7da28f2a111656c76c0cc0de40c9d232666cc0e605b127846a,2026-02,Suffolk Constabulary,Suffolk Constabulary,1.442407,52.445841,On or near Prince'S Road,E01030232,East Suffolk 013C,Violence and sexual offences,Unable to prosecute suspect,
b63be90d32b76a617531668ba0affdd6a1d891ad5abe58020a6f3ada360d559a,2026-02,Suffolk Constabulary,Suffolk Constabulary,1.439488,52.448427,On or near Pennyfields,E01030232,East Suffolk 013C,Other crime,Investigation complete; no suspect identified,
,2026-02,Suffolk Constabulary,Suffolk Constabulary,1.405057,52.378406,On or near The Street,E01030285,East Suffolk 013D,Anti-social behaviour,,
484864bd422930551478be4349da3d2f57bb815b96ab54192af5aaafbd5b73f8,2026-02,Suffolk Constabulary,Suffolk Constabulary,1.497840,52.396057,On or near Halesworth Road,E01030285,East Suffolk 013D,Violence and sexual offences,Under investigation,
,2026-02,Suffolk Constabulary,Suffolk Constabulary,1.675352,52.339970,On or near Moyse Avenue,E01030283,East Suffolk 014A,Anti-social behaviour,,
,2026-02,Suffolk Constabulary,Suffolk Constabulary,1.671291,52.340043,On or near Fairfield Road,E01030283,East Suffolk 014A,Anti-social behaviour,,
,2026-02,Suffolk Constabulary,Suffolk Constabulary,1.675352,52.339970,On or near Moyse Avenue,E01030283,East Suffolk 014A,Anti-social behaviour,,
,2026-02,Suffolk Constabulary,Suffolk Constabulary,1.671334,52.341103,On or near Queens Road,E01030283,East Suffolk 014A,Anti-social behaviour,,
,2026-02,Suffolk Constabulary,Suffolk Constabulary,1.675352,52.339970,On or near Moyse Avenue,E01030283,East Suffolk 014A,Anti-social behaviour,,
7162a683dc517f06969b6c342c0732567d09f7b3dae604633f80f6e4f1fe2151,2026-02,Suffolk Constabulary,Suffolk Constabulary,1.665201,52.342058,On or near Green Lane Close,E01030283,East Suffolk 014A,Criminal damage and arson,Investigation complete; no suspect identified,
6b862616846ef3c412b0c15f3231b64306763abadfdb90f30ce54d7710361c73,2026-02,Suffolk Constabulary,Suffolk Constabulary,1.675352,52.339970,On or near Moyse Avenue,E01030283,East Suffolk 014A,Criminal damage and arson,Investigation complete; no suspect identified,
2629b2ab0d8b57ac127c0e409980b5449c41c632e1d0a3a0df0f581004b6bf64,2026-02,Suffolk Constabulary,Suffolk Constabulary,1.672629,52.340424,On or near Mount Pleasant,E01030283,East Suffolk 014A,Public order,Unable to prosecute suspect,
43c835a4907ccc9c530a1f104bf4aa524910f237d983f29bb2a405ab4408826b,2026-02,Suffolk Constabulary,Suffolk Constabulary,1.665210,52.342517,On or near Green Lane,E01030283,East Suffolk 014A,Public order,Unable to prosecute suspect,
7d15a75b29c4b5357385bc0d6a35f3d3d02873c984ac6b275b1d72c7832dada5,2026-02,Suffolk Constabulary,Suffolk Constabulary,1.675352,52.339970,On or near Moyse Avenue,E01030283,East Suffolk 014A,Violence and sexual offences,Action to be taken by another organisation,
7c4fdd869b413e3ad6a30da0ad66e1206b763abc52716e2db592a70a1c242a54,2026-02,Suffolk Constabulary,Suffolk Constabulary,1.665201,52.342058,On or near Green Lane Close,E01030283,East Suffolk 014A,Violence and sexual offences,Under investigation,
24e61a22893dda943f794ed775db0543789f741fa981a0a82d1ae354cbb9ff2f,2026-02,Suffolk Constabulary,Suffolk Constabulary,1.663176,52.399373,On or near Wash Lane,E01030295,East Suffolk 014B,Violence and sexual offences,Under investigation,
dc68f44a39e4d54a72b76fff5b7267f0725a152511db464ac24bb26fd7582741,2026-02,Suffolk Constabulary,Suffolk Constabulary,1.671365,52.385024,On or near The Larches,E01030295,East Suffolk 014B,Violence and sexual offences,Under investigation,
583da7b09ee066311ec67075b15d41bdf36a5386b1f8327b65d209309d144b05,2026-02,Suffolk Constabulary,Suffolk Constabulary,1.579610,52.383776,On or near Woodside,E01030295,East Suffolk 014B,Violence and sexual offences,Unable to prosecute suspect,
561db0ed471f15a34e0b70d2467fb953b60f57d4455174596542506ae1792f74,2026-02,Suffolk Constabulary,Suffolk Constabulary,1.650879,52.371564,On or near Gipsy Lane,E01030295,East Suffolk 014B,Violence and sexual offences,Unable to prosecute suspect,
778d9ac6ab0e1b5d4d1218b200052e921383099b23abbb231a3975be307a00d6,2026-02,Suffolk Constabulary,Suffolk Constabulary,1.667629,52.385356,On or near Chapel Road,E01030295,East Suffolk 014B,Violence and sexual offences,Action to be taken by another organisation,
,2026-02,Suffolk Constabulary,Suffolk Constabulary,1.666304,52.336393,On or near Teal Close,E01035154,East Suffolk 014C,Anti-social behaviour,,
,2026-02,Suffolk Constabulary,Suffolk Constabulary,1.675563,52.329062,On or near A1095,E01035154,East Suffolk 014C,Anti-social behaviour,,
8e9c6eac790a65e215111c5cd9bb3e6a001a2bb4b5cc61c69ac009ab10a8f068,2026-02,Suffolk Constabulary,Suffolk Constabulary,1.671987,52.335164,On or near Evans Close,E01035154,East Suffolk 014C,Burglary,Investigation complete; no suspect identified,
49bb6fa9a160f0b9d776002ffd2ae9abb0141de2b57b62a91251751ace3b1077,2026-02,Suffolk Constabulary,Suffolk Constabulary,1.663874,52.334535,On or near Lakeside Close,E01035154,East Suffolk 014C,Burglary,Investigation complete; no suspect identified,
04358704041be472acacf090890164f301a266c3d537801b015364dad0391ba0,2026-02,Suffolk Constabulary,Suffolk Constabulary,1.675212,52.329964,On or near Station Road,E01035154,East Suffolk 014C,Other theft,Action to be taken by another organisation,
ec346bee2cbae2b3789305a190936b816a873299611898c039eb93a4479eb4d8,2026-02,Suffolk Constabulary,Suffolk Constabulary,1.678881,52.326143,On or near Shopping Area,E01035154,East Suffolk 014C,Public order,Unable to prosecute suspect,
ca9dfd5ffce280a5c58261fe81e98cefbe937025238079ed5331fb2d6107c7ca,2026-02,Suffolk Constabulary,Suffolk Constabulary,1.656710,52.333660,On or near Shepherds Lane,E01035154,East Suffolk 014C,Violence and sexual offences,Action to be taken by another organisation,
8969628469eeeb52e1f6a13a067fcfd72017fd7131969e1bcc470f7745145db0,2026-02,Suffolk Constabulary,Suffolk Constabulary,1.673624,52.330292,On or near Blyth Road,E01035154,East Suffolk 014C,Violence and sexual offences,Action to be taken by another organisation,
3df3177b098a4711e96f84912c42c858fa92e74c10adb122affb23af540b3bf4,2026-02,Suffolk Constabulary,Suffolk Constabulary,1.656710,52.333660,On or near Shepherds Lane,E01035154,East Suffolk 014C,Violence and sexual offences,Investigation complete; no suspect identified,
,2026-02,Suffolk Constabulary,Suffolk Constabulary,1.523651,52.346351,On or near Pine Tree Close,E01030229,East Suffolk 015A,Anti-social behaviour,,
,2026-02,Suffolk Constabulary,Suffolk Constabulary,1.522217,52.345495,On or near Orchard Valley,E01030229,East Suffolk 015A,Anti-social behaviour,,
15f0db40930c626df1819636420063ff7ff69fc2ae2f86422451cecf7bc1b84b,2026-02,Suffolk Constabulary,Suffolk Constabulary,1.523651,52.346351,On or near Pine Tree Close,E01030229,East Suffolk 015A,Burglary,Investigation complete; no suspect identified,
6e687e0bca8f887ad149eba3294dd34baedda89fcfeee824b42747b7d750b0f0,2026-02,Suffolk Constabulary,Suffolk Constabulary,1.621285,52.356348,On or near Old Priory Gardens,E01030229,East Suffolk 015A,Vehicle crime,Unable to prosecute suspect,
7e160e86074e1d795cd90f5df2ddc099f7de6a7e5549dff39ff24a4c2d69d021,2026-02,Suffolk Constabulary,Suffolk Constabulary,1.536787,52.379688,On or near Hares Lane,E01030229,East Suffolk 015A,Violence and sexual offences,Awaiting court outcome,
99deeb33b7830dca958bb078030905d4e99e8477fe959a850634eed088a856b0,2026-02,Suffolk Constabulary,Suffolk Constabulary,1.505011,52.375437,On or near A144,E01030229,East Suffolk 015A,Violence and sexual offences,Under investigation,
170a3c29e91cf529a53111b228705b880199ee98b50721a41e6dae1488fb0458,2026-02,Suffolk Constabulary,Suffolk Constabulary,1.522527,52.346070,On or near Bungay Road,E01030229,East Suffolk 015A,Violence and sexual offences,Investigation complete; no suspect identified,
81ce59e70fd9f6eee21722402c4dca6a5fa1d3acf2f89465ebcd8f3976fd3db6,2026-02,Suffolk Constabulary,Suffolk Constabulary,1.541968,52.380333,On or near Lock'S Road,E01030229,East Suffolk 015A,Violence and sexual offences,Unable to prosecute suspect,
579e99ba057b9e1ee31ff4ff6f540d02e3cab6119e8a4bb84bf9581245b7f776,2026-02,Suffolk Constabulary,Suffolk Constabulary,1.504902,52.346424,On or near Station Road,E01030243,East Suffolk 015B,Other theft,Under investigation,
95988e3797479c670e4b089fa868e14afa1af82de7fd75a063c2b317e0608737,2026-02,Suffolk Constabulary,Suffolk Constabulary,1.505653,52.346824,On or near Halesworth,E01030243,East Suffolk 015B,Possession of weapons,Unable to prosecute suspect,
67035ee81990b446a94a4d206955f4e728b3e0c94266eae055ad07dda87a68e8,2026-02,Suffolk Constabulary,Suffolk Constabulary,1.505049,52.349397,On or near Mount Pleasant,E01030243,East Suffolk 015B,Possession of weapons,Unable to prosecute suspect,
e8e40430740f1bbe2664b76bbf0e9b42fb3c35fb569602a22d1a329a862cbcd8,2026-02,Suffolk Constabulary,Suffolk Constabulary,1.505049,52.349397,On or near Mount Pleasant,E01030243,East Suffolk 015B,Violence and sexual offences,Awaiting court outcome,
0e09372e9d2b0a6501cce6e48b89d1cfa42e66e133eccba317b96474490cca5c,2026-02,Suffolk Constabulary,Suffolk Constabulary,1.507597,52.345588,On or near Briar Close,E01030243,East Suffolk 015B,Violence and sexual offences,Unable to prosecute suspect,
5b0f03337ba87bee75c4f67df2848f256b347c26735bd643dd5e3c0516f72fda,2026-02,Suffolk Constabulary,Suffolk Constabulary,1.505653,52.346824,On or near Halesworth,E01030243,East Suffolk 015B,Violence and sexual offences,Local resolution,
8753efe7433a3da6226e9b92834bca8f18f828a6fa8c0e87cc17a349acfb961b,2026-02,Suffolk Constabulary,Suffolk Constabulary,1.505653,52.346824,On or near Halesworth,E01030243,East Suffolk 015B,Violence and sexual offences,Unable to prosecute suspect,
e0b48ed2902eb27f130e3ec9917e4ce0994a6cb17ae77bd4cb9826fff8118668,2026-02,Suffolk Constabulary,Suffolk Constabulary,1.505049,52.349397,On or near Mount Pleasant,E01030243,East Suffolk 015B,Violence and sexual offences,Unable to prosecute suspect,
a9e0703c5de1974771ce2ef283c9d96b5f1d2c7785f13495ac32561fc33a09df,2026-02,Suffolk Constabulary,Suffolk Constabulary,1.503048,52.348979,On or near Uplands Way,E01030243,East Suffolk 015B,Violence and sexual offences,Unable to prosecute suspect,
06af6fb35727ceaac071bf873884e29da3526f4a4c9d16563df75a23ee62b644,2026-02,Suffolk Constabulary,Suffolk Constabulary,1.513438,52.344056,On or near Bensly'S Drift,E01030244,East Suffolk 015C,Other theft,Investigation complete; no suspect identified,
fc2878a5be784aab79b1c4c3cb858d192a62703c2c96a12f235a7e61fb4bb5d9,2026-02,Suffolk Constabulary,Suffolk Constabulary,1.514406,52.343119,On or near Stead Drive,E01030244,East Suffolk 015C,Possession of weapons,Unable to prosecute suspect,
24537358892c9f152fbff23ddffc2543c4a523c776ea6367f5e309f330d78b5d,2026-02,Suffolk Constabulary,Suffolk Constabulary,1.504266,52.345813,On or near Parking Area,E01030244,East Suffolk 015C,Possession of weapons,Under investigation,
5b3357a0b81f253e5f25a1b9e343d74107f573a7b1bccf916bd2b43018ee0fb6,2026-02,Suffolk Constabulary,Suffolk Constabulary,1.502416,52.343583,On or near Thoroughfare,E01030244,East Suffolk 015C,Shoplifting,Investigation complete; no suspect identified,
ce80eb112469a78bd011a41747e63eb04ceca1fe9f372f91093e3a83feded1ad,2026-02,Suffolk Constabulary,Suffolk Constabulary,1.500871,52.342811,On or near Market Place,E01030244,East Suffolk 015C,Violence and sexual offences,Investigation complete; no suspect identified,
fe120198c39f5a9e684fe10086fa95ddaa70af14bb8e572f1370c51eee2cb592,2026-02,Suffolk Constabulary,Suffolk Constabulary,1.513438,52.344056,On or near Bensly'S Drift,E01030244,East Suffolk 015C,Violence and sexual offences,Unable to prosecute suspect,
ccd4f0fd6a85a334119e9fdd463901615e8d743dc4b324ce703d4e015fd85cd8,2026-02,Suffolk Constabulary,Suffolk Constabulary,1.500005,52.342261,On or near Church Farm Lane,E01030244,East Suffolk 015C,Violence and sexual offences,Unable to prosecute suspect,
6335c7a28ff9009519c41c4d3f5d1926c42ee38c366ebdcdc21b6481e7a86b7a,2026-02,Suffolk Constabulary,Suffolk Constabulary,1.500005,52.342261,On or near Church Farm Lane,E01030244,East Suffolk 015C,Violence and sexual offences,Unable to prosecute suspect,
6f638810acfe4212b37de5ca9d43b60b90e9d0396d2fb04371869fc039be6748,2026-02,Suffolk Constabulary,Suffolk Constabulary,1.500005,52.342261,On or near Church Farm Lane,E01030244,East Suffolk 015C,Violence and sexual offences,Unable to prosecute suspect,
35bb2a56cc7f13bba0c9a42d4fd634ac1ecbcf38323682a5ba2d0e3604a362fa,2026-02,Suffolk Constabulary,Suffolk Constabulary,1.513438,52.344056,On or near Bensly'S Drift,E01030244,East Suffolk 015C,Violence and sexual offences,Investigation complete; no suspect identified,
40da487c5e3a4e28adc2999516c45d0d4f4ac5ba89670b9e153835ae61c4c134,2026-02,Suffolk Constabulary,Suffolk Constabulary,1.513438,52.344056,On or near Bensly'S Drift,E01030244,East Suffolk 015C,Violence and sexual offences,Under investigation,
7a1f795775324d33521dc83d6cbed1f142eeaf6e56189a8cffc86a32958854b6,2026-02,Suffolk Constabulary,Suffolk Constabulary,1.509901,52.343343,On or near B1123,E01030244,East Suffolk 015C,Violence and sexual offences,Unable to prosecute suspect,
217fa2e21076c76ffb7f6ff682fc700ae7bcb01ed3f2f0c7824cb23a72129190,2026-02,Suffolk Constabulary,Suffolk Constabulary,1.500172,52.342885,On or near Old Brewery Yard,E01030244,East Suffolk 015C,Other crime,Unable to prosecute suspect,
db744527bde98e029c652b3ebd0c5197cca373f56ed77de6f63e3c4e56b21269,2026-02,Suffolk Constabulary,Suffolk Constabulary,1.504779,52.334549,On or near Sports/Recreation Area,E01030245,East Suffolk 015D,Drugs,Local resolution,
8f82e84d045e9329682901b37aaa58b06ff7e1e545d3bb757ede96ba838d70c1,2026-02,Suffolk Constabulary,Suffolk Constabulary,1.500846,52.334510,On or near Nightingale Close,E01030245,East Suffolk 015D,Violence and sexual offences,Action to be taken by another organisation,
fa733ae8e06af079d1dbc7c14b6438677d88c266130ad24eb40215fadae35daf,2026-02,Suffolk Constabulary,Suffolk Constabulary,1.497507,52.339259,On or near Gainsborough Drive,E01030245,East Suffolk 015D,Violence and sexual offences,Under investigation,
0c9656f7a86595c4d9224d8c9528b6b24b41376d9eb06a207d9f63b3872ea84b,2026-02,Suffolk Constabulary,Suffolk Constabulary,1.429472,52.289529,On or near Heveningham Long Lane,E01030201,East Suffolk 016A,Criminal damage and arson,Investigation complete; no suspect identified,
da81a5915dd3278fa80192f8650b1410dc6bc88d947c8700777eac9e0c10ec3e,2026-02,Suffolk Constabulary,Suffolk Constabulary,1.444428,52.272652,On or near Mount Pleasant,E01030201,East Suffolk 016A,Drugs,Awaiting court outcome,
524cc1da5194d45533b1d7dd7c48e0dd7e6b96ffcfff24fa919402dd02cee620,2026-02,Suffolk Constabulary,Suffolk Constabulary,1.444428,52.272652,On or near Mount Pleasant,E01030201,East Suffolk 016A,Violence and sexual offences,Investigation complete; no suspect identified,
dabeea39c4a4ab4294704f598e51bfb51b3f3bf0fbdc8fcc1e503fc4a1da18b4,2026-02,Suffolk Constabulary,Suffolk Constabulary,1.450154,52.270488,On or near Bruisyard Road,E01030201,East Suffolk 016A,Violence and sexual offences,Local resolution,
fa4025d1872179208bc40272841c5ce5e6ba074706243798c24f8fb8448cf122,2026-02,Suffolk Constabulary,Suffolk Constabulary,1.390843,52.326425,On or near Bell Green,E01030201,East Suffolk 016A,Violence and sexual offences,Action to be taken by another organisation,
,2026-02,Suffolk Constabulary,Suffolk Constabulary,1.599175,52.317313,On or near Dunwich Road,E01030219,East Suffolk 016B,Anti-social behaviour,,
01a783939387e483b0bbbcfb80a948c91688c5131d2a5290d104333ad9e67961,2026-02,Suffolk Constabulary,Suffolk Constabulary,1.665040,52.314377,On or near Ferry Road,E01030219,East Suffolk 016B,Criminal damage and arson,Investigation complete; no suspect identified,
7a7cab1573feb9dabf55d34b3170370b7e4cd1ab43c47cede6071390b04f31e7,2026-02,Suffolk Constabulary,Suffolk Constabulary,1.556715,52.328486,On or near Blyford Lane,E01030219,East Suffolk 016B,Criminal damage and arson,Unable to prosecute suspect,
bd6220f54607023ec20786b811da3b9ad66605827ea3c43671feed595c7e0bb2,2026-02,Suffolk Constabulary,Suffolk Constabulary,1.556715,52.328486,On or near Blyford Lane,E01030219,East Suffolk 016B,Drugs,Unable to prosecute suspect,
f3dc7d5afa0d4972f5376287440059e53469b4fd726aa79bc881932060c9e801,2026-02,Suffolk Constabulary,Suffolk Constabulary,1.519676,52.316302,On or near The Hill,E01030219,East Suffolk 016B,Other theft,Unable to prosecute suspect,
efeb6a4d2c609ec984a6b4e848a1d511ed699dee4d86a63f3cb175a956832c50,2026-02,Suffolk Constabulary,Suffolk Constabulary,1.518508,52.321176,On or near Halesworth Road,E01030219,East Suffolk 016B,Vehicle crime,Under investigation,
fd06872a6c7880685853f2af2141f1fb149403b9bc6ca72c5e4733fe0e8e0768,2026-02,Suffolk Constabulary,Suffolk Constabulary,1.558862,52.321954,On or near Hall Road,E01030219,East Suffolk 016B,Violence and sexual offences,Unable to prosecute suspect,
7936d791dd7375f806eef5537fb3e94d6ae2c7d5d8a95b6e1e3aa115e0749523,2026-02,Suffolk Constabulary,Suffolk Constabulary,1.523143,52.272755,On or near Parking Area,E01030222,East Suffolk 016C,Burglary,Investigation complete; no suspect identified,
a319fd4a6334557f474a4707b1dafdadbd3048599a77b71bbbc65dea9b138c8d,2026-02,Suffolk Constabulary,Suffolk Constabulary,1.523244,52.261284,On or near Yoxford Road,E01030222,East Suffolk 016C,Criminal damage and arson,Investigation complete; no suspect identified,
80182b1f8b6b3eae943c4c6466cc899ad169b285d28c82c05b70d582b86bf2c9,2026-02,Suffolk Constabulary,Suffolk Constabulary,1.580233,52.268329,On or near Studio Close,E01030222,East Suffolk 016C,Other theft,Investigation complete; no suspect identified,
8fde3a9037ecd37af45f0e06af7dbc1915490d965813e39d0a5e3da86200f7ac,2026-02,Suffolk Constabulary,Suffolk Constabulary,1.498524,52.287996,On or near Weavers Marsh Lane,E01030222,East Suffolk 016C,Public order,Investigation complete; no suspect identified,
487c8ae50af7eaa5e4ce8d9674597fcf289f4008216ea6d6d27f267151b0e831,2026-02,Suffolk Constabulary,Suffolk Constabulary,1.584230,52.269889,On or near Blythburgh Road,E01030222,East Suffolk 016C,Vehicle crime,Investigation complete; no suspect identified,
d800b749147fd5f8cf438f7e6365c45ed16adf7f68313607dd7876e2edf3115f,2026-02,Suffolk Constabulary,Suffolk Constabulary,1.578959,52.266712,On or near Woodlands,E01030222,East Suffolk 016C,Vehicle crime,Investigation complete; no suspect identified,
d82c8f10ce965b0f31d5d9ee858358539579bf2d6a3757f1e48f87b0934ac35c,2026-02,Suffolk Constabulary,Suffolk Constabulary,1.507114,52.267701,On or near High Street,E01030222,East Suffolk 016C,Violence and sexual offences,Unable to prosecute suspect,
4ae8f061668fc0ceaf01021b7565344968d162bea75973a1b48d188ec713c39d,2026-02,Suffolk Constabulary,Suffolk Constabulary,1.306292,52.157289,On or near Park Lane,E01030154,East Suffolk 017A,Burglary,Investigation complete; no suspect identified,
49dc337af38d08cecb0924a6a04bc02a68beb44c1653be8c70958e7c30d08666,2026-02,Suffolk Constabulary,Suffolk Constabulary,1.306292,52.157289,On or near Park Lane,E01030154,East Suffolk 017A,Burglary,Investigation complete; no suspect identified,
aebfc626735147d472e3c2a35c9f681402199628d3b423c2edeb0ff741c0d6b1,2026-02,Suffolk Constabulary,Suffolk Constabulary,1.269039,52.215593,On or near Brandeston Road,E01030154,East Suffolk 017A,Criminal damage and arson,Investigation complete; no suspect identified,
efe909bd6b3b79bb6d6467fc5aecf72a99eb83c9401744ff11ed3a4a35da61c4,2026-02,Suffolk Constabulary,Suffolk Constabulary,1.260238,52.195987,On or near The Maples,E01030154,East Suffolk 017A,Violence and sexual offences,Unable to prosecute suspect,
d531837ec7bea6bc4fe6f76df1be947262d54668d5aad14e49b076600224b6ed,2026-02,Suffolk Constabulary,Suffolk Constabulary,1.341985,52.222371,On or near Bridge Street,E01030172,East Suffolk 017B,Burglary,Local resolution,
bbc44b364b760c2411c5ae1fc9cb9e4abe1e4d2ec9b6db6339422d2dba8b7139,2026-02,Suffolk Constabulary,Suffolk Constabulary,1.344808,52.221347,On or near Crown And Anchor Lane,E01030172,East Suffolk 017B,Criminal damage and arson,Investigation complete; no suspect identified,
59c0b2a1fe6908f825abcc458a990d4fecc8b946da02ad139817f22e59a9faf5,2026-02,Suffolk Constabulary,Suffolk Constabulary,1.343111,52.221953,On or near Supermarket,E01030172,East Suffolk 017B,Shoplifting,Investigation complete; no suspect identified,
27ebae686ab65bc8ecf1bea57abb28785ceab20b83faf809ff48ace9f0c91d6d,2026-02,Suffolk Constabulary,Suffolk Constabulary,1.350375,52.211268,On or near Brick Lane,E01030172,East Suffolk 017B,Violence and sexual offences,Unable to prosecute suspect,
256706e866c8ac079f1bc766483bef3b865506afe4219d70a3a2da60e3953a81,2026-02,Suffolk Constabulary,Suffolk Constabulary,1.353171,52.208535,On or near Brick Lane,E01030172,East Suffolk 017B,Violence and sexual offences,Investigation complete; no suspect identified,
c09b7bfc23c8d69450eb343b6d5845019a01533b211fe0c3e908dc501ec4f68f,2026-02,Suffolk Constabulary,Suffolk Constabulary,1.350375,52.211268,On or near Brick Lane,E01030172,East Suffolk 017B,Violence and sexual offences,Unable to prosecute suspect,
afe4a2ee67ffc91ebae18b8b5d5dfaa5f192d71d1004faa615563c315062f132,2026-02,Suffolk Constabulary,Suffolk Constabulary,1.329116,52.227502,On or near Saxtead Road,E01030172,East Suffolk 017B,Other crime,Under investigation,
,2026-02,Suffolk Constabulary,Suffolk Constabulary,1.346405,52.218432,On or near Fairfield Crescent,E01030173,East Suffolk 017C,Anti-social behaviour,,
57f4e238d62e00bcf408e2443db39cd629378e428b9e065953fe38bd440cedce,2026-02,Suffolk Constabulary,Suffolk Constabulary,1.342015,52.222568,On or near Tanyard Court,E01030173,East Suffolk 017C,Criminal damage and arson,Investigation complete; no suspect identified,
acadbc0530182da8a85b9dc242b9dad3c173664a7fb55be99d37a208ea890c84,2026-02,Suffolk Constabulary,Suffolk Constabulary,1.346389,52.217255,On or near St John Way,E01030173,East Suffolk 017C,Other theft,Investigation complete; no suspect identified,
696d97480ecd3798b258d9ce56e21d676ccddc5ecc5e42e77d433668c918303a,2026-02,Suffolk Constabulary,Suffolk Constabulary,1.351994,52.221871,On or near Pageant Place,E01030173,East Suffolk 017C,Other theft,Under investigation,
b717497ab4f13d1f9bc28093a7f51149345fd5fa578ed4b543ebd272893f3794,2026-02,Suffolk Constabulary,Suffolk Constabulary,1.342649,52.217361,On or near Walne Close,E01030173,East Suffolk 017C,Violence and sexual offences,Action to be taken by another organisation,
ec4b934ac90fc4097a34ce270e01270fc62ffba9019f89cc9a9841ff2b7a9392,2026-02,Suffolk Constabulary,Suffolk Constabulary,1.342649,52.217361,On or near Walne Close,E01030173,East Suffolk 017C,Violence and sexual offences,Action to be taken by another organisation,
3f76905823e8e65606d526d62ee7445818029190d43c11d15af8372acf9fa81f,2026-02,Suffolk Constabulary,Suffolk Constabulary,1.299294,52.233989,On or near Several Road,E01030174,East Suffolk 017D,Burglary,Investigation complete; no suspect identified,
70e263c5190c1f26bc22b3a5550aae577706b6ed30e0e88854d40b62a7a15f88,2026-02,Suffolk Constabulary,Suffolk Constabulary,1.303496,52.231407,On or near Parking Area,E01030174,East Suffolk 017D,Burglary,Investigation complete; no suspect identified,
fe21d696448ac5cdbfcd59c9b1d436de1233c472bb5f3541c05c68f82d66444e,2026-02,Suffolk Constabulary,Suffolk Constabulary,1.378818,52.263226,On or near Orchard Rise,E01030174,East Suffolk 017D,Criminal damage and arson,Investigation complete; no suspect identified,
e00259d813be4c0e5c6755fc2d60c6dc272b7fcb55b7d3568cea53ca4401fdc5,2026-02,Suffolk Constabulary,Suffolk Constabulary,1.407133,52.260486,On or near Hollow Lane,E01030174,East Suffolk 017D,Other theft,Investigation complete; no suspect identified,
147bdcd8e4076ec705fee6192f084cef55675e508cbf0802a69ce3aacc624c0d,2026-02,Suffolk Constabulary,Suffolk Constabulary,1.341622,52.255723,On or near Laxfield Road,E01030174,East Suffolk 017D,Public order,Unable to prosecute suspect,
8777d742a1ef4b0256cf87cae36876e1058ab8bd348418c41b4433521cd4b751,2026-02,Suffolk Constabulary,Suffolk Constabulary,1.424490,52.174159,On or near Church Road,E01030176,East Suffolk 017E,Violence and sexual offences,Under investigation,
86399de326f40909943727fba927511b3633dbe46cf7c59455ddc3271886f13f,2026-02,Suffolk Constabulary,Suffolk Constabulary,1.424715,52.206578,On or near Chapel Lane,E01030176,East Suffolk 017E,Violence and sexual offences,Under investigation,
6aa599b0d25190e72af8ed651043a7870d502bb722dfed96892e25165d936eec,2026-02,Suffolk Constabulary,Suffolk Constabulary,1.424490,52.174159,On or near Church Road,E01030176,East Suffolk 017E,Violence and sexual offences,Under investigation,
9321a77cddf827056f26ecbc29fef3bd56d2ec66147c27aeb5e7adc9843589bb,2026-02,Suffolk Constabulary,Suffolk Constabulary,1.442362,52.230295,On or near Sandy Lane,E01030176,East Suffolk 017E,Violence and sexual offences,Under investigation,
,2026-02,Suffolk Constabulary,Suffolk Constabulary,1.570965,52.202841,On or near Beech Walk,E01030186,East Suffolk 018A,Anti-social behaviour,,
3d521f2fb01c45acdee1301d279850a6adac9a06a152349c365e063f48d1ea69,2026-02,Suffolk Constabulary,Suffolk Constabulary,1.543846,52.209739,On or near Parking Area,E01030186,East Suffolk 018A,Other theft,Investigation complete; no suspect identified,
579e6b92032c528924034bc0595368bf5a08c0f4aa7b6334a52fd1ec1dc95d40,2026-02,Suffolk Constabulary,Suffolk Constabulary,1.543846,52.209739,On or near Parking Area,E01030186,East Suffolk 018A,Violence and sexual offences,Local resolution,
f2d0130785bad74728163f5bddc35b3714b277aa69d10d633e2dad844b5754fd,2026-02,Suffolk Constabulary,Suffolk Constabulary,1.557899,52.194871,On or near School Road,E01030186,East Suffolk 018A,Violence and sexual offences,Unable to prosecute suspect,
,2026-02,Suffolk Constabulary,Suffolk Constabulary,1.497050,52.213260,On or near Church Hill,E01030209,East Suffolk 018C,Anti-social behaviour,,
,2026-02,Suffolk Constabulary,Suffolk Constabulary,1.491088,52.212105,On or near South Entrance,E01030209,East Suffolk 018C,Anti-social behaviour,,
,2026-02,Suffolk Constabulary,Suffolk Constabulary,1.497050,52.213260,On or near Church Hill,E01030209,East Suffolk 018C,Anti-social behaviour,,
,2026-02,Suffolk Constabulary,Suffolk Constabulary,1.487934,52.215949,On or near Chapel Road,E01030209,East Suffolk 018C,Anti-social behaviour,,
8ceb65d532afe23e889d7fca0ada32e5d1c1f9b03524efe7a79be25fe73386d2,2026-02,Suffolk Constabulary,Suffolk Constabulary,1.492055,52.215467,On or near Market Place,E01030209,East Suffolk 018C,Other theft,Investigation complete; no suspect identified,
da654b24f244a2d20d0249a157ac872653cedc6e9195741749b8069c48a55411,2026-02,Suffolk Constabulary,Suffolk Constabulary,1.493968,52.213729,On or near Fromus Square,E01030209,East Suffolk 018C,Shoplifting,Investigation complete; no suspect identified,
39e5a3943ea803a708a14c7034371ba04558185447a979879cbea9286e28b63e,2026-02,Suffolk Constabulary,Suffolk Constabulary,1.491952,52.216019,On or near B1121,E01030209,East Suffolk 018C,Violence and sexual offences,Under investigation,
6e3a568d97578431803ca4f30dfbd9203d81318ff7e35f798046cb1e53a02d05,2026-02,Suffolk Constabulary,Suffolk Constabulary,1.496699,52.215869,On or near Elm Close,E01030209,East Suffolk 018C,Violence and sexual offences,Unable to prosecute suspect,
71844d9b7618aec327e705089f9d69d52b3fcfef2a9d070c571bbe5260e4ac16,2026-02,Suffolk Constabulary,Suffolk Constabulary,1.491376,52.214840,On or near Station Approach,E01030209,East Suffolk 018C,Violence and sexual offences,Investigation complete; no suspect identified,
1fa58638fc683c8309f032159883850895972505c89ed41f673bd26d09dc842c,2026-02,Suffolk Constabulary,Suffolk Constabulary,1.481949,52.219373,On or near Ashfords Close,E01030210,East Suffolk 018D,Criminal damage and arson,Further action is not in the public interest,
aedeabff74d14a09afa7171849203df82831960062fc2f4642d48b6abab798c6,2026-02,Suffolk Constabulary,Suffolk Constabulary,1.482569,52.215316,On or near Rendham Road,E01030210,East Suffolk 018D,Violence and sexual offences,Investigation complete; no suspect identified,
900d80dae1c9c7a56a60ec07cacf0c68540018660b9dc4bf5b48b2ea43b20557,2026-02,Suffolk Constabulary,Suffolk Constabulary,1.479630,52.213307,On or near Mayflower Avenue,E01030210,East Suffolk 018D,Violence and sexual offences,Action to be taken by another organisation,
e231b4dee7e01e545c990800fdf9b57a748821c34cd20172929ba5610c8c6837,2026-02,Suffolk Constabulary,Suffolk Constabulary,1.486722,52.213008,On or near Fisher Close,E01030210,East Suffolk 018D,Violence and sexual offences,Action to be taken by another organisation,
09e6f7db6d92b9a8029e8e57fac688bb9e2e1382f0377b51d34591b28b598861,2026-02,Suffolk Constabulary,Suffolk Constabulary,1.483242,52.216987,On or near Saxon Road,E01030210,East Suffolk 018D,Violence and sexual offences,Action to be taken by another organisation,
5276f7c66f2655790c8e0b1d63719ea09c2aefccefe16962c9e4754051c9067d,2026-02,Suffolk Constabulary,Suffolk Constabulary,1.485759,52.212865,On or near Millfield Close,E01030210,East Suffolk 018D,Violence and sexual offences,Unable to prosecute suspect,
d815b21b75b98d0e2b920c4dc6b326d0a72e280226c6a50714993549fbd3a97e,2026-02,Suffolk Constabulary,Suffolk Constabulary,1.481949,52.219373,On or near Ashfords Close,E01030210,East Suffolk 018D,Violence and sexual offences,Unable to prosecute suspect,
b004b5e10c070751e4ba8c39f5f3f0ece74bec9bebacc80c5fbd34804e7dac25,2026-02,Suffolk Constabulary,Suffolk Constabulary,1.486722,52.213008,On or near Fisher Close,E01030210,East Suffolk 018D,Violence and sexual offences,Unable to prosecute suspect,
e6738ba9dd0c7294feb72bb02724ea9ba8a13a405a3804617ecd5c2574082ae9,2026-02,Suffolk Constabulary,Suffolk Constabulary,1.481949,52.219373,On or near Ashfords Close,E01030210,East Suffolk 018D,Violence and sexual offences,Unable to prosecute suspect,
5baefd5f8413362e047a16d13c093190ca6f457396e0ef76e11f2054e59fd27b,2026-02,Suffolk Constabulary,Suffolk Constabulary,1.479876,52.216646,On or near Bittern Road,E01030210,East Suffolk 018D,Violence and sexual offences,Unable to prosecute suspect,
6039f365cf45ef3b0674f9730d3589a1d5c3acd45eb19ce8e8d519443df24639,2026-02,Suffolk Constabulary,Suffolk Constabulary,1.481949,52.219373,On or near Ashfords Close,E01030210,East Suffolk 018D,Other crime,Unable to prosecute suspect,
64a4468bb658dffdc51ca88959928ccd3c2684ce2b10cb6f2650aebddc946d8b,2026-02,Suffolk Constabulary,Suffolk Constabulary,1.483242,52.216987,On or near Saxon Road,E01030210,East Suffolk 018D,Other crime,Unable to prosecute suspect,
40fba2c616b6191601e9fe0972d3ce36306f0ada706e0a3ce156d064b709e278,2026-02,Suffolk Constabulary,Suffolk Constabulary,1.485869,52.198381,On or near Mill Lane,E01030212,East Suffolk 018E,Other theft,Investigation complete; no suspect identified,
e1891bb8bef0e2d23798e619052cb82129bad14aff4f2641abe9536eb361f125,2026-02,Suffolk Constabulary,Suffolk Constabulary,1.485869,52.198381,On or near Mill Lane,E01030212,East Suffolk 018E,Violence and sexual offences,Unable to prosecute suspect,
,2026-02,Suffolk Constabulary,Suffolk Constabulary,1.590096,52.157609,On or near Hall Farm Lane,E01030152,East Suffolk 019A,Anti-social behaviour,,
52e45d03dd6e184d62c9d8b7d65b2618394f257936f3294d58716ced7fbae809,2026-02,Suffolk Constabulary,Suffolk Constabulary,1.590096,52.157609,On or near Hall Farm Lane,E01030152,East Suffolk 019A,Burglary,Investigation complete; no suspect identified,
960089bb8250aba5e65e96820a81e9dbfec87f7ef9a5e78284a8e5f6b9259d42,2026-02,Suffolk Constabulary,Suffolk Constabulary,1.579233,52.184231,On or near Aldeburgh Road,E01030152,East Suffolk 019A,Theft from the person,Under investigation,
a3f227e9a00356ef5d0d3a8207546acee73efd3d4b217d09ce81343e01e2a840,2026-02,Suffolk Constabulary,Suffolk Constabulary,1.615058,52.180664,On or near The Sanctuary,E01030152,East Suffolk 019A,Violence and sexual offences,Unable to prosecute suspect,
2d3038d780452eeab7a9379dbb97a881fc4f8642ad7aaf5c6a12e25e5c6fdfb1,2026-02,Suffolk Constabulary,Suffolk Constabulary,1.614025,52.178213,On or near Parking Area,E01030152,East Suffolk 019A,Violence and sexual offences,Investigation complete; no suspect identified,
b5a2da529ecdc54c39112e0b0e86d5d7f16c072a5cdcfcc75f5976cfe66a5c1c,2026-02,Suffolk Constabulary,Suffolk Constabulary,1.595050,52.157386,On or near Parsons Field,E01030152,East Suffolk 019A,Violence and sexual offences,Action to be taken by another organisation,
b6d9f3c9271af090d02642c8e9b14b8ca9e72c7f2014cd24b65ad36a202fbb33,2026-02,Suffolk Constabulary,Suffolk Constabulary,1.602146,52.153266,On or near Crabbe Street,E01030153,East Suffolk 019B,Other theft,Investigation complete; no suspect identified,
26d8f33aed0b834e0ddf91e4310851f977edf872466bfb548c7edae5140b4d27,2026-02,Suffolk Constabulary,Suffolk Constabulary,1.593865,52.159014,On or near Lapwings,E01030153,East Suffolk 019B,Violence and sexual offences,Unable to prosecute suspect,
374a7786835e59c56057a3972467ee5f497f9a2ca756110e291b4857f771825d,2026-02,Suffolk Constabulary,Suffolk Constabulary,1.593865,52.159014,On or near Lapwings,E01030153,East Suffolk 019B,Violence and sexual offences,Unable to prosecute suspect,
4e9f63068493df645c0427255544f967b23b9cdef8a2f265f7cef3c8be26e641,2026-02,Suffolk Constabulary,Suffolk Constabulary,1.593865,52.159014,On or near Lapwings,E01030153,East Suffolk 019B,Violence and sexual offences,Unable to prosecute suspect,
2800881b91b92ad00a1e3667a2bf12f4c9ed6e917e3a088c2596db39f0ec1381,2026-02,Suffolk Constabulary,Suffolk Constabulary,1.603422,52.157832,On or near Parking Area,E01030153,East Suffolk 019B,Violence and sexual offences,Unable to prosecute suspect,
551274710832e326606cd640bf1547b9ed16eea8bb9921ee187c0e7abc368a13,2026-02,Suffolk Constabulary,Suffolk Constabulary,1.601613,52.150467,On or near King Street,E01030153,East Suffolk 019B,Violence and sexual offences,Unable to prosecute suspect,
,2026-02,Suffolk Constabulary,Suffolk Constabulary,1.592047,52.201948,On or near Grimsey'S Lane,E01030187,East Suffolk 019C,Anti-social behaviour,,
81ede8c2151bfd9cfecbbba9e41b732e8b3b30c146d0d23980799463b7ec8801,2026-02,Suffolk Constabulary,Suffolk Constabulary,1.589745,52.205346,On or near Heath View,E01030187,East Suffolk 019C,Criminal damage and arson,Awaiting court outcome,
6c5d39295b1ae6a2a9c9cc887d3845610c3303a613cc170071a53258cce73d15,2026-02,Suffolk Constabulary,Suffolk Constabulary,1.589745,52.205346,On or near Heath View,E01030187,East Suffolk 019C,Criminal damage and arson,Awaiting court outcome,
1d8aea5a5bebfd6979d166f79ef88e02d3cefece692d6edee5526c70e52916fc,2026-02,Suffolk Constabulary,Suffolk Constabulary,1.589745,52.205346,On or near Heath View,E01030187,East Suffolk 019C,Criminal damage and arson,Unable to prosecute suspect,
81bb80234ae446052ccc5a6a380bf5a81809307ef2459a339822ed5396ef509c,2026-02,Suffolk Constabulary,Suffolk Constabulary,1.620433,52.207349,On or near Sizewell Gap,E01030187,East Suffolk 019C,Criminal damage and arson,Investigation complete; no suspect identified,
4b4c8a7f355a21543891eaf047f02c185592183cac3bbba5896d5b82f7978174,2026-02,Suffolk Constabulary,Suffolk Constabulary,1.589745,52.205346,On or near Heath View,E01030187,East Suffolk 019C,Criminal damage and arson,Local resolution,
251d739877ca031aac0521e91668d7bef1990fe7c88ee7e14c81de411221c663,2026-02,Suffolk Constabulary,Suffolk Constabulary,1.589745,52.205346,On or near Heath View,E01030187,East Suffolk 019C,Criminal damage and arson,Unable to prosecute suspect,
308476783bf785f02f4781c901c3b88460470af1130bc1c4736514112555fb6c,2026-02,Suffolk Constabulary,Suffolk Constabulary,1.589745,52.205346,On or near Heath View,E01030187,East Suffolk 019C,Violence and sexual offences,Unable to prosecute suspect,
d66a3b75e4f5f4e4ab38e3d39b3861de23ca8daa465ed61ebc493bc3ec46caa6,2026-02,Suffolk Constabulary,Suffolk Constabulary,1.584702,52.200912,On or near Howard Drive,E01030187,East Suffolk 019C,Violence and sexual offences,Local resolution,
8dfbf1edab1c4b250597883bb7a0f56cb9bbfa2088cde992a992f7a5d38d9efa,2026-02,Suffolk Constabulary,Suffolk Constabulary,1.581235,52.204391,On or near Arnhem Road,E01030187,East Suffolk 019C,Violence and sexual offences,Investigation complete; no suspect identified,
8bc5f3db077819f71ac00cad0f34f600f5ae1a25805917a099248d8ee5ea5fd8,2026-02,Suffolk Constabulary,Suffolk Constabulary,1.581496,52.203816,On or near Seaward Avenue,E01030187,East Suffolk 019C,Violence and sexual offences,Action to be taken by another organisation,
8c7271337430cb2f1f3e52b0864cae65316643dc8ea978eff436ac5542a66fb9,2026-02,Suffolk Constabulary,Suffolk Constabulary,1.577661,52.205831,On or near High Street,E01030188,East Suffolk 019D,Criminal damage and arson,Investigation complete; no suspect identified,
74217720a8faf3f6534dde0b925dfb08dc8716b31d08b195c0c62d454430cc48,2026-02,Suffolk Constabulary,Suffolk Constabulary,1.576446,52.206740,On or near Platers Walk,E01030188,East Suffolk 019D,Criminal damage and arson,Investigation complete; no suspect identified,
6adbee3f75fefdc6cec9e358c0c0c7a272f9b8b72b3c84ee6bacc2d290eec553,2026-02,Suffolk Constabulary,Suffolk Constabulary,1.578109,52.205025,On or near Parking Area,E01030188,East Suffolk 019D,Other theft,Investigation complete; no suspect identified,
0a38912bdfb2199b796b1dfd2e3a7cad65bf1ed505963c79497e255d757f9386,2026-02,Suffolk Constabulary,Suffolk Constabulary,1.579565,52.206375,On or near Urban Road,E01030188,East Suffolk 019D,Shoplifting,Investigation complete; no suspect identified,
93f69bbca4220758ac49e2206110088f0619abeb343ecc238add59fd47a4dfc8,2026-02,Suffolk Constabulary,Suffolk Constabulary,1.579565,52.206375,On or near Urban Road,E01030188,East Suffolk 019D,Shoplifting,Investigation complete; no suspect identified,
ac51628b1edaf133f7360c81a657f4b111940874516dfdc311e2a6cd4cea95ed,2026-02,Suffolk Constabulary,Suffolk Constabulary,1.577661,52.205831,On or near High Street,E01030188,East Suffolk 019D,Shoplifting,Awaiting court outcome,
3a28588f408585d0175174f330b9735c2d35b70db649f9c2eda92a1021ef5414,2026-02,Suffolk Constabulary,Suffolk Constabulary,1.578957,52.208831,On or near Valley Gardens,E01030188,East Suffolk 019D,Violence and sexual offences,Unable to prosecute suspect,
,2026-02,Suffolk Constabulary,Suffolk Constabulary,1.570065,52.210594,On or near Westward Ho,E01030189,East Suffolk 019E,Anti-social behaviour,,
,2026-02,Suffolk Constabulary,Suffolk Constabulary,1.565558,52.210339,On or near Sports/Recreation Area,E01030189,East Suffolk 019E,Anti-social behaviour,,
,2026-02,Suffolk Constabulary,Suffolk Constabulary,1.565558,52.210339,On or near Sports/Recreation Area,E01030189,East Suffolk 019E,Anti-social behaviour,,
7a3460cf30ab29863ad6416495bcfb5315ce734ebbdcb15661f6b27a898b6ca1,2026-02,Suffolk Constabulary,Suffolk Constabulary,1.570065,52.210594,On or near Westward Ho,E01030189,East Suffolk 019E,Criminal damage and arson,Unable to prosecute suspect,
d808ff3f4ce18697d45481d6005797ba344ea72b82d7a727196083223f106dde,2026-02,Suffolk Constabulary,Suffolk Constabulary,1.570065,52.210594,On or near Westward Ho,E01030189,East Suffolk 019E,Criminal damage and arson,Unable to prosecute suspect,
bfc2edde68d742f3a5fa0400455bc9556d25aa39c07f547898bb8cc4dc62a897,2026-02,Suffolk Constabulary,Suffolk Constabulary,1.565558,52.210339,On or near Sports/Recreation Area,E01030189,East Suffolk 019E,Violence and sexual offences,Action to be taken by another organisation,
51b9b98f906d0166beca3e39f88f01d6a34e362e5b4c25572df40f1ea9412a0a,2026-02,Suffolk Constabulary,Suffolk Constabulary,1.570065,52.210594,On or near Westward Ho,E01030189,East Suffolk 019E,Violence and sexual offences,Local resolution,
2b0af76f903d92f1062146c8213b98a00afd58457f291c8159419566614b7d01,2026-02,Suffolk Constabulary,Suffolk Constabulary,1.565867,52.209012,On or near St Margaret'S Crescent,E01030189,East Suffolk 019E,Violence and sexual offences,Unable to prosecute suspect,
18c960854d0437f1bbac3ac720dee4b30526a5cf79669e8eb76e58aa5b6bb725,2026-02,Suffolk Constabulary,Suffolk Constabulary,1.570065,52.210594,On or near Westward Ho,E01030189,East Suffolk 019E,Other crime,Unable to prosecute suspect,
be4d49d7dbfdae031fb224bbd6eabc0e626d76bcddd312f632df2583c5162a79,2026-02,Suffolk Constabulary,Suffolk Constabulary,1.570065,52.210594,On or near Westward Ho,E01030189,East Suffolk 019E,Other crime,Investigation complete; no suspect identified,
4f32f49218d5df963d3d31b7c86e5dc3e960fce82368049e6100e5552e227ce4,2026-02,Suffolk Constabulary,Suffolk Constabulary,1.311180,52.106910,On or near Cale Road,E01030193,East Suffolk 020A,Criminal damage and arson,Unable to prosecute suspect,
fd48b08b74570e147a9ef0c267628cc3feb6cb0096f509112f02596aa68843d7,2026-02,Suffolk Constabulary,Suffolk Constabulary,1.361905,52.122364,On or near East Lane,E01030193,East Suffolk 020A,Criminal damage and arson,Unable to prosecute suspect,
b9a1e0c4928c345ccd6ebdbc4857cbbf30cb974e6215fe4059e5d9137a9227b5,2026-02,Suffolk Constabulary,Suffolk Constabulary,1.348128,52.125905,On or near High Street,E01030193,East Suffolk 020A,Other theft,Investigation complete; no suspect identified,
b0fd16d109fe54791943638e0f22d065a8fe78fb2e78421266325252abecc94a,2026-02,Suffolk Constabulary,Suffolk Constabulary,1.334336,52.117931,On or near Clements Road,E01030193,East Suffolk 020A,Violence and sexual offences,Action to be taken by another organisation,
476608589245dfd2cdde5a7f59ee4dc9cf880ba96e44cf39284d4ecd9f31c38c,2026-02,Suffolk Constabulary,Suffolk Constabulary,1.311950,52.107257,On or near Murray Close,E01030193,East Suffolk 020A,Violence and sexual offences,Unable to prosecute suspect,
a5368b769bab1aa348a24afe35dca7891fa3e4974dcdea3a8dbc7b7f1db6f973,2026-02,Suffolk Constabulary,Suffolk Constabulary,1.342701,52.136366,On or near Park/Open Space,E01030193,East Suffolk 020A,Violence and sexual offences,Action to be taken by another organisation,
23ce976bbf9f5f41985244f0c57f5ef36fc861aafcdb94bc2d70514fee25b962,2026-02,Suffolk Constabulary,Suffolk Constabulary,1.332526,52.117947,On or near Rixon Crescent,E01030193,East Suffolk 020A,Violence and sexual offences,Action to be taken by another organisation,
8e8b982d2c3b13187fc4740faf9c85db1f3338335d5c8e4c54059706073ede93,2026-02,Suffolk Constabulary,Suffolk Constabulary,1.311180,52.106910,On or near Cale Road,E01030193,East Suffolk 020A,Violence and sexual offences,Unable to prosecute suspect,
76fbe272c7d146f3eb0d13727b51973cde1db04aafe399b4fa5a591cf4fe62a7,2026-02,Suffolk Constabulary,Suffolk Constabulary,1.335255,52.105781,On or near St Andrew'S Close,E01030194,East Suffolk 020B,Drugs,Local resolution,
9374e86024f49e4efc30f38327ccde26c3684d1e53f2e30c0cd5bb06ef9fad4d,2026-02,Suffolk Constabulary,Suffolk Constabulary,1.327790,52.108124,On or near Manthorp Close,E01030194,East Suffolk 020B,Drugs,Unable to prosecute suspect,
ba58e98ec86aace5900fd355db7c3c2c86658e788f17868206bbb109dd5f2108,2026-02,Suffolk Constabulary,Suffolk Constabulary,1.335255,52.105781,On or near St Andrew'S Close,E01030194,East Suffolk 020B,Other theft,Under investigation,
4f2e27716f83d029dea88fa22aa7e2bb0f14ef9abe5bcda4ea7a24f97ee6996c,2026-02,Suffolk Constabulary,Suffolk Constabulary,1.336442,52.106809,On or near St Andrew'S Place,E01030194,East Suffolk 020B,Violence and sexual offences,Under investigation,
553b4758e86b9c463a815a5a6cab748575a3f33b542824d6f95e6cd176c4b3a9,2026-02,Suffolk Constabulary,Suffolk Constabulary,1.332492,52.104771,On or near Church View Close,E01030194,East Suffolk 020B,Violence and sexual offences,Unable to prosecute suspect,
598acec113dcd4b13f119243864430cd924df2656b7bd44ce4c43a6a9deda573,2026-02,Suffolk Constabulary,Suffolk Constabulary,1.326821,52.105498,On or near Woods Lane,E01030195,East Suffolk 020C,Violence and sexual offences,Unable to prosecute suspect,
418dfe70052533637f4d516f188b9c63f48e01995dc73f2135ef301a2403a2d0,2026-02,Suffolk Constabulary,Suffolk Constabulary,1.359887,52.154756,On or near Broadway,E01030220,East Suffolk 020D,Burglary,Investigation complete; no suspect identified,
52964893ee5997a959eb5d0ca4ffd61e4a297ff2f513cbfabf0540d00b931d39,2026-02,Suffolk Constabulary,Suffolk Constabulary,1.361051,52.152349,On or near Birch Close,E01030220,East Suffolk 020D,Criminal damage and arson,Unable to prosecute suspect,
57105322e6b3623b8997e3887c7eaf781778900e5a60ae6c704b490e76ea9573,2026-02,Suffolk Constabulary,Suffolk Constabulary,1.368052,52.155612,On or near King Edward Avenue,E01030220,East Suffolk 020D,Criminal damage and arson,Unable to prosecute suspect,
267d10c9ef7527a04a753c8bfe3c84bcfefb73f67f90818838260047eb118ddb,2026-02,Suffolk Constabulary,Suffolk Constabulary,1.361051,52.152349,On or near Birch Close,E01030220,East Suffolk 020D,Violence and sexual offences,Unable to prosecute suspect,
4b9c9c16841e47a0856a68aeba6b6b03750bcce0a720b23cbe183971ee857ef1,2026-02,Suffolk Constabulary,Suffolk Constabulary,1.364843,52.148931,On or near Morris Road,E01030220,East Suffolk 020D,Violence and sexual offences,Under investigation,
6836597ee01a2484f86fababe91941669907fb9462be35247643e750ddcf7162,2026-02,Suffolk Constabulary,Suffolk Constabulary,1.361051,52.152349,On or near Birch Close,E01030220,East Suffolk 020D,Violence and sexual offences,Unable to prosecute suspect,
,2026-02,Suffolk Constabulary,Suffolk Constabulary,1.244703,52.107294,On or near Post Mill Orchard,E01030175,East Suffolk 021A,Anti-social behaviour,,
52b9efb55fb7ae622a030d88372fd21676aa401006d84dc88a2172b5a49edf7d,2026-02,Suffolk Constabulary,Suffolk Constabulary,1.246678,52.112564,On or near The Green,E01030175,East Suffolk 021A,Burglary,Investigation complete; no suspect identified,
546ef8114989dbb685e8f5da1d96158b36c871df1d1d55601800b42e1ade973e,2026-02,Suffolk Constabulary,Suffolk Constabulary,1.245388,52.111700,On or near The Street,E01030175,East Suffolk 021A,Burglary,Investigation complete; no suspect identified,
8712137eff06e7064f3b2b7a75b6206fe8ab33ce26aae2e4a3a4260e76c363d1,2026-02,Suffolk Constabulary,Suffolk Constabulary,1.253751,52.081519,On or near The Street,E01030175,East Suffolk 021A,Drugs,Awaiting court outcome,
4c7600ff8704478af0376f879d699e676d8d5484c6c250903006d11ac6c65487,2026-02,Suffolk Constabulary,Suffolk Constabulary,1.236195,52.115865,On or near Stoney Road,E01030175,East Suffolk 021A,Other theft,Investigation complete; no suspect identified,
d8f292ced66f444cbf67ccb08191f1c9921097a3fb96a9dad52eb284dd97f359,2026-02,Suffolk Constabulary,Suffolk Constabulary,1.241584,52.115636,On or near Ablitts Meadow,E01030175,East Suffolk 021A,Violence and sexual offences,Under investigation,
1d8a5a5c62dd3e01b1f2cfc1ed30195fe81e406f981701bc7c07c34cdb332f61,2026-02,Suffolk Constabulary,Suffolk Constabulary,1.248410,52.108460,On or near Pipes Close,E01030175,East Suffolk 021A,Violence and sexual offences,Under investigation,
7f9b22c8c9deca290d5e2127fada7736db491ca0889f015f33eeedc2d75ca02a,2026-02,Suffolk Constabulary,Suffolk Constabulary,1.246221,52.108682,On or near Post Mill Gardens,E01030175,East Suffolk 021A,Other crime,Unable to prosecute suspect,
655bc89e4438bdf1d0e5b859f069b39e55f78f33b85d149e06f7174a025d148f,2026-02,Suffolk Constabulary,Suffolk Constabulary,1.218986,52.150928,On or near Millers Way,E01030200,East Suffolk 021B,Other theft,Investigation complete; no suspect identified,
234128a832b516780d47f2eff45c39fb24b22a6eb35a78aacb7342c9874b7170,2026-02,Suffolk Constabulary,Suffolk Constabulary,1.282548,52.139074,On or near Coakers Lane,E01030200,East Suffolk 021B,Violence and sexual offences,Unable to prosecute suspect,
8eabe74114b8e0c9b7be65897540bbad98022de8e09354b9c1c46b8b8d984a37,2026-02,Suffolk Constabulary,Suffolk Constabulary,1.188651,52.112530,On or near America Hill,E01030221,East Suffolk 021C,Criminal damage and arson,Unable to prosecute suspect,
c48de286d1c114de52781948d5c2eeeae121de60d25e1f0685f8d0a5149ca215,2026-02,Suffolk Constabulary,Suffolk Constabulary,1.166325,52.081141,On or near Westerfield,E01030221,East Suffolk 021C,Theft from the person,Local resolution,
e45a3d4f251f607c3e4b7c9d45c98675e67cd2f747a0b92cf9fd8b82c99725dd,2026-02,Suffolk Constabulary,Suffolk Constabulary,1.194296,52.115066,On or near Wash Lane,E01030221,East Suffolk 021C,Violence and sexual offences,Unable to prosecute suspect,
7596eec51e8a543c41cc97586b04391278f58f9c0c4f907cffe470ed0000d56a,2026-02,Suffolk Constabulary,Suffolk Constabulary,1.173786,52.093298,On or near Cockfield Hall Lane,E01030221,East Suffolk 021C,Violence and sexual offences,Unable to prosecute suspect,
5af5e1417a35c686ca7020a2a89dbec2be4b26a15f756b9ff39d3e9bcbc978ca,2026-02,Suffolk Constabulary,Suffolk Constabulary,1.171528,52.085956,On or near Swan Lane,E01030221,East Suffolk 021C,Violence and sexual offences,Investigation complete; no suspect identified,
c2dc2ce5298ebea6b62a2bf4e8b4b347e747b8d851f765ff4136be43c5f1f7d9,2026-02,Suffolk Constabulary,Suffolk Constabulary,1.173786,52.093298,On or near Cockfield Hall Lane,E01030221,East Suffolk 021C,Violence and sexual offences,Unable to prosecute suspect,
05dbd9567145df82fc80c623a272a070108e2358bb3e4c1cf3e49af14835d90d,2026-02,Suffolk Constabulary,Suffolk Constabulary,1.173786,52.093298,On or near Cockfield Hall Lane,E01030221,East Suffolk 021C,Violence and sexual offences,Unable to prosecute suspect,
6f4676e23b4e2d418bf12aba2605013b1151a0413980da564abfd4afaea490e3,2026-02,Suffolk Constabulary,Suffolk Constabulary,1.193246,52.103250,On or near Tuddenham Lane,E01030221,East Suffolk 021C,Violence and sexual offences,Unable to prosecute suspect,
83571795e3c1db4156200e6c60d6f0a1563bb0abbd86bf304ce2c67bf1986205,2026-02,Suffolk Constabulary,Suffolk Constabulary,1.312772,52.102773,On or near Nelson Way,E01030155,East Suffolk 022A,Criminal damage and arson,Investigation complete; no suspect identified,
750a625d7db3717d3ccf2f7e0d044b897637a114904eb1a1eb7ddcbea3f71a60,2026-02,Suffolk Constabulary,Suffolk Constabulary,1.305935,52.103154,On or near Farlingayes,E01030155,East Suffolk 022A,Violence and sexual offences,Under investigation,
7b63721a588c45922c779e821fe9938504b6831fd5afba20f0b7b30778260c19,2026-02,Suffolk Constabulary,Suffolk Constabulary,1.301310,52.100252,On or near Tennyson Close,E01030155,East Suffolk 022A,Violence and sexual offences,Action to be taken by another organisation,
db1b16246bdbe36ff3752b079c13dfc2281fce01e3a4284c7c2682b8996e64ec,2026-02,Suffolk Constabulary,Suffolk Constabulary,1.305935,52.103154,On or near Farlingayes,E01030155,East Suffolk 022A,Violence and sexual offences,Unable to prosecute suspect,
97aadab660972781bae1fb3fc1e04e0169e1bf1708a3abf75f42f9bdfd90f2ef,2026-02,Suffolk Constabulary,Suffolk Constabulary,1.300902,52.098690,On or near Hasketon Road,E01030155,East Suffolk 022A,Other crime,Investigation complete; no suspect identified,
,2026-02,Suffolk Constabulary,Suffolk Constabulary,1.297658,52.092134,On or near Peterhouse Crescent,E01030185,East Suffolk 022B,Anti-social behaviour,,
,2026-02,Suffolk Constabulary,Suffolk Constabulary,1.295941,52.091822,On or near Parking Area,E01030185,East Suffolk 022B,Anti-social behaviour,,
e43002693bd03ca291b4e20f017b2c7228365e46e26b52242bf459fcc757ff8b,2026-02,Suffolk Constabulary,Suffolk Constabulary,1.300809,52.093674,On or near Bullard'S Lane,E01030185,East Suffolk 022B,Burglary,Investigation complete; no suspect identified,
404e784d849cf08685bab055a8f1e92704fb21dfb4f6c2c98c6f7c3b0b91de11,2026-02,Suffolk Constabulary,Suffolk Constabulary,1.301298,52.094757,On or near Mill View Close,E01030185,East Suffolk 022B,Criminal damage and arson,Investigation complete; no suspect identified,
bfe495101708a07fdbb18e5d67fd251c6119140454e9429ed5f36470be0a394d,2026-02,Suffolk Constabulary,Suffolk Constabulary,1.300151,52.091677,On or near Churchill Close,E01030185,East Suffolk 022B,Drugs,Unable to prosecute suspect,
1e3eb1fe9476628ebdb69388184405bf18cd4b1df2aa39f4fcc912801fa40919,2026-02,Suffolk Constabulary,Suffolk Constabulary,1.300753,52.092713,On or near St Edmunds Close,E01030185,East Suffolk 022B,Drugs,Under investigation,
5e42984f570cf06db0ac629464acb0314782ccf110766239ee9384f0478e2cac,2026-02,Suffolk Constabulary,Suffolk Constabulary,1.293847,52.088967,On or near St Peter'S Close,E01030185,East Suffolk 022B,Violence and sexual offences,Unable to prosecute suspect,
cc8fcf5fd5ac54029b5e806e7c87b70fd53b95f99e7eac3d3976e412fe008567,2026-02,Suffolk Constabulary,Suffolk Constabulary,1.300129,52.095734,On or near Naunton Road,E01030185,East Suffolk 022B,Violence and sexual offences,Unable to prosecute suspect,
2a7dfae4a9603c9f950a00aae1a3c4d0f195aaea7c6129cd76f749ed673096a5,2026-02,Suffolk Constabulary,Suffolk Constabulary,1.296858,52.089602,On or near Newnham Avenue,E01030185,East Suffolk 022B,Violence and sexual offences,Unable to prosecute suspect,
8278509a278da65bf0b649cb9637bf2c09cb6a495b964b12c7c9e299f569f922,2026-02,Suffolk Constabulary,Suffolk Constabulary,1.298529,52.091075,On or near Clare Avenue,E01030185,East Suffolk 022B,Violence and sexual offences,Unable to prosecute suspect,
,2026-02,Suffolk Constabulary,Suffolk Constabulary,1.292246,52.086259,On or near Clayton Court,E01030203,East Suffolk 022C,Anti-social behaviour,,
,2026-02,Suffolk Constabulary,Suffolk Constabulary,1.315857,52.090229,On or near Parking Area,E01030203,East Suffolk 022C,Anti-social behaviour,,
6652de4fb87712cf98ea51725d11affd7bdbef402f9307c9ad6cc2cfa086df92,2026-02,Suffolk Constabulary,Suffolk Constabulary,1.300203,52.084679,On or near Sandy Lane,E01030203,East Suffolk 022C,Violence and sexual offences,Unable to prosecute suspect,
,2026-02,Suffolk Constabulary,Suffolk Constabulary,1.318879,52.093957,On or near Little St John'S Street,E01030211,East Suffolk 022D,Anti-social behaviour,,
,2026-02,Suffolk Constabulary,Suffolk Constabulary,1.319827,52.095118,On or near Gladstone Road,E01030211,East Suffolk 022D,Anti-social behaviour,,
,2026-02,Suffolk Constabulary,Suffolk Constabulary,1.312988,52.094069,On or near Market Hill,E01030211,East Suffolk 022D,Anti-social behaviour,,
a4f6f17784176c046f6e27255774f95f36d191bcd3f999feadc49eaf0eb2346a,2026-02,Suffolk Constabulary,Suffolk Constabulary,1.318116,52.093511,On or near Parking Area,E01030211,East Suffolk 022D,Criminal damage and arson,Investigation complete; no suspect identified,
4b24076c5529d720dedd4657de51d5e5b0ecc439f0cc3d5e07b85fb1931e7128,2026-02,Suffolk Constabulary,Suffolk Constabulary,1.320052,52.093825,On or near The Thoroughfare,E01030211,East Suffolk 022D,Criminal damage and arson,Local resolution,
6765b3e903df6329c00eeae8130132756fe42ed84670e1f35ee5a09a9dee8d9c,2026-02,Suffolk Constabulary,Suffolk Constabulary,1.323707,52.094271,On or near Deben Road,E01030211,East Suffolk 022D,Other theft,Investigation complete; no suspect identified,
c2f9611c4191176813a58d902f82da5ef166933036bb066a79ff04749c8f7b29,2026-02,Suffolk Constabulary,Suffolk Constabulary,1.318321,52.091365,On or near Crown Place,E01030211,East Suffolk 022D,Other theft,Awaiting court outcome,
97992caf5d6ed80e35ff9776698f904cef83cfd3e9f667bc72c51882518e174d,2026-02,Suffolk Constabulary,Suffolk Constabulary,1.320052,52.093825,On or near The Thoroughfare,E01030211,East Suffolk 022D,Shoplifting,Investigation complete; no suspect identified,
12a07e03bd290ec3b90774e7b108ca07475f252a321d25329a6101670ff19462,2026-02,Suffolk Constabulary,Suffolk Constabulary,1.320052,52.093825,On or near The Thoroughfare,E01030211,East Suffolk 022D,Shoplifting,Awaiting court outcome,
24584e956d5c9c592327d1b21d5de7f22999938e4a0692a5b86da7993318a8f3,2026-02,Suffolk Constabulary,Suffolk Constabulary,1.319548,52.092742,On or near Parking Area,E01030211,East Suffolk 022D,Shoplifting,Investigation complete; no suspect identified,
8a0f7156c875e7128a577fee5225c83c4171ecc99ce2828b1771fd93978aa60f,2026-02,Suffolk Constabulary,Suffolk Constabulary,1.319548,52.092742,On or near Parking Area,E01030211,East Suffolk 022D,Shoplifting,Under investigation,
e9d325cef4158e0d512b4daf3e5f2d02f07a35ead5e640950baaa2ea28d66f05,2026-02,Suffolk Constabulary,Suffolk Constabulary,1.317897,52.095280,On or near St John'S Terrace,E01030211,East Suffolk 022D,Violence and sexual offences,Action to be taken by another organisation,
54bf14748b3ae8a7628f4d9607d4ec54922ae9103bd19784692132784d5d9639,2026-02,Suffolk Constabulary,Suffolk Constabulary,1.516850,52.104123,On or near Park/Open Space,E01030199,East Suffolk 023A,Other theft,Investigation complete; no suspect identified,
,2026-02,Suffolk Constabulary,Suffolk Constabulary,1.410330,52.126000,On or near Fountain Road,E01033445,East Suffolk 023C,Anti-social behaviour,,
,2026-02,Suffolk Constabulary,Suffolk Constabulary,1.416414,52.128172,On or near Willow Way,E01033445,East Suffolk 023C,Anti-social behaviour,,
d715ea1e0df6597bd34b424f4f0ee346f65fcdfd378284c98b0b7f51988c8ea9,2026-02,Suffolk Constabulary,Suffolk Constabulary,1.407893,52.125864,On or near Wood Close,E01033445,East Suffolk 023C,Public order,Unable to prosecute suspect,
7aaafdd76e7c786195d4b611f6648a0b22b97cd7513ac86c88c86c8adf0d7330,2026-02,Suffolk Constabulary,Suffolk Constabulary,1.416414,52.128172,On or near Willow Way,E01033445,East Suffolk 023C,Violence and sexual offences,Further action is not in the public interest,
,2026-02,Suffolk Constabulary,Suffolk Constabulary,1.432928,52.084275,On or near Parking Area,E01033446,East Suffolk 023D,Anti-social behaviour,,
69d7f2faf08a43dd5faa69d1dec8a385eb0e1d2a088f9c45bfb7ed84a85cdd22,2026-02,Suffolk Constabulary,Suffolk Constabulary,1.396913,52.109847,On or near Sandy Lane,E01033446,East Suffolk 023D,Criminal damage and arson,Investigation complete; no suspect identified,
18d15ba29298e885a400620c7551ccdaf7f3117b87875dc9acb929d8a82b9e4a,2026-02,Suffolk Constabulary,Suffolk Constabulary,1.454207,52.058023,On or near Sports/Recreation Area,E01033446,East Suffolk 023D,Violence and sexual offences,Unable to prosecute suspect,
54b19ac75c28efea2e93af2f6abd55b8ab9b90016ebffdc22a6d3b8c0699636a,2026-02,Suffolk Constabulary,Suffolk Constabulary,1.469165,52.070917,On or near Mill Lane,E01033446,East Suffolk 023D,Violence and sexual offences,Under investigation,
73ee294e85b7af46f6592b2f34025a5e0ccc8f9f87825f1fc599f6a586b4822a,2026-02,Suffolk Constabulary,Suffolk Constabulary,1.454207,52.058023,On or near Sports/Recreation Area,E01033446,East Suffolk 023D,Other crime,Unable to prosecute suspect,
f9c8494ae25adae07309123c408d9e3e4dd09f5c8455523d291949aed24e79a8,2026-02,Suffolk Constabulary,Suffolk Constabulary,1.454207,52.058023,On or near Sports/Recreation Area,E01033446,East Suffolk 023D,Other crime,Awaiting court outcome,
89734c358cd56a30b56d0ea33d2a9d672d6550b8369eb842edf6f1e034ff2a3a,2026-02,Suffolk Constabulary,Suffolk Constabulary,1.454207,52.058023,On or near Sports/Recreation Area,E01033446,East Suffolk 023D,Other crime,Unable to prosecute suspect,
e04836dfb9a5ab638cb9750c842b854d116d3d327c49a540f6a28ca9b1f7ba5c,2026-02,Suffolk Constabulary,Suffolk Constabulary,1.454207,52.058023,On or near Sports/Recreation Area,E01033446,East Suffolk 023D,Other crime,Action to be taken by another organisation,
c977c9e843edc7a2e563a2d46f61e4744f4c65288abe8ae1d2c911c9c29c06f2,2026-02,Suffolk Constabulary,Suffolk Constabulary,1.454207,52.058023,On or near Sports/Recreation Area,E01033446,East Suffolk 023D,Other crime,Unable to prosecute suspect,
d72fc2db8672360be9580e434389f3401ee870ad67254e3be5d003889984f754,2026-02,Suffolk Constabulary,Suffolk Constabulary,1.454207,52.058023,On or near Sports/Recreation Area,E01033446,East Suffolk 023D,Other crime,Awaiting court outcome,
02c0081bf7d5683a70e730a84fbec1dbd230b3a7445d06952b69b0bbfed2ea0e,2026-02,Suffolk Constabulary,Suffolk Constabulary,1.454207,52.058023,On or near Sports/Recreation Area,E01033446,East Suffolk 023D,Other crime,Awaiting court outcome,
2573d58a5cb50388e55d793608bbe7e63a356268af8c5f1b79aeba4769c30170,2026-02,Suffolk Constabulary,Suffolk Constabulary,1.382934,52.052380,On or near Church Lane,E01033448,East Suffolk 023E,Criminal damage and arson,Investigation complete; no suspect identified,
aec4638aab1aeb0d147422a98aa7249ffd5a8ca6088a2366e7236344ab867efe,2026-02,Suffolk Constabulary,Suffolk Constabulary,1.362343,52.068035,On or near Methersgate Hall Drive,E01033448,East Suffolk 023E,Violence and sexual offences,Action to be taken by another organisation,
190ae8398ea04ae5d5fb14be75f27106dce82c4c7c30ff128ffd1b56a89d8c15,2026-02,Suffolk Constabulary,Suffolk Constabulary,1.362343,52.068035,On or near Methersgate Hall Drive,E01033448,East Suffolk 023E,Violence and sexual offences,Action to be taken by another organisation,
fd5c1afaf4d560f88a4f401201105ebd9ec1c2e21bf6124c0f99846f6a3a9d45,2026-02,Suffolk Constabulary,Suffolk Constabulary,1.417130,52.024849,On or near Beach Lane,E01033448,East Suffolk 023E,Violence and sexual offences,Unable to prosecute suspect,
,2026-02,Suffolk Constabulary,Suffolk Constabulary,1.415129,52.130664,On or near Aspen Court,E01033449,East Suffolk 023F,Anti-social behaviour,,
,2026-02,Suffolk Constabulary,Suffolk Constabulary,1.414425,52.130442,On or near Sycamore Drive,E01033449,East Suffolk 023F,Anti-social behaviour,,
e21ee2300adf049683e41680c2bdc5f59e469d50721f5f496c61aab40a7ea94c,2026-02,Suffolk Constabulary,Suffolk Constabulary,1.403645,52.123621,On or near Hollesley Road,E01033449,East Suffolk 023F,Other theft,Awaiting court outcome,
d7d3775918e91c3c352ff1ae4b07fadc877ee1b0c6927c97f0753d3a1cb3ea59,2026-02,Suffolk Constabulary,Suffolk Constabulary,1.418873,52.132984,On or near St Gregorys Close,E01033449,East Suffolk 023F,Violence and sexual offences,Investigation complete; no suspect identified,
287a6320cad4692d15aee2be30525ff2842b8d394e323be06a443aca96d549b7,2026-02,Suffolk Constabulary,Suffolk Constabulary,1.422341,52.132281,On or near Redwald Road,E01033449,East Suffolk 023F,Violence and sexual offences,Further action is not in the public interest,
856aca7c7a3110394701c818658b4fdc175e11497d15e6e7b92a8dc63fd321af,2026-02,Suffolk Constabulary,Suffolk Constabulary,1.415129,52.130664,On or near Aspen Court,E01033449,East Suffolk 023F,Other crime,Further investigation is not in the public interest,
,2026-02,Suffolk Constabulary,Suffolk Constabulary,1.244621,52.060509,On or near Godbold Close,E01030179,East Suffolk 024A,Anti-social behaviour,,
cd94e6c1ed51c43e8937fd2b0ac11f10630010e3e36920476c888a9c493f96ba,2026-02,Suffolk Constabulary,Suffolk Constabulary,1.249248,52.063340,On or near Stewart Young Grove,E01030179,East Suffolk 024A,Public order,Investigation complete; no suspect identified,
7f5b348e349015983770816f236337641516c8661f8abb4b2a29fbf2db665437,2026-02,Suffolk Constabulary,Suffolk Constabulary,1.243887,52.060853,On or near Deben Valley Drive,E01030179,East Suffolk 024A,Violence and sexual offences,Unable to prosecute suspect,
2896701fc19b54888738cb5bfd2e74c4e25363a81ae8a0fb27921a804d33b558,2026-02,Suffolk Constabulary,Suffolk Constabulary,1.240656,52.056535,On or near Hares Close,E01030179,East Suffolk 024A,Violence and sexual offences,Unable to prosecute suspect,
cc90951cfdd6c742c01183d595cea09c90bcb5d7d3b4f314e169476649d3f617,2026-02,Suffolk Constabulary,Suffolk Constabulary,1.249248,52.063340,On or near Stewart Young Grove,E01030179,East Suffolk 024A,Violence and sexual offences,Unable to prosecute suspect,
,2026-02,Suffolk Constabulary,Suffolk Constabulary,1.237284,52.064776,On or near Sewell Wontner Close,E01030180,East Suffolk 024B,Anti-social behaviour,,
a2ca8a66fe5615f641ff3808b7c9c941aaafdea3a45161b213884ffd3d87f954,2026-02,Suffolk Constabulary,Suffolk Constabulary,1.244710,52.066442,On or near Parking Area,E01030180,East Suffolk 024B,Violence and sexual offences,Unable to prosecute suspect,
76b4987078e011b621c9ed7c9ea1ceff402f0b4a6b40d86d45880f037442fec5,2026-02,Suffolk Constabulary,Suffolk Constabulary,1.230260,52.057846,On or near Helston Close,E01030183,East Suffolk 024C,Violence and sexual offences,Action to be taken by another organisation,
847ee753c4ea7fde7bb67a5d4e8a036b4514423dd3f1ac2da2f5aaa657dc15db,2026-02,Suffolk Constabulary,Suffolk Constabulary,1.225762,52.063653,On or near Grantchester Place,E01030183,East Suffolk 024C,Violence and sexual offences,Unable to prosecute suspect,
12a3193d8457bbe96738eeeb57413a7d2db14dfa8f0c31898427a466d1099f3e,2026-02,Suffolk Constabulary,Suffolk Constabulary,1.238087,52.060959,On or near Mead Drive,E01030184,East Suffolk 024D,Bicycle theft,Investigation complete; no suspect identified,
51d3ce2382ec4f188ebc04b609abd6416b9d34e0703badf7e4eec8d97b99a2c2,2026-02,Suffolk Constabulary,Suffolk Constabulary,1.238087,52.060959,On or near Mead Drive,E01030184,East Suffolk 024D,Criminal damage and arson,Unable to prosecute suspect,
7dd54d3f5b3fe7d930e9d28872b8bacfd86e0a34b39aa072698a40115f32c512,2026-02,Suffolk Constabulary,Suffolk Constabulary,1.230641,52.056657,On or near Ranulph Close,E01030184,East Suffolk 024D,Other theft,Unable to prosecute suspect,
918741a5c7248876fd1a37240e796bbeff46fb7fef33c5ac7127251f8a5f6e4a,2026-02,Suffolk Constabulary,Suffolk Constabulary,1.232294,52.055910,On or near Glanville Place,E01030184,East Suffolk 024D,Other theft,Under investigation,
1735cf25b47ee6a9a9828016499881e431f6daa50684b498b50a78305224f26b,2026-02,Suffolk Constabulary,Suffolk Constabulary,1.236671,52.063363,On or near Ferguson Way,E01030184,East Suffolk 024D,Public order,Unable to prosecute suspect,
5c68057df03578d389e6a2e2977b412594420ff647213c8308aaf67fb9ab0144,2026-02,Suffolk Constabulary,Suffolk Constabulary,1.236671,52.063363,On or near Ferguson Way,E01030184,East Suffolk 024D,Shoplifting,Investigation complete; no suspect identified,
01dda95046a7943cfe2c0f6803feb5be0d483a0703681dd8125f5db55a011edc,2026-02,Suffolk Constabulary,Suffolk Constabulary,1.229390,52.063581,On or near Alberta Close,E01030184,East Suffolk 024D,Violence and sexual offences,Unable to prosecute suspect,
26ba5d3358f33c5eae96b48bb2be77b44843c522f11b41c8bad9fc8bc0879405,2026-02,Suffolk Constabulary,Suffolk Constabulary,1.201801,52.067527,On or near Rushmere Street,E01030207,East Suffolk 024E,Other crime,Further investigation is not in the public interest,
4a81e5ff0196b2018576409761af0b4c416cb3a07593dd9252301c60270391a0,2026-02,Suffolk Constabulary,Suffolk Constabulary,1.254103,52.060283,On or near Brights Walk,E01030181,East Suffolk 025A,Violence and sexual offences,Action to be taken by another organisation,
380ded4cc332014d814034fb08bb736ffc3b1056219daad319e149adee4b7d58,2026-02,Suffolk Constabulary,Suffolk Constabulary,1.254103,52.060283,On or near Brights Walk,E01030181,East Suffolk 025A,Violence and sexual offences,Unable to prosecute suspect,
077766ca513b615c60c906cf3c3151ceb902a66c175f1f269c0fc856e04dead4,2026-02,Suffolk Constabulary,Suffolk Constabulary,1.252505,52.060975,On or near Randall Close,E01030181,East Suffolk 025A,Violence and sexual offences,Action to be taken by another organisation,
44d4db3ac4f8f74fb4bf45eac86b806c4bf70aeb4a6cadfcd27e180f31073903,2026-02,Suffolk Constabulary,Suffolk Constabulary,1.254103,52.060283,On or near Brights Walk,E01030181,East Suffolk 025A,Violence and sexual offences,Unable to prosecute suspect,
,2026-02,Suffolk Constabulary,Suffolk Constabulary,1.278141,52.066613,On or near Supermarket,E01030190,East Suffolk 025B,Anti-social behaviour,,
5fa8449e52f3ec386dd433f6ceef4be7dd9c1c4c106c888123783c93b5ed7135,2026-02,Suffolk Constabulary,Suffolk Constabulary,1.270960,52.071104,On or near Carol Avenue,E01030190,East Suffolk 025B,Criminal damage and arson,Unable to prosecute suspect,
556a7cea3ea4481a65c430684e12e237e191b6e57f3b04706fa522c3d2a5cc90,2026-02,Suffolk Constabulary,Suffolk Constabulary,1.278141,52.066613,On or near Supermarket,E01030190,East Suffolk 025B,Shoplifting,Investigation complete; no suspect identified,
040a4be702302fb1a86e77e921fc1d6f6a493a5aeb538b579d4696e5d794d61f,2026-02,Suffolk Constabulary,Suffolk Constabulary,1.277554,52.068870,On or near Elm Close,E01030190,East Suffolk 025B,Violence and sexual offences,Investigation complete; no suspect identified,
a1cb9055988063d98a9053a4adf00394df3f39112fd7f6a28ef9ea75cd2bd96c,2026-02,Suffolk Constabulary,Suffolk Constabulary,1.270960,52.071104,On or near Carol Avenue,E01030190,East Suffolk 025B,Violence and sexual offences,Action to be taken by another organisation,
bb97e90cb0f15a6a11c6d62dd5d272b85db554c04271d3b530495a7129f5dd01,2026-02,Suffolk Constabulary,Suffolk Constabulary,1.270960,52.071104,On or near Carol Avenue,E01030190,East Suffolk 025B,Violence and sexual offences,Unable to prosecute suspect,
8cedc4af69a71ac5ed13a0d460818bcad7588fba618e63b91d017dcf6942339c,2026-02,Suffolk Constabulary,Suffolk Constabulary,1.270960,52.071104,On or near Carol Avenue,E01030190,East Suffolk 025B,Violence and sexual offences,Awaiting court outcome,
bf126ed28f32d7d21b3ef2da1e36e0ee2e68042221a628663a6c14685f890404,2026-02,Suffolk Constabulary,Suffolk Constabulary,1.270960,52.071104,On or near Carol Avenue,E01030190,East Suffolk 025B,Violence and sexual offences,Awaiting court outcome,
05b20af65fec545bc50648a460077870a1d9ca655a90062cb2fe440408031f8f,2026-02,Suffolk Constabulary,Suffolk Constabulary,1.270960,52.071104,On or near Carol Avenue,E01030190,East Suffolk 025B,Violence and sexual offences,Awaiting court outcome,
b1eeed9086f10adcef1fc7306204fdc6cac520403f989409b10a58ae52d81847,2026-02,Suffolk Constabulary,Suffolk Constabulary,1.270960,52.071104,On or near Carol Avenue,E01030190,East Suffolk 025B,Other crime,Under investigation,
,2026-02,Suffolk Constabulary,Suffolk Constabulary,1.270711,52.064509,On or near Demesne Gardens,E01030191,East Suffolk 025C,Anti-social behaviour,,
f35dcfe3c00e615ef14cde64442dcd6a9fcc1dc04b2322e528d3438da739b40a,2026-02,Suffolk Constabulary,Suffolk Constabulary,1.275138,52.060599,On or near Burgess Place,E01030191,East Suffolk 025C,Bicycle theft,Investigation complete; no suspect identified,
051b383b82f269c82bc0c06da00c832685f59c33ea1fa7e332fd5aea16e85b3e,2026-02,Suffolk Constabulary,Suffolk Constabulary,1.270953,52.065420,On or near Peel Yard,E01030191,East Suffolk 025C,Drugs,Awaiting court outcome,
da9e6e652c1d942fc1048289e237038a6be682bbe9fa4cbb1478bcdb68e51abc,2026-02,Suffolk Constabulary,Suffolk Constabulary,1.272534,52.065690,On or near The Paddocks,E01030191,East Suffolk 025C,Drugs,Under investigation,
0215c847e353f6886f4ad223e0370574d76054e286396372778f4f32345aff01,2026-02,Suffolk Constabulary,Suffolk Constabulary,1.272534,52.065690,On or near The Paddocks,E01030191,East Suffolk 025C,Drugs,Local resolution,
efe3657f0d851f1578550230a1d43fea3b1d4d10f293dc9adeef1a49801b7041,2026-02,Suffolk Constabulary,Suffolk Constabulary,1.270953,52.065420,On or near Peel Yard,E01030191,East Suffolk 025C,Other theft,Under investigation,
4136e168d9dd9168221f0878554a50f46629d94595f63413afe69525050217a0,2026-02,Suffolk Constabulary,Suffolk Constabulary,1.272534,52.065690,On or near The Paddocks,E01030191,East Suffolk 025C,Other theft,Under investigation,
8fa7a72871a3836421f83168ce44753da71ef35659ebd07598e99f12d2711070,2026-02,Suffolk Constabulary,Suffolk Constabulary,1.275257,52.061828,On or near Horseman Court,E01030191,East Suffolk 025C,Public order,Under investigation,
332b68b9c649c57d3d95e6e0f0cb809b87749b65da831f2a502872e6e88974d4,2026-02,Suffolk Constabulary,Suffolk Constabulary,1.278144,52.063987,On or near Martinsyde,E01030191,East Suffolk 025C,Shoplifting,Investigation complete; no suspect identified,
acf5e64cab11c93600176292a7c82fa93c0580c2dc5e8227bf819654ddb94b53,2026-02,Suffolk Constabulary,Suffolk Constabulary,1.275138,52.060599,On or near Burgess Place,E01030191,East Suffolk 025C,Shoplifting,Investigation complete; no suspect identified,
b4d7168e1b035cb70d422951c3bbc32639eb6a695af8109777ef03b662b310b7,2026-02,Suffolk Constabulary,Suffolk Constabulary,1.278144,52.063987,On or near Martinsyde,E01030191,East Suffolk 025C,Violence and sexual offences,Investigation complete; no suspect identified,
0b9c2e825609aaa33f916bba3ce200973ccfcc16b17c6b27a91d441110704744,2026-02,Suffolk Constabulary,Suffolk Constabulary,1.270953,52.065420,On or near Peel Yard,E01030191,East Suffolk 025C,Violence and sexual offences,Investigation complete; no suspect identified,
9b9973c64c967532b7edc2a81d620fa9f30f2694a05d7fe91f5f0bd4b9450e90,2026-02,Suffolk Constabulary,Suffolk Constabulary,1.270953,52.065420,On or near Peel Yard,E01030191,East Suffolk 025C,Violence and sexual offences,Unable to prosecute suspect,
49d6dd38d0268a7eb376b03b0ac8f798f9494f928a98cda5f184035dc746c76f,2026-02,Suffolk Constabulary,Suffolk Constabulary,1.272534,52.065690,On or near The Paddocks,E01030191,East Suffolk 025C,Violence and sexual offences,Unable to prosecute suspect,
20ef90551c0cedfab8a14550cc89205ab43865a57e66ba2328680e24687f244e,2026-02,Suffolk Constabulary,Suffolk Constabulary,1.270953,52.065420,On or near Peel Yard,E01030191,East Suffolk 025C,Violence and sexual offences,Action to be taken by another organisation,
43c2d7a2058de4c5bc07c63c64760748eef132ff4db3f8b71e3a47fd41b4120b,2026-02,Suffolk Constabulary,Suffolk Constabulary,1.270953,52.065420,On or near Peel Yard,E01030191,East Suffolk 025C,Violence and sexual offences,Under investigation,
8a19649c6edb6b6e23f38d136029c5211466cba2bb5c4a55fbd9b99728bdfeb5,2026-02,Suffolk Constabulary,Suffolk Constabulary,1.272534,52.065690,On or near The Paddocks,E01030191,East Suffolk 025C,Violence and sexual offences,Awaiting court outcome,
5c705ceb3f6f418b090a73f5fb6268a9d4d3bc11d41e76ac710ee6fcacd94017,2026-02,Suffolk Constabulary,Suffolk Constabulary,1.270953,52.065420,On or near Peel Yard,E01030191,East Suffolk 025C,Violence and sexual offences,Unable to prosecute suspect,
1e11ee7ba280837abb80ca234e3102aaace8a7c52a97494e44ce44deadfb6e4a,2026-02,Suffolk Constabulary,Suffolk Constabulary,1.270953,52.065420,On or near Peel Yard,E01030191,East Suffolk 025C,Other crime,Under investigation,
8e6999846cd4673190c00c440cb499d6ed868858758e3659dca9e3e989305ba5,2026-02,Suffolk Constabulary,Suffolk Constabulary,1.270953,52.065420,On or near Peel Yard,E01030191,East Suffolk 025C,Other crime,Under investigation,
cc009ec01703500afc29bb8460328db512a938edab0bd9ed9b40e10311d75c7a,2026-02,Suffolk Constabulary,Suffolk Constabulary,1.270953,52.065420,On or near Peel Yard,E01030191,East Suffolk 025C,Other crime,Further investigation is not in the public interest,
706ceb1a0e2d497095e13788e284b94a58b369371f5377b3c261daff618871fa,2026-02,Suffolk Constabulary,Suffolk Constabulary,1.270953,52.065420,On or near Peel Yard,E01030191,East Suffolk 025C,Other crime,Under investigation,
bda6edff487d01ef914bf3dcdd60a260cdde22cbc7e3a28d06bb4e50fc8a0496,2026-02,Suffolk Constabulary,Suffolk Constabulary,1.270953,52.065420,On or near Peel Yard,E01030191,East Suffolk 025C,Other crime,Under investigation,
e64d0e72945dea3a787e803034423979644e678eaed60e26bbb806d1ccf467e0,2026-02,Suffolk Constabulary,Suffolk Constabulary,1.301880,52.033445,On or near Jackson Road,E01030198,East Suffolk 025E,Burglary,Investigation complete; no suspect identified,
8af21bb434ae33b4a177dd428246092d422e25cbb6402681cc783fdf802919f9,2026-02,Suffolk Constabulary,Suffolk Constabulary,1.301880,52.033445,On or near Jackson Road,E01030198,East Suffolk 025E,Burglary,Unable to prosecute suspect,
6ead36314f0a4b7e472b992a653e93e5ecba9cc50b72bb37ce9d827bdfec4d60,2026-02,Suffolk Constabulary,Suffolk Constabulary,1.301880,52.033445,On or near Jackson Road,E01030198,East Suffolk 025E,Burglary,Under investigation,
7393758a596cb06e4cfa9a4328e6fb7814e409b667556e9928bc867bd200dfad,2026-02,Suffolk Constabulary,Suffolk Constabulary,1.301880,52.033445,On or near Jackson Road,E01030198,East Suffolk 025E,Burglary,Investigation complete; no suspect identified,
fa2257de672a9fc9b4cb41679f86dbc70a32b15a7308fb06c69c4642853d725c,2026-02,Suffolk Constabulary,Suffolk Constabulary,1.322795,52.052941,On or near Village Way,E01030198,East Suffolk 025E,Burglary,Unable to prosecute suspect,
0fd52e2446f5abc9d9a64975a26c4d26cd33e074b87ee91acfec6a97173f725c,2026-02,Suffolk Constabulary,Suffolk Constabulary,1.313909,52.036183,On or near Mill Road,E01030198,East Suffolk 025E,Other theft,Investigation complete; no suspect identified,
4bc051b5cec8cc856bc392df0d2689f1951bbfa4b8f05a7a45243350f6194e27,2026-02,Suffolk Constabulary,Suffolk Constabulary,1.331420,52.051807,On or near Parking Area,E01030198,East Suffolk 025E,Violence and sexual offences,Under investigation,
c877ff25f8f139d86a8ff7a43db5f5a18871b60e051623a2f07c0fa9babd2532,2026-02,Suffolk Constabulary,Suffolk Constabulary,1.326139,52.052784,On or near Cliff Road,E01030198,East Suffolk 025E,Violence and sexual offences,Action to be taken by another organisation,
9597544e6e61b6fbd080ce7dea62d325edbe3d809825f7c04525e3a56b23a28f,2026-02,Suffolk Constabulary,Suffolk Constabulary,1.312540,52.040539,On or near Fenn Lane,E01030198,East Suffolk 025E,Violence and sexual offences,Unable to prosecute suspect,
6eddd6324233bacc8620e471e97e9322dd8c1962ee272584fc3bc50cc851e022,2026-02,Suffolk Constabulary,Suffolk Constabulary,1.256590,52.062967,On or near Stammers Place,E01033442,East Suffolk 025F,Other theft,Investigation complete; no suspect identified,
df9c588fa13b1eeafbb384708b573f7f2fe0974deb92b9fe9f9f2b506af04a8f,2026-02,Suffolk Constabulary,Suffolk Constabulary,1.252309,52.059685,On or near Century Drive,E01033444,East Suffolk 025G,Vehicle crime,Under investigation,
55b492e4723448ba158c71e6d692bd869fd9b60fa4133558d961c726ba841ebf,2026-02,Suffolk Constabulary,Suffolk Constabulary,1.205651,52.036528,On or near Supermarket,E01030196,East Suffolk 026A,Public order,Local resolution,
7170eb0237b09ea103956f846c817d4b1078c005d1c3e5009de5abe64ab53202,2026-02,Suffolk Constabulary,Suffolk Constabulary,1.208213,52.035855,On or near Petrol Station,E01030196,East Suffolk 026A,Shoplifting,Investigation complete; no suspect identified,
1dc9ea56eb89d0b6c3e37c9212e5017041f9b3a8889cddf760836b2e2347d326,2026-02,Suffolk Constabulary,Suffolk Constabulary,1.208213,52.035855,On or near Petrol Station,E01030196,East Suffolk 026A,Shoplifting,Unable to prosecute suspect,
4155af9c391430b1384bb31edd1c6ee8ea2d0f3a65bf8a12fe6099791f9e4c19,2026-02,Suffolk Constabulary,Suffolk Constabulary,1.205651,52.036528,On or near Supermarket,E01030196,East Suffolk 026A,Shoplifting,Local resolution,
6e1bbfd1dbd2135ecf2186e6c4c007513b1f021d635c7c570b4e63dafdd01ce1,2026-02,Suffolk Constabulary,Suffolk Constabulary,1.208213,52.035855,On or near Petrol Station,E01030196,East Suffolk 026A,Shoplifting,Investigation complete; no suspect identified,
6dc760a04b289c786ffdfa7c9db62df832e0b87da93a6c5de8159502a3bb5fb6,2026-02,Suffolk Constabulary,Suffolk Constabulary,1.205651,52.036528,On or near Supermarket,E01030196,East Suffolk 026A,Shoplifting,Local resolution,
11c285a907578cf24eee6a0eec4e72d2e88cc749d1370a27bd5b3ca0eada67dc,2026-02,Suffolk Constabulary,Suffolk Constabulary,1.208213,52.035855,On or near Petrol Station,E01030196,East Suffolk 026A,Shoplifting,Investigation complete; no suspect identified,
867d97445e3f901720a1ac94f53756e57f71d1d2cc7d8aa73fb829f844d70cc2,2026-02,Suffolk Constabulary,Suffolk Constabulary,1.205651,52.036528,On or near Supermarket,E01030196,East Suffolk 026A,Shoplifting,Local resolution,
43389c402f5fa6aeade9f1f638d1ef930eca8e3d1ad6b63c81dd62e274f8a928,2026-02,Suffolk Constabulary,Suffolk Constabulary,1.214465,52.034776,On or near Berry Close,E01030196,East Suffolk 026A,Vehicle crime,Investigation complete; no suspect identified,
023d201e56988bac8b60ff0654cdea2ff5a2ff06b8322f7d364669050a95aed6,2026-02,Suffolk Constabulary,Suffolk Constabulary,1.209964,52.036275,On or near Pearse Way,E01030196,East Suffolk 026A,Violence and sexual offences,Unable to prosecute suspect,
09cfd40477ce097ba814f2bdaaaa49f80ab04087fa864dbae9e27435a8ea1056,2026-02,Suffolk Constabulary,Suffolk Constabulary,1.235070,52.018220,On or near Workshop Lane,E01030197,East Suffolk 026B,Criminal damage and arson,Awaiting court outcome,
7464536ce758784687bd6280944c9f7d38d997a2ad6352a2c67aeb980f0a3cc1,2026-02,Suffolk Constabulary,Suffolk Constabulary,1.230675,52.028630,On or near Elmham Drive,E01030197,East Suffolk 026B,Other theft,Investigation complete; no suspect identified,
b293b67267fc005faa238761bf8b6c283ab7024342c5e0bcbf42ac7ff6771698,2026-02,Suffolk Constabulary,Suffolk Constabulary,1.214362,52.038422,On or near Beechwood Drive,E01030197,East Suffolk 026B,Vehicle crime,Unable to prosecute suspect,
83d5e26b6033933c0f80308e9b1fce7a091fb7a0f64c2f43edd7378249fdb94f,2026-02,Suffolk Constabulary,Suffolk Constabulary,1.235070,52.018220,On or near Workshop Lane,E01030197,East Suffolk 026B,Vehicle crime,Investigation complete; no suspect identified,
1e0d072e219faa553ee168887bd0ad96b3a9fac362eec8c1b4ee5ab4fa0bdbb2,2026-02,Suffolk Constabulary,Suffolk Constabulary,1.230675,52.028630,On or near Elmham Drive,E01030197,East Suffolk 026B,Vehicle crime,Unable to prosecute suspect,
e373f8fde129a89b83f042017d859b8b810082e714d48c2cad8d5d00f25b04d7,2026-02,Suffolk Constabulary,Suffolk Constabulary,1.235070,52.018220,On or near Workshop Lane,E01030197,East Suffolk 026B,Violence and sexual offences,Awaiting court outcome,
e5cce99227aefeb652f9d1e173d94de39470e68c01f28b7967f490482cc83602,2026-02,Suffolk Constabulary,Suffolk Constabulary,1.210349,52.051204,On or near Hardwick Close,E01030204,East Suffolk 026C,Burglary,Investigation complete; no suspect identified,
00b7cbef4cbb7f38e2f386e93354f2b9fde685c3d8093046cf6d2c667bc19c16,2026-02,Suffolk Constabulary,Suffolk Constabulary,1.214104,52.053926,On or near Larkhill Rise,E01030204,East Suffolk 026C,Violence and sexual offences,Action to be taken by another organisation,
1532c48e02ab01e1c34ba8e7399a0d94e1872a38f36af43a9c575be5746d8902,2026-02,Suffolk Constabulary,Suffolk Constabulary,1.215483,52.064987,On or near Meadowside Gardens,E01030204,East Suffolk 026C,Violence and sexual offences,Unable to prosecute suspect,
71f5796dd2d9ba803450aaaf29b018b971a7cba3a3151377b27960159045f6a7,2026-02,Suffolk Constabulary,Suffolk Constabulary,1.215483,52.064987,On or near Meadowside Gardens,E01030204,East Suffolk 026C,Violence and sexual offences,Unable to prosecute suspect,
8c719db9362a80bb8fd1b5e55b4e73f1c79fa11041acb145d6616c9dd17053df,2026-02,Suffolk Constabulary,Suffolk Constabulary,1.215483,52.064987,On or near Meadowside Gardens,E01030204,East Suffolk 026C,Violence and sexual offences,Action to be taken by another organisation,
e7ec64bab36fb9b8b14e0926d22232d967b6e454d0fa92db90abf024f0f50200,2026-02,Suffolk Constabulary,Suffolk Constabulary,1.209782,52.050626,On or near Chatsworth Drive,E01030206,East Suffolk 026E,Vehicle crime,Investigation complete; no suspect identified,
,2026-02,Suffolk Constabulary,Suffolk Constabulary,1.329058,51.959592,On or near Charlotte Close,E01030171,East Suffolk 027A,Anti-social behaviour,,
576efb9b5735e119384bee4007614b4e530582105879be6c7c5b3932842adee4,2026-02,Suffolk Constabulary,Suffolk Constabulary,1.322857,51.962555,On or near Euston Court,E01030171,East Suffolk 027A,Vehicle crime,Investigation complete; no suspect identified,
f18c00739727d977a37a955fba5d58cff4d907a9d7786c8200e998c24c454b53,2026-02,Suffolk Constabulary,Suffolk Constabulary,1.324467,51.960513,On or near Melford Way,E01030171,East Suffolk 027A,Vehicle crime,Investigation complete; no suspect identified,
8f57fa6fd828290b770128055182216d479905ce0169cb80753946c53464e5fa,2026-02,Suffolk Constabulary,Suffolk Constabulary,1.329058,51.959592,On or near Charlotte Close,E01030171,East Suffolk 027A,Violence and sexual offences,Unable to prosecute suspect,
a4140099f9527599246adc1491c7819d33643dbb33f0184bf5cd12f46e11103d,2026-02,Suffolk Constabulary,Suffolk Constabulary,1.330112,51.957907,On or near Dovedale,E01030171,East Suffolk 027A,Violence and sexual offences,Unable to prosecute suspect,
b975818a6868f818fdfb7750aafec2a07d7a57af1150baf8bd0f1549421be959,2026-02,Suffolk Constabulary,Suffolk Constabulary,1.329058,51.959592,On or near Charlotte Close,E01030171,East Suffolk 027A,Violence and sexual offences,Unable to prosecute suspect,
2586ff0fbd624ac1bf0aed87987008251c719b12de4fd52b034ea8ab935678cb,2026-02,Suffolk Constabulary,Suffolk Constabulary,1.327362,51.961268,On or near Chelsworth Road,E01030171,East Suffolk 027A,Other crime,Further investigation is not in the public interest,
9b4506f5ac67eced0ce7acf8690eb728517f14573e1b1698c9cfa4006f6e26de,2026-02,Suffolk Constabulary,Suffolk Constabulary,1.326763,51.978131,On or near Farriers Went,E01030214,East Suffolk 027B,Violence and sexual offences,Under investigation,
2cef2f9d46254166d8ed3e522c38143742f582ba487e2d073c03479e70de1cce,2026-02,Suffolk Constabulary,Suffolk Constabulary,1.322666,51.980432,On or near Faulkeners Way,E01030214,East Suffolk 027B,Violence and sexual offences,Under investigation,
c5bd958443bafaa7d02e1e0aa817bdfcb873e81d85fd563e0d971de68de6755b,2026-02,Suffolk Constabulary,Suffolk Constabulary,1.313545,51.984737,On or near Mariners Mews,E01030215,East Suffolk 027C,Violence and sexual offences,Unable to prosecute suspect,
90c18f178377919e7b4df3cc7e77be1fb46db3538c64feca7261b8079c07dc96,2026-02,Suffolk Constabulary,Suffolk Constabulary,1.315950,51.980226,On or near St Mary'S Close,E01030215,East Suffolk 027C,Violence and sexual offences,Unable to prosecute suspect,
584eeb0d9c5e30c3204509ba6e84f5f7cba93b55fa974d008407b22546efac4e,2026-02,Suffolk Constabulary,Suffolk Constabulary,1.313651,51.981640,On or near Gaymers Lane,E01030215,East Suffolk 027C,Violence and sexual offences,Under investigation,
c71823a91e037263121274ad4dd76d16fd8987fd47f5a73f4ecc1cfd70b11451,2026-02,Suffolk Constabulary,Suffolk Constabulary,1.313545,51.984737,On or near Mariners Mews,E01030215,East Suffolk 027C,Violence and sexual offences,Unable to prosecute suspect,
3a52a1c1de9f06c7b760086bdb7fa9a221711bb42a2a134b2bc8f2c2f5dc6add,2026-02,Suffolk Constabulary,Suffolk Constabulary,1.317540,51.980055,On or near Manor Road,E01030215,East Suffolk 027C,Other crime,Further investigation is not in the public interest,
e202f6eeb453f71d69194dc943f653889a561fb03e47def7a6f521d5a3a80461,2026-02,Suffolk Constabulary,Suffolk Constabulary,1.326068,51.977998,On or near Tylers Green,E01030216,East Suffolk 027D,Burglary,Investigation complete; no suspect identified,
b9a7351adbcfed41afd38911f6960baafd9271c897d9da3fa32a722194c1ae1c,2026-02,Suffolk Constabulary,Suffolk Constabulary,1.320003,51.979095,On or near High Road,E01030216,East Suffolk 027D,Violence and sexual offences,Unable to prosecute suspect,
1bba66c7b67402f8c8bd8dfbd9fadf1916822f799efbbedb9dc5cb7260e22325,2026-02,Suffolk Constabulary,Suffolk Constabulary,1.320003,51.979095,On or near High Road,E01030216,East Suffolk 027D,Violence and sexual offences,Unable to prosecute suspect,
0ba3a0fc4702f2cb1453cd554b29a4517416a14af73708f26d3fcdc60c27511f,2026-02,Suffolk Constabulary,Suffolk Constabulary,1.329462,51.977416,On or near Spriteshall Lane,E01030216,East Suffolk 027D,Violence and sexual offences,Unable to prosecute suspect,
c5a68bb4976be016893e992389fee9d9a308909cba5be9025947a6bef2a8d6fe,2026-02,Suffolk Constabulary,Suffolk Constabulary,1.340127,52.001516,On or near Dog Lane,E01030217,East Suffolk 027E,Criminal damage and arson,Investigation complete; no suspect identified,
bb6097a6c0a7baee206144b3fd4dd51c54141f14b1d002897beb24e086253a5a,2026-02,Suffolk Constabulary,Suffolk Constabulary,1.340127,52.001516,On or near Dog Lane,E01030217,East Suffolk 027E,Criminal damage and arson,Unable to prosecute suspect,
6ae42ad26d76b38cf65391f3ce29f3eab040b9275114e5dc436b38a4ff80d461,2026-02,Suffolk Constabulary,Suffolk Constabulary,1.340127,52.001516,On or near Dog Lane,E01030217,East Suffolk 027E,Violence and sexual offences,Action to be taken by another organisation,
9e38afd595660fa8a3236a7d7f4c2c3fcf9bcd3853ccca221f3cd5a134d4c814,2026-02,Suffolk Constabulary,Suffolk Constabulary,1.318987,52.011027,On or near Rivett Close,E01030217,East Suffolk 027E,Other crime,Further investigation is not in the public interest,
1ef785196f3083b99a88604a55ccb142784e267439e51221affd0ce3dd48e76e,2026-02,Suffolk Constabulary,Suffolk Constabulary,1.313150,51.991611,On or near Crowswell Court,E01030218,East Suffolk 027F,Other theft,Investigation complete; no suspect identified,
0a0545f56dcc62732c35d6a74786d5704da22368f190022eae5325b5adf0c575,2026-02,Suffolk Constabulary,Suffolk Constabulary,1.292200,51.998972,On or near Morston Hall Road,E01030218,East Suffolk 027F,Vehicle crime,Under investigation,
5074e4ddc2685d03bfcfe50522beaba5680af6d16ac5159a71163131b2a639d3,2026-02,Suffolk Constabulary,Suffolk Constabulary,1.292200,51.998972,On or near Morston Hall Road,E01030218,East Suffolk 027F,Violence and sexual offences,Unable to prosecute suspect,
cfa2eea3191a02fd8957a9d8665dd65b87261ef9e3088682bb0d4fcf7e77aed5,2026-02,Suffolk Constabulary,Suffolk Constabulary,1.308368,51.991566,On or near High Hall Close,E01030218,East Suffolk 027F,Violence and sexual offences,Action to be taken by another organisation,
1dbc38eb230322475114ad7586b7798c9d10f95f28f1da4c2cfb0a5cb427f87a,2026-02,Suffolk Constabulary,Suffolk Constabulary,1.313790,51.992591,On or near Capel Close,E01030218,East Suffolk 027F,Violence and sexual offences,Unable to prosecute suspect,
901b4ba2ad432cdfb5f4dfa792776ebd317b19cdb1dbfe2f827703a0824b3e3c,2026-02,Suffolk Constabulary,Suffolk Constabulary,1.300542,51.987576,On or near Grimston Lane,E01030218,East Suffolk 027F,Violence and sexual offences,Unable to prosecute suspect,
08d552b815f6b2e41cb8d6d9976b946288ce66d9fd6708e9024e3ed1029b833d,2026-02,Suffolk Constabulary,Suffolk Constabulary,1.390265,51.988910,On or near Parking Area,E01030158,East Suffolk 028A,Other theft,Investigation complete; no suspect identified,
dadc25af885db5c62d75470602b4f7cc568ac03d34558c39b5e67d43dad85b9e,2026-02,Suffolk Constabulary,Suffolk Constabulary,1.345999,51.968510,On or near Candlet Grove,E01030159,East Suffolk 028B,Burglary,Investigation complete; no suspect identified,
ba89b899ee565bde4198f90f276fb2b33ad2807013356857dd0f01ff440d8f92,2026-02,Suffolk Constabulary,Suffolk Constabulary,1.344779,51.968158,On or near Devon Road,E01030159,East Suffolk 028B,Violence and sexual offences,Unable to prosecute suspect,
ce919bc4eda57c8142a1a3de2fcce961bc74038f8626ac532130d2c7af5c965c,2026-02,Suffolk Constabulary,Suffolk Constabulary,1.342720,51.966121,On or near Valley Walk,E01030164,East Suffolk 028C,Criminal damage and arson,Investigation complete; no suspect identified,
cc2daef31099a1c9ba4251e7c97768364a21c0aeba56f93eec11b7f718fbbbc3,2026-02,Suffolk Constabulary,Suffolk Constabulary,1.340039,51.965909,On or near Shrubbery Close,E01030164,East Suffolk 028C,Violence and sexual offences,Unable to prosecute suspect,
,2026-02,Suffolk Constabulary,Suffolk Constabulary,1.353184,51.966642,On or near Shopping Area,E01030166,East Suffolk 028D,Anti-social behaviour,,
f3b43064145f1ada50b16feeee11a7c0f3308853cb8ef810484fffb303a95513,2026-02,Suffolk Constabulary,Suffolk Constabulary,1.353184,51.966642,On or near Shopping Area,E01030166,East Suffolk 028D,Bicycle theft,Unable to prosecute suspect,
133ed51ee0a876361e8464548a3a070bb0655ffd410796ec243ec0f4d303e612,2026-02,Suffolk Constabulary,Suffolk Constabulary,1.353184,51.966642,On or near Shopping Area,E01030166,East Suffolk 028D,Bicycle theft,Investigation complete; no suspect identified,
400dd5b528a40f6dc87f663d43834f7b4e3803a3814e039c4dd8b30f2144ed4e,2026-02,Suffolk Constabulary,Suffolk Constabulary,1.371105,51.967748,On or near Golf Road,E01030166,East Suffolk 028D,Violence and sexual offences,Unable to prosecute suspect,
6a65f229b059a8720bb59bc43bcfe0076b1c9adaf3ad6809af1961d3af221898,2026-02,Suffolk Constabulary,Suffolk Constabulary,1.359295,51.967160,On or near Park Avenue,E01030166,East Suffolk 028D,Other crime,Further investigation is not in the public interest,
,2026-02,Suffolk Constabulary,Suffolk Constabulary,1.367472,51.970947,On or near White Horse Close,E01033450,East Suffolk 028E,Anti-social behaviour,,
,2026-02,Suffolk Constabulary,Suffolk Constabulary,1.367472,51.970947,On or near White Horse Close,E01033450,East Suffolk 028E,Anti-social behaviour,,
,2026-02,Suffolk Constabulary,Suffolk Constabulary,1.367472,51.970947,On or near White Horse Close,E01033450,East Suffolk 028E,Anti-social behaviour,,
8e67fc73e474438c173e3a58ffc103fdedfcea473afb1341b85f015aae4f9278,2026-02,Suffolk Constabulary,Suffolk Constabulary,1.363755,51.971682,On or near Wentworth Drive,E01033450,East Suffolk 028E,Public order,Unable to prosecute suspect,
f97970fee838fbe4b193609302a5113bead9a30b627f0f7abae78174cdfd1c5f,2026-02,Suffolk Constabulary,Suffolk Constabulary,1.365651,51.972690,On or near Gosford Way,E01033450,East Suffolk 028E,Violence and sexual offences,Unable to prosecute suspect,
f5ba8445abad0a1f0754d7d8c5270fd206a776be4637a93a04b87b864982dec9,2026-02,Suffolk Constabulary,Suffolk Constabulary,1.342861,51.971531,On or near Recreation Lane,E01030160,East Suffolk 029A,Other theft,Investigation complete; no suspect identified,
d7256a35cf5fd8f0beddd00bfb9cb51364ec2169cfbbb03c3451d4cd19248b68,2026-02,Suffolk Constabulary,Suffolk Constabulary,1.340865,51.972703,On or near St Mary'S Crescent,E01030160,East Suffolk 029A,Public order,Unable to prosecute suspect,
bac868afc80e4201905d0d79c9801b96b542513a0c8b47b8eb10c67ed0f4a60f,2026-02,Suffolk Constabulary,Suffolk Constabulary,1.340841,51.971202,On or near Supermarket,E01030160,East Suffolk 029A,Shoplifting,Investigation complete; no suspect identified,
5dbbe9652ac874d09bd00b919341b733d604f661b655da1a49dbfb710ccae703,2026-02,Suffolk Constabulary,Suffolk Constabulary,1.339888,51.970339,On or near Cage Lane,E01030160,East Suffolk 029A,Vehicle crime,Investigation complete; no suspect identified,
07d73ea9e934bbc0519dd5e8b95dca3c8a8ac04a0d11919872e9b1c04d275562,2026-02,Suffolk Constabulary,Suffolk Constabulary,1.342861,51.971531,On or near Recreation Lane,E01030160,East Suffolk 029A,Violence and sexual offences,Offender given a caution,
140d3a5157693df5e4e96f97028213143ba28ba706cecd397b172ea7ddd7df9a,2026-02,Suffolk Constabulary,Suffolk Constabulary,1.342725,51.974018,On or near Candlet Road,E01030160,East Suffolk 029A,Violence and sexual offences,Under investigation,
28ba968da6430daa6c9c67cf86bd7c93966e008ef39d1ac6802e2489fedd2ce8,2026-02,Suffolk Constabulary,Suffolk Constabulary,1.342725,51.974018,On or near Candlet Road,E01030160,East Suffolk 029A,Violence and sexual offences,Investigation complete; no suspect identified,
873cde37d8a88835535befc692339d753aac9d03f42286cb510f2de99979d9e2,2026-02,Suffolk Constabulary,Suffolk Constabulary,1.337487,51.971135,On or near Cross Street,E01030161,East Suffolk 029B,Burglary,Investigation complete; no suspect identified,
2554567d12bd54589a9f1aceec1ed06b030ce7de125162f7ecc1b04e277e6463,2026-02,Suffolk Constabulary,Suffolk Constabulary,1.336101,51.973459,On or near High Street,E01030161,East Suffolk 029B,Other theft,Unable to prosecute suspect,
0873e21d599a268abeb93564cca6a99525e600cbc645dce11c66bacb908e4cde,2026-02,Suffolk Constabulary,Suffolk Constabulary,1.335835,51.970670,On or near Maidstone Road,E01030161,East Suffolk 029B,Public order,Local resolution,
f88e3fb4d91332183f0ce5969bf7e632acd32bf83493aab38559c101b8e9bf66,2026-02,Suffolk Constabulary,Suffolk Constabulary,1.336023,51.967903,On or near James Boden Close,E01030161,East Suffolk 029B,Robbery,Unable to prosecute suspect,
f67a70a906a916779ba4817cc15bf57a08d09753084d9b3b27c62d85b33986a4,2026-02,Suffolk Constabulary,Suffolk Constabulary,1.335835,51.970670,On or near Maidstone Road,E01030161,East Suffolk 029B,Vehicle crime,Investigation complete; no suspect identified,
e52990691fecde448c3b0ce5a9c1d9bd887d068e2677c526acf85523094515e1,2026-02,Suffolk Constabulary,Suffolk Constabulary,1.330330,51.972813,On or near Walton Hall Drive,E01030161,East Suffolk 029B,Violence and sexual offences,Action to be taken by another organisation,
ea7089f5dd76b3d50c75f74736d58fbbf2d99e48f610fb7bfbf3dbe9f08c283e,2026-02,Suffolk Constabulary,Suffolk Constabulary,1.330330,51.972813,On or near Walton Hall Drive,E01030161,East Suffolk 029B,Violence and sexual offences,Action to be taken by another organisation,
73c7f1c9487b165de1cd359d601de11069815cef04ddcb20b6f082c5a17ad37c,2026-02,Suffolk Constabulary,Suffolk Constabulary,1.335835,51.970670,On or near Maidstone Road,E01030161,East Suffolk 029B,Violence and sexual offences,Unable to prosecute suspect,
e23d85ee005279e3e8efa8e959982a5c4a76d6a9db8796846f70e35a460f4064,2026-02,Suffolk Constabulary,Suffolk Constabulary,1.335835,51.970670,On or near Maidstone Road,E01030161,East Suffolk 029B,Violence and sexual offences,Unable to prosecute suspect,
863a2ff479d31685eff561d1f9e82ae9a9ab674db7692e78e52f64e92ae44f74,2026-02,Suffolk Constabulary,Suffolk Constabulary,1.340501,51.967812,On or near Chepstow Road,E01030161,East Suffolk 029B,Violence and sexual offences,Unable to prosecute suspect,
f629e9ce0bbf55c22cb8b48080915e7d610da6c9d88cf41f4e1d75d0d48479f1,2026-02,Suffolk Constabulary,Suffolk Constabulary,1.340501,51.967812,On or near Chepstow Road,E01030161,East Suffolk 029B,Violence and sexual offences,Unable to prosecute suspect,
7365d6b52578fbfb7bab41ca8fd0a1214c5d8d9d7bdc70eae3ee3c526fc40ed0,2026-02,Suffolk Constabulary,Suffolk Constabulary,1.337214,51.971188,On or near King Street,E01030161,East Suffolk 029B,Violence and sexual offences,Action to be taken by another organisation,
e8dc040a512d504c167a8f663023c62d3925afc01fd9a3c01bf6676c317b32ed,2026-02,Suffolk Constabulary,Suffolk Constabulary,1.332173,51.974488,On or near Hawkes Lane,E01030161,East Suffolk 029B,Violence and sexual offences,Further investigation is not in the public interest,
1e463fc07db429779295ade4a23dbd066dedf8010ee987122f58072aa0c13515,2026-02,Suffolk Constabulary,Suffolk Constabulary,1.337487,51.971135,On or near Cross Street,E01030161,East Suffolk 029B,Violence and sexual offences,Unable to prosecute suspect,
,2026-02,Suffolk Constabulary,Suffolk Constabulary,1.330012,51.968334,On or near Larkhill Way,E01030168,East Suffolk 029C,Anti-social behaviour,,
b35f674e75d7cebc7dfdcc8fc4d4185f401b2a90f1e0d741a19f7d2e43c2c9bc,2026-02,Suffolk Constabulary,Suffolk Constabulary,1.326587,51.964366,On or near Petrol Station,E01030168,East Suffolk 029C,Criminal damage and arson,Under investigation,
1230f04455cab95e35ed327c8e284e09394605601e880c4b8d19439b51f34e09,2026-02,Suffolk Constabulary,Suffolk Constabulary,1.332462,51.967212,On or near Hall Pond Way,E01030168,East Suffolk 029C,Criminal damage and arson,Investigation complete; no suspect identified,
7d73b1dfb32360561282299ee5dcf8778ffc3aaf31f3b52fbabb06d95bb65dac,2026-02,Suffolk Constabulary,Suffolk Constabulary,1.331825,51.968634,On or near Brackley Close,E01030168,East Suffolk 029C,Public order,Investigation complete; no suspect identified,
f7fd7a485be37d292b5476f587aed3fa77df1484c51f04f6ec753f35a1122845,2026-02,Suffolk Constabulary,Suffolk Constabulary,1.326587,51.964366,On or near Petrol Station,E01030168,East Suffolk 029C,Shoplifting,Investigation complete; no suspect identified,
d95ec7103112efc2b2a68756ca95d990060a4d663c5eac7c1ff3a12a17d15f97,2026-02,Suffolk Constabulary,Suffolk Constabulary,1.326587,51.964366,On or near Petrol Station,E01030168,East Suffolk 029C,Shoplifting,Awaiting court outcome,
77ed5753963fa92039dbac5ffe19c7afa5d0abcbcffce91819e51d6420633c7e,2026-02,Suffolk Constabulary,Suffolk Constabulary,1.330944,51.966761,On or near Cricket Hill Road,E01030168,East Suffolk 029C,Violence and sexual offences,Unable to prosecute suspect,
4bfcd3e74c01ddf5f3bbbe03e90b0b1d2c4dc0c33cbe882421cd4bbd524ccd40,2026-02,Suffolk Constabulary,Suffolk Constabulary,1.334044,51.965369,On or near Selvale Way,E01030168,East Suffolk 029C,Violence and sexual offences,Unable to prosecute suspect,
0d9f5cdde4986aac87df5cd6bcbe72bcc1a6f0a269d78deacdaa355d4a0405c2,2026-02,Suffolk Constabulary,Suffolk Constabulary,1.334044,51.965369,On or near Selvale Way,E01030168,East Suffolk 029C,Violence and sexual offences,Investigation complete; no suspect identified,
3225957f45af284e32a2513fc32cf1a1379375005513fedf6374cff00d901b8a,2026-02,Suffolk Constabulary,Suffolk Constabulary,1.326587,51.964366,On or near Petrol Station,E01030168,East Suffolk 029C,Violence and sexual offences,Under investigation,
df4481974991ec3d5c919908a06c3d27f4028bd6e1224e7d50a5eeaefd9d0926,2026-02,Suffolk Constabulary,Suffolk Constabulary,1.330944,51.966761,On or near Cricket Hill Road,E01030168,East Suffolk 029C,Violence and sexual offences,Unable to prosecute suspect,
9cbed7a22bc5fb174591c8b23612aad264cbf17f224ee5e7c66729a275b1bf7b,2026-02,Suffolk Constabulary,Suffolk Constabulary,1.335415,51.966976,On or near Grange Close,E01030168,East Suffolk 029C,Other crime,Unable to prosecute suspect,
,2026-02,Suffolk Constabulary,Suffolk Constabulary,1.329507,51.970165,On or near Childers Field,E01030169,East Suffolk 029D,Anti-social behaviour,,
,2026-02,Suffolk Constabulary,Suffolk Constabulary,1.329507,51.970165,On or near Childers Field,E01030169,East Suffolk 029D,Anti-social behaviour,,
c524c0d39e698b42e7bb2f74d8e04ec2568746c92299d698cb1fb5f7661a9d26,2026-02,Suffolk Constabulary,Suffolk Constabulary,1.327034,51.968041,On or near Sudbourne Road,E01030169,East Suffolk 029D,Burglary,Investigation complete; no suspect identified,
44e7e3802366d337a3123de7fe08abcade2835d0734029b8c7ba8a38e9ec350c,2026-02,Suffolk Constabulary,Suffolk Constabulary,1.329507,51.970165,On or near Childers Field,E01030169,East Suffolk 029D,Drugs,Local resolution,
785f5108ecf20236812166119fe1c77bf037e397f8e8ede2b3f3f99fe47160c1,2026-02,Suffolk Constabulary,Suffolk Constabulary,1.329802,51.969230,On or near Winston Close,E01030169,East Suffolk 029D,Violence and sexual offences,Under investigation,
15e39894688841bf8234f37ee3092d9d6ccbfd72ab92f6420184d47ede7ce3d6,2026-02,Suffolk Constabulary,Suffolk Constabulary,1.328543,51.970130,On or near Reedland Way,E01030169,East Suffolk 029D,Violence and sexual offences,Unable to prosecute suspect,
,2026-02,Suffolk Constabulary,Suffolk Constabulary,1.338096,51.958382,On or near Andrew Close,E01030170,East Suffolk 029E,Anti-social behaviour,,
9211fb267ccfa2265d40f74c601135ac62bd6b8003ea54bd7a342231a7e8d487,2026-02,Suffolk Constabulary,Suffolk Constabulary,1.332838,51.954232,On or near Yewcroft,E01030170,East Suffolk 029E,Drugs,Unable to prosecute suspect,
8189942346bd071c805cceb8ebe47966c16e132f392f93b690cec8b7205cbc5e,2026-02,Suffolk Constabulary,Suffolk Constabulary,1.338096,51.958382,On or near Andrew Close,E01030170,East Suffolk 029E,Vehicle crime,Awaiting court outcome,
f03126b3260572dd4c8b61fa8a931e4413d63b1e63df47ba03f7a533ee9f4ff1,2026-02,Suffolk Constabulary,Suffolk Constabulary,1.332838,51.954232,On or near Yewcroft,E01030170,East Suffolk 029E,Violence and sexual offences,Unable to prosecute suspect,
20422496d545a2fda9b33d983bcde70247f317a953bc9b4528d90ef370e1471d,2026-02,Suffolk Constabulary,Suffolk Constabulary,1.332561,51.955796,On or near Rowans Crescent,E01030170,East Suffolk 029E,Violence and sexual offences,Action to be taken by another organisation,
f37eb6f1ed07b0944abbdf73b7819034ba7f68e9c369b47d6b26303cc7b65567,2026-02,Suffolk Constabulary,Suffolk Constabulary,1.332804,51.959063,On or near Elizabeth Way,E01030170,East Suffolk 029E,Other crime,Unable to prosecute suspect,
,2026-02,Suffolk Constabulary,Suffolk Constabulary,1.344407,51.961207,On or near Tower Road,E01030162,East Suffolk 030A,Anti-social behaviour,,
,2026-02,Suffolk Constabulary,Suffolk Constabulary,1.344407,51.961207,On or near Tower Road,E01030162,East Suffolk 030A,Anti-social behaviour,,
bf8e267c3191ee5236befcd0ac6c9febfb94c75543bbd097e0961276112c2b95,2026-02,Suffolk Constabulary,Suffolk Constabulary,1.339162,51.958193,On or near Supermarket,E01030162,East Suffolk 030A,Burglary,Investigation complete; no suspect identified,
758d5626d9412dd7f99e4e2fdeeb6948f31afaa6ab47f18a54a6ce16d05a7034,2026-02,Suffolk Constabulary,Suffolk Constabulary,1.347244,51.959039,On or near Parking Area,E01030162,East Suffolk 030A,Violence and sexual offences,Unable to prosecute suspect,
37e82312cf237fda65461ef04a008bcc1b07707feabfe2c04e0c646f21150272,2026-02,Suffolk Constabulary,Suffolk Constabulary,1.350497,51.961456,On or near B1082,E01030162,East Suffolk 030A,Violence and sexual offences,Awaiting court outcome,
6f4e5e7500a477b35abd575d38f6004e301e4028f6dc86a6e6a5829de3a69f6c,2026-02,Suffolk Constabulary,Suffolk Constabulary,1.350858,51.960250,On or near Bent Hill,E01030162,East Suffolk 030A,Violence and sexual offences,Under investigation,
b4c16724d1a84b3eb703054234bdcc8c2add9dad3a97aab6a1f62fb8e65fa825,2026-02,Suffolk Constabulary,Suffolk Constabulary,1.350497,51.961456,On or near B1082,E01030162,East Suffolk 030A,Violence and sexual offences,Investigation complete; no suspect identified,
fbade5f377729c6cb2cbeec397e5131d80c8c0b7f8d5ebb1b1896b8bc02fadeb,2026-02,Suffolk Constabulary,Suffolk Constabulary,1.350497,51.961456,On or near B1082,E01030162,East Suffolk 030A,Violence and sexual offences,Local resolution,
ce2fc4035c5c276f1e7f69b6dc5e3a79588d58a580c5eb9cfed88c2094f3c5a7,2026-02,Suffolk Constabulary,Suffolk Constabulary,1.350858,51.960250,On or near Bent Hill,E01030162,East Suffolk 030A,Violence and sexual offences,Investigation complete; no suspect identified,
,2026-02,Suffolk Constabulary,Suffolk Constabulary,1.330136,51.944289,On or near Parking Area,E01030163,East Suffolk 030B,Anti-social behaviour,,
,2026-02,Suffolk Constabulary,Suffolk Constabulary,1.328644,51.947929,On or near Carr Road,E01030163,East Suffolk 030B,Anti-social behaviour,,
,2026-02,Suffolk Constabulary,Suffolk Constabulary,1.330136,51.944289,On or near Parking Area,E01030163,East Suffolk 030B,Anti-social behaviour,,
4e3566f67f88bb46668cadff5ad16b103b8cf4e7ec08a396cdae9bb8d9c36fa9,2026-02,Suffolk Constabulary,Suffolk Constabulary,1.337938,51.950966,On or near Parking Area,E01030163,East Suffolk 030B,Criminal damage and arson,Investigation complete; no suspect identified,
b26658c986e8bb12b5fafb077e107049fa6d3936772b797b0ed27839059cb8a0,2026-02,Suffolk Constabulary,Suffolk Constabulary,1.337938,51.950966,On or near Parking Area,E01030163,East Suffolk 030B,Possession of weapons,Unable to prosecute suspect,
037cf269158312c0b9bc841e3efae710562eb7c583832ab8102578134e2cc4d3,2026-02,Suffolk Constabulary,Suffolk Constabulary,1.336549,51.951464,On or near Tacon Road,E01030163,East Suffolk 030B,Violence and sexual offences,Action to be taken by another organisation,
b99fb5fc8959696e2115c30ae9d9c6557e8767d15643e0a11ba76754b64ecccd,2026-02,Suffolk Constabulary,Suffolk Constabulary,1.339505,51.955005,On or near Arwela Road,E01030163,East Suffolk 030B,Violence and sexual offences,Unable to prosecute suspect,
b2651632098bbd131388afb56155ec4889728800eb0d00a0393d50bc778543c1,2026-02,Suffolk Constabulary,Suffolk Constabulary,1.335651,51.951139,On or near Orford Road,E01030163,East Suffolk 030B,Violence and sexual offences,Unable to prosecute suspect,
db787ac22ac8322cc955ec6bf5d77be5122f269c7a333854a49d763d7f9cdb24,2026-02,Suffolk Constabulary,Suffolk Constabulary,1.335030,51.950815,On or near Parking Area,E01030163,East Suffolk 030B,Violence and sexual offences,Unable to prosecute suspect,
f24891131359211d173f177cf3eddb8fc649e592dc2d703db90eeefd1e1ed872,2026-02,Suffolk Constabulary,Suffolk Constabulary,1.335651,51.951139,On or near Orford Road,E01030163,East Suffolk 030B,Violence and sexual offences,Unable to prosecute suspect,
627623a84dc85034238f79289fd6a2023930f870a6d54eb006ebfc5a74ea8029,2026-02,Suffolk Constabulary,Suffolk Constabulary,1.339505,51.955005,On or near Arwela Road,E01030163,East Suffolk 030B,Violence and sexual offences,Unable to prosecute suspect,
81bdeb7fe4861dbc5ea391d6ba40d170b4fe7a87ec0616e92220967d4ee34f0b,2026-02,Suffolk Constabulary,Suffolk Constabulary,1.329893,51.947102,On or near Grebe Close,E01030163,East Suffolk 030B,Violence and sexual offences,Unable to prosecute suspect,
c3b728a9f49769379a4960df27d7d75562bad102be5db6de66459571267894bc,2026-02,Suffolk Constabulary,Suffolk Constabulary,1.336549,51.951464,On or near Tacon Road,E01030163,East Suffolk 030B,Violence and sexual offences,Action to be taken by another organisation,
b81889db2432c91cde81a64d8d49f40118b26bad217b84bd2b2b89a0425b2806,2026-02,Suffolk Constabulary,Suffolk Constabulary,1.334012,51.949252,On or near Old Fort Road,E01030163,East Suffolk 030B,Violence and sexual offences,Under investigation,
054c8f473710c560c048d53c0c3819c9bc4d165fa21ec271f69c782cb584f3bd,2026-02,Suffolk Constabulary,Suffolk Constabulary,1.336936,51.953540,On or near Langer Road,E01030163,East Suffolk 030B,Violence and sexual offences,Unable to prosecute suspect,
9184b727c391ff4af974c59333d96f4838eae2b38d3315d9acd1ee8167bfe131,2026-02,Suffolk Constabulary,Suffolk Constabulary,1.339505,51.955005,On or near Arwela Road,E01030163,East Suffolk 030B,Violence and sexual offences,Unable to prosecute suspect,
,2026-02,Suffolk Constabulary,Suffolk Constabulary,1.355401,51.960849,On or near Parking Area,E01030165,East Suffolk 030C,Anti-social behaviour,,
5825e9ccb627ca24ef5c8aa9c0e4701d70bfde487139dad5afab3cba8aba2e2b,2026-02,Suffolk Constabulary,Suffolk Constabulary,1.352672,51.964066,On or near Parking Area,E01030165,East Suffolk 030C,Burglary,Investigation complete; no suspect identified,
ec4aae514fd503c73b185652389553327e15903f63c5b2f70194495627d8c597,2026-02,Suffolk Constabulary,Suffolk Constabulary,1.350493,51.962383,On or near Highfield Road,E01030165,East Suffolk 030C,Criminal damage and arson,Unable to prosecute suspect,
2f20b17d200d1b24ae18e4d1908f52e1ea699575a8b0453439576cbdcb0a0905,2026-02,Suffolk Constabulary,Suffolk Constabulary,1.351739,51.963661,On or near Cobbold Road,E01030165,East Suffolk 030C,Public order,Action to be taken by another organisation,
a02a24769a71d8617a13a7786aa83bd832853dbb1ad9087552f7d540bbea3110,2026-02,Suffolk Constabulary,Suffolk Constabulary,1.351739,51.963661,On or near Cobbold Road,E01030165,East Suffolk 030C,Violence and sexual offences,Unable to prosecute suspect,
580c57c04de8d5ab8e1a8844bb1f41cf8e8df275126156f35ae392769a0e3726,2026-02,Suffolk Constabulary,Suffolk Constabulary,1.350493,51.962383,On or near Highfield Road,E01030165,East Suffolk 030C,Violence and sexual offences,Unable to prosecute suspect,
9323683d1910f10d05d20f49b61ed184114143ee929156a7aeab6d309e95cb8c,2026-02,Suffolk Constabulary,Suffolk Constabulary,1.351739,51.963661,On or near Cobbold Road,E01030165,East Suffolk 030C,Violence and sexual offences,Action to be taken by another organisation,
6255ab412388b1b08f3e2cb2be5987c12c27c019b183a590cb9ca0657231f298,2026-02,Suffolk Constabulary,Suffolk Constabulary,1.351739,51.963661,On or near Cobbold Road,E01030165,East Suffolk 030C,Violence and sexual offences,Action to be taken by another organisation,
0831b0b20da998cc89b0e7dea744b70b4d148d0263f5f019b39b35d17f0a9ee9,2026-02,Suffolk Constabulary,Suffolk Constabulary,1.363511,51.964152,On or near Beach Road East,E01030167,East Suffolk 030D,Other theft,Investigation complete; no suspect identified,
0ac9f39a8a3563cc7dfbece1848e7df1347ae9f8fe5c5c0e84b493159cb7e27c,2026-02,Suffolk Constabulary,Suffolk Constabulary,1.359257,51.962367,On or near Bath Hill,E01030167,East Suffolk 030D,Robbery,Unable to prosecute suspect,
e781a9c5b2adee0937f8898fb8aa611ca1532fa0e2c152c40a25daf9bf6748bb,2026-02,Suffolk Constabulary,Suffolk Constabulary,1.358373,51.964758,On or near Quilter Road,E01030167,East Suffolk 030D,Violence and sexual offences,Under investigation,
4aecf2530a1d0f4f1f7aaa0537fe83af12df630e067c0c13640e13726bc565a9,2026-02,Suffolk Constabulary,Suffolk Constabulary,-0.141685,51.648279,On or near Westpole Avenue,E01001418,Enfield 011C,Violence and sexual offences,Under investigation,
5219a9e756343805a39d428a24cd42b46730285bc9fcb3d716fc9fe86816e36b,2026-02,Suffolk Constabulary,Suffolk Constabulary,0.159761,52.670110,On or near Silver Street,E01018063,Fenland 002A,Public order,Unable to prosecute suspect,
78329cfc2eb4ab1279c154a9f3a06aaf6d70e0923bcde6cf094c8c3b020c23ec,2026-02,Suffolk Constabulary,Suffolk Constabulary,-0.134592,52.556572,On or near Park Lane,E01018098,Fenland 006E,Other crime,Investigation complete; no suspect identified,
e454f7d8cdb1cff30b71cbe1e6d5c6187355bb08d7c1d9e99262ba5327c0cb04,2026-02,Suffolk Constabulary,Suffolk Constabulary,0.096783,52.557285,On or near Harebell Close,E01018080,Fenland 007D,Violence and sexual offences,Unable to prosecute suspect,
e05c44859ffc06978500956b22563137067746ba775b6527455549ec5f50f682,2026-02,Suffolk Constabulary,Suffolk Constabulary,1.728695,52.620745,On or near Bus/Coach Station,E01026640,Great Yarmouth 004C,Violence and sexual offences,Under investigation,
dd62b46d1eaed6a518af1e898b62f02394d553f12accb40dd74f1422b4d69290,2026-02,Suffolk Constabulary,Suffolk Constabulary,1.716583,52.599044,On or near Thamesfield Way,E01026634,Great Yarmouth 007C,Criminal damage and arson,Awaiting court outcome,
aeb2c7ecf5e40afe4e46368cb170ca8fc8068206552b55a1585de1e51685ba18,2026-02,Suffolk Constabulary,Suffolk Constabulary,1.717980,52.561672,On or near Hospital,E01026617,Great Yarmouth 011A,Public order,Under investigation,
4b95bad4d367b591d0b07a2f2e25576eb2de1a4e49061637f01a70300c941f17,2026-02,Suffolk Constabulary,Suffolk Constabulary,-0.058438,51.568428,On or near Springfield,E01001827,Hackney 029D,Violence and sexual offences,Investigation complete; no suspect identified,
618bf230d95533c6e22f70fa2526e6b4c9963845457269608ca2a9fed992eb9b,2026-02,Suffolk Constabulary,Suffolk Constabulary,0.101618,51.749371,On or near Lower Meadow,E01021860,Harlow 010D,Violence and sexual offences,Under investigation,
57e95cf058a3d85cc9e30b7d9613c026c3454ba78d15acc70dfa23d66f7ecfef,2026-02,Suffolk Constabulary,Suffolk Constabulary,-0.215113,52.277118,On or near Andrews Close,E01018137,Huntingdonshire 017D,Violence and sexual offences,Under investigation,
2e58383e58e71e2961ffbf332b2fccf7596f7776c49b1eacf8c9e96ba1a79083,2026-02,Suffolk Constabulary,Suffolk Constabulary,1.130194,52.082170,On or near Spenser Road,E01030032,Ipswich 001A,Other theft,Investigation complete; no suspect identified,
99d55aea39e169047a95bdca6312034be9293b23f6a3f3c43fc31b2d3820fa79,2026-02,Suffolk Constabulary,Suffolk Constabulary,1.130194,52.082170,On or near Spenser Road,E01030032,Ipswich 001A,Other theft,Investigation complete; no suspect identified,
d0dc789c457431fe7eb21d4af92d9130318da58c97c267bfafc0cf0f5f843825,2026-02,Suffolk Constabulary,Suffolk Constabulary,1.126138,52.080946,On or near Wordsworth Crescent,E01030032,Ipswich 001A,Public order,Awaiting court outcome,
278917e2eb28223f187e62e41c6bab88a40d01df781ca3c203d75a8baec3911d,2026-02,Suffolk Constabulary,Suffolk Constabulary,1.126138,52.080946,On or near Wordsworth Crescent,E01030032,Ipswich 001A,Vehicle crime,Investigation complete; no suspect identified,
9e4aa7c7e63d7827155e68ff0148765098af7b3929508b6c8369dd4b7b3f74ab,2026-02,Suffolk Constabulary,Suffolk Constabulary,1.127437,52.082612,On or near Shakespeare Road,E01030032,Ipswich 001A,Vehicle crime,Investigation complete; no suspect identified,
8910645da6498b14eb53d728236ff30ba6e69982e01169ca1b64be2e1ed31ce7,2026-02,Suffolk Constabulary,Suffolk Constabulary,1.131924,52.079776,On or near Stratford Road,E01030032,Ipswich 001A,Violence and sexual offences,Unable to prosecute suspect,
1a637c4bf70ea8a19be4b585bf1a656c8d106f804805ccc24b0a3e8d27c00256,2026-02,Suffolk Constabulary,Suffolk Constabulary,1.128997,52.080295,On or near Burns Road,E01030032,Ipswich 001A,Violence and sexual offences,Unable to prosecute suspect,
7e25b23e036e3a0470373e267059f1f0beacb1204d3997d65060757395d60468,2026-02,Suffolk Constabulary,Suffolk Constabulary,1.127437,52.082612,On or near Shakespeare Road,E01030032,Ipswich 001A,Violence and sexual offences,Unable to prosecute suspect,
0f857d8a655ea60945f393494b677b3af84cd9101cfb1319cae86a6be09da652,2026-02,Suffolk Constabulary,Suffolk Constabulary,1.127437,52.082612,On or near Shakespeare Road,E01030032,Ipswich 001A,Other crime,Action to be taken by another organisation,
c261d2138de244f89e88e85e0a85e9934f6741ce142e188daae6d4b4ac84d237,2026-02,Suffolk Constabulary,Suffolk Constabulary,1.146071,52.082493,On or near Supermarket,E01030033,Ipswich 001B,Shoplifting,Unable to prosecute suspect,
5c99544b5f54fb66b274614368b03e6ac581b5df109d6f1f6829d42e11dfcddf,2026-02,Suffolk Constabulary,Suffolk Constabulary,1.146071,52.082493,On or near Supermarket,E01030033,Ipswich 001B,Shoplifting,Investigation complete; no suspect identified,
,2026-02,Suffolk Constabulary,Suffolk Constabulary,1.140831,52.084180,On or near Maycroft Close,E01030034,Ipswich 001C,Anti-social behaviour,,
299a815810ec1bfe7773a9a45205870281cf51112e3dda43a04b8bdd51fddfea,2026-02,Suffolk Constabulary,Suffolk Constabulary,1.140831,52.084180,On or near Maycroft Close,E01030034,Ipswich 001C,Burglary,Under investigation,
78ac6a666d719a87cf920cb4e0d95c548aab188ebb05c52ad503ab98c3ef27f2,2026-02,Suffolk Constabulary,Suffolk Constabulary,1.148299,52.089889,On or near Thurleston Lane,E01030034,Ipswich 001C,Violence and sexual offences,Unable to prosecute suspect,
6f611422e37d15c2e0a0dd201e8f03f661b6442eff07a774a7b05c48c30f62d2,2026-02,Suffolk Constabulary,Suffolk Constabulary,1.149466,52.085730,On or near Henley Road,E01030034,Ipswich 001C,Violence and sexual offences,Unable to prosecute suspect,
29ff372351de32e2a8a1e918969263161f853d0c22da61bd0b10e987b15e0998,2026-02,Suffolk Constabulary,Suffolk Constabulary,1.125746,52.081811,On or near Malkin Close,E01030035,Ipswich 001D,Criminal damage and arson,Unable to prosecute suspect,
0f34114335bada74b5c215edd2e752cd30e7e109a20dfaf0c10178bf8d6e88f1,2026-02,Suffolk Constabulary,Suffolk Constabulary,1.116769,52.084333,On or near Anglia Parkway South,E01030035,Ipswich 001D,Other theft,Investigation complete; no suspect identified,
e961fea905e9da62fdbb6afdd942f1c5ac6eb03b6deb9b406bd3f4b0065f7306,2026-02,Suffolk Constabulary,Suffolk Constabulary,1.118712,52.084983,On or near Shopping Area,E01030035,Ipswich 001D,Public order,Unable to prosecute suspect,
de1a635963e89caec89eebdcad07d9e6a79d57a5485d8706934d2b8a1b9606fb,2026-02,Suffolk Constabulary,Suffolk Constabulary,1.125236,52.084748,On or near Ballater Close,E01030035,Ipswich 001D,Public order,Under investigation,
3edfe4cec5a38735202aa8f9d8c536ac48453b56438be03b586772c1dc1b5f7c,2026-02,Suffolk Constabulary,Suffolk Constabulary,1.132379,52.084189,On or near Chaucer Road,E01030035,Ipswich 001D,Robbery,Unable to prosecute suspect,
4b509a34fa6954d372e151aba53eb654a674124fd7c2d8f39a4136581e59a70f,2026-02,Suffolk Constabulary,Suffolk Constabulary,1.118712,52.084983,On or near Shopping Area,E01030035,Ipswich 001D,Shoplifting,Investigation complete; no suspect identified,
c99ea69b6109fce62d599f4bdcd471ea032a00dc8d739e1d8b1c320a443b44b7,2026-02,Suffolk Constabulary,Suffolk Constabulary,1.118712,52.084983,On or near Shopping Area,E01030035,Ipswich 001D,Shoplifting,Investigation complete; no suspect identified,
63fa582bfaf7474071087e5be5675f8d1c308bab355f8491587287def770df1f,2026-02,Suffolk Constabulary,Suffolk Constabulary,1.118712,52.084983,On or near Shopping Area,E01030035,Ipswich 001D,Shoplifting,Investigation complete; no suspect identified,
2c480056c596ed962dae706d025bca65c4712657101bfa2f32d3d226ffb68726,2026-02,Suffolk Constabulary,Suffolk Constabulary,1.118712,52.084983,On or near Shopping Area,E01030035,Ipswich 001D,Shoplifting,Investigation complete; no suspect identified,
56ef01b56076bfbae23092d22107e2785b2faef4492418879bab70ac595399ae,2026-02,Suffolk Constabulary,Suffolk Constabulary,1.118712,52.084983,On or near Shopping Area,E01030035,Ipswich 001D,Shoplifting,Awaiting court outcome,
8dc09c63a221f9c03323ab6105c278a1318ff7d370d7c580c8541f7a3b5b5c13,2026-02,Suffolk Constabulary,Suffolk Constabulary,1.118774,52.086286,On or near Anglia Parkway North,E01030035,Ipswich 001D,Shoplifting,Investigation complete; no suspect identified,
99fa4d8fb521ced09f37dd34ead9863e2d00e6e83ce1bfe1b99d550aae99c02e,2026-02,Suffolk Constabulary,Suffolk Constabulary,1.118712,52.084983,On or near Shopping Area,E01030035,Ipswich 001D,Shoplifting,Investigation complete; no suspect identified,
792d762b7efe23100f13722fcd0c6c5640f60d7586f1161745b33f3ca779e01a,2026-02,Suffolk Constabulary,Suffolk Constabulary,1.118712,52.084983,On or near Shopping Area,E01030035,Ipswich 001D,Shoplifting,Investigation complete; no suspect identified,
c861666711319895252b2b86f11a9100cbae34a4e1ef7c535b45a0db57bfd1c1,2026-02,Suffolk Constabulary,Suffolk Constabulary,1.118712,52.084983,On or near Shopping Area,E01030035,Ipswich 001D,Shoplifting,Investigation complete; no suspect identified,
2cae5e08d9ef7e3d62bd114a4ac6991fab90fd862d0f86fb9e2375ad1871de43,2026-02,Suffolk Constabulary,Suffolk Constabulary,1.116769,52.084333,On or near Anglia Parkway South,E01030035,Ipswich 001D,Shoplifting,Awaiting court outcome,
23c6afca2ec7aa688c41e4029be81e22dc943606163c8e5d79160bed84c845db,2026-02,Suffolk Constabulary,Suffolk Constabulary,1.118712,52.084983,On or near Shopping Area,E01030035,Ipswich 001D,Shoplifting,Investigation complete; no suspect identified,
e8144ccbf6ea172ca632de291387864e99c091d26460e82f9683e8be88b84fc3,2026-02,Suffolk Constabulary,Suffolk Constabulary,1.118712,52.084983,On or near Shopping Area,E01030035,Ipswich 001D,Shoplifting,Unable to prosecute suspect,
2dae9766bdc84bac488fd1771676ab46122364c8ae6f689978a2f28581d382f9,2026-02,Suffolk Constabulary,Suffolk Constabulary,1.118712,52.084983,On or near Shopping Area,E01030035,Ipswich 001D,Shoplifting,Investigation complete; no suspect identified,
a1ee72780a86c711d0ca70de8002d8762a8f38000ad088504a309d7f2e655b01,2026-02,Suffolk Constabulary,Suffolk Constabulary,1.118712,52.084983,On or near Shopping Area,E01030035,Ipswich 001D,Shoplifting,Investigation complete; no suspect identified,
a530e50f4110963e73d09a936ea8f843c2255eaf3692ff1b54d6ef28ea6effb5,2026-02,Suffolk Constabulary,Suffolk Constabulary,1.118712,52.084983,On or near Shopping Area,E01030035,Ipswich 001D,Shoplifting,Investigation complete; no suspect identified,
48972bfd3640de29af95138b1ac206a67f4e75acce321f9fb10f5ead2be1c69c,2026-02,Suffolk Constabulary,Suffolk Constabulary,1.125746,52.081811,On or near Malkin Close,E01030035,Ipswich 001D,Vehicle crime,Awaiting court outcome,
3c857dae4ce3e19fda7d8fb7939dfe00408c9c0a88d05177496a2443db0bb6ac,2026-02,Suffolk Constabulary,Suffolk Constabulary,1.132379,52.084189,On or near Chaucer Road,E01030035,Ipswich 001D,Violence and sexual offences,Action to be taken by another organisation,
76c24624e54301dccd7c009c4f1cd0af66826f2221e1ee8db287de0510a951de,2026-02,Suffolk Constabulary,Suffolk Constabulary,1.125746,52.081811,On or near Malkin Close,E01030035,Ipswich 001D,Violence and sexual offences,Under investigation,
7036f31393bccbc05a1b73798a70248d3de3e931822058374a2fee09156c95da,2026-02,Suffolk Constabulary,Suffolk Constabulary,1.123439,52.082844,On or near Tooks Road,E01030035,Ipswich 001D,Violence and sexual offences,Unable to prosecute suspect,
c13b835a4863b13c592c85d03a5be33705a7ae62a305f78f072b74d5aee18ea8,2026-02,Suffolk Constabulary,Suffolk Constabulary,1.134958,52.085775,On or near Carlyle Close,E01030035,Ipswich 001D,Violence and sexual offences,Under investigation,
e042a5a771093d655411750df25ddf9f6adb39e30850f2c7b07d01c98282a886,2026-02,Suffolk Constabulary,Suffolk Constabulary,1.125746,52.081811,On or near Malkin Close,E01030035,Ipswich 001D,Violence and sexual offences,Unable to prosecute suspect,
d680356ead23325ed9f97bdf0316c8b9e11fb0cead7a9aa9e96e57f7e4071c70,2026-02,Suffolk Constabulary,Suffolk Constabulary,1.125746,52.081811,On or near Malkin Close,E01030035,Ipswich 001D,Violence and sexual offences,Unable to prosecute suspect,
025904ef20a11c4dd82c1c2dd4d0176e2cc20961dcaa3585abb8e501c747b9ad,2026-02,Suffolk Constabulary,Suffolk Constabulary,1.125746,52.081811,On or near Malkin Close,E01030035,Ipswich 001D,Violence and sexual offences,Unable to prosecute suspect,
773841126f6ef72549051dfeb8e8a4d149922cf72a6e0d645ea2d0c337d8a09b,2026-02,Suffolk Constabulary,Suffolk Constabulary,1.134958,52.085775,On or near Carlyle Close,E01030035,Ipswich 001D,Violence and sexual offences,Unable to prosecute suspect,
649b2bfc6bb119ad40fd342ea2c18e6647e084350446225e97f0d698e94c0cbf,2026-02,Suffolk Constabulary,Suffolk Constabulary,1.125746,52.081811,On or near Malkin Close,E01030035,Ipswich 001D,Violence and sexual offences,Action to be taken by another organisation,
84aec5b89c434ba09616cadc045e0fca4cadbfb460b8c632056943cc78ab2950,2026-02,Suffolk Constabulary,Suffolk Constabulary,1.125746,52.081811,On or near Malkin Close,E01030035,Ipswich 001D,Violence and sexual offences,Action to be taken by another organisation,
e3f3a7b3002f29bcc769ad19858880a42fee07e407c8de9d452977c31432727e,2026-02,Suffolk Constabulary,Suffolk Constabulary,1.125746,52.081811,On or near Malkin Close,E01030035,Ipswich 001D,Violence and sexual offences,Action to be taken by another organisation,
5e575bca40ce945bde0ea9c2202307caaa0d9a006578438ba33e7a06c8e26bad,2026-02,Suffolk Constabulary,Suffolk Constabulary,1.134958,52.085775,On or near Carlyle Close,E01030035,Ipswich 001D,Violence and sexual offences,Unable to prosecute suspect,
eb0a9f3becd0db9180abee684810c19a30f82557f0303e695e587777530aee51,2026-02,Suffolk Constabulary,Suffolk Constabulary,1.125236,52.084748,On or near Ballater Close,E01030035,Ipswich 001D,Violence and sexual offences,Unable to prosecute suspect,
,2026-02,Suffolk Constabulary,Suffolk Constabulary,1.133203,52.081775,On or near Coleridge Road,E01030036,Ipswich 001E,Anti-social behaviour,,
,2026-02,Suffolk Constabulary,Suffolk Constabulary,1.138540,52.081696,On or near Kingsley Close,E01030036,Ipswich 001E,Anti-social behaviour,,
,2026-02,Suffolk Constabulary,Suffolk Constabulary,1.138540,52.081696,On or near Kingsley Close,E01030036,Ipswich 001E,Anti-social behaviour,,
,2026-02,Suffolk Constabulary,Suffolk Constabulary,1.139788,52.081168,On or near Shirley Close,E01030036,Ipswich 001E,Anti-social behaviour,,
2ab9eb709674be4d3667973588d39503e98dc784e1bf35ba1864603288da8a3f,2026-02,Suffolk Constabulary,Suffolk Constabulary,1.139788,52.081168,On or near Shirley Close,E01030036,Ipswich 001E,Criminal damage and arson,Investigation complete; no suspect identified,
a28e66fec50de81af95a385453c5611e09773086a36ba9aa07e642b0bb223bef,2026-02,Suffolk Constabulary,Suffolk Constabulary,1.135901,52.081325,On or near Burke Road,E01030036,Ipswich 001E,Criminal damage and arson,Investigation complete; no suspect identified,
13d72992fc1979cbb975b59e22e8c8d896faa7c1d1bc184b797ffd6d01203df7,2026-02,Suffolk Constabulary,Suffolk Constabulary,1.138540,52.081696,On or near Kingsley Close,E01030036,Ipswich 001E,Drugs,Local resolution,
832daf51dfa8eb5b55f4bcd6c3027d05621c8223526c8d213eeb20a3535b3d03,2026-02,Suffolk Constabulary,Suffolk Constabulary,1.135248,52.085327,On or near Homer Close,E01030036,Ipswich 001E,Drugs,Local resolution,
b23e3e4dedc2306bed02674aaca03ac09e94e98e255e2866be17928641ed9f7c,2026-02,Suffolk Constabulary,Suffolk Constabulary,1.138540,52.081696,On or near Kingsley Close,E01030036,Ipswich 001E,Other theft,Investigation complete; no suspect identified,
914cd4d0bf40fc9815f5cafd75f1475279070481df9540d24f27175859be0532,2026-02,Suffolk Constabulary,Suffolk Constabulary,1.135248,52.085327,On or near Homer Close,E01030036,Ipswich 001E,Shoplifting,Investigation complete; no suspect identified,
47355c6839bcc59f50e379c1b57712ce0b53747b193a5c1ac881a048c2d01030,2026-02,Suffolk Constabulary,Suffolk Constabulary,1.132340,52.081753,On or near Blake Road,E01030036,Ipswich 001E,Vehicle crime,Awaiting court outcome,
6ab344a1082e69f2c0a659a272a2359838964a20114e38360e1b5f054249204e,2026-02,Suffolk Constabulary,Suffolk Constabulary,1.137956,52.083771,On or near Limecroft Close,E01030036,Ipswich 001E,Violence and sexual offences,Unable to prosecute suspect,
406a9fad52b6e0ca6676461f6496cd9767122b311a5d90d3cbe3f0012bfc5dbe,2026-02,Suffolk Constabulary,Suffolk Constabulary,1.135248,52.085327,On or near Homer Close,E01030036,Ipswich 001E,Violence and sexual offences,Unable to prosecute suspect,
b3730ec8b57363ecb6792c825fa437cbe0e355a8788805a65938127b5fb19ea4,2026-02,Suffolk Constabulary,Suffolk Constabulary,1.135248,52.085327,On or near Homer Close,E01030036,Ipswich 001E,Violence and sexual offences,Investigation complete; no suspect identified,
d348ea8f49d405fb8b748b5e2d8fdc7c448a6f048f4da84779708a68b25a35f4,2026-02,Suffolk Constabulary,Suffolk Constabulary,1.138540,52.081696,On or near Kingsley Close,E01030036,Ipswich 001E,Violence and sexual offences,Unable to prosecute suspect,
3c54de05cb3ac7364e29dbff27ec659678db757af22445b479ca926618e6e441,2026-02,Suffolk Constabulary,Suffolk Constabulary,1.139788,52.081168,On or near Shirley Close,E01030036,Ipswich 001E,Violence and sexual offences,Under investigation,
f1e49d00be5789ed113be57605c3ffb0d1c33ece56f271c3c7abe296e2869c0a,2026-02,Suffolk Constabulary,Suffolk Constabulary,1.137956,52.083771,On or near Limecroft Close,E01030036,Ipswich 001E,Violence and sexual offences,Unable to prosecute suspect,
59fbab2b607032b6ae18f047ec68f5fcc6b1b85b669ad713e6bda90d659bdc8d,2026-02,Suffolk Constabulary,Suffolk Constabulary,1.137956,52.083771,On or near Limecroft Close,E01030036,Ipswich 001E,Violence and sexual offences,Unable to prosecute suspect,
44029b82f7d28bfea52bae6d86403ebbf49e0b26c88496ad1db38799259517b3,2026-02,Suffolk Constabulary,Suffolk Constabulary,1.135901,52.081325,On or near Burke Road,E01030036,Ipswich 001E,Violence and sexual offences,Investigation complete; no suspect identified,
c6c0871f433a17aea7d1e900791a66884238f0361699b0d8309e37d40f9d303c,2026-02,Suffolk Constabulary,Suffolk Constabulary,1.138540,52.081696,On or near Kingsley Close,E01030036,Ipswich 001E,Violence and sexual offences,Unable to prosecute suspect,
f0300807cad2db6e1c9ed49264c1809f27ca629d0b8b8761a8ad85e63dd19d65,2026-02,Suffolk Constabulary,Suffolk Constabulary,1.135774,52.083469,On or near Parnell Road,E01030036,Ipswich 001E,Violence and sexual offences,Unable to prosecute suspect,
f7027fd29ff7f45672767311a006ed58e6210f0d9102a9b361c45da89a10bba0,2026-02,Suffolk Constabulary,Suffolk Constabulary,1.138540,52.081696,On or near Kingsley Close,E01030036,Ipswich 001E,Violence and sexual offences,Awaiting court outcome,
cdf9ebe0e096e3f15378288eefa76bcb434aba25cb7e4bcb56c7b0d1091e41d3,2026-02,Suffolk Constabulary,Suffolk Constabulary,1.135248,52.085327,On or near Homer Close,E01030036,Ipswich 001E,Violence and sexual offences,Unable to prosecute suspect,
5e49ee9a47c2f6c4f1dbe7690766aa5b3125bc78ffd6df6e4084b3a52b27a53f,2026-02,Suffolk Constabulary,Suffolk Constabulary,1.135774,52.083469,On or near Parnell Road,E01030036,Ipswich 001E,Violence and sexual offences,Awaiting court outcome,
b74f269c682a0a4ea20c447acef129096ecc506e6ddf809570eae1d50b886b48,2026-02,Suffolk Constabulary,Suffolk Constabulary,1.135774,52.083469,On or near Parnell Road,E01030036,Ipswich 001E,Other crime,Awaiting court outcome,
2d678dc5cb394cf8f0b0cf828e07187b8a555fedaea58eb7ceb8632d0aa35882,2026-02,Suffolk Constabulary,Suffolk Constabulary,1.151749,52.076486,On or near Henley Road,E01029973,Ipswich 002A,Criminal damage and arson,Unable to prosecute suspect,
9220f6e9a6bf8a976c04ea43d6d6cc3b5d18fc92ce2f4d87407f7ca2a9ef7507,2026-02,Suffolk Constabulary,Suffolk Constabulary,1.150554,52.072570,On or near One House Lane,E01029973,Ipswich 002A,Other theft,Investigation complete; no suspect identified,
e2f9cc46b055593c6648b51cd1dbcc63713668a789feadaee1f2154c01f43cc0,2026-02,Suffolk Constabulary,Suffolk Constabulary,1.147364,52.074112,On or near Supermarket,E01029973,Ipswich 002A,Shoplifting,Awaiting court outcome,
9a7bb660e26004beb091d2553a38d7d74dc5ca2b3604bbae699eda804980bac3,2026-02,Suffolk Constabulary,Suffolk Constabulary,1.147364,52.074112,On or near Supermarket,E01029973,Ipswich 002A,Shoplifting,Investigation complete; no suspect identified,
76befd462e7e79f7060aecc304f50ec32ee7bc6daaa8d70b43dab70be60db0ba,2026-02,Suffolk Constabulary,Suffolk Constabulary,1.147364,52.074112,On or near Supermarket,E01029973,Ipswich 002A,Shoplifting,Investigation complete; no suspect identified,
6b56dad0d4ae98e135f3f6aa294ed57f2c6381813ddb45694c2d47ac829407ab,2026-02,Suffolk Constabulary,Suffolk Constabulary,1.147364,52.074112,On or near Supermarket,E01029973,Ipswich 002A,Shoplifting,Investigation complete; no suspect identified,
1fd34cea21f183e62fadef6b0b7ae45e04d483705aac3e7a060d3c8122ab4799,2026-02,Suffolk Constabulary,Suffolk Constabulary,1.147364,52.074112,On or near Supermarket,E01029973,Ipswich 002A,Shoplifting,Awaiting court outcome,
02818d5563dd6e8798a28a46804801d0553890f6517c490b00865f52b722d0ee,2026-02,Suffolk Constabulary,Suffolk Constabulary,1.147364,52.074112,On or near Supermarket,E01029973,Ipswich 002A,Shoplifting,Investigation complete; no suspect identified,
c14a2b4cf8ba0fb4f27f8e17d85f61ac2831a7675a3b28a9331e6cb761c38f90,2026-02,Suffolk Constabulary,Suffolk Constabulary,1.147364,52.074112,On or near Supermarket,E01029973,Ipswich 002A,Shoplifting,Investigation complete; no suspect identified,
fe4b944b7082e718f9d3dd2645d6e582adbe898b43159eb015826ee9b390d6fc,2026-02,Suffolk Constabulary,Suffolk Constabulary,1.147364,52.074112,On or near Supermarket,E01029973,Ipswich 002A,Shoplifting,Investigation complete; no suspect identified,
eae1e7ec4706e6380b95188d9ade8b594a7848cfa32625cc5d111df9a6cafcfe,2026-02,Suffolk Constabulary,Suffolk Constabulary,1.147364,52.074112,On or near Supermarket,E01029973,Ipswich 002A,Shoplifting,Investigation complete; no suspect identified,
e280ef2f092b9e0262866f1179d12b9527e63be1acc62a175a76f5c5b9f0b1bb,2026-02,Suffolk Constabulary,Suffolk Constabulary,1.147364,52.074112,On or near Supermarket,E01029973,Ipswich 002A,Shoplifting,Investigation complete; no suspect identified,
9f2631caee270a24518fa9ad25ce8d792f2d36dc39631c066d94f52a96d11ea6,2026-02,Suffolk Constabulary,Suffolk Constabulary,1.147364,52.074112,On or near Supermarket,E01029973,Ipswich 002A,Shoplifting,Investigation complete; no suspect identified,
3560e02013e323d463b5d92b7c2eedd33f4c8a15393c4b361f63f035df920d86,2026-02,Suffolk Constabulary,Suffolk Constabulary,1.147364,52.074112,On or near Supermarket,E01029973,Ipswich 002A,Shoplifting,Investigation complete; no suspect identified,
e81e1955f6ad608c16d04b02b3584339b8af7205794d15e374ec32eb0c1afbc2,2026-02,Suffolk Constabulary,Suffolk Constabulary,1.151749,52.076486,On or near Henley Road,E01029973,Ipswich 002A,Violence and sexual offences,Unable to prosecute suspect,
5522e307b29ef1e5d86cfa7d527f67c796f0b48b6b7391c277aae1baf13183be,2026-02,Suffolk Constabulary,Suffolk Constabulary,1.151749,52.076486,On or near Henley Road,E01029973,Ipswich 002A,Violence and sexual offences,Unable to prosecute suspect,
3bcc896813ebedb53c485aab1c2eccc55a99bc9e091c4fd71cf80ddbe831210c,2026-02,Suffolk Constabulary,Suffolk Constabulary,1.142513,52.074044,On or near Wharfedale Road,E01029974,Ipswich 002B,Burglary,Investigation complete; no suspect identified,
0d4ce327429bbc744f7e1627a706d9c9f62882463b2782d9046d3419aaded008,2026-02,Suffolk Constabulary,Suffolk Constabulary,1.137593,52.068815,On or near Kensington Road,E01029974,Ipswich 002B,Violence and sexual offences,Action to be taken by another organisation,
2967d1b08a271e545faaba5bd8f78b861b7039aeb43c97d0afd24d7eaac214a5,2026-02,Suffolk Constabulary,Suffolk Constabulary,1.137593,52.068815,On or near Kensington Road,E01029974,Ipswich 002B,Violence and sexual offences,Under investigation,
3a9247f9f4e73ddc1ad1a25550db8e7f4fdb7aa025b1838d9ccf405c9cc1a6c9,2026-02,Suffolk Constabulary,Suffolk Constabulary,1.138035,52.079901,On or near Supermarket,E01029975,Ipswich 002C,Shoplifting,Investigation complete; no suspect identified,
7ec763f635606c31a3751bafacd63e0b1ad436d55a33c28716ac638e0e7a5789,2026-02,Suffolk Constabulary,Suffolk Constabulary,1.138035,52.079901,On or near Supermarket,E01029975,Ipswich 002C,Shoplifting,Investigation complete; no suspect identified,
356bfb3138e4e16bea2af6bb86e42b69cfd095ccf7c9ca51c3d3040cdfb95c7d,2026-02,Suffolk Constabulary,Suffolk Constabulary,1.136533,52.080139,On or near Garrick Way,E01029975,Ipswich 002C,Violence and sexual offences,Unable to prosecute suspect,
648193145cac4a62d751e26c5b6f47d6e4211f819e7e482f8d498ec908cbe989,2026-02,Suffolk Constabulary,Suffolk Constabulary,1.138035,52.079901,On or near Supermarket,E01029975,Ipswich 002C,Violence and sexual offences,Unable to prosecute suspect,
693f917a54f8b0b50b1f361c6456032c8ecfe0479bcea768d5d3728c6eeeacae,2026-02,Suffolk Constabulary,Suffolk Constabulary,1.137909,52.077908,On or near Willowcroft Road,E01029975,Ipswich 002C,Violence and sexual offences,Action to be taken by another organisation,
ba304ca60b0ee788f6841e9c69fc7ead6c041be52f98de93dd84d4bb81259f1a,2026-02,Suffolk Constabulary,Suffolk Constabulary,1.137909,52.077908,On or near Willowcroft Road,E01029975,Ipswich 002C,Violence and sexual offences,Action to be taken by another organisation,
2cc48cd73040d61d684b41d37f70e7d6594ee81fc18ef8990f8282860469cb34,2026-02,Suffolk Constabulary,Suffolk Constabulary,1.136585,52.077332,On or near Pinecroft Road,E01029975,Ipswich 002C,Violence and sexual offences,Unable to prosecute suspect,
39d37243c26c6c60817abbae73e88f469e7954bd1ca5d25acf0b1d1c40aea16d,2026-02,Suffolk Constabulary,Suffolk Constabulary,1.136533,52.080139,On or near Garrick Way,E01029975,Ipswich 002C,Violence and sexual offences,Unable to prosecute suspect,
3a0136d939e3ec9dfbcf22ec57b611764e63ad794171184a14b07fa5c5e442b9,2026-02,Suffolk Constabulary,Suffolk Constabulary,1.137909,52.077908,On or near Willowcroft Road,E01029975,Ipswich 002C,Other crime,Investigation complete; no suspect identified,
ae05545bca2b5c2490fc4af921bb424c0665231cdfda671bc02ea0dc618fa72a,2026-02,Suffolk Constabulary,Suffolk Constabulary,1.136533,52.080139,On or near Garrick Way,E01029975,Ipswich 002C,Other crime,Further investigation is not in the public interest,
82a838cc267cd66ad9d7c74e7686f62204b01eb9ddfac7981d8c65e2d078f892,2026-02,Suffolk Constabulary,Suffolk Constabulary,1.126448,52.075991,On or near Broadway Lane,E01029976,Ipswich 002D,Burglary,Investigation complete; no suspect identified,
421bb145c4cb839fbd81620f7068392dd9042cf60d9eac604b11c41e928a0d32,2026-02,Suffolk Constabulary,Suffolk Constabulary,1.127872,52.078607,On or near Supermarket,E01029976,Ipswich 002D,Public order,Unable to prosecute suspect,
3afea8e587a67449c19b29412587901b5c97bfe4b2a73d6eb5ca4a1fff377131,2026-02,Suffolk Constabulary,Suffolk Constabulary,1.127872,52.078607,On or near Supermarket,E01029976,Ipswich 002D,Robbery,Unable to prosecute suspect,
a78edbc66eb89d1e9a7045942f525dd3fd3df10175dfe5c2fe09a9c47e6c2b9d,2026-02,Suffolk Constabulary,Suffolk Constabulary,1.126865,52.078813,On or near Meredith Road,E01029976,Ipswich 002D,Shoplifting,Investigation complete; no suspect identified,
1361208d67b08e72a495d540f9c66ea8671e42e5fedb4069c06620309d1a62a0,2026-02,Suffolk Constabulary,Suffolk Constabulary,1.126598,52.078438,On or near Petrol Station,E01029976,Ipswich 002D,Shoplifting,Investigation complete; no suspect identified,
c752b2d5125846d0a97656bf130e769a2a17b53583de04254d3557ae42c25045,2026-02,Suffolk Constabulary,Suffolk Constabulary,1.127872,52.078607,On or near Supermarket,E01029976,Ipswich 002D,Shoplifting,Under investigation,
d9ae00b58be0ef6601e4933fbf6b98466e429ecc2325e63303bf732822abe1dd,2026-02,Suffolk Constabulary,Suffolk Constabulary,1.127872,52.078607,On or near Supermarket,E01029976,Ipswich 002D,Shoplifting,Awaiting court outcome,
48b6d3bb1b455a9da32997278558385ea974892cf33406f072622aff940f6e62,2026-02,Suffolk Constabulary,Suffolk Constabulary,1.127872,52.078607,On or near Supermarket,E01029976,Ipswich 002D,Shoplifting,Investigation complete; no suspect identified,
914f6838a35d398e67264f66a11c2a218e82ee5b2416696aeea38ef78569e21c,2026-02,Suffolk Constabulary,Suffolk Constabulary,1.126865,52.078813,On or near Meredith Road,E01029976,Ipswich 002D,Shoplifting,Investigation complete; no suspect identified,
7d77225b64c336af4e93fea7e6df908ba2a359e3de645a8eca429f6725697f01,2026-02,Suffolk Constabulary,Suffolk Constabulary,1.126865,52.078813,On or near Meredith Road,E01029976,Ipswich 002D,Shoplifting,Investigation complete; no suspect identified,
e8a020bd61de1d1a930008bd753d574c7ceb82f3fec444e1786fbe39e6292d2b,2026-02,Suffolk Constabulary,Suffolk Constabulary,1.127872,52.078607,On or near Supermarket,E01029976,Ipswich 002D,Shoplifting,Awaiting court outcome,
2cd3cfd6e1d4e1b65719419b50f62f456eb4a9f6594b198276e1aa3b2c80b71a,2026-02,Suffolk Constabulary,Suffolk Constabulary,1.126448,52.075991,On or near Broadway Lane,E01029976,Ipswich 002D,Vehicle crime,Investigation complete; no suspect identified,
9fbf19320271fddf84fb52a0558f62cc1f00ce56ce0f30139c9ea8fd09ef77e4,2026-02,Suffolk Constabulary,Suffolk Constabulary,1.126448,52.075991,On or near Broadway Lane,E01029976,Ipswich 002D,Violence and sexual offences,Under investigation,
c25f2d98b69c162b525f0df6a5af46a77942428ebc9bdb9af5d0a8dfabb5af26,2026-02,Suffolk Constabulary,Suffolk Constabulary,1.130444,52.075732,On or near Highfield Road,E01029976,Ipswich 002D,Other crime,Under investigation,
deadbace5db36bda3386010278a2af12ac63011d7740fa495f6056b724f05c25,2026-02,Suffolk Constabulary,Suffolk Constabulary,1.135150,52.076021,On or near Beechcroft Road,E01029977,Ipswich 002E,Burglary,Investigation complete; no suspect identified,
2bfcc12d5d8fd89e6bd1a457253b890db5eb18c17e6f847f9b01612f1466d360,2026-02,Suffolk Constabulary,Suffolk Constabulary,1.140121,52.074072,On or near Knightsdale Road,E01029977,Ipswich 002E,Burglary,Investigation complete; no suspect identified,
c4452c51ae17e7563617e2906aafc3116dc29a17a7af94ae545e2041ea9bec12,2026-02,Suffolk Constabulary,Suffolk Constabulary,1.137327,52.075018,On or near Ashcroft Road,E01029977,Ipswich 002E,Burglary,Under investigation,
5f94fc78958008b199b542e31c7520f712bd99e9cd383dcc2199c9a029fdf8f1,2026-02,Suffolk Constabulary,Suffolk Constabulary,1.134454,52.072343,On or near Ashcroft Lane,E01029977,Ipswich 002E,Burglary,Investigation complete; no suspect identified,
9a17d61cb88283b829b221ae727225742f3de5ff68b326ca0eef9ca0689bd9f0,2026-02,Suffolk Constabulary,Suffolk Constabulary,1.134454,52.072343,On or near Ashcroft Lane,E01029977,Ipswich 002E,Burglary,Investigation complete; no suspect identified,
d1cfc5e73dc7f390efc2daa5e38f3cdbe13e6876a89385fda1c0035925e90d90,2026-02,Suffolk Constabulary,Suffolk Constabulary,1.133783,52.075050,On or near Everton Crescent,E01029977,Ipswich 002E,Vehicle crime,Investigation complete; no suspect identified,
a9d6d3d319c436eb789c5c277cf227a5d209f577e43c3d94ab81a320556805d9,2026-02,Suffolk Constabulary,Suffolk Constabulary,1.133557,52.074121,On or near St Raphael Court,E01029977,Ipswich 002E,Vehicle crime,Investigation complete; no suspect identified,
7cb4d7a4c4dac770a063080d91368907644b68725c7700f3f8d0818d011842c6,2026-02,Suffolk Constabulary,Suffolk Constabulary,1.133557,52.074121,On or near St Raphael Court,E01029977,Ipswich 002E,Violence and sexual offences,Unable to prosecute suspect,
cc2b2a7e23c9a7ab06ea2ccc6cb018d1571318793acb9e1a67f48af96b0053eb,2026-02,Suffolk Constabulary,Suffolk Constabulary,1.137327,52.075018,On or near Ashcroft Road,E01029977,Ipswich 002E,Violence and sexual offences,Under investigation,
bb929e7376b1208d0e03ae61bb791bc0e9ae19a939bbb632ef1667ec18dc9cd6,2026-02,Suffolk Constabulary,Suffolk Constabulary,1.128743,52.069572,On or near Bramford Lane,E01030027,Ipswich 003A,Burglary,Investigation complete; no suspect identified,
2d1bd22751bb0e970c04bb899e72c4b3acb50bad98d47e5e38cb0cb2cf5e728d,2026-02,Suffolk Constabulary,Suffolk Constabulary,1.119421,52.065016,On or near Sproughton Road,E01030027,Ipswich 003A,Other theft,Investigation complete; no suspect identified,
40450186cc3d51433f3972699fc4237364ec5ae8a7042082ddebdfb4e0d6a2f4,2026-02,Suffolk Constabulary,Suffolk Constabulary,1.120650,52.063392,On or near Supermarket,E01030027,Ipswich 003A,Shoplifting,Investigation complete; no suspect identified,
65c1d9583a4b2a3b1eeb53e9534f22b02ec5b2c07043c3da19d46e2bdcd9f5e7,2026-02,Suffolk Constabulary,Suffolk Constabulary,1.120650,52.063392,On or near Supermarket,E01030027,Ipswich 003A,Shoplifting,Investigation complete; no suspect identified,
0306bc759f608167b8de0d19e57c55f0c96eb59f0b3c30d69a9b69317257d66b,2026-02,Suffolk Constabulary,Suffolk Constabulary,1.120650,52.063392,On or near Supermarket,E01030027,Ipswich 003A,Shoplifting,Investigation complete; no suspect identified,
c90104ce6310f35da5f54330d4ca975e64a12c2a869630f0f23a16f461c74bc2,2026-02,Suffolk Constabulary,Suffolk Constabulary,1.120650,52.063392,On or near Supermarket,E01030027,Ipswich 003A,Shoplifting,Investigation complete; no suspect identified,
a77ca709c2673aa0bfa66d193404378ff87dde9fec64103c1e68d04429f3e2c1,2026-02,Suffolk Constabulary,Suffolk Constabulary,1.118113,52.066346,On or near Ganymede Close,E01030027,Ipswich 003A,Shoplifting,Investigation complete; no suspect identified,
3a26ab9b500b8f0f01acd909cafcf40d81117372734e3ac3db572f87e81e2ca6,2026-02,Suffolk Constabulary,Suffolk Constabulary,1.118113,52.066346,On or near Ganymede Close,E01030027,Ipswich 003A,Shoplifting,Investigation complete; no suspect identified,
fa1aaa52c5e9cb466fa91259673faad66c69cb7a157e580773bf855bac639e7a,2026-02,Suffolk Constabulary,Suffolk Constabulary,1.118113,52.066346,On or near Ganymede Close,E01030027,Ipswich 003A,Shoplifting,Investigation complete; no suspect identified,
ddf638bb87d169818d2881f3d35ba575adb530ed431366e17e1da2359a19934e,2026-02,Suffolk Constabulary,Suffolk Constabulary,1.122208,52.063971,On or near Boss Hall Road,E01030027,Ipswich 003A,Shoplifting,Suspect charged as part of another case,
5a4dd8a7bd2ee658cd028c9038dfaafcacad22390fcfe2de909a826a6ead327b,2026-02,Suffolk Constabulary,Suffolk Constabulary,1.120650,52.063392,On or near Supermarket,E01030027,Ipswich 003A,Shoplifting,Investigation complete; no suspect identified,
59fb03f867a979ed837e45e11c8d94155512d99540f0dbbb6302ffc0aff471a3,2026-02,Suffolk Constabulary,Suffolk Constabulary,1.126032,52.068789,On or near Vincent Close,E01030027,Ipswich 003A,Vehicle crime,Suspect charged as part of another case,
f99567cbf87e95847a098c01304f3c06675bff141ed642e9d0f96aee62886e01,2026-02,Suffolk Constabulary,Suffolk Constabulary,1.118599,52.066000,On or near Callisto Court,E01030027,Ipswich 003A,Violence and sexual offences,Unable to prosecute suspect,
e1e0280818f98efa457242400bd3b5120685930e505d546f1423efd1bb4d6b1b,2026-02,Suffolk Constabulary,Suffolk Constabulary,1.120650,52.063392,On or near Supermarket,E01030027,Ipswich 003A,Violence and sexual offences,Unable to prosecute suspect,
e57115864ebae82395450ac21f1730beb88107c41cc90cf4bf82ef90d776efef,2026-02,Suffolk Constabulary,Suffolk Constabulary,1.125290,52.069654,On or near Wallace Road,E01030027,Ipswich 003A,Violence and sexual offences,Unable to prosecute suspect,
9cf646e17039881156da4c2b7edaec2cd3e8ad01d16ae5a58e95fe91dbb5f551,2026-02,Suffolk Constabulary,Suffolk Constabulary,1.125290,52.069654,On or near Wallace Road,E01030027,Ipswich 003A,Violence and sexual offences,Unable to prosecute suspect,
563640dbc19b06827456beca0e02a6c9a55da1a8e2e4d74cfa38bc095ef13df1,2026-02,Suffolk Constabulary,Suffolk Constabulary,1.109474,52.071179,On or near River Hill,E01030028,Ipswich 003B,Burglary,Investigation complete; no suspect identified,
3cb9b7a201d4e2c09dcff2b5e1097118923ca650b64b2604a2f4c60d8853f445,2026-02,Suffolk Constabulary,Suffolk Constabulary,1.114513,52.068924,On or near Weaver Close,E01030028,Ipswich 003B,Criminal damage and arson,Investigation complete; no suspect identified,
53d90122e6d510ef45e626263ba00fc22a255b5b725db591d0ae138e66ef1597,2026-02,Suffolk Constabulary,Suffolk Constabulary,1.116569,52.068896,On or near B1067,E01030028,Ipswich 003B,Violence and sexual offences,Action to be taken by another organisation,
3d3a7dca31411227ef8de2544375de4b90bbdbe12f64606fbe70f3900ab7265b,2026-02,Suffolk Constabulary,Suffolk Constabulary,1.115872,52.068537,On or near Spinner Close,E01030028,Ipswich 003B,Violence and sexual offences,Action to be taken by another organisation,
ebef3bced3707292e20d3f8fc535dea33a587179e627db414e1f20caa07670ef,2026-02,Suffolk Constabulary,Suffolk Constabulary,1.115872,52.068537,On or near Spinner Close,E01030028,Ipswich 003B,Violence and sexual offences,Action to be taken by another organisation,
47d1d9b3a3cc3136f38e7e616a43a6564ad5258acae464a13a6176cb773deb62,2026-02,Suffolk Constabulary,Suffolk Constabulary,1.116569,52.068896,On or near B1067,E01030028,Ipswich 003B,Violence and sexual offences,Under investigation,
887f1eae249ceef896fb01708b84921c0738dd939efac946adfad2a1b8bb1beb,2026-02,Suffolk Constabulary,Suffolk Constabulary,1.116569,52.068896,On or near B1067,E01030028,Ipswich 003B,Violence and sexual offences,Action to be taken by another organisation,
5ab13954c82c699ac498e59168d4401a3d937f4c8ceb8859e0ddebb76f92e3f9,2026-02,Suffolk Constabulary,Suffolk Constabulary,1.117938,52.069067,On or near Adair Road,E01030028,Ipswich 003B,Violence and sexual offences,Under investigation,
938a369f2631223c1f7ba0fe01afe9cc638e50a5ae772e8f3fdda18ac5510df4,2026-02,Suffolk Constabulary,Suffolk Constabulary,1.117938,52.069067,On or near Adair Road,E01030028,Ipswich 003B,Violence and sexual offences,Under investigation,
,2026-02,Suffolk Constabulary,Suffolk Constabulary,1.116919,52.075605,On or near Kerry Avenue,E01030029,Ipswich 003C,Anti-social behaviour,,
0891738f9185d94adabddfcdc54fe538cae17f329420205aefff3060726932fc,2026-02,Suffolk Constabulary,Suffolk Constabulary,1.128886,52.073076,On or near Lister Road,E01030029,Ipswich 003C,Burglary,Investigation complete; no suspect identified,
dfe77745e47ee254631666498d048ad97fd6c90f5df1357e82366b278ce18fc2,2026-02,Suffolk Constabulary,Suffolk Constabulary,1.117922,52.075543,On or near Connaught Road,E01030029,Ipswich 003C,Criminal damage and arson,Unable to prosecute suspect,
19429ffcd418a8b4b7471210b596dde50fb7bb13f188f0f7c0614517095521b2,2026-02,Suffolk Constabulary,Suffolk Constabulary,1.118462,52.074287,On or near Ulster Avenue,E01030029,Ipswich 003C,Public order,Unable to prosecute suspect,
44900d245479046a47ff80deff99a04252f4d8dbe7075fea9a634a23e0f6f8b1,2026-02,Suffolk Constabulary,Suffolk Constabulary,1.118153,52.074457,On or near Supermarket,E01030029,Ipswich 003C,Shoplifting,Investigation complete; no suspect identified,
d3b5c753e9fa27d46112c3916a53ee0a390f6095a3af53e5c8c01e203a28be3a,2026-02,Suffolk Constabulary,Suffolk Constabulary,1.118153,52.074457,On or near Supermarket,E01030029,Ipswich 003C,Shoplifting,Investigation complete; no suspect identified,
007e5c870c26f55b998af5c0924060bc7644b2e5a1297b6619c4674d7076bb7f,2026-02,Suffolk Constabulary,Suffolk Constabulary,1.129837,52.073725,On or near Rayleigh Road,E01030029,Ipswich 003C,Violence and sexual offences,Awaiting court outcome,
70bdf44cec82917170162cfe99b7dcbc317c3daadbdb8c890dca8a55b8cd5187,2026-02,Suffolk Constabulary,Suffolk Constabulary,1.118528,52.076066,On or near Wexford Road,E01030029,Ipswich 003C,Violence and sexual offences,Action to be taken by another organisation,
9cf38e0c01afcc05e6b23f81100735721cfb22f6b0426776d41a318e52dc4ea9,2026-02,Suffolk Constabulary,Suffolk Constabulary,1.118153,52.074457,On or near Supermarket,E01030029,Ipswich 003C,Violence and sexual offences,Under investigation,
bf7865be6a849d47a3ec0deeb9dfb9a1b1e703d0cf9d13462078503f5eed5233,2026-02,Suffolk Constabulary,Suffolk Constabulary,1.119939,52.073286,On or near Marlow Road,E01030029,Ipswich 003C,Violence and sexual offences,Action to be taken by another organisation,
f47a6e1d0fdc1c2dd5d9f5ebc13c9251723e5c0757e5e054d7391c05c866bac5,2026-02,Suffolk Constabulary,Suffolk Constabulary,1.121514,52.073055,On or near Galway Avenue,E01030029,Ipswich 003C,Violence and sexual offences,Investigation complete; no suspect identified,
3134bb993c8553b827caf075e5b872e5c376cde740336b37066054e70037e274,2026-02,Suffolk Constabulary,Suffolk Constabulary,1.121514,52.073055,On or near Galway Avenue,E01030029,Ipswich 003C,Other crime,Investigation complete; no suspect identified,
1f87990e8992069772611666a8ed001fc4a2f982b9fa0fc0931226a1bd04d623,2026-02,Suffolk Constabulary,Suffolk Constabulary,1.120870,52.070725,On or near Bennett Road,E01030030,Ipswich 003D,Criminal damage and arson,Investigation complete; no suspect identified,
e0ba1ba3797bd276d152fe74635d07d37cbd25ab4532e0bc31f05528248928c4,2026-02,Suffolk Constabulary,Suffolk Constabulary,1.123731,52.070307,On or near Mumford Road,E01030030,Ipswich 003D,Other theft,Unable to prosecute suspect,
b01ac1a26813f150d78a6762cc3960437d9ee7a484031642b8c2145a0618d3fd,2026-02,Suffolk Constabulary,Suffolk Constabulary,1.123432,52.069164,On or near Waveney Road,E01030030,Ipswich 003D,Violence and sexual offences,Investigation complete; no suspect identified,
25ffa4d05d6936a6e0d4a935ff977e6b1420a0389be2c8abd6a376e6feab2cf8,2026-02,Suffolk Constabulary,Suffolk Constabulary,1.118602,52.067089,On or near Saturn Road,E01030030,Ipswich 003D,Violence and sexual offences,Unable to prosecute suspect,
aeba66d73b9f38b473abc5b12ad6ac54f6e7974162c4e2d0de0bfcc0ae5c3775,2026-02,Suffolk Constabulary,Suffolk Constabulary,1.121658,52.069886,On or near Shafto Road,E01030030,Ipswich 003D,Violence and sexual offences,Under investigation,
,2026-02,Suffolk Constabulary,Suffolk Constabulary,1.118587,52.079429,On or near Wicklow Road,E01030031,Ipswich 003E,Anti-social behaviour,,
0be26b1c9e617e1b35129a2232c99174af4e1ad93b62c222df50770f2c5df682,2026-02,Suffolk Constabulary,Suffolk Constabulary,1.118587,52.079429,On or near Wicklow Road,E01030031,Ipswich 003E,Criminal damage and arson,Investigation complete; no suspect identified,
e753560e9831285610e3ed3f2f8dd69d25c095e82a7045c5e4ad6dc4adbade52,2026-02,Suffolk Constabulary,Suffolk Constabulary,1.119987,52.078987,On or near Cavan Road,E01030031,Ipswich 003E,Drugs,Under investigation,
e5b57bf79eefa2941320ef2bec049397ed63cbc769a4a9736f7e568b6393e1e1,2026-02,Suffolk Constabulary,Suffolk Constabulary,1.120569,52.077496,On or near Waterford Road,E01030031,Ipswich 003E,Other theft,Under investigation,
e110f9bc9ceadd126dcf065fddb6eeb0dd993403f307846f5fb32c9b0bc689f2,2026-02,Suffolk Constabulary,Suffolk Constabulary,1.114123,52.084080,On or near Supermarket,E01030031,Ipswich 003E,Other theft,Investigation complete; no suspect identified,
9f9140afb289ebe9c05df75128654c1b8d5b28535037529770100e79293b7709,2026-02,Suffolk Constabulary,Suffolk Constabulary,1.115755,52.081725,On or near Goddard Road East,E01030031,Ipswich 003E,Public order,Investigation complete; no suspect identified,
6a7a1dbb55b43ae61092a3b65c1908ca0b49ead5123b01f209c686a5574d2d85,2026-02,Suffolk Constabulary,Suffolk Constabulary,1.114123,52.084080,On or near Supermarket,E01030031,Ipswich 003E,Shoplifting,Investigation complete; no suspect identified,
7c3b533499a35a305a8df9d344dcecec9368805aca0028b30e95ff29ea32c58a,2026-02,Suffolk Constabulary,Suffolk Constabulary,1.114123,52.084080,On or near Supermarket,E01030031,Ipswich 003E,Shoplifting,Investigation complete; no suspect identified,
f7e6d142b185cafd6fa891b486bfa0c503cd7f6840404d9400c5479e51ca1ef7,2026-02,Suffolk Constabulary,Suffolk Constabulary,1.114123,52.084080,On or near Supermarket,E01030031,Ipswich 003E,Shoplifting,Investigation complete; no suspect identified,
3b609c1d1466972154250e004b849e8370caa570bfa7043e4c40e7764a7d4f5d,2026-02,Suffolk Constabulary,Suffolk Constabulary,1.114123,52.084080,On or near Supermarket,E01030031,Ipswich 003E,Shoplifting,Investigation complete; no suspect identified,
68bf1814c2e958be6a2d59700461fd77fc674e571b7023c2ba21086d5763c02f,2026-02,Suffolk Constabulary,Suffolk Constabulary,1.114123,52.084080,On or near Supermarket,E01030031,Ipswich 003E,Shoplifting,Investigation complete; no suspect identified,
9013174a8ff7247ad8f87e73848d069310248a2db1d648ac82db55f2afedfaa7,2026-02,Suffolk Constabulary,Suffolk Constabulary,1.114123,52.084080,On or near Supermarket,E01030031,Ipswich 003E,Shoplifting,Investigation complete; no suspect identified,
43c668650d28dac4e3af7f2f0d74024eb719819671f56e1f9cabcb6271da2708,2026-02,Suffolk Constabulary,Suffolk Constabulary,1.114123,52.084080,On or near Supermarket,E01030031,Ipswich 003E,Shoplifting,Investigation complete; no suspect identified,
204c3bf3b7d38d33f862025a4a1c88b436d77713d0c9b07eb5471aadc954317a,2026-02,Suffolk Constabulary,Suffolk Constabulary,1.114123,52.084080,On or near Supermarket,E01030031,Ipswich 003E,Shoplifting,Awaiting court outcome,
5fb2d03915020b8bb4a96b4d900d9038395d4a5491c1ac2479287c112a0a9043,2026-02,Suffolk Constabulary,Suffolk Constabulary,1.112917,52.077033,On or near Foden Avenue,E01030031,Ipswich 003E,Violence and sexual offences,Unable to prosecute suspect,
df90c7bd10bab1c9b07817ae47e6f4c00de49a5c044e4c976419e938cefb5a28,2026-02,Suffolk Constabulary,Suffolk Constabulary,1.114123,52.084080,On or near Supermarket,E01030031,Ipswich 003E,Violence and sexual offences,Investigation complete; no suspect identified,
bcc17dc8d764359237414bbdd450e5e4eb72483408663de6d9ef5aaac3be9de2,2026-02,Suffolk Constabulary,Suffolk Constabulary,1.114123,52.084080,On or near Supermarket,E01030031,Ipswich 003E,Violence and sexual offences,Action to be taken by another organisation,
c1c753c8e5b2999ee66f3b93775aa509b5cc95dfb933e0d3f8d23ea4404c4930,2026-02,Suffolk Constabulary,Suffolk Constabulary,1.118587,52.079429,On or near Wicklow Road,E01030031,Ipswich 003E,Violence and sexual offences,Action to be taken by another organisation,
e83eccdbcff775540ed598b482079eaf2b65a1f45887d48a654a62d4ba196b25,2026-02,Suffolk Constabulary,Suffolk Constabulary,1.114123,52.084080,On or near Supermarket,E01030031,Ipswich 003E,Violence and sexual offences,Awaiting court outcome,
d61c840ae3d1fd48a9a113a429b9bbdf480029879791974db0f3ce6f76754ff6,2026-02,Suffolk Constabulary,Suffolk Constabulary,1.119987,52.078987,On or near Cavan Road,E01030031,Ipswich 003E,Other crime,Under investigation,
,2026-02,Suffolk Constabulary,Suffolk Constabulary,1.176582,52.066276,On or near Beverley Road,E01029997,Ipswich 004A,Anti-social behaviour,,
800c0fe011488921d395855b29da664301acdc7f53ff7499cc54d50598a8fe22,2026-02,Suffolk Constabulary,Suffolk Constabulary,1.177527,52.065612,On or near Whitby Road,E01029997,Ipswich 004A,Burglary,Investigation complete; no suspect identified,
,2026-02,Suffolk Constabulary,Suffolk Constabulary,1.189068,52.068439,On or near Melrose Gardens,E01029998,Ipswich 004B,Anti-social behaviour,,
,2026-02,Suffolk Constabulary,Suffolk Constabulary,1.192372,52.070166,On or near Fife Road,E01029998,Ipswich 004B,Anti-social behaviour,,
3ad2c9c0fcd76a0014e279af1003ceec775b84299e44862bec2d8c0b12b94ad4,2026-02,Suffolk Constabulary,Suffolk Constabulary,1.189068,52.068439,On or near Melrose Gardens,E01029998,Ipswich 004B,Criminal damage and arson,Investigation complete; no suspect identified,
3d6aaf9141c0419838ef6fa99f9592c760b3e020aacc490e0c94f593102c137e,2026-02,Suffolk Constabulary,Suffolk Constabulary,1.192700,52.068422,On or near Supermarket,E01029998,Ipswich 004B,Other theft,Investigation complete; no suspect identified,
c707ab21a40b574402527211c331f8412a033aa566381802ab9b63e5a2a27f46,2026-02,Suffolk Constabulary,Suffolk Constabulary,1.192700,52.068422,On or near Supermarket,E01029998,Ipswich 004B,Shoplifting,Investigation complete; no suspect identified,
6d063c8ea4dec72d38c9dd43eb4338b3ee1c845e7fcb4d5cac9e62d1bf6b2b1e,2026-02,Suffolk Constabulary,Suffolk Constabulary,1.191862,52.072213,On or near Ayr Road,E01029998,Ipswich 004B,Violence and sexual offences,Unable to prosecute suspect,
038d65c8749caa3e2ac5d01f74e13787b5cf08ae0270041e1772ee40d93be520,2026-02,Suffolk Constabulary,Suffolk Constabulary,1.191862,52.072213,On or near Ayr Road,E01029998,Ipswich 004B,Violence and sexual offences,Unable to prosecute suspect,
1b540755ab718ca8435431029b589f7b617186a528ddfbbb6f5342d281c5d5eb,2026-02,Suffolk Constabulary,Suffolk Constabulary,1.196655,52.069843,On or near Glencoe Road,E01029998,Ipswich 004B,Violence and sexual offences,Unable to prosecute suspect,
e767fd3042458c2ad1d0608c0a9f4edc7ed8c3f6cd60897771eab7240362cf31,2026-02,Suffolk Constabulary,Suffolk Constabulary,1.196112,52.068986,On or near Dumfries Road,E01029998,Ipswich 004B,Violence and sexual offences,Unable to prosecute suspect,
ae8e001c2d8f5f35d0f9a1754c5928ec6555e9e0a85d3bf76239074df5d81f71,2026-02,Suffolk Constabulary,Suffolk Constabulary,1.191862,52.072213,On or near Ayr Road,E01029998,Ipswich 004B,Violence and sexual offences,Unable to prosecute suspect,
544dd0d86893d39079bcc131e6e9212005633f1191ded9549e331ed17bf2f2a9,2026-02,Suffolk Constabulary,Suffolk Constabulary,1.190960,52.069800,On or near Ross Road,E01029998,Ipswich 004B,Violence and sexual offences,Unable to prosecute suspect,
,2026-02,Suffolk Constabulary,Suffolk Constabulary,1.190636,52.067308,On or near Caithness Close,E01029999,Ipswich 004C,Anti-social behaviour,,
,2026-02,Suffolk Constabulary,Suffolk Constabulary,1.186019,52.065392,On or near Leopold Road,E01029999,Ipswich 004C,Anti-social behaviour,,
868712d42d45e2a2d9b4105c6e2227f7c3e0d0d48bb6142402373b123a9f1100,2026-02,Suffolk Constabulary,Suffolk Constabulary,1.185048,52.067936,On or near Colchester Road,E01029999,Ipswich 004C,Vehicle crime,Investigation complete; no suspect identified,
30bc7fbe01c278e244c7f382df7774baa6ebba5e29a538f7132ca836628457bc,2026-02,Suffolk Constabulary,Suffolk Constabulary,1.182546,52.063543,On or near Roundwood Road,E01029999,Ipswich 004C,Violence and sexual offences,Investigation complete; no suspect identified,
,2026-02,Suffolk Constabulary,Suffolk Constabulary,1.178483,52.062636,On or near Allington Close,E01030000,Ipswich 004D,Anti-social behaviour,,
c7c1667b554a553ee80a428bd6057254c0b1aaf195eaffbb4540da24dcebd919,2026-02,Suffolk Constabulary,Suffolk Constabulary,1.177236,52.062328,On or near Lombard Court,E01030000,Ipswich 004D,Public order,Investigation complete; no suspect identified,
4d5ae7c6278d3bc170138a7a57ebb1f2cc2fa28ed69157001d1735e6f770fed2,2026-02,Suffolk Constabulary,Suffolk Constabulary,1.174437,52.061747,On or near Supermarket,E01030000,Ipswich 004D,Shoplifting,Awaiting court outcome,
71541e236fc7ded3a0d6e41d5151c73d46951cd96fa02d728e38bde3799dbd98,2026-02,Suffolk Constabulary,Suffolk Constabulary,1.174437,52.061747,On or near Supermarket,E01030000,Ipswich 004D,Shoplifting,Awaiting court outcome,
8f25f9563bd327782d54594aa0418d3a8879e3625217f9851d07e2612d88c91d,2026-02,Suffolk Constabulary,Suffolk Constabulary,1.172618,52.066347,On or near Moat Farm Close,E01030000,Ipswich 004D,Vehicle crime,Investigation complete; no suspect identified,
6065258258910efd78d37ade171e88dfccd890201a695a2e7072270baa58cfd8,2026-02,Suffolk Constabulary,Suffolk Constabulary,1.174637,52.062713,On or near Stuart Close,E01030000,Ipswich 004D,Violence and sexual offences,Action to be taken by another organisation,
,2026-02,Suffolk Constabulary,Suffolk Constabulary,1.183224,52.069991,On or near Orkney Road,E01030001,Ipswich 004E,Anti-social behaviour,,
6c370c8bac63690110e27f060bb9cea4c400a7c47174b8d690668131cacb829f,2026-02,Suffolk Constabulary,Suffolk Constabulary,1.177950,52.070323,On or near Supermarket,E01030001,Ipswich 004E,Vehicle crime,Investigation complete; no suspect identified,
bd604f8ca897379b1d3412c29666c53f37da37f7c1f9b081200d61cf2322a34d,2026-02,Suffolk Constabulary,Suffolk Constabulary,1.186059,52.072091,On or near Fairlight Close,E01030001,Ipswich 004E,Violence and sexual offences,Unable to prosecute suspect,
86a40f5a95a050020146b009146a2bd69e330edeb8e3b426fc540d3a02134054,2026-02,Suffolk Constabulary,Suffolk Constabulary,1.184273,52.069145,On or near Shetland Close,E01030001,Ipswich 004E,Violence and sexual offences,Unable to prosecute suspect,
80573f36a4518a98c2308c0ec47e9fb8174db3a25181c12983545e50d726b9b8,2026-02,Suffolk Constabulary,Suffolk Constabulary,1.188693,52.071984,On or near Lanark Road,E01030001,Ipswich 004E,Violence and sexual offences,Action to be taken by another organisation,
e1d940873566ed9f3e09b45cae55e56ede89864467e1a520325c20027b596794,2026-02,Suffolk Constabulary,Suffolk Constabulary,1.188693,52.071984,On or near Lanark Road,E01030001,Ipswich 004E,Violence and sexual offences,Unable to prosecute suspect,
cc14d4f5b2c6562da8b9430ea032305fc7f4f79938a0c7a1b633d0ed6d53662f,2026-02,Suffolk Constabulary,Suffolk Constabulary,1.183224,52.069991,On or near Orkney Road,E01030001,Ipswich 004E,Violence and sexual offences,Unable to prosecute suspect,
8c9c7e2815328ab1f3cd9ff5930914ba89f2eb069984d42cf3e9a1a191f27b4d,2026-02,Suffolk Constabulary,Suffolk Constabulary,1.180443,52.070912,On or near Alma Close,E01030001,Ipswich 004E,Violence and sexual offences,Action to be taken by another organisation,
041562447a3605a36a97929ba39ef6311d2d483e511106d418ebcc5350b0284a,2026-02,Suffolk Constabulary,Suffolk Constabulary,1.159731,52.066127,On or near B1077,E01030008,Ipswich 005B,Burglary,Investigation complete; no suspect identified,
72b6048f4d6ae8edc8ca637f7a0b54b879c2ba85e890cc82a971782e2ae5db78,2026-02,Suffolk Constabulary,Suffolk Constabulary,1.156895,52.067714,On or near Park Road,E01030008,Ipswich 005B,Criminal damage and arson,Awaiting court outcome,
a7f6901f57354230df0a0cf4fea018156a4099cef73eee7c5d2a615a4753cea4,2026-02,Suffolk Constabulary,Suffolk Constabulary,1.156895,52.067714,On or near Park Road,E01030008,Ipswich 005B,Violence and sexual offences,Awaiting court outcome,
,2026-02,Suffolk Constabulary,Suffolk Constabulary,1.140205,52.066533,On or near Westwood Avenue,E01030009,Ipswich 005C,Anti-social behaviour,,
574c9b7d467131a229c9a355691fa30db5dce3ce876912d35486f3564c4622ba,2026-02,Suffolk Constabulary,Suffolk Constabulary,1.151057,52.066665,On or near St Edmund'S Place,E01030009,Ipswich 005C,Vehicle crime,Suspect charged as part of another case,
b3d344479130f2ef0c677ecd65952920662257ff340525e67459a6b43d1d834c,2026-02,Suffolk Constabulary,Suffolk Constabulary,1.151057,52.066665,On or near St Edmund'S Place,E01030009,Ipswich 005C,Violence and sexual offences,Unable to prosecute suspect,
29c2df7067731e1655c0c932d7837f7640442897acdf7091a6f90b9692f8cc93,2026-02,Suffolk Constabulary,Suffolk Constabulary,1.160456,52.060693,On or near Withipoll Street,E01030010,Ipswich 005D,Criminal damage and arson,Under investigation,
976b1da27a4b775c127fe6b2033bff9742ba4614642f28188c3cc05ce8b4fcd6,2026-02,Suffolk Constabulary,Suffolk Constabulary,1.158597,52.058944,On or near St Margaret'S Green,E01030010,Ipswich 005D,Other theft,Investigation complete; no suspect identified,
02f6fc88cc93af37dd8ee71197cccf2fa7f3df3642e774c28f72943a2af51c0d,2026-02,Suffolk Constabulary,Suffolk Constabulary,1.160963,52.058368,On or near Tudor Place,E01030010,Ipswich 005D,Other theft,Investigation complete; no suspect identified,
0dd56efe3cecf6e792434df63c46c3819ddf4642f218c2e13729c808b9f208e2,2026-02,Suffolk Constabulary,Suffolk Constabulary,1.161386,52.060426,On or near Christchurch Street,E01030010,Ipswich 005D,Other theft,Unable to prosecute suspect,
e89460511a41fe4f288007f7c12559815457e345d8dccee376f1c30f5352d7e1,2026-02,Suffolk Constabulary,Suffolk Constabulary,1.160970,52.059285,On or near Cobbold Mews,E01030010,Ipswich 005D,Public order,Unable to prosecute suspect,
40a61a4ce49a7587122e5f5209676161da8010f6293c172a8029eaac82d2176e,2026-02,Suffolk Constabulary,Suffolk Constabulary,1.162726,52.063079,On or near Vermont Road,E01030010,Ipswich 005D,Public order,Awaiting court outcome,
e2038a611cd4d0cee139c659a5623d61527d3010d610d8feb99519dc7f0815a9,2026-02,Suffolk Constabulary,Suffolk Constabulary,1.160963,52.058368,On or near Tudor Place,E01030010,Ipswich 005D,Public order,Investigation complete; no suspect identified,
2fa5744d9aa6025eaa14c91d6092e04025479f0c957a6c9585d2f3100a7de297,2026-02,Suffolk Constabulary,Suffolk Constabulary,1.163713,52.060732,On or near Norfolk Road,E01030010,Ipswich 005D,Vehicle crime,Investigation complete; no suspect identified,
e32d5305a567db5c8f142e72d21037e415264f9dff5dd6221ec5991f431c55a2,2026-02,Suffolk Constabulary,Suffolk Constabulary,1.165244,52.060718,On or near Cemetery Road,E01030010,Ipswich 005D,Violence and sexual offences,Action to be taken by another organisation,
6b65d88e5bf77bbbfcb5dadfa90f3401af2eeb7faead3ac4a283455922455e84,2026-02,Suffolk Constabulary,Suffolk Constabulary,1.162388,52.058501,On or near Blanche Street,E01030010,Ipswich 005D,Violence and sexual offences,Investigation complete; no suspect identified,
54117744e015ddcd6cf44914e677a31b60b888bdda1d736dcb051ec46345ea7b,2026-02,Suffolk Constabulary,Suffolk Constabulary,1.158597,52.058944,On or near St Margaret'S Green,E01030010,Ipswich 005D,Violence and sexual offences,Unable to prosecute suspect,
4a7dd5c0d88181cfb303072e2d5f07e849eadef02cdc07c0351efd19d29f5192,2026-02,Suffolk Constabulary,Suffolk Constabulary,1.158597,52.058944,On or near St Margaret'S Green,E01030010,Ipswich 005D,Violence and sexual offences,Unable to prosecute suspect,
6c4cab0f4f8682952cc45d0824710e9659a4f92680594e3223f5974e9ac9da7f,2026-02,Suffolk Constabulary,Suffolk Constabulary,1.163713,52.060732,On or near Norfolk Road,E01030010,Ipswich 005D,Violence and sexual offences,Local resolution,
83a6a97ff00847901f3826cac04fd3aa4430447dcffb17dc3da416f38069d1b9,2026-02,Suffolk Constabulary,Suffolk Constabulary,1.165244,52.060718,On or near Cemetery Road,E01030010,Ipswich 005D,Violence and sexual offences,Unable to prosecute suspect,
150758b5f2ed1cb180162b7f7d118b7798f77ea32623219c3852faa266b24456,2026-02,Suffolk Constabulary,Suffolk Constabulary,1.162388,52.058501,On or near Blanche Street,E01030010,Ipswich 005D,Violence and sexual offences,Under investigation,
2d868eb445aa08289a9cdd350c84a7abfcfb439d752d4f4986b1185318a6e317,2026-02,Suffolk Constabulary,Suffolk Constabulary,1.163044,52.058906,On or near Samuel Court,E01030010,Ipswich 005D,Violence and sexual offences,Unable to prosecute suspect,
d55e3cb9085387826e6e28c1b1fd3ec533dbe39b55a7aab9c93a9e98bd8dadd7,2026-02,Suffolk Constabulary,Suffolk Constabulary,1.165244,52.060718,On or near Cemetery Road,E01030010,Ipswich 005D,Violence and sexual offences,Under investigation,
55866d37d679fe1334c50f33017af3e68f6f94cf6c676f8719a636a721c5941d,2026-02,Suffolk Constabulary,Suffolk Constabulary,1.166329,52.068001,On or near South Close,E01030011,Ipswich 005E,Violence and sexual offences,Unable to prosecute suspect,
,2026-02,Suffolk Constabulary,Suffolk Constabulary,1.137383,52.067075,On or near Supermarket,E01030022,Ipswich 006A,Anti-social behaviour,,
87489e48d234e781aea72a75f9cfa52f030c86f7ea548ae6ad3ef7d596a312e2,2026-02,Suffolk Constabulary,Suffolk Constabulary,1.134751,52.064294,On or near Sallows Close,E01030022,Ipswich 006A,Burglary,Investigation complete; no suspect identified,
65d3ff12b57e2876edaa99cbd8413f9936420328bc728fecba0eb2e1c0f9d6bd,2026-02,Suffolk Constabulary,Suffolk Constabulary,1.133441,52.066632,On or near Richmond Road,E01030022,Ipswich 006A,Burglary,Investigation complete; no suspect identified,
efabebe63193f577556bc39f384d5ba8a72f55f1b06b7bdf2910d3a3acdc7d1a,2026-02,Suffolk Constabulary,Suffolk Constabulary,1.136898,52.065362,On or near Brooks Hall Road,E01030022,Ipswich 006A,Criminal damage and arson,Unable to prosecute suspect,
6aca4fa77578be0037a3d21bf0359a5c0a5661a8c6d4e76f23749f97be0cd684,2026-02,Suffolk Constabulary,Suffolk Constabulary,1.133109,52.064608,On or near Windsor Road,E01030022,Ipswich 006A,Drugs,Awaiting court outcome,
30b1f0e9572a7a00ea450a00cdb05b35283d8845ec513e0500afe1fe2e49fbc0,2026-02,Suffolk Constabulary,Suffolk Constabulary,1.132404,52.067037,On or near Supermarket,E01030022,Ipswich 006A,Other theft,Investigation complete; no suspect identified,
6b47ed2c208bb9eef708103b58f857d39110248e39f2dec7840d8ffd2103cc27,2026-02,Suffolk Constabulary,Suffolk Constabulary,1.134190,52.062951,On or near Beaconsfield Road,E01030022,Ipswich 006A,Other theft,Investigation complete; no suspect identified,
beb8f32565ab8541c3194a42a40329478a005ce1628103bdc582a897d569fc1f,2026-02,Suffolk Constabulary,Suffolk Constabulary,1.136898,52.065362,On or near Brooks Hall Road,E01030022,Ipswich 006A,Public order,Unable to prosecute suspect,
47e067566efb426f1960b6fa2b1f10f55adbea59c7e5287ead2d8dbfb6215354,2026-02,Suffolk Constabulary,Suffolk Constabulary,1.137383,52.067075,On or near Supermarket,E01030022,Ipswich 006A,Shoplifting,Investigation complete; no suspect identified,
f7046d5ef748e8a532a9f5ee91e82e57646cfabb95d2196ec9c40a97ac53c7e5,2026-02,Suffolk Constabulary,Suffolk Constabulary,1.137383,52.067075,On or near Supermarket,E01030022,Ipswich 006A,Shoplifting,Under investigation,
dd65287dc1b4e771243a3aecd5e5e74f78671f5e45da6085be5b8e0af7c1d01b,2026-02,Suffolk Constabulary,Suffolk Constabulary,1.137383,52.067075,On or near Supermarket,E01030022,Ipswich 006A,Shoplifting,Awaiting court outcome,
ee46a3981d83c3b08a50f0979dab8f22cbefd187a06deb0fa9407f8da7b0448e,2026-02,Suffolk Constabulary,Suffolk Constabulary,1.137383,52.067075,On or near Supermarket,E01030022,Ipswich 006A,Shoplifting,Awaiting court outcome,
2c687b704a10bc9d6335eaa82fe32ac4ff7bc93ee8fab7a289c23efab8863782,2026-02,Suffolk Constabulary,Suffolk Constabulary,1.137383,52.067075,On or near Supermarket,E01030022,Ipswich 006A,Shoplifting,Awaiting court outcome,
5cf18f0053b76e731b32385e3ca2ef6ef13df75b63abdc2c8a0f73866a1328be,2026-02,Suffolk Constabulary,Suffolk Constabulary,1.137383,52.067075,On or near Supermarket,E01030022,Ipswich 006A,Shoplifting,Awaiting court outcome,
01d1fa65f3f9af6882454bdb360c1d105e78cdb7405ecaaec0e68717341e9e51,2026-02,Suffolk Constabulary,Suffolk Constabulary,1.137383,52.067075,On or near Supermarket,E01030022,Ipswich 006A,Shoplifting,Investigation complete; no suspect identified,
5cfe0b8146417b5fcfe746346b3bb92593df5bb487ac68375ac48fde805dd377,2026-02,Suffolk Constabulary,Suffolk Constabulary,1.137383,52.067075,On or near Supermarket,E01030022,Ipswich 006A,Shoplifting,Awaiting court outcome,
d0afc5ef0aa7dc255e57152a4330061c30c6d542fd6e5d2e778948263c18b17f,2026-02,Suffolk Constabulary,Suffolk Constabulary,1.137383,52.067075,On or near Supermarket,E01030022,Ipswich 006A,Vehicle crime,Unable to prosecute suspect,
9cd48eed44b8be9ee156a3bcb23928ff4f97d404ae7f574112e14cdc69db27a3,2026-02,Suffolk Constabulary,Suffolk Constabulary,1.133109,52.064608,On or near Windsor Road,E01030022,Ipswich 006A,Vehicle crime,Investigation complete; no suspect identified,
c3a990c57a792ac2e2d9b86352b8b51948159d71fb040ec67b9321a23da25c29,2026-02,Suffolk Constabulary,Suffolk Constabulary,1.139596,52.064300,On or near Providence Lane,E01030022,Ipswich 006A,Violence and sexual offences,Unable to prosecute suspect,
4dfbee1882bfcfa1883b1666b82ce6e9674667daec7d5618c08f8d506057070a,2026-02,Suffolk Constabulary,Suffolk Constabulary,1.139596,52.064300,On or near Providence Lane,E01030022,Ipswich 006A,Violence and sexual offences,Unable to prosecute suspect,
f008c6017a8e872b34ee5e4c5ee931ed4197c9762779dca41b2de9abe11c5c3a,2026-02,Suffolk Constabulary,Suffolk Constabulary,1.139596,52.064300,On or near Providence Lane,E01030022,Ipswich 006A,Violence and sexual offences,Action to be taken by another organisation,
5f796dfcf5aba1c0a408b5fc63fd5c24ccea5438c7a74e587d8ce55887b8f2e6,2026-02,Suffolk Constabulary,Suffolk Constabulary,1.134751,52.064294,On or near Sallows Close,E01030022,Ipswich 006A,Violence and sexual offences,Unable to prosecute suspect,
f40c307595ee031ac79e47079ff65b19621e80506740263bd07e027930ab06b4,2026-02,Suffolk Constabulary,Suffolk Constabulary,1.137383,52.067075,On or near Supermarket,E01030022,Ipswich 006A,Violence and sexual offences,Unable to prosecute suspect,
03b867aaf3a2385b408484c39e8d12bf78a3d40474ebd894c6194109b34ce42a,2026-02,Suffolk Constabulary,Suffolk Constabulary,1.133831,52.066163,On or near Hampton Road,E01030022,Ipswich 006A,Violence and sexual offences,Awaiting court outcome,
9218c0318835683743fc7474e5e70f5efff1a7c52d26d609eb754ac70a4b03cd,2026-02,Suffolk Constabulary,Suffolk Constabulary,1.133109,52.064608,On or near Windsor Road,E01030022,Ipswich 006A,Violence and sexual offences,Awaiting court outcome,
26940ac9d24913db1a86db65d85e9ec8cb3f9af717c08e0a79ab83d0922013e1,2026-02,Suffolk Constabulary,Suffolk Constabulary,1.138259,52.064381,On or near Waterloo Road,E01030022,Ipswich 006A,Violence and sexual offences,Unable to prosecute suspect,
35512ff299d6f2ac0d77e47b1060c530d363d956ed5f5eb49aeca6114177d757,2026-02,Suffolk Constabulary,Suffolk Constabulary,1.139596,52.064300,On or near Providence Lane,E01030022,Ipswich 006A,Violence and sexual offences,Unable to prosecute suspect,
a37d3b6801ac63c4ed09a64bdc7da66edaade50d292ed5227c7a344fbfaaead0,2026-02,Suffolk Constabulary,Suffolk Constabulary,1.133109,52.064608,On or near Windsor Road,E01030022,Ipswich 006A,Violence and sexual offences,Awaiting court outcome,
,2026-02,Suffolk Constabulary,Suffolk Constabulary,1.138679,52.062247,On or near Prospect Road,E01030023,Ipswich 006B,Anti-social behaviour,,
,2026-02,Suffolk Constabulary,Suffolk Constabulary,1.138679,52.062247,On or near Prospect Road,E01030023,Ipswich 006B,Anti-social behaviour,,
,2026-02,Suffolk Constabulary,Suffolk Constabulary,1.136579,52.059759,On or near Shopping Area,E01030023,Ipswich 006B,Anti-social behaviour,,
,2026-02,Suffolk Constabulary,Suffolk Constabulary,1.134443,52.061146,On or near Yeoman Close,E01030023,Ipswich 006B,Anti-social behaviour,,
be79065c96843f4b3be70fd522c6b60e8e59fd89aa86342d59df39ffc12e85d7,2026-02,Suffolk Constabulary,Suffolk Constabulary,1.136579,52.059759,On or near Shopping Area,E01030023,Ipswich 006B,Bicycle theft,Action to be taken by another organisation,
8a05f86eaae485f632aa0066b11e6a3896b2f0391cd24e9db921af4644d1ed41,2026-02,Suffolk Constabulary,Suffolk Constabulary,1.140253,52.060568,On or near Ainslie Road,E01030023,Ipswich 006B,Criminal damage and arson,Investigation complete; no suspect identified,
530b2ed370d8b32e5fdb44bdaf5fe64748a7aab02f4442f1594c1227ef262531,2026-02,Suffolk Constabulary,Suffolk Constabulary,1.140253,52.060568,On or near Ainslie Road,E01030023,Ipswich 006B,Drugs,Local resolution,
51391fd81b7f1e093e029c301076127e83141113ccbf6d7c9c6c58563c4d2d8f,2026-02,Suffolk Constabulary,Suffolk Constabulary,1.136579,52.059759,On or near Shopping Area,E01030023,Ipswich 006B,Possession of weapons,Under investigation,
681c6da82df6f7e61bb59bca0f6a9af0eaf8a65b8c48326e769b99ec8948485a,2026-02,Suffolk Constabulary,Suffolk Constabulary,1.136579,52.059759,On or near Shopping Area,E01030023,Ipswich 006B,Public order,Under investigation,
0b2ccd5c3836c2a624232be08c86fa9a19038cdaa3cc85cd31c5ba696e1a719f,2026-02,Suffolk Constabulary,Suffolk Constabulary,1.138679,52.062247,On or near Prospect Road,E01030023,Ipswich 006B,Shoplifting,Investigation complete; no suspect identified,
a94ae7e36c7492b533a8279f2108d7aac95a97bf05b955eb4ac862b73d89b2e8,2026-02,Suffolk Constabulary,Suffolk Constabulary,1.138679,52.062247,On or near Prospect Road,E01030023,Ipswich 006B,Shoplifting,Investigation complete; no suspect identified,
48392ab0e299d7604239e6a2ea2dbcd6f27597d4e929be3331b94f27f2178388,2026-02,Suffolk Constabulary,Suffolk Constabulary,1.138679,52.062247,On or near Prospect Road,E01030023,Ipswich 006B,Shoplifting,Investigation complete; no suspect identified,
f55db4019edd0e291222c61fac0906f6bdbf21506188f63c418338947b6fddfd,2026-02,Suffolk Constabulary,Suffolk Constabulary,1.138679,52.062247,On or near Prospect Road,E01030023,Ipswich 006B,Shoplifting,Investigation complete; no suspect identified,
4282142eee277bc960b9fb70d4ca4587b4141a656a0ecd4df487b26b2b16d43e,2026-02,Suffolk Constabulary,Suffolk Constabulary,1.138679,52.062247,On or near Prospect Road,E01030023,Ipswich 006B,Shoplifting,Investigation complete; no suspect identified,
c18ff1eea421c69bb09c6ab39e7e03e4021b8a35f3ef52787cb1dd6708be2bbc,2026-02,Suffolk Constabulary,Suffolk Constabulary,1.138679,52.062247,On or near Prospect Road,E01030023,Ipswich 006B,Shoplifting,Investigation complete; no suspect identified,
cc2cd3cde79033822c15b049091631be4f9382bfa16c14ef1f58187f0e086cef,2026-02,Suffolk Constabulary,Suffolk Constabulary,1.136579,52.059759,On or near Shopping Area,E01030023,Ipswich 006B,Shoplifting,Investigation complete; no suspect identified,
6b6765ccd813194c62e03e4979ccfed425f85582d8327cb72f01a8d9aeacf0f6,2026-02,Suffolk Constabulary,Suffolk Constabulary,1.138679,52.062247,On or near Prospect Road,E01030023,Ipswich 006B,Shoplifting,Investigation complete; no suspect identified,
e454940946656834c3e61a98a2bae73e585548514db77704c65c8edd2acbe3fe,2026-02,Suffolk Constabulary,Suffolk Constabulary,1.138679,52.062247,On or near Prospect Road,E01030023,Ipswich 006B,Shoplifting,Unable to prosecute suspect,
c119ed30c5c0ec7dbeb79b701245dde810792c3358f3f7b3930af1b09e94059f,2026-02,Suffolk Constabulary,Suffolk Constabulary,1.138679,52.062247,On or near Prospect Road,E01030023,Ipswich 006B,Shoplifting,Investigation complete; no suspect identified,
0bd126fb4be9520e8917667ad328720527416eab8bb3108d39167ef3eb9c383e,2026-02,Suffolk Constabulary,Suffolk Constabulary,1.138679,52.062247,On or near Prospect Road,E01030023,Ipswich 006B,Shoplifting,Investigation complete; no suspect identified,
5924f135439e287ff5b9ed4c9d470fbabac798dec6c150c7c105d6fa547d3970,2026-02,Suffolk Constabulary,Suffolk Constabulary,1.136579,52.059759,On or near Shopping Area,E01030023,Ipswich 006B,Shoplifting,Investigation complete; no suspect identified,
8d5705361c8a6d9699845fa0a929a8d4261c5d33dd86d37b12f539e0aa5c24fd,2026-02,Suffolk Constabulary,Suffolk Constabulary,1.136579,52.059759,On or near Shopping Area,E01030023,Ipswich 006B,Shoplifting,Awaiting court outcome,
9a7f6134139ddaa30b8d2f21b54856187d8157f88665f82b3d05d4c84441db6b,2026-02,Suffolk Constabulary,Suffolk Constabulary,1.138679,52.062247,On or near Prospect Road,E01030023,Ipswich 006B,Shoplifting,Investigation complete; no suspect identified,
7a59ed70a0ee625f835cce14c124dfdb9d88c588d5cf14be370cb1f701b3dee5,2026-02,Suffolk Constabulary,Suffolk Constabulary,1.138679,52.062247,On or near Prospect Road,E01030023,Ipswich 006B,Shoplifting,Investigation complete; no suspect identified,
85bc6f7ec12c1206ad9dceb19569d79b0ae68bece3c59c1bd8a5a3ff8521d48b,2026-02,Suffolk Constabulary,Suffolk Constabulary,1.140253,52.060568,On or near Ainslie Road,E01030023,Ipswich 006B,Vehicle crime,Awaiting court outcome,
70b7b8c1d77f4eb788ab81a65a335221e8d5577dd961c465d78bd5d574089b8c,2026-02,Suffolk Constabulary,Suffolk Constabulary,1.137827,52.059680,On or near Surrey Road,E01030023,Ipswich 006B,Violence and sexual offences,Action to be taken by another organisation,
2ffe288a4dff3b3c1179108df94310adc7e448044957a7b832871263373455c3,2026-02,Suffolk Constabulary,Suffolk Constabulary,1.137827,52.059680,On or near Surrey Road,E01030023,Ipswich 006B,Violence and sexual offences,Under investigation,
a7ff45cc36ba5e38d777a4b13e3d2ce792d103b5bdfcd04f4af13d8973562154,2026-02,Suffolk Constabulary,Suffolk Constabulary,1.137827,52.059680,On or near Surrey Road,E01030023,Ipswich 006B,Violence and sexual offences,Under investigation,
d5783340fd922dc94e94c54ab4a0a34837fe0e35947e579f17310d3981f23a42,2026-02,Suffolk Constabulary,Suffolk Constabulary,1.138090,52.061759,On or near Sirdar Road,E01030023,Ipswich 006B,Violence and sexual offences,Unable to prosecute suspect,
614f1b1e1cb0148b652add369bcc7c424bdd1d827bbfa5680233fc4610fb2471,2026-02,Suffolk Constabulary,Suffolk Constabulary,1.137827,52.059680,On or near Surrey Road,E01030023,Ipswich 006B,Violence and sexual offences,Under investigation,
f0c696a035fda058a9ad5262151d473f39fe6a1b5dd424bf71260423939ceca4,2026-02,Suffolk Constabulary,Suffolk Constabulary,1.134443,52.061146,On or near Yeoman Close,E01030023,Ipswich 006B,Violence and sexual offences,Investigation complete; no suspect identified,
7d5dc3d713e2239dfe5f5b80e70474aed09d9abc9bf9b5969304daa21e536035,2026-02,Suffolk Constabulary,Suffolk Constabulary,1.134443,52.061146,On or near Yeoman Close,E01030023,Ipswich 006B,Violence and sexual offences,Unable to prosecute suspect,
9612192f80ebd7658910fc9b003dbb2629436440516e951580a561c91921b2bf,2026-02,Suffolk Constabulary,Suffolk Constabulary,1.138679,52.062247,On or near Prospect Road,E01030023,Ipswich 006B,Violence and sexual offences,Under investigation,
3e81accaaf52a078898bb9fdeb9e5ad92165ef4d8af7b1bdd2f23048acdc2d50,2026-02,Suffolk Constabulary,Suffolk Constabulary,1.137827,52.059680,On or near Surrey Road,E01030023,Ipswich 006B,Violence and sexual offences,Under investigation,
0526cc139ecb3b3f529de319feefa7b92785dbac78d8a804a1c05daee83c54bf,2026-02,Suffolk Constabulary,Suffolk Constabulary,1.137827,52.059680,On or near Surrey Road,E01030023,Ipswich 006B,Violence and sexual offences,Under investigation,
a0baeeba44f0a0b62c4eb7f74f3c3b6aeb8a3b5d3b77a7d3b1baa940e551db1a,2026-02,Suffolk Constabulary,Suffolk Constabulary,1.137827,52.059680,On or near Surrey Road,E01030023,Ipswich 006B,Violence and sexual offences,Under investigation,
1e9ba8444badab5ead709bcc981dc62ed5a0f1114dda625d782242cd90ff8351,2026-02,Suffolk Constabulary,Suffolk Constabulary,1.138090,52.061759,On or near Sirdar Road,E01030023,Ipswich 006B,Violence and sexual offences,Unable to prosecute suspect,
737812e1f62264ed9b2ab1c37ad6d0d9a4c9e3c4a9e89130c19da0f46fdcbe0a,2026-02,Suffolk Constabulary,Suffolk Constabulary,1.137827,52.059680,On or near Surrey Road,E01030023,Ipswich 006B,Violence and sexual offences,Under investigation,
7a4ad937f202c0edf640f4c414a1adc44f36ca570af4e717c24073daea743256,2026-02,Suffolk Constabulary,Suffolk Constabulary,1.138090,52.061759,On or near Sirdar Road,E01030023,Ipswich 006B,Other crime,Under investigation,
,2026-02,Suffolk Constabulary,Suffolk Constabulary,1.140202,52.061496,On or near Rendlesham Road,E01030024,Ipswich 006C,Anti-social behaviour,,
7790f872a47fa4fdf7002805c0ac5f205793ec8f0caec12000b02b3018f48e26,2026-02,Suffolk Constabulary,Suffolk Constabulary,1.145917,52.061631,On or near Gymnasium Street,E01030024,Ipswich 006C,Criminal damage and arson,Unable to prosecute suspect,
954f89e2b0e3fe20f4b08bd2c3796d4878a464941fd71239cec2fe7b17df752d,2026-02,Suffolk Constabulary,Suffolk Constabulary,1.140908,52.062826,On or near Beaufort Street,E01030024,Ipswich 006C,Drugs,Awaiting court outcome,
8015be1104fe36ec4b87db03a9bb5df2f070e50bfd84ef7f7c1e40859ada4bef,2026-02,Suffolk Constabulary,Suffolk Constabulary,1.145639,52.060595,On or near Supermarket,E01030024,Ipswich 006C,Drugs,Local resolution,
2949211bebfd6df5b2cf5c6c05cd64581cc4709fee3989e17399c1abc5f6470e,2026-02,Suffolk Constabulary,Suffolk Constabulary,1.141173,52.060984,On or near Bulwer Road,E01030024,Ipswich 006C,Other theft,Investigation complete; no suspect identified,
50da1e018aae948e6c67aff99456022dcbfe78a5655d5227baa1797deef65a74,2026-02,Suffolk Constabulary,Suffolk Constabulary,1.145917,52.061631,On or near Gymnasium Street,E01030024,Ipswich 006C,Public order,Investigation complete; no suspect identified,
0c64f45484d283851ed251915e81a75e369b36fee0686363e4118fe4d75a96a3,2026-02,Suffolk Constabulary,Suffolk Constabulary,1.146278,52.060551,On or near Barrack Lane,E01030024,Ipswich 006C,Public order,Offender given a caution,
ed7bf8928c05bd3906026a25916889cc5aaf184d8935e1bc8823b44a9625914b,2026-02,Suffolk Constabulary,Suffolk Constabulary,1.145639,52.060595,On or near Supermarket,E01030024,Ipswich 006C,Shoplifting,Investigation complete; no suspect identified,
07d4dd7027e6f478122755e34cc56c47eaebf5b754c4580a054f53f19ce0a47f,2026-02,Suffolk Constabulary,Suffolk Constabulary,1.145639,52.060595,On or near Supermarket,E01030024,Ipswich 006C,Shoplifting,Investigation complete; no suspect identified,
5c06d85fb8c273549f9e9f64f3c2f34f5819d5fa8e9b7194848e90de5d4f16a1,2026-02,Suffolk Constabulary,Suffolk Constabulary,1.140908,52.062826,On or near Beaufort Street,E01030024,Ipswich 006C,Violence and sexual offences,Unable to prosecute suspect,
e9f4b21cb093778a23fa2fb412486f8e960c34dcfad3b8863a520ffdc2f0e84f,2026-02,Suffolk Constabulary,Suffolk Constabulary,1.140202,52.061496,On or near Rendlesham Road,E01030024,Ipswich 006C,Violence and sexual offences,Unable to prosecute suspect,
1e5381a4859066625b7bd757f9c525ca406dbf2f83b0a37a601eac207c7ec703,2026-02,Suffolk Constabulary,Suffolk Constabulary,1.140908,52.062826,On or near Beaufort Street,E01030024,Ipswich 006C,Violence and sexual offences,Awaiting court outcome,
e8df5f37225b03ad87166dd7214801f1cf931db7c2b0a7d09c07dd9a0dd81392,2026-02,Suffolk Constabulary,Suffolk Constabulary,1.140908,52.062826,On or near Beaufort Street,E01030024,Ipswich 006C,Violence and sexual offences,Unable to prosecute suspect,
dd29b078ae180665f87d89101dd03cfc036fa9aa15b7ebf79aaef518d78e1b94,2026-02,Suffolk Constabulary,Suffolk Constabulary,1.145639,52.060595,On or near Supermarket,E01030024,Ipswich 006C,Violence and sexual offences,Unable to prosecute suspect,
6633dd76e1660eb5a76887dfffa31fa0e5e035afb414e2db141d8426b4decf66,2026-02,Suffolk Constabulary,Suffolk Constabulary,1.145917,52.061631,On or near Gymnasium Street,E01030024,Ipswich 006C,Violence and sexual offences,Unable to prosecute suspect,
700f1528cb7e9ef903f36190817163d9c1df2ef97a6e23ebd0efe64c4c0049f0,2026-02,Suffolk Constabulary,Suffolk Constabulary,1.140908,52.062826,On or near Beaufort Street,E01030024,Ipswich 006C,Violence and sexual offences,Awaiting court outcome,
0171eab4d860235f2a7b3950473b825893f7cf999eb4ebe327d485ee090480a7,2026-02,Suffolk Constabulary,Suffolk Constabulary,1.141173,52.060984,On or near Bulwer Road,E01030024,Ipswich 006C,Violence and sexual offences,Unable to prosecute suspect,
0e9afed6497029b921d0139e1c4caec58e15622dc60b289d197971b518b6eddf,2026-02,Suffolk Constabulary,Suffolk Constabulary,1.146278,52.060551,On or near Barrack Lane,E01030024,Ipswich 006C,Violence and sexual offences,Investigation complete; no suspect identified,
b07b680626b343b15bb2983fab2c620ea129bbd622f4db2261b29fc98b7234d9,2026-02,Suffolk Constabulary,Suffolk Constabulary,1.143819,52.061067,On or near Granville Street,E01030024,Ipswich 006C,Violence and sexual offences,Investigation complete; no suspect identified,
e4e926e34500d9d1df2330f7becaacaa49a4144bc67408cb0df4fcf0f625b9d1,2026-02,Suffolk Constabulary,Suffolk Constabulary,1.143727,52.060575,On or near Clarkson Street,E01030024,Ipswich 006C,Other crime,Unable to prosecute suspect,
6761c19d9aca6dd8895f5b18c0bb2d47ea5ba00e14641d91e40562401a594411,2026-02,Suffolk Constabulary,Suffolk Constabulary,1.147877,52.061291,On or near Cecil Road,E01030025,Ipswich 006D,Criminal damage and arson,Investigation complete; no suspect identified,
c29e70ced0f8165a61d94d9931520a2632cc24e8afe757d0d7c484530b57c40d,2026-02,Suffolk Constabulary,Suffolk Constabulary,1.149156,52.059557,On or near Shopping Area,E01030025,Ipswich 006D,Criminal damage and arson,Investigation complete; no suspect identified,
ab63054db21d80e7cd4bf9369c24ea8b5051f2e279dfd7e38e91df89fc778af8,2026-02,Suffolk Constabulary,Suffolk Constabulary,1.155465,52.059847,On or near Neale Street,E01030025,Ipswich 006D,Criminal damage and arson,Under investigation,
e69ba43fcb044f6b7175d5db0dbda1fa0903f8b54fd5855dab22197414450e22,2026-02,Suffolk Constabulary,Suffolk Constabulary,1.148376,52.059677,On or near St Matthew'S Street,E01030025,Ipswich 006D,Drugs,Local resolution,
1f270d0b8634469c461b627b539918f4c33daac4bac214aba059f41e3759c8ee,2026-02,Suffolk Constabulary,Suffolk Constabulary,1.149156,52.059557,On or near Shopping Area,E01030025,Ipswich 006D,Other theft,Investigation complete; no suspect identified,
f907164817d07e377ffbf99cbfd04613b6146bd016c34cc96001ff759a4ba7e0,2026-02,Suffolk Constabulary,Suffolk Constabulary,1.153761,52.061134,On or near Fonnereau Road,E01030025,Ipswich 006D,Other theft,Investigation complete; no suspect identified,
555f0c88e099a3aad3e6381dd9e09ecd77d5ca10e525f1e18e5e70fc78585913,2026-02,Suffolk Constabulary,Suffolk Constabulary,1.155115,52.059856,On or near Navarre Street,E01030025,Ipswich 006D,Public order,Investigation complete; no suspect identified,
b51187f40046c13a1ce9456b823c599c499a98a81502629d7c9ccb6f669bd7ba,2026-02,Suffolk Constabulary,Suffolk Constabulary,1.153761,52.061134,On or near Fonnereau Road,E01030025,Ipswich 006D,Public order,Investigation complete; no suspect identified,
1eb08d1f8b9953c6eeb5c6da583f26d95a38bf1cf9848de01d9bf3d133ff3f74,2026-02,Suffolk Constabulary,Suffolk Constabulary,1.148376,52.059677,On or near St Matthew'S Street,E01030025,Ipswich 006D,Shoplifting,Awaiting court outcome,
0d9534f86778fdc2c3980dbeae57558ef58ea532bafb13694f752a2876d9f9a7,2026-02,Suffolk Constabulary,Suffolk Constabulary,1.148376,52.059677,On or near St Matthew'S Street,E01030025,Ipswich 006D,Shoplifting,Suspect charged as part of another case,
2f3dbb63f8628fd30dfa59e70c31b6e48aaad927000639ef1a2d8546b92ae588,2026-02,Suffolk Constabulary,Suffolk Constabulary,1.155115,52.059856,On or near Navarre Street,E01030025,Ipswich 006D,Theft from the person,Investigation complete; no suspect identified,
3642e63471ced89c13e83617a74cdf5fb842c8d9a91cb8f8e9fb2ef2032473c0,2026-02,Suffolk Constabulary,Suffolk Constabulary,1.153761,52.061134,On or near Fonnereau Road,E01030025,Ipswich 006D,Theft from the person,Unable to prosecute suspect,
2091991c7ec6350cabbda46b1657971d913d00a790d9a4a83b42f75bb0111cc3,2026-02,Suffolk Constabulary,Suffolk Constabulary,1.147877,52.061291,On or near Cecil Road,E01030025,Ipswich 006D,Vehicle crime,Awaiting court outcome,
1e6ca9aae5881fd826473677ccfaf1d878e5ed86dc9914e218be75b0659fee73,2026-02,Suffolk Constabulary,Suffolk Constabulary,1.143673,52.062717,On or near Alpe Street,E01030025,Ipswich 006D,Violence and sexual offences,Action to be taken by another organisation,
566c4ea38aaaf92a03ace1e7aea0aba10fb1d462486bc923a0b490b950ebf0cf,2026-02,Suffolk Constabulary,Suffolk Constabulary,1.149156,52.059557,On or near Shopping Area,E01030025,Ipswich 006D,Violence and sexual offences,Unable to prosecute suspect,
bef5f64101eee4c98154671b497d06fc52e6cb2b9c3c2e37802512ee26ce1757,2026-02,Suffolk Constabulary,Suffolk Constabulary,1.148376,52.059677,On or near St Matthew'S Street,E01030025,Ipswich 006D,Violence and sexual offences,Under investigation,
a704ccd2dc7e28d08ddd36e9e734986f172b02ca1f5d11c30e3ef3f606108baf,2026-02,Suffolk Constabulary,Suffolk Constabulary,1.149087,52.060242,On or near Bedford Street,E01030025,Ipswich 006D,Violence and sexual offences,Unable to prosecute suspect,
8a93691a12feb9a82476af09a2deec13417aedb92180f6ab0fcb4ed22bb8cf6e,2026-02,Suffolk Constabulary,Suffolk Constabulary,1.147750,52.062590,On or near Geneva Road,E01030025,Ipswich 006D,Violence and sexual offences,Unable to prosecute suspect,
d3131c3a9370757b98c834493b5a7eb5c6b4bcd41c7f10313ab2a2222036fb84,2026-02,Suffolk Constabulary,Suffolk Constabulary,1.147750,52.062590,On or near Geneva Road,E01030025,Ipswich 006D,Violence and sexual offences,Local resolution,
9edd171e4d8546f2a5c592afbd26cf114020d4bb70e8fa6c233d45b1c0928944,2026-02,Suffolk Constabulary,Suffolk Constabulary,1.147750,52.062590,On or near Geneva Road,E01030025,Ipswich 006D,Violence and sexual offences,Local resolution,
9e922041dffbefac950dbebc1572be3bcd72e79f74879886c0343c1fd5391ad6,2026-02,Suffolk Constabulary,Suffolk Constabulary,1.147877,52.061291,On or near Cecil Road,E01030025,Ipswich 006D,Violence and sexual offences,Unable to prosecute suspect,
85f51c24ff32fc1295a927102484b8e7d966d3c90c01952298d967652cd0a5cf,2026-02,Suffolk Constabulary,Suffolk Constabulary,1.143673,52.062717,On or near Alpe Street,E01030025,Ipswich 006D,Violence and sexual offences,Unable to prosecute suspect,
67e80ed4287c058cab210a5b60bccb953a53c7d4e9e339ed4fd3d8752fc40e16,2026-02,Suffolk Constabulary,Suffolk Constabulary,1.143535,52.062630,On or near Cumberland Street,E01030025,Ipswich 006D,Violence and sexual offences,Unable to prosecute suspect,
bb8035278d25fd591458936308c994a6716fe23cbc1fb8a95056e081a5b76900,2026-02,Suffolk Constabulary,Suffolk Constabulary,1.154540,52.059971,On or near William Street,E01030025,Ipswich 006D,Violence and sexual offences,Investigation complete; no suspect identified,
5142ea9d0b410376e525a066b0f5dbc3c7087871dc30a6cb24ef3d654c6bc87b,2026-02,Suffolk Constabulary,Suffolk Constabulary,1.153200,52.060627,On or near Charles Street,E01030025,Ipswich 006D,Violence and sexual offences,Action to be taken by another organisation,
aac487de7c750eb42e76a37f10b24c65a2074fdeb7b37b3fc4eeccc41e4c33f5,2026-02,Suffolk Constabulary,Suffolk Constabulary,1.150958,52.061110,On or near Upper High Street,E01030025,Ipswich 006D,Violence and sexual offences,Awaiting court outcome,
,2026-02,Suffolk Constabulary,Suffolk Constabulary,1.131133,52.068681,On or near Matson Road,E01030026,Ipswich 006E,Anti-social behaviour,,
,2026-02,Suffolk Constabulary,Suffolk Constabulary,1.129716,52.067207,On or near Kingston Road,E01030026,Ipswich 006E,Anti-social behaviour,,
,2026-02,Suffolk Constabulary,Suffolk Constabulary,1.133346,52.068613,On or near Springfield Lane,E01030026,Ipswich 006E,Anti-social behaviour,,
90260759dba5746c6db9908cfab35f255c52005e5fcf1c6fad02a1670a178841,2026-02,Suffolk Constabulary,Suffolk Constabulary,1.128948,52.067902,On or near Edward Close,E01030026,Ipswich 006E,Criminal damage and arson,Investigation complete; no suspect identified,
712605b4331a58381fe9f7a83a1e5157edb7a615025141b6749699678d853b53,2026-02,Suffolk Constabulary,Suffolk Constabulary,1.128894,52.067130,On or near Redhill Close,E01030026,Ipswich 006E,Criminal damage and arson,Unable to prosecute suspect,
d4ea9beaab520a02d4e5a9a414a8bf9799b2550963e246dd045da7ee9062a625,2026-02,Suffolk Constabulary,Suffolk Constabulary,1.133507,52.069445,On or near Brookfield Road,E01030026,Ipswich 006E,Criminal damage and arson,Unable to prosecute suspect,
659fc8c2e1bef26d130ef20a26212af1398e763efc4dfa1abe662bed47d8edd2,2026-02,Suffolk Constabulary,Suffolk Constabulary,1.128948,52.067902,On or near Edward Close,E01030026,Ipswich 006E,Criminal damage and arson,Investigation complete; no suspect identified,
004041d5a593751a4f50166a16b158f23a27e56200b015ba026eb155b6293dfd,2026-02,Suffolk Constabulary,Suffolk Constabulary,1.128894,52.067130,On or near Redhill Close,E01030026,Ipswich 006E,Criminal damage and arson,Awaiting court outcome,
cdbaed015bfa064e6977ffed3b402b9c2abfa98f7d229606953379144f3d285d,2026-02,Suffolk Constabulary,Suffolk Constabulary,1.133346,52.068613,On or near Springfield Lane,E01030026,Ipswich 006E,Public order,Unable to prosecute suspect,
6f61432f9d2669b29d8bd20dcf259882f495875e0f15a1bafb08f4cdf8895699,2026-02,Suffolk Constabulary,Suffolk Constabulary,1.133346,52.068613,On or near Springfield Lane,E01030026,Ipswich 006E,Public order,Unable to prosecute suspect,
bf8b84839efcfb92d13e78ea304b617ceeaafc2506393bf70e6966563c4961bf,2026-02,Suffolk Constabulary,Suffolk Constabulary,1.131133,52.068681,On or near Matson Road,E01030026,Ipswich 006E,Public order,Awaiting court outcome,
e8622ef21b128a473b4468aa40123c5f51cc9759ca4f3a9422e07a6596468f7d,2026-02,Suffolk Constabulary,Suffolk Constabulary,1.127803,52.065936,On or near Hammersmith Way,E01030026,Ipswich 006E,Vehicle crime,Investigation complete; no suspect identified,
4d8b99066db24348faf10bc2288867c680c6bede489b7f8addb86a65bcc52e20,2026-02,Suffolk Constabulary,Suffolk Constabulary,1.128894,52.067130,On or near Redhill Close,E01030026,Ipswich 006E,Violence and sexual offences,Action to be taken by another organisation,
b581c76a06179bca1a53eb9dd0bd3abf85627ab7524ddb379bdc3e7c07cb8eaa,2026-02,Suffolk Constabulary,Suffolk Constabulary,1.128704,52.065256,On or near Greenford Way,E01030026,Ipswich 006E,Violence and sexual offences,Unable to prosecute suspect,
a13b9329281832060e2cf764b707e45545241d52dcf4b9cba04eb14d4f1d4afb,2026-02,Suffolk Constabulary,Suffolk Constabulary,1.133346,52.068613,On or near Springfield Lane,E01030026,Ipswich 006E,Violence and sexual offences,Unable to prosecute suspect,
3c13fc0628e19cfdb207b51620c28311ed1496c2f8e5561d2d04f52104d8616e,2026-02,Suffolk Constabulary,Suffolk Constabulary,1.131133,52.068681,On or near Matson Road,E01030026,Ipswich 006E,Violence and sexual offences,Unable to prosecute suspect,
0796d6bde6ec176f308a8c607b1ad8d3bbe8be70f099369b7f52d013fa94e8a5,2026-02,Suffolk Constabulary,Suffolk Constabulary,1.128704,52.065256,On or near Greenford Way,E01030026,Ipswich 006E,Violence and sexual offences,Unable to prosecute suspect,
58db21f16bca9972259b032f3e8daacbb52cd8a7a402ae928a11f9c148c30b37,2026-02,Suffolk Constabulary,Suffolk Constabulary,1.128704,52.065256,On or near Greenford Way,E01030026,Ipswich 006E,Violence and sexual offences,Unable to prosecute suspect,
2b3be46203fc100cab01864b06c7c691a42147a99879b2c9c4d823ffb9e640aa,2026-02,Suffolk Constabulary,Suffolk Constabulary,1.176911,52.057750,On or near Cornwallis Terrace,E01029958,Ipswich 007A,Other theft,Unable to prosecute suspect,
60954e06c37588e93a9a6c08d5465082f4cedc33e9eb4a2ca1b2646ff1dcb993,2026-02,Suffolk Constabulary,Suffolk Constabulary,1.169945,52.057668,On or near Nottidge Road,E01029960,Ipswich 007C,Criminal damage and arson,Investigation complete; no suspect identified,
909c5f50b193975d2f285af2ec835b907c12766eefb908cb0afcf18c61d5f16f,2026-02,Suffolk Constabulary,Suffolk Constabulary,1.168594,52.060223,On or near North Hill Road,E01029960,Ipswich 007C,Criminal damage and arson,Investigation complete; no suspect identified,
294abb70c2ac64ea1aef04137115b8905a12957761034cd1d9fcab1b4c890620,2026-02,Suffolk Constabulary,Suffolk Constabulary,1.175843,52.057104,On or near Springhurst Close,E01029960,Ipswich 007C,Other theft,Investigation complete; no suspect identified,
cae8c9ca4c9f670ebf142800933d889509215dddeab8f504e52c20276edf19e4,2026-02,Suffolk Constabulary,Suffolk Constabulary,1.169945,52.057668,On or near Nottidge Road,E01029960,Ipswich 007C,Other theft,Unable to prosecute suspect,
be6a7460ef169c3126ad09dcfa0d917fd4a8633db4a017790666dda06dbf6b96,2026-02,Suffolk Constabulary,Suffolk Constabulary,1.170288,52.061059,On or near Bramley Hill,E01029960,Ipswich 007C,Public order,Unable to prosecute suspect,
31c5792039bce5520aa0bc6f09a3756bcb95fe79c96d78b112cd30c391b0cba6,2026-02,Suffolk Constabulary,Suffolk Constabulary,1.171715,52.055678,On or near Finbars Walk,E01029960,Ipswich 007C,Vehicle crime,Investigation complete; no suspect identified,
fd80b3cb2dbd49b8885f8f23da8231271a451e97977b7e45dddbee36a509325e,2026-02,Suffolk Constabulary,Suffolk Constabulary,1.168936,52.060726,On or near Haslemere Drive,E01029960,Ipswich 007C,Violence and sexual offences,Unable to prosecute suspect,
4ab3d9e26f6ba143c93afdece7bb7443a2540beca9a7ec14814b259e1f9ff388,2026-02,Suffolk Constabulary,Suffolk Constabulary,1.180212,52.053911,On or near Fuchsia Lane,E01029961,Ipswich 007D,Public order,Awaiting court outcome,
7fa143a4fd0d6ec2a7a03b85ccde74873e2df4b90f1c5aa6c803b0a5e537a7e9,2026-02,Suffolk Constabulary,Suffolk Constabulary,1.173608,52.055213,On or near Melville Road,E01029961,Ipswich 007D,Vehicle crime,Investigation complete; no suspect identified,
c48da7f4315b4ce37d1f0748c02fa6e75e07c83da9c8899c343bfe45d4870cd6,2026-02,Suffolk Constabulary,Suffolk Constabulary,1.178195,52.053650,On or near Faraday Road,E01029961,Ipswich 007D,Vehicle crime,Investigation complete; no suspect identified,
e0fd5b52c7eb146f05dd2e314752f756e221736e30bb7be81cd44f0d194bdced,2026-02,Suffolk Constabulary,Suffolk Constabulary,1.173539,52.055269,On or near Woodville Road,E01029961,Ipswich 007D,Vehicle crime,Investigation complete; no suspect identified,
16f6d8ce1edb8d04c342f797a43009d4c8bf39993dcc1949191d6220a2ce6957,2026-02,Suffolk Constabulary,Suffolk Constabulary,1.180212,52.053911,On or near Fuchsia Lane,E01029961,Ipswich 007D,Violence and sexual offences,Under investigation,
1d00727dfd9cdc439ac77eee0cee86e0f00a11334cbe95a48cbb4979cbf40476,2026-02,Suffolk Constabulary,Suffolk Constabulary,1.180212,52.053911,On or near Fuchsia Lane,E01029961,Ipswich 007D,Violence and sexual offences,Awaiting court outcome,
02a13d2ca640c36ae55917883ebe8eb07b9c2c72746fe6776f0f315a2e74d995,2026-02,Suffolk Constabulary,Suffolk Constabulary,1.176309,52.054825,On or near Wellesley Road,E01029961,Ipswich 007D,Violence and sexual offences,Unable to prosecute suspect,
ee85003923e76a3d6a3c3b3be699a61b8ef11e76544774d1b4723d642ed889c7,2026-02,Suffolk Constabulary,Suffolk Constabulary,1.163426,52.057709,On or near Argyle Street,E01029962,Ipswich 007E,Burglary,Investigation complete; no suspect identified,
ea70cb1a6509ec332862edf3bedc04d1f5905342da6808d2360654ded393cb1d,2026-02,Suffolk Constabulary,Suffolk Constabulary,1.163426,52.057709,On or near Argyle Street,E01029962,Ipswich 007E,Criminal damage and arson,Unable to prosecute suspect,
7b01861c7f25ec7ced6c96cb28df94a6d7ed27b0634201b2f3e92a7bd5618987,2026-02,Suffolk Constabulary,Suffolk Constabulary,1.164072,52.058384,On or near Arthur'S Terrace,E01029962,Ipswich 007E,Other theft,Unable to prosecute suspect,
6fcaba3ee1aff1514e109d1fabd6f90579b45cae087349583db45eed6acb4a49,2026-02,Suffolk Constabulary,Suffolk Constabulary,1.172371,52.054842,On or near Rosebery Road,E01029962,Ipswich 007E,Public order,Unable to prosecute suspect,
30f50f26e3dab69115e5782ea916fc42be143e11811441494fe89963a88fecef,2026-02,Suffolk Constabulary,Suffolk Constabulary,1.163426,52.057709,On or near Argyle Street,E01029962,Ipswich 007E,Theft from the person,Unable to prosecute suspect,
bc6c78c93370dd3cad9a42b6a88dec72131270a7951e7de87063f4fbcf0a55bf,2026-02,Suffolk Constabulary,Suffolk Constabulary,1.163426,52.057709,On or near Argyle Street,E01029962,Ipswich 007E,Violence and sexual offences,Under investigation,
f602a109eafc63427efdf71fb7ab8425e8399791f9cf21818b110b3432fb8a1a,2026-02,Suffolk Constabulary,Suffolk Constabulary,1.172371,52.054842,On or near Rosebery Road,E01029962,Ipswich 007E,Violence and sexual offences,Unable to prosecute suspect,
169a2c8f02b553882e4a4310b82588ba26f7a41598ca58cd0a6bafbcf43f4ec3,2026-02,Suffolk Constabulary,Suffolk Constabulary,1.163426,52.057709,On or near Argyle Street,E01029962,Ipswich 007E,Violence and sexual offences,Unable to prosecute suspect,
343f1b88360021e8bba528dcea27168e8327274ab23d6bffc1111915f6ab0229,2026-02,Suffolk Constabulary,Suffolk Constabulary,1.166934,52.057380,On or near Palmerston Road,E01029962,Ipswich 007E,Violence and sexual offences,Action to be taken by another organisation,
da21667d5b0012a61338dfa55478dd2d8598cb3fb1b1f5ed59260a74d273c215,2026-02,Suffolk Constabulary,Suffolk Constabulary,1.167622,52.056175,On or near Oxford Road,E01029962,Ipswich 007E,Violence and sexual offences,Unable to prosecute suspect,
b95e8b1fca3363e5b4ef75157b031c459240d97d8ebfbda4900514a156e3410d,2026-02,Suffolk Constabulary,Suffolk Constabulary,1.166934,52.057380,On or near Palmerston Road,E01029962,Ipswich 007E,Violence and sexual offences,Unable to prosecute suspect,
e1f32275da5e9b3754acd7d682924f615a2e78bb839b4bdb4e4f9e57fd030f43,2026-02,Suffolk Constabulary,Suffolk Constabulary,1.151008,52.054984,On or near A1022,E01033124,Ipswich 007F,Other theft,Investigation complete; no suspect identified,
b5445e21c1c0093cc58d2fef15f10201517def3a4952d58b3fb442264c6192a3,2026-02,Suffolk Constabulary,Suffolk Constabulary,1.163459,52.052392,On or near Further/Higher Educational Building,E01033124,Ipswich 007F,Other theft,Unable to prosecute suspect,
e1da1bdc849ecf7c45d5d1edbcfc0b4e21df90bd8a39be367dc759f480a2f00a,2026-02,Suffolk Constabulary,Suffolk Constabulary,1.155089,52.052446,On or near Foundry Lane,E01033124,Ipswich 007F,Other theft,Investigation complete; no suspect identified,
bf9109e2f45d774bbd925ee392733e9dae1046eca7c63f8efab3fce91ac4aaae,2026-02,Suffolk Constabulary,Suffolk Constabulary,1.161532,52.053199,On or near Fore Street,E01033124,Ipswich 007F,Other theft,Unable to prosecute suspect,
1b1a411002a82ea311b91b89a0d115382795dff711f04f70a02a9687ebd36656,2026-02,Suffolk Constabulary,Suffolk Constabulary,1.154017,52.054624,On or near Parking Area,E01033124,Ipswich 007F,Public order,Awaiting court outcome,
db175bafc47fae849686b59ddecf79f65e23de426cf073ed11af5653cbd9d63f,2026-02,Suffolk Constabulary,Suffolk Constabulary,1.161532,52.053199,On or near Fore Street,E01033124,Ipswich 007F,Public order,Local resolution,
2a9a9b66f81b6c5daefbd7beaae009c4fe0823189aa8cd4286100319dc4127b9,2026-02,Suffolk Constabulary,Suffolk Constabulary,1.150707,52.052779,On or near Parking Area,E01033124,Ipswich 007F,Public order,Unable to prosecute suspect,
ad16a7e2082a7fc9e08b0f7a8666c521dbe7c0d73a98272aab98a2e49403a32f,2026-02,Suffolk Constabulary,Suffolk Constabulary,1.150660,52.053365,On or near Nightclub,E01033124,Ipswich 007F,Shoplifting,Investigation complete; no suspect identified,
07405657ec6b8a2509ff1ee31d5c6a6536e2b998b9965e93b331a79517035192,2026-02,Suffolk Constabulary,Suffolk Constabulary,1.161532,52.053199,On or near Fore Street,E01033124,Ipswich 007F,Vehicle crime,Unable to prosecute suspect,
b0516113b68299f21294df1f22ee86ca790a6c3745d1c7c608731969205064ab,2026-02,Suffolk Constabulary,Suffolk Constabulary,1.154017,52.054624,On or near Parking Area,E01033124,Ipswich 007F,Violence and sexual offences,Investigation complete; no suspect identified,
469c440ce8c474e93d29f055b71721252e28fd7baaebd2877c089a392f6e3bf9,2026-02,Suffolk Constabulary,Suffolk Constabulary,1.161532,52.053199,On or near Fore Street,E01033124,Ipswich 007F,Violence and sexual offences,Unable to prosecute suspect,
a3a5de429216a08231c6b83240b5880c8eb715a5f1128308414ba182a4a586a5,2026-02,Suffolk Constabulary,Suffolk Constabulary,1.152432,52.054496,On or near Cutler Street,E01033124,Ipswich 007F,Violence and sexual offences,Unable to prosecute suspect,
0415f39f1e62d087f0f931bd581afa97b406c3dab9fee1b2a7524648a2e60f1d,2026-02,Suffolk Constabulary,Suffolk Constabulary,1.159070,52.052636,On or near Common Quay,E01033124,Ipswich 007F,Violence and sexual offences,Offender given a caution,
e0bd8a64e0d4000493c2c09870355a7e1fe0f0c821ddff04b42a3a5c6ca2387f,2026-02,Suffolk Constabulary,Suffolk Constabulary,1.152252,52.055247,On or near Cromwell Square,E01033124,Ipswich 007F,Violence and sexual offences,Action to be taken by another organisation,
7af4b411065e45589ae62607607036fc24abfc83a3addeed283020e274bd75fd,2026-02,Suffolk Constabulary,Suffolk Constabulary,1.154017,52.054624,On or near Parking Area,E01033124,Ipswich 007F,Violence and sexual offences,Unable to prosecute suspect,
90a3cc1f2e534ea17e6ae69176d5dfd34790e635b03accf654738f3a3ac032b1,2026-02,Suffolk Constabulary,Suffolk Constabulary,1.154017,52.054624,On or near Parking Area,E01033124,Ipswich 007F,Violence and sexual offences,Unable to prosecute suspect,
7ee37e490ff2504d7ed63dbd11d4bfd86bc5909c34f7e9250b729b59d364f6dc,2026-02,Suffolk Constabulary,Suffolk Constabulary,1.161532,52.053199,On or near Fore Street,E01033124,Ipswich 007F,Other crime,Under investigation,
bd1a058fe175b98da6c6ad543c3c95a2a9cbf4452fc47ef1e00e9dbb98423898,2026-02,Suffolk Constabulary,Suffolk Constabulary,1.154017,52.054624,On or near Parking Area,E01033124,Ipswich 007F,Other crime,Awaiting court outcome,
,2026-02,Suffolk Constabulary,Suffolk Constabulary,1.155761,52.055981,On or near Dogs Head Street,E01033125,Ipswich 007G,Anti-social behaviour,,
,2026-02,Suffolk Constabulary,Suffolk Constabulary,1.152581,52.056605,On or near Queen Street,E01033125,Ipswich 007G,Anti-social behaviour,,
,2026-02,Suffolk Constabulary,Suffolk Constabulary,1.151684,52.059281,On or near Parking Area,E01033125,Ipswich 007G,Anti-social behaviour,,
5de85ffce52c944a8972aa708d65aeb8a8d9d5a7be3cfd5839d450c84495a5fb,2026-02,Suffolk Constabulary,Suffolk Constabulary,1.147985,52.057232,On or near Civic Drive,E01033125,Ipswich 007G,Burglary,Unable to prosecute suspect,
f9e2ab37ba1434e2971b5eabfb9b18604ccc2026e46fc87c50500dd5870d21c3,2026-02,Suffolk Constabulary,Suffolk Constabulary,1.152581,52.056605,On or near Queen Street,E01033125,Ipswich 007G,Burglary,Awaiting court outcome,
e77011097f360eccff227aa69cc2a362faac3c30e18f5385e6c7b2c736f16a77,2026-02,Suffolk Constabulary,Suffolk Constabulary,1.155792,52.054550,On or near Lower Brook Street,E01033125,Ipswich 007G,Criminal damage and arson,Local resolution,
6ef27c385d6c401a9edc7e5396b434e5a9314a14c3f5d89709155552af49d844,2026-02,Suffolk Constabulary,Suffolk Constabulary,1.152961,52.056199,On or near Nightclub,E01033125,Ipswich 007G,Criminal damage and arson,Unable to prosecute suspect,
ee29c095944cc539ea87192664e6dad5c73d714e2430a6bfdb8017e2089dc2a0,2026-02,Suffolk Constabulary,Suffolk Constabulary,1.155761,52.055981,On or near Dogs Head Street,E01033125,Ipswich 007G,Criminal damage and arson,Awaiting court outcome,
f96b4468199f3869ceb7197ae8803575c2601c2b8d17205a783adb6624dd86e4,2026-02,Suffolk Constabulary,Suffolk Constabulary,1.149213,52.056435,On or near Curriers' Lane,E01033125,Ipswich 007G,Criminal damage and arson,Awaiting court outcome,
d9728d20617bd40a9bf85667c36e7bc9a53eeffe76b1eaf3da257fdf0700b032,2026-02,Suffolk Constabulary,Suffolk Constabulary,1.157342,52.055848,On or near Tacket Street,E01033125,Ipswich 007G,Criminal damage and arson,Investigation complete; no suspect identified,
4684190e5d16ed3aceda8f94205d67c53f05541bfc832acf4656a9bf3126b021,2026-02,Suffolk Constabulary,Suffolk Constabulary,1.156197,52.056571,On or near Upper Brook Street,E01033125,Ipswich 007G,Criminal damage and arson,Under investigation,
299c741ab572a93ba03c6a6f95a5973cc9481f210d4bbb3c0657790bc4961391,2026-02,Suffolk Constabulary,Suffolk Constabulary,1.151803,52.057373,On or near King Street,E01033125,Ipswich 007G,Drugs,Awaiting court outcome,
53ce826a1c8c9ff3d42994ffb358c166718651b4a19106dd376db0236ac92461,2026-02,Suffolk Constabulary,Suffolk Constabulary,1.155792,52.054550,On or near Lower Brook Street,E01033125,Ipswich 007G,Drugs,Local resolution,
8b1b1bd39790c09a07bc78a7b13274130eec854d6b88cfb0d849901572cc9a01,2026-02,Suffolk Constabulary,Suffolk Constabulary,1.147727,52.058327,On or near Parking Area,E01033125,Ipswich 007G,Drugs,Local resolution,
88cc98ac54948a10534e74646f6860d11466d7167f6f2b5b982404db56f9e228,2026-02,Suffolk Constabulary,Suffolk Constabulary,1.149950,52.056955,On or near Elm Street,E01033125,Ipswich 007G,Other theft,Unable to prosecute suspect,
2df6d638fa8da8f0c76c6804ebd05e1252c14cff68053a39d3ecd3e1781747d9,2026-02,Suffolk Constabulary,Suffolk Constabulary,1.150676,52.057520,On or near Arcade Street,E01033125,Ipswich 007G,Other theft,Unable to prosecute suspect,
3e5da7011f02328ccdc353adfa27737db303fa55825438a4f9ddd6bce3280f4d,2026-02,Suffolk Constabulary,Suffolk Constabulary,1.150752,52.058597,On or near Westgate Street,E01033125,Ipswich 007G,Other theft,Investigation complete; no suspect identified,
c900d79a0bbc0df7dfb70c2880ff6a3edb487e92ce7d965cb11e08e82c496432,2026-02,Suffolk Constabulary,Suffolk Constabulary,1.150752,52.058597,On or near Westgate Street,E01033125,Ipswich 007G,Other theft,Investigation complete; no suspect identified,
eb8b2f2712c89280c76c1b045d1cc0dd72692ba3cd1916d9de217d32154814bd,2026-02,Suffolk Constabulary,Suffolk Constabulary,1.151803,52.057373,On or near King Street,E01033125,Ipswich 007G,Other theft,Investigation complete; no suspect identified,
9c6c4a8a2d8064aea7c922e29402ba73b8a56cc5276d918a34e3b94640b63455,2026-02,Suffolk Constabulary,Suffolk Constabulary,1.160461,52.053948,On or near Angel Lane,E01033125,Ipswich 007G,Public order,Investigation complete; no suspect identified,
520040cba244379439082e09dc10bb8609cb5b34a9665d620da980e9ea5273a1,2026-02,Suffolk Constabulary,Suffolk Constabulary,1.155761,52.055981,On or near Dogs Head Street,E01033125,Ipswich 007G,Public order,Investigation complete; no suspect identified,
2dc33e83f209b63cb8c4c8aeb1e2263c33ee09c456ca12da47009501a0627f0f,2026-02,Suffolk Constabulary,Suffolk Constabulary,1.156234,52.057101,On or near B1076,E01033125,Ipswich 007G,Public order,Awaiting court outcome,
79f8757edbb4db1efa3b99c5bbcaa39a8c5c42e377ae4371e2595bd534e0213e,2026-02,Suffolk Constabulary,Suffolk Constabulary,1.156234,52.057101,On or near B1076,E01033125,Ipswich 007G,Public order,Unable to prosecute suspect,
c3b0e4bfc93963b14c26adf137f280fdd65c7b2815f30e6f2a7f4e4b686d2c3f,2026-02,Suffolk Constabulary,Suffolk Constabulary,1.155761,52.055981,On or near Dogs Head Street,E01033125,Ipswich 007G,Public order,Unable to prosecute suspect,
53fe72443c18c3a7c32e4a20a81606ebb5b7f72b99c7f76974475ce87ceb5425,2026-02,Suffolk Constabulary,Suffolk Constabulary,1.156234,52.057101,On or near B1076,E01033125,Ipswich 007G,Public order,Awaiting court outcome,
06549983db428e1bd6b9eaa8f82588cd50ae23ebff540c27b16c2e4113af2ac3,2026-02,Suffolk Constabulary,Suffolk Constabulary,1.153011,52.058357,On or near Lloyds Avenue,E01033125,Ipswich 007G,Public order,Unable to prosecute suspect,
c4b81490d7376499f59cb4ab43e47858b75461f444598dff6bd97f237cdb1453,2026-02,Suffolk Constabulary,Suffolk Constabulary,1.155761,52.055981,On or near Dogs Head Street,E01033125,Ipswich 007G,Public order,Investigation complete; no suspect identified,
6ff408b2fbd9e0add7a1609558ee6ed30c0a8c62bb72635dddf2a61ef521d5a0,2026-02,Suffolk Constabulary,Suffolk Constabulary,1.149213,52.056435,On or near Curriers' Lane,E01033125,Ipswich 007G,Robbery,Unable to prosecute suspect,
f8e3b40590f110408eaaee05dd6b37616044ce9b03c1aff5a2007ca989f2ea3d,2026-02,Suffolk Constabulary,Suffolk Constabulary,1.153861,52.059449,On or near Crown Street,E01033125,Ipswich 007G,Shoplifting,Unable to prosecute suspect,
fb2a03bb29235fff534c91e35c8d0cc177743ef4f69331141d7295d2067e1756,2026-02,Suffolk Constabulary,Suffolk Constabulary,1.153011,52.058357,On or near Lloyds Avenue,E01033125,Ipswich 007G,Shoplifting,Investigation complete; no suspect identified,
baa0fed17c8dd0ee0206785f4f659435a818b1cd1f04c5dff4e16925f43ce729,2026-02,Suffolk Constabulary,Suffolk Constabulary,1.155761,52.055981,On or near Dogs Head Street,E01033125,Ipswich 007G,Shoplifting,Awaiting court outcome,
ef3e7c18d8797e8e7b05b3cef50f14460ae49b3f8a2051556751f0292640e593,2026-02,Suffolk Constabulary,Suffolk Constabulary,1.153861,52.059449,On or near Crown Street,E01033125,Ipswich 007G,Shoplifting,Awaiting court outcome,
fc296aeb7f906cad83783b4f32f85544f07704430e54cf644f38ef9546c43414,2026-02,Suffolk Constabulary,Suffolk Constabulary,1.153861,52.059449,On or near Crown Street,E01033125,Ipswich 007G,Shoplifting,Awaiting court outcome,
cda5f3ce786c00b434d3d5f8a5a96af18489cb30cfee8649d32456e88fd9f902,2026-02,Suffolk Constabulary,Suffolk Constabulary,1.153861,52.059449,On or near Crown Street,E01033125,Ipswich 007G,Shoplifting,Awaiting court outcome,
1dae6b767f0e8819690e1cfa530b5b23fce6fd0ccf1668b3d0ac371a1075072e,2026-02,Suffolk Constabulary,Suffolk Constabulary,1.151547,52.058495,On or near Providence Street,E01033125,Ipswich 007G,Shoplifting,Unable to prosecute suspect,
49d0f84d5dca45f5bed2507193abdd5bd2da81570bd3dc1d2cc992b48a6dd6ef,2026-02,Suffolk Constabulary,Suffolk Constabulary,1.151814,52.056077,On or near Friars Street,E01033125,Ipswich 007G,Shoplifting,Unable to prosecute suspect,
75dd4c5d31b123e82316411601a89ae4b1b95ba26262291d678eab36c62564a2,2026-02,Suffolk Constabulary,Suffolk Constabulary,1.153011,52.058357,On or near Lloyds Avenue,E01033125,Ipswich 007G,Shoplifting,Unable to prosecute suspect,
2f11131a6575c12040553d62c5e4852a239ef0f0a61acd229de0de713fb328dc,2026-02,Suffolk Constabulary,Suffolk Constabulary,1.155761,52.055981,On or near Dogs Head Street,E01033125,Ipswich 007G,Shoplifting,Local resolution,
34d17c74d150e47dffe4e0abd0d3bd2ce61eb966031c2b918b2d0a7629b3561b,2026-02,Suffolk Constabulary,Suffolk Constabulary,1.151547,52.058495,On or near Providence Street,E01033125,Ipswich 007G,Shoplifting,Unable to prosecute suspect,
b143c64da2f1ae614ffc462c23d580082ce0a5910001bb3c0af66a983332165c,2026-02,Suffolk Constabulary,Suffolk Constabulary,1.152961,52.056199,On or near Nightclub,E01033125,Ipswich 007G,Shoplifting,Awaiting court outcome,
db6af04100a15e1e29e370533a77d16a9a77219e1301f992c98bd94e316e6672,2026-02,Suffolk Constabulary,Suffolk Constabulary,1.156234,52.057101,On or near B1076,E01033125,Ipswich 007G,Shoplifting,Unable to prosecute suspect,
ab161ef5e5729f898787363e89755a6aaa45edfb4459afd89adba7a3c6c76a22,2026-02,Suffolk Constabulary,Suffolk Constabulary,1.153011,52.058357,On or near Lloyds Avenue,E01033125,Ipswich 007G,Shoplifting,Awaiting court outcome,
10a94af1273b1550e60cc8d42dafe18eb9d1005646fbaa5f5b6a07733b49a614,2026-02,Suffolk Constabulary,Suffolk Constabulary,1.151547,52.058495,On or near Providence Street,E01033125,Ipswich 007G,Shoplifting,Awaiting court outcome,
f31d8d200e8d37a62621b095f50d66e64a82b2aabc4b4c7df78d154c876554fb,2026-02,Suffolk Constabulary,Suffolk Constabulary,1.152581,52.056605,On or near Queen Street,E01033125,Ipswich 007G,Shoplifting,Local resolution,
12886408f2f9ea718a1d81f69df3b2a7e2d2487456e0f26701921f65bb2c0a39,2026-02,Suffolk Constabulary,Suffolk Constabulary,1.156197,52.056571,On or near Upper Brook Street,E01033125,Ipswich 007G,Shoplifting,Investigation complete; no suspect identified,
4976e3af38ebb79ed2f6359b58c8e293262fa9f732ada4a33793aa430b9dd397,2026-02,Suffolk Constabulary,Suffolk Constabulary,1.151547,52.058495,On or near Providence Street,E01033125,Ipswich 007G,Shoplifting,Unable to prosecute suspect,
1a472c0505114c99725a8fd9abae2d71ef6d491ee47231065c6147a0a2855259,2026-02,Suffolk Constabulary,Suffolk Constabulary,1.155761,52.055981,On or near Dogs Head Street,E01033125,Ipswich 007G,Shoplifting,Local resolution,
66a1b5a37765c43e1916dda0428764a87db5c5679e9491d2616ce23b37fba709,2026-02,Suffolk Constabulary,Suffolk Constabulary,1.153271,52.059150,On or near Tower Ramparts,E01033125,Ipswich 007G,Shoplifting,Awaiting court outcome,
bd3e68f0f60f0a714e5a38d10cdda9613d9c329698c2a446ad3b0b8fc3d31356,2026-02,Suffolk Constabulary,Suffolk Constabulary,1.153011,52.058357,On or near Lloyds Avenue,E01033125,Ipswich 007G,Shoplifting,Suspect charged as part of another case,
b205e6569a8f00153ef641ad24be158419330edde6c2654a6bd54aaa204e01ad,2026-02,Suffolk Constabulary,Suffolk Constabulary,1.153861,52.059449,On or near Crown Street,E01033125,Ipswich 007G,Shoplifting,Suspect charged as part of another case,
fdd30c5edc6cdc448ae00628b34c4d3a1b41ac4220fbdff2b3ff1f54209033c9,2026-02,Suffolk Constabulary,Suffolk Constabulary,1.156234,52.057101,On or near B1076,E01033125,Ipswich 007G,Shoplifting,Investigation complete; no suspect identified,
a90c29c230a22221a6d98c2d8739c93173c5ed6752f22d9fc4fb024ad819d02a,2026-02,Suffolk Constabulary,Suffolk Constabulary,1.153011,52.058357,On or near Lloyds Avenue,E01033125,Ipswich 007G,Shoplifting,Investigation complete; no suspect identified,
c39ad121516fc4e6e3d0367e9cc7438d1b6cd6f61b5a08843d608486887fcb34,2026-02,Suffolk Constabulary,Suffolk Constabulary,1.153271,52.059150,On or near Tower Ramparts,E01033125,Ipswich 007G,Shoplifting,Investigation complete; no suspect identified,
e46c00a5717f3534360fe781570f3b9ca147c72d6d3b5903f0616b93b1a2eff7,2026-02,Suffolk Constabulary,Suffolk Constabulary,1.153011,52.058357,On or near Lloyds Avenue,E01033125,Ipswich 007G,Shoplifting,Awaiting court outcome,
1be3d4e4935baa83d7d78941359de2d657cf257f97b37a1cfdc45fa65e370cf9,2026-02,Suffolk Constabulary,Suffolk Constabulary,1.155761,52.055981,On or near Dogs Head Street,E01033125,Ipswich 007G,Shoplifting,Awaiting court outcome,
ca6707772ab02a10100ffd7d6fda2acc67bcf8cc7834badec090369aba16c91b,2026-02,Suffolk Constabulary,Suffolk Constabulary,1.153271,52.059150,On or near Tower Ramparts,E01033125,Ipswich 007G,Shoplifting,Investigation complete; no suspect identified,
c18259d632815002fcb46c159acbe561f4106f79ff7dc31de90a31f5d9aa7d93,2026-02,Suffolk Constabulary,Suffolk Constabulary,1.153271,52.059150,On or near Tower Ramparts,E01033125,Ipswich 007G,Shoplifting,Awaiting court outcome,
4813d9ee8db8aec8afd81fe6aa0e39af701c7f1cd540f36ff1af9552a0eaa0a1,2026-02,Suffolk Constabulary,Suffolk Constabulary,1.151547,52.058495,On or near Providence Street,E01033125,Ipswich 007G,Shoplifting,Unable to prosecute suspect,
a189230d79278265fb96139c2a8e25e6fafeb369be490299b027e6d640c4d54f,2026-02,Suffolk Constabulary,Suffolk Constabulary,1.153011,52.058357,On or near Lloyds Avenue,E01033125,Ipswich 007G,Shoplifting,Unable to prosecute suspect,
038b3d1d750ba8a46ed806ba2290c162f187b25e9d4fc4a29f0796f9c23e3c30,2026-02,Suffolk Constabulary,Suffolk Constabulary,1.155761,52.055981,On or near Dogs Head Street,E01033125,Ipswich 007G,Shoplifting,Further action is not in the public interest,
3e6eef559a38c8d496ac351f63e3b618aba8cbf825e3b006b3498a7d22702ec1,2026-02,Suffolk Constabulary,Suffolk Constabulary,1.153011,52.058357,On or near Lloyds Avenue,E01033125,Ipswich 007G,Shoplifting,Awaiting court outcome,
4ee8b71c06a15c67f76eea976b21e5152ba4d6fb8dcb5e0ad1d6181c3f3e2971,2026-02,Suffolk Constabulary,Suffolk Constabulary,1.156234,52.057101,On or near B1076,E01033125,Ipswich 007G,Theft from the person,Investigation complete; no suspect identified,
9504f1899161cec585c42ffa9047211cf73cd4fcaf3ba0dc8a237766d8d6617e,2026-02,Suffolk Constabulary,Suffolk Constabulary,1.151803,52.057373,On or near King Street,E01033125,Ipswich 007G,Theft from the person,Awaiting court outcome,
b83d69e930bc9bd21493ada2a4838f8c2c4afc758b56d8effea601e1846bbf28,2026-02,Suffolk Constabulary,Suffolk Constabulary,1.149399,52.057824,On or near Black Horse Lane,E01033125,Ipswich 007G,Vehicle crime,Investigation complete; no suspect identified,
384ed0a13be0549989983de651c96e4c27b0a85f8a8b51c9139c92bfcf362483,2026-02,Suffolk Constabulary,Suffolk Constabulary,1.149399,52.057824,On or near Black Horse Lane,E01033125,Ipswich 007G,Vehicle crime,Investigation complete; no suspect identified,
904709dfd84af55762d4a8815b6c6503a2df9cf42f486387ddf70edbfb1e6816,2026-02,Suffolk Constabulary,Suffolk Constabulary,1.149213,52.056435,On or near Curriers' Lane,E01033125,Ipswich 007G,Vehicle crime,Under investigation,
c8635dea1005efc033b3d242d4c31975d66697ab79ab1ac2c9f120f89fdb6c22,2026-02,Suffolk Constabulary,Suffolk Constabulary,1.156234,52.057101,On or near B1076,E01033125,Ipswich 007G,Violence and sexual offences,Unable to prosecute suspect,
21786c0e1030ebafb265983469ad5800e7ecee3e6faf46b6628ca71ed7644ba2,2026-02,Suffolk Constabulary,Suffolk Constabulary,1.155761,52.055981,On or near Dogs Head Street,E01033125,Ipswich 007G,Violence and sexual offences,Unable to prosecute suspect,
ef3cbb0353baff416f22c904a5ef1c0acbde01591fe997d90beb8552f2b015ae,2026-02,Suffolk Constabulary,Suffolk Constabulary,1.155761,52.055981,On or near Dogs Head Street,E01033125,Ipswich 007G,Violence and sexual offences,Investigation complete; no suspect identified,
4dc70b5ea61973252c7234505b7b73ee38185c34fd705b951cc3ecf0b096f7b6,2026-02,Suffolk Constabulary,Suffolk Constabulary,1.155792,52.054550,On or near Lower Brook Street,E01033125,Ipswich 007G,Violence and sexual offences,Awaiting court outcome,
8089ff9d321a3a6a4d137b8e3965bb822a7356018460308c0df496b494ba75ec,2026-02,Suffolk Constabulary,Suffolk Constabulary,1.151803,52.057373,On or near King Street,E01033125,Ipswich 007G,Violence and sexual offences,Under investigation,
7891cc81e7b7b97362fc3ea0a90b896be2c1ce1c4dec6482d2745d8ccb4bfbbb,2026-02,Suffolk Constabulary,Suffolk Constabulary,1.148003,52.058931,On or near Theatre/Concert Hall,E01033125,Ipswich 007G,Violence and sexual offences,Unable to prosecute suspect,
4b9473883b3a560bbb2c1610bddbc1909b24e251f74d881e6e6fd27cce698f8b,2026-02,Suffolk Constabulary,Suffolk Constabulary,1.155761,52.055981,On or near Dogs Head Street,E01033125,Ipswich 007G,Violence and sexual offences,Local resolution,
0e5bb3a721ea1350be6ac4e9ec9c01eb030b19fba845c591d9449bf9ba1bd7fa,2026-02,Suffolk Constabulary,Suffolk Constabulary,1.152492,52.055340,On or near St Nicholas Street,E01033125,Ipswich 007G,Violence and sexual offences,Investigation complete; no suspect identified,
d534fcee2a0ff74481d2701c126881649cf479603026738aed1365d02f0c3366,2026-02,Suffolk Constabulary,Suffolk Constabulary,1.157342,52.055848,On or near Tacket Street,E01033125,Ipswich 007G,Violence and sexual offences,Unable to prosecute suspect,
7834ca6fe0caaa6403d2713f3cd3992765520e71f0f08c5ba2518ec704d19b9d,2026-02,Suffolk Constabulary,Suffolk Constabulary,1.149399,52.057824,On or near Black Horse Lane,E01033125,Ipswich 007G,Violence and sexual offences,Unable to prosecute suspect,
d86bd42024ef3d5880a89768c1d7c41de86e0186ee611eaa677ac50e48801ff6,2026-02,Suffolk Constabulary,Suffolk Constabulary,1.149950,52.056955,On or near Elm Street,E01033125,Ipswich 007G,Violence and sexual offences,Local resolution,
7f9fafab6c2b1109dabb4b76e70056292902d7b690e01f93ee649d9e3fec3959,2026-02,Suffolk Constabulary,Suffolk Constabulary,1.155761,52.055981,On or near Dogs Head Street,E01033125,Ipswich 007G,Violence and sexual offences,Unable to prosecute suspect,
84aecf7dff5485f4c636a0d16cb640cb13d34e421ba2288d0e4bc05634812ae7,2026-02,Suffolk Constabulary,Suffolk Constabulary,1.155761,52.055981,On or near Dogs Head Street,E01033125,Ipswich 007G,Violence and sexual offences,Unable to prosecute suspect,
d94c6ceeaf3584deb6a2f8757ab6aa2411d661d93d5f1fe87ea11744dceac125,2026-02,Suffolk Constabulary,Suffolk Constabulary,1.155761,52.055981,On or near Dogs Head Street,E01033125,Ipswich 007G,Violence and sexual offences,Under investigation,
e07aeb76a537c4143daf1ae4a3f9661625ef8c96ed4e24cd1eed758df45dcc62,2026-02,Suffolk Constabulary,Suffolk Constabulary,1.155761,52.055981,On or near Dogs Head Street,E01033125,Ipswich 007G,Violence and sexual offences,Investigation complete; no suspect identified,
bd01fbbb2c263fc5c9e00db786fad550a62ffaa110cbc39d06987baf92826c97,2026-02,Suffolk Constabulary,Suffolk Constabulary,1.152492,52.055340,On or near St Nicholas Street,E01033125,Ipswich 007G,Violence and sexual offences,Unable to prosecute suspect,
7e0a8dd66f3fc98dec7b7d86e45e2b99add2af4d240da0bfcb80c12b92190e35,2026-02,Suffolk Constabulary,Suffolk Constabulary,1.152961,52.056199,On or near Nightclub,E01033125,Ipswich 007G,Violence and sexual offences,Investigation complete; no suspect identified,
0fa04addab4056ec57935cd1c663150a0ac049671af32f93830b60bda55152f5,2026-02,Suffolk Constabulary,Suffolk Constabulary,1.155761,52.055981,On or near Dogs Head Street,E01033125,Ipswich 007G,Violence and sexual offences,Unable to prosecute suspect,
66b01c9f094412c9c640480623a3ef0329ff5936098cf604a22354dec5d8b302,2026-02,Suffolk Constabulary,Suffolk Constabulary,1.155761,52.055981,On or near Dogs Head Street,E01033125,Ipswich 007G,Violence and sexual offences,Investigation complete; no suspect identified,
72186cd8cf4a19d06876526c91426303614523acf765c7ccd26ffe58ab2eb9ce,2026-02,Suffolk Constabulary,Suffolk Constabulary,1.149213,52.056435,On or near Curriers' Lane,E01033125,Ipswich 007G,Violence and sexual offences,Unable to prosecute suspect,
447b12327403d2a48500b9f7f01632350f1bcc7514265ea8a0ed571adf3ac1c4,2026-02,Suffolk Constabulary,Suffolk Constabulary,1.155761,52.055981,On or near Dogs Head Street,E01033125,Ipswich 007G,Violence and sexual offences,Under investigation,
1708d122cbc556ac13fa68f30156290dacd4a7cb6383fdc5f69f72a128f4f537,2026-02,Suffolk Constabulary,Suffolk Constabulary,1.155761,52.055981,On or near Dogs Head Street,E01033125,Ipswich 007G,Violence and sexual offences,Unable to prosecute suspect,
9f62f632013a05caa6f7f74399a9e2fb412088facecabc202e706bbba9a863de,2026-02,Suffolk Constabulary,Suffolk Constabulary,1.155761,52.055981,On or near Dogs Head Street,E01033125,Ipswich 007G,Violence and sexual offences,Awaiting court outcome,
11f5edf4b1d83be3895827d98c98b5e1583b945035fd4528fbae83c3c53eabfa,2026-02,Suffolk Constabulary,Suffolk Constabulary,1.155761,52.055981,On or near Dogs Head Street,E01033125,Ipswich 007G,Violence and sexual offences,Unable to prosecute suspect,
fe6b0169a05a6699924c6974b7521c24d6406a0a7e02ce84ccb6fe3c56fdfec2,2026-02,Suffolk Constabulary,Suffolk Constabulary,1.152961,52.056199,On or near Nightclub,E01033125,Ipswich 007G,Violence and sexual offences,Offender given a caution,
88f45a01923a26fac0bf82db0608a6e196d7666be01928524786315c0c7e884c,2026-02,Suffolk Constabulary,Suffolk Constabulary,1.152961,52.056199,On or near Nightclub,E01033125,Ipswich 007G,Violence and sexual offences,Investigation complete; no suspect identified,
49ab7e768355b61653090b257ce80d580a59530a2c96cb9fa70496602090c254,2026-02,Suffolk Constabulary,Suffolk Constabulary,1.149950,52.056955,On or near Elm Street,E01033125,Ipswich 007G,Violence and sexual offences,Unable to prosecute suspect,
8973c1942f0ca1a0c4bd1ab8f58ebd2dde3038796538cde9193bb1f0b34bd50c,2026-02,Suffolk Constabulary,Suffolk Constabulary,1.154850,52.055349,On or near Bus/Coach Station,E01033125,Ipswich 007G,Violence and sexual offences,Awaiting court outcome,
bcc66a4c922dc25097870d27eacdacd937001c365a0af74854603c53e44f9afd,2026-02,Suffolk Constabulary,Suffolk Constabulary,1.150752,52.058597,On or near Westgate Street,E01033125,Ipswich 007G,Violence and sexual offences,Action to be taken by another organisation,
4020c15228ff2399c58310ae0a3199d8eaee1b5c283b6d01f73abe5b76efcc61,2026-02,Suffolk Constabulary,Suffolk Constabulary,1.155761,52.055981,On or near Dogs Head Street,E01033125,Ipswich 007G,Violence and sexual offences,Local resolution,
87e82b2c571842f07f406d495ff39b0d76508ee5bd6ba39b86c0132167c7dcbf,2026-02,Suffolk Constabulary,Suffolk Constabulary,1.155761,52.055981,On or near Dogs Head Street,E01033125,Ipswich 007G,Violence and sexual offences,Investigation complete; no suspect identified,
55327ff401b2bc9144f1adb9fde60051ff94ecefa21e206ef61b70459d51a52d,2026-02,Suffolk Constabulary,Suffolk Constabulary,1.152492,52.055340,On or near St Nicholas Street,E01033125,Ipswich 007G,Violence and sexual offences,Unable to prosecute suspect,
b99d0fe3f04646a047e1670f3a0c88b5e0d77585f5c44aa2ff0cb6a2deecf1c8,2026-02,Suffolk Constabulary,Suffolk Constabulary,1.150676,52.057520,On or near Arcade Street,E01033125,Ipswich 007G,Violence and sexual offences,Awaiting court outcome,
f1d8094f2fadd4bce25d724f99fdfcfb3a98a1a42a07fd9116ced59341e4f91f,2026-02,Suffolk Constabulary,Suffolk Constabulary,1.156234,52.057101,On or near B1076,E01033125,Ipswich 007G,Violence and sexual offences,Awaiting court outcome,
d747eb7c13197a02a48a1b4d3b27732ff6da481c583c314ccb8fb554ca63ce8a,2026-02,Suffolk Constabulary,Suffolk Constabulary,1.156234,52.057101,On or near B1076,E01033125,Ipswich 007G,Violence and sexual offences,Awaiting court outcome,
12492648c1dcfad1486a625ab2f4db22438091392955dd6bbcbd38c0514054f0,2026-02,Suffolk Constabulary,Suffolk Constabulary,1.156234,52.057101,On or near B1076,E01033125,Ipswich 007G,Violence and sexual offences,Awaiting court outcome,
ada2ebebfb723158e7ed06fe7b203c0ab0cd00e25725cd459609301434829adc,2026-02,Suffolk Constabulary,Suffolk Constabulary,1.152581,52.056605,On or near Queen Street,E01033125,Ipswich 007G,Violence and sexual offences,Awaiting court outcome,
530aaf3d58cebb23c91b156062bb931ef88241ce24b115c26bc3ffe46db21063,2026-02,Suffolk Constabulary,Suffolk Constabulary,1.152961,52.056199,On or near Nightclub,E01033125,Ipswich 007G,Violence and sexual offences,Unable to prosecute suspect,
63bb7fb3fa1189e7c3f9a84bc70589be6d07a1288cf94c09d92e0a4b17559046,2026-02,Suffolk Constabulary,Suffolk Constabulary,1.152581,52.056605,On or near Queen Street,E01033125,Ipswich 007G,Violence and sexual offences,Under investigation,
7c5a1dacbcddb033e3e2942865a3f8a31094b2a28477e33e0940f27a7effe574,2026-02,Suffolk Constabulary,Suffolk Constabulary,1.148273,52.054472,On or near Chalon Street,E01033125,Ipswich 007G,Violence and sexual offences,Unable to prosecute suspect,
c62778857b20dd607c33aa3cc33a3446ea478769d87330ab92bc441fcf45666b,2026-02,Suffolk Constabulary,Suffolk Constabulary,1.152581,52.056605,On or near Queen Street,E01033125,Ipswich 007G,Violence and sexual offences,Unable to prosecute suspect,
6ec0ea5eed939009fe28e3b07ffbf04828d79e02f9ee98410308bafaaaa00ee8,2026-02,Suffolk Constabulary,Suffolk Constabulary,1.149950,52.056955,On or near Elm Street,E01033125,Ipswich 007G,Violence and sexual offences,Unable to prosecute suspect,
34f9d99b966d1bc3b048607c894f53bb5c63720be048b271984fae83d013fdda,2026-02,Suffolk Constabulary,Suffolk Constabulary,1.152961,52.056199,On or near Nightclub,E01033125,Ipswich 007G,Violence and sexual offences,Investigation complete; no suspect identified,
88522d44975adddd7727d70cf2159fba95f5c98f0bc5973618260cb2397589c7,2026-02,Suffolk Constabulary,Suffolk Constabulary,1.152961,52.056199,On or near Nightclub,E01033125,Ipswich 007G,Violence and sexual offences,Investigation complete; no suspect identified,
09fa9e355a2430c39e38a2798256d2bcf008a659b35686e2071505adf800569b,2026-02,Suffolk Constabulary,Suffolk Constabulary,1.149950,52.056955,On or near Elm Street,E01033125,Ipswich 007G,Violence and sexual offences,Unable to prosecute suspect,
3e5c19d41e6ce6cc15508362cac07e7cd3b6723bfc7442e3d757ca129caf9a35,2026-02,Suffolk Constabulary,Suffolk Constabulary,1.154850,52.055349,On or near Bus/Coach Station,E01033125,Ipswich 007G,Violence and sexual offences,Unable to prosecute suspect,
7a9d4f41776b805b60378f3baf41cdff45fee4fdc436508c5c795c121e504322,2026-02,Suffolk Constabulary,Suffolk Constabulary,1.156234,52.057101,On or near B1076,E01033125,Ipswich 007G,Other crime,Unable to prosecute suspect,
,2026-02,Suffolk Constabulary,Suffolk Constabulary,1.158142,52.058463,On or near Parking Area,E01033129,Ipswich 007H,Anti-social behaviour,,
,2026-02,Suffolk Constabulary,Suffolk Constabulary,1.158142,52.058463,On or near Parking Area,E01033129,Ipswich 007H,Anti-social behaviour,,
2c431bab877bc3264609b7e3bb39b2b7282181457dda6d60be83c3963733acbb,2026-02,Suffolk Constabulary,Suffolk Constabulary,1.158017,52.057548,On or near Shopping Area,E01033129,Ipswich 007H,Criminal damage and arson,Investigation complete; no suspect identified,
b17f771d0297a220e248d125939b603d3088ed81372733a88588ff8fd7dfeaf4,2026-02,Suffolk Constabulary,Suffolk Constabulary,1.156353,52.058159,On or near Northgate Street,E01033129,Ipswich 007H,Criminal damage and arson,Investigation complete; no suspect identified,
d12a946e962925371127858a10d10f92dab4855d3b468581a5c48998c6bd09f9,2026-02,Suffolk Constabulary,Suffolk Constabulary,1.156918,52.059142,On or near St Margaret'S Plain,E01033129,Ipswich 007H,Other theft,Investigation complete; no suspect identified,
09fbb2164e2a52e6ce5a928168353cd3c8d0b3f7fdf8a8ec7786ec85ccd65b57,2026-02,Suffolk Constabulary,Suffolk Constabulary,1.163852,52.057121,On or near Wells Close,E01033129,Ipswich 007H,Other theft,Unable to prosecute suspect,
449eb8322f9dd5730343942929c10fe418a9bafb60bb00e3569044fd475e508b,2026-02,Suffolk Constabulary,Suffolk Constabulary,1.165925,52.054871,On or near Further/Higher Educational Building,E01033129,Ipswich 007H,Other theft,Investigation complete; no suspect identified,
9579bde014ef7200a689b719a6edb5c67df475aca076f078318a2e999c691313,2026-02,Suffolk Constabulary,Suffolk Constabulary,1.156353,52.058159,On or near Northgate Street,E01033129,Ipswich 007H,Other theft,Investigation complete; no suspect identified,
8c071165d5fadebc0069b9946f2ef0d90dcd2438da32d0680a34ce632306845b,2026-02,Suffolk Constabulary,Suffolk Constabulary,1.156353,52.058159,On or near Northgate Street,E01033129,Ipswich 007H,Other theft,Unable to prosecute suspect,
1440f9d1827d8383f1af4f13b9e1acb089b7d68f0d51028a16193e7c292c4a91,2026-02,Suffolk Constabulary,Suffolk Constabulary,1.158359,52.057440,On or near Shopping Area,E01033129,Ipswich 007H,Other theft,Investigation complete; no suspect identified,
8bc06267659a78b9e1cdae0cec47a4cefb28ab8a4f34dd913567a285212dcdcd,2026-02,Suffolk Constabulary,Suffolk Constabulary,1.160326,52.057405,On or near Theatre/Concert Hall,E01033129,Ipswich 007H,Public order,Unable to prosecute suspect,
13edd5dc13baa5e99449717d9ac57242202867cc696ff29c1ab36bbff2cac729,2026-02,Suffolk Constabulary,Suffolk Constabulary,1.156353,52.058159,On or near Northgate Street,E01033129,Ipswich 007H,Public order,Unable to prosecute suspect,
29cbe8fc5ce87a62156d23e7a81725cfaab5bb3c8cd54ca881139ddcf641f31d,2026-02,Suffolk Constabulary,Suffolk Constabulary,1.156353,52.058159,On or near Northgate Street,E01033129,Ipswich 007H,Public order,Awaiting court outcome,
8f1192eacd64e228c73ee4a32a67a8784c053cbd7b9e06f395b0d21c05f3fdb2,2026-02,Suffolk Constabulary,Suffolk Constabulary,1.160612,52.056282,On or near Bond Street,E01033129,Ipswich 007H,Robbery,Unable to prosecute suspect,
fd0c89af0e67974931490957d055d476de05e77b6de2543c08d8de1110b66852,2026-02,Suffolk Constabulary,Suffolk Constabulary,1.158359,52.057440,On or near Shopping Area,E01033129,Ipswich 007H,Shoplifting,Awaiting court outcome,
de56993060a42f9f62e53f7bf0f32614a846d78360c93bc89fa2b48a66d2d8ef,2026-02,Suffolk Constabulary,Suffolk Constabulary,1.158359,52.057440,On or near Shopping Area,E01033129,Ipswich 007H,Shoplifting,Further action is not in the public interest,
eededa5b28a3ea8c7b981c2c1feecee103a00230d5f911553c5ea50dd14f5b52,2026-02,Suffolk Constabulary,Suffolk Constabulary,1.158359,52.057440,On or near Shopping Area,E01033129,Ipswich 007H,Shoplifting,Awaiting court outcome,
1db933769e6152398922b8b84fb3837db135a0577b23cf226c2f82f5aa148d69,2026-02,Suffolk Constabulary,Suffolk Constabulary,1.158359,52.057440,On or near Shopping Area,E01033129,Ipswich 007H,Shoplifting,Investigation complete; no suspect identified,
534bbd710a927ecabb19bb6a491c1bdf8398a8eeab8680d83ca4384237104f15,2026-02,Suffolk Constabulary,Suffolk Constabulary,1.158359,52.057440,On or near Shopping Area,E01033129,Ipswich 007H,Shoplifting,Under investigation,
a4f50bc25e13ce4b07a9b9c4fccf39800247444c50b04f2b6d8782a84756b0ca,2026-02,Suffolk Constabulary,Suffolk Constabulary,1.158359,52.057440,On or near Shopping Area,E01033129,Ipswich 007H,Shoplifting,Awaiting court outcome,
21e878901d8887b9d475b6c6f948f949bcf031ed3f31528985ce5ae17afb3892,2026-02,Suffolk Constabulary,Suffolk Constabulary,1.158359,52.057440,On or near Shopping Area,E01033129,Ipswich 007H,Shoplifting,Awaiting court outcome,
176b83f1efc05e88e277cef3255407cb08763327aa490ea7d319fa5e21d8f116,2026-02,Suffolk Constabulary,Suffolk Constabulary,1.158359,52.057440,On or near Shopping Area,E01033129,Ipswich 007H,Shoplifting,Investigation complete; no suspect identified,
95b6f221ebb351b04d58a264e2a21cf412fe3b36aa726a5e8dbf0b96c0d497c6,2026-02,Suffolk Constabulary,Suffolk Constabulary,1.158017,52.057548,On or near Shopping Area,E01033129,Ipswich 007H,Shoplifting,Investigation complete; no suspect identified,
8b809911f80dd9eb86a9e36e5cc471e60b2ccf3222cfc1e38e4c41d9160cd6ef,2026-02,Suffolk Constabulary,Suffolk Constabulary,1.158359,52.057440,On or near Shopping Area,E01033129,Ipswich 007H,Shoplifting,Awaiting court outcome,
f397eb18173e6bbf609cfdfbe620f61cc0f83aa0d1fb86a5d17675b523432fc3,2026-02,Suffolk Constabulary,Suffolk Constabulary,1.158359,52.057440,On or near Shopping Area,E01033129,Ipswich 007H,Shoplifting,Investigation complete; no suspect identified,
a3b4b3bd4ed7b8921392385518518af964edc6a0dea4115d61f35c61f7d90c5c,2026-02,Suffolk Constabulary,Suffolk Constabulary,1.158359,52.057440,On or near Shopping Area,E01033129,Ipswich 007H,Shoplifting,Investigation complete; no suspect identified,
8341263e2d192dc296e2b9d5b0f476d4516c532d9db0246dfb99e7c7f63943e6,2026-02,Suffolk Constabulary,Suffolk Constabulary,1.158359,52.057440,On or near Shopping Area,E01033129,Ipswich 007H,Shoplifting,Local resolution,
0c197cd51229c877055b1016f7f5786fafb8eaca0b8f0b19217729b715bf2da8,2026-02,Suffolk Constabulary,Suffolk Constabulary,1.158359,52.057440,On or near Shopping Area,E01033129,Ipswich 007H,Shoplifting,Investigation complete; no suspect identified,
a69f6a08498e28333d9995a30ea0965b4a8bf1d3e4e2d64ebfbfbd19e289ba80,2026-02,Suffolk Constabulary,Suffolk Constabulary,1.158359,52.057440,On or near Shopping Area,E01033129,Ipswich 007H,Shoplifting,Awaiting court outcome,
d0a44f76b4e64bbae9b4eaf2196be18ce0bab6fcc551cf1a454add53233b1ddd,2026-02,Suffolk Constabulary,Suffolk Constabulary,1.156353,52.058159,On or near Northgate Street,E01033129,Ipswich 007H,Shoplifting,Investigation complete; no suspect identified,
30d4d270709ef70ac2b6c9c651af11863c3dc660d84d7610ef5f3aaa4425bf36,2026-02,Suffolk Constabulary,Suffolk Constabulary,1.158359,52.057440,On or near Shopping Area,E01033129,Ipswich 007H,Shoplifting,Investigation complete; no suspect identified,
b072a2cb8c2e8e44f41255ee00d2905cad456c3ce6b7c99a173f27ba3bdeb08e,2026-02,Suffolk Constabulary,Suffolk Constabulary,1.156353,52.058159,On or near Northgate Street,E01033129,Ipswich 007H,Violence and sexual offences,Unable to prosecute suspect,
953d34d91b0c08eb2ed454797fb8d915f11a692a6288d4f0abeafcff578a14de,2026-02,Suffolk Constabulary,Suffolk Constabulary,1.160326,52.057405,On or near Theatre/Concert Hall,E01033129,Ipswich 007H,Violence and sexual offences,Unable to prosecute suspect,
25b1813ecd6e8157e876232eb841162a71d0c5ab73e91ec0c133b274382ca4b9,2026-02,Suffolk Constabulary,Suffolk Constabulary,1.157321,52.056577,On or near Parking Area,E01033129,Ipswich 007H,Violence and sexual offences,Investigation complete; no suspect identified,
dba9fc75d2defba5e8e73540986e806717dc1627d0327d244d2bf2ab51633b3a,2026-02,Suffolk Constabulary,Suffolk Constabulary,1.160326,52.057405,On or near Theatre/Concert Hall,E01033129,Ipswich 007H,Violence and sexual offences,Unable to prosecute suspect,
36c2dd1d90fa2a1caafe23607515c1a839095d1030118b0ecf1df998af0c7821,2026-02,Suffolk Constabulary,Suffolk Constabulary,1.163852,52.057121,On or near Wells Close,E01033129,Ipswich 007H,Violence and sexual offences,Under investigation,
c9645456945894745f1bfef60e09f20c2f20a6041c935529964602cb3671a597,2026-02,Suffolk Constabulary,Suffolk Constabulary,1.164780,52.053337,On or near Long Street,E01033129,Ipswich 007H,Violence and sexual offences,Under investigation,
e4de294d7e479d8662407c4ba8504ee58f39c35520b4cc83e2b49cc552f4b7ca,2026-02,Suffolk Constabulary,Suffolk Constabulary,1.158128,52.057266,On or near Shopping Area,E01033129,Ipswich 007H,Violence and sexual offences,Unable to prosecute suspect,
398b3a8ff86d48784b961761c39b78f7a9dcedfdf33c17ca6b1a4158c43da457,2026-02,Suffolk Constabulary,Suffolk Constabulary,1.161606,52.055284,On or near Woodhouse Square,E01033129,Ipswich 007H,Violence and sexual offences,Unable to prosecute suspect,
6064548d9f815e6c1e290fb522cf81bd9c70944bea9de1c2bd4ae5daf8f5d96b,2026-02,Suffolk Constabulary,Suffolk Constabulary,1.163852,52.057121,On or near Wells Close,E01033129,Ipswich 007H,Violence and sexual offences,Awaiting court outcome,
182ba61e959f3094f3886c7e21975860649b2e1322027176bed6a053998c55f3,2026-02,Suffolk Constabulary,Suffolk Constabulary,1.156353,52.058159,On or near Northgate Street,E01033129,Ipswich 007H,Violence and sexual offences,Awaiting court outcome,
43e71c9c39453c04cfb1ef7224b0840b08e5688bf60c29b8bdec782b5aeb1303,2026-02,Suffolk Constabulary,Suffolk Constabulary,1.162803,52.055288,On or near Grimwade Street,E01033129,Ipswich 007H,Violence and sexual offences,Local resolution,
c675270b1e09517d410dc531fcac4e15aef3e170d8b98850b8ef875ba284e2b0,2026-02,Suffolk Constabulary,Suffolk Constabulary,1.160612,52.056282,On or near Bond Street,E01033129,Ipswich 007H,Violence and sexual offences,Under investigation,
0108814f4980229742e39abe97768f125331ab664003634a62754f09fb5b9fee,2026-02,Suffolk Constabulary,Suffolk Constabulary,1.156353,52.058159,On or near Northgate Street,E01033129,Ipswich 007H,Violence and sexual offences,Awaiting court outcome,
c95a018a926e8b8907f50af1931b7be996326c581dc20d482f6c3c22ad2317a0,2026-02,Suffolk Constabulary,Suffolk Constabulary,1.158142,52.058463,On or near Parking Area,E01033129,Ipswich 007H,Violence and sexual offences,Under investigation,
6e61cf8b8b67b96fec409d1d578d76c15b2c7c5444ab887cbd4ffc8f75dfebc6,2026-02,Suffolk Constabulary,Suffolk Constabulary,1.165925,52.054871,On or near Further/Higher Educational Building,E01033129,Ipswich 007H,Other crime,Further investigation is not in the public interest,
,2026-02,Suffolk Constabulary,Suffolk Constabulary,1.181538,52.061560,On or near Petrol Station,E01030002,Ipswich 008A,Anti-social behaviour,,
e7812c43ae0c847af952fa897bb8dd0c682f4f71f66b997c4227cc3dcee670c7,2026-02,Suffolk Constabulary,Suffolk Constabulary,1.176436,52.060524,On or near Burnham Close,E01030002,Ipswich 008A,Drugs,Investigation complete; no suspect identified,
aa02e55d86e74319e0d1d479f8f2b1bc6fcbefa3dbfcbdd2eae323c8ec452451,2026-02,Suffolk Constabulary,Suffolk Constabulary,1.181538,52.061560,On or near Petrol Station,E01030002,Ipswich 008A,Other theft,Investigation complete; no suspect identified,
68a852960e96a50f1d42dcf4f4f95b39ed6a65bf781e7fcd2819740814f03fc0,2026-02,Suffolk Constabulary,Suffolk Constabulary,1.182694,52.061731,On or near Woodbridge Road,E01030002,Ipswich 008A,Shoplifting,Awaiting court outcome,
1779086d993a9c5d267b89a4b7e0dc861e8642d09828bf77a40ee7bcebdb6599,2026-02,Suffolk Constabulary,Suffolk Constabulary,1.182694,52.061731,On or near Woodbridge Road,E01030002,Ipswich 008A,Shoplifting,Awaiting court outcome,
3f6b5b17e14a56cb9f8168b06518e1f63adfed5f5bc3de0b8da3cea4e2e303a9,2026-02,Suffolk Constabulary,Suffolk Constabulary,1.182694,52.061731,On or near Woodbridge Road,E01030002,Ipswich 008A,Shoplifting,Unable to prosecute suspect,
cbedcac0dcbed282a917a436a754b2e2ea9e7a06692835634fce0e926e523971,2026-02,Suffolk Constabulary,Suffolk Constabulary,1.188013,52.057531,On or near Bloomfield Street,E01030003,Ipswich 008B,Vehicle crime,Investigation complete; no suspect identified,
88170a30251d7291ea7d5b8aa601c01f37d8ae1a3472435e5c7bb8d23099f7c3,2026-02,Suffolk Constabulary,Suffolk Constabulary,1.186131,52.055891,On or near Freehold Road,E01030003,Ipswich 008B,Vehicle crime,Investigation complete; no suspect identified,
b9190ddc2fcd0508a07ecda17974d240129d08714b70828ed6f75e2e2254c986,2026-02,Suffolk Constabulary,Suffolk Constabulary,1.187291,52.059898,On or near Crozier Mews,E01030003,Ipswich 008B,Violence and sexual offences,Action to be taken by another organisation,
89654a797d5bb16a080ec783f6130d333eb8e4cbdcd54c00461382aeee2ca705,2026-02,Suffolk Constabulary,Suffolk Constabulary,1.189288,52.059571,On or near Petrol Station,E01030003,Ipswich 008B,Violence and sexual offences,Unable to prosecute suspect,
5b00fc9e91b09d6ac367094dc4ef52af4af2362594967bb675b867dd5e745872,2026-02,Suffolk Constabulary,Suffolk Constabulary,1.184212,52.053937,On or near Kemball Street,E01030003,Ipswich 008B,Violence and sexual offences,Action to be taken by another organisation,
ff1fbd09715cf8587aa659e0192d99d035e6a34b8b2466fdb4839756ad76210b,2026-02,Suffolk Constabulary,Suffolk Constabulary,1.193598,52.058108,On or near Goring Road,E01030004,Ipswich 008C,Vehicle crime,Investigation complete; no suspect identified,
b956c7518a97cfd2d9e3cab6bda57193bf5b11b0e6ab13a44a6d81f9b3b33616,2026-02,Suffolk Constabulary,Suffolk Constabulary,1.195024,52.058249,On or near Lattice Avenue,E01030004,Ipswich 008C,Vehicle crime,Investigation complete; no suspect identified,
4ba7addafe00b9b94395bb505758d18aea41f3a534aa1876cd4c728f23537edf,2026-02,Suffolk Constabulary,Suffolk Constabulary,1.192930,52.055689,On or near Newbury Road,E01030004,Ipswich 008C,Violence and sexual offences,Investigation complete; no suspect identified,
7fdafe59b4ecb1669509e4bddbb538d5e859527535ca31ef8f3d6c7c38f62754,2026-02,Suffolk Constabulary,Suffolk Constabulary,1.191258,52.054961,On or near Copleston Road,E01030004,Ipswich 008C,Violence and sexual offences,Unable to prosecute suspect,
a99a761cfb16ef05bd336284ae62d78b50ed14135f58e8ddf99a0e8da768d80a,2026-02,Suffolk Constabulary,Suffolk Constabulary,1.192930,52.055689,On or near Newbury Road,E01030004,Ipswich 008C,Violence and sexual offences,Investigation complete; no suspect identified,
5eb606922636904a05c31c966fd0d22d6cdbde1a2830364a62d0cf28df90b6fa,2026-02,Suffolk Constabulary,Suffolk Constabulary,1.190843,52.058750,On or near Ernleigh Road,E01030004,Ipswich 008C,Violence and sexual offences,Investigation complete; no suspect identified,
8725cd7d6b8fb53a4352793df4ba169c0694b5f74b9b36c0d62afd49b61868be,2026-02,Suffolk Constabulary,Suffolk Constabulary,1.195024,52.058249,On or near Lattice Avenue,E01030004,Ipswich 008C,Violence and sexual offences,Unable to prosecute suspect,
1d223f7e758a0d60ac16a2718c4bcf1e4710625abc7c786f3bb7a964bdcf2bdf,2026-02,Suffolk Constabulary,Suffolk Constabulary,1.195024,52.058249,On or near Lattice Avenue,E01030004,Ipswich 008C,Violence and sexual offences,Unable to prosecute suspect,
ad7218a3d8aa60e2517e810c203e34f1f4783bfc6fa46e64cc82d02a56ba52c6,2026-02,Suffolk Constabulary,Suffolk Constabulary,1.195024,52.058249,On or near Lattice Avenue,E01030004,Ipswich 008C,Violence and sexual offences,Unable to prosecute suspect,
d61bce8bb422eba417dd0c38e06ec64b3c22fe9e8297b112b7826a6b3f3de033,2026-02,Suffolk Constabulary,Suffolk Constabulary,1.195024,52.058249,On or near Lattice Avenue,E01030004,Ipswich 008C,Violence and sexual offences,Under investigation,
2269395b91bdd6e47bd277f453fbeb26569f89121e8390bb2e183ac1c1ad80d2,2026-02,Suffolk Constabulary,Suffolk Constabulary,1.195024,52.058249,On or near Lattice Avenue,E01030004,Ipswich 008C,Violence and sexual offences,Unable to prosecute suspect,
78a0bc62a501d10ae040d613dc06e0e13ac44527dc72fbc09cc1d23304c94417,2026-02,Suffolk Constabulary,Suffolk Constabulary,1.195024,52.058249,On or near Lattice Avenue,E01030004,Ipswich 008C,Violence and sexual offences,Unable to prosecute suspect,
e2f25fabe1345c25d0894720556703d97344afa6aaf65e5bf199f8c112f2e334,2026-02,Suffolk Constabulary,Suffolk Constabulary,1.192930,52.055689,On or near Newbury Road,E01030004,Ipswich 008C,Other crime,Further investigation is not in the public interest,
3b8ed877be38bea7dfacc04cf116e5cc2767de581593b97b6d57ebbbb78b91ad,2026-02,Suffolk Constabulary,Suffolk Constabulary,1.192930,52.055689,On or near Newbury Road,E01030004,Ipswich 008C,Other crime,Under investigation,
2bff6fc1141fc1d5ab6332033e8ec16c428e0546554f87541745885ea4c4f5d4,2026-02,Suffolk Constabulary,Suffolk Constabulary,1.192930,52.055689,On or near Newbury Road,E01030004,Ipswich 008C,Other crime,Further investigation is not in the public interest,
,2026-02,Suffolk Constabulary,Suffolk Constabulary,1.192769,52.049964,On or near Blackheath Avenue,E01030005,Ipswich 008D,Anti-social behaviour,,
307a3e38dbd30a2589f355467bcf1e6cf60aca1fa8961375b932397187b8956b,2026-02,Suffolk Constabulary,Suffolk Constabulary,1.189278,52.051534,On or near The Pippins,E01030005,Ipswich 008D,Bicycle theft,Investigation complete; no suspect identified,
1e92fbe195119c5f629a8a374822e88d7e08edab39e8b97619e968866b67b464,2026-02,Suffolk Constabulary,Suffolk Constabulary,1.195006,52.050029,On or near Brightwell Close,E01030005,Ipswich 008D,Criminal damage and arson,Unable to prosecute suspect,
4192a5b0abb00b245855d5e60e22b43b3c3455e85c2cb3e688d56fd3e046f8af,2026-02,Suffolk Constabulary,Suffolk Constabulary,1.195006,52.050029,On or near Brightwell Close,E01030005,Ipswich 008D,Criminal damage and arson,Unable to prosecute suspect,
b0b489c140b6fa1b6efbe05c6d8808d706d29de82a8522e55428304467f8dcfa,2026-02,Suffolk Constabulary,Suffolk Constabulary,1.186120,52.050009,On or near Bull Road,E01030005,Ipswich 008D,Other theft,Investigation complete; no suspect identified,
7f775128adde10ef2b0cebca3a999896ce94659cb254cd3574679439a329980b,2026-02,Suffolk Constabulary,Suffolk Constabulary,1.186152,52.050449,On or near Prentice Way,E01030005,Ipswich 008D,Other theft,Unable to prosecute suspect,
121ce665bc0212c3e45e98958f7f74a931f6daba266d9321ea87677508f8d6f5,2026-02,Suffolk Constabulary,Suffolk Constabulary,1.189278,52.051534,On or near The Pippins,E01030005,Ipswich 008D,Other theft,Unable to prosecute suspect,
625dec6f13f941cb648e76364ce2f40cec56324c4fbbf2d8f240a5bfd55ff1ec,2026-02,Suffolk Constabulary,Suffolk Constabulary,1.191751,52.052258,On or near Roy Avenue,E01030005,Ipswich 008D,Public order,Unable to prosecute suspect,
18024a4c4c93c852e2642519ef53c63f1af9b5cb3340e4bbf406dc7e89d91d18,2026-02,Suffolk Constabulary,Suffolk Constabulary,1.191751,52.052258,On or near Roy Avenue,E01030005,Ipswich 008D,Public order,Awaiting court outcome,
72c12e10593fed8360a9ced9d0419af27975d9d79cf931eeb366facccd7a8a31,2026-02,Suffolk Constabulary,Suffolk Constabulary,1.191751,52.052258,On or near Roy Avenue,E01030005,Ipswich 008D,Vehicle crime,Investigation complete; no suspect identified,
c123a09a2e7919ab3c774bc31b9f046b3d2b70007159e5f393eea8049b6e1947,2026-02,Suffolk Constabulary,Suffolk Constabulary,1.191751,52.052258,On or near Roy Avenue,E01030005,Ipswich 008D,Vehicle crime,Investigation complete; no suspect identified,
6003368bc3240a61a1626df5efc6c2e558ceac4063357f68f0ef7259e9fd0d7e,2026-02,Suffolk Constabulary,Suffolk Constabulary,1.191751,52.052258,On or near Roy Avenue,E01030005,Ipswich 008D,Violence and sexual offences,Investigation complete; no suspect identified,
1f91e6a7c854d02b28825cfc170ff3cbbec5a7b5f8dc15d05f3764805c02e6b3,2026-02,Suffolk Constabulary,Suffolk Constabulary,1.189055,52.048401,On or near Exeter Road,E01030005,Ipswich 008D,Violence and sexual offences,Investigation complete; no suspect identified,
6c68357180acc215ff1fa7526eac7c9cd1209ce87ab34de9c95a56177a008469,2026-02,Suffolk Constabulary,Suffolk Constabulary,1.183161,52.050656,On or near Stanley Avenue,E01030005,Ipswich 008D,Violence and sexual offences,Unable to prosecute suspect,
ecd2f10cc1e969c69c4545fae0316274b0c71a42fd9992ce733deb74aec490bc,2026-02,Suffolk Constabulary,Suffolk Constabulary,1.189278,52.051534,On or near The Pippins,E01030005,Ipswich 008D,Violence and sexual offences,Under investigation,
83863a0ca05efe31efbb7e0bd1fd78d848d5a77f0f0a1656a3f697be08afbca3,2026-02,Suffolk Constabulary,Suffolk Constabulary,1.189055,52.048401,On or near Exeter Road,E01030005,Ipswich 008D,Violence and sexual offences,Unable to prosecute suspect,
a78dfff933ccd9863ea0d65ae49152c8bad87a39152f7a5b5e1d488806181bd6,2026-02,Suffolk Constabulary,Suffolk Constabulary,1.187951,52.054817,On or near Westminster Close,E01030006,Ipswich 008E,Criminal damage and arson,Unable to prosecute suspect,
0f727fcf944763c51ccf97995de0b9f061a4ad81678d3159c18451b45ad531a8,2026-02,Suffolk Constabulary,Suffolk Constabulary,1.186777,52.053499,On or near Henslow Road,E01030006,Ipswich 008E,Other theft,Action to be taken by another organisation,
725123a9dfd4845904cd46a102d175bb0bfdd1dacc0aa1dde64d7b3b7d14e4e0,2026-02,Suffolk Constabulary,Suffolk Constabulary,1.186023,52.051514,On or near Celestion Drive,E01030006,Ipswich 008E,Other theft,Investigation complete; no suspect identified,
a434ef458791b3e5b267933a868edae2cfbc1696a5cdf8c7dcb6f37a6471eebf,2026-02,Suffolk Constabulary,Suffolk Constabulary,1.187102,52.051701,On or near Supermarket,E01030006,Ipswich 008E,Shoplifting,Investigation complete; no suspect identified,
3c9bb0556855717f27977ba328bbd04a4959979f917fb35bf63e97ee2de6a9c6,2026-02,Suffolk Constabulary,Suffolk Constabulary,1.187102,52.051701,On or near Supermarket,E01030006,Ipswich 008E,Shoplifting,Investigation complete; no suspect identified,
646e61815d64d4ac2fffc59d594e39a72c830ee71a37f75538f7170833712ff0,2026-02,Suffolk Constabulary,Suffolk Constabulary,1.185948,52.051480,On or near Mackintosh Close,E01030006,Ipswich 008E,Vehicle crime,Investigation complete; no suspect identified,
51bbe687a404a9d2c3b2f585084f95443dbf41ecdb072c88fc21b035de1fbeaa,2026-02,Suffolk Constabulary,Suffolk Constabulary,1.186023,52.051514,On or near Celestion Drive,E01030006,Ipswich 008E,Violence and sexual offences,Unable to prosecute suspect,
f0eeaa65bc8ee85e7cd25ffb5be45d06bf22f03407a5e313e226ee07ce0c8f2a,2026-02,Suffolk Constabulary,Suffolk Constabulary,1.186023,52.051514,On or near Celestion Drive,E01030006,Ipswich 008E,Violence and sexual offences,Awaiting court outcome,
6d5bfb4ad7417c4f5aff25c68de82dcf4ef00bea78d39780a6f8268188e3bbfa,2026-02,Suffolk Constabulary,Suffolk Constabulary,1.186023,52.051514,On or near Celestion Drive,E01030006,Ipswich 008E,Violence and sexual offences,Unable to prosecute suspect,
6235507e5493b014c0945c36576863237c17e645e08ff37e765af10d8f63e354,2026-02,Suffolk Constabulary,Suffolk Constabulary,1.186023,52.051514,On or near Celestion Drive,E01030006,Ipswich 008E,Violence and sexual offences,Unable to prosecute suspect,
,2026-02,Suffolk Constabulary,Suffolk Constabulary,1.198118,52.063571,On or near Ladywood Road,E01029963,Ipswich 009A,Anti-social behaviour,,
0ab0eecc780aa804cc4cdb89b719d258130564e43c74af2abb4dc140e95616c3,2026-02,Suffolk Constabulary,Suffolk Constabulary,1.198118,52.063571,On or near Ladywood Road,E01029963,Ipswich 009A,Possession of weapons,Action to be taken by another organisation,
99ba749f9e884b8906a7039e02900c47774627c8793d374d1dc2262dceabc5cf,2026-02,Suffolk Constabulary,Suffolk Constabulary,1.197822,52.064334,On or near Mayfield Road,E01029963,Ipswich 009A,Possession of weapons,Local resolution,
b0dea9f5d66a9b2c63f2bfe9ce0bb18e5d64b94f769728f408cf3254107c7de0,2026-02,Suffolk Constabulary,Suffolk Constabulary,1.204845,52.060519,On or near Camberley Road,E01029963,Ipswich 009A,Vehicle crime,Unable to prosecute suspect,
a876ab43878d38884cacd45f51a6175ae5d162caafc453bd2b9a6a0a066f549f,2026-02,Suffolk Constabulary,Suffolk Constabulary,1.198722,52.061612,On or near Supermarket,E01029963,Ipswich 009A,Violence and sexual offences,Unable to prosecute suspect,
0a97a601b17bc4811279b0c4ab1508afb165a5a790cceac4b0656619edf74e92,2026-02,Suffolk Constabulary,Suffolk Constabulary,1.203388,52.060541,On or near Glenavon Road,E01029963,Ipswich 009A,Violence and sexual offences,Action to be taken by another organisation,
ae65acff3aee0c9d5b9b4011f3b7f72cc9cbcca229ac086b889418410e061444,2026-02,Suffolk Constabulary,Suffolk Constabulary,1.186637,52.061975,On or near Schreiber Road,E01029964,Ipswich 009B,Other theft,Unable to prosecute suspect,
19776c04ecb17971b2762331896aae88b1f69fff2ba0694bac34c7deed1ed799,2026-02,Suffolk Constabulary,Suffolk Constabulary,1.186637,52.061975,On or near Schreiber Road,E01029964,Ipswich 009B,Other theft,Investigation complete; no suspect identified,
d940febbadf612dda71414f0f846fad61fe85cd542bc2d8249d1728d37b35cb6,2026-02,Suffolk Constabulary,Suffolk Constabulary,1.191476,52.061700,On or near Cherry Lane Gardens,E01029964,Ipswich 009B,Vehicle crime,Investigation complete; no suspect identified,
92c673591a4ff0660343c380c2ea09418bc44a79555e09a422c9994df782a07e,2026-02,Suffolk Constabulary,Suffolk Constabulary,1.192937,52.060896,On or near Crofton Close,E01029964,Ipswich 009B,Violence and sexual offences,Under investigation,
,2026-02,Suffolk Constabulary,Suffolk Constabulary,1.197915,52.056849,On or near Hospital,E01029965,Ipswich 009C,Anti-social behaviour,,
,2026-02,Suffolk Constabulary,Suffolk Constabulary,1.203304,52.052844,On or near Gleneagles Drive,E01029965,Ipswich 009C,Anti-social behaviour,,
8df0c7e54057225d9d4b950aeecadd8e9a9be01a357386a604e91a3deb8936ce,2026-02,Suffolk Constabulary,Suffolk Constabulary,1.197915,52.056849,On or near Hospital,E01029965,Ipswich 009C,Criminal damage and arson,Unable to prosecute suspect,
0971a6471e8ba4791a7c7f3583c9eee7b1cf6ee6b7a607d9f9f52e38af6b1c9b,2026-02,Suffolk Constabulary,Suffolk Constabulary,1.199887,52.056471,On or near Hospital,E01029965,Ipswich 009C,Public order,Unable to prosecute suspect,
c9c72df710322675bde0f13c354f9df1573b5fb2a39e86a2dcc5d48e44a0fdca,2026-02,Suffolk Constabulary,Suffolk Constabulary,1.200454,52.054414,On or near Lyndhurst Avenue,E01029965,Ipswich 009C,Vehicle crime,Investigation complete; no suspect identified,
003c98296826159cdb98426e817799c2e24a1e38a5cadfde0f9eed5b33f5d272,2026-02,Suffolk Constabulary,Suffolk Constabulary,1.202686,52.050945,On or near Darnford Gardens,E01029965,Ipswich 009C,Violence and sexual offences,Action to be taken by another organisation,
ae04362b66c2204cbe54917d7d8cce29f71492dc11f42e5a16ebfe2a1c5eaac1,2026-02,Suffolk Constabulary,Suffolk Constabulary,1.197915,52.056849,On or near Hospital,E01029965,Ipswich 009C,Violence and sexual offences,Offender given a caution,
11e18f67f2b7c5f4132e5d71f02899b55f9d2a05478b179d8d6884f80a28d625,2026-02,Suffolk Constabulary,Suffolk Constabulary,1.197915,52.056849,On or near Hospital,E01029965,Ipswich 009C,Violence and sexual offences,Awaiting court outcome,
057db25c1f56ca0cb28adf4875179bff7c04ecedadb37e983b38b2a7dd55f822,2026-02,Suffolk Constabulary,Suffolk Constabulary,1.197915,52.056849,On or near Hospital,E01029965,Ipswich 009C,Violence and sexual offences,Unable to prosecute suspect,
a6171093b7df1f5eebcd8ec0ac387d5693ee5e8b84e4921c3a0f3a6ea1314e29,2026-02,Suffolk Constabulary,Suffolk Constabulary,1.197915,52.056849,On or near Hospital,E01029965,Ipswich 009C,Violence and sexual offences,Unable to prosecute suspect,
31aead2f2b50b82fcd43aabe3cc39376e5ec51ffc3f23f10a8f94add3f33200d,2026-02,Suffolk Constabulary,Suffolk Constabulary,1.197915,52.056849,On or near Hospital,E01029965,Ipswich 009C,Violence and sexual offences,Offender given a caution,
77cf57a8e3ebf96985c3786b7f05ee7db2d5cd388605a6fc85351e3021ada162,2026-02,Suffolk Constabulary,Suffolk Constabulary,1.197915,52.056849,On or near Hospital,E01029965,Ipswich 009C,Violence and sexual offences,Under investigation,
b591f3ec20ec705378fbfaefc0febc19b18171964301a058fcdeda71db6d0a76,2026-02,Suffolk Constabulary,Suffolk Constabulary,1.197915,52.056849,On or near Hospital,E01029965,Ipswich 009C,Other crime,Awaiting court outcome,
6255d1f87283c5387453fb126e1ef9bd4419c98b05fbf8c979ae112db56552e5,2026-02,Suffolk Constabulary,Suffolk Constabulary,1.202032,52.039558,On or near Warren Heath Road,E01029966,Ipswich 009D,Public order,Under investigation,
948d614318248c7fcd81c21fabcec6bdd3feec421c5030c7afdf4561e1a26626,2026-02,Suffolk Constabulary,Suffolk Constabulary,1.202032,52.039558,On or near Warren Heath Road,E01029966,Ipswich 009D,Public order,Local resolution,
e9683db74a828c2541d2cd81787b258af7e1b4660a143b11cc3ffe84694f8294,2026-02,Suffolk Constabulary,Suffolk Constabulary,1.198759,52.048857,On or near Princethorpe Road,E01029966,Ipswich 009D,Vehicle crime,Investigation complete; no suspect identified,
55773c537dbf1e4003dd158abf77e2dea2d0ec82108513e661b16a503da47dfd,2026-02,Suffolk Constabulary,Suffolk Constabulary,1.197721,52.052510,On or near Walker Close,E01029966,Ipswich 009D,Violence and sexual offences,Action to be taken by another organisation,
8277038066d38eb938d22e85b2f5ca3ef8bed098751208acf0120e5d80442d9e,2026-02,Suffolk Constabulary,Suffolk Constabulary,1.198680,52.050820,On or near Chaplains Gardens,E01029966,Ipswich 009D,Violence and sexual offences,Unable to prosecute suspect,
0f2ba5306c1c5c6e0ef4eef9adf22e67273cfde20eaca6e049c7de50930134bb,2026-02,Suffolk Constabulary,Suffolk Constabulary,1.199911,52.053143,On or near Heath Lane,E01029966,Ipswich 009D,Violence and sexual offences,Unable to prosecute suspect,
efb4b76ab0561176395f0799dd000905e0a4a389cc2ccf1cebcb36d15a80c91f,2026-02,Suffolk Constabulary,Suffolk Constabulary,1.205219,52.044553,On or near Lulworth Avenue,E01029967,Ipswich 009E,Vehicle crime,Investigation complete; no suspect identified,
dc8eb67102bc28ce2f10457e89ce1a0976d988f9882cda7b539b03aa4dfdf1e9,2026-02,Suffolk Constabulary,Suffolk Constabulary,1.206055,52.046860,On or near Bodiam Road,E01029967,Ipswich 009E,Violence and sexual offences,Action to be taken by another organisation,
,2026-02,Suffolk Constabulary,Suffolk Constabulary,1.126016,52.053311,On or near Columbine Gardens,E01029984,Ipswich 010A,Anti-social behaviour,,
,2026-02,Suffolk Constabulary,Suffolk Constabulary,1.124148,52.055393,On or near Lavenham Road,E01029984,Ipswich 010A,Anti-social behaviour,,
,2026-02,Suffolk Constabulary,Suffolk Constabulary,1.127359,52.056864,On or near Dickens Road,E01029984,Ipswich 010A,Anti-social behaviour,,
,2026-02,Suffolk Constabulary,Suffolk Constabulary,1.125820,52.055934,On or near Kelly Road,E01029984,Ipswich 010A,Anti-social behaviour,,
,2026-02,Suffolk Constabulary,Suffolk Constabulary,1.125820,52.055934,On or near Kelly Road,E01029984,Ipswich 010A,Anti-social behaviour,,
,2026-02,Suffolk Constabulary,Suffolk Constabulary,1.124148,52.055393,On or near Lavenham Road,E01029984,Ipswich 010A,Anti-social behaviour,,
23a9a9f264efdbce3fa9ad293fed616ae67561445d40d375ddc81e889e07db9b,2026-02,Suffolk Constabulary,Suffolk Constabulary,1.125921,52.057379,On or near Pickwick Road,E01029984,Ipswich 010A,Criminal damage and arson,Unable to prosecute suspect,
a84509bc122db81c75e25be80a317046880edd5ee9b198a2f6269f6f1fb5442c,2026-02,Suffolk Constabulary,Suffolk Constabulary,1.123706,52.050935,On or near Buddleia Close,E01029984,Ipswich 010A,Other theft,Unable to prosecute suspect,
a096ee716f53d59c451a2812590f2bc359b955baa501ed26ec3a809b371bc9de,2026-02,Suffolk Constabulary,Suffolk Constabulary,1.125921,52.057379,On or near Pickwick Road,E01029984,Ipswich 010A,Other theft,Unable to prosecute suspect,
f3acd1da1b84086271f6a23ff65ed487d280e1e4012345495f2135399e1aa7ec,2026-02,Suffolk Constabulary,Suffolk Constabulary,1.125921,52.057379,On or near Pickwick Road,E01029984,Ipswich 010A,Public order,Unable to prosecute suspect,
45963c054d0c07027ff8d9a94b4e1f7c621aaf6f97d60b3b862ae3c57e672b7c,2026-02,Suffolk Constabulary,Suffolk Constabulary,1.123706,52.050935,On or near Buddleia Close,E01029984,Ipswich 010A,Violence and sexual offences,Unable to prosecute suspect,
7bf42749153361d659e68280b73fe578779d16161a28ab6cac0201d1f176dfbb,2026-02,Suffolk Constabulary,Suffolk Constabulary,1.127359,52.056864,On or near Dickens Road,E01029984,Ipswich 010A,Violence and sexual offences,Unable to prosecute suspect,
09ee460d58eaccfe3778ce7edd68849ab4ebf4541d9ef301a78e4b051234c01d,2026-02,Suffolk Constabulary,Suffolk Constabulary,1.123641,52.049381,On or near Aster Road,E01029984,Ipswich 010A,Violence and sexual offences,Action to be taken by another organisation,
baf4c58351ac0401f3c100a30917bdbc3688885b29b758d03acf6a914dc696ed,2026-02,Suffolk Constabulary,Suffolk Constabulary,1.127359,52.056864,On or near Dickens Road,E01029984,Ipswich 010A,Violence and sexual offences,Unable to prosecute suspect,
3240714194a3c371850eaba0fee0a692cf95628f849fffc085aa060b47879e56,2026-02,Suffolk Constabulary,Suffolk Constabulary,1.123706,52.050935,On or near Buddleia Close,E01029984,Ipswich 010A,Violence and sexual offences,Unable to prosecute suspect,
06dd4c76ea72f84ae965b8c064febfcf1c49e058fbdba344b179a270c1da945c,2026-02,Suffolk Constabulary,Suffolk Constabulary,1.123641,52.049381,On or near Aster Road,E01029984,Ipswich 010A,Violence and sexual offences,Action to be taken by another organisation,
3ff47e738b5f89b2af5bddb6bad3e4c74b3a7de4c01ebe5331bfebec8225d06c,2026-02,Suffolk Constabulary,Suffolk Constabulary,1.125921,52.057379,On or near Pickwick Road,E01029984,Ipswich 010A,Violence and sexual offences,Unable to prosecute suspect,
176095891821edff62e0204c8f39a789b0f2b23fa54656b1eee1ff0114241ef9,2026-02,Suffolk Constabulary,Suffolk Constabulary,1.125921,52.057379,On or near Pickwick Road,E01029984,Ipswich 010A,Violence and sexual offences,Unable to prosecute suspect,
efaba4df56523030477304b97a7cef355cdf6e7ce4b713d6dddce117ca1a6f82,2026-02,Suffolk Constabulary,Suffolk Constabulary,1.128227,52.052596,On or near Poppy Close,E01029984,Ipswich 010A,Violence and sexual offences,Unable to prosecute suspect,
47f8402ff47d868a7187b06bb378ee5a6baab71d674ccf2def1021817ca253c0,2026-02,Suffolk Constabulary,Suffolk Constabulary,1.128227,52.052596,On or near Poppy Close,E01029984,Ipswich 010A,Violence and sexual offences,Unable to prosecute suspect,
7ac0c59e1d27d34e08c52422ba0deb5d8c0612a865f1857405498a8aa573d9ef,2026-02,Suffolk Constabulary,Suffolk Constabulary,1.125921,52.057379,On or near Pickwick Road,E01029984,Ipswich 010A,Other crime,Further investigation is not in the public interest,
,2026-02,Suffolk Constabulary,Suffolk Constabulary,1.131952,52.058910,On or near Supermarket,E01029985,Ipswich 010B,Anti-social behaviour,,
,2026-02,Suffolk Constabulary,Suffolk Constabulary,1.131952,52.058910,On or near Supermarket,E01029985,Ipswich 010B,Anti-social behaviour,,
e63354fee0839cc3d22234e6216e47f2d328a5b5682d1c0c96cd398583f6bc6a,2026-02,Suffolk Constabulary,Suffolk Constabulary,1.133294,52.056447,On or near Shopping Area,E01029985,Ipswich 010B,Bicycle theft,Unable to prosecute suspect,
90b1db64a93ff1f320ed6765f664fb6fd55e346d151ce774d695424ca27c583f,2026-02,Suffolk Constabulary,Suffolk Constabulary,1.142424,52.050131,On or near Gippeswyk Road,E01029985,Ipswich 010B,Burglary,Under investigation,
734ae989fc6cff44d271bfcadd391b5dad87035998f39915645bdec26ae6dfe3,2026-02,Suffolk Constabulary,Suffolk Constabulary,1.133294,52.056447,On or near Shopping Area,E01029985,Ipswich 010B,Burglary,Investigation complete; no suspect identified,
c2346ce7c745f9f04e3fdf9a67c24a258924c7dc3a9e6fb59adee137ea431bf7,2026-02,Suffolk Constabulary,Suffolk Constabulary,1.139282,52.052967,On or near Holman Court,E01029985,Ipswich 010B,Burglary,Investigation complete; no suspect identified,
5b32b87a4aa456fa3f18b5b8b3c429ca5c863884ccd5c0de6a3877eb819f7806,2026-02,Suffolk Constabulary,Suffolk Constabulary,1.133294,52.056447,On or near Shopping Area,E01029985,Ipswich 010B,Criminal damage and arson,Investigation complete; no suspect identified,
f6bc26c0fdc49dcb3211bf6274ffc945b54695d4242ac4d484e2902e8d3c9ee5,2026-02,Suffolk Constabulary,Suffolk Constabulary,1.137867,52.053374,On or near Broomwade Close,E01029985,Ipswich 010B,Criminal damage and arson,Offender given a caution,
863e0da505e619a68df6bdcd11ad1c611688e313d74c5f4a13cbd29a8a32f55b,2026-02,Suffolk Constabulary,Suffolk Constabulary,1.137867,52.053374,On or near Broomwade Close,E01029985,Ipswich 010B,Criminal damage and arson,Unable to prosecute suspect,
601b5e4a93a0a832f22a253c101d469ee9519039b0b3b620df4eccb6a56c5e0f,2026-02,Suffolk Constabulary,Suffolk Constabulary,1.146707,52.050260,On or near Parking Area,E01029985,Ipswich 010B,Criminal damage and arson,Investigation complete; no suspect identified,
3a0794266b49001e135d61286971599d4cd89d4235e29c637f39c2b225c421ed,2026-02,Suffolk Constabulary,Suffolk Constabulary,1.145084,52.052489,On or near Chancery Road,E01029985,Ipswich 010B,Criminal damage and arson,Investigation complete; no suspect identified,
64f4f7272f188b524b2532f7bd4df630cdcacb969bcd34cfcc59b63a41cf56ee,2026-02,Suffolk Constabulary,Suffolk Constabulary,1.146707,52.050260,On or near Parking Area,E01029985,Ipswich 010B,Criminal damage and arson,Investigation complete; no suspect identified,
25c3d0ad41dc2fd5ff2ba21a2ef917b6b68c404be2bb1012978408befa14b2ad,2026-02,Suffolk Constabulary,Suffolk Constabulary,1.142424,52.050131,On or near Gippeswyk Road,E01029985,Ipswich 010B,Criminal damage and arson,Unable to prosecute suspect,
65400b8062ae9a80d03fcbc89311b292daadf4a70e1e1811c4edabfddada80de,2026-02,Suffolk Constabulary,Suffolk Constabulary,1.143191,52.049427,On or near Ancaster Road,E01029985,Ipswich 010B,Drugs,Unable to prosecute suspect,
4f5c3e9bd95e0b509df50ed289a990ab0d64e16aec99bb701439fde9c6378d02,2026-02,Suffolk Constabulary,Suffolk Constabulary,1.137745,52.052676,On or near Ranelagh Road,E01029985,Ipswich 010B,Other theft,Investigation complete; no suspect identified,
5d8db87c11fd745bf1c98c127c2442bd67df600e3671ebbc0aa560a65ff905c4,2026-02,Suffolk Constabulary,Suffolk Constabulary,1.137946,52.050143,On or near Theatre/Concert Hall,E01029985,Ipswich 010B,Possession of weapons,Investigation complete; no suspect identified,
f8c9ea984e8fae5b7e1716851f59fbcb65a4b7eae619512123e1d08247ec4246,2026-02,Suffolk Constabulary,Suffolk Constabulary,1.145084,52.052489,On or near Chancery Road,E01029985,Ipswich 010B,Public order,Local resolution,
9f5c902a27aa34ef27fd0bd83e2962e0f66533cfe42e619f81d51ebc46f57dae,2026-02,Suffolk Constabulary,Suffolk Constabulary,1.145084,52.052489,On or near Chancery Road,E01029985,Ipswich 010B,Public order,Local resolution,
1f8a358fc83a6416421357cca99ca499c8d22bedf7024c60c85a3390febbc05d,2026-02,Suffolk Constabulary,Suffolk Constabulary,1.145084,52.052489,On or near Chancery Road,E01029985,Ipswich 010B,Public order,Local resolution,
3d2da74e3b00e2eb8b41f8b9cae66fa0d34c415a2456a3a5d249e04120e7d5bf,2026-02,Suffolk Constabulary,Suffolk Constabulary,1.145084,52.052489,On or near Chancery Road,E01029985,Ipswich 010B,Public order,Local resolution,
71b7dfaf82fde9248d47476b41641537af9019587d46c814e19ab55953e37511,2026-02,Suffolk Constabulary,Suffolk Constabulary,1.143868,52.053663,On or near Russell Road,E01029985,Ipswich 010B,Public order,Unable to prosecute suspect,
6c7aeba4bd1dcb581ad658031f662166667e984aeed27e1c6e16899df451b2ba,2026-02,Suffolk Constabulary,Suffolk Constabulary,1.127256,52.055401,On or near Dombey Road,E01029985,Ipswich 010B,Robbery,Awaiting court outcome,
d1cf39844a72e60165e9905ed3412b878990244f1e99eea14c6673bc554f1166,2026-02,Suffolk Constabulary,Suffolk Constabulary,1.133917,52.057805,On or near Petrol Station,E01029985,Ipswich 010B,Shoplifting,Investigation complete; no suspect identified,
91ae04e604da9e8e7de984d7fd5d99f79a6c3d4e60409a0c7854b4d6065a02b1,2026-02,Suffolk Constabulary,Suffolk Constabulary,1.131952,52.058910,On or near Supermarket,E01029985,Ipswich 010B,Shoplifting,Local resolution,
08f678ee3b93e73d4bb2ff7299308b121f48f26484294d67f02cbcfe32d86f13,2026-02,Suffolk Constabulary,Suffolk Constabulary,1.131952,52.058910,On or near Supermarket,E01029985,Ipswich 010B,Shoplifting,Under investigation,
d5da538d260c83c5567fc5a6164e22779af1a2213c8fcda38a60f6867a78380a,2026-02,Suffolk Constabulary,Suffolk Constabulary,1.131952,52.058910,On or near Supermarket,E01029985,Ipswich 010B,Shoplifting,Awaiting court outcome,
f32ed604bcf857b6bf34aa80b38f695b04d4d73a31f223f508af6e2d463363a6,2026-02,Suffolk Constabulary,Suffolk Constabulary,1.131952,52.058910,On or near Supermarket,E01029985,Ipswich 010B,Shoplifting,Local resolution,
c46be41e52ff5cc892eccdffbb8449cc046b5f22f6fd6ce9537c817aafc8d10f,2026-02,Suffolk Constabulary,Suffolk Constabulary,1.131952,52.058910,On or near Supermarket,E01029985,Ipswich 010B,Shoplifting,Awaiting court outcome,
8951e4a580fe915dbf25db27bb9e930500a83784af06d81e501f7957de3e0f25,2026-02,Suffolk Constabulary,Suffolk Constabulary,1.131952,52.058910,On or near Supermarket,E01029985,Ipswich 010B,Shoplifting,Local resolution,
19801aa767008f11d74582e6c5cd4a3697baf134d3b4549dfd64855e64f6c42b,2026-02,Suffolk Constabulary,Suffolk Constabulary,1.142424,52.050131,On or near Gippeswyk Road,E01029985,Ipswich 010B,Vehicle crime,Investigation complete; no suspect identified,
2e06d65cd09075d43a145bbbbe3dde0ccdfc51c68e4e999601bd9ea6e69e9637,2026-02,Suffolk Constabulary,Suffolk Constabulary,1.126785,52.059937,On or near Bailey Close,E01029985,Ipswich 010B,Vehicle crime,Unable to prosecute suspect,
dc8c918c305a4cba34344e0b62484ce622ab50242576c1dc946f62295ae10197,2026-02,Suffolk Constabulary,Suffolk Constabulary,1.142424,52.050131,On or near Gippeswyk Road,E01029985,Ipswich 010B,Violence and sexual offences,Unable to prosecute suspect,
b5a95fb9e39499b649546c9cd04bc8dfe600f40bda05a900f40f5d5e8f371b38,2026-02,Suffolk Constabulary,Suffolk Constabulary,1.133764,52.057288,On or near Petrol Station,E01029985,Ipswich 010B,Violence and sexual offences,Under investigation,
99b1d1bba20df7417c8aae5c6edae45448af0f75648d50da8e9632abf85e4113,2026-02,Suffolk Constabulary,Suffolk Constabulary,1.142424,52.050131,On or near Gippeswyk Road,E01029985,Ipswich 010B,Violence and sexual offences,Action to be taken by another organisation,
b6d36f51a4a122ec5c764803f7110f38ad2d58cd6d4bb2cf786985434df2444c,2026-02,Suffolk Constabulary,Suffolk Constabulary,1.143597,52.051260,On or near Parking Area,E01029985,Ipswich 010B,Violence and sexual offences,Under investigation,
fa655b23a0132e3b773f712b1f4ac8b2462a31fd0ac2040245fba5d4e1a6521c,2026-02,Suffolk Constabulary,Suffolk Constabulary,1.142424,52.050131,On or near Gippeswyk Road,E01029985,Ipswich 010B,Violence and sexual offences,Unable to prosecute suspect,
0db76418d790ad9fd4f0a8f93654d9d5533f641fa751f00893c4ee39c9a8e781,2026-02,Suffolk Constabulary,Suffolk Constabulary,1.148127,52.049287,On or near Chesham Road,E01029985,Ipswich 010B,Violence and sexual offences,Investigation complete; no suspect identified,
70269733ae48edba66de56e10d4a67be460246cd8ec59918fcd68bc6571e3465,2026-02,Suffolk Constabulary,Suffolk Constabulary,1.137867,52.053374,On or near Broomwade Close,E01029985,Ipswich 010B,Violence and sexual offences,Under investigation,
99b0d28e87d1f91e4e45dc51d08ffa103004ce487a1ac991ef8afd6c05668ddc,2026-02,Suffolk Constabulary,Suffolk Constabulary,1.142424,52.050131,On or near Gippeswyk Road,E01029985,Ipswich 010B,Violence and sexual offences,Offender given a caution,
4cd9daa70555f6042b5c004101f647907ad8d3e43aa1d282a74c920a6be140e5,2026-02,Suffolk Constabulary,Suffolk Constabulary,1.139520,52.053438,On or near Reavell Place,E01029985,Ipswich 010B,Violence and sexual offences,Unable to prosecute suspect,
0868e601d159592de7960f493302e955ede546fa19545ac5011f963c6814da58,2026-02,Suffolk Constabulary,Suffolk Constabulary,1.142424,52.050131,On or near Gippeswyk Road,E01029985,Ipswich 010B,Violence and sexual offences,Unable to prosecute suspect,
e08868e067dd887d7fb33810d66cd5f2e213c86180a1eb66e2b0568c82174f55,2026-02,Suffolk Constabulary,Suffolk Constabulary,1.137134,52.049382,On or near Talmash Gardens,E01029986,Ipswich 010C,Drugs,Awaiting court outcome,
1ef1215bd9196398535e05918553a65620998dcf94d7fe37dcc19e9e5dbd7117,2026-02,Suffolk Constabulary,Suffolk Constabulary,1.130074,52.052502,On or near Waller'S Grove,E01029986,Ipswich 010C,Other theft,Unable to prosecute suspect,
ad111dc7b879bef9901ab539ae6b48330cdf24042fa09dca364ec00c4e045ec5,2026-02,Suffolk Constabulary,Suffolk Constabulary,1.131483,52.046996,On or near Jasmine Close,E01029986,Ipswich 010C,Possession of weapons,Unable to prosecute suspect,
c73a49ecec3f41910c9af75cb8223fe83f50f435d3a751b795c161476996aa38,2026-02,Suffolk Constabulary,Suffolk Constabulary,1.131483,52.046996,On or near Jasmine Close,E01029986,Ipswich 010C,Possession of weapons,Unable to prosecute suspect,
71fa8d2a0e8bbf109b309b885f03b89578fef76b4fba2e9a4f493da4e7e4cdfa,2026-02,Suffolk Constabulary,Suffolk Constabulary,1.136440,52.048834,On or near Birkfield Close,E01029986,Ipswich 010C,Violence and sexual offences,Unable to prosecute suspect,
8f2636e799b962f0f7c55c4eaa5b822eb799447e126ef3b6d361ca1e73591d83,2026-02,Suffolk Constabulary,Suffolk Constabulary,1.129389,52.045631,On or near Park/Open Space,E01029986,Ipswich 010C,Violence and sexual offences,Unable to prosecute suspect,
6d03fe7a55f4f82e88b6330774c4fafae666d6e062ccddd4f92d476442542309,2026-02,Suffolk Constabulary,Suffolk Constabulary,1.136440,52.048834,On or near Birkfield Close,E01029986,Ipswich 010C,Violence and sexual offences,Awaiting court outcome,
f40e84a560f06c0ffbbf42607d1485210a51809a22eb3e1932ea526799432d0a,2026-02,Suffolk Constabulary,Suffolk Constabulary,1.131483,52.046996,On or near Jasmine Close,E01029986,Ipswich 010C,Violence and sexual offences,Under investigation,
78808bfa290dbe9e4f2dae6c80809d6d97fdff7ca269259fe388f283aa81858f,2026-02,Suffolk Constabulary,Suffolk Constabulary,1.136440,52.048834,On or near Birkfield Close,E01029986,Ipswich 010C,Violence and sexual offences,Action to be taken by another organisation,
8e29a344a144d425f38d19e26d66c8369a35918ac73cbecdf6a843d9400897de,2026-02,Suffolk Constabulary,Suffolk Constabulary,1.136440,52.048834,On or near Birkfield Close,E01029986,Ipswich 010C,Violence and sexual offences,Action to be taken by another organisation,
eb0d913a0148177bebaba6dad9a270482c8d22331cbaf2d0ec9dda3435f79354,2026-02,Suffolk Constabulary,Suffolk Constabulary,1.129389,52.045631,On or near Park/Open Space,E01029986,Ipswich 010C,Violence and sexual offences,Unable to prosecute suspect,
fdad99b94a136cb17e30c2b0b8f3b3eae387482d5cf9ec29bc957a3d96edb8dd,2026-02,Suffolk Constabulary,Suffolk Constabulary,1.131483,52.046996,On or near Jasmine Close,E01029986,Ipswich 010C,Violence and sexual offences,Unable to prosecute suspect,
dca925dc549f1b36a279982b425a70deaac0d98751ef6248509f2f6e469d5780,2026-02,Suffolk Constabulary,Suffolk Constabulary,1.134125,52.047861,On or near Maple Close,E01029986,Ipswich 010C,Violence and sexual offences,Under investigation,
a7f05eec97415567b13cf168de1359715366c9907b4ca0150278df8ebf200cf8,2026-02,Suffolk Constabulary,Suffolk Constabulary,1.125849,52.051544,On or near Coltsfoot Road,E01029986,Ipswich 010C,Violence and sexual offences,Unable to prosecute suspect,
8e5efb79feb640ea876d3e2bbdcaab64589e308142fe33114b70e4688893d1d0,2026-02,Suffolk Constabulary,Suffolk Constabulary,1.136440,52.048834,On or near Birkfield Close,E01029986,Ipswich 010C,Violence and sexual offences,Local resolution,
,2026-02,Suffolk Constabulary,Suffolk Constabulary,1.131186,52.050674,On or near Speedwell Road,E01029987,Ipswich 010D,Anti-social behaviour,,
85c1931caff4ba7769c977f7b803c03cda6c25fa2bd6033f8f2e6caf31c663b2,2026-02,Suffolk Constabulary,Suffolk Constabulary,1.131677,52.048943,On or near Violet Close,E01029987,Ipswich 010D,Criminal damage and arson,Investigation complete; no suspect identified,
828d0e81a6ab37bfcaa1e98705ce132751c9b7bcd2619485fe9f3ca196693788,2026-02,Suffolk Constabulary,Suffolk Constabulary,1.127924,52.049087,On or near Trefoil Close,E01029987,Ipswich 010D,Other theft,Unable to prosecute suspect,
e834957cfa9555952bc0a4d774705e585c11192de1964ae6387c2f65044f4a37,2026-02,Suffolk Constabulary,Suffolk Constabulary,1.126270,52.050049,On or near Orchid Close,E01029987,Ipswich 010D,Vehicle crime,Unable to prosecute suspect,
195cb0e064f19d17d9a5794442d6719f13cf8c28f3faacf77a943ae9d562daca,2026-02,Suffolk Constabulary,Suffolk Constabulary,1.130936,52.049196,On or near Primrose Hill,E01029987,Ipswich 010D,Violence and sexual offences,Investigation complete; no suspect identified,
79f97550d9d8d89e64c65554f912d9a409a5a0b208c4d28fdce93618c6b4ebc4,2026-02,Suffolk Constabulary,Suffolk Constabulary,1.127986,52.049976,On or near Crocus Close,E01029987,Ipswich 010D,Violence and sexual offences,Awaiting court outcome,
77c9730114ea471d1f69bc70b1c6ffb6df9f45d35686e9d6bc63710979fec72a,2026-02,Suffolk Constabulary,Suffolk Constabulary,1.126382,52.049155,On or near Cornflower Close,E01029987,Ipswich 010D,Other crime,Under investigation,
,2026-02,Suffolk Constabulary,Suffolk Constabulary,1.141592,52.059058,On or near Dillwyn Street West,E01029988,Ipswich 010E,Anti-social behaviour,,
483fa7a74ba56ec689f92a5f779fb5b9d70eb1d2bc9d13065c57fed17b39e80f,2026-02,Suffolk Constabulary,Suffolk Constabulary,1.139153,52.057567,On or near Firmin Close,E01029988,Ipswich 010E,Criminal damage and arson,Investigation complete; no suspect identified,
ee03844451917603d906cc3fb8001ae1549ccc751a878d87026723dea9378134,2026-02,Suffolk Constabulary,Suffolk Constabulary,1.139153,52.057567,On or near Firmin Close,E01029988,Ipswich 010E,Criminal damage and arson,Unable to prosecute suspect,
16c963a14b943dae752fc47e8670f4e3ce427c65b4d1fad82f155a1392f0c10a,2026-02,Suffolk Constabulary,Suffolk Constabulary,1.146505,52.057137,On or near Canham Street,E01029988,Ipswich 010E,Criminal damage and arson,Investigation complete; no suspect identified,
b492f2ff023658dc31ead8b224bb049f0b2b49076ff2bdb0465646ebc53681cf,2026-02,Suffolk Constabulary,Suffolk Constabulary,1.139153,52.057567,On or near Firmin Close,E01029988,Ipswich 010E,Drugs,Local resolution,
454bb1be9c9f025d287ae025c24e252b4759f375abe92d9ea75c5b3d74a80ddc,2026-02,Suffolk Constabulary,Suffolk Constabulary,1.148238,52.055220,On or near Friars Bridge Road,E01029988,Ipswich 010E,Other theft,Investigation complete; no suspect identified,
e026abc04da4c85232f42d76fa2af9c2884ebe3613763fd953eef9a05af1a926,2026-02,Suffolk Constabulary,Suffolk Constabulary,1.141592,52.059058,On or near Dillwyn Street West,E01029988,Ipswich 010E,Other theft,Unable to prosecute suspect,
e06bfae9de81a501c9e273c6092e7075aa4138e53abae6e53ae1bf5af5a83ca2,2026-02,Suffolk Constabulary,Suffolk Constabulary,1.142057,52.058407,On or near Emlen Street,E01029988,Ipswich 010E,Other theft,Unable to prosecute suspect,
fc8041373ca27fee1ae32aa4418ddabe059efd02cb2a56d7f0c8cf0119562a3c,2026-02,Suffolk Constabulary,Suffolk Constabulary,1.146995,52.057249,On or near Little Gipping Street,E01029988,Ipswich 010E,Other theft,Investigation complete; no suspect identified,
7141c2f2d06b96a28c1ef0df500e00e1745643642a68a718391280e53d7d34ba,2026-02,Suffolk Constabulary,Suffolk Constabulary,1.142299,52.054164,On or near Constantine Road,E01029988,Ipswich 010E,Public order,Offender given a caution,
87288c9dee117c132e231d11077d31a4633ba66f28c8636b3d9c0fa9b890eb18,2026-02,Suffolk Constabulary,Suffolk Constabulary,1.146995,52.057249,On or near Little Gipping Street,E01029988,Ipswich 010E,Public order,Awaiting court outcome,
9e5a8ba71412a074df0a20c4e000679b4159faf07390f6a6584b49747de68f2f,2026-02,Suffolk Constabulary,Suffolk Constabulary,1.141592,52.059058,On or near Dillwyn Street West,E01029988,Ipswich 010E,Public order,Unable to prosecute suspect,
4d68363125ff8a70036c5e46c46e659ea814d0a50eee68549dd8ade5b3a997ed,2026-02,Suffolk Constabulary,Suffolk Constabulary,1.146995,52.057249,On or near Little Gipping Street,E01029988,Ipswich 010E,Public order,Awaiting court outcome,
01fff03b6a4a15942a35e2bcf952070029ff41c2eb404783316a3de4b4f66250,2026-02,Suffolk Constabulary,Suffolk Constabulary,1.139153,52.057567,On or near Firmin Close,E01029988,Ipswich 010E,Vehicle crime,Investigation complete; no suspect identified,
1af1bea6a6469e310a2f83bb6dae684846397793298507929e94bc6b598ea408,2026-02,Suffolk Constabulary,Suffolk Constabulary,1.141525,52.058106,On or near Dillwyn Street,E01029988,Ipswich 010E,Vehicle crime,Investigation complete; no suspect identified,
790bedf539f5dcaaf9c36ab716916b0be9d3a463e68efcd56329020898222a25,2026-02,Suffolk Constabulary,Suffolk Constabulary,1.139153,52.057567,On or near Firmin Close,E01029988,Ipswich 010E,Vehicle crime,Investigation complete; no suspect identified,
e93c8eb636560c5b7f870ffd3b6a072334379ba4bc8d239a32bf786692e508c7,2026-02,Suffolk Constabulary,Suffolk Constabulary,1.144638,52.054236,On or near Sports/Recreation Area,E01029988,Ipswich 010E,Violence and sexual offences,Awaiting court outcome,
baee76f057cc804c532847055a5b1d407695078248175b05a8fe9fb024981578,2026-02,Suffolk Constabulary,Suffolk Constabulary,1.146995,52.057249,On or near Little Gipping Street,E01029988,Ipswich 010E,Violence and sexual offences,Unable to prosecute suspect,
f6e3e3dd5842e5067a38bea0bd9e854ab4601c1a0d8d4fb3c5cb86efb3b05730,2026-02,Suffolk Constabulary,Suffolk Constabulary,1.146995,52.057249,On or near Little Gipping Street,E01029988,Ipswich 010E,Violence and sexual offences,Unable to prosecute suspect,
efd62d9301a0db021a58cc6c76ca8004e09e003488017956f32608bed4745f7c,2026-02,Suffolk Constabulary,Suffolk Constabulary,1.147122,52.055537,On or near Parking Area,E01029988,Ipswich 010E,Violence and sexual offences,Investigation complete; no suspect identified,
e2608067f7fa507c1d320339ebeaa635c1f391455ec13af4c5d4b71d0947c48f,2026-02,Suffolk Constabulary,Suffolk Constabulary,1.144638,52.054236,On or near Sports/Recreation Area,E01029988,Ipswich 010E,Violence and sexual offences,Investigation complete; no suspect identified,
dced371c315f1aa4fc5b1560e9cffc59aa3678e2ca98e7a4d5f73a1a11737479,2026-02,Suffolk Constabulary,Suffolk Constabulary,1.139153,52.057567,On or near Firmin Close,E01029988,Ipswich 010E,Violence and sexual offences,Under investigation,
29b3808f8b228a74c1fd5199f156273a988a849eee0702d519931b7299b47706,2026-02,Suffolk Constabulary,Suffolk Constabulary,1.143454,52.057533,On or near Parking Area,E01029988,Ipswich 010E,Violence and sexual offences,Investigation complete; no suspect identified,
5e2bf560bc96a726efde4988c3c70301e9b777adaa107f226949879a9dc11440,2026-02,Suffolk Constabulary,Suffolk Constabulary,1.146995,52.057249,On or near Little Gipping Street,E01029988,Ipswich 010E,Violence and sexual offences,Unable to prosecute suspect,
5f003d528241b18eeecd7b58cee11f495034e9ea3bc56f938eab0ab3294afe5d,2026-02,Suffolk Constabulary,Suffolk Constabulary,1.140239,52.058707,On or near Elliott Street,E01029988,Ipswich 010E,Violence and sexual offences,Action to be taken by another organisation,
ffbbcfa9f0af0868ad05cd629f19c9c635bf2cc3c300a76857a0b56939065382,2026-02,Suffolk Constabulary,Suffolk Constabulary,1.143628,52.058967,On or near Burlington Road,E01029988,Ipswich 010E,Violence and sexual offences,Under investigation,
51820852f841e3f97c3f848840033cdfc9c80f732d71941a4beacf90ca7080d1,2026-02,Suffolk Constabulary,Suffolk Constabulary,1.137676,52.057111,On or near Woollards Close,E01029988,Ipswich 010E,Violence and sexual offences,Unable to prosecute suspect,
d170026a5d4788baf5e96f61579d6117757c578f5bd53e3fc70fb2912e29f196,2026-02,Suffolk Constabulary,Suffolk Constabulary,1.148238,52.055220,On or near Friars Bridge Road,E01029988,Ipswich 010E,Violence and sexual offences,Under investigation,
70f9a06ec8d876b442d1b203adba06e9c091320d4563145c1cccced8041f92be,2026-02,Suffolk Constabulary,Suffolk Constabulary,1.143628,52.058967,On or near Burlington Road,E01029988,Ipswich 010E,Other crime,Under investigation,
,2026-02,Suffolk Constabulary,Suffolk Constabulary,1.177511,52.050593,On or near Alan Road,E01029990,Ipswich 011B,Anti-social behaviour,,
,2026-02,Suffolk Constabulary,Suffolk Constabulary,1.177511,52.050593,On or near Alan Road,E01029990,Ipswich 011B,Anti-social behaviour,,
fe29b6a325245e0b8018c77f9f1bf1525520ee14be759a9758acdf71a2efe84e,2026-02,Suffolk Constabulary,Suffolk Constabulary,1.177511,52.050593,On or near Alan Road,E01029990,Ipswich 011B,Criminal damage and arson,Investigation complete; no suspect identified,
e95d20db56f616a89be239e00c9b2c9537b866a941f1639e34957b3cc214a1cd,2026-02,Suffolk Constabulary,Suffolk Constabulary,1.177511,52.050593,On or near Alan Road,E01029990,Ipswich 011B,Criminal damage and arson,Investigation complete; no suspect identified,
f96ffb02a64d85c8d147a90a752cc16ae44c8f5736060a43319f3f32ad354290,2026-02,Suffolk Constabulary,Suffolk Constabulary,1.179299,52.051534,On or near Upper Cavendish Street,E01029990,Ipswich 011B,Vehicle crime,Investigation complete; no suspect identified,
d3c7715dd70bfa916ef006e11fd692d155cc9b223249cc1e4f2ff1675ef36d38,2026-02,Suffolk Constabulary,Suffolk Constabulary,1.175905,52.049341,On or near Alston Road,E01029990,Ipswich 011B,Vehicle crime,Investigation complete; no suspect identified,
74a9c65540225e5ad24cf9a1668222be8bd20e50ace54f6165b5f994a743ed4d,2026-02,Suffolk Constabulary,Suffolk Constabulary,1.179299,52.051534,On or near Upper Cavendish Street,E01029990,Ipswich 011B,Vehicle crime,Investigation complete; no suspect identified,
39929507feed2e808da4d3301ea5de9611355b11552f689cd6f3709a1cf07a31,2026-02,Suffolk Constabulary,Suffolk Constabulary,1.175905,52.049341,On or near Alston Road,E01029990,Ipswich 011B,Vehicle crime,Unable to prosecute suspect,
105f318e962cf1db8d6986cfbe08de70a369c0c4f92c226bbee9675a59ae9473,2026-02,Suffolk Constabulary,Suffolk Constabulary,1.175905,52.049341,On or near Alston Road,E01029990,Ipswich 011B,Vehicle crime,Under investigation,
6dd14721bce5bfaddabaa5c47a9c6a3c99c8bae65b08e526f2d4b1978a39eee3,2026-02,Suffolk Constabulary,Suffolk Constabulary,1.180412,52.048095,On or near A1156,E01029990,Ipswich 011B,Violence and sexual offences,Under investigation,
a5e2e20fc78946a00aeffcfbfb0a99f650f33028fb0cddf54ba26c94f593866a,2026-02,Suffolk Constabulary,Suffolk Constabulary,1.175905,52.049341,On or near Alston Road,E01029990,Ipswich 011B,Violence and sexual offences,Awaiting court outcome,
d776330b5efc472f52c28caa239a98ce2486c7a66cfe6b3fc7f7c74b946fb08b,2026-02,Suffolk Constabulary,Suffolk Constabulary,1.177975,52.050544,On or near Rosehill Road,E01029990,Ipswich 011B,Violence and sexual offences,Action to be taken by another organisation,
e50315c60a520952f1f9063b93d48e647c28265009f72ebc472a63695020c349,2026-02,Suffolk Constabulary,Suffolk Constabulary,1.175905,52.049341,On or near Alston Road,E01029990,Ipswich 011B,Violence and sexual offences,Under investigation,
251e53de8becd574df6cb54ca47fc1a99813c6321e141f556e363aec7683fabd,2026-02,Suffolk Constabulary,Suffolk Constabulary,1.178996,52.050553,On or near Newton Road,E01029990,Ipswich 011B,Violence and sexual offences,Unable to prosecute suspect,
1ec90f8c4f5e9da27c93f76c4bdb938a43cf66fc41bad32ca979b6d2d71fe2d7,2026-02,Suffolk Constabulary,Suffolk Constabulary,1.175905,52.049341,On or near Alston Road,E01029990,Ipswich 011B,Violence and sexual offences,Under investigation,
0eaa29987038779aebe584c9f77033f8a098ea021eed450363c64dcd1bb35730,2026-02,Suffolk Constabulary,Suffolk Constabulary,1.175905,52.049341,On or near Alston Road,E01029990,Ipswich 011B,Violence and sexual offences,Awaiting court outcome,
565d4bd3a2c8b83c070750cfe7aa094a75ec71f6393870f9634b35c1a1675334,2026-02,Suffolk Constabulary,Suffolk Constabulary,1.175905,52.049341,On or near Alston Road,E01029990,Ipswich 011B,Violence and sexual offences,Unable to prosecute suspect,
1e32537b8331313c1ce3649cb4e86ad28a06bfe3f4902370e46bcebd939e2816,2026-02,Suffolk Constabulary,Suffolk Constabulary,1.172790,52.042841,On or near Dereham Avenue,E01029991,Ipswich 011C,Criminal damage and arson,Investigation complete; no suspect identified,
8d1d66c0fa8555829aee3a2fb4db5119c00d3fda9b86477dcec89503af85f7c0,2026-02,Suffolk Constabulary,Suffolk Constabulary,1.166733,52.044030,On or near Draymans Way,E01029991,Ipswich 011C,Public order,Unable to prosecute suspect,
3c4dd841a34ef397faba6f6e50a595f15963a68b576446d88f32a3254e78b108,2026-02,Suffolk Constabulary,Suffolk Constabulary,1.172646,52.044932,On or near Cliff Lane,E01029992,Ipswich 011D,Burglary,Investigation complete; no suspect identified,
5f8273dfc8a4f524ed337efef68caece83b00bf8b686f25e86b3f21847e62ebd,2026-02,Suffolk Constabulary,Suffolk Constabulary,1.172646,52.044932,On or near Cliff Lane,E01029992,Ipswich 011D,Burglary,Investigation complete; no suspect identified,
d992ca219ca200fee25fa8353c7c6886a8238251365a4a400925b79d33225fe3,2026-02,Suffolk Constabulary,Suffolk Constabulary,1.172646,52.044932,On or near Cliff Lane,E01029992,Ipswich 011D,Burglary,Investigation complete; no suspect identified,
7175126c7e43a4f719905d0a32a1ddd2facf0fda6dc3504d42e0a2801b6b638b,2026-02,Suffolk Constabulary,Suffolk Constabulary,1.172646,52.044932,On or near Cliff Lane,E01029992,Ipswich 011D,Criminal damage and arson,Investigation complete; no suspect identified,
b21de1a4fb0550dcf35ca58099b549de6f3374a37264a3fff12995e148cb6410,2026-02,Suffolk Constabulary,Suffolk Constabulary,1.180038,52.046936,On or near Levington Road,E01029992,Ipswich 011D,Theft from the person,Investigation complete; no suspect identified,
d2373e4f288fffcbc51087032629b4edc582114573ee693c65ba4060be58a35b,2026-02,Suffolk Constabulary,Suffolk Constabulary,1.176484,52.043929,On or near Severn Road,E01029992,Ipswich 011D,Violence and sexual offences,Under investigation,
1c60a1ab22bc82778be4089be56ba1ee960a320bd1337ead601af55f22f715cc,2026-02,Suffolk Constabulary,Suffolk Constabulary,1.178518,52.047715,On or near Salisbury Road,E01029992,Ipswich 011D,Violence and sexual offences,Unable to prosecute suspect,
cbf4696973578303a5314307b1b04f5e85077184056d571f0517bef57eb56a22,2026-02,Suffolk Constabulary,Suffolk Constabulary,1.169315,52.050625,On or near A1156,E01033123,Ipswich 011E,Burglary,Investigation complete; no suspect identified,
960c788333fa62fea46be0535914ebc3201969913d4f1c53dd6d041a8aa18a63,2026-02,Suffolk Constabulary,Suffolk Constabulary,1.171144,52.049874,On or near Bishop'S Hill,E01033123,Ipswich 011E,Criminal damage and arson,Investigation complete; no suspect identified,
71371b61ee0942d6a8038cc50a7f6a3aa727abf058bb80a6772760f1b299829a,2026-02,Suffolk Constabulary,Suffolk Constabulary,1.172605,52.051759,On or near Cavendish Street,E01033123,Ipswich 011E,Robbery,Investigation complete; no suspect identified,
c0a38f136f5018a3c417750d844bcf55e8e8c3cddeeb11902710f6376e2f3719,2026-02,Suffolk Constabulary,Suffolk Constabulary,1.173234,52.053433,On or near Supermarket,E01033123,Ipswich 011E,Shoplifting,Investigation complete; no suspect identified,
25e2f37dbfb60b608a8f6f76572e414dd16c149441ecdcdde2260718361cb7ed,2026-02,Suffolk Constabulary,Suffolk Constabulary,1.173234,52.053433,On or near Supermarket,E01033123,Ipswich 011E,Shoplifting,Investigation complete; no suspect identified,
b9296ff1087c36f6ff972c87b5069e5e8c8bce4de0914ae2b67b0c3933fcb150,2026-02,Suffolk Constabulary,Suffolk Constabulary,1.173234,52.053433,On or near Supermarket,E01033123,Ipswich 011E,Shoplifting,Unable to prosecute suspect,
2dd32d9c163a47870e1fde792f369aaca552b25d57682d16d21cd1c4acfb3c86,2026-02,Suffolk Constabulary,Suffolk Constabulary,1.173234,52.053433,On or near Supermarket,E01033123,Ipswich 011E,Shoplifting,Investigation complete; no suspect identified,
2019d7a01d60e5f5ebb9ba22ca9e64897f87d0c2066c27f0a86cc3cbf41ddf6c,2026-02,Suffolk Constabulary,Suffolk Constabulary,1.173234,52.053433,On or near Supermarket,E01033123,Ipswich 011E,Shoplifting,Investigation complete; no suspect identified,
2ca19759899aa0a96cf77163514069ff3afac17abe12bcf9ffc956a4ae1ce7cf,2026-02,Suffolk Constabulary,Suffolk Constabulary,1.173234,52.053433,On or near Supermarket,E01033123,Ipswich 011E,Shoplifting,Investigation complete; no suspect identified,
0388feaf68287f13ebfa121424e6d38b6859a5cbe844807c045d2300539be777,2026-02,Suffolk Constabulary,Suffolk Constabulary,1.173234,52.053433,On or near Supermarket,E01033123,Ipswich 011E,Shoplifting,Investigation complete; no suspect identified,
a5b951721506809a7ebf5e404639f2512833b141dc3e40545efc0aa26af0b2fb,2026-02,Suffolk Constabulary,Suffolk Constabulary,1.173234,52.053433,On or near Supermarket,E01033123,Ipswich 011E,Shoplifting,Investigation complete; no suspect identified,
ce0072d2d07d6ea8787a7e77341e23eabfc30135bc65af31f3ea2d03dd2862d1,2026-02,Suffolk Constabulary,Suffolk Constabulary,1.173234,52.053433,On or near Supermarket,E01033123,Ipswich 011E,Shoplifting,Investigation complete; no suspect identified,
7f6404d7e128fd16838a121a2c0877705aae8ce12964a2487c87c8ad679354c4,2026-02,Suffolk Constabulary,Suffolk Constabulary,1.173234,52.053433,On or near Supermarket,E01033123,Ipswich 011E,Shoplifting,Unable to prosecute suspect,
656bb041cb081c9b2d0e74370f117619776594e33f1372e895f5826a97f519c8,2026-02,Suffolk Constabulary,Suffolk Constabulary,1.173234,52.053433,On or near Supermarket,E01033123,Ipswich 011E,Shoplifting,Investigation complete; no suspect identified,
a37aacc4ec2f13002e9f6f2455e2ecaf29bff71f7098e04b3b827a4b4e2de1cd,2026-02,Suffolk Constabulary,Suffolk Constabulary,1.173234,52.053433,On or near Supermarket,E01033123,Ipswich 011E,Shoplifting,Investigation complete; no suspect identified,
5ac11fa18b9635da8a893cdb05a55a1ab0f23e2c51f55461eb0659fdc130901e,2026-02,Suffolk Constabulary,Suffolk Constabulary,1.171144,52.049874,On or near Bishop'S Hill,E01033123,Ipswich 011E,Violence and sexual offences,Unable to prosecute suspect,
4e2d932f55fe2a52d4cabe56ab424c468f6b8b3a0967b82fc460951da9f2b569,2026-02,Suffolk Constabulary,Suffolk Constabulary,1.173234,52.053433,On or near Supermarket,E01033123,Ipswich 011E,Violence and sexual offences,Unable to prosecute suspect,
feeff3b3cfe5505ebc8c6b7239ac07308fdde245fcd3dc709158a1d2a4bea74d,2026-02,Suffolk Constabulary,Suffolk Constabulary,1.166826,52.051735,On or near Fore Hamlet,E01033126,Ipswich 011F,Bicycle theft,Investigation complete; no suspect identified,
6481a6ffc325375c70acd2987938e2ea5b4bfa75d3480710b330dbc40996e93a,2026-02,Suffolk Constabulary,Suffolk Constabulary,1.166119,52.050405,On or near Hope Court,E01033126,Ipswich 011F,Drugs,Local resolution,
c8726d0321d01573f02589453dee749f0c82806ca71179e564773d0074b31a00,2026-02,Suffolk Constabulary,Suffolk Constabulary,1.164700,52.048276,On or near Patteson Road,E01033126,Ipswich 011F,Other theft,Investigation complete; no suspect identified,
afdabb440bb5246e98cda51916ca9c2b3df4fdade833f996f45e845a9a4b83b7,2026-02,Suffolk Constabulary,Suffolk Constabulary,1.164700,52.048276,On or near Patteson Road,E01033126,Ipswich 011F,Other theft,Investigation complete; no suspect identified,
dd4fdfee930a73f69e0b660ef34a90e2dd71def3e996902e85808ded5b974604,2026-02,Suffolk Constabulary,Suffolk Constabulary,1.166826,52.051735,On or near Fore Hamlet,E01033126,Ipswich 011F,Public order,Under investigation,
75e9875e6c2e4c7107ef142b4651e4b0d960b10d244a902c4869bbea02d7e02a,2026-02,Suffolk Constabulary,Suffolk Constabulary,1.166119,52.050405,On or near Hope Court,E01033126,Ipswich 011F,Shoplifting,Unable to prosecute suspect,
16e9924c15fab5e62b242756b248b910432db9e77862e13c19a3af1686b9a924,2026-02,Suffolk Constabulary,Suffolk Constabulary,1.166119,52.050405,On or near Hope Court,E01033126,Ipswich 011F,Shoplifting,Awaiting court outcome,
e59ec07b5d369c4b264d5c85d9e1370f4bb07e2f17f73d7a01a37d00f9740ca3,2026-02,Suffolk Constabulary,Suffolk Constabulary,1.166119,52.050405,On or near Hope Court,E01033126,Ipswich 011F,Shoplifting,Investigation complete; no suspect identified,
64db985211fb62dadd059b17aa53747e02ee7ca827058555fbf1d84b12529c06,2026-02,Suffolk Constabulary,Suffolk Constabulary,1.166119,52.050405,On or near Hope Court,E01033126,Ipswich 011F,Shoplifting,Awaiting court outcome,
95503e919ce3c1efa20e5361df0bf86a8bfa3cea6c8060289ecdfe7e213f7b78,2026-02,Suffolk Constabulary,Suffolk Constabulary,1.164314,52.052108,On or near Coprolite Street,E01033126,Ipswich 011F,Violence and sexual offences,Awaiting court outcome,
163bf78007fa29ba916a2b96aade1cbf2158f218ff47d2428f673b16d2fa1772,2026-02,Suffolk Constabulary,Suffolk Constabulary,1.166826,52.051735,On or near Fore Hamlet,E01033126,Ipswich 011F,Violence and sexual offences,Investigation complete; no suspect identified,
c7d4eb7ad5766115ca3347a99e967571f1c6313169c24fcdfd7b5f838ebde890,2026-02,Suffolk Constabulary,Suffolk Constabulary,1.164700,52.048276,On or near Patteson Road,E01033126,Ipswich 011F,Violence and sexual offences,Unable to prosecute suspect,
6e2a9f153f7545b0715c276aaf241874f73fdca17179584589afd74e48d9796c,2026-02,Suffolk Constabulary,Suffolk Constabulary,1.166119,52.050405,On or near Hope Court,E01033126,Ipswich 011F,Other crime,Under investigation,
,2026-02,Suffolk Constabulary,Suffolk Constabulary,1.152596,52.047908,On or near Bradley Street,E01029968,Ipswich 012A,Anti-social behaviour,,
6e9ffe1dd24e8d7fe9ccb6d4e53982d99b6bcb99a87454f30b9c61d6f7bc20ab,2026-02,Suffolk Constabulary,Suffolk Constabulary,1.152596,52.047908,On or near Bradley Street,E01029968,Ipswich 012A,Bicycle theft,Investigation complete; no suspect identified,
9d357d44eeee81c4ce2f774a93a24fc9fa72b428656ca178eef61f1ee4fe105d,2026-02,Suffolk Constabulary,Suffolk Constabulary,1.152596,52.047908,On or near Bradley Street,E01029968,Ipswich 012A,Criminal damage and arson,Unable to prosecute suspect,
9f7718ad41b04ae8f52fd3a9f1b7a18b61f16d33e9c6e0da6aa7ccda18d6456a,2026-02,Suffolk Constabulary,Suffolk Constabulary,1.153948,52.047224,On or near Station Street,E01029968,Ipswich 012A,Criminal damage and arson,Investigation complete; no suspect identified,
e9c30e93f2c38c964de4c40e600c8d04793ae7c138ac5613e69a6b3ce083bc92,2026-02,Suffolk Constabulary,Suffolk Constabulary,1.155124,52.048389,On or near Turin Street,E01029968,Ipswich 012A,Possession of weapons,Unable to prosecute suspect,
c335ee77a2e7eaf2aa42ce4a0d9c6f895c07777a3f71c3c6f4818c9ace6e8801,2026-02,Suffolk Constabulary,Suffolk Constabulary,1.155124,52.048389,On or near Turin Street,E01029968,Ipswich 012A,Public order,Unable to prosecute suspect,
47f5410a90195e8f33d5e6217b57a994c930638b7383a56ebfc2746506c1e55d,2026-02,Suffolk Constabulary,Suffolk Constabulary,1.153948,52.047224,On or near Station Street,E01029968,Ipswich 012A,Vehicle crime,Unable to prosecute suspect,
786ce2b4f4000154f4bd3546afa014df93387eed9a14784725c5906eeb0c346f,2026-02,Suffolk Constabulary,Suffolk Constabulary,1.152596,52.047908,On or near Bradley Street,E01029968,Ipswich 012A,Violence and sexual offences,Investigation complete; no suspect identified,
6b524d6bf2478c84686adbbf810e6570433ca3451378c2dded26733924b24771,2026-02,Suffolk Constabulary,Suffolk Constabulary,1.152596,52.047908,On or near Bradley Street,E01029968,Ipswich 012A,Violence and sexual offences,Unable to prosecute suspect,
056adc0df86e3164d792e4ce62b65bd6de35d191aebf0175237b24c25961bf5a,2026-02,Suffolk Constabulary,Suffolk Constabulary,1.153948,52.047224,On or near Station Street,E01029968,Ipswich 012A,Violence and sexual offences,Unable to prosecute suspect,
fcbf5306a16851a886feb3ac02f52b39a2fdd7fdac4edb9710a1705804495e26,2026-02,Suffolk Constabulary,Suffolk Constabulary,1.154198,52.047874,On or near Pauline Street,E01029968,Ipswich 012A,Violence and sexual offences,Unable to prosecute suspect,
a6547230feaab707797a1a4ec8c6a8f2417c41b3757f670aaa904ca32a7fc0f3,2026-02,Suffolk Constabulary,Suffolk Constabulary,1.152596,52.047908,On or near Bradley Street,E01029968,Ipswich 012A,Violence and sexual offences,Unable to prosecute suspect,
,2026-02,Suffolk Constabulary,Suffolk Constabulary,1.152371,52.041204,On or near Wherstead Road,E01029969,Ipswich 012B,Anti-social behaviour,,
dc68c72ebde257563574b241260f603c51b665555ea7d912bba547bde3a7e15a,2026-02,Suffolk Constabulary,Suffolk Constabulary,1.148119,52.040886,On or near Conway Close,E01029969,Ipswich 012B,Burglary,Investigation complete; no suspect identified,
f7c0909aff5091cf6cc43cf3969c47209c2f61f70edc5640f12baa950a428865,2026-02,Suffolk Constabulary,Suffolk Constabulary,1.153592,52.044041,On or near A137,E01029969,Ipswich 012B,Violence and sexual offences,Unable to prosecute suspect,
0a92858c503cad04148fba80662815a7f5d4de238a903ea76581c270886990fc,2026-02,Suffolk Constabulary,Suffolk Constabulary,1.144601,52.036888,On or near Monmouth Close,E01029969,Ipswich 012B,Violence and sexual offences,Unable to prosecute suspect,
e8c48be87534179408fc9fcf0500dbb32f3e6f760b4f6b47f40752dc36cc203f,2026-02,Suffolk Constabulary,Suffolk Constabulary,1.148119,52.040886,On or near Conway Close,E01029969,Ipswich 012B,Other crime,Further investigation is not in the public interest,
7daea3887638778f72145a32e333ec5c039abd281cb28268211d5e08d2921db0,2026-02,Suffolk Constabulary,Suffolk Constabulary,1.153893,52.045616,On or near Bromley Close,E01029970,Ipswich 012C,Criminal damage and arson,Awaiting court outcome,
8c28b5f32c2062cfd78ac40d3d99a1f9f7842e7c91724e02dcbda896ab44bf7a,2026-02,Suffolk Constabulary,Suffolk Constabulary,1.152901,52.046443,On or near Little Croft Street,E01029970,Ipswich 012C,Theft from the person,Under investigation,
73bb5871761def165462e59e572c1055058be790cd9dfa3fbe96657d3c766622,2026-02,Suffolk Constabulary,Suffolk Constabulary,1.143902,52.046252,On or near Almondhayes,E01029970,Ipswich 012C,Vehicle crime,Investigation complete; no suspect identified,
f3b52a15fb88a79d05f1c690f195d6a9e35c73b21c5c313933320194f076778d,2026-02,Suffolk Constabulary,Suffolk Constabulary,1.152312,52.045955,On or near Worsdell Close,E01029970,Ipswich 012C,Vehicle crime,Investigation complete; no suspect identified,
130a4cbd7dfec14656c467cb9c861a5b213f6a2b545985de88a742210e0c4e72,2026-02,Suffolk Constabulary,Suffolk Constabulary,1.148370,52.044450,On or near Maidenhall Approach,E01029970,Ipswich 012C,Violence and sexual offences,Action to be taken by another organisation,
45e08450c74c0e084acf6aad1c38c7e61c4e43f084e860d4b814ddad2f06f865,2026-02,Suffolk Constabulary,Suffolk Constabulary,1.148370,52.044450,On or near Maidenhall Approach,E01029970,Ipswich 012C,Violence and sexual offences,Action to be taken by another organisation,
292e2c041b32e488053d32b2a65cea5ac6f745b3fdf1f8bce31808b8c8f22dde,2026-02,Suffolk Constabulary,Suffolk Constabulary,1.148370,52.044450,On or near Maidenhall Approach,E01029970,Ipswich 012C,Violence and sexual offences,Unable to prosecute suspect,
f38488c81b7f25eb2303efe75708ecde672a35e4e2c4c048cf015b4837197ed3,2026-02,Suffolk Constabulary,Suffolk Constabulary,1.142663,52.043982,On or near Heatherhayes,E01029970,Ipswich 012C,Violence and sexual offences,Unable to prosecute suspect,
35575bb9360278d9f428004ff671061c5ae902ba9cbb3c5af67692df0eedc46c,2026-02,Suffolk Constabulary,Suffolk Constabulary,1.153893,52.045616,On or near Bromley Close,E01029970,Ipswich 012C,Violence and sexual offences,Unable to prosecute suspect,
1ed3cf01e16e29c8097e2a9ba89190064e5f8045e32f89e9a9be7212c9e21c5f,2026-02,Suffolk Constabulary,Suffolk Constabulary,1.142663,52.043982,On or near Heatherhayes,E01029970,Ipswich 012C,Violence and sexual offences,Action to be taken by another organisation,
e2736d52044923fc1adedae420595b348ee7f309ec1c39d4dc617cf46d162f39,2026-02,Suffolk Constabulary,Suffolk Constabulary,1.148370,52.044450,On or near Maidenhall Approach,E01029970,Ipswich 012C,Violence and sexual offences,Unable to prosecute suspect,
793707370df2891e9281fc8a1259c639639e01c98d65d32255cbebbe7627e9e2,2026-02,Suffolk Constabulary,Suffolk Constabulary,1.139094,52.043421,On or near Fernhayes Close,E01029970,Ipswich 012C,Other crime,Further investigation is not in the public interest,
,2026-02,Suffolk Constabulary,Suffolk Constabulary,1.145527,52.042593,On or near Brecon Close,E01029971,Ipswich 012D,Anti-social behaviour,,
2c39abd742764129a2129c9b5892dac2b065de76b66edb53fa4bccfa60bbc19b,2026-02,Suffolk Constabulary,Suffolk Constabulary,1.146383,52.041499,On or near Maidenhall Green,E01029971,Ipswich 012D,Public order,Unable to prosecute suspect,
dc90cc4d36ed2c8bf65c6206fa35bbd9685ea32f62abe064c9cae61fd178daba,2026-02,Suffolk Constabulary,Suffolk Constabulary,1.143355,52.039503,On or near Cardiff Avenue,E01029971,Ipswich 012D,Violence and sexual offences,Unable to prosecute suspect,
5801a28459a8aff07c29af40ba24edc23836229894e8e68b50f632cfd79e61e9,2026-02,Suffolk Constabulary,Suffolk Constabulary,1.145294,52.040108,On or near Halifax Road,E01029971,Ipswich 012D,Violence and sexual offences,Awaiting court outcome,
a774266b5700f0b856b21fbd0396abafe8e20c0cfc407e4f392723f71a37dd41,2026-02,Suffolk Constabulary,Suffolk Constabulary,1.145294,52.040108,On or near Halifax Road,E01029971,Ipswich 012D,Violence and sexual offences,Unable to prosecute suspect,
ca76e15d86ccbdd8df11d16f9ebd9eb7713f39ae4641c6d77b9f4a429f7f5755,2026-02,Suffolk Constabulary,Suffolk Constabulary,1.145294,52.040108,On or near Halifax Road,E01029971,Ipswich 012D,Violence and sexual offences,Awaiting court outcome,
,2026-02,Suffolk Constabulary,Suffolk Constabulary,1.158538,52.045914,On or near Discovery Avenue,E01033122,Ipswich 012F,Anti-social behaviour,,
3006f224deca9a343e4cd73210a0e8f33104eb00def60fe89e602a5717c20bfd,2026-02,Suffolk Constabulary,Suffolk Constabulary,1.158538,52.045914,On or near Discovery Avenue,E01033122,Ipswich 012F,Criminal damage and arson,Investigation complete; no suspect identified,
fe5384944237e0e5371eb79b299c6529aea37df55f41ddfc057eb33faf990d09,2026-02,Suffolk Constabulary,Suffolk Constabulary,1.157612,52.046029,On or near Jamestown Boulevard,E01033122,Ipswich 012F,Criminal damage and arson,Investigation complete; no suspect identified,
7093d89d31d9d00ebfcea21097a9624d50c2af3040f167dd7b600a7cad6704ab,2026-02,Suffolk Constabulary,Suffolk Constabulary,1.154461,52.045187,On or near Adams Close,E01033122,Ipswich 012F,Drugs,Awaiting court outcome,
05f440a13878052c3e1afe19869659e3561acf2b86607e1dc2865685a741f473,2026-02,Suffolk Constabulary,Suffolk Constabulary,1.156696,52.050199,On or near Barnard Square,E01033122,Ipswich 012F,Other theft,Investigation complete; no suspect identified,
aa60f8a1e8c62cba44cdc49fcca32cf2fadcb2dc0996fb2efe2820d00b749228,2026-02,Suffolk Constabulary,Suffolk Constabulary,1.155771,52.045979,On or near Gresley Gardens,E01033122,Ipswich 012F,Public order,Investigation complete; no suspect identified,
852284190b56f0482d8531af7384a22f65d1801b87b73f45f77f181d0d02f70f,2026-02,Suffolk Constabulary,Suffolk Constabulary,1.158766,52.047706,On or near Conference/Exhibition Centre,E01033122,Ipswich 012F,Public order,Unable to prosecute suspect,
019323f6a8fa87973870f2139824ecbe633a97e5d013a50a86597c83807681cb,2026-02,Suffolk Constabulary,Suffolk Constabulary,1.155465,52.049090,On or near Supermarket,E01033122,Ipswich 012F,Shoplifting,Investigation complete; no suspect identified,
1a9a8cba9b4be3c38c68d9fc1d3d2106d4a772d05d69cbd93a3f00e97dfdcfdf,2026-02,Suffolk Constabulary,Suffolk Constabulary,1.155465,52.049090,On or near Supermarket,E01033122,Ipswich 012F,Shoplifting,Awaiting court outcome,
2ed810039268ded4a2fc434f60031096d32fdddc587489e099ad2571405c5d33,2026-02,Suffolk Constabulary,Suffolk Constabulary,1.155465,52.049090,On or near Supermarket,E01033122,Ipswich 012F,Shoplifting,Awaiting court outcome,
9bdd032be5c45253d7c7e0c2b570044d74d1831fe4e7227f01661b356471151f,2026-02,Suffolk Constabulary,Suffolk Constabulary,1.155465,52.049090,On or near Supermarket,E01033122,Ipswich 012F,Shoplifting,Investigation complete; no suspect identified,
3a9130fdf00daec0337aa6202764e7960b543538fa318e3b5422e663f2c054b5,2026-02,Suffolk Constabulary,Suffolk Constabulary,1.155465,52.049090,On or near Supermarket,E01033122,Ipswich 012F,Shoplifting,Investigation complete; no suspect identified,
09eb4f819c6709b544b45661fbd83691aa462c97cd58fd7aa2108bf16320f3d7,2026-02,Suffolk Constabulary,Suffolk Constabulary,1.155465,52.049090,On or near Supermarket,E01033122,Ipswich 012F,Shoplifting,Awaiting court outcome,
fbe7939f5451cc0399ded09cb49720c3b1e9103cffef10458622775b3102a5f6,2026-02,Suffolk Constabulary,Suffolk Constabulary,1.155465,52.049090,On or near Supermarket,E01033122,Ipswich 012F,Shoplifting,Awaiting court outcome,
4db7bd69c693c1be98e1a7dfdb6f8548913ae74e44494c01b88b24b9b119a4e6,2026-02,Suffolk Constabulary,Suffolk Constabulary,1.155465,52.049090,On or near Supermarket,E01033122,Ipswich 012F,Shoplifting,Investigation complete; no suspect identified,
6df93994a72184736392a061e5de0d11979ebb40b559decedb715215b0e3c3b7,2026-02,Suffolk Constabulary,Suffolk Constabulary,1.155465,52.049090,On or near Supermarket,E01033122,Ipswich 012F,Shoplifting,Awaiting court outcome,
018925ab3f123966a5a0c13bfb00626b5759793f00054c8f13d133b003ab5b64,2026-02,Suffolk Constabulary,Suffolk Constabulary,1.155465,52.049090,On or near Supermarket,E01033122,Ipswich 012F,Shoplifting,Awaiting court outcome,
5159f22564287441c3d73522db185d28ecdff8a202d2c9127e75729ea85b166e,2026-02,Suffolk Constabulary,Suffolk Constabulary,1.155465,52.049090,On or near Supermarket,E01033122,Ipswich 012F,Shoplifting,Investigation complete; no suspect identified,
b2a1cfe4e4bf4273527bd95e59393559235e96df7223ca71168fcff217392ca5,2026-02,Suffolk Constabulary,Suffolk Constabulary,1.155465,52.049090,On or near Supermarket,E01033122,Ipswich 012F,Shoplifting,Unable to prosecute suspect,
79be2185d17517019b4b262cea88e453aa50937a319706ff2a605fd06cc9b265,2026-02,Suffolk Constabulary,Suffolk Constabulary,1.158538,52.045914,On or near Discovery Avenue,E01033122,Ipswich 012F,Vehicle crime,Under investigation,
af3f2914239535b81fded55cf5b6edf836f9c111179c1fbfb188e19c2fddde00,2026-02,Suffolk Constabulary,Suffolk Constabulary,1.158538,52.045914,On or near Discovery Avenue,E01033122,Ipswich 012F,Vehicle crime,Under investigation,
71e74c53b67641434a5c455d6070daa3ca59940cea3d52a85647d4e8e27bdc01,2026-02,Suffolk Constabulary,Suffolk Constabulary,1.158538,52.045914,On or near Discovery Avenue,E01033122,Ipswich 012F,Vehicle crime,Investigation complete; no suspect identified,
0e00d395681490bd3561484f97be7044ed76afdbbb91ef4b0fe85b83daa19359,2026-02,Suffolk Constabulary,Suffolk Constabulary,1.158538,52.045914,On or near Discovery Avenue,E01033122,Ipswich 012F,Vehicle crime,Investigation complete; no suspect identified,
6b341f6850091bc4952832f97de6b75a9c66775da0443f92cab39955e4bb4efa,2026-02,Suffolk Constabulary,Suffolk Constabulary,1.158538,52.045914,On or near Discovery Avenue,E01033122,Ipswich 012F,Vehicle crime,Investigation complete; no suspect identified,
7eacbf9229185431d4c04d31074d6af2541611966ff99368041cfcfa6fc04855,2026-02,Suffolk Constabulary,Suffolk Constabulary,1.155771,52.045979,On or near Gresley Gardens,E01033122,Ipswich 012F,Vehicle crime,Investigation complete; no suspect identified,
36c62d43f50714a653bf95e099e877ceb5b72bb8fe7f6eb509df34970d97366b,2026-02,Suffolk Constabulary,Suffolk Constabulary,1.155465,52.049090,On or near Supermarket,E01033122,Ipswich 012F,Vehicle crime,Unable to prosecute suspect,
f546c0a38ba3e0ae8beb5fc5b17175c8602bcce5bb315e634f90174c6d9c83c6,2026-02,Suffolk Constabulary,Suffolk Constabulary,1.156758,52.049433,On or near Bulstrode Road,E01033122,Ipswich 012F,Vehicle crime,Investigation complete; no suspect identified,
3fa379df293b47edba2b5610041d13762ccb31deedd74f3be16098084fbf8e95,2026-02,Suffolk Constabulary,Suffolk Constabulary,1.157791,52.050422,On or near Stoke Quay,E01033122,Ipswich 012F,Violence and sexual offences,Action to be taken by another organisation,
4b46e50c1d51fd3bc16b36c9f7fe0509d078b1b339f9c20e8d4d57028a0b9532,2026-02,Suffolk Constabulary,Suffolk Constabulary,1.159702,52.048158,On or near New Cut West,E01033122,Ipswich 012F,Violence and sexual offences,Investigation complete; no suspect identified,
029d1d3526dbf532e58bc0b6813753ea08c4af6164b7a13d4052e41f072d9d40,2026-02,Suffolk Constabulary,Suffolk Constabulary,1.156474,52.048712,On or near Tyler Street,E01033122,Ipswich 012F,Violence and sexual offences,Unable to prosecute suspect,
54d6dad954a83e018aaf2c55c4dc8a0a0af979b1964d325b394cb914dc642a65,2026-02,Suffolk Constabulary,Suffolk Constabulary,1.156696,52.050199,On or near Barnard Square,E01033122,Ipswich 012F,Violence and sexual offences,Unable to prosecute suspect,
0152e2d117388199d85bad3eb39090efadd60473a4bccdd055cb7c93fa948ffd,2026-02,Suffolk Constabulary,Suffolk Constabulary,1.156375,52.047303,On or near Brickfield Close,E01033122,Ipswich 012F,Violence and sexual offences,Awaiting court outcome,
b2eabc8a17dd2b1ee9b195cfa22955ac2d768bbeb8734fcc8cd4afbf1d689b17,2026-02,Suffolk Constabulary,Suffolk Constabulary,1.156762,52.044936,On or near Virginia Street,E01033122,Ipswich 012F,Violence and sexual offences,Unable to prosecute suspect,
caed4e8f535e45f19f3b08504b8905e86a995a1b18a9b2513fa2e14f96bd711c,2026-02,Suffolk Constabulary,Suffolk Constabulary,1.158766,52.047706,On or near Conference/Exhibition Centre,E01033122,Ipswich 012F,Violence and sexual offences,Unable to prosecute suspect,
2bc603c2b51d9d157fdd2af9933f3d743ea39985577ae08cf5bb8f5f25910905,2026-02,Suffolk Constabulary,Suffolk Constabulary,1.156779,52.048281,On or near Purplett Street,E01033122,Ipswich 012F,Violence and sexual offences,Unable to prosecute suspect,
1bb831f8a17b850f090176a10f4b9c42b22352496bc17fbc5fd0fd1c08db3243,2026-02,Suffolk Constabulary,Suffolk Constabulary,1.156474,52.048712,On or near Tyler Street,E01033122,Ipswich 012F,Violence and sexual offences,Under investigation,
8651970c78b328eadceb89cbc8cca3f81aa1536581b1b1118b746c1cd2e34256,2026-02,Suffolk Constabulary,Suffolk Constabulary,1.157610,52.049105,On or near Felaw Street,E01033122,Ipswich 012F,Violence and sexual offences,Investigation complete; no suspect identified,
7a45ec9630c87ad3c558879ac94854db488c5c1f61af79f7347a46ce34ee3720,2026-02,Suffolk Constabulary,Suffolk Constabulary,1.158766,52.047706,On or near Conference/Exhibition Centre,E01033122,Ipswich 012F,Violence and sexual offences,Unable to prosecute suspect,
a3638f2b16b4d2e38d4e3b5884d3d4aea9483bf2ee9bb199b15c8dcdb5079808,2026-02,Suffolk Constabulary,Suffolk Constabulary,1.155465,52.049090,On or near Supermarket,E01033122,Ipswich 012F,Violence and sexual offences,Awaiting court outcome,
5be4fe3115bf5faf509a2d92f65cde8173a8196ce44a7f7aa3d4c831f56264cd,2026-02,Suffolk Constabulary,Suffolk Constabulary,1.158766,52.047706,On or near Conference/Exhibition Centre,E01033122,Ipswich 012F,Violence and sexual offences,Unable to prosecute suspect,
cf20ca900b60db1ee512703b964034696648d9eebdcb463f6161f89cd0b652c1,2026-02,Suffolk Constabulary,Suffolk Constabulary,1.156758,52.049433,On or near Bulstrode Road,E01033122,Ipswich 012F,Violence and sexual offences,Unable to prosecute suspect,
c5552604ebeb577d55f852a9ac954e858605d60cdfa09b01832ce5ed2c5e8a28,2026-02,Suffolk Constabulary,Suffolk Constabulary,1.156758,52.049433,On or near Bulstrode Road,E01033122,Ipswich 012F,Violence and sexual offences,Unable to prosecute suspect,
206b56f0e68246985b11dc426fab89826e2b8363203eff13234aa775dfe35b2f,2026-02,Suffolk Constabulary,Suffolk Constabulary,1.156758,52.049433,On or near Bulstrode Road,E01033122,Ipswich 012F,Violence and sexual offences,Unable to prosecute suspect,
6888db6a9c4f1a84cd39570f7fa719e60ef36375373a9dbf28fd7ad31f110ad6,2026-02,Suffolk Constabulary,Suffolk Constabulary,1.156375,52.047303,On or near Brickfield Close,E01033122,Ipswich 012F,Violence and sexual offences,Unable to prosecute suspect,
efa328b08672f362051f7fc8762ca751a39c9c2ba07a181be64a585aa3749426,2026-02,Suffolk Constabulary,Suffolk Constabulary,1.157612,52.046029,On or near Jamestown Boulevard,E01033122,Ipswich 012F,Violence and sexual offences,Under investigation,
,2026-02,Suffolk Constabulary,Suffolk Constabulary,1.152952,52.050686,On or near Stoke Street,E01033130,Ipswich 012G,Anti-social behaviour,,
9a1ff4efb85703c1214a138cbbb4d7b8e47a8b5d54b767d7e5eeb47525d541ad,2026-02,Suffolk Constabulary,Suffolk Constabulary,1.155040,52.051341,On or near Dock Street,E01033130,Ipswich 012G,Burglary,Investigation complete; no suspect identified,
e9f31b334d23d1837e66c0b525a3bb82ce0e66f721825cbfe5f5d08f2065d3f4,2026-02,Suffolk Constabulary,Suffolk Constabulary,1.152952,52.050686,On or near Stoke Street,E01033130,Ipswich 012G,Criminal damage and arson,Unable to prosecute suspect,
71b25c96ff42247f41cc80c57677c5184d5d863f00a6002f598b99e618ba1398,2026-02,Suffolk Constabulary,Suffolk Constabulary,1.154482,52.049422,On or near Austin Street,E01033130,Ipswich 012G,Other theft,Under investigation,
6d213296daa978134e4b44c6aad0dc243d63223ae0659b71741209f437d3fdd3,2026-02,Suffolk Constabulary,Suffolk Constabulary,1.154601,52.049878,On or near Bell Close,E01033130,Ipswich 012G,Possession of weapons,Offender given a caution,
4fc5443537878f3c23841c70014b0944a07b70b3047c7300ade17ed3eb3d3be5,2026-02,Suffolk Constabulary,Suffolk Constabulary,1.153883,52.051066,On or near Bell Lane,E01033130,Ipswich 012G,Theft from the person,Unable to prosecute suspect,
b120d1183988c2a2e499307a4281920608514a1df37fe56872e70e171b5cfa28,2026-02,Suffolk Constabulary,Suffolk Constabulary,1.153718,52.048732,On or near Little'S Crescent,E01033130,Ipswich 012G,Vehicle crime,Investigation complete; no suspect identified,
87b982ab53b9e20c2cc81d74187dc0d89ef3c0d31f68ced73ef54afc6a8c193c,2026-02,Suffolk Constabulary,Suffolk Constabulary,1.153883,52.051066,On or near Bell Lane,E01033130,Ipswich 012G,Vehicle crime,Investigation complete; no suspect identified,
dfb03044d27503193392f7d9ced00d6d39f2585c18a33026c40e73eaf85524f2,2026-02,Suffolk Constabulary,Suffolk Constabulary,1.153718,52.048732,On or near Little'S Crescent,E01033130,Ipswich 012G,Vehicle crime,Unable to prosecute suspect,
a4f39a1c016ed7c9a6105c3aa503ea6e2dc7ca4f1b3a797cf13931cafc479553,2026-02,Suffolk Constabulary,Suffolk Constabulary,1.152952,52.050686,On or near Stoke Street,E01033130,Ipswich 012G,Violence and sexual offences,Unable to prosecute suspect,
60fae686f14f48d37fd64544df061d36d3feacca4eb2e0fbbb761dbf55dcf930,2026-02,Suffolk Constabulary,Suffolk Constabulary,1.153883,52.051066,On or near Bell Lane,E01033130,Ipswich 012G,Violence and sexual offences,Unable to prosecute suspect,
9235c062418406636f12abfa4dcfe9a25a33dede81c9e5332a68959e41cd6982,2026-02,Suffolk Constabulary,Suffolk Constabulary,1.152952,52.050686,On or near Stoke Street,E01033130,Ipswich 012G,Violence and sexual offences,Unable to prosecute suspect,
1d9a0c16c6793bccdbc52bad08e98a5511a696571feaf49f5ea3066943e21e2d,2026-02,Suffolk Constabulary,Suffolk Constabulary,1.148810,52.050698,On or near Burrell Road,E01033130,Ipswich 012G,Violence and sexual offences,Unable to prosecute suspect,
66a7417aca15940de6e815d91b7894a23d1a6dc2eb11d16b85c8974e382c5bde,2026-02,Suffolk Constabulary,Suffolk Constabulary,1.148810,52.050698,On or near Burrell Road,E01033130,Ipswich 012G,Violence and sexual offences,Unable to prosecute suspect,
,2026-02,Suffolk Constabulary,Suffolk Constabulary,1.126512,52.044754,On or near Mallard Way,E01030012,Ipswich 013A,Anti-social behaviour,,
,2026-02,Suffolk Constabulary,Suffolk Constabulary,1.125491,52.045375,On or near Pelican Close,E01030012,Ipswich 013A,Anti-social behaviour,,
,2026-02,Suffolk Constabulary,Suffolk Constabulary,1.121323,52.042086,On or near Dunlin Road,E01030012,Ipswich 013A,Anti-social behaviour,,
9763fcd0a20609a7749e76fec3801d13333e60063199b8b4eddfbe4fad2b14b1,2026-02,Suffolk Constabulary,Suffolk Constabulary,1.127088,52.046106,On or near Widgeon Close,E01030012,Ipswich 013A,Criminal damage and arson,Unable to prosecute suspect,
3ac472f16835b242307e780b629aeb6fc424a52ed3020b3b8fee146950ead54a,2026-02,Suffolk Constabulary,Suffolk Constabulary,1.127088,52.046106,On or near Widgeon Close,E01030012,Ipswich 013A,Criminal damage and arson,Unable to prosecute suspect,
d4c03dba5903a75300eea0ad5f404d723275f40bf62768d281f18d45500f0bc5,2026-02,Suffolk Constabulary,Suffolk Constabulary,1.122387,52.042066,On or near Sheldrake Drive,E01030012,Ipswich 013A,Drugs,Under investigation,
bfe9605205c7a43adddf963993dc3812c51017f0ab94ceb9b4b3f725832d943d,2026-02,Suffolk Constabulary,Suffolk Constabulary,1.126512,52.044754,On or near Mallard Way,E01030012,Ipswich 013A,Violence and sexual offences,Unable to prosecute suspect,
6f849cf96e4adc5be11c790c09bf04086c706679423f29f789fdd396a24800cb,2026-02,Suffolk Constabulary,Suffolk Constabulary,1.123919,52.043537,On or near Tern Road,E01030012,Ipswich 013A,Violence and sexual offences,Unable to prosecute suspect,
12d3aee77305d6b11a281a9f82c03c7100bb255f7720a1ca07f67806b0d884e9,2026-02,Suffolk Constabulary,Suffolk Constabulary,1.123919,52.043537,On or near Tern Road,E01030012,Ipswich 013A,Violence and sexual offences,Unable to prosecute suspect,
9927931b82c24f6460e78b1111815a6eceb62c53bcc48ed2edc365c8a2ee252a,2026-02,Suffolk Constabulary,Suffolk Constabulary,1.123356,52.044037,On or near Pintail Close,E01030012,Ipswich 013A,Violence and sexual offences,Under investigation,
0ac4387742352ec4dfa260f6d04b85758f94fd9d70b5e21fb9feee1ec6659205,2026-02,Suffolk Constabulary,Suffolk Constabulary,1.123919,52.043537,On or near Tern Road,E01030012,Ipswich 013A,Violence and sexual offences,Unable to prosecute suspect,
6d360ae3869d3ce70a95f7f6141da74b352cd5674a3b7bbcf641c7018e210850,2026-02,Suffolk Constabulary,Suffolk Constabulary,1.122807,52.043494,On or near Grebe Close,E01030012,Ipswich 013A,Violence and sexual offences,Unable to prosecute suspect,
60fe64f503cb5d407ec08e204ee033d23192600a0230d4dfa891e6402956208e,2026-02,Suffolk Constabulary,Suffolk Constabulary,1.127088,52.046106,On or near Widgeon Close,E01030012,Ipswich 013A,Violence and sexual offences,Under investigation,
a0fe52842f69affcfac2c64e708d178ec1e514cf84b4b8d521e758fd4e8c5b82,2026-02,Suffolk Constabulary,Suffolk Constabulary,1.121323,52.042086,On or near Dunlin Road,E01030012,Ipswich 013A,Violence and sexual offences,Action to be taken by another organisation,
f1c3bf9164d27574584e5ced9bac775ff2e40a4e539408094c64afeb8ce79232,2026-02,Suffolk Constabulary,Suffolk Constabulary,1.121323,52.042086,On or near Dunlin Road,E01030012,Ipswich 013A,Violence and sexual offences,Action to be taken by another organisation,
fccc218475689b15b70868b4a7de198f89464e2331fd9ebf40c46e67564fde21,2026-02,Suffolk Constabulary,Suffolk Constabulary,1.127088,52.046106,On or near Widgeon Close,E01030012,Ipswich 013A,Other crime,Awaiting court outcome,
533cdb2dac994bd5599ff053b662c52ade04aadbc3b79a553ab5bf0acf50c155,2026-02,Suffolk Constabulary,Suffolk Constabulary,1.121323,52.042086,On or near Dunlin Road,E01030012,Ipswich 013A,Other crime,Under investigation,
,2026-02,Suffolk Constabulary,Suffolk Constabulary,1.119053,52.045087,On or near Redwing Close,E01030013,Ipswich 013B,Anti-social behaviour,,
,2026-02,Suffolk Constabulary,Suffolk Constabulary,1.119716,52.046652,On or near Kingfisher Avenue,E01030013,Ipswich 013B,Anti-social behaviour,,
2a4282b12a60f64ef717ddb4b3b5aeefad17a98413fcf30327b8a57613539024,2026-02,Suffolk Constabulary,Suffolk Constabulary,1.117201,52.044884,On or near Bunting Road,E01030013,Ipswich 013B,Other theft,Unable to prosecute suspect,
464598242bc2df0a134534530a374214c7c871fc0d1fdfeab8457774eb3d9bfd,2026-02,Suffolk Constabulary,Suffolk Constabulary,1.123009,52.046260,On or near Supermarket,E01030013,Ipswich 013B,Shoplifting,Awaiting court outcome,
d68e8ff4b0f0ef872a93bab06f67d5260e3acce4aa05d009f3b06b1f866c2559,2026-02,Suffolk Constabulary,Suffolk Constabulary,1.123009,52.046260,On or near Supermarket,E01030013,Ipswich 013B,Shoplifting,Investigation complete; no suspect identified,
5d52f4cda1ef330c3afb03c84c55cec7cffae9c4e03ca46745144b68ca428a4b,2026-02,Suffolk Constabulary,Suffolk Constabulary,1.123009,52.046260,On or near Supermarket,E01030013,Ipswich 013B,Shoplifting,Investigation complete; no suspect identified,
79c35652f11257acd7833ba6383268eda35f501023ea0f893f2038e84b1a1f94,2026-02,Suffolk Constabulary,Suffolk Constabulary,1.119716,52.046652,On or near Kingfisher Avenue,E01030013,Ipswich 013B,Violence and sexual offences,Unable to prosecute suspect,
950d1a6b4d8fae73169bb4807d386b583c9bc5fbb209020702823aebe8ab2105,2026-02,Suffolk Constabulary,Suffolk Constabulary,1.121719,52.044827,On or near Gannet Road,E01030013,Ipswich 013B,Violence and sexual offences,Unable to prosecute suspect,
21b115b511d9ea94c34a5694f871a581016552c707f87845505502c4be325dcd,2026-02,Suffolk Constabulary,Suffolk Constabulary,1.121719,52.044827,On or near Gannet Road,E01030013,Ipswich 013B,Violence and sexual offences,Unable to prosecute suspect,
53ad417d38c3235980a39399002295dda4be4cf4d6777ec34d919cab3f81b871,2026-02,Suffolk Constabulary,Suffolk Constabulary,1.121521,52.045552,On or near Hawthorn Drive,E01030013,Ipswich 013B,Violence and sexual offences,Local resolution,
065538389ec7780d20cc3d126d106f1190136777f6703bc1fb6fc0b2ceb717d6,2026-02,Suffolk Constabulary,Suffolk Constabulary,1.119716,52.046652,On or near Kingfisher Avenue,E01030013,Ipswich 013B,Violence and sexual offences,Unable to prosecute suspect,
dbb5af8265dcf023cc8bdcfec8252dc900be346891e5c61f45522327c21a51d6,2026-02,Suffolk Constabulary,Suffolk Constabulary,1.119716,52.046652,On or near Kingfisher Avenue,E01030013,Ipswich 013B,Violence and sexual offences,Unable to prosecute suspect,
fef5b2f24e6ce0b097ed75e2fce409cd8cdf807f9647b06055548cf2114f913e,2026-02,Suffolk Constabulary,Suffolk Constabulary,1.117657,52.047867,On or near Robin Drive,E01030013,Ipswich 013B,Violence and sexual offences,Unable to prosecute suspect,
07c4a05f113a864d88dcaeb06f375ec47a750148f8c5c664bb7ceda7a28fc78e,2026-02,Suffolk Constabulary,Suffolk Constabulary,1.117201,52.044884,On or near Bunting Road,E01030013,Ipswich 013B,Other crime,Further investigation is not in the public interest,
8dde27692c21a60ed326ffc5c72d3a118f46ffff5b1b4833fb1662f208a49081,2026-02,Suffolk Constabulary,Suffolk Constabulary,1.116309,52.048406,On or near Teal Close,E01030013,Ipswich 013B,Other crime,Unable to prosecute suspect,
ea22d044f7022c38f2f837b85246cb0bf3d7f86242fa3db08a28a900d0ef26fd,2026-02,Suffolk Constabulary,Suffolk Constabulary,1.119053,52.045087,On or near Redwing Close,E01030013,Ipswich 013B,Other crime,Under investigation,
,2026-02,Suffolk Constabulary,Suffolk Constabulary,1.116840,52.045568,On or near Kestrel Road,E01030014,Ipswich 013C,Anti-social behaviour,,
524a997fa6a7df78c38b03943ce3b797612fe9511492bc4ffa5200517d4bdc4f,2026-02,Suffolk Constabulary,Suffolk Constabulary,1.113232,52.045493,On or near Greenfinch Avenue,E01030014,Ipswich 013C,Drugs,Offender given a caution,
1689019fed8dc8465207da49c24e63125d47dac3965e5f2a4b31e5c1fcfc2bea,2026-02,Suffolk Constabulary,Suffolk Constabulary,1.117486,52.038716,On or near Supermarket,E01030015,Ipswich 013D,Public order,Under investigation,
11d51b8493bc85dd450193e225ade43140ab10cfaa953b3caf526f4c8596e497,2026-02,Suffolk Constabulary,Suffolk Constabulary,1.115891,52.038209,On or near Petrol Station,E01030015,Ipswich 013D,Shoplifting,Unable to prosecute suspect,
914c65e3f8454304ab5dfba58a51c1a04c18efd562248bd063634e5e364267f6,2026-02,Suffolk Constabulary,Suffolk Constabulary,1.117486,52.038716,On or near Supermarket,E01030015,Ipswich 013D,Violence and sexual offences,Action to be taken by another organisation,
b65ef6e7bc5b55613730d0b70597db18572e6058931d6828bccdd4b492e49352,2026-02,Suffolk Constabulary,Suffolk Constabulary,1.111056,52.042294,On or near The Chestnuts,E01030015,Ipswich 013D,Violence and sexual offences,Unable to prosecute suspect,
ba1c7d20b40d00c553e5aa1a21eec47bfe3e5e7b62e31606a4ef16ba04842024,2026-02,Suffolk Constabulary,Suffolk Constabulary,1.111056,52.042294,On or near The Chestnuts,E01030015,Ipswich 013D,Violence and sexual offences,Unable to prosecute suspect,
2ab615339167eef83358d3069205f4da69d6ce6f52ec5173b54c81825ed097fa,2026-02,Suffolk Constabulary,Suffolk Constabulary,1.111056,52.042294,On or near The Chestnuts,E01030015,Ipswich 013D,Violence and sexual offences,Further action is not in the public interest,
0e8926fc0856a2bc2b7620a7381636eadc99c7fd461f41a9f89183c412da7e7d,2026-02,Suffolk Constabulary,Suffolk Constabulary,1.119499,52.039966,On or near Edgeworth Road,E01030016,Ipswich 013E,Public order,Unable to prosecute suspect,
c727611c0805d400a4ca08b6baf7d51cd3ab479e6d497c7120c4a6f953166a4d,2026-02,Suffolk Constabulary,Suffolk Constabulary,1.119548,52.041719,On or near Lakeside Close,E01030016,Ipswich 013E,Violence and sexual offences,Unable to prosecute suspect,
f12f2a410677638f8dbceda19c156470b89bc9c63707eca7fe60b7d1ff110acf,2026-02,Suffolk Constabulary,Suffolk Constabulary,1.120717,52.039655,On or near Barton Close,E01030016,Ipswich 013E,Violence and sexual offences,Unable to prosecute suspect,
,2026-02,Suffolk Constabulary,Suffolk Constabulary,1.192154,52.039296,On or near Serpentine Road,E01029994,Ipswich 014B,Anti-social behaviour,,
bf5418a798ea6d0961a251d3e73b8c8ab62bc51e35f70f37345e23feda662b9c,2026-02,Suffolk Constabulary,Suffolk Constabulary,1.191988,52.035730,On or near Nacton Road,E01029994,Ipswich 014B,Criminal damage and arson,Unable to prosecute suspect,
9e5ccc1751809c92e98e13d588e78240d15b2be5fc01fc638493283df51e6e0c,2026-02,Suffolk Constabulary,Suffolk Constabulary,1.190698,52.038310,On or near Beatty Road,E01029994,Ipswich 014B,Vehicle crime,Investigation complete; no suspect identified,
c8da58cea613b5bc0ae2f89691e951417008e53cbc214807eb91ee074adce170,2026-02,Suffolk Constabulary,Suffolk Constabulary,1.192154,52.039296,On or near Serpentine Road,E01029994,Ipswich 014B,Vehicle crime,Investigation complete; no suspect identified,
61c13a61a56672d1843390e15737980e894b1af00d597c2ed0947d50aac4fa7f,2026-02,Suffolk Constabulary,Suffolk Constabulary,1.191875,52.040904,On or near Recreation Way,E01029994,Ipswich 014B,Violence and sexual offences,Investigation complete; no suspect identified,
f393eb9b8e08124a529d428585a509315cb6c8bc077c273c99747de3bad40fc7,2026-02,Suffolk Constabulary,Suffolk Constabulary,1.191988,52.035730,On or near Nacton Road,E01029994,Ipswich 014B,Violence and sexual offences,Unable to prosecute suspect,
e1567968ef3226ffeb70fef471ef0ebabb87ddb7d871ee763dfeda9eda0da1f1,2026-02,Suffolk Constabulary,Suffolk Constabulary,1.191988,52.035730,On or near Nacton Road,E01029994,Ipswich 014B,Violence and sexual offences,Unable to prosecute suspect,
ace61ca35d0ef92eb7bcb999d5bb6b8446d2b2893b90cd0b7283e3ebfd7d8d51,2026-02,Suffolk Constabulary,Suffolk Constabulary,1.193965,52.041576,On or near Bantoft Terrace,E01029994,Ipswich 014B,Violence and sexual offences,Under investigation,
24d83655cc7f98e2aa7cddff98ca66b4a221dfac2c17b1ab734e6d318df6fbb4,2026-02,Suffolk Constabulary,Suffolk Constabulary,1.191830,52.038028,On or near May Road,E01029994,Ipswich 014B,Violence and sexual offences,Action to be taken by another organisation,
9b1c794da27d552923785624e60832d4a26a31011bdf85d72fb9c00c22e7b8e2,2026-02,Suffolk Constabulary,Suffolk Constabulary,1.183627,52.047972,On or near Hines Road,E01029995,Ipswich 014C,Public order,Under investigation,
abc8781a46ba570e3fe64e6719707d4527a38befd19a3c7c0c119f2fbed85706,2026-02,Suffolk Constabulary,Suffolk Constabulary,1.182510,52.048145,On or near Supermarket,E01029995,Ipswich 014C,Shoplifting,Investigation complete; no suspect identified,
05004adf3d18587b031b979c1055352cad973e4a16a8697959e3ea0e120aa503,2026-02,Suffolk Constabulary,Suffolk Constabulary,1.182510,52.048145,On or near Supermarket,E01029995,Ipswich 014C,Shoplifting,Investigation complete; no suspect identified,
a698c8686585029b46b6e565e9d5c14699046e34b66609aaf5e5ff0a4873910a,2026-02,Suffolk Constabulary,Suffolk Constabulary,1.182510,52.048145,On or near Supermarket,E01029995,Ipswich 014C,Shoplifting,Investigation complete; no suspect identified,
1d8ef3b5640f371b97bb64ddd5ea36d505b8ab83bf4a27967d2c5c57fed9b52c,2026-02,Suffolk Constabulary,Suffolk Constabulary,1.182510,52.048145,On or near Supermarket,E01029995,Ipswich 014C,Shoplifting,Investigation complete; no suspect identified,
f06fe0cc922791bca04cd297822bb0465a064e2186bbcdcc0e71b5eaf8627f6d,2026-02,Suffolk Constabulary,Suffolk Constabulary,1.182510,52.048145,On or near Supermarket,E01029995,Ipswich 014C,Shoplifting,Investigation complete; no suspect identified,
bf5f6e8f2ca0b4c23994acb2985cead64719e35640940f82cd7561190a340052,2026-02,Suffolk Constabulary,Suffolk Constabulary,1.181508,52.046896,On or near Hatfield Road,E01029995,Ipswich 014C,Violence and sexual offences,Unable to prosecute suspect,
a042de9a7265790a1b808f57ad49b58bc44bd8944fa9a38ec8c2055a78d47ea8,2026-02,Suffolk Constabulary,Suffolk Constabulary,1.192062,52.043526,On or near Hillside Crescent,E01029996,Ipswich 014D,Public order,Under investigation,
dcff5acdc2e7987041a16541e339b7a355cdc439af7bce24b5e68d8442398b1e,2026-02,Suffolk Constabulary,Suffolk Constabulary,1.192062,52.043526,On or near Hillside Crescent,E01029996,Ipswich 014D,Public order,Under investigation,
ebf575f2ddd6389b0a59a81d4e0242d0c672a52676c7e628664723099cded57d,2026-02,Suffolk Constabulary,Suffolk Constabulary,1.188459,52.042292,On or near Ransome Crescent,E01029996,Ipswich 014D,Vehicle crime,Investigation complete; no suspect identified,
310e2a4771ec82d484d9ce00b3c367f959523cbb79e4af4e8314bf811b747459,2026-02,Suffolk Constabulary,Suffolk Constabulary,1.188459,52.042292,On or near Ransome Crescent,E01029996,Ipswich 014D,Vehicle crime,Investigation complete; no suspect identified,
ac5743b2b7053709f9d8cf7c96ab7135bb02a3e9eda2372ab2de7805deb063a1,2026-02,Suffolk Constabulary,Suffolk Constabulary,1.190493,52.041976,On or near Franklin Road,E01029996,Ipswich 014D,Violence and sexual offences,Investigation complete; no suspect identified,
d9ae60d36166f0a72b473a1027ffb9e65e1fd88c7c2a32477e48d3c86ba571a6,2026-02,Suffolk Constabulary,Suffolk Constabulary,1.188478,52.039890,On or near Coniston Road,E01029996,Ipswich 014D,Violence and sexual offences,Unable to prosecute suspect,
c4974f4bfbcebbe8f0541b5807331a3d822d33fae6c344cc17ac6bda2c0afbb1,2026-02,Suffolk Constabulary,Suffolk Constabulary,1.190493,52.041976,On or near Franklin Road,E01029996,Ipswich 014D,Other crime,Awaiting court outcome,
,2026-02,Suffolk Constabulary,Suffolk Constabulary,1.198938,52.031152,On or near Witney Close,E01033127,Ipswich 014E,Anti-social behaviour,,
,2026-02,Suffolk Constabulary,Suffolk Constabulary,1.196215,52.028150,On or near Bilberry Road,E01033127,Ipswich 014E,Anti-social behaviour,,
d819cceff5508bc9fbac6ace1b051fd11950ddade5d6a99efffd42cbf1e8db75,2026-02,Suffolk Constabulary,Suffolk Constabulary,1.208952,52.026221,On or near Parking Area,E01033127,Ipswich 014E,Burglary,Investigation complete; no suspect identified,
376ae4610af3da8c91b2ef011378406761a15811816d00a0fc8aeb796b793609,2026-02,Suffolk Constabulary,Suffolk Constabulary,1.208952,52.026221,On or near Parking Area,E01033127,Ipswich 014E,Criminal damage and arson,Investigation complete; no suspect identified,
e5eb3ba92a573cc382af9ba6bae19ae47f68eb9169886931e73938d38c0cf599,2026-02,Suffolk Constabulary,Suffolk Constabulary,1.199688,52.028191,On or near Havergate Road,E01033127,Ipswich 014E,Criminal damage and arson,Awaiting court outcome,
cc0b67679c0fa04fb6e05f6eb4fd8cdb3d687a850947f93774fb88f04b723c7e,2026-02,Suffolk Constabulary,Suffolk Constabulary,1.198938,52.031152,On or near Witney Close,E01033127,Ipswich 014E,Shoplifting,Investigation complete; no suspect identified,
a55579b69088a7d453d77c3f7e7ed83493ad2fe23c242fa560118022d26226f8,2026-02,Suffolk Constabulary,Suffolk Constabulary,1.198938,52.031152,On or near Witney Close,E01033127,Ipswich 014E,Shoplifting,Investigation complete; no suspect identified,
b97576cb60f9a6bad9cf1d86834c53a9348d6e3d23409539614db0470ef3e267,2026-02,Suffolk Constabulary,Suffolk Constabulary,1.208350,52.032677,On or near West Road,E01033127,Ipswich 014E,Shoplifting,Investigation complete; no suspect identified,
75a876ed192500086095202e5655cb460aab770a307d8bfbad5e0ff9d945c5d6,2026-02,Suffolk Constabulary,Suffolk Constabulary,1.198938,52.031152,On or near Witney Close,E01033127,Ipswich 014E,Shoplifting,Investigation complete; no suspect identified,
045168c257146aee9cffff235e7fd1056d2d3cb1c4026a2cda223cd215f9f84c,2026-02,Suffolk Constabulary,Suffolk Constabulary,1.198938,52.031152,On or near Witney Close,E01033127,Ipswich 014E,Shoplifting,Investigation complete; no suspect identified,
b599e2675d7de9ba2345b2282e4564682ccd3edb37a2c05cef54dc42ec76f531,2026-02,Suffolk Constabulary,Suffolk Constabulary,1.194636,52.027671,On or near Elderberry Road,E01033127,Ipswich 014E,Vehicle crime,Investigation complete; no suspect identified,
deb8eb338fc3486d4d8ca94db8de0d5648b267b55bf20fca0cf87e3b1148c3d4,2026-02,Suffolk Constabulary,Suffolk Constabulary,1.199688,52.028191,On or near Havergate Road,E01033127,Ipswich 014E,Violence and sexual offences,Action to be taken by another organisation,
34d5094eff6faa86165393bd828596f1e0299a944632a8e58d82f3ce98552087,2026-02,Suffolk Constabulary,Suffolk Constabulary,1.186715,52.023533,On or near Petrol Station,E01033127,Ipswich 014E,Violence and sexual offences,Investigation complete; no suspect identified,
caee4dc3633baa808f3203843fdc3eae7d2a2a9d6ebef9e866dc08eb25b1c856,2026-02,Suffolk Constabulary,Suffolk Constabulary,1.199935,52.030217,On or near Hening Avenue,E01033127,Ipswich 014E,Violence and sexual offences,Unable to prosecute suspect,
1f03cf6cbe54d6366f58ea4e48606e772d171c27e3224b201a3f1ec5ccacb9a1,2026-02,Suffolk Constabulary,Suffolk Constabulary,1.198938,52.031152,On or near Witney Close,E01033127,Ipswich 014E,Violence and sexual offences,Unable to prosecute suspect,
f6c3ce54475a0ca51386c0475a0670f5ab9ca92e7f0f17a7ab98619fdc131970,2026-02,Suffolk Constabulary,Suffolk Constabulary,1.199935,52.030217,On or near Hening Avenue,E01033127,Ipswich 014E,Violence and sexual offences,Unable to prosecute suspect,
078b0512a42566c317c0284671abcaa6df75098a2db5801db5b210fa0425d0fa,2026-02,Suffolk Constabulary,Suffolk Constabulary,1.199688,52.028191,On or near Havergate Road,E01033127,Ipswich 014E,Violence and sexual offences,Awaiting court outcome,
c7550a39a5efae600ee181b8aaaa0a47647cfdc5a07289ce4d0ae1ebfec861f1,2026-02,Suffolk Constabulary,Suffolk Constabulary,1.201230,52.028751,On or near Edith Cook Way,E01033127,Ipswich 014E,Violence and sexual offences,Action to be taken by another organisation,
198848a76c095c5f5fc8f637982dac2af85f2d0470c80e571f28fab5834372fe,2026-02,Suffolk Constabulary,Suffolk Constabulary,1.192516,52.025966,On or near Dunwich Close,E01033127,Ipswich 014E,Violence and sexual offences,Unable to prosecute suspect,
dc932b48448dc92b5487749c82c3da8b2caf5b9d613424c66f500b4148854208,2026-02,Suffolk Constabulary,Suffolk Constabulary,1.198938,52.031152,On or near Witney Close,E01033127,Ipswich 014E,Other crime,Awaiting court outcome,
6d4e6de15e202ad7d07122b815e745efd63fa6f5cd4c7701ddc30897cdad7ed2,2026-02,Suffolk Constabulary,Suffolk Constabulary,1.190155,52.033342,On or near Harrier Close,E01033128,Ipswich 014F,Burglary,Investigation complete; no suspect identified,
202a5cc48d7d16f0bf1436e1509ccb4d86ad488c9e408d8cbfe71a3fcff0e94b,2026-02,Suffolk Constabulary,Suffolk Constabulary,1.193445,52.033262,On or near Wyvern Road,E01033128,Ipswich 014F,Criminal damage and arson,Unable to prosecute suspect,
e53bd79adc6e2d95b372143c469d378134c0252abf4cb24ee8cedc18fdf29e0b,2026-02,Suffolk Constabulary,Suffolk Constabulary,1.195584,52.032592,On or near Chaser Close,E01033128,Ipswich 014F,Public order,Unable to prosecute suspect,
ac7ed2e072298eecaa17ba643c8d19e683a0a64a04577aa14842517bd082bb0e,2026-02,Suffolk Constabulary,Suffolk Constabulary,1.195153,52.031444,On or near Demoiselle Crescent,E01033128,Ipswich 014F,Public order,Unable to prosecute suspect,
61cde329d91d1beca4c435887b718140bb60f73a1a0e1d757b7fbf8716bc9aa0,2026-02,Suffolk Constabulary,Suffolk Constabulary,1.204367,52.034467,On or near Supermarket,E01033128,Ipswich 014F,Shoplifting,Investigation complete; no suspect identified,
0cb846a5e9178f9b0e37219decfa3d4221fccbf74af1ae5e47cf5b4ddac6a54d,2026-02,Suffolk Constabulary,Suffolk Constabulary,1.204367,52.034467,On or near Supermarket,E01033128,Ipswich 014F,Shoplifting,Investigation complete; no suspect identified,
2243a1ce4770a8e535632690e1749aa947a43fae453ba907e77658194a38e5ed,2026-02,Suffolk Constabulary,Suffolk Constabulary,1.192083,52.028073,On or near Freston Road,E01033128,Ipswich 014F,Vehicle crime,Investigation complete; no suspect identified,
19b4bb68c66c2452e1d62ccff5cded571b08bce6dd3bb1741e951d80f45d8fca,2026-02,Suffolk Constabulary,Suffolk Constabulary,1.192083,52.028073,On or near Freston Road,E01033128,Ipswich 014F,Vehicle crime,Investigation complete; no suspect identified,
f4d4642bf4e433e66277ca33c253ecb2031e4d6f516624b3e02ae3359686eaa3,2026-02,Suffolk Constabulary,Suffolk Constabulary,1.194018,52.031897,On or near Emperor Circle,E01033128,Ipswich 014F,Violence and sexual offences,Further investigation is not in the public interest,
47b3f69cfb7de3ab6302eba36bf70c467270860669fd5b557d57879279e0f4e9,2026-02,Suffolk Constabulary,Suffolk Constabulary,1.192083,52.028073,On or near Freston Road,E01033128,Ipswich 014F,Violence and sexual offences,Under investigation,
a30603e55ef318af8d8943634d4af8fb1f9f94ea8dd66f4bcbe7e0db74bd7647,2026-02,Suffolk Constabulary,Suffolk Constabulary,1.194018,52.031897,On or near Emperor Circle,E01033128,Ipswich 014F,Violence and sexual offences,Investigation complete; no suspect identified,
330712431692f6a14ba6ae494f129801185d95ac80997ff0a14a77dcfe97ab22,2026-02,Suffolk Constabulary,Suffolk Constabulary,1.190395,52.034055,On or near Spitfire Close,E01033131,Ipswich 014G,Criminal damage and arson,Unable to prosecute suspect,
67eac6c5d8e53f3505ad89ceb9ded0057dea2fc0c5597dd4664886a7bc9c53d6,2026-02,Suffolk Constabulary,Suffolk Constabulary,1.198413,52.039324,On or near Gibson Close,E01033131,Ipswich 014G,Criminal damage and arson,Under investigation,
90e86f15b000147012f8a1d5995b4b7e769be1276915eeabb1f0be436ed6a490,2026-02,Suffolk Constabulary,Suffolk Constabulary,1.199988,52.038094,On or near Nicholson Close,E01033131,Ipswich 014G,Criminal damage and arson,Investigation complete; no suspect identified,
1821c8c7f6ca873fd3691a9453ce1bf829bc4bff83066bdaa2918233404242a2,2026-02,Suffolk Constabulary,Suffolk Constabulary,1.192775,52.032660,On or near Lysander Drive,E01033131,Ipswich 014G,Criminal damage and arson,Investigation complete; no suspect identified,
f592331cc30602e26d875a260d01173f981410f08105d9f8403d69953aa1cffa,2026-02,Suffolk Constabulary,Suffolk Constabulary,1.199988,52.038094,On or near Nicholson Close,E01033131,Ipswich 014G,Possession of weapons,Unable to prosecute suspect,
461c7c33efbec782e774cae9ab6aec1ed51f38ef7d819491c20cd4292f610cbd,2026-02,Suffolk Constabulary,Suffolk Constabulary,1.198457,52.038306,On or near Garland Close,E01033131,Ipswich 014G,Public order,Investigation complete; no suspect identified,
acf31737ea642677285d4d9c7dd6a29749e81b309bb0beb4a8bfb80d50805b13,2026-02,Suffolk Constabulary,Suffolk Constabulary,1.199988,52.038094,On or near Nicholson Close,E01033131,Ipswich 014G,Public order,Unable to prosecute suspect,
63614a27dedd96be294e069e00efdff914a9dcf1a5135b9cb107867876025f1a,2026-02,Suffolk Constabulary,Suffolk Constabulary,1.192775,52.032660,On or near Lysander Drive,E01033131,Ipswich 014G,Vehicle crime,Investigation complete; no suspect identified,
e245a805a5914d6e588f6d4b00b08f698be07ebbde123d1ac3c81e5fdb4e0049,2026-02,Suffolk Constabulary,Suffolk Constabulary,1.195894,52.035498,On or near Halton Crescent,E01033131,Ipswich 014G,Violence and sexual offences,Action to be taken by another organisation,
cb95db64225d4765d08e3ca5e8ee9e47c555c272f15dd782c0fa9e8c6c81aca1,2026-02,Suffolk Constabulary,Suffolk Constabulary,1.199652,52.037473,On or near Reid Close,E01033131,Ipswich 014G,Violence and sexual offences,Unable to prosecute suspect,
42e085785546fab7bd947596d78a8fd66657950ce56a80f5897f10fc0b34352a,2026-02,Suffolk Constabulary,Suffolk Constabulary,1.199988,52.038094,On or near Nicholson Close,E01033131,Ipswich 014G,Violence and sexual offences,Awaiting court outcome,
d84f23116a24abb25734a352b5c7f7374ffa6719c39efed1c8303028abad77a4,2026-02,Suffolk Constabulary,Suffolk Constabulary,1.195894,52.035498,On or near Halton Crescent,E01033131,Ipswich 014G,Violence and sexual offences,Unable to prosecute suspect,
326926ce003dbc6823b25cbb216e642fe7c1b5823f4c254b9399b432d28bed1e,2026-02,Suffolk Constabulary,Suffolk Constabulary,1.195894,52.035498,On or near Halton Crescent,E01033131,Ipswich 014G,Violence and sexual offences,Action to be taken by another organisation,
0a29efd9544468c892af476864e08549dd209a64bd3df0f03e1c80734a78d60f,2026-02,Suffolk Constabulary,Suffolk Constabulary,1.195894,52.035498,On or near Halton Crescent,E01033131,Ipswich 014G,Violence and sexual offences,Action to be taken by another organisation,
c8917fbe8522de6303b48bc304c33e7080208c4897dcf2f706c7b15d6dce2aa5,2026-02,Suffolk Constabulary,Suffolk Constabulary,1.198413,52.039324,On or near Gibson Close,E01033131,Ipswich 014G,Violence and sexual offences,Under investigation,
c7928b300a1c3bb47ab747b141439e937c3290ecfcdd76240ce071e6eca4356f,2026-02,Suffolk Constabulary,Suffolk Constabulary,1.195167,52.037164,On or near Cranwell Crescent,E01033131,Ipswich 014G,Violence and sexual offences,Unable to prosecute suspect,
8d1f05c658507381f0d5484c657b9613dcd7ebba93fb5e28d673a75441788918,2026-02,Suffolk Constabulary,Suffolk Constabulary,1.196482,52.037605,On or near Hilton Road,E01033131,Ipswich 014G,Violence and sexual offences,Under investigation,
a5d678c0b93ee560173e9495066391cd07ea5e00b376bfa308508bf6d86b2077,2026-02,Suffolk Constabulary,Suffolk Constabulary,1.198413,52.039324,On or near Gibson Close,E01033131,Ipswich 014G,Violence and sexual offences,Unable to prosecute suspect,
eed48958555432eca6f2fb646dbda4b661354d7d475c33ac03f9ded4574d4efa,2026-02,Suffolk Constabulary,Suffolk Constabulary,1.199988,52.038094,On or near Nicholson Close,E01033131,Ipswich 014G,Violence and sexual offences,Under investigation,
744dab33b930cc8f1a23f93d7fc4d16665d82d1a93eaaa9ff4fdeed9365f8ddd,2026-02,Suffolk Constabulary,Suffolk Constabulary,1.199652,52.037473,On or near Reid Close,E01033131,Ipswich 014G,Violence and sexual offences,Action to be taken by another organisation,
f04974728bb2c2fa8e7255755cd5ae90ff880b80740ed9baab9cb0eff88a5aa1,2026-02,Suffolk Constabulary,Suffolk Constabulary,1.198413,52.039324,On or near Gibson Close,E01033131,Ipswich 014G,Other crime,Under investigation,
,2026-02,Suffolk Constabulary,Suffolk Constabulary,1.123078,52.040897,On or near Sandpiper Road,E01030017,Ipswich 015A,Anti-social behaviour,,
,2026-02,Suffolk Constabulary,Suffolk Constabulary,1.123078,52.040897,On or near Sandpiper Road,E01030017,Ipswich 015A,Anti-social behaviour,,
,2026-02,Suffolk Constabulary,Suffolk Constabulary,1.124816,52.037370,On or near Woodlark Close,E01030017,Ipswich 015A,Anti-social behaviour,,
,2026-02,Suffolk Constabulary,Suffolk Constabulary,1.123714,52.037678,On or near St Catherine'S Court,E01030017,Ipswich 015A,Anti-social behaviour,,
93dafcf25d193dcb6260ba11178f23b7596bb7f6747b16ec6cb4896377f300c8,2026-02,Suffolk Constabulary,Suffolk Constabulary,1.123066,52.039467,On or near Janebrook Road,E01030017,Ipswich 015A,Possession of weapons,Unable to prosecute suspect,
8eed424ca5c7fd445cb02fb63961bc52211923f8978a4255e6150703976698e1,2026-02,Suffolk Constabulary,Suffolk Constabulary,1.124569,52.039472,On or near Newnham Court,E01030017,Ipswich 015A,Violence and sexual offences,Under investigation,
fa8e00627f5d4115ef90774a27fca63c97dee60f983e4a506cd3a248a9a44263,2026-02,Suffolk Constabulary,Suffolk Constabulary,1.124569,52.039472,On or near Newnham Court,E01030017,Ipswich 015A,Violence and sexual offences,Unable to prosecute suspect,
ed8b59e69641d54768b0dcce4b8f84fd8231eca7d351eb989b0c43d22a0a924a,2026-02,Suffolk Constabulary,Suffolk Constabulary,1.124816,52.037370,On or near Woodlark Close,E01030017,Ipswich 015A,Violence and sexual offences,Under investigation,
3d51d586aa7a8bee212f907ac4da8011a3ef6286b10ccf8703b1c7720079c6cd,2026-02,Suffolk Constabulary,Suffolk Constabulary,1.124569,52.039472,On or near Newnham Court,E01030017,Ipswich 015A,Violence and sexual offences,Unable to prosecute suspect,
5e612fa8dff51490ca3f4f795390ee3eeda03eaf2892d34c682ec8f22a8e230c,2026-02,Suffolk Constabulary,Suffolk Constabulary,1.124569,52.039472,On or near Newnham Court,E01030017,Ipswich 015A,Violence and sexual offences,Unable to prosecute suspect,
06303461e24c162d6a3d0368c2f104babe19ef314ffb90da5e6b957bb8aaf2ce,2026-02,Suffolk Constabulary,Suffolk Constabulary,1.123078,52.040897,On or near Sandpiper Road,E01030017,Ipswich 015A,Violence and sexual offences,Unable to prosecute suspect,
7bfd05b4390e57ac67848e514e7add90f1de4e3d18f6fee4558662f1a7bd046f,2026-02,Suffolk Constabulary,Suffolk Constabulary,1.129028,52.042762,On or near Fitzwilliam Close,E01030018,Ipswich 015B,Criminal damage and arson,Investigation complete; no suspect identified,
bcd75bd8bdb9d3aec5cbdc5c60af6ebe901a697564eb8213620618f9585dd327,2026-02,Suffolk Constabulary,Suffolk Constabulary,1.128709,52.041332,On or near Magdalene Close,E01030018,Ipswich 015B,Criminal damage and arson,Unable to prosecute suspect,
1c7ad291bdb7bc57feca258db288b3bf3f0eb14af27358745267e8c10f6911fa,2026-02,Suffolk Constabulary,Suffolk Constabulary,1.128270,52.040264,On or near Cambridge Drive,E01030018,Ipswich 015B,Criminal damage and arson,Unable to prosecute suspect,
33f1041afb9e7d5f970066878bebb75abff765c3a909093cd90df9818fcfc889,2026-02,Suffolk Constabulary,Suffolk Constabulary,1.129028,52.042762,On or near Fitzwilliam Close,E01030018,Ipswich 015B,Possession of weapons,Awaiting court outcome,
753d19c6633a8a01ee827dc175ad3114b86243c256a1b3db664320c7d7dc93c6,2026-02,Suffolk Constabulary,Suffolk Constabulary,1.128709,52.041332,On or near Magdalene Close,E01030018,Ipswich 015B,Public order,Unable to prosecute suspect,
54566843c22b3c15aa3b076e0601d51dda375bb72fca9300fd1c50607cce67b5,2026-02,Suffolk Constabulary,Suffolk Constabulary,1.126753,52.038803,On or near Chesterton Close,E01030018,Ipswich 015B,Public order,Unable to prosecute suspect,
f2209fd986a938abb2d30fa09c8ecf6a482a2ba771cbe556b96dec5872c117e3,2026-02,Suffolk Constabulary,Suffolk Constabulary,1.126974,52.041549,On or near Peterhouse Close,E01030018,Ipswich 015B,Violence and sexual offences,Unable to prosecute suspect,
5b56c81d25aced587a6a664d08d898f336ed5cfeb88dc338e9d1e9f0fb8a746e,2026-02,Suffolk Constabulary,Suffolk Constabulary,1.128709,52.041332,On or near Magdalene Close,E01030018,Ipswich 015B,Violence and sexual offences,Awaiting court outcome,
b35b6c8156aadb48ab715b92d1c1ac07fee30bbc96153fde5ebbfecd48d70bcf,2026-02,Suffolk Constabulary,Suffolk Constabulary,1.126753,52.038803,On or near Chesterton Close,E01030018,Ipswich 015B,Violence and sexual offences,Unable to prosecute suspect,
28cf5dbec9d0694246900ea1c862daa90b2c1509e795e8660eb1d3886ea781eb,2026-02,Suffolk Constabulary,Suffolk Constabulary,1.128709,52.041332,On or near Magdalene Close,E01030018,Ipswich 015B,Violence and sexual offences,Action to be taken by another organisation,
cc4b422865e023a3d524c3f5068a317ab9aff01c74695ac866aaea6c74242aaf,2026-02,Suffolk Constabulary,Suffolk Constabulary,1.137606,52.038838,On or near Malmesbury Close,E01030019,Ipswich 015C,Other theft,Investigation complete; no suspect identified,
2136ab80647fe755258f6501fa256c91e20dacf91439a9f9f597a10969d33b04,2026-02,Suffolk Constabulary,Suffolk Constabulary,1.139057,52.046642,On or near Stone Lodge Lane,E01030019,Ipswich 015C,Vehicle crime,Investigation complete; no suspect identified,
8ec955bafec9ef4a25b54baea1440f8669b8e3424bbcbec0804d58f5a528dd53,2026-02,Suffolk Constabulary,Suffolk Constabulary,1.140510,52.046342,On or near Salmet Close,E01030019,Ipswich 015C,Violence and sexual offences,Unable to prosecute suspect,
0f8c3f7e3552b93dd7e9700cc65c175a26f598c20d3b10fbbdbdc792c9884c04,2026-02,Suffolk Constabulary,Suffolk Constabulary,1.146489,52.034697,On or near Corporation Avenue,E01030019,Ipswich 015C,Violence and sexual offences,Under investigation,
65032ac8328ecbe7e30ca34acee70abaedfc042d6e25730422dfa6737717ba53,2026-02,Suffolk Constabulary,Suffolk Constabulary,1.129143,52.034809,On or near Butley Close,E01030020,Ipswich 015D,Violence and sexual offences,Unable to prosecute suspect,
404e1894ab0686c911f375703dbb31906ae08dc576cc8eaec5612b2b68527b28,2026-02,Suffolk Constabulary,Suffolk Constabulary,1.130631,52.035651,On or near Leicester Close,E01030020,Ipswich 015D,Violence and sexual offences,Awaiting court outcome,
9189c6c6e1a50df0cb5a8633ee3cc1591063e397785002449f8943688f965494,2026-02,Suffolk Constabulary,Suffolk Constabulary,1.129266,52.031559,On or near Alderlee,E01030021,Ipswich 015E,Burglary,Investigation complete; no suspect identified,
3fe171a23bd526c81ab65b85334b630ea11cedb748d3580f10f67f73de613a01,2026-02,Suffolk Constabulary,Suffolk Constabulary,1.129266,52.031559,On or near Alderlee,E01030021,Ipswich 015E,Burglary,Investigation complete; no suspect identified,
72beb6fcac5451bbc357fdfa35589b6805ab320872aebcf9222238134b08b4c5,2026-02,Suffolk Constabulary,Suffolk Constabulary,1.129266,52.031559,On or near Alderlee,E01030021,Ipswich 015E,Burglary,Investigation complete; no suspect identified,
ca955cd90d1a967bb2d5bfaa1e536acd78fbc1a3f385470b74992bb43e6b7b45,2026-02,Suffolk Constabulary,Suffolk Constabulary,1.129266,52.031559,On or near Alderlee,E01030021,Ipswich 015E,Criminal damage and arson,Investigation complete; no suspect identified,
382ea1f1fd9dba7da370ca4b9c04a99851c4e623420503903800aba8edd46cca,2026-02,Suffolk Constabulary,Suffolk Constabulary,1.132358,52.032619,On or near Canterbury Close,E01030021,Ipswich 015E,Drugs,Local resolution,
421f6025a2a0142597b864db8a8e0987d6fba472b64743b63c51d37d3dc7219c,2026-02,Suffolk Constabulary,Suffolk Constabulary,1.132358,52.032619,On or near Canterbury Close,E01030021,Ipswich 015E,Vehicle crime,Investigation complete; no suspect identified,
062785a32cf689a2566e692a8d3a041d70736edd902206508f552ae85143a401,2026-02,Suffolk Constabulary,Suffolk Constabulary,1.129739,52.032490,On or near Downside Close,E01030021,Ipswich 015E,Violence and sexual offences,Unable to prosecute suspect,
f0219b9cee18958cd9f57699b933f4ca032928fbce81bd718f81b5920ab8ed07,2026-02,Suffolk Constabulary,Suffolk Constabulary,1.129739,52.032490,On or near Downside Close,E01030021,Ipswich 015E,Violence and sexual offences,Under investigation,
65bd4bf253a4479503d4608a3646ff72b8ffe579f651660ef0d2bc7c7cb0f15a,2026-02,Suffolk Constabulary,Suffolk Constabulary,1.129739,52.032490,On or near Downside Close,E01030021,Ipswich 015E,Violence and sexual offences,Further action is not in the public interest,
14dffa077fe81080deac8e9fe2c89856d1ba043df5283fea9dd85e6623248235,2026-02,Suffolk Constabulary,Suffolk Constabulary,1.129739,52.032490,On or near Downside Close,E01030021,Ipswich 015E,Violence and sexual offences,Unable to prosecute suspect,
b247bd611bf0d3592a37f877932ae2b98d755ffb90e7809ba31783159a97f3f0,2026-02,Suffolk Constabulary,Suffolk Constabulary,1.190316,52.036009,On or near Golden Mews,E01029978,Ipswich 016A,Public order,Investigation complete; no suspect identified,
faf7d8a1fc82208604c2efb1815e4e6097b55d216e90f95d58389669ead1ede6,2026-02,Suffolk Constabulary,Suffolk Constabulary,1.190316,52.036009,On or near Golden Mews,E01029978,Ipswich 016A,Vehicle crime,Unable to prosecute suspect,
64ac0a9bb03e06b320fafafbb4ffe8d263c8b69c20b34d87b070a78392f58cc9,2026-02,Suffolk Constabulary,Suffolk Constabulary,1.186734,52.035476,On or near Theberton Road,E01029978,Ipswich 016A,Vehicle crime,Investigation complete; no suspect identified,
87a65ce720f0638ae8ac2598d7622c9846efe99e7a3436519c2c954caa9f2482,2026-02,Suffolk Constabulary,Suffolk Constabulary,1.186734,52.035476,On or near Theberton Road,E01029978,Ipswich 016A,Vehicle crime,Investigation complete; no suspect identified,
b03ecfd7d42888415c1685f97700e039df5f1e2e94d2ab626567593364a4cfed,2026-02,Suffolk Constabulary,Suffolk Constabulary,1.186284,52.034679,On or near Corton Road,E01029978,Ipswich 016A,Violence and sexual offences,Unable to prosecute suspect,
991c5b773d2028d5382d3f851ae6e10e6d9667e073917268ea9f800c1f3ac144,2026-02,Suffolk Constabulary,Suffolk Constabulary,1.186284,52.034679,On or near Corton Road,E01029978,Ipswich 016A,Violence and sexual offences,Unable to prosecute suspect,
fed550b50beb17bd680408348b3797da7aa34be337958713cce729c2c96d3fef,2026-02,Suffolk Constabulary,Suffolk Constabulary,1.186015,52.038491,On or near Bernard Crescent,E01029978,Ipswich 016A,Violence and sexual offences,Under investigation,
916f30d5e8464c3d5583d4b967a95513cc615a244edb7e90766f22f8c2c0b1bf,2026-02,Suffolk Constabulary,Suffolk Constabulary,1.186284,52.034679,On or near Corton Road,E01029978,Ipswich 016A,Violence and sexual offences,Unable to prosecute suspect,
d1206c3c062334591e135b9e9455eae9f0c5f96fbb4fcd3ac1ff0e9fc01c2bc4,2026-02,Suffolk Constabulary,Suffolk Constabulary,1.186284,52.034679,On or near Corton Road,E01029978,Ipswich 016A,Violence and sexual offences,Unable to prosecute suspect,
4218e4c3c7f1f89e87eb4a72763d40b79aa8d6debc939090ea699754d792e155,2026-02,Suffolk Constabulary,Suffolk Constabulary,1.180006,52.036225,On or near Stubbs Close,E01029979,Ipswich 016B,Bicycle theft,Investigation complete; no suspect identified,
64cc550451d584d857c727e7d52fdb6441bf4a35e5010649ef8f45f721609d0d,2026-02,Suffolk Constabulary,Suffolk Constabulary,1.176928,52.035795,On or near Raeburn Road,E01029979,Ipswich 016B,Other theft,Investigation complete; no suspect identified,
9c45d5cfc8adcc7e74d197dda30a3007c1a6b5571616b9fcdf31b1f5e62e1857,2026-02,Suffolk Constabulary,Suffolk Constabulary,1.185176,52.036121,On or near Wynterton Close,E01029979,Ipswich 016B,Other theft,Investigation complete; no suspect identified,
aed5f44843cbfc008daf964f444043eedac46f385aed6276b7b499fbd21c9971,2026-02,Suffolk Constabulary,Suffolk Constabulary,1.179031,52.035433,On or near Reynolds Close,E01029979,Ipswich 016B,Shoplifting,Awaiting court outcome,
dc0020ad4df3922a08bc27c5f5c020a0f419a8430d8c6ac346bf5af48caae76c,2026-02,Suffolk Constabulary,Suffolk Constabulary,1.179031,52.035433,On or near Reynolds Close,E01029979,Ipswich 016B,Shoplifting,Awaiting court outcome,
867aba4e28d66057a480e79a14966d3e43a181dddb1dc2749a011b7793394a5c,2026-02,Suffolk Constabulary,Suffolk Constabulary,1.179031,52.035433,On or near Reynolds Close,E01029979,Ipswich 016B,Shoplifting,Awaiting court outcome,
34fd95c8c69968450a5ecfb359a301c7d88e0550595d8557e7ebaf6fac4a11b8,2026-02,Suffolk Constabulary,Suffolk Constabulary,1.181176,52.032785,On or near Frampton Road,E01029979,Ipswich 016B,Vehicle crime,Investigation complete; no suspect identified,
b00038ee00acc76366b495c21be29ed9f9b1e1147f455116d64bfb0887694da9,2026-02,Suffolk Constabulary,Suffolk Constabulary,1.181176,52.032785,On or near Frampton Road,E01029979,Ipswich 016B,Vehicle crime,Investigation complete; no suspect identified,
14b454be5c0fa824c361a3f0cf0cb7030e7694688501984b32818d389a4606da,2026-02,Suffolk Constabulary,Suffolk Constabulary,1.179031,52.035433,On or near Reynolds Close,E01029979,Ipswich 016B,Violence and sexual offences,Action to be taken by another organisation,
cbf8f5dcf41c815a755693db95a4724908edd935104386c1f056323aa585258a,2026-02,Suffolk Constabulary,Suffolk Constabulary,1.185176,52.036121,On or near Wynterton Close,E01029979,Ipswich 016B,Violence and sexual offences,Unable to prosecute suspect,
,2026-02,Suffolk Constabulary,Suffolk Constabulary,1.170321,52.037637,On or near Holbrook Road,E01029980,Ipswich 016C,Anti-social behaviour,,
,2026-02,Suffolk Constabulary,Suffolk Constabulary,1.168592,52.037324,On or near Hawke Road,E01029980,Ipswich 016C,Anti-social behaviour,,
,2026-02,Suffolk Constabulary,Suffolk Constabulary,1.168592,52.037324,On or near Hawke Road,E01029980,Ipswich 016C,Anti-social behaviour,,
,2026-02,Suffolk Constabulary,Suffolk Constabulary,1.170321,52.037637,On or near Holbrook Road,E01029980,Ipswich 016C,Anti-social behaviour,,
0ff60d5c12ddf651ed4a803b98ab5ab929133855b583af5fffcdd79a46ba1d4e,2026-02,Suffolk Constabulary,Suffolk Constabulary,1.176439,52.037535,On or near Hogarth Road,E01029980,Ipswich 016C,Burglary,Unable to prosecute suspect,
88639c0b43f9ead95a0873b45382f61098a901a73e5ba5cca281e027b544982a,2026-02,Suffolk Constabulary,Suffolk Constabulary,1.176439,52.037535,On or near Hogarth Road,E01029980,Ipswich 016C,Criminal damage and arson,Unable to prosecute suspect,
17bfff3c3273fb94ff6056e20abc47ab6ef3712d57edabcd968e22bc02a10f08,2026-02,Suffolk Constabulary,Suffolk Constabulary,1.166931,52.036721,On or near Hood Road,E01029980,Ipswich 016C,Drugs,Local resolution,
418ed5353ae64e3dc420b910bf81fe42a1742d1caa54b20497e0508a2a6f2256,2026-02,Suffolk Constabulary,Suffolk Constabulary,1.170321,52.037637,On or near Holbrook Road,E01029980,Ipswich 016C,Other theft,Unable to prosecute suspect,
641daf092d7cd5249931f9bd72f65b4f2bf98a8587ab0d0be6f8d47203967552,2026-02,Suffolk Constabulary,Suffolk Constabulary,1.170397,52.035414,On or near Sandyhill Lane,E01029980,Ipswich 016C,Public order,Unable to prosecute suspect,
a76b25b8612a24bf85cf07bb1ebf0c911280c5901b5cf49edc1bf64c2c44a084,2026-02,Suffolk Constabulary,Suffolk Constabulary,1.172923,52.035670,On or near Simpson Close,E01029980,Ipswich 016C,Vehicle crime,Investigation complete; no suspect identified,
2c0d6aa74a9ae49263b156fa3b85fb8a580ce18a9148ed87d226caaa1fc85d3a,2026-02,Suffolk Constabulary,Suffolk Constabulary,1.173924,52.037037,On or near Landseer Road,E01029980,Ipswich 016C,Violence and sexual offences,Action to be taken by another organisation,
4299ff5cbb296b78e9ddb92f11dbacd9d1ee8bb06909f92f2e9736cef9394f08,2026-02,Suffolk Constabulary,Suffolk Constabulary,1.173924,52.037037,On or near Landseer Road,E01029980,Ipswich 016C,Violence and sexual offences,Offender given a caution,
f723bdd2d94e3da4ee9950c79828451d886ac6d0c84c0fc164c5dfe581d743bc,2026-02,Suffolk Constabulary,Suffolk Constabulary,1.173924,52.037037,On or near Landseer Road,E01029980,Ipswich 016C,Violence and sexual offences,Action to be taken by another organisation,
fee61147a0a7e951c96a7cc21758e34fed4c1dd6e62d64e26b69ef7e0395a48a,2026-02,Suffolk Constabulary,Suffolk Constabulary,1.173924,52.037037,On or near Landseer Road,E01029980,Ipswich 016C,Violence and sexual offences,Action to be taken by another organisation,
b408c595dc74e3b5c439869239a9a97699c0c3be663332f970375d86c13072ba,2026-02,Suffolk Constabulary,Suffolk Constabulary,1.173924,52.037037,On or near Landseer Road,E01029980,Ipswich 016C,Violence and sexual offences,Action to be taken by another organisation,
baaa5a8523b474dab1bf89d0f0892d873f195197564663a41bac52ff48501ef3,2026-02,Suffolk Constabulary,Suffolk Constabulary,1.186373,52.030809,On or near Brazier'S Wood Road,E01029981,Ipswich 016D,Burglary,Investigation complete; no suspect identified,
a6ab18727bdefc72f9b6e0eded9533dde5406a87f0185064acd9e54df01f805e,2026-02,Suffolk Constabulary,Suffolk Constabulary,1.182520,52.032407,On or near Hossack Road,E01029981,Ipswich 016D,Drugs,Local resolution,
26eabb44add8f21f66b69053e6462424750b925991b25e9f0a979fa85c1f5e70,2026-02,Suffolk Constabulary,Suffolk Constabulary,1.186373,52.030809,On or near Brazier'S Wood Road,E01029981,Ipswich 016D,Possession of weapons,Action to be taken by another organisation,
010f9bbb8e8a5fa58c1e3f21fb650c129f54444c71e5ed418395d80a819b57d2,2026-02,Suffolk Constabulary,Suffolk Constabulary,1.183647,52.029381,On or near Fishbane Close,E01029981,Ipswich 016D,Vehicle crime,Investigation complete; no suspect identified,
d91535cbe7ebe8a37bd1e0000c9f06ee5046f24db505d4df3415842261bfc8a5,2026-02,Suffolk Constabulary,Suffolk Constabulary,1.186373,52.030809,On or near Brazier'S Wood Road,E01029981,Ipswich 016D,Violence and sexual offences,Action to be taken by another organisation,
b0b62a6c050bbc0a56a16c43b73dd6a91c5df43e89ad18bcba4837cd78c0f35d,2026-02,Suffolk Constabulary,Suffolk Constabulary,1.187541,52.032469,On or near Windermere Close,E01029981,Ipswich 016D,Violence and sexual offences,Action to be taken by another organisation,
fc8ebc88b1c688ef33ce67b7ab7d0303053b2d7b37bf26f0b9b0b8146a4a33a7,2026-02,Suffolk Constabulary,Suffolk Constabulary,1.186373,52.030809,On or near Brazier'S Wood Road,E01029981,Ipswich 016D,Violence and sexual offences,Unable to prosecute suspect,
c398b63984488f87fe85a421046d3ae049df7c662a1ea40b71b9a9d5324a3612,2026-02,Suffolk Constabulary,Suffolk Constabulary,1.177829,52.032875,On or near Romney Road,E01029982,Ipswich 016E,Criminal damage and arson,Investigation complete; no suspect identified,
7ece8a821127e03516216602e750fe18c6249607ca14058b7b1cf8d10328361d,2026-02,Suffolk Constabulary,Suffolk Constabulary,1.179934,52.030282,On or near Leighton Square,E01029982,Ipswich 016E,Drugs,Awaiting court outcome,
d980f37a9280d115aedb134b2d72cdde35479832e557d11a9ace01003e236720,2026-02,Suffolk Constabulary,Suffolk Constabulary,1.181844,52.031310,On or near Nightingale Road,E01029982,Ipswich 016E,Drugs,Local resolution,
f742a9b6258c0da45f6fce614654e3f1d4dc30173a6ddbc1d6beff5c49b8c03e,2026-02,Suffolk Constabulary,Suffolk Constabulary,1.179934,52.030282,On or near Leighton Square,E01029982,Ipswich 016E,Other theft,Unable to prosecute suspect,
185a260cc9b4fad5bc93c451de653277aa34cf9a4aaab17243cebb769e3dcc82,2026-02,Suffolk Constabulary,Suffolk Constabulary,1.179934,52.030282,On or near Leighton Square,E01029982,Ipswich 016E,Theft from the person,Unable to prosecute suspect,
e9118a12135f6f46147b6b2ab8dc13ef99333ad6d80247839896558eb49def35,2026-02,Suffolk Constabulary,Suffolk Constabulary,1.181844,52.031310,On or near Nightingale Road,E01029982,Ipswich 016E,Vehicle crime,Under investigation,
ee4724ee43f6f016189d3e382cf479798fdceb767e5eee39a8ea7d85679bcafd,2026-02,Suffolk Constabulary,Suffolk Constabulary,1.178426,52.031627,On or near Chesapeake Road,E01029982,Ipswich 016E,Violence and sexual offences,Unable to prosecute suspect,
5b59f36f05f9f605569d1eb25576598dfeb1985803917e13e0efa1fadc7781c1,2026-02,Suffolk Constabulary,Suffolk Constabulary,1.176621,52.032908,On or near Fletcher Road,E01029982,Ipswich 016E,Violence and sexual offences,Unable to prosecute suspect,
1ffcd9e49fb67a38b83cad1156a7e2767a6fa17520f4e67273b4c48363ea9064,2026-02,Suffolk Constabulary,Suffolk Constabulary,1.179584,52.030480,On or near Leighton Road,E01029982,Ipswich 016E,Violence and sexual offences,Action to be taken by another organisation,
58228ee3ca8875adcb9be1d2d85a83b1075469400d195853feabd198c64708f5,2026-02,Suffolk Constabulary,Suffolk Constabulary,1.179584,52.030480,On or near Leighton Road,E01029982,Ipswich 016E,Other crime,Action to be taken by another organisation,
5b79a63ba0633d5b7ce8476017b92270692bee158d2ef062aa9e7a10f95db416,2026-02,Suffolk Constabulary,Suffolk Constabulary,1.184528,52.040141,On or near Henstead Gardens,E01029983,Ipswich 016F,Criminal damage and arson,Investigation complete; no suspect identified,
e077e70affad31d24d9471071ac5bd3ae47cd79b4106b329bbf42d6719c09f29,2026-02,Suffolk Constabulary,Suffolk Constabulary,1.182193,52.042579,On or near Beatrice Close,E01029983,Ipswich 016F,Criminal damage and arson,Investigation complete; no suspect identified,
893a7c2dacc871994f18ba6f0de11bbe1dce9d3a0e31c1b82828a9abd4558e4f,2026-02,Suffolk Constabulary,Suffolk Constabulary,1.184902,52.039654,On or near Hulver Court,E01029983,Ipswich 016F,Shoplifting,Investigation complete; no suspect identified,
6f28a4369e8e4e55a2ba04bfe598f359d19a762d6af2aaa0eb3193f8e91bec39,2026-02,Suffolk Constabulary,Suffolk Constabulary,1.181410,52.036286,On or near Supermarket,E01029983,Ipswich 016F,Shoplifting,Investigation complete; no suspect identified,
71e0b61ed30186e3c490772957cad8d5fd633eec55c58540e040b58f42d4ec03,2026-02,Suffolk Constabulary,Suffolk Constabulary,1.184902,52.039654,On or near Hulver Court,E01029983,Ipswich 016F,Shoplifting,Awaiting court outcome,
3e0afad55b9ec3803911b91cc10016d54fbd529c86695b86162b97826c30f854,2026-02,Suffolk Constabulary,Suffolk Constabulary,1.181494,52.039099,On or near Avondale Road,E01029983,Ipswich 016F,Vehicle crime,Investigation complete; no suspect identified,
4c6c6e4b248f441c59aa318ebac29a6740ddc3e138a4c3bafe8453b393b5e233,2026-02,Suffolk Constabulary,Suffolk Constabulary,1.181494,52.039099,On or near Avondale Road,E01029983,Ipswich 016F,Vehicle crime,Investigation complete; no suspect identified,
0715bff2634c8f6db1b5644ce2b838c4bd17c7ebaa140b738091501c8d2eddcf,2026-02,Suffolk Constabulary,Suffolk Constabulary,1.181494,52.039099,On or near Avondale Road,E01029983,Ipswich 016F,Vehicle crime,Investigation complete; no suspect identified,
ebb797b2b385d7561902b1fee1e68989aeac23ed8df53e59d4c3c26ceb6b1403,2026-02,Suffolk Constabulary,Suffolk Constabulary,1.181701,52.042016,On or near Powling Road,E01029983,Ipswich 016F,Vehicle crime,Investigation complete; no suspect identified,
fc76f2199956c3db76698692e890fa26587025acf9ee960d0b70f1f346c2d95c,2026-02,Suffolk Constabulary,Suffolk Constabulary,1.184902,52.039654,On or near Hulver Court,E01029983,Ipswich 016F,Violence and sexual offences,Action to be taken by another organisation,
237e4bd53ade725926369372c1e0f32f4328b91825fe2b5b82eff60911ad1a59,2026-02,Suffolk Constabulary,Suffolk Constabulary,1.181494,52.039099,On or near Avondale Road,E01029983,Ipswich 016F,Violence and sexual offences,Unable to prosecute suspect,
a4bf02a471a17fa3392f6ad9a88c0551be4d331b6b3a37e070eaf655b7f8bb4a,2026-02,Suffolk Constabulary,Suffolk Constabulary,1.184902,52.039654,On or near Hulver Court,E01029983,Ipswich 016F,Violence and sexual offences,Action to be taken by another organisation,
b2fb723be9b654160a9d78d84abf7c0c7526f4c4671b3c200b07b50fd65d673a,2026-02,Suffolk Constabulary,Suffolk Constabulary,1.184406,52.038426,On or near Gloucester Road,E01029983,Ipswich 016F,Violence and sexual offences,Unable to prosecute suspect,
60a085cb3c96a86f9edc7145d1a61c92b0e2538f6a0f1f13d281a26e8ca8f11a,2026-02,Suffolk Constabulary,Suffolk Constabulary,0.528770,52.488541,On or near Oak Street,E01026649,King's Lynn and West Norfolk 019B,Vehicle crime,Unable to prosecute suspect,
fa9cb89bf84d57ccb8dd126b4a6b32543e9b5a2735705528d641f3a086681ceb,2026-02,Suffolk Constabulary,Suffolk Constabulary,-1.710503,52.615590,On or near Rangifer Road,E01029503,Lichfield 012C,Violence and sexual offences,Under investigation,
d74c4bdc8518fce72cdf2b77b913f084de311dc0d2178578b2b195d40cccef50,2026-02,Suffolk Constabulary,Suffolk Constabulary,-1.710503,52.615590,On or near Rangifer Road,E01029503,Lichfield 012C,Violence and sexual offences,Under investigation,
84309d2ad463b463a1ba1344abf6cdaab713261d53cbce5d14f9aa6a21608164,2026-02,Suffolk Constabulary,Suffolk Constabulary,0.811546,51.643771,On or near Beauchamps,E01034093,Maldon 008H,Violence and sexual offences,Under investigation,
34b84fe84680c49c55c8c09618ecda634d1519a6c5d43e0f84994168986831d8,2026-02,Suffolk Constabulary,Suffolk Constabulary,0.811546,51.643771,On or near Beauchamps,E01034093,Maldon 008H,Violence and sexual offences,Under investigation,
7b0f810d00984ad0c9eefec57589b767b92de26957c258264d0c5843084a388b,2026-02,Suffolk Constabulary,Suffolk Constabulary,1.129642,52.335960,On or near Potash Lane,E01030052,Mid Suffolk 001A,Criminal damage and arson,Under investigation,
79b6c8e9c34e472fa0d0f6e1cfdd1439b8a69e3941fcc5ce4d47a6094a540bd9,2026-02,Suffolk Constabulary,Suffolk Constabulary,1.139643,52.323562,On or near Castleton Way,E01030052,Mid Suffolk 001A,Violence and sexual offences,Unable to prosecute suspect,
b017d917b0626007cfa9ba1c3080ec1a17a05c8a856c07899e874cc38858b697,2026-02,Suffolk Constabulary,Suffolk Constabulary,1.149062,52.319992,On or near Castle Hill,E01030052,Mid Suffolk 001A,Violence and sexual offences,Unable to prosecute suspect,
32959463b679c2de1cdd8bf73ab39c1a00e88023e295653dda28f9ec147b83eb,2026-02,Suffolk Constabulary,Suffolk Constabulary,1.149062,52.319992,On or near Castle Hill,E01030052,Mid Suffolk 001A,Violence and sexual offences,Unable to prosecute suspect,
c39f01c00d2df8f4258bc42a6ee0be00994e722b9ae5073a6260c96bd4e8e1d8,2026-02,Suffolk Constabulary,Suffolk Constabulary,1.141614,52.319903,On or near Yaxley Road,E01030052,Mid Suffolk 001A,Violence and sexual offences,Unable to prosecute suspect,
3babd672f0c4ef15ccbe89996209b8c888586932d95a36517571c0154a1e30cd,2026-02,Suffolk Constabulary,Suffolk Constabulary,1.139643,52.323562,On or near Castleton Way,E01030052,Mid Suffolk 001A,Violence and sexual offences,Unable to prosecute suspect,
8ba045bbd0aebd0d74bee10717646a59060b96e8dc5f5041a28c5fbdb2df44d5,2026-02,Suffolk Constabulary,Suffolk Constabulary,1.137154,52.324069,On or near Millfield,E01030052,Mid Suffolk 001A,Violence and sexual offences,Action to be taken by another organisation,
159fd4c1b809b81ae07415b8d67f5309b3091616445922885c691f15248af8e8,2026-02,Suffolk Constabulary,Suffolk Constabulary,1.205181,52.293749,On or near Church Road,E01030058,Mid Suffolk 001B,Burglary,Under investigation,
a8d1109560a549aa0da9f5dcea5fbcef0265d1b720c71ba5cd554bdd1f6f3bf4,2026-02,Suffolk Constabulary,Suffolk Constabulary,1.202481,52.341471,On or near Red Lion Close,E01030058,Mid Suffolk 001B,Violence and sexual offences,Unable to prosecute suspect,
abf75f0b4eec71cc87d1a14b2c1f325a12dd679da1b7fbb570ca9c1e8e13963b,2026-02,Suffolk Constabulary,Suffolk Constabulary,1.103636,52.365857,On or near Millway Lane,E01030064,Mid Suffolk 001C,Other theft,Investigation complete; no suspect identified,
8111fe8ca5dfe1a5fc6692b5c64a9df15b4367e4ed7d110c022a9a4732dc413c,2026-02,Suffolk Constabulary,Suffolk Constabulary,1.127340,52.287536,On or near Clint Road,E01030088,Mid Suffolk 001D,Burglary,Investigation complete; no suspect identified,
fe5f45c5e1daad48f91a231a67dec680a567f9a4ffe41be523aef5f9d212ab4e,2026-02,Suffolk Constabulary,Suffolk Constabulary,1.135788,52.284011,On or near Mill Lane,E01030088,Mid Suffolk 001D,Violence and sexual offences,Unable to prosecute suspect,
25228836fdb659a7e480d0d6450c9f0ac20b6ca2f76b90d1e84f5a45949871db,2026-02,Suffolk Constabulary,Suffolk Constabulary,1.135788,52.284011,On or near Mill Lane,E01030088,Mid Suffolk 001D,Violence and sexual offences,Unable to prosecute suspect,
a598eec8485edc4a7cfcd4ecad95128fa7175ef519de25548ebd6c5c57a947f0,2026-02,Suffolk Constabulary,Suffolk Constabulary,0.924402,52.265733,On or near Elmswell Road,E01030039,Mid Suffolk 002A,Burglary,Investigation complete; no suspect identified,
bfda5cc6703e92591d9388f7dafe563dcece2433f3b374055996ff716b898704,2026-02,Suffolk Constabulary,Suffolk Constabulary,0.949003,52.258745,On or near Haugh Lane,E01030039,Mid Suffolk 002A,Other theft,Investigation complete; no suspect identified,
5ff8fdef09d1e1b2c86b1808d98c07d3a19f03a9863db0dc25ff87bf85608153,2026-02,Suffolk Constabulary,Suffolk Constabulary,1.032344,52.306734,On or near Chapel Farm Close,E01030054,Mid Suffolk 002B,Public order,Awaiting court outcome,
6b63529e14007603b1f416b191bdcdcfcc1e1633a566c4c35be1a09889a453df,2026-02,Suffolk Constabulary,Suffolk Constabulary,1.039324,52.304972,On or near Street Farm Gardens,E01030054,Mid Suffolk 002B,Other crime,Investigation complete; no suspect identified,
506217f86023d97b745ba453c41f733b5864e9f5c3670937176f06324533faf8,2026-02,Suffolk Constabulary,Suffolk Constabulary,1.084977,52.329167,On or near Browns Acre,E01030055,Mid Suffolk 002C,Violence and sexual offences,Action to be taken by another organisation,
,2026-02,Suffolk Constabulary,Suffolk Constabulary,1.007306,52.342962,On or near Mill Road,E01030066,Mid Suffolk 002D,Anti-social behaviour,,
,2026-02,Suffolk Constabulary,Suffolk Constabulary,1.010002,52.344386,On or near Park View,E01030066,Mid Suffolk 002D,Anti-social behaviour,,
409172e85001dab2212ad6b9e316131997f1d8ef2c2e25cf9ba0ab9c4199e029,2026-02,Suffolk Constabulary,Suffolk Constabulary,0.990296,52.338079,On or near Hinderclay Road,E01030066,Mid Suffolk 002D,Criminal damage and arson,Investigation complete; no suspect identified,
a148ec5e411974e54e2af8ae55d59202f7a89dbe00e349eb227d7517e1694c91,2026-02,Suffolk Constabulary,Suffolk Constabulary,1.010002,52.344386,On or near Park View,E01030066,Mid Suffolk 002D,Drugs,Awaiting court outcome,
8399c6c7b452be5f1d474b35c2f5a7a0ab7788b429e0ab49dda4b11857992c1e,2026-02,Suffolk Constabulary,Suffolk Constabulary,1.010002,52.344386,On or near Park View,E01030066,Mid Suffolk 002D,Other theft,Under investigation,
,2026-02,Suffolk Constabulary,Suffolk Constabulary,1.001652,52.340560,On or near The Street,E01030067,Mid Suffolk 002E,Anti-social behaviour,,
80bc0c347f1c43ebb9bfe972382ddb329b90d76763ba4da800e304032f61978c,2026-02,Suffolk Constabulary,Suffolk Constabulary,1.015002,52.371661,On or near Fen Street,E01030067,Mid Suffolk 002E,Criminal damage and arson,Investigation complete; no suspect identified,
ad426e1971c145df49ce52cb44ec9e4705a4a8afd21a35dc7d28189a7ed5894c,2026-02,Suffolk Constabulary,Suffolk Constabulary,0.997718,52.308455,On or near Newdelight Road,E01030067,Mid Suffolk 002E,Criminal damage and arson,Under investigation,
4ad245b9d823cbefd7ffda60756a7e4c804b6442de7dabd403ead0219704050e,2026-02,Suffolk Constabulary,Suffolk Constabulary,1.000400,52.340715,On or near Supermarket,E01030067,Mid Suffolk 002E,Violence and sexual offences,Unable to prosecute suspect,
d88ae2001b2c51ca13c207b8e5f3db2e1ae02836a7bcb2b601b2135cf7894d2d,2026-02,Suffolk Constabulary,Suffolk Constabulary,0.998715,52.338387,On or near Wheatfields,E01030067,Mid Suffolk 002E,Violence and sexual offences,Unable to prosecute suspect,
03dba6370fd90c87f4b0aaa2f372d84e3d7fe21d270ac0707e83f1d8f540beb0,2026-02,Suffolk Constabulary,Suffolk Constabulary,0.911617,52.300556,On or near Ixworth Road,E01030068,Mid Suffolk 002F,Burglary,Investigation complete; no suspect identified,
4e5564136486eb4836746d84f4906f879b971df02f8f2517e6b8763dd78005dd,2026-02,Suffolk Constabulary,Suffolk Constabulary,0.953714,52.332650,On or near Pottery Hill,E01030068,Mid Suffolk 002F,Violence and sexual offences,Action to be taken by another organisation,
,2026-02,Suffolk Constabulary,Suffolk Constabulary,1.312474,52.347088,On or near Feaveryears Yard,E01030053,Mid Suffolk 003A,Anti-social behaviour,,
72dd0b887f4aff5980af494fa479a95f7c4aa1c6f698a6b0757e1dc44174df4c,2026-02,Suffolk Constabulary,Suffolk Constabulary,1.313990,52.339877,On or near Stradbroke Road,E01030053,Mid Suffolk 003A,Burglary,Investigation complete; no suspect identified,
265c4055ef2c333aeac70a62edc8225645a334dbb3b7e05d2b08fd4b7b8bc7e1,2026-02,Suffolk Constabulary,Suffolk Constabulary,1.280002,52.284210,On or near Cole Street,E01030090,Mid Suffolk 003C,Burglary,Investigation complete; no suspect identified,
fe9306e4e667bd58d25ad2bd9e3cc10335f6072e6df88079910582b119402030,2026-02,Suffolk Constabulary,Suffolk Constabulary,1.193351,52.273672,On or near Plash Road,E01030090,Mid Suffolk 003C,Other theft,Investigation complete; no suspect identified,
de9f92bf812833ddc1d50d6be5cf2c7671c97e816644d2664e05acb1ae22c946,2026-02,Suffolk Constabulary,Suffolk Constabulary,1.259012,52.264177,On or near Swan Road,E01030090,Mid Suffolk 003C,Public order,Unable to prosecute suspect,
7c3fca2600484563689a1ac2bb255ebfd0f96c33185f9cbfba46d95629ce9dd4,2026-02,Suffolk Constabulary,Suffolk Constabulary,1.253884,52.249605,On or near Parking Area,E01030090,Mid Suffolk 003C,Violence and sexual offences,Under investigation,
104bbc3cc716f616d6bb66afb3a9bb1d469ea0983fc855ca4ad935ed8574feb8,2026-02,Suffolk Constabulary,Suffolk Constabulary,1.347657,52.305640,On or near Station Road,E01034571,Mid Suffolk 003E,Vehicle crime,Investigation complete; no suspect identified,
95b18bbb97807fdb9b4d243950f96ddcf2c09fb01c81d5447adf5cb4285bdf71,2026-02,Suffolk Constabulary,Suffolk Constabulary,1.370328,52.304131,On or near Bickers Hill Road,E01034571,Mid Suffolk 003E,Violence and sexual offences,Under investigation,
fd74239321bb98f26b2ff5f3b09a0792c1ef59d6284d2a10b1c0dd72103bc141,2026-02,Suffolk Constabulary,Suffolk Constabulary,0.950352,52.284360,On or near Sheepgate Lane,E01030040,Mid Suffolk 004A,Other theft,Investigation complete; no suspect identified,
87b1a5860fdef428aaf66e0822705d1d7658777d9571ef794b5f0b59badc3358,2026-02,Suffolk Constabulary,Suffolk Constabulary,0.910432,52.278237,On or near Westley Way,E01030040,Mid Suffolk 004A,Vehicle crime,Investigation complete; no suspect identified,
44aa8c6bf1e44c90e4666d53eaed1cec7d2d2ddc7824f075f2ef1e73c3c1b663,2026-02,Suffolk Constabulary,Suffolk Constabulary,0.928776,52.246928,On or near Grove Lane,E01030049,Mid Suffolk 004B,Burglary,Unable to prosecute suspect,
e2e8f3abfe707b190c33df7b7276d3ac983f350ad6bb5022a2611186ca99d2d7,2026-02,Suffolk Constabulary,Suffolk Constabulary,0.882362,52.254636,On or near Prospect Road,E01030049,Mid Suffolk 004B,Violence and sexual offences,Unable to prosecute suspect,
3132433404615c6a0ec6e0fed2933137fffd1e4161d992edd8b894ec262a2260,2026-02,Suffolk Constabulary,Suffolk Constabulary,0.921254,52.244165,On or near Oak Lane,E01030049,Mid Suffolk 004B,Violence and sexual offences,Unable to prosecute suspect,
6e45d737bc0923ece4e513209c8ed9ab64abd7a6e60369b2cd2dddbbbee82de2,2026-02,Suffolk Constabulary,Suffolk Constabulary,0.864540,52.263461,On or near Ixworth Road,E01030049,Mid Suffolk 004B,Violence and sexual offences,Under investigation,
f8fce92512cd57d7fb9dce3e78beb96a2bae7f081b438b78774557d79dc71096,2026-02,Suffolk Constabulary,Suffolk Constabulary,0.866021,52.255978,On or near Ixworth Road,E01030049,Mid Suffolk 004B,Other crime,Unable to prosecute suspect,
4177cb2c0a8bab8c48f3ae85d71931af07f2651ffc261d11e5873c50475db122,2026-02,Suffolk Constabulary,Suffolk Constabulary,0.911088,52.237248,On or near Hawk Green,E01030050,Mid Suffolk 004C,Drugs,Local resolution,
d67c9cce2e0a25753e8daf35815760388a1d034157b6393be1f8672b7054e410,2026-02,Suffolk Constabulary,Suffolk Constabulary,0.919108,52.243840,On or near Ashfield Road,E01030050,Mid Suffolk 004C,Public order,Investigation complete; no suspect identified,
c855f2c160d1ede70eead187a708c279ab179de3a45b4b75359a0fa4f5e3cf09,2026-02,Suffolk Constabulary,Suffolk Constabulary,0.916810,52.235380,On or near Oxer Close,E01030050,Mid Suffolk 004C,Violence and sexual offences,Unable to prosecute suspect,
05a80c81bedafee5d622dcc9f81077e001ca6f1130b6620398a646318a7a5cfe,2026-02,Suffolk Constabulary,Suffolk Constabulary,0.910337,52.239650,On or near Monks Path,E01030050,Mid Suffolk 004C,Violence and sexual offences,Investigation complete; no suspect identified,
a701d3775a219b87cefc426b0c803030a6073826d8fb7aa06c610ae5fcf0e16e,2026-02,Suffolk Constabulary,Suffolk Constabulary,0.918081,52.238451,On or near Wyatt Close,E01030050,Mid Suffolk 004C,Violence and sexual offences,Investigation complete; no suspect identified,
0fea2dc0b6bf600ac533f4e2966a7ac157cdded4e4753b75865b649f444ce503,2026-02,Suffolk Constabulary,Suffolk Constabulary,0.912273,52.237453,On or near Bakers Mill,E01030050,Mid Suffolk 004C,Other crime,Under investigation,
66b28166a95125e26528278225cea3fa8725369e9a9688beb5b53a15ff44cd8e,2026-02,Suffolk Constabulary,Suffolk Constabulary,0.802210,52.253087,On or near The Crescent,E01030084,Mid Suffolk 004D,Burglary,Investigation complete; no suspect identified,
8b32791aa251c3f4b42536a71ced1a032cdcd25ebe79040fb4af9b1841216234,2026-02,Suffolk Constabulary,Suffolk Constabulary,0.805433,52.253541,On or near Barton Road,E01030084,Mid Suffolk 004D,Drugs,Awaiting court outcome,
101d0b1d977ed5f18c473a682c4ed4bedaa483d308ac5c1089080323a3b36c0d,2026-02,Suffolk Constabulary,Suffolk Constabulary,0.805433,52.253541,On or near Barton Road,E01030084,Mid Suffolk 004D,Drugs,Offender given a caution,
7e93437c3c2231e37677b7d84bfe8f7e7c698676164ebd1140734ef27ac73c84,2026-02,Suffolk Constabulary,Suffolk Constabulary,0.811332,52.256215,On or near Cedars Close,E01030084,Mid Suffolk 004D,Other theft,Investigation complete; no suspect identified,
80237372d5a27cf51b03bea99be24bddbadee3b50308d52a958a65a9b416f313,2026-02,Suffolk Constabulary,Suffolk Constabulary,0.835749,52.253059,On or near Oak Road,E01030084,Mid Suffolk 004D,Other theft,Investigation complete; no suspect identified,
8b2514bb185229b3470b18d882e54d57dfcb4ccd6211f99fe56a21788ec8a6a1,2026-02,Suffolk Constabulary,Suffolk Constabulary,0.814979,52.255499,On or near Meadow Lane,E01030084,Mid Suffolk 004D,Public order,Local resolution,
6467b4b94c2beaa71357875b751ada45016e9d212dca17954f808c316dbd66f5,2026-02,Suffolk Constabulary,Suffolk Constabulary,0.814979,52.255499,On or near Meadow Lane,E01030084,Mid Suffolk 004D,Public order,Unable to prosecute suspect,
9868ce534671a7b796cffb025a6d8c61918aa26fb18f36d05203fc2984cdb36e,2026-02,Suffolk Constabulary,Suffolk Constabulary,0.815059,52.256297,On or near Meadow Lane,E01030084,Mid Suffolk 004D,Violence and sexual offences,Unable to prosecute suspect,
cfc66b2171221461f1866559fe6db0be68fd6abd5633dec5c04f68925214d388,2026-02,Suffolk Constabulary,Suffolk Constabulary,0.806095,52.253588,On or near Hazelwood Close,E01030084,Mid Suffolk 004D,Violence and sexual offences,Unable to prosecute suspect,
40c8a78e484f7a06ff99124cd9358846521d4be8f8ee0b2d2263c2cd6d571f8a,2026-02,Suffolk Constabulary,Suffolk Constabulary,0.804331,52.258378,On or near Mill Lane,E01030084,Mid Suffolk 004D,Violence and sexual offences,Local resolution,
e5dfac0f24ee065e0fa4826e929e9aec597fde7e85ca4ac8edffa4b9582f27db,2026-02,Suffolk Constabulary,Suffolk Constabulary,0.806618,52.261174,On or near Mill Lane,E01030084,Mid Suffolk 004D,Violence and sexual offences,Local resolution,
3df19043af602434bf4e93b4298d7fd026833c37bfd1f162f849b297e2eb0c0b,2026-02,Suffolk Constabulary,Suffolk Constabulary,0.806095,52.253588,On or near Hazelwood Close,E01030084,Mid Suffolk 004D,Violence and sexual offences,Unable to prosecute suspect,
d23fd2066c382a1a8cf5e9af7f50d37f8243ea57b24e3e0b82f721bfc829f17b,2026-02,Suffolk Constabulary,Suffolk Constabulary,0.804331,52.258378,On or near Mill Lane,E01030084,Mid Suffolk 004D,Violence and sexual offences,Under investigation,
771a740773152224253c9bc5b35a8e47c984aed49cbf72d25858205068b0f2d1,2026-02,Suffolk Constabulary,Suffolk Constabulary,0.806095,52.253588,On or near Hazelwood Close,E01030084,Mid Suffolk 004D,Violence and sexual offences,Action to be taken by another organisation,
acb3adcff8cc80ca62793cb08719d752644862c5aad91cdee45df021d08032ee,2026-02,Suffolk Constabulary,Suffolk Constabulary,0.806095,52.253588,On or near Hazelwood Close,E01030084,Mid Suffolk 004D,Violence and sexual offences,Action to be taken by another organisation,
a91ba4df470bb521aec442bf05a920db5eb68cd87bd69d67bd8dc0aa264d9606,2026-02,Suffolk Constabulary,Suffolk Constabulary,0.809980,52.250251,On or near Supermarket,E01030085,Mid Suffolk 004E,Shoplifting,Unable to prosecute suspect,
07e1efb3285a14489773f6914e44563c849df69d3f70f1336f3eeefff2b9b8b0,2026-02,Suffolk Constabulary,Suffolk Constabulary,0.809980,52.250251,On or near Supermarket,E01030085,Mid Suffolk 004E,Shoplifting,Investigation complete; no suspect identified,
200542f4c813297e961a640287c10cbfcb13a34a65dfc0674e2dacb653232715,2026-02,Suffolk Constabulary,Suffolk Constabulary,0.813893,52.250380,On or near Ryefields,E01030085,Mid Suffolk 004E,Violence and sexual offences,Unable to prosecute suspect,
01f0ec7b9364dd0ae232cd2c3ec24b5126da7d24a5924915b1165902077acfa5,2026-02,Suffolk Constabulary,Suffolk Constabulary,0.813893,52.250380,On or near Ryefields,E01030085,Mid Suffolk 004E,Violence and sexual offences,Unable to prosecute suspect,
e50c3dd6ab8e5f1ce85496ac435c3f19272697df8e95341b65c8e1ac4df76627,2026-02,Suffolk Constabulary,Suffolk Constabulary,0.814046,52.253255,On or near Cloverfields,E01030085,Mid Suffolk 004E,Violence and sexual offences,Unable to prosecute suspect,
,2026-02,Suffolk Constabulary,Suffolk Constabulary,1.011986,52.263620,On or near Pretyman Avenue,E01030038,Mid Suffolk 005B,Anti-social behaviour,,
c83f5917ea04f285bf06918ae64eaf684f69abb5ba78eb5552fa703a5584bf21,2026-02,Suffolk Constabulary,Suffolk Constabulary,1.011986,52.263620,On or near Pretyman Avenue,E01030038,Mid Suffolk 005B,Public order,Unable to prosecute suspect,
17a8475b64f718bb5fd1fef1d6b711e43e1d3c0412f7c72274a1654896684225,2026-02,Suffolk Constabulary,Suffolk Constabulary,0.999041,52.262908,On or near Petrol Station,E01030038,Mid Suffolk 005B,Public order,Local resolution,
73ab80f39e7bef6afe9a157ebe1f8633246873ec149b6867289321c5b369fcfd,2026-02,Suffolk Constabulary,Suffolk Constabulary,0.998727,52.263913,On or near Earlsbrook,E01030038,Mid Suffolk 005B,Vehicle crime,Unable to prosecute suspect,
1a710f60338893cdfbe167880013f18baafed72102880f3c0de1be2fb720375a,2026-02,Suffolk Constabulary,Suffolk Constabulary,1.017674,52.264059,On or near Oakfield Road,E01030038,Mid Suffolk 005B,Violence and sexual offences,Unable to prosecute suspect,
ba7a946be44c3885c17789d9c8f325cdbc690725729ce9cc6a9f10ff309537ec,2026-02,Suffolk Constabulary,Suffolk Constabulary,1.027827,52.263997,On or near Scuffin'S Lane,E01030059,Mid Suffolk 005C,Other theft,Investigation complete; no suspect identified,
8c77745358392a5d390ea3b29f6472924e559ce2e74a59b939d582b929ccda2b,2026-02,Suffolk Constabulary,Suffolk Constabulary,1.081137,52.251950,On or near Chapel Road,E01030059,Mid Suffolk 005C,Violence and sexual offences,Under investigation,
,2026-02,Suffolk Constabulary,Suffolk Constabulary,1.027615,52.204088,On or near Comfrey Road,E01030081,Mid Suffolk 005D,Anti-social behaviour,,
,2026-02,Suffolk Constabulary,Suffolk Constabulary,1.021909,52.184071,On or near Mill Lane,E01030081,Mid Suffolk 005D,Anti-social behaviour,,
,2026-02,Suffolk Constabulary,Suffolk Constabulary,1.026550,52.201984,On or near Trinity Walk,E01030081,Mid Suffolk 005D,Anti-social behaviour,,
7225ad58d73a192fc0aafaa000a513eae69574b19d88ce22e53bf8c63f3dbfb9,2026-02,Suffolk Constabulary,Suffolk Constabulary,1.016053,52.195471,On or near Devon Road,E01030081,Mid Suffolk 005D,Possession of weapons,Unable to prosecute suspect,
6102193f0d111686b65f73535d5bdaf8b80e939f0417d2ba5d0d3dd4a72a6c2c,2026-02,Suffolk Constabulary,Suffolk Constabulary,1.021909,52.184071,On or near Mill Lane,E01030081,Mid Suffolk 005D,Public order,Investigation complete; no suspect identified,
96199f1f1d1821d8b4c28eb05ec3ef1a5282e3b9efe8f7d9bbaf9aa736147f6e,2026-02,Suffolk Constabulary,Suffolk Constabulary,1.028920,52.203263,On or near Chamomile Close,E01030081,Mid Suffolk 005D,Violence and sexual offences,Unable to prosecute suspect,
643e8cc4871f8231fc7443cfceb2abfa3c2af50da9a9f5ff4fad1430ce5dfdf3,2026-02,Suffolk Constabulary,Suffolk Constabulary,1.016053,52.195471,On or near Devon Road,E01030081,Mid Suffolk 005D,Violence and sexual offences,Unable to prosecute suspect,
fb2ad2f9a14c07c06bacb40662cb712eb04389b9692df0d691a05157cacfa73f,2026-02,Suffolk Constabulary,Suffolk Constabulary,1.024265,52.200882,On or near Barley Close,E01030081,Mid Suffolk 005D,Violence and sexual offences,Action to be taken by another organisation,
9f11a2ab703b60034387a941166f10c2784cfd38bf65c5b11b33ab3efbce8dcf,2026-02,Suffolk Constabulary,Suffolk Constabulary,1.024265,52.200882,On or near Barley Close,E01030081,Mid Suffolk 005D,Violence and sexual offences,Unable to prosecute suspect,
6884fef01a92e0ddf8a4e13eea7a14849cfb2917c08cb68b45a782404d38cb66,2026-02,Suffolk Constabulary,Suffolk Constabulary,1.024265,52.200882,On or near Barley Close,E01030081,Mid Suffolk 005D,Violence and sexual offences,Action to be taken by another organisation,
5582316ece3fdbabff5ad889cad67b3f27ab2b9226143e9f17bed1b97a481a7f,2026-02,Suffolk Constabulary,Suffolk Constabulary,1.024265,52.200882,On or near Barley Close,E01030081,Mid Suffolk 005D,Violence and sexual offences,Unable to prosecute suspect,
7aba2aaad2636a99a4df5a69c34022c47d9032f15560a6e5c3eba9db9c14151d,2026-02,Suffolk Constabulary,Suffolk Constabulary,1.029930,52.202194,On or near Oxlip Way,E01030081,Mid Suffolk 005D,Other crime,Further investigation is not in the public interest,
,2026-02,Suffolk Constabulary,Suffolk Constabulary,0.920509,52.234839,On or near Eastern Way,E01030051,Mid Suffolk 006A,Anti-social behaviour,,
514e7ab300be586c150fe837e143a0be88df2f5b61a81f1e801952bcc24daf54,2026-02,Suffolk Constabulary,Suffolk Constabulary,0.916187,52.233119,On or near Sports/Recreation Area,E01030051,Mid Suffolk 006A,Criminal damage and arson,Unable to prosecute suspect,
7863d0d50662369d3f3b189713036cf69654134c83f494b5a44ef18500b917f9,2026-02,Suffolk Constabulary,Suffolk Constabulary,0.914463,52.233999,On or near Cooks Road,E01030051,Mid Suffolk 006A,Criminal damage and arson,Offender given a caution,
21ecb13542526a5b5949bf148f0cdabaffaf793681cda8266a9a7ecbfbd19ec2,2026-02,Suffolk Constabulary,Suffolk Constabulary,0.916187,52.233119,On or near Sports/Recreation Area,E01030051,Mid Suffolk 006A,Violence and sexual offences,Unable to prosecute suspect,
8bc30f734c4fd5e327fbf9c81f955ff238f6c0e33faf3cf870b2cf55d17cbd65,2026-02,Suffolk Constabulary,Suffolk Constabulary,0.918893,52.231192,On or near Furlong Close,E01030051,Mid Suffolk 006A,Violence and sexual offences,Unable to prosecute suspect,
a4a25dac239f2c03a48eb4ee7d72f42606d10ae6c33b582415df057fac67560e,2026-02,Suffolk Constabulary,Suffolk Constabulary,0.918893,52.231192,On or near Furlong Close,E01030051,Mid Suffolk 006A,Violence and sexual offences,Unable to prosecute suspect,
,2026-02,Suffolk Constabulary,Suffolk Constabulary,0.965884,52.221818,On or near Green Road,E01030056,Mid Suffolk 006B,Anti-social behaviour,,
2162ebc5403ad75340e9090ee14b595a574e32571c23875c7ecc103527c45727,2026-02,Suffolk Constabulary,Suffolk Constabulary,0.980064,52.204634,On or near Petrol Station,E01030056,Mid Suffolk 006B,Drugs,Awaiting court outcome,
ce2078a77efff9a5f3cf9bb38710078890506924a8efcf23abe2fc4e118b818d,2026-02,Suffolk Constabulary,Suffolk Constabulary,0.971471,52.217126,On or near Crawford Avenue,E01030056,Mid Suffolk 006B,Public order,Local resolution,
c7115e75ee4a721a45246bc7d084d6933ef8729ce6751a8eabed5b4749bef664,2026-02,Suffolk Constabulary,Suffolk Constabulary,0.972100,52.219737,On or near Station Road,E01030056,Mid Suffolk 006B,Vehicle crime,Investigation complete; no suspect identified,
7c7cca82e017429ffeaf9f61af1100a30d9ffbeb6181276ae95aaa8c557a768f,2026-02,Suffolk Constabulary,Suffolk Constabulary,0.943786,52.219601,On or near The Close,E01030056,Mid Suffolk 006B,Violence and sexual offences,Unable to prosecute suspect,
907b95e3d133e30bbeef1317374996d8a2ca0377419359d2d9157f4bcb3a1b0c,2026-02,Suffolk Constabulary,Suffolk Constabulary,0.943786,52.219601,On or near The Close,E01030056,Mid Suffolk 006B,Violence and sexual offences,Unable to prosecute suspect,
16c73654f5c6e191fd28a65ea1afe965e7f1fb66a2b87e5f01b6b51d0908ee4c,2026-02,Suffolk Constabulary,Suffolk Constabulary,0.897226,52.196482,On or near Stowmarket Road,E01030065,Mid Suffolk 006C,Violence and sexual offences,Under investigation,
d2ff0f520168526407a9d46445b17bdf16d80e81ffc13a21749f64acfa0c38c6,2026-02,Suffolk Constabulary,Suffolk Constabulary,0.866237,52.219110,On or near The Street,E01030065,Mid Suffolk 006C,Violence and sexual offences,Unable to prosecute suspect,
1a77d2641277342efeae477bac5ef7e587d6d3acd5c96dbc7288b18569ae3b6e,2026-02,Suffolk Constabulary,Suffolk Constabulary,0.846940,52.177238,On or near Parking Area,E01030065,Mid Suffolk 006C,Violence and sexual offences,Local resolution,
b65d639e82d7912830dd436f371722540a9aa77a275b1591b765ed7958b62613,2026-02,Suffolk Constabulary,Suffolk Constabulary,0.866237,52.219110,On or near The Street,E01030065,Mid Suffolk 006C,Violence and sexual offences,Unable to prosecute suspect,
,2026-02,Suffolk Constabulary,Suffolk Constabulary,0.893859,52.222815,On or near Heath Road,E01030089,Mid Suffolk 006E,Anti-social behaviour,,
,2026-02,Suffolk Constabulary,Suffolk Constabulary,0.892366,52.223266,On or near Mill Close,E01030089,Mid Suffolk 006E,Anti-social behaviour,,
30451ecb556c062510eb113bdfb8ce9834e21e4aadf38602964f7b44ddb4814e,2026-02,Suffolk Constabulary,Suffolk Constabulary,0.886139,52.226602,On or near Hay Barn Meadow,E01030089,Mid Suffolk 006E,Criminal damage and arson,Unable to prosecute suspect,
7bcc7ea8e631b5bb7e938f0112fdb567d211c3074cad1e58c3990c96b09facd6,2026-02,Suffolk Constabulary,Suffolk Constabulary,0.882901,52.224091,On or near Mitre Close,E01030089,Mid Suffolk 006E,Criminal damage and arson,Investigation complete; no suspect identified,
6401a20b733ae26626c60020b5d6822d2ecd22004bfd4fc05b6e151dc6f7aaf5,2026-02,Suffolk Constabulary,Suffolk Constabulary,0.891526,52.224312,On or near Petrol Station,E01030089,Mid Suffolk 006E,Criminal damage and arson,Local resolution,
1c3702bea4e3bf95ca04ac0db56d1c452cb848bd14fd0a597c04cf402441030d,2026-02,Suffolk Constabulary,Suffolk Constabulary,0.892929,52.220446,On or near Lanecroft,E01030089,Mid Suffolk 006E,Drugs,Awaiting court outcome,
d38f851a56406ecf6939c1ce19866cdc8aa3a87f6f071f002db120a053b4c32d,2026-02,Suffolk Constabulary,Suffolk Constabulary,0.890379,52.220859,On or near Grange Close,E01030089,Mid Suffolk 006E,Vehicle crime,Investigation complete; no suspect identified,
3d30caca9e59af3b02bf1d438b79de94ec520d25b425b53578a67dfc121cf92d,2026-02,Suffolk Constabulary,Suffolk Constabulary,0.901452,52.225390,On or near Southlands Row,E01030089,Mid Suffolk 006E,Violence and sexual offences,Unable to prosecute suspect,
a0aae41d4ed38d5e2de22ee48755820eeb9cb029e71a1dfdd1ff347a4f7a3d2c,2026-02,Suffolk Constabulary,Suffolk Constabulary,0.882901,52.224091,On or near Mitre Close,E01030089,Mid Suffolk 006E,Violence and sexual offences,Unable to prosecute suspect,
58e601d686ae04f801f615c60f274eec84cc0e82f109ece866c04f1c335cecf7,2026-02,Suffolk Constabulary,Suffolk Constabulary,1.180362,52.225456,On or near Supermarket,E01030048,Mid Suffolk 007A,Bicycle theft,Investigation complete; no suspect identified,
68d6f0ecff2368ed39a7e428a365ba67c766dfa003addb7c88abbcd03638b6bd,2026-02,Suffolk Constabulary,Suffolk Constabulary,1.181209,52.227178,On or near Coopersfield,E01030048,Mid Suffolk 007A,Drugs,Under investigation,
14a1a7503d4040a053901a44efb1397b9e66d1b9d6686984df276667eb3a317e,2026-02,Suffolk Constabulary,Suffolk Constabulary,1.178142,52.227099,On or near Hitcham Road,E01030048,Mid Suffolk 007A,Violence and sexual offences,Unable to prosecute suspect,
bf1f3a700a18ad43f7859e1eba20d35576ea0ecc00773e7eb9f60161312ef43b,2026-02,Suffolk Constabulary,Suffolk Constabulary,1.182184,52.221153,On or near Deben Rise,E01030048,Mid Suffolk 007A,Other crime,Unable to prosecute suspect,
e787fb113673229a5959b6274a48e2b6f004bbc09ee5dcb4fb086e21732b25f0,2026-02,Suffolk Constabulary,Suffolk Constabulary,1.150353,52.176139,On or near Debenham Road,E01030057,Mid Suffolk 007B,Burglary,Investigation complete; no suspect identified,
d99102db2d38b9bab1753e27da4702a962f199210005bf30a721eba90767eb2a,2026-02,Suffolk Constabulary,Suffolk Constabulary,1.079675,52.147483,On or near Petrol Station,E01030057,Mid Suffolk 007B,Criminal damage and arson,Investigation complete; no suspect identified,
3b7ba9b269237f818113738705ca7532a10f50e06b862c3dd70f9e68c9dbc913,2026-02,Suffolk Constabulary,Suffolk Constabulary,1.127049,52.164681,On or near Spring Lane,E01030057,Mid Suffolk 007B,Criminal damage and arson,Investigation complete; no suspect identified,
dae414d472369a316686f9fc6b455b7be13710d1930770757745579c6f458a4a,2026-02,Suffolk Constabulary,Suffolk Constabulary,1.079675,52.147483,On or near Petrol Station,E01030057,Mid Suffolk 007B,Drugs,Awaiting court outcome,
,2026-02,Suffolk Constabulary,Suffolk Constabulary,1.118852,52.194254,On or near Scott'S Hill,E01030083,Mid Suffolk 007C,Anti-social behaviour,,
52bd784e066421c3cd4b5509a8fe8de6049037d7a94e02474f3fbaa1495dbb60,2026-02,Suffolk Constabulary,Suffolk Constabulary,1.099424,52.199821,On or near Norwich Road,E01030083,Mid Suffolk 007C,Public order,Investigation complete; no suspect identified,
8f1800510f65c532c40e67331c0a5372577a82a149043e343c08cc23167aa40e,2026-02,Suffolk Constabulary,Suffolk Constabulary,1.099424,52.199821,On or near Norwich Road,E01030083,Mid Suffolk 007C,Violence and sexual offences,Unable to prosecute suspect,
5b6889fa37a3899f1746e7ef0df65f6475199a0e0b1da9aad156872ffd972b42,2026-02,Suffolk Constabulary,Suffolk Constabulary,1.066774,52.170546,On or near Fleetwood Close,E01030083,Mid Suffolk 007C,Violence and sexual offences,Awaiting court outcome,
e4f89f85ae299c8862a57610321c224ab006019b7dfd4f6b87be16501102a808,2026-02,Suffolk Constabulary,Suffolk Constabulary,1.056662,52.160673,On or near St Mary'S Gardens,E01030083,Mid Suffolk 007C,Violence and sexual offences,Awaiting court outcome,
5193c0ee2d9505bd8cce4588ece9f4e075311ec9610f771e3fd7412c406cd655,2026-02,Suffolk Constabulary,Suffolk Constabulary,1.065078,52.159510,On or near Sally Wood'S Lane,E01030083,Mid Suffolk 007C,Violence and sexual offences,Unable to prosecute suspect,
6f5a9a545b1bcf45596d720c50bf2c849f5454352d3f9e2312da7dfd155fe5ad,2026-02,Suffolk Constabulary,Suffolk Constabulary,1.117302,52.193638,On or near Stowmarket Road,E01030083,Mid Suffolk 007C,Violence and sexual offences,Unable to prosecute suspect,
9d01a7768d102221310eaeb25e4b6666e90673ac423b1d0c1bfc7f497cdcd0e7,2026-02,Suffolk Constabulary,Suffolk Constabulary,1.117302,52.193638,On or near Stowmarket Road,E01030083,Mid Suffolk 007C,Violence and sexual offences,Awaiting court outcome,
c834758c6221fad0e258cc0fa5603f379457c38787de959ceb6a9d8f2687a77d,2026-02,Suffolk Constabulary,Suffolk Constabulary,1.110740,52.299262,On or near Clay Lane,E01030087,Mid Suffolk 007D,Burglary,Investigation complete; no suspect identified,
1996205239eb4057cb74c87e3373aff7b37149932be933b4176904ec2f27a880,2026-02,Suffolk Constabulary,Suffolk Constabulary,1.136447,52.232730,On or near Park/Open Space,E01030087,Mid Suffolk 007D,Burglary,Under investigation,
87522246e732df0fbfbaf8088ecdd992917def5ebd61465a7baff5c3c6fae083,2026-02,Suffolk Constabulary,Suffolk Constabulary,1.095331,52.271212,On or near Wickham Road,E01030087,Mid Suffolk 007D,Criminal damage and arson,Investigation complete; no suspect identified,
9e313b19c5033e03a8e9982df16dce34047ee042070c9bf137f482b395094336,2026-02,Suffolk Constabulary,Suffolk Constabulary,1.114966,52.259165,On or near Church Street,E01030087,Mid Suffolk 007D,Possession of weapons,Unable to prosecute suspect,
0326fcaba9f68783849018372069bff939292578e750dfa4091d45bc5d599a00,2026-02,Suffolk Constabulary,Suffolk Constabulary,1.126049,52.213589,On or near St Andrews Mead,E01030087,Mid Suffolk 007D,Violence and sexual offences,Awaiting court outcome,
8d831150469ecaab30d8ca02e60ee96ae09f34a950fa93f07e8c75e905aa89ab,2026-02,Suffolk Constabulary,Suffolk Constabulary,1.095331,52.271212,On or near Wickham Road,E01030087,Mid Suffolk 007D,Violence and sexual offences,Under investigation,
454644005405f61b46dc290e822bc0e5977fc317e4705bcfd88c399c80d7f829,2026-02,Suffolk Constabulary,Suffolk Constabulary,1.099602,52.289347,On or near Roman Way,E01030087,Mid Suffolk 007D,Violence and sexual offences,Local resolution,
9a00ac83ed7495949684e203d74726b747e0c458c4bb0bf05364467b1fb46d6e,2026-02,Suffolk Constabulary,Suffolk Constabulary,1.095331,52.271212,On or near Wickham Road,E01030087,Mid Suffolk 007D,Violence and sexual offences,Action to be taken by another organisation,
8d73b4a5a049bc256a01258a47ddf91e9a3a98a1bc83314fd326331a8acf921e,2026-02,Suffolk Constabulary,Suffolk Constabulary,1.095331,52.271212,On or near Wickham Road,E01030087,Mid Suffolk 007D,Violence and sexual offences,Action to be taken by another organisation,
0e231caee7716bc85d0e22a5ea54def175ee6dba2b838be364bd25647c9b5511,2026-02,Suffolk Constabulary,Suffolk Constabulary,1.101247,52.289385,On or near Huggins Lane,E01030087,Mid Suffolk 007D,Violence and sexual offences,Under investigation,
3c307102ea17a1d5e379499575b1697a1ee33e880aa7ef391e367808de672660,2026-02,Suffolk Constabulary,Suffolk Constabulary,1.095331,52.271212,On or near Wickham Road,E01030087,Mid Suffolk 007D,Violence and sexual offences,Unable to prosecute suspect,
,2026-02,Suffolk Constabulary,Suffolk Constabulary,0.987677,52.190042,On or near Recreation Road,E01030073,Mid Suffolk 008A,Anti-social behaviour,,
44044fc2019011e8106cfda74c83a4a273c0f20f27bde91d28e1ee876718b2e7,2026-02,Suffolk Constabulary,Suffolk Constabulary,0.991705,52.188133,On or near Kettlelea Court,E01030073,Mid Suffolk 008A,Drugs,Awaiting court outcome,
96cf612d1665395765265e960315ad0529cd165f3b76cac8a28526877713f86b,2026-02,Suffolk Constabulary,Suffolk Constabulary,0.984481,52.188199,On or near Town Green,E01030073,Mid Suffolk 008A,Violence and sexual offences,Local resolution,
6176d1c32bb09344ed9f8b3d029c72a5ee07facde6c69d78908efd03aa302920,2026-02,Suffolk Constabulary,Suffolk Constabulary,0.987614,52.184513,On or near Underhill,E01030073,Mid Suffolk 008A,Violence and sexual offences,Unable to prosecute suspect,
8ee6757eb7d6e43949ee258206ea992917a23a9c9bf8e633fc806e33516d1abd,2026-02,Suffolk Constabulary,Suffolk Constabulary,0.988867,52.185318,On or near Viking Road,E01030073,Mid Suffolk 008A,Violence and sexual offences,Action to be taken by another organisation,
2457bd6fa28d20e9a676b68c01bc01fa73d606074e5c430986d707e1ebdcfa58,2026-02,Suffolk Constabulary,Suffolk Constabulary,0.990059,52.192608,On or near Police Station,E01030077,Mid Suffolk 008B,Criminal damage and arson,Investigation complete; no suspect identified,
95b7e007804982f2b5b42a88417c3928f34039f878eedcaf43f59081cfb49dd0,2026-02,Suffolk Constabulary,Suffolk Constabulary,0.990059,52.192608,On or near Police Station,E01030077,Mid Suffolk 008B,Other theft,Unable to prosecute suspect,
0defae9fc26c2a78c7f2e23c5dfafce9934d919b43ffdc7e606d0168a0257a5d,2026-02,Suffolk Constabulary,Suffolk Constabulary,0.990973,52.189221,On or near Childer Road,E01030077,Mid Suffolk 008B,Vehicle crime,Investigation complete; no suspect identified,
263d26263b11c1c3b9d6721651f75645ff3e3f6f87bb042b60ec9e583087819e,2026-02,Suffolk Constabulary,Suffolk Constabulary,0.985530,52.192930,On or near Kingsmead Road,E01030077,Mid Suffolk 008B,Violence and sexual offences,Unable to prosecute suspect,
cf1da14ae758e8236a001ecbbe68115c5ae81d15534626685b15c7d12be89f75,2026-02,Suffolk Constabulary,Suffolk Constabulary,0.990059,52.192608,On or near Police Station,E01030077,Mid Suffolk 008B,Violence and sexual offences,Unable to prosecute suspect,
adfb719b4277cc20ed5b091c1e73b24cb4d067b2f481ff02a816e3f2144c261a,2026-02,Suffolk Constabulary,Suffolk Constabulary,0.990059,52.192608,On or near Police Station,E01030077,Mid Suffolk 008B,Violence and sexual offences,Offender given a caution,
ef5f81f52f2b1d226ee73673f0d561fee96a23294b1e0f07f09bdde566e6c46b,2026-02,Suffolk Constabulary,Suffolk Constabulary,0.990059,52.192608,On or near Police Station,E01030077,Mid Suffolk 008B,Violence and sexual offences,Under investigation,
1d8e3987659b8874a7fa69a58d79e046d82cc63eb0962fb0a245960c97119652,2026-02,Suffolk Constabulary,Suffolk Constabulary,0.990059,52.192608,On or near Police Station,E01030077,Mid Suffolk 008B,Other crime,Unable to prosecute suspect,
cf84c00539048c66ce68d9373d53e94d57f0e1a1f2055fe1a51df1e716ce4677,2026-02,Suffolk Constabulary,Suffolk Constabulary,0.993679,52.173747,On or near Combs Wood Drive,E01030079,Mid Suffolk 008C,Drugs,Local resolution,
9fd1ef07322275d2b518b02820a7f41c9c2f1064e15186fd904d5c3d21db47a8,2026-02,Suffolk Constabulary,Suffolk Constabulary,0.995688,52.175126,On or near Hillside,E01030079,Mid Suffolk 008C,Vehicle crime,Investigation complete; no suspect identified,
478ed064054ca2f34fa41e8f96b4a7aa6dd5e16f40c982ae12a3359b4acf65e7,2026-02,Suffolk Constabulary,Suffolk Constabulary,0.994104,52.176812,On or near Rattlesden Close,E01030079,Mid Suffolk 008C,Violence and sexual offences,Action to be taken by another organisation,
a8f68f45d029ee60b3a93c39fd36896bf0dc199c27d667f8afcd961921d93aae,2026-02,Suffolk Constabulary,Suffolk Constabulary,0.988613,52.175638,On or near The Twinnings,E01030079,Mid Suffolk 008C,Violence and sexual offences,Unable to prosecute suspect,
7f9cb392cb7898236a34e482886411a0c6868cbc0cefd1603ef28a64978cc847,2026-02,Suffolk Constabulary,Suffolk Constabulary,0.993679,52.173747,On or near Combs Wood Drive,E01030079,Mid Suffolk 008C,Violence and sexual offences,Unable to prosecute suspect,
b25d01344c1553c4f6f066d395f43174bc275803061f283d73712c8a59941f54,2026-02,Suffolk Constabulary,Suffolk Constabulary,0.997041,52.180253,On or near Supermarket,E01030080,Mid Suffolk 008D,Criminal damage and arson,Investigation complete; no suspect identified,
76d652c3e83e551044537b27eff2806957d9bc854ad0e95ce6d06b59ad022728,2026-02,Suffolk Constabulary,Suffolk Constabulary,0.997482,52.179181,On or near Victory Court,E01030080,Mid Suffolk 008D,Drugs,Local resolution,
8c153b23f724744b7681262c372db90156731a6cab34ad7574cb39f67e656684,2026-02,Suffolk Constabulary,Suffolk Constabulary,0.997041,52.180253,On or near Supermarket,E01030080,Mid Suffolk 008D,Drugs,Local resolution,
7ff502c5c5d93e953d0f13036651b52015201e59ca36d33280ea775291db73d8,2026-02,Suffolk Constabulary,Suffolk Constabulary,0.998455,52.180461,On or near Petrol Station,E01030080,Mid Suffolk 008D,Shoplifting,Local resolution,
3f189dc2766061f2b9ef500a03ba02b68a873cc5cf501a9330fb5b24cb33bc8e,2026-02,Suffolk Constabulary,Suffolk Constabulary,0.997041,52.180253,On or near Supermarket,E01030080,Mid Suffolk 008D,Shoplifting,Investigation complete; no suspect identified,
b87eb22e91bff8efb3189d5151ea5e22ef83f06435f42723914e08e3647c2b8e,2026-02,Suffolk Constabulary,Suffolk Constabulary,0.997041,52.180253,On or near Supermarket,E01030080,Mid Suffolk 008D,Shoplifting,Unable to prosecute suspect,
ab07ab67f8b8d3ffb4a53e895183454ee2e7ffaee76da419216b73e3870292db,2026-02,Suffolk Constabulary,Suffolk Constabulary,0.991251,52.179627,On or near Aldis Avenue,E01030080,Mid Suffolk 008D,Vehicle crime,Investigation complete; no suspect identified,
24d6e5071d8f5ab7ed6e1f39a14b7dcbcc006e1d7d0be72c022b83e8bf96f3f2,2026-02,Suffolk Constabulary,Suffolk Constabulary,0.997482,52.179181,On or near Victory Court,E01030080,Mid Suffolk 008D,Violence and sexual offences,Awaiting court outcome,
71e31fdcd632dd7f2ebac007bbefb5ffe1718d0d6c7295b312361e756606f75e,2026-02,Suffolk Constabulary,Suffolk Constabulary,0.995451,52.178352,On or near Edgar Avenue,E01030080,Mid Suffolk 008D,Violence and sexual offences,Unable to prosecute suspect,
97b65e8152948b2e24157588008ecde9e88803babca947342f27a3fa3799e2d6,2026-02,Suffolk Constabulary,Suffolk Constabulary,0.946930,52.200295,On or near Forest Road,E01030063,Mid Suffolk 009A,Criminal damage and arson,Investigation complete; no suspect identified,
47015f68d7f5fb3b1442cbd2ffa734098539c21837dccf92b3c5197f07e95d95,2026-02,Suffolk Constabulary,Suffolk Constabulary,0.969663,52.191559,On or near Onehouse Way,E01030063,Mid Suffolk 009A,Criminal damage and arson,Investigation complete; no suspect identified,
3c8dc6ffd0d103a105f1fdf6a8b478073b133d1ccfdcc3d8a6c1ec42ff40cfb1,2026-02,Suffolk Constabulary,Suffolk Constabulary,0.973315,52.198913,On or near Golding Way,E01030063,Mid Suffolk 009A,Vehicle crime,Investigation complete; no suspect identified,
9dd113cdf23e090055427a948fcefe60f9e243de18f433563945887265559c9b,2026-02,Suffolk Constabulary,Suffolk Constabulary,0.973950,52.199662,On or near Keyes Close,E01030063,Mid Suffolk 009A,Violence and sexual offences,Action to be taken by another organisation,
4728f91f6ac70f370e9f636996c66707757c1cb7e527d98fb5f4c2fadf58cbb8,2026-02,Suffolk Constabulary,Suffolk Constabulary,0.973950,52.199662,On or near Keyes Close,E01030063,Mid Suffolk 009A,Violence and sexual offences,Action to be taken by another organisation,
327fae29588d9533ea3abcaedafe6ccb9dbe32ce195568cdbb3c107ba2fb01b8,2026-02,Suffolk Constabulary,Suffolk Constabulary,0.959815,52.197517,On or near Birch Road,E01030063,Mid Suffolk 009A,Violence and sexual offences,Unable to prosecute suspect,
df17a682736639497e865a8f6ce405fbb36ed280761746540b6c4b43b8305c1b,2026-02,Suffolk Constabulary,Suffolk Constabulary,0.970625,52.192380,On or near Union Road,E01030063,Mid Suffolk 009A,Violence and sexual offences,Under investigation,
f4dcb1163d8a13a57c805a48d59363542500dc138191ec4d69a929ff2a95e551,2026-02,Suffolk Constabulary,Suffolk Constabulary,0.958226,52.198483,On or near Ash Road,E01030063,Mid Suffolk 009A,Violence and sexual offences,Unable to prosecute suspect,
dcfd4384dc62145ef803b502d970b7c125c27e071ec0d7c809527e9189f172e9,2026-02,Suffolk Constabulary,Suffolk Constabulary,0.925517,52.182248,On or near Mill Road,E01030063,Mid Suffolk 009A,Violence and sexual offences,Action to be taken by another organisation,
9608de37ee1a87d5b0161867b09a3f4386cb0768b421932c75cd3b0acc225962,2026-02,Suffolk Constabulary,Suffolk Constabulary,0.995857,52.148483,On or near Church Road,E01030069,Mid Suffolk 009B,Other theft,Investigation complete; no suspect identified,
,2026-02,Suffolk Constabulary,Suffolk Constabulary,0.979557,52.187208,On or near West View,E01030072,Mid Suffolk 009C,Anti-social behaviour,,
,2026-02,Suffolk Constabulary,Suffolk Constabulary,0.975844,52.190333,On or near Drake Close,E01030072,Mid Suffolk 009C,Anti-social behaviour,,
2264a96dda138a1ebeebcb0195e2b63bc223fe6651adc45a263968d70ddf07df,2026-02,Suffolk Constabulary,Suffolk Constabulary,0.984035,52.192239,On or near Blackerby Close,E01030072,Mid Suffolk 009C,Criminal damage and arson,Investigation complete; no suspect identified,
d02f3c77acd0961d6914ca50c1bb5f2e13df8e70f5d54cddda81346601155329,2026-02,Suffolk Constabulary,Suffolk Constabulary,0.982232,52.193508,On or near The Courtyard,E01030072,Mid Suffolk 009C,Violence and sexual offences,Unable to prosecute suspect,
3bbe146cba5594d61d1f4bfdf6fd5a57a8d3590753925177ea6f1a82e6aff6b5,2026-02,Suffolk Constabulary,Suffolk Constabulary,0.975844,52.190333,On or near Drake Close,E01030072,Mid Suffolk 009C,Violence and sexual offences,Unable to prosecute suspect,
c619a45429bd5b901afb11fab065c0fde3ac988b96c8bd2fe0a787bd5cae4c96,2026-02,Suffolk Constabulary,Suffolk Constabulary,0.975844,52.190333,On or near Drake Close,E01030072,Mid Suffolk 009C,Violence and sexual offences,Action to be taken by another organisation,
f6645e1aea1040bbb1611c5ba427a113a9e5e427390ecd34dd54a4e687960431,2026-02,Suffolk Constabulary,Suffolk Constabulary,0.982232,52.193508,On or near The Courtyard,E01030072,Mid Suffolk 009C,Violence and sexual offences,Unable to prosecute suspect,
dba778d1b00bac92b8afec52911d24a1a89e5c37821db8981c38a639bf54e98c,2026-02,Suffolk Constabulary,Suffolk Constabulary,0.982232,52.193508,On or near The Courtyard,E01030072,Mid Suffolk 009C,Violence and sexual offences,Unable to prosecute suspect,
4f838405cc130c724739a97e7f5033f91fe13b6b3442d89863fe5aee43f7f507,2026-02,Suffolk Constabulary,Suffolk Constabulary,0.982232,52.193508,On or near The Courtyard,E01030072,Mid Suffolk 009C,Violence and sexual offences,Unable to prosecute suspect,
03a1d05bc10580ca1cd5036586b1816ddac6cb162d1356fddedbe6dcf1ce12e6,2026-02,Suffolk Constabulary,Suffolk Constabulary,0.981579,52.192499,On or near Gainsborough Road,E01030072,Mid Suffolk 009C,Violence and sexual offences,Investigation complete; no suspect identified,
3d10b1df2718b622238bdc238f38362940a9a3e4930c1e484c303004e55605d1,2026-02,Suffolk Constabulary,Suffolk Constabulary,0.982232,52.193508,On or near The Courtyard,E01030072,Mid Suffolk 009C,Violence and sexual offences,Unable to prosecute suspect,
262c998bc566fa444ae49ba7c28aeb3c92fc6a72a146a1dc70b23bc270cfe218,2026-02,Suffolk Constabulary,Suffolk Constabulary,0.975129,52.190800,On or near Grebe Close,E01030072,Mid Suffolk 009C,Violence and sexual offences,Unable to prosecute suspect,
6cefc1a13e5accc5533513ce312c33f935f59ccec224508cc8d7945a6043caa5,2026-02,Suffolk Constabulary,Suffolk Constabulary,0.980633,52.190832,On or near Cavendish Road,E01030072,Mid Suffolk 009C,Violence and sexual offences,Further investigation is not in the public interest,
d236e2f23cd103b3f83ec8c0fd8680863f6ab8c1ce6e4572695f347b459b0f8e,2026-02,Suffolk Constabulary,Suffolk Constabulary,0.975844,52.190333,On or near Drake Close,E01030072,Mid Suffolk 009C,Violence and sexual offences,Unable to prosecute suspect,
71abee7e0729442afae396d13e4848636fa65dd05647d46d5b87a573dd80c85f,2026-02,Suffolk Constabulary,Suffolk Constabulary,0.980633,52.190832,On or near Cavendish Road,E01030072,Mid Suffolk 009C,Violence and sexual offences,Unable to prosecute suspect,
a84d5bb7e4158a980302858129918a12db4a571077a69e9c9703d0e4633a4d44,2026-02,Suffolk Constabulary,Suffolk Constabulary,0.981732,52.200688,On or near Sorley Road,E01030075,Mid Suffolk 009D,Other theft,Investigation complete; no suspect identified,
f31bd66d906771d87633cf3ae1c5660061073fc8340bd4e5af0fcf5bf9a0355a,2026-02,Suffolk Constabulary,Suffolk Constabulary,0.978859,52.199529,On or near Tynan Crescent,E01030075,Mid Suffolk 009D,Violence and sexual offences,Unable to prosecute suspect,
,2026-02,Suffolk Constabulary,Suffolk Constabulary,1.045398,52.160407,On or near Gipsy Lane,E01030060,Mid Suffolk 010A,Anti-social behaviour,,
,2026-02,Suffolk Constabulary,Suffolk Constabulary,1.041168,52.158205,On or near Meadow View,E01030060,Mid Suffolk 010A,Anti-social behaviour,,
84a63cc6ae20d9734c45e8ea07dc2381ef029643906e0f525984792b6087af64,2026-02,Suffolk Constabulary,Suffolk Constabulary,1.042434,52.159179,On or near Hill House Lane,E01030060,Mid Suffolk 010A,Criminal damage and arson,Investigation complete; no suspect identified,
953dfed901b7708e7548ca5276aa1a13b8a09b633ab6e8f1291a705a54ca73ef,2026-02,Suffolk Constabulary,Suffolk Constabulary,1.042434,52.159179,On or near Hill House Lane,E01030060,Mid Suffolk 010A,Other theft,Investigation complete; no suspect identified,
30371397beee0f4d8698bfa5a7ea0c6bb2b904d1725645414fb0b420b18a47ae,2026-02,Suffolk Constabulary,Suffolk Constabulary,1.019523,52.171973,On or near Stowmarket Road,E01030060,Mid Suffolk 010A,Public order,Investigation complete; no suspect identified,
14ee65e04930df89a2ef7aec634e9fd38bcb9a1cf7a73d77bc167b1adf2ea9d4,2026-02,Suffolk Constabulary,Suffolk Constabulary,1.046885,52.156915,On or near Cedar Walk,E01030060,Mid Suffolk 010A,Shoplifting,Unable to prosecute suspect,
4eeb6bf07b996b03edf009883db940c27c7aff9270ccd95fa3b1d82381b92c4e,2026-02,Suffolk Constabulary,Suffolk Constabulary,1.046885,52.156915,On or near Cedar Walk,E01030060,Mid Suffolk 010A,Shoplifting,Investigation complete; no suspect identified,
86edf98567c90b864d52b44b7d304d5ae71a4a365b08904c5df5dd2241088a16,2026-02,Suffolk Constabulary,Suffolk Constabulary,1.046885,52.156915,On or near Cedar Walk,E01030060,Mid Suffolk 010A,Shoplifting,Unable to prosecute suspect,
3d06bd6f3f00a9a2e2f5eec54c3f0c12f6dfee3d2c5df19e1171c016342f4ce9,2026-02,Suffolk Constabulary,Suffolk Constabulary,1.046885,52.156915,On or near Cedar Walk,E01030060,Mid Suffolk 010A,Shoplifting,Investigation complete; no suspect identified,
a86c11a81ebdebe8824520b381659a894f19e2f50c90ab51b521cd790f3cd2d5,2026-02,Suffolk Constabulary,Suffolk Constabulary,1.042310,52.157150,On or near Anderson Close,E01030060,Mid Suffolk 010A,Violence and sexual offences,Unable to prosecute suspect,
8bd6359061354b8c47c85709060460315f9e43f0be97d45dab1e3d1573d6ab9e,2026-02,Suffolk Constabulary,Suffolk Constabulary,1.042434,52.159179,On or near Hill House Lane,E01030060,Mid Suffolk 010A,Violence and sexual offences,Investigation complete; no suspect identified,
c760263af919deb75195c949ce568f0c81e98167104298d989ef355b6b332a72,2026-02,Suffolk Constabulary,Suffolk Constabulary,1.046528,52.158534,On or near Stowmarket Road,E01030060,Mid Suffolk 010A,Violence and sexual offences,Action to be taken by another organisation,
2948d1e371e51fa50f3981a02c539632addfd249a2c40490af90094013e8e8e1,2026-02,Suffolk Constabulary,Suffolk Constabulary,1.046528,52.158534,On or near Stowmarket Road,E01030060,Mid Suffolk 010A,Violence and sexual offences,Unable to prosecute suspect,
d75008331167922a916f5bb7b3b1df40bc44784fd4edc0283358fdfbbc9889f5,2026-02,Suffolk Constabulary,Suffolk Constabulary,1.019523,52.171973,On or near Stowmarket Road,E01030060,Mid Suffolk 010A,Violence and sexual offences,Unable to prosecute suspect,
7f50bb14abdc9491a583cad3a1c2d6e28d6d62de05135c66f72cd9727adaf87e,2026-02,Suffolk Constabulary,Suffolk Constabulary,1.034364,52.164801,On or near Stowmarket Road,E01030060,Mid Suffolk 010A,Violence and sexual offences,Investigation complete; no suspect identified,
04b61c93351b8ccd9fa145f2a2e59089133cdf218532d308068852a85cd8e015,2026-02,Suffolk Constabulary,Suffolk Constabulary,1.042310,52.157150,On or near Anderson Close,E01030060,Mid Suffolk 010A,Violence and sexual offences,Investigation complete; no suspect identified,
,2026-02,Suffolk Constabulary,Suffolk Constabulary,0.997659,52.187460,On or near Fox Court,E01030071,Mid Suffolk 010B,Anti-social behaviour,,
60e390dc50263a9aacb395f22d6cce1744d0592d5a652bf9c3605b018fa06bfc,2026-02,Suffolk Constabulary,Suffolk Constabulary,1.000562,52.188852,On or near Parking Area,E01030071,Mid Suffolk 010B,Bicycle theft,Investigation complete; no suspect identified,
5a76117b828e0ca16ef70743607ca747b1a0a48a3cdfd97a9a33eb06703724da,2026-02,Suffolk Constabulary,Suffolk Constabulary,0.995009,52.187446,On or near Crowe Street,E01030071,Mid Suffolk 010B,Drugs,Awaiting court outcome,
a68dfe4d10ea282141edc9c1c69b1b7bb72ebd2fc84aed1fffdfe148faafee73,2026-02,Suffolk Constabulary,Suffolk Constabulary,0.995009,52.187446,On or near Crowe Street,E01030071,Mid Suffolk 010B,Drugs,Awaiting court outcome,
953e6e1bbdffdf9bf87fe86c9cf06f746ac3c6768437b081e226517913e0c1bd,2026-02,Suffolk Constabulary,Suffolk Constabulary,0.995812,52.187736,On or near Theatre/Concert Hall,E01030071,Mid Suffolk 010B,Other theft,Unable to prosecute suspect,
07dd7cdf1ddcc0793eddae15190d25e384d28eb90c54cc94dafea781e7912d26,2026-02,Suffolk Constabulary,Suffolk Constabulary,0.998586,52.185359,On or near Parking Area,E01030071,Mid Suffolk 010B,Other theft,Investigation complete; no suspect identified,
8cccd3c2891931b1cce1a1714cd412969f4783241569806046ee5326773876f9,2026-02,Suffolk Constabulary,Suffolk Constabulary,0.995156,52.185923,On or near Abbot'S Hall Road,E01030071,Mid Suffolk 010B,Public order,Unable to prosecute suspect,
6207e1d071da5b9d3514ebc8f5bf957599ab0fba220c7c5db29d486839b02cd9,2026-02,Suffolk Constabulary,Suffolk Constabulary,0.995812,52.187736,On or near Theatre/Concert Hall,E01030071,Mid Suffolk 010B,Robbery,Unable to prosecute suspect,
57b9aaeb254db27dd292dd292c659f8d8e43ac845a7195e649be506a1bce3668,2026-02,Suffolk Constabulary,Suffolk Constabulary,0.997659,52.187460,On or near Fox Court,E01030071,Mid Suffolk 010B,Shoplifting,Awaiting court outcome,
1ede823b47b6c3f944b0885d03f1f019167f22385a3f2395d75f26ba7f1123fe,2026-02,Suffolk Constabulary,Suffolk Constabulary,0.995009,52.187446,On or near Crowe Street,E01030071,Mid Suffolk 010B,Shoplifting,Investigation complete; no suspect identified,
248834fce20c1d66dcfe8203c25bfc31e8f1edac04bcb505f21c16890454fb7f,2026-02,Suffolk Constabulary,Suffolk Constabulary,0.995812,52.187736,On or near Theatre/Concert Hall,E01030071,Mid Suffolk 010B,Shoplifting,Local resolution,
a459dd8adb63dd04986ab62db6dfc6cbe042b09b6850dd1ed586dc819af5589a,2026-02,Suffolk Constabulary,Suffolk Constabulary,0.995009,52.187446,On or near Crowe Street,E01030071,Mid Suffolk 010B,Shoplifting,Investigation complete; no suspect identified,
9dd69b491e67db672da2a4af51d66f3ed104ece6b2008ff34a4b56aeb467f456,2026-02,Suffolk Constabulary,Suffolk Constabulary,0.995812,52.187736,On or near Theatre/Concert Hall,E01030071,Mid Suffolk 010B,Shoplifting,Investigation complete; no suspect identified,
9ee269c70fb0987264bbddf3d11ec9688a6f4e5c2e76e9bc11ce42e006dd1ddf,2026-02,Suffolk Constabulary,Suffolk Constabulary,0.997816,52.186538,On or near Ipswich Street,E01030071,Mid Suffolk 010B,Shoplifting,Investigation complete; no suspect identified,
82becb2c3e21810887e119a694053f7eeebccbf9b3f50ef8be46557169e73e37,2026-02,Suffolk Constabulary,Suffolk Constabulary,0.999771,52.186660,On or near A1308,E01030071,Mid Suffolk 010B,Shoplifting,Investigation complete; no suspect identified,
7ba1c8f9c888529d288c606256d8a424ccbc935482006a2e77698cbdccece567,2026-02,Suffolk Constabulary,Suffolk Constabulary,0.995009,52.187446,On or near Crowe Street,E01030071,Mid Suffolk 010B,Shoplifting,Formal action is not in the public interest,
e8212f66fa1944867aa16d124345dd803d0a4f3c61d125f33c46cce828dcb267,2026-02,Suffolk Constabulary,Suffolk Constabulary,0.995812,52.187736,On or near Theatre/Concert Hall,E01030071,Mid Suffolk 010B,Shoplifting,Unable to prosecute suspect,
ecf6d36095ad12fe8203e978b9ba56a9b69c5b4d4962d28a97b301ebd551b437,2026-02,Suffolk Constabulary,Suffolk Constabulary,0.995508,52.186588,On or near Marriott'S Walk,E01030071,Mid Suffolk 010B,Violence and sexual offences,Under investigation,
de70bebfe4ddc093745499e71655903877b8c7f5ab64e6a52c9f35a0844275f1,2026-02,Suffolk Constabulary,Suffolk Constabulary,0.998636,52.189368,On or near Station Road East,E01030071,Mid Suffolk 010B,Violence and sexual offences,Awaiting court outcome,
fa5ea86be524179b0bb12673163a524bb9695b1dbe67e79b2cd337611fc3f3e1,2026-02,Suffolk Constabulary,Suffolk Constabulary,0.999584,52.186287,On or near Parking Area,E01030071,Mid Suffolk 010B,Violence and sexual offences,Unable to prosecute suspect,
90e3af4dd4e0fb70e71d9500be1f4b20644807e894656883d3ef53eb2cae24bc,2026-02,Suffolk Constabulary,Suffolk Constabulary,1.000560,52.186001,On or near Gipping Way,E01030071,Mid Suffolk 010B,Violence and sexual offences,Unable to prosecute suspect,
2b2858400d685dab15c45e0a7c6b95084474b32eb8802024bf2e0d2b8b61f3b5,2026-02,Suffolk Constabulary,Suffolk Constabulary,0.997659,52.187460,On or near Fox Court,E01030071,Mid Suffolk 010B,Violence and sexual offences,Local resolution,
,2026-02,Suffolk Constabulary,Suffolk Constabulary,0.985717,52.197691,On or near Byron Close,E01030076,Mid Suffolk 010D,Anti-social behaviour,,
dc5e5dbc3f889a186c0be8c7492644df62699191e813b5c72422291dbbac447a,2026-02,Suffolk Constabulary,Suffolk Constabulary,0.989968,52.197782,On or near Turnpike Court,E01030076,Mid Suffolk 010D,Violence and sexual offences,Unable to prosecute suspect,
c8f551e60d53375c41924104f4e7e83f3346e2b1d95f9c5052dde8664c4a59ab,2026-02,Suffolk Constabulary,Suffolk Constabulary,0.989602,52.196910,On or near St Edmunds Close,E01030076,Mid Suffolk 010D,Other crime,Unable to prosecute suspect,
9eef6a93e203d5c37a246e38c2601e84353c63491256684060ae7f7cae28004b,2026-02,Suffolk Constabulary,Suffolk Constabulary,1.008951,52.176578,On or near Needham Road,E01030078,Mid Suffolk 010E,Burglary,Investigation complete; no suspect identified,
028e9dde234f5edb806bda623cd761dc1618834ed0949ddc7911fcfc457f27f8,2026-02,Suffolk Constabulary,Suffolk Constabulary,1.001626,52.177277,On or near Semer Close,E01030078,Mid Suffolk 010E,Vehicle crime,Investigation complete; no suspect identified,
bd7a5093cb0c941b02d525d1910af8831ab34fe1c161f95407b8dc7415721273,2026-02,Suffolk Constabulary,Suffolk Constabulary,1.005719,52.178315,On or near Polstead Close,E01030078,Mid Suffolk 010E,Other crime,Awaiting court outcome,
6e9bbf428366a16df9afb14edbc76792f1a901717a716e6adb5268ae1ecb561e,2026-02,Suffolk Constabulary,Suffolk Constabulary,1.005416,52.192478,On or near Egret Drive,E01033316,Mid Suffolk 010F,Violence and sexual offences,Under investigation,
446325a84dccd45019ecdae46cc0c378fd0cfa9245fe05e01ee8af8cbe8e28df,2026-02,Suffolk Constabulary,Suffolk Constabulary,1.007028,52.190558,On or near Skylark Way,E01033316,Mid Suffolk 010F,Violence and sexual offences,Action to be taken by another organisation,
1acb8a6b1c63d2ad0d3abb1c589ff016415902b01eec34724c204a373ae31b96,2026-02,Suffolk Constabulary,Suffolk Constabulary,1.007028,52.190558,On or near Skylark Way,E01033316,Mid Suffolk 010F,Violence and sexual offences,Action to be taken by another organisation,
4425b157cb9be9abf6c99dc188f881053610f807605df7530f749f8441a95eed,2026-02,Suffolk Constabulary,Suffolk Constabulary,1.010542,52.191673,On or near Jackdaw Close,E01033316,Mid Suffolk 010F,Violence and sexual offences,Unable to prosecute suspect,
e181141226b3011a56f87f0a1202376944451e7ef83a6826e9cfeeb119ab7896,2026-02,Suffolk Constabulary,Suffolk Constabulary,1.007028,52.190558,On or near Skylark Way,E01033316,Mid Suffolk 010F,Violence and sexual offences,Action to be taken by another organisation,
ae07ba04c23cba0e22b6795646221e911340736a192d8140cb3cf6e067a19e19,2026-02,Suffolk Constabulary,Suffolk Constabulary,1.010656,52.189674,On or near Kittiwake Court,E01033316,Mid Suffolk 010F,Violence and sexual offences,Unable to prosecute suspect,
0487dc2baf601b6c686cdef7ed86f02293e6040a922585235fad6f56cbfa60ed,2026-02,Suffolk Constabulary,Suffolk Constabulary,1.010542,52.191673,On or near Jackdaw Close,E01033316,Mid Suffolk 010F,Violence and sexual offences,Awaiting court outcome,
9f84e92f9d24a830221a71755f4722f3c951e5a25e483dbc2fb86d41cc6c8886,2026-02,Suffolk Constabulary,Suffolk Constabulary,1.005416,52.192478,On or near Egret Drive,E01033316,Mid Suffolk 010F,Violence and sexual offences,Awaiting court outcome,
5d828e4c4b8b905547309441145032b4dc2e6be2cb4f3ab0c5dbbf7dd00149cf,2026-02,Suffolk Constabulary,Suffolk Constabulary,1.012905,52.189616,On or near Pintail Road,E01033316,Mid Suffolk 010F,Violence and sexual offences,Action to be taken by another organisation,
440020144485612d302d66e7708a0fac1eb0caa2fda62dc9e497982030315fa0,2026-02,Suffolk Constabulary,Suffolk Constabulary,1.007028,52.190558,On or near Skylark Way,E01033316,Mid Suffolk 010F,Violence and sexual offences,Action to be taken by another organisation,
353ea0398cbc6ad1aa012014a8ba1c2e39c5054c7a539c1114416ef723f0dee5,2026-02,Suffolk Constabulary,Suffolk Constabulary,1.005416,52.192478,On or near Egret Drive,E01033316,Mid Suffolk 010F,Violence and sexual offences,Unable to prosecute suspect,
ab3f0cab8f76cd1b6006052bb64c58f8fefaa669c0e69ca8acb1742b931d7654,2026-02,Suffolk Constabulary,Suffolk Constabulary,0.997795,52.190127,On or near Stowupland Street,E01033317,Mid Suffolk 010G,Criminal damage and arson,Investigation complete; no suspect identified,
fb54ceb40b30e18024e051e929d22e394c7d21f6d8830f066a44c13110e4e6be,2026-02,Suffolk Constabulary,Suffolk Constabulary,0.994941,52.188383,On or near Shopping Area,E01033317,Mid Suffolk 010G,Shoplifting,Investigation complete; no suspect identified,
fcc8adeddfb813275b90af437be031665551d78db2ad3dcfca463d01ddaf8df5,2026-02,Suffolk Constabulary,Suffolk Constabulary,1.013469,52.187344,On or near Sheerwater Way,E01033317,Mid Suffolk 010G,Violence and sexual offences,Unable to prosecute suspect,
02852afe22c9725fb6176478193c7208d466449b939aca1f18f4c09b6d69a31e,2026-02,Suffolk Constabulary,Suffolk Constabulary,1.002858,52.190790,On or near Victoria Road,E01033317,Mid Suffolk 010G,Violence and sexual offences,Unable to prosecute suspect,
e5ca67955c28e0334093eb048b2ee4d49ea56b67e624253943ad2f9ae9a64c38,2026-02,Suffolk Constabulary,Suffolk Constabulary,1.004237,52.190188,On or near Elizabeth Way,E01033317,Mid Suffolk 010G,Violence and sexual offences,Unable to prosecute suspect,
d2c5c784656f1e68b31065f8d72a6596c7bdc6100d4b7d9eea7991a18ae956f6,2026-02,Suffolk Constabulary,Suffolk Constabulary,1.013469,52.187344,On or near Sheerwater Way,E01033317,Mid Suffolk 010G,Violence and sexual offences,Unable to prosecute suspect,
07a85be25ef780ce53ea498b1e3dbeb2f5f00b88806da1727134fa148e1061d2,2026-02,Suffolk Constabulary,Suffolk Constabulary,1.004237,52.190188,On or near Elizabeth Way,E01033317,Mid Suffolk 010G,Violence and sexual offences,Unable to prosecute suspect,
05ddcdfa7ae6f7381e1ae9e8e60ca377dab8d6c4801ff9fd1813acfeedfcee89,2026-02,Suffolk Constabulary,Suffolk Constabulary,1.002858,52.190790,On or near Victoria Road,E01033317,Mid Suffolk 010G,Violence and sexual offences,Unable to prosecute suspect,
ddc6495d9fe4f91a99a34453cac4cf1deae0a05391436be14cd27e90d09be0fe,2026-02,Suffolk Constabulary,Suffolk Constabulary,0.994437,52.191769,On or near A1308,E01033317,Mid Suffolk 010G,Violence and sexual offences,Unable to prosecute suspect,
16c46d905b5792f82458e80e48cfa929f979fed92fe25c92710055a27d5cc681,2026-02,Suffolk Constabulary,Suffolk Constabulary,1.010348,52.194655,On or near Woodlark Drive,E01033319,Mid Suffolk 010H,Criminal damage and arson,Unable to prosecute suspect,
34b00a86d6cf4f4ed152166006bbc5b1ff5bc0019e4ee074f20fd9ac31265b0e,2026-02,Suffolk Constabulary,Suffolk Constabulary,1.018457,52.184539,On or near Supermarket,E01033319,Mid Suffolk 010H,Shoplifting,Unable to prosecute suspect,
5549e1d19e760a38151a1af88299447225adf3b6bcf7c99f7f1fe36bf8d3dcd7,2026-02,Suffolk Constabulary,Suffolk Constabulary,1.019980,52.185190,On or near Kingfisher Way,E01033319,Mid Suffolk 010H,Violence and sexual offences,Action to be taken by another organisation,
,2026-02,Suffolk Constabulary,Suffolk Constabulary,1.040677,52.098014,On or near Chapel Lane,E01030041,Mid Suffolk 011A,Anti-social behaviour,,
,2026-02,Suffolk Constabulary,Suffolk Constabulary,1.055768,52.117104,On or near Link Lane,E01030041,Mid Suffolk 011A,Anti-social behaviour,,
,2026-02,Suffolk Constabulary,Suffolk Constabulary,1.045118,52.096550,On or near Main Road,E01030041,Mid Suffolk 011A,Anti-social behaviour,,
74647bff20b382af682f1fa867429c9b11eef260a364fdac1db90eaa898f96c6,2026-02,Suffolk Constabulary,Suffolk Constabulary,1.035711,52.140979,On or near Parson'S Lane,E01030041,Mid Suffolk 011A,Other theft,Unable to prosecute suspect,
2b6056c00a83ea50b4f9454de3933fc5b4574f694730e4dd5cafa5405e275f40,2026-02,Suffolk Constabulary,Suffolk Constabulary,1.048964,52.140608,On or near Theatre/Concert Hall,E01030041,Mid Suffolk 011A,Vehicle crime,Offender given a caution,
,2026-02,Suffolk Constabulary,Suffolk Constabulary,1.095921,52.110461,On or near Kiln Close,E01030043,Mid Suffolk 011B,Anti-social behaviour,,
,2026-02,Suffolk Constabulary,Suffolk Constabulary,1.095921,52.110461,On or near Kiln Close,E01030043,Mid Suffolk 011B,Anti-social behaviour,,
,2026-02,Suffolk Constabulary,Suffolk Constabulary,1.095921,52.110461,On or near Kiln Close,E01030043,Mid Suffolk 011B,Anti-social behaviour,,
ac48e298a56fe5c581456f3f2d5d1d1035f3f1743486cc75308ab4c75b66acc7,2026-02,Suffolk Constabulary,Suffolk Constabulary,1.088810,52.116620,On or near Elm Close,E01030043,Mid Suffolk 011B,Criminal damage and arson,Unable to prosecute suspect,
60909dad8c00652486c24796c503c6c5098937f80aeabd569d4f0afc17fecb94,2026-02,Suffolk Constabulary,Suffolk Constabulary,1.088810,52.116620,On or near Elm Close,E01030043,Mid Suffolk 011B,Possession of weapons,Offender given a caution,
9c1b4e0b1ba19b83e769e7daeb6d72ff918bb59fa01e6ae21b77241bc2bcb052,2026-02,Suffolk Constabulary,Suffolk Constabulary,1.095290,52.112951,On or near Laurel Drive,E01030043,Mid Suffolk 011B,Vehicle crime,Investigation complete; no suspect identified,
120a1c8ebb2dcb81983e68125075a28cd087562628e90cd15acc2b3fd8927db0,2026-02,Suffolk Constabulary,Suffolk Constabulary,1.099325,52.110471,On or near Gipping Road,E01030043,Mid Suffolk 011B,Vehicle crime,Unable to prosecute suspect,
0e9f2d2281124849044aa31cc072e95583964f358dbaf71095d61d2696eff8cd,2026-02,Suffolk Constabulary,Suffolk Constabulary,1.099325,52.110471,On or near Gipping Road,E01030043,Mid Suffolk 011B,Violence and sexual offences,Unable to prosecute suspect,
72ce98b180c1fe7068081f7ce532b950e4d445d8962dec549a8d878bfec6e84c,2026-02,Suffolk Constabulary,Suffolk Constabulary,1.092733,52.112937,On or near Keytes Way,E01030043,Mid Suffolk 011B,Violence and sexual offences,Action to be taken by another organisation,
37efd7dede99c23f4f6979834da13161a6b74e4a80153c4ea209c8ffb563b882,2026-02,Suffolk Constabulary,Suffolk Constabulary,1.045496,52.153920,On or near Ranson Road,E01030061,Mid Suffolk 011C,Vehicle crime,Investigation complete; no suspect identified,
5ee069843e752f984d5a5ac822cb381e6461753846b190368e243ec9828335ba,2026-02,Suffolk Constabulary,Suffolk Constabulary,1.052268,52.152234,On or near School Street,E01030061,Mid Suffolk 011C,Violence and sexual offences,Local resolution,
914032d677cf3d8ceb644a7e4ce3f994d788f81b04791bc0bd869457e4f82a84,2026-02,Suffolk Constabulary,Suffolk Constabulary,1.052749,52.153282,On or near Parking Area,E01030061,Mid Suffolk 011C,Violence and sexual offences,Under investigation,
33ae3c10e0c76c68b66f41a814abaeb56fa92ce823b491c2c35468bf7f7f1cbd,2026-02,Suffolk Constabulary,Suffolk Constabulary,1.058976,52.146861,On or near Ammonite Drive,E01030062,Mid Suffolk 011D,Burglary,Investigation complete; no suspect identified,
666fd66750274d7f93ee19eb5b6b791e7c4ed4481f0d36ef7bad2f3c5d908305,2026-02,Suffolk Constabulary,Suffolk Constabulary,1.058551,52.149193,On or near Lion Lane,E01030062,Mid Suffolk 011D,Other theft,Investigation complete; no suspect identified,
688849e01a75fbdfd25de37819de625e3e0cac4af64e2df2c39bef1548e0546c,2026-02,Suffolk Constabulary,Suffolk Constabulary,1.050449,52.146165,On or near Bluebell Grove,E01030062,Mid Suffolk 011D,Public order,Unable to prosecute suspect,
70dedd3323f5a5ee927ef895dc26feedbccf4e608c1437a9ea593dbcbcd70bfb,2026-02,Suffolk Constabulary,Suffolk Constabulary,1.057374,52.145887,On or near Mill Lane,E01030062,Mid Suffolk 011D,Violence and sexual offences,Awaiting court outcome,
8e3bfb4a7b02730801a228b6bd8d15864ae236c47a968060c1f3ae40a25e2cc2,2026-02,Suffolk Constabulary,Suffolk Constabulary,1.057374,52.145887,On or near Mill Lane,E01030062,Mid Suffolk 011D,Violence and sexual offences,Unable to prosecute suspect,
19706f463caf27a32bda066bb4fc2b5ee8be3b95936d4519b2ab2ffb8bd2167b,2026-02,Suffolk Constabulary,Suffolk Constabulary,0.978322,52.115750,On or near The Street,E01030070,Mid Suffolk 011E,Other crime,Investigation complete; no suspect identified,
,2026-02,Suffolk Constabulary,Suffolk Constabulary,1.094101,52.087079,On or near Park/Open Space,E01030042,Mid Suffolk 012A,Anti-social behaviour,,
,2026-02,Suffolk Constabulary,Suffolk Constabulary,1.102804,52.089676,On or near Paper Mill Lane,E01030042,Mid Suffolk 012A,Anti-social behaviour,,
6123e25bc112295ba4046b3fd514ffe57ef7b6b50b166b02057afbe3b8a3801a,2026-02,Suffolk Constabulary,Suffolk Constabulary,1.102137,52.075438,On or near Mill Lane,E01030042,Mid Suffolk 012A,Vehicle crime,Investigation complete; no suspect identified,
0df715816d672ec141db4ad5308e2958658383a7b58c8195186f2fc6196a8ddc,2026-02,Suffolk Constabulary,Suffolk Constabulary,1.096703,52.073063,On or near Fitzgerald Road,E01030042,Mid Suffolk 012A,Violence and sexual offences,Under investigation,
b3a74a4089e6baf23dd2d86ebcc93e992221a445a29f794d6113171046e3db17,2026-02,Suffolk Constabulary,Suffolk Constabulary,1.106279,52.078135,On or near Paper Mill Lane,E01030042,Mid Suffolk 012A,Violence and sexual offences,Unable to prosecute suspect,
efd363dbe52d0bce92d2bc983890e4944c92d61259ce59156e35bd821e8a5044,2026-02,Suffolk Constabulary,Suffolk Constabulary,1.073093,52.097128,On or near Valley Road,E01030042,Mid Suffolk 012A,Violence and sexual offences,Under investigation,
c56174d77a9bfa77c806e574cdbb5281c9cea3f416fc9ce7f0a7ae0f176e46fe,2026-02,Suffolk Constabulary,Suffolk Constabulary,1.099922,52.072969,On or near Vicarage Close,E01030042,Mid Suffolk 012A,Violence and sexual offences,Unable to prosecute suspect,
18efc0ddce0e4320b225f52f6c0f93ce227bbe9348e67a4291559b5aecc43ecb,2026-02,Suffolk Constabulary,Suffolk Constabulary,1.099922,52.072969,On or near Vicarage Close,E01030042,Mid Suffolk 012A,Violence and sexual offences,Unable to prosecute suspect,
05b06d465795fba5a470519650c078e039df1243d2c5daa2f4c1d34a4b9588d7,2026-02,Suffolk Constabulary,Suffolk Constabulary,1.096280,52.076222,On or near Parking Area,E01030044,Mid Suffolk 012B,Violence and sexual offences,Unable to prosecute suspect,
c4768e1dc9b9314d41bd6ba2d4a31b8620bd1c0ff365b665d1d8e9110f75f479,2026-02,Suffolk Constabulary,Suffolk Constabulary,1.096280,52.076222,On or near Parking Area,E01030044,Mid Suffolk 012B,Violence and sexual offences,Awaiting court outcome,
1ea97b4a3dce6314a41d99dbc7edac431a4d41928435b6b868bcb08611f4aad0,2026-02,Suffolk Constabulary,Suffolk Constabulary,1.112351,52.107897,On or near York Crescent,E01030045,Mid Suffolk 012C,Burglary,Under investigation,
04d1b7953cca2b7e96abf9af88c346ab820677228f330a7c224db6ba7d6aded7,2026-02,Suffolk Constabulary,Suffolk Constabulary,1.122043,52.088987,On or near Old Norwich Road,E01030045,Mid Suffolk 012C,Violence and sexual offences,Unable to prosecute suspect,
01da24b5f86aeab43147139b3f08da086d957d4a36eebe7fb9fb0993c8d3eb7a,2026-02,Suffolk Constabulary,Suffolk Constabulary,1.122043,52.088987,On or near Old Norwich Road,E01030045,Mid Suffolk 012C,Violence and sexual offences,Unable to prosecute suspect,
e8f34e926d12a0f03aab4902e87a00160020638c066217ae5c43e0564b4e317e,2026-02,Suffolk Constabulary,Suffolk Constabulary,1.122043,52.088987,On or near Old Norwich Road,E01030045,Mid Suffolk 012C,Violence and sexual offences,Action to be taken by another organisation,
448ddaccefc3807d9a5f58a378ac1b81b385dfbd5fe6e625b2313744923eafc0,2026-02,Suffolk Constabulary,Suffolk Constabulary,1.122043,52.088987,On or near Old Norwich Road,E01030045,Mid Suffolk 012C,Violence and sexual offences,Action to be taken by another organisation,
2beb9460c758da56a8c03975767b9e61397b0f3b08a8a8d4e5ff920e90cc942b,2026-02,Suffolk Constabulary,Suffolk Constabulary,1.122043,52.088987,On or near Old Norwich Road,E01030045,Mid Suffolk 012C,Violence and sexual offences,Action to be taken by another organisation,
6fb5d7d5da919e9e264c0c3decb5b28c71328c530284e3971c4f1e8623b8b4dc,2026-02,Suffolk Constabulary,Suffolk Constabulary,1.144499,52.144593,On or near Stonewell Hill,E01030046,Mid Suffolk 012D,Burglary,Investigation complete; no suspect identified,
f948f3ff828dc7da687134e68fd61f5740b2b6142b375c26a72539001e257c7a,2026-02,Suffolk Constabulary,Suffolk Constabulary,1.144499,52.144593,On or near Stonewell Hill,E01030046,Mid Suffolk 012D,Burglary,Investigation complete; no suspect identified,
11b4a4e2e190fa456be9b23d9a4cad3762d1a94c6cad18fb3fa4c382f3c156e2,2026-02,Suffolk Constabulary,Suffolk Constabulary,1.105791,52.119007,On or near Sturgeon Way,E01030046,Mid Suffolk 012D,Criminal damage and arson,Investigation complete; no suspect identified,
e42289f47d2998454b9c83d1508a3fe298554612d3355519ba36dbc2fea586fd,2026-02,Suffolk Constabulary,Suffolk Constabulary,1.102184,52.117339,On or near Pesthouse Lane,E01030046,Mid Suffolk 012D,Other theft,Investigation complete; no suspect identified,
dfff1287384469ce6bc743d49f4b619d66ac0da80b908121d43b2bc166211ce2,2026-02,Suffolk Constabulary,Suffolk Constabulary,1.110772,52.106617,On or near Greyhound Corner,E01030047,Mid Suffolk 012E,Burglary,Investigation complete; no suspect identified,
1a6542a2048a6ab7339650dbc08642e0f85207eb9a802d364fad98b028996c0d,2026-02,Suffolk Constabulary,Suffolk Constabulary,1.112914,52.112199,On or near Old Rectory Close,E01030047,Mid Suffolk 012E,Criminal damage and arson,Investigation complete; no suspect identified,
f68057e05a58cd807189bf1dca560531ce506ea16ca06e17426d6203b69c3652,2026-02,Suffolk Constabulary,Suffolk Constabulary,1.111998,52.106818,On or near Back Lane,E01030047,Mid Suffolk 012E,Shoplifting,Investigation complete; no suspect identified,
6d1613dd1840c8f958d27873ebc0d772bf9f006899c8f6fd8c82791adb48fae5,2026-02,Suffolk Constabulary,Suffolk Constabulary,1.111998,52.106818,On or near Back Lane,E01030047,Mid Suffolk 012E,Shoplifting,Investigation complete; no suspect identified,
3dc83d5c4c7593d71407d98f263f03288ea472e9f0ff5beafc22552f711d1523,2026-02,Suffolk Constabulary,Suffolk Constabulary,1.107484,52.108898,On or near Foresters Walk,E01030047,Mid Suffolk 012E,Vehicle crime,Investigation complete; no suspect identified,
9af69121591c673a541feabd4414411f23c0c0eac0e5594439da68f4a53e8cfc,2026-02,Suffolk Constabulary,Suffolk Constabulary,1.109135,52.111013,On or near Parking Area,E01030047,Mid Suffolk 012E,Violence and sexual offences,Unable to prosecute suspect,
c86d3e3bd89b03e23f76841a2010bc3756c96417dbdc6373935d8008b01fb778,2026-02,Suffolk Constabulary,Suffolk Constabulary,1.109135,52.111013,On or near Parking Area,E01030047,Mid Suffolk 012E,Violence and sexual offences,Unable to prosecute suspect,
5ac4925439bc9d617413a12d19319ff4cc5e4d7c4b904d09532c8d517e4603b6,2026-02,Suffolk Constabulary,Suffolk Constabulary,0.059120,51.535813,On or near Kempton Road,E01003628,Newham 015D,Violence and sexual offences,Under investigation,
af2c72345931534c2d6fb5f7c3dd0c926edbc83a8858d55db3ce7753473e167e,2026-02,Suffolk Constabulary,Suffolk Constabulary,-0.100400,53.572711,On or near Hargrave Street,E01013218,North East Lincolnshire 003A,Violence and sexual offences,Under investigation,
1f5f259e7a31ff6f166093b5758c284c91c444846a09afca1d1c8aa10a09bccb,2026-02,Suffolk Constabulary,Suffolk Constabulary,1.286334,52.641716,On or near Lime Kiln Mews,E01026830,Norwich 002C,Violence and sexual offences,Under investigation,
c69ae3ef51e85ebb155c5190d2b7686caeec7ffff9b734733cec86711f7bdd0c,2026-02,Suffolk Constabulary,Suffolk Constabulary,1.249269,52.632955,On or near Bixley Close,E01026865,Norwich 006C,Violence and sexual offences,Unable to prosecute suspect,
c10059b25eab532ab93c8fe3ddcaa5d68450d30d274012e0b8627a9bf1dff0d6,2026-02,Suffolk Constabulary,Suffolk Constabulary,1.249269,52.632955,On or near Bixley Close,E01026865,Norwich 006C,Violence and sexual offences,Unable to prosecute suspect,
90cbc08b4c0f3a3dfc7a0bf35893356fa54356d850e7037b39be71650570afce,2026-02,Suffolk Constabulary,Suffolk Constabulary,-2.770950,52.619069,On or near The Farrs,E01028950,Shropshire 028A,Violence and sexual offences,Under investigation,
7dd686ec3f1f902186bc8775d48fdc6a925542d0e19be9fdad820f7501f5b225,2026-02,Suffolk Constabulary,Suffolk Constabulary,-0.198019,52.157451,On or near Beechside,E01018245,South Cambridgeshire 013A,Violence and sexual offences,Under investigation,
6de7430096f5bc1edf2841c8a1fac0155bab1059991e37b62d07db9992f68f38,2026-02,Suffolk Constabulary,Suffolk Constabulary,0.729375,51.533865,On or near Arnold Avenue,E01015842,Southend-on-Sea 014D,Violence and sexual offences,Under investigation,
45faeda8afaa50a9fffd44b288537b8bdf1c3a3bfbd82781472c5d761eb7ec64,2026-02,Suffolk Constabulary,Suffolk Constabulary,0.134491,52.774857,On or near Petrol Station,E01026255,South Holland 008B,Possession of weapons,Awaiting court outcome,
5992b0275d7ac589e5971c9a45885bd6166b73b9136a00f187027d0c01c48751,2026-02,Suffolk Constabulary,Suffolk Constabulary,1.360509,52.426910,On or near Parking Area,E01026894,South Norfolk 012C,Violence and sexual offences,Under investigation,
fc25d7489c17783416a791fe11040f46554124d753c88e7874c057a88c682ed5,2026-02,Suffolk Constabulary,Suffolk Constabulary,1.304185,52.399728,On or near Badger Close,E01026902,South Norfolk 013D,Vehicle crime,Investigation complete; no suspect identified,
921a1865b6258482b641f6828629ada4125faf02015e3b545744d6632db736b0,2026-02,Suffolk Constabulary,Suffolk Constabulary,1.160309,52.369453,On or near Norwich Road,E01026934,South Norfolk 014E,Violence and sexual offences,Action to be taken by another organisation,
14645ba88a74ea4aa92456061da08b815b8c0e798a4bf87800098d39d2a9e7eb,2026-02,Suffolk Constabulary,Suffolk Constabulary,-0.080900,51.486606,On or near Bagshot Street,E01003971,Southwark 015D,Violence and sexual offences,Under investigation,
ecaa09d2267a532a324beb87892cb27a5d44a9f7ffce25912b65bd8327bcfe9e,2026-02,Suffolk Constabulary,Suffolk Constabulary,1.107746,51.773920,On or near Talbot Avenue,E01021988,Tendring 018A,Vehicle crime,Under investigation,
cbd87db78b60b81c76aaca20f5c491b29f08fb2dcdb051b4da7a103ee3be29eb,2026-02,Suffolk Constabulary,Suffolk Constabulary,-0.018600,51.503073,On or near Shopping Area,E01032771,Tower Hamlets 033B,Violence and sexual offences,Under investigation,
c790336d7686a9996f2f40ef673d6869886adf30ba7731bbc43983aff4ca9dbc,2026-02,Suffolk Constabulary,Suffolk Constabulary,-1.955324,52.615323,On or near Willows Road,E01010321,Walsall 010B,Other crime,Under investigation,
b95930206a98d01a08e81538e2d9f23c52bbab60bd7234aa663592b92f081ea4,2026-02,Suffolk Constabulary,Suffolk Constabulary,-1.619341,51.774510,On or near Ladburn Lane,E01035255,West Oxfordshire 012D,Violence and sexual offences,Under investigation,
0d8a7ddadc1f3f01a2fdbb716e24c2339750ce359088c8f2e5f3d41671108ca2,2026-02,Suffolk Constabulary,Suffolk Constabulary,0.522039,52.414652,On or near Back Street,E01029942,West Suffolk 001A,Violence and sexual offences,Unable to prosecute suspect,
377d75db002b32d1392aac61df5d2a4c16c7ba758007640b153ce1a2b0510b86,2026-02,Suffolk Constabulary,Suffolk Constabulary,0.525239,52.421750,On or near Birch Crescent,E01029944,West Suffolk 001B,Burglary,Investigation complete; no suspect identified,
7bf49c1aa3f001db8c816282d6032788f5135722d41077f6760dfcbade693b0a,2026-02,Suffolk Constabulary,Suffolk Constabulary,0.520894,52.417014,On or near Cross Lane Close,E01029944,West Suffolk 001B,Violence and sexual offences,Under investigation,
5e96db7b69c637394713ca13a75e947587dd8e819c6a82c508d24f1ebcf7eb3a,2026-02,Suffolk Constabulary,Suffolk Constabulary,0.522187,52.423173,On or near Woodlands,E01029944,West Suffolk 001B,Violence and sexual offences,Investigation complete; no suspect identified,
a4a37fa63b43f1c21de68467608e15a5e6338b1985ac2cc94a042db636057cb7,2026-02,Suffolk Constabulary,Suffolk Constabulary,0.519986,52.422753,On or near Station Road,E01029944,West Suffolk 001B,Violence and sexual offences,Unable to prosecute suspect,
,2026-02,Suffolk Constabulary,Suffolk Constabulary,0.528120,52.405530,On or near Avenue Road,E01034561,West Suffolk 001C,Anti-social behaviour,,
53bdce4f2501102cfc4154648bb71938d323f700e55b12341e2888c47bb4a550,2026-02,Suffolk Constabulary,Suffolk Constabulary,0.517883,52.417339,On or near Anchor Lane,E01034561,West Suffolk 001C,Burglary,Investigation complete; no suspect identified,
858a5cb6bea8ec94f3f00dd4830090ee3d0efa7023bf5e8be49155b61cc87a18,2026-02,Suffolk Constabulary,Suffolk Constabulary,0.535542,52.448021,On or near B1112,E01034561,West Suffolk 001C,Burglary,Investigation complete; no suspect identified,
05ad7b82c67ca2f68fb4c84b24929f13320c8e2de5b871b62cf8b259fad5cc17,2026-02,Suffolk Constabulary,Suffolk Constabulary,0.535542,52.448021,On or near B1112,E01034561,West Suffolk 001C,Burglary,Investigation complete; no suspect identified,
ea0aa7de2d47c12df91d5d67c1a35c8fe4a3798bc43487ffec9819fbe217d927,2026-02,Suffolk Constabulary,Suffolk Constabulary,0.526900,52.408110,On or near Warrener'S Reach,E01034561,West Suffolk 001C,Criminal damage and arson,Investigation complete; no suspect identified,
29926c348f69339c64c1818f5cc37a2afb332e2aab8c91e8d93692e630901790,2026-02,Suffolk Constabulary,Suffolk Constabulary,0.529091,52.408108,On or near Roebuck Drive,E01034561,West Suffolk 001C,Drugs,Local resolution,
3e6ba93bd256b1049b320b28c50ee2712d349163dd26a4eea831bc8cfa8ec879,2026-02,Suffolk Constabulary,Suffolk Constabulary,0.528120,52.405530,On or near Avenue Road,E01034561,West Suffolk 001C,Possession of weapons,Awaiting court outcome,
70a0287cc0c5cfd64e7d1f41a048083c718e74fec2c7b27b31cb041601b9779a,2026-02,Suffolk Constabulary,Suffolk Constabulary,0.528120,52.405530,On or near Avenue Road,E01034561,West Suffolk 001C,Possession of weapons,Unable to prosecute suspect,
c52ed0b6401747ae6d14a79154b0bfbf5f195e157967e2ed5fae3c16823b9b26,2026-02,Suffolk Constabulary,Suffolk Constabulary,0.517883,52.417339,On or near Anchor Lane,E01034561,West Suffolk 001C,Shoplifting,Unable to prosecute suspect,
93477a59b26b969a937f378585bbe55394ad6bea963dfb6ef5992b050d6fb8e2,2026-02,Suffolk Constabulary,Suffolk Constabulary,0.518115,52.416684,On or near Supermarket,E01034561,West Suffolk 001C,Violence and sexual offences,Unable to prosecute suspect,
d2913bf594cb4c4ff19bf4655bb05ac1c902a1c9fb410b0bfea2dadc00faca06,2026-02,Suffolk Constabulary,Suffolk Constabulary,0.518115,52.416684,On or near Supermarket,E01034561,West Suffolk 001C,Violence and sexual offences,Unable to prosecute suspect,
115b57a72fe0e754ecbf5ad816b116efd5118dccd946bb30e3a70ce3bc6e9ccd,2026-02,Suffolk Constabulary,Suffolk Constabulary,0.543734,52.391212,On or near Windsor Circle,E01034562,West Suffolk 001D,Other theft,Investigation complete; no suspect identified,
c001980bbde0ad84ec323f45b29ad1e31f0e4175d8a4c3b65c27c59a2de7c2c4,2026-02,Suffolk Constabulary,Suffolk Constabulary,0.543365,52.388881,On or near Burtonwood,E01034562,West Suffolk 001D,Violence and sexual offences,Action to be taken by another organisation,
93c3a102cc62fa1ae1197c4bd9119a940c3a020d5f7cdef42dd31febe0c4a708,2026-02,Suffolk Constabulary,Suffolk Constabulary,0.543365,52.388881,On or near Burtonwood,E01034562,West Suffolk 001D,Violence and sexual offences,Action to be taken by another organisation,
87b9f1734bcf680e3dc10f2ba3bddb97a5d3285991fae6718fbee2a549bc700a,2026-02,Suffolk Constabulary,Suffolk Constabulary,0.635433,52.444640,On or near Bracken Rise,E01029926,West Suffolk 002A,Criminal damage and arson,Investigation complete; no suspect identified,
c483d3749fac4b90973ac9c1bcd8ec71c525c52a7921c0cd19e67ace746e4fb0,2026-02,Suffolk Constabulary,Suffolk Constabulary,0.642986,52.448878,On or near Pheasant Way,E01029926,West Suffolk 002A,Other theft,Investigation complete; no suspect identified,
,2026-02,Suffolk Constabulary,Suffolk Constabulary,0.624806,52.447089,On or near Beavor Lane,E01029927,West Suffolk 002B,Anti-social behaviour,,
374751ca0bab9681fdae18807079065a355b11cec1b17009cdac347a06b45161,2026-02,Suffolk Constabulary,Suffolk Constabulary,0.625341,52.446933,On or near Parking Area,E01029927,West Suffolk 002B,Public order,Unable to prosecute suspect,
7e1d485b597cbeeb87a165bdf550805f88aef83b944f3bf963bc64a851608e7c,2026-02,Suffolk Constabulary,Suffolk Constabulary,0.624537,52.449739,On or near Supermarket,E01029927,West Suffolk 002B,Shoplifting,Investigation complete; no suspect identified,
69713431748b75b16e614d612c63bb681ceced31799a59ac2dbfee6a266b1a88,2026-02,Suffolk Constabulary,Suffolk Constabulary,0.624537,52.449739,On or near Supermarket,E01029927,West Suffolk 002B,Shoplifting,Investigation complete; no suspect identified,
d488d0ac7fd00361ee384434797bd21581682d22e1153e4ed214061d241a1b23,2026-02,Suffolk Constabulary,Suffolk Constabulary,0.624319,52.449042,On or near Whitehart Lane,E01029927,West Suffolk 002B,Vehicle crime,Investigation complete; no suspect identified,
79ce3d09abc1e8f57ec72711434f984f5cf0273c67a9b153d1cc7f002a58acff,2026-02,Suffolk Constabulary,Suffolk Constabulary,0.622101,52.448129,On or near Suffolk Court,E01029927,West Suffolk 002B,Violence and sexual offences,Awaiting court outcome,
1c3da73fe6b10e38d2d005e76261bd40d31a59ada63360973e4cdc92d7aeb8a5,2026-02,Suffolk Constabulary,Suffolk Constabulary,0.623074,52.447163,On or near Stores Street,E01029927,West Suffolk 002B,Violence and sexual offences,Unable to prosecute suspect,
37700cb1e2ec5ce37badd2a1ccab30a98132ded07e9f65298a83654a534fe2f8,2026-02,Suffolk Constabulary,Suffolk Constabulary,0.626351,52.442379,On or near Bury Road,E01029927,West Suffolk 002B,Violence and sexual offences,Unable to prosecute suspect,
248a0244b6471a0d1512329a6f370b23307332fb34295c375661623a774c79df,2026-02,Suffolk Constabulary,Suffolk Constabulary,0.622101,52.448129,On or near Suffolk Court,E01029927,West Suffolk 002B,Other crime,Awaiting court outcome,
d4cc1825eff28fd64dd7699cd4785b75d471110d38569b0bb64e9a90a6617330,2026-02,Suffolk Constabulary,Suffolk Constabulary,0.629904,52.441256,On or near Cedar Way,E01029928,West Suffolk 002C,Criminal damage and arson,Investigation complete; no suspect identified,
a48ab939fe884ab4e6570e6a475551457ba8c3974499f3d92115e89babab443c,2026-02,Suffolk Constabulary,Suffolk Constabulary,0.642877,52.394449,On or near Park/Open Space,E01029928,West Suffolk 002C,Other theft,Investigation complete; no suspect identified,
a25da3c211521a4b9053f9ac20c01a1271279465468e1c527f22b039c62e9a0c,2026-02,Suffolk Constabulary,Suffolk Constabulary,0.642877,52.394449,On or near Park/Open Space,E01029928,West Suffolk 002C,Other theft,Investigation complete; no suspect identified,
8b35f27f899e1595de3457491b5275293d19c669f610cb17a8e434e043b61105,2026-02,Suffolk Constabulary,Suffolk Constabulary,0.630415,52.444887,On or near Mounts Pit Lane,E01029928,West Suffolk 002C,Violence and sexual offences,Unable to prosecute suspect,
28b24294ad081c7498ee64a5a2c888e0623b7f66774af709ab037b7fd510311e,2026-02,Suffolk Constabulary,Suffolk Constabulary,0.637526,52.442489,On or near Mallard Way,E01029928,West Suffolk 002C,Violence and sexual offences,Unable to prosecute suspect,
6c25fc723f1eb6ebeda1093edb8ccb11c248df229aff5834d3eab8ae4307736d,2026-02,Suffolk Constabulary,Suffolk Constabulary,0.642877,52.394449,On or near Park/Open Space,E01029928,West Suffolk 002C,Violence and sexual offences,Under investigation,
e3fe64543c182ff521f7a466c75e7e369572664c4cbb11d883ed57fd2fec0836,2026-02,Suffolk Constabulary,Suffolk Constabulary,0.610625,52.440479,On or near Shopping Area,E01029929,West Suffolk 002D,Burglary,Investigation complete; no suspect identified,
511b3e4820ce65fb7c1f4c890347aebbed786fd63d2ec86de78befe98c72a3b1,2026-02,Suffolk Constabulary,Suffolk Constabulary,0.608761,52.443290,On or near Princes Close,E01029929,West Suffolk 002D,Other theft,Investigation complete; no suspect identified,
fbd29f5d41bd95eaf8b0495ecbed1b63aba5985d15602f939d1fcdfc709984e2,2026-02,Suffolk Constabulary,Suffolk Constabulary,0.618499,52.444639,On or near Petrol Station,E01029929,West Suffolk 002D,Other theft,Investigation complete; no suspect identified,
4d762ea50393315f24466f7107a644f97d38d11f902aa14e69ece0452ba8e376,2026-02,Suffolk Constabulary,Suffolk Constabulary,0.610625,52.440479,On or near Shopping Area,E01029929,West Suffolk 002D,Shoplifting,Unable to prosecute suspect,
0c66dc87a0ec9485a4e757bb1ab481c1ac0cfbeb72fe845d4b2d419c8990bb0a,2026-02,Suffolk Constabulary,Suffolk Constabulary,0.603934,52.442551,On or near Pond Lane,E01029929,West Suffolk 002D,Violence and sexual offences,Action to be taken by another organisation,
038e052ddcd6a08f5c52dc457829fab881a0a1396a02ff2bd7e8445c7ddde49c,2026-02,Suffolk Constabulary,Suffolk Constabulary,0.616670,52.443906,On or near A1065,E01029929,West Suffolk 002D,Violence and sexual offences,Unable to prosecute suspect,
7df09b64a43442d2efd53e27d16b27d9ef8c64a8a54b80ce8662874436ae4f17,2026-02,Suffolk Constabulary,Suffolk Constabulary,0.604232,52.440854,On or near Crown Street,E01029929,West Suffolk 002D,Violence and sexual offences,Action to be taken by another organisation,
a59373dbae55340ca117dd459fcd7f0120844de6e31ff4d756d2c5f4fdf06d6c,2026-02,Suffolk Constabulary,Suffolk Constabulary,0.604232,52.440854,On or near Crown Street,E01029929,West Suffolk 002D,Violence and sexual offences,Action to be taken by another organisation,
55f2bd0ef7ff0e60e54f6055dfb1f87973b2bb50d0bbecef5fa57c6914ce4392,2026-02,Suffolk Constabulary,Suffolk Constabulary,0.615000,52.442046,On or near Parsons Close,E01029929,West Suffolk 002D,Violence and sexual offences,Unable to prosecute suspect,
0f45026bf83e214f32063b43ddd62676bb0eee5fc5666cee3de1b5e1b552e5e8,2026-02,Suffolk Constabulary,Suffolk Constabulary,0.605834,52.441583,On or near St Margaret'S Drive,E01029929,West Suffolk 002D,Other crime,Further investigation is not in the public interest,
,2026-02,Suffolk Constabulary,Suffolk Constabulary,0.593717,52.447469,On or near Chalk Road,E01029930,West Suffolk 002E,Anti-social behaviour,,
ca494c96710dfbe3281d41edcb62b9ad4ae113753d691ef4d8ef71e3afc4ea78,2026-02,Suffolk Constabulary,Suffolk Constabulary,0.604930,52.438230,On or near Mile End,E01029930,West Suffolk 002E,Violence and sexual offences,Investigation complete; no suspect identified,
266e6840b9319107c7b019ac6c7912ba58f62540c5db8b328013684a81f866b6,2026-02,Suffolk Constabulary,Suffolk Constabulary,0.506729,52.312690,On or near Park Farm Drive,E01029945,West Suffolk 003A,Burglary,Investigation complete; no suspect identified,
943b2627df2a2ed7563cc85b359d0a12d26580015c2a27321681a8c19dd7e2ea,2026-02,Suffolk Constabulary,Suffolk Constabulary,0.522566,52.314079,On or near Herringswell Road,E01029945,West Suffolk 003A,Burglary,Investigation complete; no suspect identified,
6b8600fc12705e808ee9484d326cbe5f2eab77dc3b3f38c3569a89f560aa12a2,2026-02,Suffolk Constabulary,Suffolk Constabulary,0.506729,52.312690,On or near Park Farm Drive,E01029945,West Suffolk 003A,Burglary,Investigation complete; no suspect identified,
36eb3d9c110d0d4eb5f25206c769a008aeae894f8c25181daaa9c42b15cb2599,2026-02,Suffolk Constabulary,Suffolk Constabulary,0.502994,52.338281,On or near Mace Road,E01029945,West Suffolk 003A,Criminal damage and arson,Investigation complete; no suspect identified,
7742d3dfa340f6610b6346464e05efb342042259cd63ad7e4de9d11a7db24f4b,2026-02,Suffolk Constabulary,Suffolk Constabulary,0.531420,52.335526,On or near Old Mill Lane,E01029945,West Suffolk 003A,Possession of weapons,Unable to prosecute suspect,
feb20dee37ad780f2106e533fffbe405db5e99032081f7e6d296b09e71eafadf,2026-02,Suffolk Constabulary,Suffolk Constabulary,0.531420,52.335526,On or near Old Mill Lane,E01029945,West Suffolk 003A,Vehicle crime,Unable to prosecute suspect,
fa14232720d1469b0459e7aa17f869eb4f079a5463c637152401f240b1908041,2026-02,Suffolk Constabulary,Suffolk Constabulary,0.515519,52.334651,On or near Sports/Recreation Area,E01029945,West Suffolk 003A,Violence and sexual offences,Unable to prosecute suspect,
86fc7ffc3a42b560c3882787dbfbfaa6ddd7553e19c8d16723c3b588424bae2d,2026-02,Suffolk Constabulary,Suffolk Constabulary,0.502994,52.338281,On or near Mace Road,E01029945,West Suffolk 003A,Violence and sexual offences,Under investigation,
e4a7b7633078cddd773af61d0fb0c94586305a89f64e4b61e9a7cbf50efcf6a6,2026-02,Suffolk Constabulary,Suffolk Constabulary,0.490756,52.308847,On or near Falconer Road,E01029945,West Suffolk 003A,Violence and sexual offences,Unable to prosecute suspect,
e9443234d7b0257a56f03fd702c6a0c2177b663e91711b49db9effa03623b7c3,2026-02,Suffolk Constabulary,Suffolk Constabulary,0.480300,52.336215,On or near Church Lane,E01029945,West Suffolk 003A,Violence and sexual offences,Unable to prosecute suspect,
2021fc1fbfaae745e670aac3bc9c91172a2809c3039ab499f4ee72c5bbb05afc,2026-02,Suffolk Constabulary,Suffolk Constabulary,0.505073,52.339208,On or near Worlington Road,E01029945,West Suffolk 003A,Violence and sexual offences,Unable to prosecute suspect,
f15bfb9b44c56a5c8e5516667921b908ab175c30197cd0ee69ac3d91d341cf0d,2026-02,Suffolk Constabulary,Suffolk Constabulary,0.479255,52.372619,On or near Dairy Drive,E01032523,West Suffolk 003B,Criminal damage and arson,Investigation complete; no suspect identified,
72a5278f293aa68e39e324e40ee7843f9dc3eb17cf527aaf1a004ee4ab6eb8a0,2026-02,Suffolk Constabulary,Suffolk Constabulary,0.480144,52.373536,On or near Cutters Close,E01032523,West Suffolk 003B,Criminal damage and arson,Unable to prosecute suspect,
3c9954aae714a182b8ab430a207c02e310fd76d91ea6d57032f3672d411d792a,2026-02,Suffolk Constabulary,Suffolk Constabulary,0.470893,52.375996,On or near Kestrel Close,E01032523,West Suffolk 003B,Violence and sexual offences,Under investigation,
f6a5dea7dac425c2f41da75da8b493b3c1f7bd6d1d601c3f01cbe288acd73240,2026-02,Suffolk Constabulary,Suffolk Constabulary,0.438843,52.380717,On or near Hurdle Drove,E01032526,West Suffolk 003D,Burglary,Investigation complete; no suspect identified,
df36f871b9a4061a1080b70d5b850c42e6ce9fb1ab59ae588d0392db38ac0ddd,2026-02,Suffolk Constabulary,Suffolk Constabulary,0.430462,52.368874,On or near Sports/Recreation Area,E01032526,West Suffolk 003D,Criminal damage and arson,Investigation complete; no suspect identified,
0b15c8dbf3478abd88b8b69cbd3ddd343ed109c29dc8b55cfba0abe11a649f53,2026-02,Suffolk Constabulary,Suffolk Constabulary,0.460587,52.346824,On or near Ferry Lane,E01032526,West Suffolk 003D,Criminal damage and arson,Unable to prosecute suspect,
8b4d8f56bef52ea65b383c54e4b70686d72d6f1c816a194e88999dbc39040116,2026-02,Suffolk Constabulary,Suffolk Constabulary,0.461166,52.362000,On or near Pollards Lane,E01032526,West Suffolk 003D,Criminal damage and arson,Investigation complete; no suspect identified,
a699002e15800a7264fdba0707c58680ac5362c3fc785b6c3e7a9402277e9cbc,2026-02,Suffolk Constabulary,Suffolk Constabulary,0.453548,52.356520,On or near Manor Farm Road,E01032526,West Suffolk 003D,Violence and sexual offences,Action to be taken by another organisation,
b569b1550c181e6ac9ff99a619174c42849f18b15faf4e74dc827ffec2a9bb61,2026-02,Suffolk Constabulary,Suffolk Constabulary,0.457119,52.353380,On or near Friday Street,E01032526,West Suffolk 003D,Violence and sexual offences,Under investigation,
f8ab02caa94f9fc2d69a2617ba984f71938903c1b5abef2fbc183b29c3106f6a,2026-02,Suffolk Constabulary,Suffolk Constabulary,0.453548,52.356520,On or near Manor Farm Road,E01032526,West Suffolk 003D,Violence and sexual offences,Action to be taken by another organisation,
aed776b2256eec1f7a3f2bda81a45e65ebacedfdd4f519f783da059d3c401115,2026-02,Suffolk Constabulary,Suffolk Constabulary,0.605608,52.372157,On or near Shakers' Road,E01034564,West Suffolk 003E,Vehicle crime,Unable to prosecute suspect,
9deab9cef0bb12330cbfff2d6d346d46040d163459c0f3a829f1cfaa00de18da,2026-02,Suffolk Constabulary,Suffolk Constabulary,0.496951,52.371446,On or near Acres Walk,E01034565,West Suffolk 003F,Criminal damage and arson,Awaiting court outcome,
f36fa4055e873c03d18e5895c78d04cb4935d54451f0ba9f632d1dbdb8d1271d,2026-02,Suffolk Constabulary,Suffolk Constabulary,0.497289,52.374568,On or near Girling Way,E01034565,West Suffolk 003F,Possession of weapons,Under investigation,
bf31572478da7e5fcb0cb461cfb290752dcb1cd67dbdc509ea49fa0744f8bd15,2026-02,Suffolk Constabulary,Suffolk Constabulary,0.495701,52.371419,On or near Aspal Park,E01034565,West Suffolk 003F,Violence and sexual offences,Unable to prosecute suspect,
21887d9320775e771d6dcddfe78e4b9ac9b98f2fef5805c4e2b393cef1e1c9c4,2026-02,Suffolk Constabulary,Suffolk Constabulary,0.518553,52.347778,On or near Emmanuel Close,E01029938,West Suffolk 004A,Violence and sexual offences,Unable to prosecute suspect,
74b747e1a1afc9d61357d3e6f25327307a751ebedbc6bca9e799d9b8a39b1c23,2026-02,Suffolk Constabulary,Suffolk Constabulary,0.518553,52.347778,On or near Emmanuel Close,E01029938,West Suffolk 004A,Violence and sexual offences,Action to be taken by another organisation,
7059917f7fc8a7b63ca517739251e6237ba4e042e2aa3d33a98e7c5cdefe27b7,2026-02,Suffolk Constabulary,Suffolk Constabulary,0.509108,52.346694,On or near Churchill Drive,E01029939,West Suffolk 004B,Violence and sexual offences,Under investigation,
4b505bec5fed233787f6fd707cd02a6c82e513cd25896a86549276821e62a8ca,2026-02,Suffolk Constabulary,Suffolk Constabulary,0.504274,52.348972,On or near Boeing Way,E01029939,West Suffolk 004B,Violence and sexual offences,Action to be taken by another organisation,
1f88c15c8144ee3b52df8fa379bb5b73edd6c40c08b23962e2f6e407901a76ab,2026-02,Suffolk Constabulary,Suffolk Constabulary,0.509108,52.346694,On or near Churchill Drive,E01029939,West Suffolk 004B,Violence and sexual offences,Under investigation,
376feb28e87edf5142c4f945c25e8145d732ede984bcc5c9e485b56d6da15c84,2026-02,Suffolk Constabulary,Suffolk Constabulary,0.504274,52.348972,On or near Boeing Way,E01029939,West Suffolk 004B,Violence and sexual offences,Action to be taken by another organisation,
5bec311da01a7846cc44c8caca9746a37676d340b10d05dd7568e0dc49be352c,2026-02,Suffolk Constabulary,Suffolk Constabulary,0.504274,52.348972,On or near Boeing Way,E01029939,West Suffolk 004B,Violence and sexual offences,Action to be taken by another organisation,
59384104f07ace483971fc766ba927dc1a1ea35475ad071288d07b2718139b58,2026-02,Suffolk Constabulary,Suffolk Constabulary,0.502035,52.349883,On or near Fairey Fox Drive,E01029939,West Suffolk 004B,Violence and sexual offences,Under investigation,
5a3b9899d8c61ed0eeb494afb3efa34f4fe52625d260cc9853807bff9a9caec9,2026-02,Suffolk Constabulary,Suffolk Constabulary,0.516161,52.349106,On or near Hanmer Avenue,E01029940,West Suffolk 004C,Other theft,Under investigation,
8322bab040db15ab9ce270947404a85f6289b89c6a51c6c86948eb1646b6247b,2026-02,Suffolk Constabulary,Suffolk Constabulary,0.507518,52.352572,On or near Finchley Avenue,E01029940,West Suffolk 004C,Violence and sexual offences,Unable to prosecute suspect,
8a2de7cdee668ae6894d1c034ff300a8a941cde4e13b69839a9b297b5deb5ff2,2026-02,Suffolk Constabulary,Suffolk Constabulary,0.516161,52.349106,On or near Hanmer Avenue,E01029940,West Suffolk 004C,Violence and sexual offences,Unable to prosecute suspect,
ccd541b14365a6529c8a6c1131a38a22452e89645702617838ce5037b6fe51df,2026-02,Suffolk Constabulary,Suffolk Constabulary,0.512410,52.351066,On or near Darwin Close,E01029940,West Suffolk 004C,Violence and sexual offences,Under investigation,
ea13cfa175c44f0b4904c26218db76f0eb1156e3aa508a3864c52398fc33f1aa,2026-02,Suffolk Constabulary,Suffolk Constabulary,0.514938,52.350059,On or near Pembroke Close,E01029940,West Suffolk 004C,Violence and sexual offences,Action to be taken by another organisation,
67505beadce4a534bcdfad03dcc6c09883d66777e2a5b2332c165d84c5d918ea,2026-02,Suffolk Constabulary,Suffolk Constabulary,0.526331,52.345643,On or near Forest Way,E01029946,West Suffolk 004D,Burglary,Investigation complete; no suspect identified,
2989a65bb1ee083c4d0784b704f344f0c971b8a3f28aae7e0f14ba0d6bf2de34,2026-02,Suffolk Constabulary,Suffolk Constabulary,0.523575,52.346754,On or near Sand Acre Close,E01029946,West Suffolk 004D,Other theft,Under investigation,
e67bda770194b5de9e5b7adc1d7396548296ac86cb18c1caa56f37f2ea6d3266,2026-02,Suffolk Constabulary,Suffolk Constabulary,0.523134,52.352420,On or near Conifer Close,E01029946,West Suffolk 004D,Vehicle crime,Investigation complete; no suspect identified,
3a6c39ed5b5e3538fb20834d50ea4380137a2174052a313cd89c4f03a170999d,2026-02,Suffolk Constabulary,Suffolk Constabulary,0.524595,52.348684,On or near Lime Close,E01029946,West Suffolk 004D,Violence and sexual offences,Unable to prosecute suspect,
2084b2d28f7524d52f9c92658b3a51c53d42b916a260347e77e75c04ef04e96c,2026-02,Suffolk Constabulary,Suffolk Constabulary,0.511087,52.346112,On or near North Place,E01029946,West Suffolk 004D,Violence and sexual offences,Unable to prosecute suspect,
2f03562cb944b8163dfb7c1d2485f9a5cc66046b83cfddb77dd583de1ed1ccec,2026-02,Suffolk Constabulary,Suffolk Constabulary,0.514868,52.346760,On or near Fleming Avenue,E01029946,West Suffolk 004D,Violence and sexual offences,Unable to prosecute suspect,
6d7cc7e38bf930791e8c2710b1eb29aac9e61d19e6f3d3128fe4786de3a58ef4,2026-02,Suffolk Constabulary,Suffolk Constabulary,0.514868,52.346760,On or near Fleming Avenue,E01029946,West Suffolk 004D,Violence and sexual offences,Awaiting court outcome,
94519ddfb0ec8f261b55ff2062e5022ca001fb6b3c886518b27c960cbc546813,2026-02,Suffolk Constabulary,Suffolk Constabulary,0.514868,52.346760,On or near Fleming Avenue,E01029946,West Suffolk 004D,Violence and sexual offences,Under investigation,
0bb725e2b372a40f886b6a43a7a6b43266bfce439c87ff5fef9842c1bee74296,2026-02,Suffolk Constabulary,Suffolk Constabulary,0.513164,52.342876,On or near Recreation Way,E01029947,West Suffolk 004E,Bicycle theft,Investigation complete; no suspect identified,
e497fb7b23a4c402c1ade82ae9b78a68bc7018526731b97028004cb64baddc3e,2026-02,Suffolk Constabulary,Suffolk Constabulary,0.508697,52.342017,On or near Aldrich Place,E01029947,West Suffolk 004E,Criminal damage and arson,Investigation complete; no suspect identified,
c23e5c2d38e13a01c5782229761186b3a7a33eec8bda6d65a5b1ff3910152b2d,2026-02,Suffolk Constabulary,Suffolk Constabulary,0.509705,52.343228,On or near High Street,E01029947,West Suffolk 004E,Other theft,Investigation complete; no suspect identified,
12a6aead8118f821282cc97588649997dd17a2868bc42382039fbbaa71856901,2026-02,Suffolk Constabulary,Suffolk Constabulary,0.509705,52.343228,On or near High Street,E01029947,West Suffolk 004E,Public order,Unable to prosecute suspect,
e59d6bb5454b55921e71739e10f7adbbaf02465c03cdfde3fd8da9cbe44e9480,2026-02,Suffolk Constabulary,Suffolk Constabulary,0.513164,52.342876,On or near Recreation Way,E01029947,West Suffolk 004E,Shoplifting,Awaiting court outcome,
51da15843adadcb514c1908887c528d7fd35ccc65dc8c6ca59630c3b06e1ca0d,2026-02,Suffolk Constabulary,Suffolk Constabulary,0.513164,52.342876,On or near Recreation Way,E01029947,West Suffolk 004E,Shoplifting,Awaiting court outcome,
bbc18051f52622c95c7b5c53a0bf6556b8ad7dc95703f6ad58a41387535eebd9,2026-02,Suffolk Constabulary,Suffolk Constabulary,0.510997,52.343749,On or near Shrublands,E01029947,West Suffolk 004E,Shoplifting,Investigation complete; no suspect identified,
027291bfac6c37bfaa4c5b4dc04ac80e7e4da6c4a94a867908c7bdedf276ac91,2026-02,Suffolk Constabulary,Suffolk Constabulary,0.513164,52.342876,On or near Recreation Way,E01029947,West Suffolk 004E,Shoplifting,Awaiting court outcome,
33557e9fbfde7e273e96b08faf010fbb9b86bd3a80c5d1716b9962f9dec9f3ca,2026-02,Suffolk Constabulary,Suffolk Constabulary,0.511719,52.342450,On or near Shopping Area,E01029947,West Suffolk 004E,Shoplifting,Investigation complete; no suspect identified,
c90ccececfa056490b9bc8caad4decf382e06a9a2ff301790d39afcda3502e34,2026-02,Suffolk Constabulary,Suffolk Constabulary,0.513164,52.342876,On or near Recreation Way,E01029947,West Suffolk 004E,Shoplifting,Investigation complete; no suspect identified,
e5be49bef72bd8d1c2676aaa6a2536809f2e29f6743316d3d1f9455596df9722,2026-02,Suffolk Constabulary,Suffolk Constabulary,0.513164,52.342876,On or near Recreation Way,E01029947,West Suffolk 004E,Shoplifting,Local resolution,
4966225e8ee7f37543abd5744da52a93575ff3e764d30a94abb47a7d179d3f78,2026-02,Suffolk Constabulary,Suffolk Constabulary,0.513164,52.342876,On or near Recreation Way,E01029947,West Suffolk 004E,Shoplifting,Awaiting court outcome,
098ca36d40cd3dec13348d3e02ecadac453c2778e0939840e92c258d919ddf63,2026-02,Suffolk Constabulary,Suffolk Constabulary,0.510997,52.343749,On or near Shrublands,E01029947,West Suffolk 004E,Theft from the person,Investigation complete; no suspect identified,
99dae047278c6955e21f995c0fb40ea24fcbda55f96d0ca2e573c59d7073c128,2026-02,Suffolk Constabulary,Suffolk Constabulary,0.508050,52.340709,On or near Mill Street,E01029947,West Suffolk 004E,Vehicle crime,Investigation complete; no suspect identified,
587f693e1451b0796a2fdc0bca0602575968a18abf17ab2aa7b489d5cfb4898f,2026-02,Suffolk Constabulary,Suffolk Constabulary,0.507309,52.341363,On or near Mill Park Gardens,E01029947,West Suffolk 004E,Vehicle crime,Investigation complete; no suspect identified,
cd9d53b26e2ef4df10d04c68367c7df28cd5bdb77543ff0933677905102b6f45,2026-02,Suffolk Constabulary,Suffolk Constabulary,0.511719,52.342450,On or near Shopping Area,E01029947,West Suffolk 004E,Violence and sexual offences,Unable to prosecute suspect,
a0097afaebb0df09cbafb134234f9fd466ea2b39dd3ec2ec633fdf8939a1cd15,2026-02,Suffolk Constabulary,Suffolk Constabulary,0.535483,52.342800,On or near Parking Area,E01029947,West Suffolk 004E,Violence and sexual offences,Unable to prosecute suspect,
c0b1e95c93b6dfad0d09a456f86a31218555314a731b6ae9bb212ac3aba7e05e,2026-02,Suffolk Constabulary,Suffolk Constabulary,0.510461,52.344911,On or near Petrol Station,E01029947,West Suffolk 004E,Violence and sexual offences,Unable to prosecute suspect,
83e15085e4041f75d6487dbfc264f907b6db7ea8ea8016d997a43593bbd64337,2026-02,Suffolk Constabulary,Suffolk Constabulary,0.509705,52.343228,On or near High Street,E01029947,West Suffolk 004E,Violence and sexual offences,Unable to prosecute suspect,
8f872ad01d96bcfa913d66e19b6be66e75fb16745254c8638f87e5f6a95d2d79,2026-02,Suffolk Constabulary,Suffolk Constabulary,0.508697,52.342017,On or near Aldrich Place,E01029947,West Suffolk 004E,Other crime,Unable to prosecute suspect,
fef2f877ea6cd5f960ba31fb90e3b2288e126d3954aa120ad6603e4e86a2d8a3,2026-02,Suffolk Constabulary,Suffolk Constabulary,0.850071,52.329190,On or near Spring Road,E01030095,West Suffolk 005A,Violence and sexual offences,Unable to prosecute suspect,
9dc5529f99aae9b3c535b6d6f1f0d91960e76c1d7e8e4088bc0e0225ca74f776,2026-02,Suffolk Constabulary,Suffolk Constabulary,0.847256,52.328314,On or near School Lane,E01030095,West Suffolk 005A,Violence and sexual offences,Action to be taken by another organisation,
6a6145ca9e64794829e730e5898a1d50cf930d4fab5eefb15280555f31e4a66b,2026-02,Suffolk Constabulary,Suffolk Constabulary,0.916342,52.328471,On or near Sutton Drive,E01030096,West Suffolk 005B,Criminal damage and arson,Investigation complete; no suspect identified,
686d2844a3b5ca1baed4609dd6ec8920d43105e8a8d608532d36718fcdecf738,2026-02,Suffolk Constabulary,Suffolk Constabulary,0.888610,52.355197,On or near Church Road,E01030096,West Suffolk 005B,Criminal damage and arson,Investigation complete; no suspect identified,
4e76cce0166753f83316832d0ac56f249ebc5c13a12303d7223ca95574c166ab,2026-02,Suffolk Constabulary,Suffolk Constabulary,0.916454,52.366734,On or near Bury Road,E01030097,West Suffolk 005C,Public order,Local resolution,
f2a5ab4da97b461ab5a90fe1fa97d1cf7c8c5043052f6e2db0a68d6f2b3da564,2026-02,Suffolk Constabulary,Suffolk Constabulary,0.866991,52.389223,On or near Parking Area,E01030097,West Suffolk 005C,Vehicle crime,Investigation complete; no suspect identified,
ef6c24d37ba9701b0647ff615e9e6054df53c60cf9034a26cd88d92b93786fdf,2026-02,Suffolk Constabulary,Suffolk Constabulary,0.893077,52.355447,On or near Lingwood Close,E01030097,West Suffolk 005C,Violence and sexual offences,Unable to prosecute suspect,
bf9e1b3f6f3b61fa1621a5d80064f930a4fc45cd0f98e90a8ccb6cae8eb48165,2026-02,Suffolk Constabulary,Suffolk Constabulary,0.893077,52.355447,On or near Lingwood Close,E01030097,West Suffolk 005C,Violence and sexual offences,Awaiting court outcome,
c98e1991c68e4a38fb6b64cb3d5cbafea3faf93475ac762325e20b91931d079b,2026-02,Suffolk Constabulary,Suffolk Constabulary,0.893077,52.355447,On or near Lingwood Close,E01030097,West Suffolk 005C,Violence and sexual offences,Awaiting court outcome,
2be80fccc9c910d1aa62a3d661a0f02fb34b5128f4ac4045d1abc19c48502c8c,2026-02,Suffolk Constabulary,Suffolk Constabulary,0.881526,52.330522,On or near George Hill,E01030145,West Suffolk 005D,Violence and sexual offences,Unable to prosecute suspect,
,2026-02,Suffolk Constabulary,Suffolk Constabulary,0.885231,52.323399,On or near Meadow Court,E01030146,West Suffolk 005E,Anti-social behaviour,,
,2026-02,Suffolk Constabulary,Suffolk Constabulary,0.885231,52.323399,On or near Meadow Court,E01030146,West Suffolk 005E,Anti-social behaviour,,
dcc79bee5878d9d88acf31ab42afec98a7baa0e0555d4da9a79329675e005e38,2026-02,Suffolk Constabulary,Suffolk Constabulary,0.885231,52.323399,On or near Meadow Court,E01030146,West Suffolk 005E,Drugs,Local resolution,
e561504da9d228cbb9ad367bc249800511d243fbeb8920a6a054fe4f0bc5cbe3,2026-02,Suffolk Constabulary,Suffolk Constabulary,0.886241,52.324481,On or near Horseshoe Rise,E01030146,West Suffolk 005E,Shoplifting,Investigation complete; no suspect identified,
f27ad63073d987540df80e4ed20dc2b1dfd20e21a984d28d76aac29589ad2e6c,2026-02,Suffolk Constabulary,Suffolk Constabulary,0.886241,52.324481,On or near Horseshoe Rise,E01030146,West Suffolk 005E,Shoplifting,Investigation complete; no suspect identified,
edb3d13b49c91175ac303fccaf7540eed0554ecc0c4d8aa37e864a44d53c80d1,2026-02,Suffolk Constabulary,Suffolk Constabulary,0.899288,52.325132,On or near Bobby'S Way,E01030146,West Suffolk 005E,Violence and sexual offences,Unable to prosecute suspect,
,2026-02,Suffolk Constabulary,Suffolk Constabulary,0.774919,52.372806,On or near Bury Lane,E01030094,West Suffolk 006A,Anti-social behaviour,,
,2026-02,Suffolk Constabulary,Suffolk Constabulary,0.757716,52.381078,On or near Tedder Close,E01030094,West Suffolk 006A,Anti-social behaviour,,
5bc61114c7c5ee9b390360992a96674b4e2984c57136cb182f162a58587e3c3e,2026-02,Suffolk Constabulary,Suffolk Constabulary,0.810996,52.334264,On or near Mill Road,E01030094,West Suffolk 006A,Burglary,Investigation complete; no suspect identified,
bd4dcb71ff3f98af10100d51129902a7ce8ceb71f1e43ca0ecd15d99139b41e4,2026-02,Suffolk Constabulary,Suffolk Constabulary,0.736563,52.379322,On or near Station Road,E01030094,West Suffolk 006A,Other theft,Investigation complete; no suspect identified,
9e019055f670b7be95360a4b26fb13808dc92389c2053fa298273715c6de2ef5,2026-02,Suffolk Constabulary,Suffolk Constabulary,0.786879,52.378163,On or near The Street,E01030094,West Suffolk 006A,Other theft,Under investigation,
2255d58828ead117a3ca38a3c5a7c043c2b171123d00aaf0b36b0016cbf8c193,2026-02,Suffolk Constabulary,Suffolk Constabulary,0.743672,52.378554,On or near Mill Lane,E01030094,West Suffolk 006A,Violence and sexual offences,Unable to prosecute suspect,
752f4abe046261de79e1176ffe825b398de9e599c097c7ca6237d6fb6116b139,2026-02,Suffolk Constabulary,Suffolk Constabulary,0.834829,52.295582,On or near Stow Road,E01030121,West Suffolk 006B,Criminal damage and arson,Unable to prosecute suspect,
8d2c7111303cded74d38ba7ba17594f9f47a8eb124cdeca3aab23a6c407d77ba,2026-02,Suffolk Constabulary,Suffolk Constabulary,0.836445,52.295858,On or near Carpenter Close,E01030121,West Suffolk 006B,Criminal damage and arson,Investigation complete; no suspect identified,
6c70dd4e2ab56a8488b7309436f53445c29e467bdaf7adfd700ddc986a03c03f,2026-02,Suffolk Constabulary,Suffolk Constabulary,0.834829,52.295582,On or near Stow Road,E01030121,West Suffolk 006B,Criminal damage and arson,Unable to prosecute suspect,
35250f2526e28434d519a927424bd691f01d50cad39ffc4749b39e24bec7c19d,2026-02,Suffolk Constabulary,Suffolk Constabulary,0.832895,52.299756,On or near Beeches Close,E01030121,West Suffolk 006B,Violence and sexual offences,Investigation complete; no suspect identified,
344852570fe5892598a8e6b57c42bed5593cad4162b534d20bc8b0fb0c00accf,2026-02,Suffolk Constabulary,Suffolk Constabulary,0.841531,52.302444,On or near Coltsfoot Close,E01030121,West Suffolk 006B,Violence and sexual offences,Unable to prosecute suspect,
5f558ee9500b050a9c638bbe25e06b98471d5e075a0d9fe433ce6b2620561a4f,2026-02,Suffolk Constabulary,Suffolk Constabulary,0.831287,52.301225,On or near Peasecroft Road,E01030121,West Suffolk 006B,Other crime,Under investigation,
83fdd9e537e9ae77ca81fb47f7a7c2ca3f1ce4f81625431b17d9539ecd618766,2026-02,Suffolk Constabulary,Suffolk Constabulary,0.788643,52.329902,On or near New Road,E01030132,West Suffolk 006C,Public order,Local resolution,
e13f3105428183a23e7b64304803386cf274d124750fd3ef092f14a871dc023d,2026-02,Suffolk Constabulary,Suffolk Constabulary,0.825631,52.267924,On or near Church Hill,E01030133,West Suffolk 006D,Violence and sexual offences,Local resolution,
5ef9b0c60add25597e464477dc0d3d8d3f2c2a698875cd1092adaaa6e0cc5eae,2026-02,Suffolk Constabulary,Suffolk Constabulary,0.544731,52.314503,On or near Chapel Lane,E01029941,West Suffolk 007A,Other theft,Unable to prosecute suspect,
99f188569238f3637709949204bb3a64bde440ade005d0b0d3260bb8389b0de8,2026-02,Suffolk Constabulary,Suffolk Constabulary,0.547856,52.313221,On or near Bakers Way,E01029941,West Suffolk 007A,Violence and sexual offences,Investigation complete; no suspect identified,
6713c3ead42ef3f2fc2090e561b8f8e0e6abd452d0f4e0a21e2ede5f2f3ae454,2026-02,Suffolk Constabulary,Suffolk Constabulary,0.591441,52.329925,On or near Mildenhall Road,E01029941,West Suffolk 007A,Other crime,Under investigation,
99a426ad6153bdedb95a533efd7e775c51bdaaab64519394398146859d177808,2026-02,Suffolk Constabulary,Suffolk Constabulary,0.505095,52.272843,On or near The Squires,E01029957,West Suffolk 007B,Burglary,Investigation complete; no suspect identified,
32ebd20e7a92ce7c10842f4abf3be6ef3bd98e2bd70370db3397d22871a5b176,2026-02,Suffolk Constabulary,Suffolk Constabulary,0.502884,52.279895,On or near Herringswell Road,E01029957,West Suffolk 007B,Other theft,Investigation complete; no suspect identified,
8bc29959dfd6ae01987e627756f817fec3a6bd560922476500ee5f7099810776,2026-02,Suffolk Constabulary,Suffolk Constabulary,0.503039,52.274335,On or near Herringswell Road,E01029957,West Suffolk 007B,Other theft,Investigation complete; no suspect identified,
63db74e1a7785a0c5bea1dc36ccfe91db2fc40a9d00a5c5b50695bfdd537e57c,2026-02,Suffolk Constabulary,Suffolk Constabulary,0.487179,52.269643,On or near Sire Lane,E01029957,West Suffolk 007B,Vehicle crime,Investigation complete; no suspect identified,
269f7c306ef9b8c48252426c866fdd8e0182a1ca7a5b59e90504d94b6cebb6d5,2026-02,Suffolk Constabulary,Suffolk Constabulary,0.478287,52.251342,On or near Newmarket Road,E01029957,West Suffolk 007B,Violence and sexual offences,Action to be taken by another organisation,
c013f6d8b84c0283d1a85822ac06f4bbe2d5b177541701a10372babb7e0de70a,2026-02,Suffolk Constabulary,Suffolk Constabulary,0.491359,52.268638,On or near Anvil Way,E01029957,West Suffolk 007B,Violence and sexual offences,Further investigation is not in the public interest,
aabd25f4f67b07a3e04c10156076e2dd5dc53d00b25b6a5425ac5d9e8b8632b5,2026-02,Suffolk Constabulary,Suffolk Constabulary,0.491359,52.268638,On or near Anvil Way,E01029957,West Suffolk 007B,Violence and sexual offences,Unable to prosecute suspect,
fd092b78acf479034e7e6fbaffd262efa606b477e36da00522e2ed61d095f884,2026-02,Suffolk Constabulary,Suffolk Constabulary,0.478287,52.251342,On or near Newmarket Road,E01029957,West Suffolk 007B,Violence and sexual offences,Action to be taken by another organisation,
e2cbd0ba79b126753135a6b7aee5420b82306af42aa90eeae45804b712189292,2026-02,Suffolk Constabulary,Suffolk Constabulary,0.424960,52.256272,On or near B1506,E01029957,West Suffolk 007B,Violence and sexual offences,Unable to prosecute suspect,
242325c35555c3133f59ab3b51363ba9272c83c9e8d7485beb4ef45252eff5ba,2026-02,Suffolk Constabulary,Suffolk Constabulary,0.483277,52.253332,On or near Tweed Close,E01029957,West Suffolk 007B,Violence and sexual offences,Awaiting court outcome,
7e1ec7cede02cce5fe8422e2176e029e1b10c3bfb506e80ba0264f934309b428,2026-02,Suffolk Constabulary,Suffolk Constabulary,0.485649,52.299917,On or near White Mullein Drive,E01033452,West Suffolk 007C,Public order,Awaiting court outcome,
374db10b3df925e7560d6147598f6be072f4bae4ed1511e56e061c38d49fae6c,2026-02,Suffolk Constabulary,Suffolk Constabulary,0.484028,52.300841,On or near Aster Close,E01033452,West Suffolk 007C,Vehicle crime,Investigation complete; no suspect identified,
5db6e57a3600669f03c75254767d72b64d3ce54e14ee6867a4c05863da37a285,2026-02,Suffolk Constabulary,Suffolk Constabulary,0.488750,52.308394,On or near Olive Way,E01033454,West Suffolk 007D,Criminal damage and arson,Unable to prosecute suspect,
8edf7fbf99619f19bf8f3eb62f97fe0998d2a9c7c759c172a994ca759b468fe7,2026-02,Suffolk Constabulary,Suffolk Constabulary,0.490476,52.306218,On or near Laburnum Close,E01033454,West Suffolk 007D,Violence and sexual offences,Unable to prosecute suspect,
fcf8215e7a8832cd2229489a39e5fa775d3b7532fc61e99044da3040f8655e93,2026-02,Suffolk Constabulary,Suffolk Constabulary,0.490891,52.305247,On or near Lavender Close,E01033454,West Suffolk 007D,Violence and sexual offences,Unable to prosecute suspect,
b61d7581ca81e3967d2da7a10bb1a832276acca91c6d0f0f87180de53ce41fa6,2026-02,Suffolk Constabulary,Suffolk Constabulary,0.492033,52.306248,On or near Larkspur Close,E01033454,West Suffolk 007D,Violence and sexual offences,Awaiting court outcome,
2137a22424c70909eb5249e9ef120118a2b2d95033cab984998454b0612a6d08,2026-02,Suffolk Constabulary,Suffolk Constabulary,0.492033,52.306248,On or near Larkspur Close,E01033454,West Suffolk 007D,Violence and sexual offences,Awaiting court outcome,
6829366a45b5ecca4533cd9d2eacfa741f45cc237848d834001ebe220105d97d,2026-02,Suffolk Constabulary,Suffolk Constabulary,0.492033,52.306248,On or near Larkspur Close,E01033454,West Suffolk 007D,Violence and sexual offences,Awaiting court outcome,
1e0b6cc36c0dd5143089d32f02799e1966b9ea5a6960d09c7f9a3933a91cf58b,2026-02,Suffolk Constabulary,Suffolk Constabulary,0.492033,52.306248,On or near Larkspur Close,E01033454,West Suffolk 007D,Violence and sexual offences,Awaiting court outcome,
,2026-02,Suffolk Constabulary,Suffolk Constabulary,0.501728,52.306223,On or near Parsley Close,E01034566,West Suffolk 007E,Anti-social behaviour,,
ea0b3691e5ed7d8d891ec2b55083aa71c9c1c4e69b10992e5e27c6abc2605cdd,2026-02,Suffolk Constabulary,Suffolk Constabulary,0.497909,52.303534,On or near Plantation Way,E01034566,West Suffolk 007E,Bicycle theft,Investigation complete; no suspect identified,
47471cb10a64e6b74db28df30e3fc5869f2ad4638f82983d49d68703b5c7c169,2026-02,Suffolk Constabulary,Suffolk Constabulary,0.496778,52.301678,On or near Privet Way,E01034566,West Suffolk 007E,Violence and sexual offences,Unable to prosecute suspect,
a18158d98dabedeaba513accca4549b222baffff3f817dc15211ca83f7b9a983,2026-02,Suffolk Constabulary,Suffolk Constabulary,0.495922,52.304448,On or near Fennel Drive,E01034566,West Suffolk 007E,Violence and sexual offences,Under investigation,
dc932c6160a029b842d64e98a4d695778b96fa067f2e676ea954ba9f8dfb5a8c,2026-02,Suffolk Constabulary,Suffolk Constabulary,0.502145,52.299838,On or near Hyacinth Drive,E01034567,West Suffolk 007F,Other theft,Investigation complete; no suspect identified,
fed87b21ea511a2b102805b9a0a2c819efd4931c9dd433b9e6a7e19e4746253f,2026-02,Suffolk Constabulary,Suffolk Constabulary,0.501285,52.302788,On or near Myrtle Lane,E01034567,West Suffolk 007F,Possession of weapons,Under investigation,
d47d247b404ce323a2ef96050ddbdbad16dcb09d9262c0f08df3709fcefbd20a,2026-02,Suffolk Constabulary,Suffolk Constabulary,0.499789,52.299663,On or near Burdock Road,E01034567,West Suffolk 007F,Vehicle crime,Under investigation,
b70cb3017a88515d7eafcfc5c8ffb7c587e484e0aaa98e886fd869c7de77222a,2026-02,Suffolk Constabulary,Suffolk Constabulary,0.502635,52.302535,On or near Linden Drive,E01034567,West Suffolk 007F,Violence and sexual offences,Unable to prosecute suspect,
,2026-02,Suffolk Constabulary,Suffolk Constabulary,0.373788,52.283084,On or near Landwade Road,E01029937,West Suffolk 008A,Anti-social behaviour,,
43ad200109504fff678b127da6ebeca0b9d60e0ef46f5590a740f8ab963ee820,2026-02,Suffolk Constabulary,Suffolk Constabulary,0.369381,52.266725,On or near Ascot Close,E01029937,West Suffolk 008A,Burglary,Investigation complete; no suspect identified,
b7dcd55ce0415d50806ffab5c2b74c07044737ad8b31c0f8d2372ad7515df74e,2026-02,Suffolk Constabulary,Suffolk Constabulary,0.369756,52.263301,On or near St Wendred'S Way,E01029937,West Suffolk 008A,Burglary,Investigation complete; no suspect identified,
3dc56b33247de679730bf1a23e7cd9f01b12f0925e8227f56be93bfd69eee85e,2026-02,Suffolk Constabulary,Suffolk Constabulary,0.368095,52.263798,On or near Sports/Recreation Area,E01029937,West Suffolk 008A,Burglary,Investigation complete; no suspect identified,
88144415dcafbadfcd3176ac78f416ef9c922e896ae466619ef4846d6c65d03f,2026-02,Suffolk Constabulary,Suffolk Constabulary,0.371810,52.261974,On or near Frogmore,E01029937,West Suffolk 008A,Criminal damage and arson,Investigation complete; no suspect identified,
878ed33080e28b4e63b5526b239afb248d9ad89df2a39d0f657787523fc6f307,2026-02,Suffolk Constabulary,Suffolk Constabulary,0.368319,52.266315,On or near King George Avenue,E01029937,West Suffolk 008A,Criminal damage and arson,Investigation complete; no suspect identified,
90cbe8e133380a4113c2e268d9ac7e7c7906db4fd5072df647ac9305f5838186,2026-02,Suffolk Constabulary,Suffolk Constabulary,0.364504,52.264863,On or near Plover Place,E01029937,West Suffolk 008A,Other theft,Unable to prosecute suspect,
9c408823aa6da0ec38089cbd7d7ce17c0bd648cbc797cb467673918266de7664,2026-02,Suffolk Constabulary,Suffolk Constabulary,0.366031,52.259959,On or near Heath Road,E01029937,West Suffolk 008A,Other theft,Unable to prosecute suspect,
73148e06618482b3dd48f793e484784da827180dfef3def2635eb10dde904b3d,2026-02,Suffolk Constabulary,Suffolk Constabulary,0.366031,52.259959,On or near Heath Road,E01029937,West Suffolk 008A,Shoplifting,Investigation complete; no suspect identified,
989b3e956c66bfbdd2bbf84313da5b8eddea75b7fd230fcc5728437493a6467f,2026-02,Suffolk Constabulary,Suffolk Constabulary,0.366031,52.259959,On or near Heath Road,E01029937,West Suffolk 008A,Shoplifting,Investigation complete; no suspect identified,
146ecdbd259f428c8a98d4df49ae0b5d32c5a68e1b71bbc15daad75ac3a7e965,2026-02,Suffolk Constabulary,Suffolk Constabulary,0.366031,52.259959,On or near Heath Road,E01029937,West Suffolk 008A,Shoplifting,Unable to prosecute suspect,
99049ef8cc4e3c9b5183b3fb1e4cae6829b291b0d8e3776cce476a5f873fc1a5,2026-02,Suffolk Constabulary,Suffolk Constabulary,0.398433,52.272748,On or near Snailwell Short Road,E01029937,West Suffolk 008A,Violence and sexual offences,Unable to prosecute suspect,
3169daac80138d6204d6af9418ac4b6944c6217fed4941b4f4bca73ceb85a5f5,2026-02,Suffolk Constabulary,Suffolk Constabulary,0.373220,52.263960,On or near Church Lane,E01029937,West Suffolk 008A,Violence and sexual offences,Unable to prosecute suspect,
457b602c85db99095829aaaf218e5424caa8a1d7caa1571c96c7d94d598dde63,2026-02,Suffolk Constabulary,Suffolk Constabulary,0.368095,52.263798,On or near Sports/Recreation Area,E01029937,West Suffolk 008A,Violence and sexual offences,Under investigation,
b684044b35272405a2f05d4a93252ca1391d5a97142acdfa1c7694d4ff5f09f4,2026-02,Suffolk Constabulary,Suffolk Constabulary,0.398433,52.272748,On or near Snailwell Short Road,E01029937,West Suffolk 008A,Violence and sexual offences,Action to be taken by another organisation,
5c341c0213b8000ae2f164814429cf014512e8ce040d4435351255379a8f46fd,2026-02,Suffolk Constabulary,Suffolk Constabulary,0.359853,52.267789,On or near Parking Area,E01029937,West Suffolk 008A,Violence and sexual offences,Unable to prosecute suspect,
f38b3e0c3d9376c4e2e03adbe7b3538ca966e250b4a9acc1325ee4894c5163e4,2026-02,Suffolk Constabulary,Suffolk Constabulary,0.398433,52.272748,On or near Snailwell Short Road,E01029937,West Suffolk 008A,Violence and sexual offences,Action to be taken by another organisation,
2164ae495aa90708c8f9e8e10a642caa06d1caf1c373c01c70dd5189e2c55048,2026-02,Suffolk Constabulary,Suffolk Constabulary,0.359853,52.267789,On or near Parking Area,E01029937,West Suffolk 008A,Other crime,Under investigation,
491692e2631f87cb2498ec722efebdf0d6ac6d476fa4d4b3cc1efdea853b08e4,2026-02,Suffolk Constabulary,Suffolk Constabulary,0.395163,52.258849,On or near Willie Snaith Road,E01029953,West Suffolk 008B,Criminal damage and arson,Investigation complete; no suspect identified,
2691d766fc55c4d065a9ccb186c5e1a7c56be938be4de3a4622c3d00e888f26d,2026-02,Suffolk Constabulary,Suffolk Constabulary,0.385880,52.263363,On or near Mill Reef Close,E01029953,West Suffolk 008B,Possession of weapons,Offender given a caution,
bedc80813817686fb6f227786c9c505cac2ae2b3a27b194ee3048e58d2377c25,2026-02,Suffolk Constabulary,Suffolk Constabulary,0.395163,52.258849,On or near Willie Snaith Road,E01029953,West Suffolk 008B,Shoplifting,Investigation complete; no suspect identified,
ee386ed26284352de877b210b4ea264711f5fb885ade2122be833a07f74fd928,2026-02,Suffolk Constabulary,Suffolk Constabulary,0.397673,52.262998,On or near Petrol Station,E01029953,West Suffolk 008B,Vehicle crime,Investigation complete; no suspect identified,
7da5cfccb300e88b3d97c7b3c8fa418a34a9364f6fd9b6fe5d9ec37866579878,2026-02,Suffolk Constabulary,Suffolk Constabulary,0.395163,52.258849,On or near Willie Snaith Road,E01029953,West Suffolk 008B,Violence and sexual offences,Unable to prosecute suspect,
3fb087f74d1be2676840b5baf01d7d9ed03d1df50b046de1ae97576bffe666f7,2026-02,Suffolk Constabulary,Suffolk Constabulary,0.395383,52.255320,On or near Gordon Richards Close,E01029953,West Suffolk 008B,Violence and sexual offences,Action to be taken by another organisation,
60ba481d46bbae8b59941dd3160bade1459d8ede90b26303a759749b717fc6f7,2026-02,Suffolk Constabulary,Suffolk Constabulary,0.397673,52.262998,On or near Petrol Station,E01029953,West Suffolk 008B,Violence and sexual offences,Unable to prosecute suspect,
7d510186c61543ef568afec7c91d3db37381e2e4e4bf299993ce651e22e4fc47,2026-02,Suffolk Constabulary,Suffolk Constabulary,0.388722,52.263881,On or near Parkers Walk,E01029953,West Suffolk 008B,Violence and sexual offences,Unable to prosecute suspect,
0e145d4bb12edf1830fb0aa8ecc8ba0cdeb44f661b5023bf2d5276c42add84ef,2026-02,Suffolk Constabulary,Suffolk Constabulary,0.400878,52.249633,On or near Engelhard Road,E01029955,West Suffolk 008C,Criminal damage and arson,Action to be taken by another organisation,
26086b0899ce15df7fb92380ef5e86717df41b9a76587927bab0a9cc0ff10a55,2026-02,Suffolk Constabulary,Suffolk Constabulary,0.399227,52.254603,On or near Mat Dawson Close,E01029955,West Suffolk 008C,Other theft,Unable to prosecute suspect,
fe0682f4178c06fccfc5492a93695b33ac85d4f6ab2ae74bc27b78aa5117fdc9,2026-02,Suffolk Constabulary,Suffolk Constabulary,0.393886,52.253921,On or near Griffin Gardens,E01029955,West Suffolk 008C,Possession of weapons,Unable to prosecute suspect,
e9d674e33261181d16f92b99ff3d8bef8f1f3298f484291f8623c07b7c7a8f4d,2026-02,Suffolk Constabulary,Suffolk Constabulary,0.393886,52.253921,On or near Griffin Gardens,E01029955,West Suffolk 008C,Violence and sexual offences,Unable to prosecute suspect,
,2026-02,Suffolk Constabulary,Suffolk Constabulary,0.383800,52.264205,On or near Highclere Close,E01029956,West Suffolk 008D,Anti-social behaviour,,
84c58b8decd03d50fd66da5c9e2c9de8af71eb52fcd2eb83a04044b078e01880,2026-02,Suffolk Constabulary,Suffolk Constabulary,0.391958,52.264643,On or near Hyperion Way,E01029956,West Suffolk 008D,Burglary,Unable to prosecute suspect,
c240ffe8f873b9ee711f7719f00ec660f319f715bd32b163cf568f79461733dd,2026-02,Suffolk Constabulary,Suffolk Constabulary,0.394331,52.264630,On or near Nimbus Way,E01029956,West Suffolk 008D,Other theft,Under investigation,
51c8b0e62b4ffd45851eaea5fd1c8206283322c1a4c0ceb7bf0e24f074447a0f,2026-02,Suffolk Constabulary,Suffolk Constabulary,0.383976,52.263392,On or near Royal Palace Close,E01029956,West Suffolk 008D,Vehicle crime,Investigation complete; no suspect identified,
0863fef26aa2fc784e1d370fcdc4e09f7879a7fdb02d7bb1c92276432f9ece6f,2026-02,Suffolk Constabulary,Suffolk Constabulary,0.389085,52.266814,On or near A14,E01029956,West Suffolk 008D,Violence and sexual offences,Under investigation,
16a07270d19689dd6ab33e7eb4cd2b0217df14dd7e980a09546687acb9fca807,2026-02,Suffolk Constabulary,Suffolk Constabulary,0.389085,52.266814,On or near A14,E01029956,West Suffolk 008D,Violence and sexual offences,Action to be taken by another organisation,
dbd4d70c62ba0360101df756138d7b741f5a07fe429e6995cd3e5bc3cdfe15c0,2026-02,Suffolk Constabulary,Suffolk Constabulary,0.392793,52.266010,On or near Aureole Walk,E01029956,West Suffolk 008D,Violence and sexual offences,Unable to prosecute suspect,
1e30e7f9a6ca1162290934b11bd8c3e891c6c68cc7195233ffaa5ae42da53381,2026-02,Suffolk Constabulary,Suffolk Constabulary,0.389085,52.266814,On or near A14,E01029956,West Suffolk 008D,Violence and sexual offences,Action to be taken by another organisation,
84be38cbde61ff71ec4837c684d6820850dccb8a8ab55b5bb7313e8c46afc4ae,2026-02,Suffolk Constabulary,Suffolk Constabulary,0.389085,52.266814,On or near A14,E01029956,West Suffolk 008D,Violence and sexual offences,Under investigation,
5c83bbb083469c75b111ab19f4b62651c5181ad38f6c06e8f15449cd6cc2b9de,2026-02,Suffolk Constabulary,Suffolk Constabulary,0.389085,52.266814,On or near A14,E01029956,West Suffolk 008D,Violence and sexual offences,Action to be taken by another organisation,
1859098db5dad30843dffcf2843789e5a128f1654c100d7abea47cdc9aa52bb7,2026-02,Suffolk Constabulary,Suffolk Constabulary,0.389085,52.266814,On or near A14,E01029956,West Suffolk 008D,Violence and sexual offences,Unable to prosecute suspect,
6c30e32642abcdad2ffa4d50d8f25f638cafd0f4327048deb960ca959b743052,2026-02,Suffolk Constabulary,Suffolk Constabulary,0.389085,52.266814,On or near A14,E01029956,West Suffolk 008D,Violence and sexual offences,Action to be taken by another organisation,
fd52d0495e204f2f9dd78c4eb022532021535a99eaba9703ac8e7db62fefb31c,2026-02,Suffolk Constabulary,Suffolk Constabulary,0.389085,52.266814,On or near A14,E01029956,West Suffolk 008D,Violence and sexual offences,Action to be taken by another organisation,
,2026-02,Suffolk Constabulary,Suffolk Constabulary,0.402809,52.246321,On or near Mill Mews,E01034568,West Suffolk 008E,Anti-social behaviour,,
43e4a223dc4b61df9be60f89abab2e9b0a67f7a03d821a9d5582e6c94861606d,2026-02,Suffolk Constabulary,Suffolk Constabulary,0.407865,52.254203,On or near Meynell Gardens,E01034568,West Suffolk 008E,Bicycle theft,Investigation complete; no suspect identified,
3196ac9be8a7e97681183ed26dfecdfb12a293a420076106cd5283e95bc4e375,2026-02,Suffolk Constabulary,Suffolk Constabulary,0.417092,52.251173,On or near Bury Road,E01034568,West Suffolk 008E,Burglary,Investigation complete; no suspect identified,
f0a3036c4fca73cf402f5e2e6c52e40b757c564baf699984a3147d4d474edb36,2026-02,Suffolk Constabulary,Suffolk Constabulary,0.406239,52.255558,On or near Wyndham Way,E01034568,West Suffolk 008E,Burglary,Investigation complete; no suspect identified,
0a4197659719587ed3109f11db2a63b6b2463d557a145b9347045c5721eeb519,2026-02,Suffolk Constabulary,Suffolk Constabulary,0.411953,52.247447,On or near A1304,E01034568,West Suffolk 008E,Criminal damage and arson,Unable to prosecute suspect,
6e4766b68f6d20f3e0c2757acd37a0074ea9ea7e5e243d547d9e16c481de506c,2026-02,Suffolk Constabulary,Suffolk Constabulary,0.406368,52.249818,On or near The Maltings,E01034568,West Suffolk 008E,Other theft,Investigation complete; no suspect identified,
790a9f4de5e2884f2889caac8a76685f81793cee2bb4a5462c29c06c16908e92,2026-02,Suffolk Constabulary,Suffolk Constabulary,0.405228,52.245813,On or near Barlings Court,E01034568,West Suffolk 008E,Shoplifting,Investigation complete; no suspect identified,
81b9e539f0ea4b3ebfabbf5a16feae9984c19ad384e4f4ca1f8e0c649d54916f,2026-02,Suffolk Constabulary,Suffolk Constabulary,0.405402,52.244433,On or near Drapery Row,E01034568,West Suffolk 008E,Vehicle crime,Unable to prosecute suspect,
07b71a1134eebc6981200a8f09368744670b9f3d528827da5df581499f01f679,2026-02,Suffolk Constabulary,Suffolk Constabulary,0.406963,52.247549,On or near Rayes Lane,E01034568,West Suffolk 008E,Violence and sexual offences,Unable to prosecute suspect,
c530683236bbb88ae33d422e3940e76591a689c8741e749b41b52d7f1cea583e,2026-02,Suffolk Constabulary,Suffolk Constabulary,0.405402,52.244433,On or near Drapery Row,E01034568,West Suffolk 008E,Violence and sexual offences,Investigation complete; no suspect identified,
061cfb3cbede08b8fea576932b061c4ff03fd2c51a1bc79ee9581476d4f13172,2026-02,Suffolk Constabulary,Suffolk Constabulary,0.405402,52.244433,On or near Drapery Row,E01034568,West Suffolk 008E,Violence and sexual offences,Unable to prosecute suspect,
2d916aa1a3df906856f808794b269ac9fa6269972cfefd769fd142e7969fce9b,2026-02,Suffolk Constabulary,Suffolk Constabulary,0.404496,52.245828,On or near The Watercourse,E01034568,West Suffolk 008E,Violence and sexual offences,Investigation complete; no suspect identified,
9a5013cdaf101d07ad91b9f9cb7f959b2c5994a4b55a7e42937983f438190656,2026-02,Suffolk Constabulary,Suffolk Constabulary,0.402809,52.246321,On or near Mill Mews,E01034568,West Suffolk 008E,Violence and sexual offences,Unable to prosecute suspect,
c94823567ec5add3a23191f2211bce2e32eecbb9cba4d9270a90b2548edaf11e,2026-02,Suffolk Constabulary,Suffolk Constabulary,0.399994,52.250892,On or near Hospital,E01034569,West Suffolk 008F,Public order,Unable to prosecute suspect,
93e1d17898b6987706583e9e33729f991eaf518eef392f8bfdfdf7482cef7a75,2026-02,Suffolk Constabulary,Suffolk Constabulary,0.400559,52.252670,On or near Greville Starkey Avenue,E01034569,West Suffolk 008F,Vehicle crime,Investigation complete; no suspect identified,
3b30cbbeefee5dd1b9c3407c29855137c3ec7d6bdef8682cd210cbfae2ff27d7,2026-02,Suffolk Constabulary,Suffolk Constabulary,0.403517,52.248860,On or near Howard De Walden Way,E01034569,West Suffolk 008F,Violence and sexual offences,Unable to prosecute suspect,
86c1971bd45829e95a1680b8981518739a43b1c502be504d5d32ec33220ef8ee,2026-02,Suffolk Constabulary,Suffolk Constabulary,0.707427,52.263798,On or near Wordsworth Road,E01030130,West Suffolk 009A,Criminal damage and arson,Investigation complete; no suspect identified,
076d35cf62f2482f2a08ecd0231077e4428e6055c4b776181e29b1e45c458a0e,2026-02,Suffolk Constabulary,Suffolk Constabulary,0.709412,52.261738,On or near A1101,E01030130,West Suffolk 009A,Violence and sexual offences,Local resolution,
0896f39a91b56eea8c953600e9bf9063081a8e8ccf9546387dce0b3be4b3bf61,2026-02,Suffolk Constabulary,Suffolk Constabulary,0.703280,52.263578,On or near Lake Avenue,E01030131,West Suffolk 009B,Burglary,Under investigation,
cf3dcaed108d30c2ec9ae7a2ef819bb284b342c10a5cfb568c0c09760b6fd98e,2026-02,Suffolk Constabulary,Suffolk Constabulary,0.703280,52.263578,On or near Lake Avenue,E01030131,West Suffolk 009B,Burglary,Under investigation,
dd3e38ac4c1c6fa57c11ea74d6b628353c54627247a561026ce868b46b88bc04,2026-02,Suffolk Constabulary,Suffolk Constabulary,0.703280,52.263578,On or near Lake Avenue,E01030131,West Suffolk 009B,Burglary,Under investigation,
3d2e15f86a79566da3bec773a181f42260bab6dcd4f680f76246c48d3b34e9be,2026-02,Suffolk Constabulary,Suffolk Constabulary,0.703578,52.261728,On or near Gloucester Road,E01030131,West Suffolk 009B,Burglary,Investigation complete; no suspect identified,
b2063f35bf0970f113127947fe6c9e915639cad21f00b5883bad299792b8204a,2026-02,Suffolk Constabulary,Suffolk Constabulary,0.703280,52.263578,On or near Lake Avenue,E01030131,West Suffolk 009B,Shoplifting,Awaiting court outcome,
8328606273b579df5ab943d2b84e865653c31945a3ae274ac88d91d864963229,2026-02,Suffolk Constabulary,Suffolk Constabulary,0.703280,52.263578,On or near Lake Avenue,E01030131,West Suffolk 009B,Violence and sexual offences,Action to be taken by another organisation,
f027af4622963a3732ccd3ad6340f42a61b35ebcea4d5a68e88c8fcbbaa78058,2026-02,Suffolk Constabulary,Suffolk Constabulary,0.703280,52.263578,On or near Lake Avenue,E01030131,West Suffolk 009B,Violence and sexual offences,Action to be taken by another organisation,
e30560feaf2bcebf14254b93827f30671aa090570123a667f1adc8378c845535,2026-02,Suffolk Constabulary,Suffolk Constabulary,0.703280,52.263578,On or near Lake Avenue,E01030131,West Suffolk 009B,Violence and sexual offences,Action to be taken by another organisation,
9bc94df7e0662e879d21c270d37a08bcd3d92b555f358ae22629220ed5772ae5,2026-02,Suffolk Constabulary,Suffolk Constabulary,0.703280,52.263578,On or near Lake Avenue,E01030131,West Suffolk 009B,Violence and sexual offences,Unable to prosecute suspect,
51c491b798d286ebbec657e2dc9f71addf76d4f6ceca50c59d816053857224db,2026-02,Suffolk Constabulary,Suffolk Constabulary,0.703280,52.263578,On or near Lake Avenue,E01030131,West Suffolk 009B,Violence and sexual offences,Action to be taken by another organisation,
bacd53c5ee0e6e1d04ccdd826f0e2346b385eb07df06ed9f9b4a3a46b3102316,2026-02,Suffolk Constabulary,Suffolk Constabulary,0.703280,52.263578,On or near Lake Avenue,E01030131,West Suffolk 009B,Violence and sexual offences,Action to be taken by another organisation,
28c0b3a71c27e12b74d6097051d1b9f4d3dce523650175c2bc85644dbc2e31f8,2026-02,Suffolk Constabulary,Suffolk Constabulary,0.703280,52.263578,On or near Lake Avenue,E01030131,West Suffolk 009B,Violence and sexual offences,Action to be taken by another organisation,
6668d1eee8c1474d039515cdf2ab9971a3e6a88c2e55e93ae38d062e75d15ae4,2026-02,Suffolk Constabulary,Suffolk Constabulary,0.703280,52.263578,On or near Lake Avenue,E01030131,West Suffolk 009B,Violence and sexual offences,Action to be taken by another organisation,
bd31d80c7be5528c3ecf4d00077e1b26c1233999244366ad722354e5827b6e87,2026-02,Suffolk Constabulary,Suffolk Constabulary,0.703280,52.263578,On or near Lake Avenue,E01030131,West Suffolk 009B,Violence and sexual offences,Action to be taken by another organisation,
20b6244839be0454e1541c7a12bfe13219cc0016d3c0ef84cc0fb29445c760fe,2026-02,Suffolk Constabulary,Suffolk Constabulary,0.698363,52.254527,On or near Oakes Close,E01030139,West Suffolk 009C,Burglary,Investigation complete; no suspect identified,
811c3f0c120c7516b8fbdd9351b2eb233bd2512513457e2a4a99e327e1eb021e,2026-02,Suffolk Constabulary,Suffolk Constabulary,0.699764,52.259495,On or near Parking Area,E01030139,West Suffolk 009C,Criminal damage and arson,Investigation complete; no suspect identified,
2ac022f336d2ec1494f7d9e03d8ee5d9e84a89fbd67feb9fe57eb7356c09f665,2026-02,Suffolk Constabulary,Suffolk Constabulary,0.692418,52.256533,On or near Firtree Close,E01030139,West Suffolk 009C,Other theft,Unable to prosecute suspect,
d6bb6010cfd26dd1ce1a2622df88bc11eef16833440b26ba2dc2cec51cc68e50,2026-02,Suffolk Constabulary,Suffolk Constabulary,0.693690,52.258654,On or near Boby Road,E01030139,West Suffolk 009C,Possession of weapons,Unable to prosecute suspect,
b7c1fc08818e0af29d62743c5b6c5697b906b8c93fbb49afde3c4b281303e345,2026-02,Suffolk Constabulary,Suffolk Constabulary,0.692418,52.256533,On or near Firtree Close,E01030139,West Suffolk 009C,Public order,Formal action is not in the public interest,
d2522970b62ade4925fb3995620be68d37eb9d6440d5c88f497f77a19da86dd5,2026-02,Suffolk Constabulary,Suffolk Constabulary,0.694570,52.259155,On or near Gorst Close,E01030139,West Suffolk 009C,Shoplifting,Local resolution,
a36ffd9a7dd30f6b6383c5a64079806fac25a0598ce82b97246e9888678f952e,2026-02,Suffolk Constabulary,Suffolk Constabulary,0.694570,52.259155,On or near Gorst Close,E01030139,West Suffolk 009C,Shoplifting,Local resolution,
9c189d15162a0072a9a91c32108e7c89857c992ebb8b9da4ace4209d6cdd029d,2026-02,Suffolk Constabulary,Suffolk Constabulary,0.694570,52.259155,On or near Gorst Close,E01030139,West Suffolk 009C,Shoplifting,Investigation complete; no suspect identified,
9753179a2c6dccc0847ac2b7840eddea78f3d64af232113c0bbae9141d5c8744,2026-02,Suffolk Constabulary,Suffolk Constabulary,0.698363,52.254527,On or near Oakes Close,E01030139,West Suffolk 009C,Violence and sexual offences,Unable to prosecute suspect,
33f9449e3319809aed8fed1ebbdae80ede078278ffeded845ecfd724a51ad995,2026-02,Suffolk Constabulary,Suffolk Constabulary,0.699764,52.259495,On or near Parking Area,E01030139,West Suffolk 009C,Violence and sexual offences,Unable to prosecute suspect,
822c448c8c8b70fdc002e5d1a09d74ffc1248e56ba5c3d1c0533e67b001bd601,2026-02,Suffolk Constabulary,Suffolk Constabulary,0.699023,52.261050,On or near Devon Close,E01030139,West Suffolk 009C,Violence and sexual offences,Action to be taken by another organisation,
59bf786345db2d55f616ada886c3d62a0d244edaa2fbd23c9faa877c252346c3,2026-02,Suffolk Constabulary,Suffolk Constabulary,0.694946,52.255450,On or near Goldsmith Close,E01030140,West Suffolk 009D,Drugs,Local resolution,
54f2bdc8da5b62b8ea3f7ca84858d879f106dca7ce1396879a363d0eb36a356f,2026-02,Suffolk Constabulary,Suffolk Constabulary,0.694946,52.255450,On or near Goldsmith Close,E01030140,West Suffolk 009D,Possession of weapons,Local resolution,
ccbfeafd460361e57c8a74844316731d3dc726e60a58431083c0e30bb2166b4f,2026-02,Suffolk Constabulary,Suffolk Constabulary,0.697514,52.255266,On or near Trevethan Close,E01030140,West Suffolk 009D,Vehicle crime,Unable to prosecute suspect,
196b0be00d92638b079591a8b52153d95dbd4313f454286493d6dbf51b3a45f7,2026-02,Suffolk Constabulary,Suffolk Constabulary,0.696812,52.257458,On or near St Olaves Road,E01030140,West Suffolk 009D,Violence and sexual offences,Action to be taken by another organisation,
09804b33a4fab443941c8a79f43c5dd2b6c9185a16f53b40154daa9c7f156855,2026-02,Suffolk Constabulary,Suffolk Constabulary,0.696812,52.257458,On or near St Olaves Road,E01030140,West Suffolk 009D,Violence and sexual offences,Action to be taken by another organisation,
23fa65cf5e2490a98eb94325ecf151dfb695b922bf8f1efbf9933b14ae2be338,2026-02,Suffolk Constabulary,Suffolk Constabulary,0.696812,52.257458,On or near St Olaves Road,E01030140,West Suffolk 009D,Violence and sexual offences,Action to be taken by another organisation,
f213a3ea4f33e2749c35736ebf074e51adadbcc69dfed04fb4e0d4dd3617e6e7,2026-02,Suffolk Constabulary,Suffolk Constabulary,0.695770,52.261295,On or near Ion Road,E01030141,West Suffolk 009E,Violence and sexual offences,Under investigation,
6d1eaaca6104cad09e5d5092060e71b229a70cc7ca09b97f020017b12a9b9b70,2026-02,Suffolk Constabulary,Suffolk Constabulary,0.633535,52.240650,On or near Saxham Drive,E01030098,West Suffolk 010A,Burglary,Investigation complete; no suspect identified,
4b070f0f73a1dbde4d857a94af01f6d1627d3a3f0d233e97816fb398ffd124cb,2026-02,Suffolk Constabulary,Suffolk Constabulary,0.577608,52.251274,On or near New Road,E01030098,West Suffolk 010A,Burglary,Investigation complete; no suspect identified,
775deffa29d3b87a8db156cfa0f4a3d6abca10e8a00d64e55f8e2fc1db1cd442,2026-02,Suffolk Constabulary,Suffolk Constabulary,0.640212,52.258846,On or near Parking Area,E01030098,West Suffolk 010A,Vehicle crime,Investigation complete; no suspect identified,
177d4db8889c6f02ffad793ad1075e97a0d1ea76999797eb4945395744bbf013,2026-02,Suffolk Constabulary,Suffolk Constabulary,0.568688,52.223186,On or near Barrow Road,E01030098,West Suffolk 010A,Violence and sexual offences,Unable to prosecute suspect,
,2026-02,Suffolk Constabulary,Suffolk Constabulary,0.611859,52.207032,On or near Barn Field,E01030100,West Suffolk 010B,Anti-social behaviour,,
ab509432d4def6cf11b0cad5d47118b3592fffcb9e717c0457927dcee792fce4,2026-02,Suffolk Constabulary,Suffolk Constabulary,0.658230,52.197713,On or near Chedburgh Road,E01030100,West Suffolk 010B,Criminal damage and arson,Unable to prosecute suspect,
4c5d1c5855fc68ec5463bbdf718873f52f17145ab0f3f4554f6b11fb23c5ac59,2026-02,Suffolk Constabulary,Suffolk Constabulary,0.722898,52.190015,On or near Lawshall Road,E01030100,West Suffolk 010B,Other theft,Investigation complete; no suspect identified,
2ec8d177febf34fbc52fb3eefaee50721c6b559efff5fcc7b846c976aa2df214,2026-02,Suffolk Constabulary,Suffolk Constabulary,0.616136,52.188151,On or near The Street,E01030100,West Suffolk 010B,Other theft,Investigation complete; no suspect identified,
bcd99642dd3aeea6a18ddc5f77dc6fd50e12ac710fb61df887a5f842f1e1f1f2,2026-02,Suffolk Constabulary,Suffolk Constabulary,0.678429,52.186087,On or near Brockley Road,E01030100,West Suffolk 010B,Violence and sexual offences,Unable to prosecute suspect,
90844d9be87ca66fe8f522ccc7282fdceb4c7883f303c2ae81634b9671236bd9,2026-02,Suffolk Constabulary,Suffolk Constabulary,0.704720,52.203662,On or near Church Road,E01030100,West Suffolk 010B,Violence and sexual offences,Action to be taken by another organisation,
,2026-02,Suffolk Constabulary,Suffolk Constabulary,0.674104,52.226141,On or near Brook Close,E01030119,West Suffolk 010C,Anti-social behaviour,,
,2026-02,Suffolk Constabulary,Suffolk Constabulary,0.723010,52.227018,On or near Old Town Lane,E01030119,West Suffolk 010C,Anti-social behaviour,,
,2026-02,Suffolk Constabulary,Suffolk Constabulary,0.669489,52.214878,On or near Chevington Road,E01030119,West Suffolk 010C,Anti-social behaviour,,
297c626dc06225bfd9f571290f610dff912ece92530cc8e1462d8c7190d168dd,2026-02,Suffolk Constabulary,Suffolk Constabulary,0.750747,52.207373,On or near Raynsford Road,E01030119,West Suffolk 010C,Vehicle crime,Investigation complete; no suspect identified,
178f45c2d3d8b298bea20248e74887addcc0c8dff9585b42185baf1c8ecc086e,2026-02,Suffolk Constabulary,Suffolk Constabulary,0.756701,52.203061,On or near Sudbury Road,E01030119,West Suffolk 010C,Vehicle crime,Awaiting court outcome,
abdc0406d981530d2108d339f37d43a36df24cb7bf27f0fdc6c160712226a4cc,2026-02,Suffolk Constabulary,Suffolk Constabulary,0.620350,52.263246,On or near Newmarket Road,E01030134,West Suffolk 010D,Burglary,Under investigation,
b89f0bbb2a8d237a08d97bf472ce2f3dc8c53e436c353063b6698d63ece19e6e,2026-02,Suffolk Constabulary,Suffolk Constabulary,0.623658,52.262668,On or near Newmarket Road,E01030134,West Suffolk 010D,Criminal damage and arson,Investigation complete; no suspect identified,
ad9b0bf8d7d8e1c307f77f2d7177ebe015b252473a7516b55b57bbe835a0cd3a,2026-02,Suffolk Constabulary,Suffolk Constabulary,0.623658,52.262668,On or near Newmarket Road,E01030134,West Suffolk 010D,Vehicle crime,Investigation complete; no suspect identified,
f37abeb44a2e1c0f04c8bf4e2fd50dffe2c7b4f721fa0d20a8bb910c32d82b04,2026-02,Suffolk Constabulary,Suffolk Constabulary,0.717951,52.303331,On or near Glebe Close,E01030135,West Suffolk 010E,Violence and sexual offences,Unable to prosecute suspect,
3ca0b1616ee00b2fbc98400bb69eeb0675cecceca406f4c3476369563ec99697,2026-02,Suffolk Constabulary,Suffolk Constabulary,0.717951,52.303331,On or near Glebe Close,E01030135,West Suffolk 010E,Violence and sexual offences,Action to be taken by another organisation,
,2026-02,Suffolk Constabulary,Suffolk Constabulary,0.712078,52.246119,On or near Parking Area,E01030091,West Suffolk 011A,Anti-social behaviour,,
6f7aeb99bf332d619902315c00ee7bdcea281d3fb1398dd157678c98a4d6b3ad,2026-02,Suffolk Constabulary,Suffolk Constabulary,0.711833,52.239452,On or near Corsbie Close,E01030091,West Suffolk 011A,Criminal damage and arson,Unable to prosecute suspect,
1f1bf1620b2b04f24facf3d32512ba15bdfb4cbe1fc75c21e1bfa8a2d1d7196b,2026-02,Suffolk Constabulary,Suffolk Constabulary,0.712149,52.242709,On or near Guildhall Street,E01030091,West Suffolk 011A,Criminal damage and arson,Investigation complete; no suspect identified,
2acfad26173b741accf2da0b4260ccd7b552d6b6ef7b56ef16705e3a6c3e2cfb,2026-02,Suffolk Constabulary,Suffolk Constabulary,0.708350,52.241187,On or near Cornwallis Court,E01030091,West Suffolk 011A,Drugs,Awaiting court outcome,
b7a1b2420bc6bd13721673cd94eb03e1455123d9d046c923eac27bccd3500877,2026-02,Suffolk Constabulary,Suffolk Constabulary,0.710847,52.244906,On or near Nightclub,E01030091,West Suffolk 011A,Drugs,Awaiting court outcome,
80ab5fed2e2330174511af7d8015ed1a22761d2c23cce4a50b04dbe9911bfbde,2026-02,Suffolk Constabulary,Suffolk Constabulary,0.713807,52.245881,On or near High Baxter Street,E01030091,West Suffolk 011A,Other theft,Investigation complete; no suspect identified,
540230ec35029283880b53c74fd75ba3ef43d1f8accdb0b93ae6df18d9f827c2,2026-02,Suffolk Constabulary,Suffolk Constabulary,0.711024,52.244929,On or near Woolhall Street,E01030091,West Suffolk 011A,Other theft,Investigation complete; no suspect identified,
8156956c1070b41c8d1941e9c200a2bee96dea517dd62d43638bcbb36cbdd451,2026-02,Suffolk Constabulary,Suffolk Constabulary,0.718935,52.246123,On or near Mustow Street,E01030091,West Suffolk 011A,Other theft,Investigation complete; no suspect identified,
e6297b2cf7602c102a08930b5cc5b3bd9ac8e25c9d1b19993157d4390344c784,2026-02,Suffolk Constabulary,Suffolk Constabulary,0.715273,52.244211,On or near Angel Lane,E01030091,West Suffolk 011A,Other theft,Investigation complete; no suspect identified,
9fc742f1e2ff58c2ed1f425f11906c1f7ae1a89ef9754bbd1cc66db9548b87f9,2026-02,Suffolk Constabulary,Suffolk Constabulary,0.713807,52.245881,On or near High Baxter Street,E01030091,West Suffolk 011A,Public order,Unable to prosecute suspect,
49740605bd802c46985dc578c4fbe034cfd4f5361465c6c13291968cb319d454,2026-02,Suffolk Constabulary,Suffolk Constabulary,0.716152,52.244694,On or near Angel Hill,E01030091,West Suffolk 011A,Public order,Unable to prosecute suspect,
c22442eaaaaf2d9fe60b49612890c75ec1c668c691d7b7d0dcc405b3aa73703b,2026-02,Suffolk Constabulary,Suffolk Constabulary,0.713807,52.245881,On or near High Baxter Street,E01030091,West Suffolk 011A,Public order,Under investigation,
cc389823ab8fb2f959bb50c1bc0a7a2b5f5312a49cc553d868cef0860ffc22d8,2026-02,Suffolk Constabulary,Suffolk Constabulary,0.712078,52.246119,On or near Parking Area,E01030091,West Suffolk 011A,Public order,Awaiting court outcome,
99c188937d0ec9a6384a6fc7031b7f4c5013cba5cdc481c1141308dacf0083d0,2026-02,Suffolk Constabulary,Suffolk Constabulary,0.716152,52.244694,On or near Angel Hill,E01030091,West Suffolk 011A,Public order,Under investigation,
de4818e387327c5cec98766ec612109bd10cd3611ccf34eff45739cfc32d2d2e,2026-02,Suffolk Constabulary,Suffolk Constabulary,0.712707,52.246572,On or near Brentgovel Street,E01030091,West Suffolk 011A,Shoplifting,Investigation complete; no suspect identified,
0b43be8ab3216f42ec3dd45aad0a30330cab8aa8e052fb745e326319b9f12640,2026-02,Suffolk Constabulary,Suffolk Constabulary,0.710145,52.246613,On or near Merchants Place,E01030091,West Suffolk 011A,Shoplifting,Awaiting court outcome,
103c1399f6e1ce64098d1d53910d58f231fd7c36c7ce38f77d64eb6a4fa6451b,2026-02,Suffolk Constabulary,Suffolk Constabulary,0.707719,52.239969,On or near Out Westgate,E01030091,West Suffolk 011A,Shoplifting,Investigation complete; no suspect identified,
f524e6ccf652e145b62f353e42e18953d44a28ff4d30eb42773c45f2d45a53c5,2026-02,Suffolk Constabulary,Suffolk Constabulary,0.709976,52.245511,On or near Gosnold Street,E01030091,West Suffolk 011A,Shoplifting,Awaiting court outcome,
367d9a49efe5d6a3adcdc278de99812654cccc955fea8f04fb568f5b4f599ae6,2026-02,Suffolk Constabulary,Suffolk Constabulary,0.708794,52.243425,On or near Parking Area,E01030091,West Suffolk 011A,Shoplifting,Awaiting court outcome,
b88f0a5c5279576829f7a7ff031842db1314892030248f5e761793dbc29829e7,2026-02,Suffolk Constabulary,Suffolk Constabulary,0.708794,52.243425,On or near Parking Area,E01030091,West Suffolk 011A,Shoplifting,Awaiting court outcome,
9402bc90601aa5e81dff5bf7957f2a60e714eeac0c4eaba705615084d73925a0,2026-02,Suffolk Constabulary,Suffolk Constabulary,0.709976,52.245511,On or near Gosnold Street,E01030091,West Suffolk 011A,Shoplifting,Awaiting court outcome,
e42235a67b4a47612359ebf7e8c6103e5544654db04f0098a8ba12eb76eea2ab,2026-02,Suffolk Constabulary,Suffolk Constabulary,0.715783,52.246322,On or near Looms Lane,E01030091,West Suffolk 011A,Vehicle crime,Investigation complete; no suspect identified,
34f43349ed5be94fbf432a8a7418815241110716116ec9c638d7e087ac947848,2026-02,Suffolk Constabulary,Suffolk Constabulary,0.709438,52.239822,On or near Eyre Close,E01030091,West Suffolk 011A,Violence and sexual offences,Awaiting court outcome,
46498cf825abe2f8b6a2658e20c145fdba478b6dc63fbdaed81415ddc49cb08d,2026-02,Suffolk Constabulary,Suffolk Constabulary,0.709438,52.239822,On or near Eyre Close,E01030091,West Suffolk 011A,Violence and sexual offences,Awaiting court outcome,
922f916991fa35ce05d5cfd19c82ae564688404dfbcacf107c04f01ea7169459,2026-02,Suffolk Constabulary,Suffolk Constabulary,0.712707,52.246572,On or near Brentgovel Street,E01030091,West Suffolk 011A,Violence and sexual offences,Under investigation,
e8d1f63922bc4916312869ad4c8ba0bf726642ac44f23c2c064ff71973af7c64,2026-02,Suffolk Constabulary,Suffolk Constabulary,0.714712,52.242227,On or near College Street,E01030091,West Suffolk 011A,Violence and sexual offences,Unable to prosecute suspect,
d490aac0d5e70da1568639f78f8d14cfc9f9774a31e190100804e0aa27a531d0,2026-02,Suffolk Constabulary,Suffolk Constabulary,0.714818,52.245391,On or near Lower Baxter Street,E01030091,West Suffolk 011A,Violence and sexual offences,Unable to prosecute suspect,
3dca9417cb4141b619722754447346aaf9765b67ca13b9c1e23b3d020fe34190,2026-02,Suffolk Constabulary,Suffolk Constabulary,0.712707,52.246572,On or near Brentgovel Street,E01030091,West Suffolk 011A,Violence and sexual offences,Unable to prosecute suspect,
5883ca74a36748b924775d183c72f5d9d44b41ffdecd33c108b41e963e0298d8,2026-02,Suffolk Constabulary,Suffolk Constabulary,0.711024,52.244929,On or near Woolhall Street,E01030091,West Suffolk 011A,Violence and sexual offences,Unable to prosecute suspect,
7a9539753eadae16a79eb0790f4cd9707c1d210ae2904a91b839915d3b73bafc,2026-02,Suffolk Constabulary,Suffolk Constabulary,0.710145,52.246613,On or near Merchants Place,E01030091,West Suffolk 011A,Violence and sexual offences,Under investigation,
6a71a145d808790b89508b576a5e9e6e452c640d66b8c4d251947b7cd02181d6,2026-02,Suffolk Constabulary,Suffolk Constabulary,0.710145,52.246613,On or near Merchants Place,E01030091,West Suffolk 011A,Violence and sexual offences,Unable to prosecute suspect,
42a9e12628863060a71021abf931a1859f9d3b562fe785cdc8710dbace65b9c8,2026-02,Suffolk Constabulary,Suffolk Constabulary,0.711024,52.244929,On or near Woolhall Street,E01030091,West Suffolk 011A,Violence and sexual offences,Investigation complete; no suspect identified,
1c8e4d1630a80f3b2b83ea38d8a2dabc37a039629c6edf6a138c55e9e46a0a9c,2026-02,Suffolk Constabulary,Suffolk Constabulary,0.712078,52.246119,On or near Parking Area,E01030091,West Suffolk 011A,Violence and sexual offences,Local resolution,
f6745a6f50174f7ba86c2dbb4a99a2996412824c388411184566539dc8cfa083,2026-02,Suffolk Constabulary,Suffolk Constabulary,0.710145,52.246613,On or near Merchants Place,E01030091,West Suffolk 011A,Violence and sexual offences,Unable to prosecute suspect,
6428264ac512dfd957a9a2bcfc0d6228dc64e23f19a243fd2bc4071bcd6874de,2026-02,Suffolk Constabulary,Suffolk Constabulary,0.710847,52.244906,On or near Nightclub,E01030091,West Suffolk 011A,Violence and sexual offences,Awaiting court outcome,
0686e503535a8ab9ec242868ae07e02417ae1ea81d6b82157555d8a196710fc3,2026-02,Suffolk Constabulary,Suffolk Constabulary,0.711024,52.244929,On or near Woolhall Street,E01030091,West Suffolk 011A,Violence and sexual offences,Under investigation,
bf1a399285a952540dfbb03ebc649a25c0f9cab79e91c7bcb782e157d8da5dec,2026-02,Suffolk Constabulary,Suffolk Constabulary,0.714712,52.242227,On or near College Street,E01030091,West Suffolk 011A,Violence and sexual offences,Local resolution,
e4dabc2c4bb87eb65836c012ff6a18f769d765765455c14ed4e00f6d6161b3a2,2026-02,Suffolk Constabulary,Suffolk Constabulary,0.710145,52.246613,On or near Merchants Place,E01030091,West Suffolk 011A,Violence and sexual offences,Unable to prosecute suspect,
7757b5af1e298435c7974181a999614d7cf3e93374c97f15b97365d351bd17df,2026-02,Suffolk Constabulary,Suffolk Constabulary,0.711833,52.239452,On or near Corsbie Close,E01030091,West Suffolk 011A,Violence and sexual offences,Awaiting court outcome,
d6f3e2218ba58f2a0b83d06089a0180820ca2e91f7b2664cb0d3624774c897aa,2026-02,Suffolk Constabulary,Suffolk Constabulary,0.712707,52.246572,On or near Brentgovel Street,E01030091,West Suffolk 011A,Violence and sexual offences,Offender given a caution,
bebf98d1b4d4713f376877cd87e1f219a9fd34c033cf194747aa8b0d4c3bd617,2026-02,Suffolk Constabulary,Suffolk Constabulary,0.711024,52.244929,On or near Woolhall Street,E01030091,West Suffolk 011A,Violence and sexual offences,Local resolution,
691c02e115a151905f5402574961dc9f8341609c40bb3fe65e5a55493b0f8c4e,2026-02,Suffolk Constabulary,Suffolk Constabulary,0.714048,52.244779,On or near Abbeygate Street,E01030091,West Suffolk 011A,Violence and sexual offences,Investigation complete; no suspect identified,
6a9c559fa8aeab2f39ff573c4995df51e8c60b83b38a04bcdb3aee8aba162000,2026-02,Suffolk Constabulary,Suffolk Constabulary,0.712707,52.246572,On or near Brentgovel Street,E01030091,West Suffolk 011A,Violence and sexual offences,Under investigation,
e2e188768a1dce0229343ba2274fc84a450ffe46980ab9309a77ee38bbd7dcc9,2026-02,Suffolk Constabulary,Suffolk Constabulary,0.712149,52.242709,On or near Guildhall Street,E01030091,West Suffolk 011A,Violence and sexual offences,Awaiting court outcome,
f6698eaed1060822d1866a0d4b56f08037bb967910ca397e303a896a8747baa0,2026-02,Suffolk Constabulary,Suffolk Constabulary,0.710145,52.246613,On or near Merchants Place,E01030091,West Suffolk 011A,Violence and sexual offences,Awaiting court outcome,
5572fe08a67d5ef01879bc0148e793ab00da67396c42f62e9becea8c76143a9c,2026-02,Suffolk Constabulary,Suffolk Constabulary,0.710145,52.246613,On or near Merchants Place,E01030091,West Suffolk 011A,Violence and sexual offences,Unable to prosecute suspect,
03a1ab27712ddf8f821073b9af8fc335b95cf39b4a13aeceb97f90be6a50a553,2026-02,Suffolk Constabulary,Suffolk Constabulary,0.721008,52.241219,On or near Raingate Street,E01030093,West Suffolk 011B,Criminal damage and arson,Awaiting court outcome,
f0a54669f60195d46356e7dc4bc8d48b9fcafd1267a008ebf8f5efa319098594,2026-02,Suffolk Constabulary,Suffolk Constabulary,0.721912,52.236117,On or near Grindle Gardens,E01030093,West Suffolk 011B,Criminal damage and arson,Investigation complete; no suspect identified,
6ede39ebc0fe88ddde82ed44c3933cfee15f175bd3c1c48acc2ee6008f7c51c4,2026-02,Suffolk Constabulary,Suffolk Constabulary,0.721008,52.241219,On or near Raingate Street,E01030093,West Suffolk 011B,Drugs,Local resolution,
3e6c75c4e9a03ced08c35be2ea1d306d09592ab551768d4bc713e43803099233,2026-02,Suffolk Constabulary,Suffolk Constabulary,0.721008,52.241219,On or near Raingate Street,E01030093,West Suffolk 011B,Public order,Formal action is not in the public interest,
9582f263d30684f9b383f1a417aeec909d2f1879fdbef754522a4df96a4e367f,2026-02,Suffolk Constabulary,Suffolk Constabulary,0.721008,52.241219,On or near Raingate Street,E01030093,West Suffolk 011B,Public order,Local resolution,
0c4e4d7c84d7e18b764505912339995f0e0f6ba12273ac2dd619c9cdea4cb129,2026-02,Suffolk Constabulary,Suffolk Constabulary,0.720069,52.239029,On or near Regency Place,E01030093,West Suffolk 011B,Violence and sexual offences,Unable to prosecute suspect,
1e0e5d3780cc7978d4abeb1e66d106838fb7775cd479396e9eab571f2749c40e,2026-02,Suffolk Constabulary,Suffolk Constabulary,0.711834,52.255081,On or near Thingoe Hill,E01030137,West Suffolk 011C,Burglary,Investigation complete; no suspect identified,
b28eb09f685eacc65bb7def1f4bc7600d95453f12999afe57f07a311ae7a0211,2026-02,Suffolk Constabulary,Suffolk Constabulary,0.708231,52.255596,On or near Raynham Road,E01030137,West Suffolk 011C,Criminal damage and arson,Investigation complete; no suspect identified,
d2f962eea7c6eee0bc635bd2204dffb2411688c34c07d104586814ecd00b58aa,2026-02,Suffolk Constabulary,Suffolk Constabulary,0.703015,52.257289,On or near Klondyke,E01030137,West Suffolk 011C,Criminal damage and arson,Investigation complete; no suspect identified,
d338cdfb0144f2a2d749a95c859d9d2175503c038cfe5b958d588180379cdd42,2026-02,Suffolk Constabulary,Suffolk Constabulary,0.715298,52.254128,On or near Supermarket,E01030137,West Suffolk 011C,Drugs,Awaiting court outcome,
1cda38d793f9fbd44a69a1db746339a6d613e352db2d8365e14bd2024675a7ef,2026-02,Suffolk Constabulary,Suffolk Constabulary,0.712584,52.254408,On or near Malthouse Lane,E01030137,West Suffolk 011C,Public order,Under investigation,
465ea44c658f78046ed57adf82deec012937d3a83711363b1125681dcdd6c721,2026-02,Suffolk Constabulary,Suffolk Constabulary,0.711656,52.250724,On or near Tayfen Road,E01030137,West Suffolk 011C,Public order,Unable to prosecute suspect,
f634fa8e5ebeba958c15ebe5e822848c85cde69184dc8947125034fbecb2630e,2026-02,Suffolk Constabulary,Suffolk Constabulary,0.715298,52.254128,On or near Supermarket,E01030137,West Suffolk 011C,Shoplifting,Awaiting court outcome,
f4589fafc5c754eda7b7e21af9077bd11722ca881f8334e47c5c9c2d8c23908e,2026-02,Suffolk Constabulary,Suffolk Constabulary,0.703015,52.257289,On or near Klondyke,E01030137,West Suffolk 011C,Violence and sexual offences,Unable to prosecute suspect,
2e27b33f4bcad052f75726795c776f36d0968f3c22a0e7d3cd4ab5633e7ff64f,2026-02,Suffolk Constabulary,Suffolk Constabulary,0.713431,52.253390,On or near Parking Area,E01030137,West Suffolk 011C,Violence and sexual offences,Unable to prosecute suspect,
f2665777daa2afda7bd26bd3004bf4d181f1b082d63c156a2a3feda41e00d509,2026-02,Suffolk Constabulary,Suffolk Constabulary,0.712913,52.252835,On or near Harland Court,E01030137,West Suffolk 011C,Violence and sexual offences,Unable to prosecute suspect,
f01b7b2df1b22a590489b7bf0d2307533d2f302ba145a084e24b47a41ba0a880,2026-02,Suffolk Constabulary,Suffolk Constabulary,0.712978,52.250784,On or near Ipswich Street,E01030137,West Suffolk 011C,Violence and sexual offences,Under investigation,
da9e72460b132d11c67f3fc90ce80d581e461b791afc60a1d9710971cd21eb0e,2026-02,Suffolk Constabulary,Suffolk Constabulary,0.703015,52.257289,On or near Klondyke,E01030137,West Suffolk 011C,Other crime,Further investigation is not in the public interest,
8675cb4d890896845b9a863b26f80cf534893a56fa1ca9147f2c322854daa86c,2026-02,Suffolk Constabulary,Suffolk Constabulary,0.705215,52.248902,On or near Pudding Lane,E01033043,West Suffolk 011D,Bicycle theft,Unable to prosecute suspect,
6818226c0646ac57fbd2d3a62d38fb6fe7fa71ae95999241f603ef9d5d95ce32,2026-02,Suffolk Constabulary,Suffolk Constabulary,0.706771,52.251592,On or near Myrtle Close,E01033043,West Suffolk 011D,Criminal damage and arson,Investigation complete; no suspect identified,
9fa2ab2fad91b6724638ca467534c650dbaffb5fa7ae03ddf2d891ecf8fac127,2026-02,Suffolk Constabulary,Suffolk Constabulary,0.707601,52.251024,On or near Willow Way,E01033043,West Suffolk 011D,Criminal damage and arson,Investigation complete; no suspect identified,
e79a5c4856bcb137638e177c31d1bc2de86547894a7412792078d22249535cfb,2026-02,Suffolk Constabulary,Suffolk Constabulary,0.707636,52.249674,On or near Trinity Mews,E01033043,West Suffolk 011D,Other theft,Unable to prosecute suspect,
a9e74137da921626b0a414b6d8814b2b6c50f40970708681558b32ce84a6a580,2026-02,Suffolk Constabulary,Suffolk Constabulary,0.704893,52.250097,On or near Camberley Court,E01033043,West Suffolk 011D,Possession of weapons,Unable to prosecute suspect,
ef5762a9b9e150581d3ca1d7c6a37a826b6445a6bc7c314a325cad99c3020baf,2026-02,Suffolk Constabulary,Suffolk Constabulary,0.707636,52.249674,On or near Trinity Mews,E01033043,West Suffolk 011D,Violence and sexual offences,Unable to prosecute suspect,
5edc149bc0a213f5ae233b732f45753afdcf4e18289133e2a9aad83a93f000df,2026-02,Suffolk Constabulary,Suffolk Constabulary,0.707879,52.247627,On or near Shopping Area,E01033043,West Suffolk 011D,Violence and sexual offences,Awaiting court outcome,
b2a9871fce487b5d6dcba734c4372d3142b7f37e1f80c2f9a1581eb32c9efb54,2026-02,Suffolk Constabulary,Suffolk Constabulary,0.707636,52.249674,On or near Trinity Mews,E01033043,West Suffolk 011D,Violence and sexual offences,Unable to prosecute suspect,
ad1d24b4e5e2d0841a4f5f05b77d8b55bb129f673677e1bc98d665caffb1e7de,2026-02,Suffolk Constabulary,Suffolk Constabulary,0.705215,52.248902,On or near Pudding Lane,E01033043,West Suffolk 011D,Violence and sexual offences,Unable to prosecute suspect,
28e7eb019b0caf2bc4ca5d91eaf08a1f52531680aeebb4d2e055e2b4763657fe,2026-02,Suffolk Constabulary,Suffolk Constabulary,0.704302,52.249535,On or near Spring Lane,E01033043,West Suffolk 011D,Violence and sexual offences,Unable to prosecute suspect,
b376ed05a7d3d671ce5d0af40096010d4a06fe8f244b4e7bd3038dfc2a856dc1,2026-02,Suffolk Constabulary,Suffolk Constabulary,0.704302,52.249535,On or near Spring Lane,E01033043,West Suffolk 011D,Violence and sexual offences,Unable to prosecute suspect,
718ae96ec14f19e003da350703c79a0a906de92ad639e01516235ecb03acfdae,2026-02,Suffolk Constabulary,Suffolk Constabulary,0.702899,52.249360,On or near Grove Road,E01033043,West Suffolk 011D,Violence and sexual offences,Unable to prosecute suspect,
625eddd83faa54ec2478d9b29d71e4190e86415bc4fe797b6272bc51d0445cb1,2026-02,Suffolk Constabulary,Suffolk Constabulary,0.705242,52.249091,On or near Springfield Road,E01033043,West Suffolk 011D,Violence and sexual offences,Unable to prosecute suspect,
8a13456d464e8e3616d37f2a29b4714b480e602b649122afbb138339ac3e5727,2026-02,Suffolk Constabulary,Suffolk Constabulary,0.710969,52.247862,On or near Bus/Coach Station,E01033046,West Suffolk 011E,Bicycle theft,Investigation complete; no suspect identified,
c1aaf20c6f4a47d5d8280843a91b9bec0250cd578d14a997e7d3f769642e2add,2026-02,Suffolk Constabulary,Suffolk Constabulary,0.710611,52.249687,On or near Blomfield Street,E01033046,West Suffolk 011E,Criminal damage and arson,Investigation complete; no suspect identified,
feb7ea15f5a3f4891893fde9e73ea6ec3430e1bc3938f1da3c70376881adb6f9,2026-02,Suffolk Constabulary,Suffolk Constabulary,0.710611,52.249687,On or near Blomfield Street,E01033046,West Suffolk 011E,Drugs,Local resolution,
0d8e8f0d9f82f250047364f96fd1206a7a1b827a5222a18ad63d0181692be086,2026-02,Suffolk Constabulary,Suffolk Constabulary,0.711229,52.248764,On or near St Andrew'S Street North,E01033046,West Suffolk 011E,Drugs,Awaiting court outcome,
b741bcc7141dba19fe3d496e64267ecfea86cb13f38d27d76392cb357b8c94ec,2026-02,Suffolk Constabulary,Suffolk Constabulary,0.713400,52.251215,On or near Ipswich Court,E01033046,West Suffolk 011E,Drugs,Offender given a caution,
23cf78b35db1624be3e5a1e635261f031878190b3bf04dab4b7bbdb00d3af9cc,2026-02,Suffolk Constabulary,Suffolk Constabulary,0.712069,52.248610,On or near St John'S Street,E01033046,West Suffolk 011E,Drugs,Local resolution,
1b2dc6e9977532ff338cd77ede6762ae7d841487bff1f3d8e3c05bd7042cbb2a,2026-02,Suffolk Constabulary,Suffolk Constabulary,0.713400,52.251215,On or near Ipswich Court,E01033046,West Suffolk 011E,Drugs,Offender given a caution,
5a99b6ab8177218614303710cd4f365d0997f0d51da69f5badc9b553eb461fe7,2026-02,Suffolk Constabulary,Suffolk Constabulary,0.714071,52.250444,On or near Myrtle Mews,E01033046,West Suffolk 011E,Other theft,Investigation complete; no suspect identified,
b3c1880378db9908c9347abb35cb0bc44d766d909807ba969cf2501f23b41be0,2026-02,Suffolk Constabulary,Suffolk Constabulary,0.714902,52.250604,On or near Petch Close,E01033046,West Suffolk 011E,Other theft,Investigation complete; no suspect identified,
68f92bec5ae2916d89aa5794d5712803aa9085422dc98d0ed2030500128b2df5,2026-02,Suffolk Constabulary,Suffolk Constabulary,0.709944,52.247400,On or near Tavern Lane,E01033046,West Suffolk 011E,Possession of weapons,Unable to prosecute suspect,
a1f71d35513d08706dadfe31686f56857d40d88a0ce171790c13934956549577,2026-02,Suffolk Constabulary,Suffolk Constabulary,0.711229,52.248764,On or near St Andrew'S Street North,E01033046,West Suffolk 011E,Possession of weapons,Unable to prosecute suspect,
555c4b6f50ed05a4ca8a47ca227eebfc3dc1501bca34e3972ade98e54417aaab,2026-02,Suffolk Constabulary,Suffolk Constabulary,0.714071,52.250444,On or near Myrtle Mews,E01033046,West Suffolk 011E,Public order,Unable to prosecute suspect,
a97a61b969bfeb6130ea5c463b1c349ac27d9be424f16cf644eac89f96283279,2026-02,Suffolk Constabulary,Suffolk Constabulary,0.710969,52.247862,On or near Bus/Coach Station,E01033046,West Suffolk 011E,Public order,Awaiting court outcome,
9f2dbe51ce4c7f64c906d9e44a9c39b92985d5f26633d6393c67c75bf9205be0,2026-02,Suffolk Constabulary,Suffolk Constabulary,0.714104,52.251945,On or near Tayfen Terrace,E01033046,West Suffolk 011E,Robbery,Unable to prosecute suspect,
66d7de3e442d2fec5aefc9ce5d19dfb1c128c0b4ef029165b61e2857d75a1367,2026-02,Suffolk Constabulary,Suffolk Constabulary,0.714104,52.251945,On or near Tayfen Terrace,E01033046,West Suffolk 011E,Violence and sexual offences,Unable to prosecute suspect,
1f35211d2b6a9f007daccee7446090a3b695893ab3026478dfa16d4d2d8b3541,2026-02,Suffolk Constabulary,Suffolk Constabulary,0.714104,52.251945,On or near Tayfen Terrace,E01033046,West Suffolk 011E,Violence and sexual offences,Unable to prosecute suspect,
928ef3333835fc6dac443c21529711d77376ff5acf26e3b47554ff8955c27083,2026-02,Suffolk Constabulary,Suffolk Constabulary,0.710969,52.247862,On or near Bus/Coach Station,E01033046,West Suffolk 011E,Violence and sexual offences,Unable to prosecute suspect,
7b308616dc18e9de9069534bb06c6a9ccfd0a8fbb800b2d79f09f32312c2238a,2026-02,Suffolk Constabulary,Suffolk Constabulary,0.714240,52.250332,On or near St Martin'S Street,E01033046,West Suffolk 011E,Violence and sexual offences,Awaiting court outcome,
c047c4b486db4d506c719fe211ecd46764e74cd228baccafff828edebbe4fdce,2026-02,Suffolk Constabulary,Suffolk Constabulary,0.709122,52.247365,On or near Elseys Yard,E01033046,West Suffolk 011E,Violence and sexual offences,Awaiting court outcome,
36deb807a209de1dc1e9fea9c946307e31b74ca2e46c6b790bbbc89f976548bf,2026-02,Suffolk Constabulary,Suffolk Constabulary,0.710969,52.247862,On or near Bus/Coach Station,E01033046,West Suffolk 011E,Violence and sexual offences,Unable to prosecute suspect,
283d8f1c64a56415be2a007ef436b51b6028a43c9479b0dcb7e49130a13d9665,2026-02,Suffolk Constabulary,Suffolk Constabulary,0.710969,52.247862,On or near Bus/Coach Station,E01033046,West Suffolk 011E,Violence and sexual offences,Local resolution,
806348c1ece1d3b6abd8c157ee43af82d52bc8a3cf113e80c5ae7085570c5d8c,2026-02,Suffolk Constabulary,Suffolk Constabulary,0.709122,52.247365,On or near Elseys Yard,E01033046,West Suffolk 011E,Violence and sexual offences,Awaiting court outcome,
8e2c9e6d608f33d0190faaffa519593b1995b1d22157cc780e326cdfc4ecaffd,2026-02,Suffolk Constabulary,Suffolk Constabulary,0.714240,52.250332,On or near St Martin'S Street,E01033046,West Suffolk 011E,Violence and sexual offences,Unable to prosecute suspect,
99e21e2838f77f89afb2f794e0220f7f726d0b4fbdea912c0105a811341e4793,2026-02,Suffolk Constabulary,Suffolk Constabulary,0.710969,52.247862,On or near Bus/Coach Station,E01033046,West Suffolk 011E,Violence and sexual offences,Under investigation,
c70ce03a092ebded3455fa0cf5741bf6d31f2fb2b744147cf62688b2494e1661,2026-02,Suffolk Constabulary,Suffolk Constabulary,0.714240,52.250332,On or near St Martin'S Street,E01033046,West Suffolk 011E,Violence and sexual offences,Awaiting court outcome,
8222f6e221d00fc3d960c21dcbda6ed9ed313be995474e996211e38bb34691a6,2026-02,Suffolk Constabulary,Suffolk Constabulary,0.713400,52.251215,On or near Ipswich Court,E01033046,West Suffolk 011E,Violence and sexual offences,Unable to prosecute suspect,
2983fed5171c9c75405eee93c9f8ea32b8e50a3b21ef9348f539ff68d9feb86c,2026-02,Suffolk Constabulary,Suffolk Constabulary,0.709862,52.249174,On or near Bishops Road,E01033046,West Suffolk 011E,Other crime,Further investigation is not in the public interest,
e5d50553cc041a39794cde4c654073cd46ed77d1d1a1a73ddc4169e8c953e706,2026-02,Suffolk Constabulary,Suffolk Constabulary,0.713400,52.251215,On or near Ipswich Court,E01033046,West Suffolk 011E,Other crime,Unable to prosecute suspect,
85860fbeb41e4f55e9eddf8859008f5ec8ff1150848bdfa79039e581f2f9b184,2026-02,Suffolk Constabulary,Suffolk Constabulary,0.699029,52.248533,On or near Further/Higher Educational Building,E01033047,West Suffolk 011F,Possession of weapons,Under investigation,
60ceca2334caa3830e91e5e9ae039835766ff5dec15bc69369dfd45c0248626a,2026-02,Suffolk Constabulary,Suffolk Constabulary,0.699029,52.248533,On or near Further/Higher Educational Building,E01033047,West Suffolk 011F,Public order,Unable to prosecute suspect,
0ebaa1b8adcffe85ee1a690dc7222c176bb6e61b7c728533b37a4463b4f5b056,2026-02,Suffolk Constabulary,Suffolk Constabulary,0.699358,52.247751,On or near A1302,E01033047,West Suffolk 011F,Shoplifting,Awaiting court outcome,
10c29ae82b331d4dab7a3c395cc223fdc390537ed23c96db2f0e422900cc8a25,2026-02,Suffolk Constabulary,Suffolk Constabulary,0.699358,52.247751,On or near A1302,E01033047,West Suffolk 011F,Shoplifting,Awaiting court outcome,
9ae98cedb44fa86943c866d2e71ad2f91c03e8ee5086789c4ae8a0abea376b94,2026-02,Suffolk Constabulary,Suffolk Constabulary,0.697857,52.247398,On or near Prince Of Wales Close,E01033047,West Suffolk 011F,Violence and sexual offences,Unable to prosecute suspect,
578faa0869f6f898bd60a97180a841357bf17015abfc83e286f01df61e14d4fd,2026-02,Suffolk Constabulary,Suffolk Constabulary,0.697857,52.247398,On or near Prince Of Wales Close,E01033047,West Suffolk 011F,Violence and sexual offences,Unable to prosecute suspect,
7ced01e39938a4af9eae59a241e1f9eaa93f05b20b9bca3666da899dbf004692,2026-02,Suffolk Constabulary,Suffolk Constabulary,0.697857,52.247398,On or near Prince Of Wales Close,E01033047,West Suffolk 011F,Violence and sexual offences,Unable to prosecute suspect,
bc8b1cd145ecea23787519cd0a39d01b6b1b86a41fda3eb98181aa27b9c9228c,2026-02,Suffolk Constabulary,Suffolk Constabulary,0.699029,52.248533,On or near Further/Higher Educational Building,E01033047,West Suffolk 011F,Violence and sexual offences,Investigation complete; no suspect identified,
1eeb035338d4437da563568eb87fa47dd5b1dea06e27ba44a400b78179d16608,2026-02,Suffolk Constabulary,Suffolk Constabulary,0.699029,52.248533,On or near Further/Higher Educational Building,E01033047,West Suffolk 011F,Other crime,Under investigation,
adfba41f2deaf5007c1054552e148086a3dc08422f32a03e3a15408a49976932,2026-02,Suffolk Constabulary,Suffolk Constabulary,0.738365,52.249019,On or near Radnor Close,E01030127,West Suffolk 012A,Vehicle crime,Investigation complete; no suspect identified,
e51f3b18ae9f004450dedbf4d99b66eb0d9339ab33ec96715ccd7296a0e4871d,2026-02,Suffolk Constabulary,Suffolk Constabulary,0.740936,52.247233,On or near Downing Close,E01030127,West Suffolk 012A,Violence and sexual offences,Action to be taken by another organisation,
ae729a755e20401afaf703314b1f91b85c20c2686ab0483607cb7dd2b9302ee0,2026-02,Suffolk Constabulary,Suffolk Constabulary,0.740936,52.247233,On or near Downing Close,E01030127,West Suffolk 012A,Violence and sexual offences,Investigation complete; no suspect identified,
e1c598fc08a464b75fde787325a9c7a8c087343c8683e7f1567ee8fbc0a342e6,2026-02,Suffolk Constabulary,Suffolk Constabulary,0.740936,52.247233,On or near Downing Close,E01030127,West Suffolk 012A,Violence and sexual offences,Action to be taken by another organisation,
24f1f5da23010165968b33f57111fa7cfb537446ab6a64512c7031304feebbe4,2026-02,Suffolk Constabulary,Suffolk Constabulary,0.740936,52.247233,On or near Downing Close,E01030127,West Suffolk 012A,Violence and sexual offences,Action to be taken by another organisation,
8db3755ce918366a2fe5172532e1b0147234b282d720cb7be8252bd8150133cd,2026-02,Suffolk Constabulary,Suffolk Constabulary,0.740936,52.247233,On or near Downing Close,E01030127,West Suffolk 012A,Violence and sexual offences,Action to be taken by another organisation,
5ce0638b673e75aa66ff83b65a54f159848d190ce5e4c76d3742e727cbf58afc,2026-02,Suffolk Constabulary,Suffolk Constabulary,0.742235,52.251429,On or near Russet Close,E01030128,West Suffolk 012B,Violence and sexual offences,Action to be taken by another organisation,
a62015c1983f8ae70e792d4b158d028b4454adf053ce0a0ad7c11f62f1603477,2026-02,Suffolk Constabulary,Suffolk Constabulary,0.743314,52.249686,On or near Appledown Drive,E01030128,West Suffolk 012B,Violence and sexual offences,Unable to prosecute suspect,
12264196e2723def97d7f4cccc2f74a74f7f8724e1e696ceb59ff33bd0b59837,2026-02,Suffolk Constabulary,Suffolk Constabulary,0.737631,52.239224,On or near Supermarket,E01030129,West Suffolk 012C,Shoplifting,Local resolution,
45f19eba04cc81de02f6aeabffe766314f3ee833e9df11dd7533aac9d6485cf0,2026-02,Suffolk Constabulary,Suffolk Constabulary,0.737631,52.239224,On or near Supermarket,E01030129,West Suffolk 012C,Shoplifting,Investigation complete; no suspect identified,
130aee1843f6e25252d1fb0385124709fdaca1f642e2e9451aca313fdf765b36,2026-02,Suffolk Constabulary,Suffolk Constabulary,0.745108,52.238637,On or near Cratfield Road,E01030129,West Suffolk 012C,Shoplifting,Investigation complete; no suspect identified,
204891f7fc5e8956f4e2ebbd01f7f36150e24e51d7b073ee9c2452c014307902,2026-02,Suffolk Constabulary,Suffolk Constabulary,0.755655,52.248095,On or near Sycamore Drive,E01033044,West Suffolk 012D,Theft from the person,Investigation complete; no suspect identified,
13ed8dbb512273924c048f2017fcca6d094e9ae11d0a49c8f533ad0a2df33626,2026-02,Suffolk Constabulary,Suffolk Constabulary,0.756696,52.251173,On or near Blackbird Drive,E01033044,West Suffolk 012D,Vehicle crime,Investigation complete; no suspect identified,
c90cc52d3a1745429d0ce2ff50929dfc670c7479eea7dd072596d47b92911107,2026-02,Suffolk Constabulary,Suffolk Constabulary,0.756449,52.244362,On or near Primack Road,E01033045,West Suffolk 012E,Criminal damage and arson,Investigation complete; no suspect identified,
ba47d3610a0505555c46c2c616b946ee010c5543555e304e326b384cd36aa06b,2026-02,Suffolk Constabulary,Suffolk Constabulary,0.756866,52.244946,On or near Mortimer Road,E01033045,West Suffolk 012E,Criminal damage and arson,Investigation complete; no suspect identified,
7885b19cdeecbb5adf3e8cf8be915ec70214e46a13f1a61baeb2d90fe3d8c32c,2026-02,Suffolk Constabulary,Suffolk Constabulary,0.756866,52.244946,On or near Mortimer Road,E01033045,West Suffolk 012E,Violence and sexual offences,Unable to prosecute suspect,
3b911d5e0a92e03682c24cceb1700258119522e472c1b23ee039927a5c715fc9,2026-02,Suffolk Constabulary,Suffolk Constabulary,0.748395,52.240386,On or near Boldero Road,E01033050,West Suffolk 012F,Criminal damage and arson,Investigation complete; no suspect identified,
dee298db74edc252afd54e12c07468048ddb37320c86c69c510d35f1bda20046,2026-02,Suffolk Constabulary,Suffolk Constabulary,0.748395,52.240386,On or near Boldero Road,E01033050,West Suffolk 012F,Shoplifting,Investigation complete; no suspect identified,
9c8515e1032d41d12d38e54fe6265fca52b31dc9a33982ad28b1fae7f91ae8fe,2026-02,Suffolk Constabulary,Suffolk Constabulary,0.745823,52.244053,On or near Cranesbill Drive,E01033050,West Suffolk 012F,Vehicle crime,Investigation complete; no suspect identified,
66e6b5117315ebefc9d28b7fd63f69d8495d48d05df10dfa2986ab9c72e2d52f,2026-02,Suffolk Constabulary,Suffolk Constabulary,0.753486,52.243119,On or near Skyliner Way,E01033050,West Suffolk 012F,Vehicle crime,Investigation complete; no suspect identified,
483cedd71b1c32cbf7578dfb059c9cff371221abb326602762507a7344012064,2026-02,Suffolk Constabulary,Suffolk Constabulary,0.745938,52.245201,On or near Violet Close,E01033050,West Suffolk 012F,Violence and sexual offences,Unable to prosecute suspect,
247d773135d054d0f8bbd4f8927155317aa11520193249da7eba8df6f8f0d860,2026-02,Suffolk Constabulary,Suffolk Constabulary,0.747182,52.245181,On or near Bluebell Avenue,E01033050,West Suffolk 012F,Other crime,Under investigation,
ef9c576e8462a7c6d192a1f82dda12a71006a9ab26d0a4417defebca9ef8da1e,2026-02,Suffolk Constabulary,Suffolk Constabulary,0.709176,52.231662,On or near Hospital,E01030142,West Suffolk 013A,Criminal damage and arson,Unable to prosecute suspect,
1e02140afb1194356219b255cc3f34351eeacaf226dad64f9f29a8aa22fcd2c8,2026-02,Suffolk Constabulary,Suffolk Constabulary,0.707480,52.229066,On or near Macmillan Way,E01030142,West Suffolk 013A,Criminal damage and arson,Unable to prosecute suspect,
581e16fa6c87b1517452f19a989b3938fb07f883adb94cb1816c546fd561e181,2026-02,Suffolk Constabulary,Suffolk Constabulary,0.707480,52.229066,On or near Macmillan Way,E01030142,West Suffolk 013A,Other theft,Investigation complete; no suspect identified,
959f4105d8e1e81c25f15e8743f413cf963e72fe83b4674c39a59974250236e3,2026-02,Suffolk Constabulary,Suffolk Constabulary,0.707480,52.229066,On or near Macmillan Way,E01030142,West Suffolk 013A,Public order,Unable to prosecute suspect,
0fe44af9e97d9a102d4f890b8f5f0c439ca9eac53a428513df8701b2bdc0493f,2026-02,Suffolk Constabulary,Suffolk Constabulary,0.709176,52.231662,On or near Hospital,E01030142,West Suffolk 013A,Shoplifting,Local resolution,
efd6e1bd3b90eca527a5d1453410c2ba025fb79de5e819be18a5c2a4e3ab04dc,2026-02,Suffolk Constabulary,Suffolk Constabulary,0.721385,52.228701,On or near Mayfield Road,E01030142,West Suffolk 013A,Violence and sexual offences,Unable to prosecute suspect,
733a6915717f32a057b8304e3d13a38012a2239b5f3b1024055faa6343e0cfe7,2026-02,Suffolk Constabulary,Suffolk Constabulary,0.705009,52.238529,On or near Parking Area,E01030142,West Suffolk 013A,Violence and sexual offences,Unable to prosecute suspect,
8801ddcd50c781b3de720d6c07217500f3ff92c3b139916d84d96e8ef3b59726,2026-02,Suffolk Constabulary,Suffolk Constabulary,0.709176,52.231662,On or near Hospital,E01030142,West Suffolk 013A,Violence and sexual offences,Unable to prosecute suspect,
b25a2d0dcc96fe807625054ed486c715815a937184a8c5ef1d7281bd871a6b8a,2026-02,Suffolk Constabulary,Suffolk Constabulary,0.709176,52.231662,On or near Hospital,E01030142,West Suffolk 013A,Violence and sexual offences,Unable to prosecute suspect,
632e7580e0020a53fe60c815ca6b2b65ac7230edc33757c192a0271ecb37edaa,2026-02,Suffolk Constabulary,Suffolk Constabulary,0.707480,52.229066,On or near Macmillan Way,E01030142,West Suffolk 013A,Violence and sexual offences,Action to be taken by another organisation,
0663683d07e757b7b74b00f1eaa8fdb7705777338e9b5d15164667b94a4719d1,2026-02,Suffolk Constabulary,Suffolk Constabulary,0.709176,52.231662,On or near Hospital,E01030142,West Suffolk 013A,Violence and sexual offences,Unable to prosecute suspect,
c335def04bb3c651f9157e5e86bca6e53024649ad678b5334e3f88da2e8e9e70,2026-02,Suffolk Constabulary,Suffolk Constabulary,0.709176,52.231662,On or near Hospital,E01030142,West Suffolk 013A,Violence and sexual offences,Local resolution,
2967a0a0fbaf7ec58fdb28c2a9c93a11d4cafc6ec54b4a0c4f7f117500d5c39c,2026-02,Suffolk Constabulary,Suffolk Constabulary,0.707480,52.229066,On or near Macmillan Way,E01030142,West Suffolk 013A,Violence and sexual offences,Awaiting court outcome,
e3a2bf0218d0e7831a6928273ac877591f7ea3e451fc48a3bee458d796deb4b1,2026-02,Suffolk Constabulary,Suffolk Constabulary,0.707480,52.229066,On or near Macmillan Way,E01030142,West Suffolk 013A,Violence and sexual offences,Unable to prosecute suspect,
4cce24e8e87b5c9b4a366f0f7f090e320e477913fa70d6b488dad0bca366bd1f,2026-02,Suffolk Constabulary,Suffolk Constabulary,0.707480,52.229066,On or near Macmillan Way,E01030142,West Suffolk 013A,Violence and sexual offences,Action to be taken by another organisation,
e33148700e587af00243c167d860dc6091fdb921d3b566a31826bf0ad8890eca,2026-02,Suffolk Constabulary,Suffolk Constabulary,0.709176,52.231662,On or near Hospital,E01030142,West Suffolk 013A,Violence and sexual offences,Action to be taken by another organisation,
52882f154aeff860291558c20f583feecf45ffc991acc44d983920dc611a77e9,2026-02,Suffolk Constabulary,Suffolk Constabulary,0.705009,52.238529,On or near Parking Area,E01030142,West Suffolk 013A,Violence and sexual offences,Awaiting court outcome,
,2026-02,Suffolk Constabulary,Suffolk Constabulary,0.721037,52.232307,On or near Shopping Area,E01030143,West Suffolk 013B,Anti-social behaviour,,
,2026-02,Suffolk Constabulary,Suffolk Constabulary,0.723368,52.228080,On or near Redwing Road,E01030143,West Suffolk 013B,Anti-social behaviour,,
6149f2cf83fe752092fce774fe96527f7e0b18ee2bb7b7e57f42de7a9b82a79d,2026-02,Suffolk Constabulary,Suffolk Constabulary,0.721037,52.232307,On or near Shopping Area,E01030143,West Suffolk 013B,Public order,Unable to prosecute suspect,
934dedc8855e65d13280f9a9b67ab5de4fef20cdbe761d9cda290e10f9f56063,2026-02,Suffolk Constabulary,Suffolk Constabulary,0.722141,52.228846,On or near Raven Road,E01030143,West Suffolk 013B,Violence and sexual offences,Action to be taken by another organisation,
3774746a77bbd3856b429508da2a15c2dfdfadf9b6c9a400bef184a667dfc0f4,2026-02,Suffolk Constabulary,Suffolk Constabulary,0.721663,52.232292,On or near Parking Area,E01030143,West Suffolk 013B,Violence and sexual offences,Unable to prosecute suspect,
01333e3b70e48b18a510a6c9be3724efaa1faa6e004726e9b5c6381e73d88904,2026-02,Suffolk Constabulary,Suffolk Constabulary,0.730746,52.236615,On or near River Lane,E01030144,West Suffolk 013C,Criminal damage and arson,Awaiting court outcome,
cbe1f1d9f4943a57534437025a6797703f0bde38d499a554c6be0c23826606b6,2026-02,Suffolk Constabulary,Suffolk Constabulary,0.724933,52.228763,On or near Robin Road,E01030144,West Suffolk 013C,Other theft,Unable to prosecute suspect,
cfb55850c54ea1a57edb6b458f38d486d408e91a27f983f42aba0f1d05b4a796,2026-02,Suffolk Constabulary,Suffolk Constabulary,0.730746,52.236615,On or near River Lane,E01030144,West Suffolk 013C,Public order,Under investigation,
54713233f20ba8b84b887b658c43fc04a98c56acabf9784c9511a7b3f46bff30,2026-02,Suffolk Constabulary,Suffolk Constabulary,0.734195,52.234349,On or near Rushbrooke Lane,E01030144,West Suffolk 013C,Vehicle crime,Investigation complete; no suspect identified,
82ff3030101bd99c3a22499e0febced909107ca4fdf6aa718dea58e4069a001c,2026-02,Suffolk Constabulary,Suffolk Constabulary,0.730746,52.236615,On or near River Lane,E01030144,West Suffolk 013C,Violence and sexual offences,Awaiting court outcome,
8bc88e96fd4e245e06123739f9a95993cd262cf38a0552d089d8337a0f51dac0,2026-02,Suffolk Constabulary,Suffolk Constabulary,0.729669,52.229103,On or near The Curlews,E01030144,West Suffolk 013C,Violence and sexual offences,Unable to prosecute suspect,
6d8737cad1311546eabd19c510c2d6f37d781ab3b0920cfa12545381daf827e3,2026-02,Suffolk Constabulary,Suffolk Constabulary,0.730746,52.236615,On or near River Lane,E01030144,West Suffolk 013C,Violence and sexual offences,Awaiting court outcome,
f253da4283860eccf92e09f8888e8ac8a047b197611fef12a7d2c18bdb11b745,2026-02,Suffolk Constabulary,Suffolk Constabulary,0.730746,52.236615,On or near River Lane,E01030144,West Suffolk 013C,Violence and sexual offences,Awaiting court outcome,
97b85d67cec6ffe9197cb37d17f843c3f5709a6a1fb2d1e509f5bfee07ff20a3,2026-02,Suffolk Constabulary,Suffolk Constabulary,0.728488,52.233474,On or near Governors Mews,E01030144,West Suffolk 013C,Other crime,Unable to prosecute suspect,
08b459fefbf4cac14fea3e9acafc59a2c4a2d369d3c382b0904e855d0ad625a2,2026-02,Suffolk Constabulary,Suffolk Constabulary,0.698848,52.237897,On or near Longmeadow,E01030147,West Suffolk 013D,Burglary,Investigation complete; no suspect identified,
e931d6425530c2be9a60e145743a2c718134991a84aca8efaeb17ba1d538fb18,2026-02,Suffolk Constabulary,Suffolk Constabulary,0.700412,52.240020,On or near Chevington Close,E01030147,West Suffolk 013D,Criminal damage and arson,Unable to prosecute suspect,
115ecacb51f1e32dbb7b0bfa308772f28e11fe8dd5197456e5730e97790b56cf,2026-02,Suffolk Constabulary,Suffolk Constabulary,0.707095,52.235982,On or near Caulfield Close,E01030147,West Suffolk 013D,Criminal damage and arson,Investigation complete; no suspect identified,
f25dede459ce47d3c82594dc6f4ac52985e1fcd70a1fdd118f4064f88c38b597,2026-02,Suffolk Constabulary,Suffolk Constabulary,0.704214,52.239663,On or near Petticoat Lane,E01030147,West Suffolk 013D,Other theft,Under investigation,
8e6db44569540fce60e6a09fed8b13e855597f0016c8668ff39b405a402fa5ae,2026-02,Suffolk Constabulary,Suffolk Constabulary,0.705339,52.236247,On or near Vinery Road,E01030147,West Suffolk 013D,Violence and sexual offences,Unable to prosecute suspect,
b80c44343286b3d0b76d23f3ea1ad33d280b372bc293d7016847b4b5ea1222ce,2026-02,Suffolk Constabulary,Suffolk Constabulary,0.700412,52.240020,On or near Chevington Close,E01030147,West Suffolk 013D,Violence and sexual offences,Unable to prosecute suspect,
f8a2ac675f9754c88be828968d9cd222cf8b40e39877ce39d4aa8ee960a2099c,2026-02,Suffolk Constabulary,Suffolk Constabulary,0.700412,52.240020,On or near Chevington Close,E01030147,West Suffolk 013D,Violence and sexual offences,Unable to prosecute suspect,
665ff8846083935bedc43509cbbbccf42a5f13451e9b87aebfb7c02652404191,2026-02,Suffolk Constabulary,Suffolk Constabulary,0.704214,52.239663,On or near Petticoat Lane,E01030147,West Suffolk 013D,Violence and sexual offences,Awaiting court outcome,
c9ae94294346a468f93ca0eb547c8ebbf90f6d516247d73e484bb304a175d3ef,2026-02,Suffolk Constabulary,Suffolk Constabulary,0.705339,52.236247,On or near Vinery Road,E01030147,West Suffolk 013D,Violence and sexual offences,Unable to prosecute suspect,
,2026-02,Suffolk Constabulary,Suffolk Constabulary,0.722718,52.245928,On or near The Vinefields,E01033048,West Suffolk 013E,Anti-social behaviour,,
3f80715536d7a2f25ec11d4bc6bdafce3ecc2e10e17cef17d517ecee9796cc8b,2026-02,Suffolk Constabulary,Suffolk Constabulary,0.729592,52.253143,On or near Hollow Road,E01033048,West Suffolk 013E,Violence and sexual offences,Investigation complete; no suspect identified,
669c3e6d271e9f5bc323f99857927df1bf980a4a737fd8ae8bb782f3288b817d,2026-02,Suffolk Constabulary,Suffolk Constabulary,0.718963,52.248730,On or near Barwell Road,E01033048,West Suffolk 013E,Violence and sexual offences,Awaiting court outcome,
d7d5b84742c59b23d85e2fb160418d7105ebeccba9d945109fb81568e923be10,2026-02,Suffolk Constabulary,Suffolk Constabulary,0.726702,52.250449,On or near Eastern Way,E01033048,West Suffolk 013E,Violence and sexual offences,Unable to prosecute suspect,
7802384daa5fab82afc9c40bc559f557e08a698e7f4dee57783fdd3593a7237a,2026-02,Suffolk Constabulary,Suffolk Constabulary,0.718963,52.248730,On or near Barwell Road,E01033048,West Suffolk 013E,Other crime,Awaiting court outcome,
,2026-02,Suffolk Constabulary,Suffolk Constabulary,0.713412,52.249245,On or near Lathbury Court,E01033049,West Suffolk 013F,Anti-social behaviour,,
18c291fe0b2f6fbe9b3bb768a50d6cb69145be6e3cf344ebe0f3736c341e0309,2026-02,Suffolk Constabulary,Suffolk Constabulary,0.712568,52.247655,On or near Lawsons Yard,E01033049,West Suffolk 013F,Shoplifting,Investigation complete; no suspect identified,
84f2205cf6692590c4cb814581d881a328136fd38b82cc72fee1d0a1c7712d4c,2026-02,Suffolk Constabulary,Suffolk Constabulary,0.712568,52.247655,On or near Lawsons Yard,E01033049,West Suffolk 013F,Vehicle crime,Investigation complete; no suspect identified,
e7ee6e596a23bce1a90d6f6b811c7d257b45e59ce274b9fd2f1778c596f2e52f,2026-02,Suffolk Constabulary,Suffolk Constabulary,0.716177,52.249172,On or near Northgate Street,E01033049,West Suffolk 013F,Violence and sexual offences,Action to be taken by another organisation,
3ae1660164b7fb2226f34fff606274aaafa44f047c07e19c05c617dfc15fa804,2026-02,Suffolk Constabulary,Suffolk Constabulary,0.715573,52.248170,On or near Schoolhall Lane,E01033049,West Suffolk 013F,Violence and sexual offences,Unable to prosecute suspect,
3f99dfc5b4da738dde1869079e4b546d123421a1a640d08d2d54ddff05bcca5e,2026-02,Suffolk Constabulary,Suffolk Constabulary,0.714200,52.249676,On or near Cannon Street,E01033049,West Suffolk 013F,Violence and sexual offences,Investigation complete; no suspect identified,
1c02d05ad73c7e7a43c36c96f277af7eadf02bf05486c99108bdffb732ea5ce0,2026-02,Suffolk Constabulary,Suffolk Constabulary,0.705266,52.245394,On or near Chalk Road (South),E01030092,West Suffolk 014A,Burglary,Unable to prosecute suspect,
8df34e1f847a98ce02c75640401a370ecc42624a2a8929e18835950ea7ad0237,2026-02,Suffolk Constabulary,Suffolk Constabulary,0.706549,52.246255,On or near Parking Area,E01030092,West Suffolk 014A,Criminal damage and arson,Investigation complete; no suspect identified,
1424f7297a33a5d8377a0b57bc576a6d1e80777cb1f17f5c637545eef13f9f9c,2026-02,Suffolk Constabulary,Suffolk Constabulary,0.699965,52.241343,On or near Pinners Way,E01030092,West Suffolk 014A,Other theft,Action to be taken by another organisation,
69002f9b9852753a11bcf1e9bacfa0beb7d48290cd6266fb1292ed320c175066,2026-02,Suffolk Constabulary,Suffolk Constabulary,0.705266,52.245394,On or near Chalk Road (South),E01030092,West Suffolk 014A,Public order,Unable to prosecute suspect,
3370f34da382459706ec6f3fa76c680fa2e1b89aec3c742aa2767529a612c0e9,2026-02,Suffolk Constabulary,Suffolk Constabulary,0.704545,52.241247,On or near Euston Close,E01030092,West Suffolk 014A,Violence and sexual offences,Awaiting court outcome,
faa95682e887b7c992d406729a2d10dd448e8ca06cc0f52442f306d748cdbf95,2026-02,Suffolk Constabulary,Suffolk Constabulary,0.704545,52.241247,On or near Euston Close,E01030092,West Suffolk 014A,Violence and sexual offences,Awaiting court outcome,
a003ecea9bcecc2de78ed882fff38a4648bb4aa11190b68b12e08372f6ba24a3,2026-02,Suffolk Constabulary,Suffolk Constabulary,0.704545,52.241247,On or near Euston Close,E01030092,West Suffolk 014A,Violence and sexual offences,Awaiting court outcome,
49c01fbcb3b7509585dabcebf1e32e34a0a68c4131ebaf27801b2ed873cb5ece,2026-02,Suffolk Constabulary,Suffolk Constabulary,0.704545,52.241247,On or near Euston Close,E01030092,West Suffolk 014A,Violence and sexual offences,Unable to prosecute suspect,
,2026-02,Suffolk Constabulary,Suffolk Constabulary,0.690453,52.241021,On or near Beaumont Close,E01030123,West Suffolk 014B,Anti-social behaviour,,
9c20e7400ba66e14cf02d4399807d9cef8df2eebe86b4bf8cc8fa64833176384,2026-02,Suffolk Constabulary,Suffolk Constabulary,0.690453,52.241021,On or near Beaumont Close,E01030123,West Suffolk 014B,Criminal damage and arson,Investigation complete; no suspect identified,
3a37eddf9b7aff186c5009dab7eee46856cbfcef84cf4bd634d2045735eca2ac,2026-02,Suffolk Constabulary,Suffolk Constabulary,0.690453,52.241021,On or near Beaumont Close,E01030123,West Suffolk 014B,Public order,Investigation complete; no suspect identified,
2db1adbfc34338e742bc0d4fe7dc2773ec36ceaacc2112d4015d8e2412dc750f,2026-02,Suffolk Constabulary,Suffolk Constabulary,0.690453,52.241021,On or near Beaumont Close,E01030123,West Suffolk 014B,Violence and sexual offences,Unable to prosecute suspect,
1f497dedef9d9bba709176630f08afe7aff32c381e25cc56a9bfaae5672a6db5,2026-02,Suffolk Constabulary,Suffolk Constabulary,0.692714,52.241832,On or near Ashwell Road,E01030123,West Suffolk 014B,Violence and sexual offences,Investigation complete; no suspect identified,
d5294190d23260ea0fc7343b3deea269d926bcd05cee1e9d87e7fc1638aa5022,2026-02,Suffolk Constabulary,Suffolk Constabulary,0.695091,52.241167,On or near Boyne Road,E01030123,West Suffolk 014B,Violence and sexual offences,Under investigation,
8162df93fdc53bd48d272ee246c6d7d5be5fe5e91b63dd2e41fe488340f16b2e,2026-02,Suffolk Constabulary,Suffolk Constabulary,0.696427,52.242188,On or near Perry Barn Close,E01030123,West Suffolk 014B,Violence and sexual offences,Unable to prosecute suspect,
,2026-02,Suffolk Constabulary,Suffolk Constabulary,0.692024,52.251003,On or near Shopping Area,E01030124,West Suffolk 014C,Anti-social behaviour,,
01ec148796c2957b62122669e1cb1a47256eb1849ae7e1bf7eeeee88b760e2cc,2026-02,Suffolk Constabulary,Suffolk Constabulary,0.694466,52.247287,On or near Hepworth Avenue,E01030124,West Suffolk 014C,Drugs,Awaiting court outcome,
176b78a091629584cb4281d7389c24add94e1c4fb131ebd8f4d774acabfa9da5,2026-02,Suffolk Constabulary,Suffolk Constabulary,0.683879,52.252672,On or near Petrol Station,E01030124,West Suffolk 014C,Public order,Investigation complete; no suspect identified,
bfe398407603acb765927a896b45f5d468c10734452d58a681f8979d3d79c245,2026-02,Suffolk Constabulary,Suffolk Constabulary,0.692024,52.251003,On or near Shopping Area,E01030124,West Suffolk 014C,Shoplifting,Awaiting court outcome,
1e56ff20e1c4813664ac363b45d68609c474f70dafbb4c7709e2158b3fd19022,2026-02,Suffolk Constabulary,Suffolk Constabulary,0.692024,52.251003,On or near Shopping Area,E01030124,West Suffolk 014C,Shoplifting,Investigation complete; no suspect identified,
9f54d5e005c95ce47fa8232bdc45b8cf52276fc270cefc04156c71ebf2c233f8,2026-02,Suffolk Constabulary,Suffolk Constabulary,0.691212,52.240482,On or near Abbot Close,E01030124,West Suffolk 014C,Violence and sexual offences,Under investigation,
8ab49c2683435ea9ec208cfd9384bc61fe7c9bd2c847bd9715488dbc5cb80dac,2026-02,Suffolk Constabulary,Suffolk Constabulary,0.685347,52.251802,On or near Newmarket Road,E01030124,West Suffolk 014C,Violence and sexual offences,Unable to prosecute suspect,
07b2fe8374496ebeaa9f3ce2ba8b291aa199d74192dfc64317ae0a0834e572fe,2026-02,Suffolk Constabulary,Suffolk Constabulary,0.682440,52.250726,On or near Hooper Square,E01030125,West Suffolk 014D,Burglary,Investigation complete; no suspect identified,
a6201ff13c7539059060f8c9865a86dfe04557681ac92ea929cace93ba903181,2026-02,Suffolk Constabulary,Suffolk Constabulary,0.683221,52.240358,On or near Hasted Close,E01030148,West Suffolk 014E,Violence and sexual offences,Local resolution,
f9dae5f40c14f0d1f777ab2f0132accf790cfd7fefde0698e9850814603d9bde,2026-02,Suffolk Constabulary,Suffolk Constabulary,0.688272,52.236448,On or near Parking Area,E01030149,West Suffolk 014F,Violence and sexual offences,Action to be taken by another organisation,
fa5db5346c32ff03347d1f9a5485116c0191a7f31c2f2eb4ca181ef152b6224a,2026-02,Suffolk Constabulary,Suffolk Constabulary,0.693097,52.234602,On or near Lindisfarne Road,E01030149,West Suffolk 014F,Violence and sexual offences,Unable to prosecute suspect,
,2026-02,Suffolk Constabulary,Suffolk Constabulary,0.418672,52.241419,On or near Seymour Close,E01029925,West Suffolk 015A,Anti-social behaviour,,
6b88d064973058227321071690c45f43e31ae075ecc34e9731be543c544666a3,2026-02,Suffolk Constabulary,Suffolk Constabulary,0.406291,52.243525,On or near Sun Lane,E01029925,West Suffolk 015A,Bicycle theft,Investigation complete; no suspect identified,
c8adc88c24e605a73565d7458ef28b5a097cf84d3900b8e282b7d8aeaa84ee9d,2026-02,Suffolk Constabulary,Suffolk Constabulary,0.416192,52.242684,On or near Greenfields,E01029925,West Suffolk 015A,Burglary,Unable to prosecute suspect,
a06c397c452ed9474edaf0c196276ceeb8d380a35b96008393d41f5c57f2530e,2026-02,Suffolk Constabulary,Suffolk Constabulary,0.405263,52.241046,On or near The Avenue,E01029925,West Suffolk 015A,Burglary,Unable to prosecute suspect,
9205d85a23097d3930a793803fbefa98baffbd7ba3fab77d917836827e3bfe4b,2026-02,Suffolk Constabulary,Suffolk Constabulary,0.410506,52.246155,On or near Petrol Station,E01029925,West Suffolk 015A,Criminal damage and arson,Unable to prosecute suspect,
7cfefc57b3b7a940dc0340bfa9b8eb602995cb7e918938abdeb1d6abe8d6ae04,2026-02,Suffolk Constabulary,Suffolk Constabulary,0.405745,52.243455,On or near Kingston Passage,E01029925,West Suffolk 015A,Other theft,Investigation complete; no suspect identified,
f23d0c97824d978a71cb78b8afcfaf2242bd9d2ef38b3e58cb29a30a8223658e,2026-02,Suffolk Constabulary,Suffolk Constabulary,0.407587,52.244200,On or near Palace Street,E01029925,West Suffolk 015A,Shoplifting,Under investigation,
568c13998b12a04b17c358cf7ef5ea44275c2c410146713333cffb7b6c9958d8,2026-02,Suffolk Constabulary,Suffolk Constabulary,0.407587,52.244200,On or near Palace Street,E01029925,West Suffolk 015A,Shoplifting,Awaiting court outcome,
29822ac5a61042833988f72efea145c2179bd65dcf3cc1ce5a5e0998ee786f42,2026-02,Suffolk Constabulary,Suffolk Constabulary,0.407587,52.244200,On or near Palace Street,E01029925,West Suffolk 015A,Shoplifting,Under investigation,
f776431a648611b58e9e8887b47b2b752c850fb7cb237778dc795e781e072e47,2026-02,Suffolk Constabulary,Suffolk Constabulary,0.407587,52.244200,On or near Palace Street,E01029925,West Suffolk 015A,Shoplifting,Under investigation,
a80f169c3e05ab1d74e7e933d13ff3e07ee7c802c16e0307ab1a12d845a40b7e,2026-02,Suffolk Constabulary,Suffolk Constabulary,0.408072,52.242868,On or near Bunbury Terrace,E01029925,West Suffolk 015A,Violence and sexual offences,Unable to prosecute suspect,
74cdcc84aaea275bca5879b8d042f57b5dc39fd1a601aef9808ae431e491cb28,2026-02,Suffolk Constabulary,Suffolk Constabulary,0.405745,52.243455,On or near Kingston Passage,E01029925,West Suffolk 015A,Violence and sexual offences,Unable to prosecute suspect,
1a6f6f76ef846433e76563679a362f14bddfca16eab34e8e71411fef32b915b8,2026-02,Suffolk Constabulary,Suffolk Constabulary,0.410506,52.246155,On or near Petrol Station,E01029925,West Suffolk 015A,Violence and sexual offences,Offender given a caution,
5cfd5455413536e728d6da1180d097420541ea0039d13de0953ef6140955c120,2026-02,Suffolk Constabulary,Suffolk Constabulary,0.408192,52.241301,On or near Dick Perryman Court,E01029925,West Suffolk 015A,Violence and sexual offences,Awaiting court outcome,
d8c712fe81d06fb51a0a7923f9913fbc8a388c975257213044fde84a7c40a074,2026-02,Suffolk Constabulary,Suffolk Constabulary,0.410506,52.246155,On or near Petrol Station,E01029925,West Suffolk 015A,Violence and sexual offences,Unable to prosecute suspect,
a31a6b37e38f2a547f215ee19b4ca7d5a44bc5b1672a1060f6c7844c384b73b4,2026-02,Suffolk Constabulary,Suffolk Constabulary,0.403816,52.242739,On or near Sports/Recreation Area,E01029925,West Suffolk 015A,Violence and sexual offences,Offender given a caution,
5d0a7a66d69b5e0e75104e87cb00689ecd199b582a5fbbc2d873ad0ba81f295c,2026-02,Suffolk Constabulary,Suffolk Constabulary,0.410506,52.246155,On or near Petrol Station,E01029925,West Suffolk 015A,Violence and sexual offences,Investigation complete; no suspect identified,
733a4d6a14bba13b0e9b5ed8376064ca72f215a6bca58c2d9f1b62d72e61c5d8,2026-02,Suffolk Constabulary,Suffolk Constabulary,0.418672,52.241419,On or near Seymour Close,E01029925,West Suffolk 015A,Violence and sexual offences,Under investigation,
bcfbf0e626f67aeea0003b3dcb0e6c281da4b40ef533e41781aefaecb126ad2a,2026-02,Suffolk Constabulary,Suffolk Constabulary,0.420669,52.240974,On or near Stanley Road,E01029925,West Suffolk 015A,Violence and sexual offences,Further action is not in the public interest,
e357684c02c135b55aea9d61eacb23d6d4b2b5960f3880551a4c8368dd353fe5,2026-02,Suffolk Constabulary,Suffolk Constabulary,0.388052,52.246243,On or near Princess Way,E01029949,West Suffolk 015B,Burglary,Investigation complete; no suspect identified,
2f8c3da638ccef3b0df4cc23b57616284b476863c5c546f5eb4be051739ed86d,2026-02,Suffolk Constabulary,Suffolk Constabulary,0.402895,52.244125,On or near Parking Area,E01029949,West Suffolk 015B,Burglary,Investigation complete; no suspect identified,
3405bf08ec28a8cd519c78405cd5118d1dccf81456009eb490d9f6400c29389c,2026-02,Suffolk Constabulary,Suffolk Constabulary,0.389699,52.244168,On or near Manderston Road,E01029949,West Suffolk 015B,Criminal damage and arson,Unable to prosecute suspect,
45d6babd6a82b0a0234b37dcc7bfaa13f30980510251c0c0f9eafb26b2a46ae4,2026-02,Suffolk Constabulary,Suffolk Constabulary,0.402895,52.244125,On or near Parking Area,E01029949,West Suffolk 015B,Drugs,Local resolution,
25616aa4312dc28dc686e2999df4077fcc02dbd26426ddac209b85011b002569,2026-02,Suffolk Constabulary,Suffolk Constabulary,0.389699,52.244168,On or near Manderston Road,E01029949,West Suffolk 015B,Violence and sexual offences,Under investigation,
81ae8b7649501ec266fe5da1f3cb9eaa1125fc009e956a1b488d0faee765452f,2026-02,Suffolk Constabulary,Suffolk Constabulary,0.396478,52.243833,On or near Rowley Drive,E01029949,West Suffolk 015B,Violence and sexual offences,Under investigation,
4ef7e14cb8b0ea5eeba54a929c04a1b84d01684f5b63c3fd6cec34e1b6847069,2026-02,Suffolk Constabulary,Suffolk Constabulary,0.388052,52.246243,On or near Princess Way,E01029949,West Suffolk 015B,Violence and sexual offences,Under investigation,
cf562e723c1ec144d82381820a02a1b08cb6de529163b425854f81dcbe5a863f,2026-02,Suffolk Constabulary,Suffolk Constabulary,0.395953,52.246269,On or near Sports/Recreation Area,E01029950,West Suffolk 015C,Criminal damage and arson,Investigation complete; no suspect identified,
c4225ca33126e87f4630026843299a00060cc1651d057f43aa33050e852e3c58,2026-02,Suffolk Constabulary,Suffolk Constabulary,0.402359,52.246132,On or near Mill Hill,E01029950,West Suffolk 015C,Drugs,Awaiting court outcome,
c5a35d9c548159ca320803e997535a8d0b8552d76a8d4b8ad1073e5323887475,2026-02,Suffolk Constabulary,Suffolk Constabulary,0.397508,52.250448,On or near North Drive,E01029950,West Suffolk 015C,Other theft,Investigation complete; no suspect identified,
7d7fd47b01cb77593d6482444ec41576eca8e49760ee07515ddd081e46957046,2026-02,Suffolk Constabulary,Suffolk Constabulary,0.399117,52.249849,On or near B1103,E01029950,West Suffolk 015C,Shoplifting,Investigation complete; no suspect identified,
43e43a1bec6c033c1167d1b3ba06122671d79acb7229297086b6e4ef62684b84,2026-02,Suffolk Constabulary,Suffolk Constabulary,0.402359,52.246132,On or near Mill Hill,E01029950,West Suffolk 015C,Vehicle crime,Investigation complete; no suspect identified,
1881876cd8a0a6d2a3c44db051c7f36f0b04b4bb3273171f5007c632a383a826,2026-02,Suffolk Constabulary,Suffolk Constabulary,0.401980,52.243190,On or near Grosvenor Yard,E01029950,West Suffolk 015C,Violence and sexual offences,Unable to prosecute suspect,
1a2eff30b689a021a9981a1628f84fde858e805cd6b5f95a6c47467760ae1442,2026-02,Suffolk Constabulary,Suffolk Constabulary,0.401668,52.246083,On or near Icewell Hill,E01029950,West Suffolk 015C,Violence and sexual offences,Unable to prosecute suspect,
2be8c5d5c708b1c8e21bf8446cdcccb6b558ca4ffec91f05290e94094c907d38,2026-02,Suffolk Constabulary,Suffolk Constabulary,0.390478,52.249952,On or near Suffolk Way,E01029951,West Suffolk 015D,Burglary,Investigation complete; no suspect identified,
a1db7b76058e20db9b4e347330b49e3bfac46a386c79aaea989bd948d7619b93,2026-02,Suffolk Constabulary,Suffolk Constabulary,0.385780,52.246756,On or near Philipps Close,E01029951,West Suffolk 015D,Burglary,Under investigation,
aaf218b7f65a8d37fd595ad51506ebc8f02425190e714e3e8cafd9ee4e297a41,2026-02,Suffolk Constabulary,Suffolk Constabulary,0.383957,52.247728,On or near Hamilton Road,E01029951,West Suffolk 015D,Other theft,Investigation complete; no suspect identified,
2f232e16baf7da88276bb61eb7bba516142bb5711b0dd4953299186f5c59b8f9,2026-02,Suffolk Constabulary,Suffolk Constabulary,0.387941,52.248268,On or near Drinkwater Close,E01029951,West Suffolk 015D,Violence and sexual offences,Local resolution,
60a8803bf12c72d0660c84b7dfc36a922fa2c93a8f717c5be5c7502967d749ff,2026-02,Suffolk Constabulary,Suffolk Constabulary,0.393650,52.249537,On or near Melrose Gardens,E01029952,West Suffolk 015E,Other theft,Investigation complete; no suspect identified,
6dddc6f57f6989319b2457b2c9ab436d6e0390f40ec57730959b66e27f27a1c8,2026-02,Suffolk Constabulary,Suffolk Constabulary,0.390693,52.254219,On or near Supermarket,E01029952,West Suffolk 015E,Shoplifting,Investigation complete; no suspect identified,
059317138ec1d18aede277dea264d201bc9e85a87fa27decdb04755beda5e8fe,2026-02,Suffolk Constabulary,Suffolk Constabulary,0.395848,52.250356,On or near St Fabians Close,E01029952,West Suffolk 015E,Violence and sexual offences,Under investigation,
df481f038ba8d32423b7b87d89e56994ba3e7a11ea51d4f93fd705a3c3e6c9c6,2026-02,Suffolk Constabulary,Suffolk Constabulary,0.395118,52.250955,On or near St Philips Road,E01029952,West Suffolk 015E,Violence and sexual offences,Unable to prosecute suspect,
1acbfc56d489de04d5cf4ff83c739fd682fc28dbba40aeb194d4273caabb904d,2026-02,Suffolk Constabulary,Suffolk Constabulary,0.391173,52.254974,On or near Exning Road,E01029952,West Suffolk 015E,Violence and sexual offences,Unable to prosecute suspect,
8f791231bfd1a7721c9301fc163727159c4615d767ecce92115360cf90dc7d4a,2026-02,Suffolk Constabulary,Suffolk Constabulary,0.387537,52.253024,On or near Churchill Avenue,E01029952,West Suffolk 015E,Violence and sexual offences,Under investigation,
8e824fcb843e75997b078e45b2eb4b140222379f4e742ff25b8e18fc6330ac28,2026-02,Suffolk Constabulary,Suffolk Constabulary,0.412514,52.240781,On or near Willow Crescent,E01032612,West Suffolk 015F,Criminal damage and arson,Action to be taken by another organisation,
,2026-02,Suffolk Constabulary,Suffolk Constabulary,0.775221,52.268851,On or near Cox Lane,E01030104,West Suffolk 016A,Anti-social behaviour,,
,2026-02,Suffolk Constabulary,Suffolk Constabulary,0.775221,52.268851,On or near Cox Lane,E01030104,West Suffolk 016A,Anti-social behaviour,,
,2026-02,Suffolk Constabulary,Suffolk Constabulary,0.775221,52.268851,On or near Cox Lane,E01030104,West Suffolk 016A,Anti-social behaviour,,
ff73a2a26a56b251ec4f4a0aa6847a8a11243bb1411b42181e530ec2e5046994,2026-02,Suffolk Constabulary,Suffolk Constabulary,0.762437,52.268809,On or near Bunbury Avenue,E01030104,West Suffolk 016A,Criminal damage and arson,Unable to prosecute suspect,
4af3d7114aeda062f421eadd97239099a90b69a44cb3bede7f4097982cf9cb95,2026-02,Suffolk Constabulary,Suffolk Constabulary,0.774649,52.267200,On or near East Barton Road,E01030104,West Suffolk 016A,Other theft,Investigation complete; no suspect identified,
b56c084812abf72e7425751d32a72c4fc35c083f8dc653650da8e7d6a8a44cd3,2026-02,Suffolk Constabulary,Suffolk Constabulary,0.787659,52.272236,On or near Icepits Close,E01030104,West Suffolk 016A,Other theft,Unable to prosecute suspect,
462d498c59ba91d0fef1a4d61217f217f51d648e734224628a00e00a7cda8535,2026-02,Suffolk Constabulary,Suffolk Constabulary,0.787659,52.272236,On or near Icepits Close,E01030104,West Suffolk 016A,Other theft,Unable to prosecute suspect,
43a735c590865110a063690064e3471a283df0b8cf5b6fb40727c3b342b4c632,2026-02,Suffolk Constabulary,Suffolk Constabulary,0.775221,52.268851,On or near Cox Lane,E01030104,West Suffolk 016A,Other crime,Further investigation is not in the public interest,
b3b3950a341eabe2c7807b09d6f889f2cb8f4a827b4ac743ab847b19a02b5a8d,2026-02,Suffolk Constabulary,Suffolk Constabulary,0.740778,52.173593,On or near Donkey Lane,E01030138,West Suffolk 016B,Burglary,Investigation complete; no suspect identified,
457113d6abb4a724856d2003cfafa3887151494ecad3ec0b9239c365207c7ffe,2026-02,Suffolk Constabulary,Suffolk Constabulary,0.749337,52.181695,On or near Bury Road,E01030138,West Suffolk 016B,Other theft,Unable to prosecute suspect,
66debfea70a99689bda0fe4d87be75930d3537ca14eca9d70480c36c36641ba9,2026-02,Suffolk Constabulary,Suffolk Constabulary,0.777418,52.239986,On or near General Castle Way,E01030138,West Suffolk 016B,Other theft,Investigation complete; no suspect identified,
7020cc252f071a06a1d1974a3a9c8db24e689d756d2d3afd96d05f76692b83bc,2026-02,Suffolk Constabulary,Suffolk Constabulary,0.803694,52.219696,On or near Kingshall Street,E01030138,West Suffolk 016B,Violence and sexual offences,Unable to prosecute suspect,
c69391083f47126c04fb2878ba535dc3ce025501feadb5321073d27e6da546fd,2026-02,Suffolk Constabulary,Suffolk Constabulary,0.758851,52.173019,On or near Chapel Road,E01030138,West Suffolk 016B,Violence and sexual offences,Local resolution,
a0abcb43ab8cfe4c54a2aa16769f4fc2ed2de7fcf5272ce743598ceb41f27866,2026-02,Suffolk Constabulary,Suffolk Constabulary,0.783824,52.231867,On or near Drury Close,E01030138,West Suffolk 016B,Violence and sexual offences,Under investigation,
20fdd7a27146e05bb2a866ca8720b464ab46b5507ea828c22ccd7e3e9daa1cf7,2026-02,Suffolk Constabulary,Suffolk Constabulary,0.783824,52.231867,On or near Drury Close,E01030138,West Suffolk 016B,Violence and sexual offences,Under investigation,
a77f32a5443a6953f9ea10c68490fdc2db318a9decfbe84cd93e14d987ae57a0,2026-02,Suffolk Constabulary,Suffolk Constabulary,0.782520,52.232086,On or near Kedington Close,E01030138,West Suffolk 016B,Violence and sexual offences,Investigation complete; no suspect identified,
9930f0cd7b84b2aec69676aa2a8e3ac3007fb18dedba2bb98e094b46b677407b,2026-02,Suffolk Constabulary,Suffolk Constabulary,0.762430,52.249133,On or near Saltsman Road,E01030138,West Suffolk 016B,Violence and sexual offences,Unable to prosecute suspect,
b6733cbdd41d7717056148445b6ad4a5fb273676623719a36b0a3dc93be86908,2026-02,Suffolk Constabulary,Suffolk Constabulary,0.783824,52.231867,On or near Drury Close,E01030138,West Suffolk 016B,Violence and sexual offences,Unable to prosecute suspect,
d7afbdfd5b043d7f95c2759170d35e51ef165a12cb40534cddd31b21127a3104,2026-02,Suffolk Constabulary,Suffolk Constabulary,0.762430,52.249133,On or near Saltsman Road,E01030138,West Suffolk 016B,Violence and sexual offences,Unable to prosecute suspect,
45602171d983319ff24b2eeeb417e05bb1629b160c1f201ecb6edd5d1e128cc7,2026-02,Suffolk Constabulary,Suffolk Constabulary,0.777418,52.239986,On or near General Castle Way,E01030138,West Suffolk 016B,Violence and sexual offences,Awaiting court outcome,
148da93f18486bb815d69d866c7003f2dcddcb3ed7aaf5742740e7255051786a,2026-02,Suffolk Constabulary,Suffolk Constabulary,0.792728,52.222052,On or near Almshouse Road,E01030138,West Suffolk 016B,Other crime,Further investigation is not in the public interest,
112f366ee174d40de9ff3276d06b7106e62ec82d4722bc6a6d35924c5ed477f7,2026-02,Suffolk Constabulary,Suffolk Constabulary,0.712197,52.269183,On or near Church Close,E01034572,West Suffolk 016C,Burglary,Investigation complete; no suspect identified,
0efe1b320870db066fbc7506ce2e01d2f5314c0ef98aacf74b5fc13d6e685c62,2026-02,Suffolk Constabulary,Suffolk Constabulary,0.705693,52.276005,On or near Park Avenue,E01034572,West Suffolk 016C,Drugs,Awaiting court outcome,
437cacca896f159e3355ef230a395fa1710bd384c9befc3dec8d3ca49591c084,2026-02,Suffolk Constabulary,Suffolk Constabulary,0.707530,52.274866,On or near Troon Court,E01034572,West Suffolk 016C,Violence and sexual offences,Unable to prosecute suspect,
9aabae5569be00ab3515e3674a70a45ca52a47bee71224b3d65e5e9c92745703,2026-02,Suffolk Constabulary,Suffolk Constabulary,0.713834,52.271510,On or near Fornham House Close,E01034572,West Suffolk 016C,Violence and sexual offences,Action to be taken by another organisation,
0a854924d4f00abff04ebbe3a48bac54e5f5094b6401afabeeb31dd71686749a,2026-02,Suffolk Constabulary,Suffolk Constabulary,0.731601,52.268897,On or near Bury Drift,E01034572,West Suffolk 016C,Violence and sexual offences,Unable to prosecute suspect,
077112f4ec0b375faa3d011f0ddb6db57430b55f66603fa6a69eeec5aba6337e,2026-02,Suffolk Constabulary,Suffolk Constabulary,0.713834,52.271510,On or near Fornham House Close,E01034572,West Suffolk 016C,Violence and sexual offences,Investigation complete; no suspect identified,
b5e454251a9768d51d82977565195dc602514d2fde36392851fcdf589938143b,2026-02,Suffolk Constabulary,Suffolk Constabulary,0.711725,52.269625,On or near Old Hall Lane,E01034572,West Suffolk 016C,Violence and sexual offences,Investigation complete; no suspect identified,
c588513042fa1feb2dbce3120826626eb348416b6e74adbc8d3f7eb1326c5741,2026-02,Suffolk Constabulary,Suffolk Constabulary,0.707530,52.274866,On or near Troon Court,E01034572,West Suffolk 016C,Violence and sexual offences,Unable to prosecute suspect,
9f95a011eef64ceaa6c56e0c52f6b319ba544739e21fb1eaca68e342bc087db1,2026-02,Suffolk Constabulary,Suffolk Constabulary,0.705693,52.276005,On or near Park Avenue,E01034572,West Suffolk 016C,Violence and sexual offences,Action to be taken by another organisation,
3a6c72f7e2d1cda1cd466d5feb36aad6e361815a232fb2c82baa830b94601be7,2026-02,Suffolk Constabulary,Suffolk Constabulary,0.694725,52.267991,On or near Sandlands Drive,E01034573,West Suffolk 016D,Criminal damage and arson,Unable to prosecute suspect,
777ecc359e641d82edaecefc68ea502d068e457b8f9a550007126e8a6af5bbbb,2026-02,Suffolk Constabulary,Suffolk Constabulary,0.702994,52.268524,On or near Shopping Area,E01034573,West Suffolk 016D,Vehicle crime,Investigation complete; no suspect identified,
632a4fe98594df4670e8e54df5d70a5ea572fd9f43666b51346c97173ad8864a,2026-02,Suffolk Constabulary,Suffolk Constabulary,0.687637,52.271004,On or near Tut Hill,E01034573,West Suffolk 016D,Violence and sexual offences,Under investigation,
674c09d631a779853cd5211c0293efeff0dc2d4891015dfab3a8f0d028eb101f,2026-02,Suffolk Constabulary,Suffolk Constabulary,0.685743,52.265372,On or near Yarn Walk,E01034573,West Suffolk 016D,Violence and sexual offences,Unable to prosecute suspect,
8815d62cbd7c0136f2eac0b66a54d04a175fa3bf3b090af5a1e28f296a0741bc,2026-02,Suffolk Constabulary,Suffolk Constabulary,0.687637,52.271004,On or near Tut Hill,E01034573,West Suffolk 016D,Violence and sexual offences,Unable to prosecute suspect,
a222b74c29124ec00e364979888df29c914960a13e801cfbd5a70f310bbd6492,2026-02,Suffolk Constabulary,Suffolk Constabulary,0.569610,52.146819,On or near Water Lane,E01030099,West Suffolk 017A,Burglary,Investigation complete; no suspect identified,
a6563ff2cb3e31944e711ba67f944593487c012edec4e2a0df76bcc04a68f310,2026-02,Suffolk Constabulary,Suffolk Constabulary,0.636218,52.087344,On or near High Street,E01030099,West Suffolk 017A,Criminal damage and arson,Unable to prosecute suspect,
94cdedd594846dafe13f1c9df577577477265a65b31c77a09d79addaf75a6df5,2026-02,Suffolk Constabulary,Suffolk Constabulary,0.632414,52.089677,On or near Peacocks Road,E01030099,West Suffolk 017A,Public order,Awaiting court outcome,
eb43150f32e64aa6daa469d2062b27e3297efdabd1d3d7489668d6a7cd59f4a7,2026-02,Suffolk Constabulary,Suffolk Constabulary,0.636218,52.087344,On or near High Street,E01030099,West Suffolk 017A,Violence and sexual offences,Under investigation,
acd426d0df2fe6a60b983c0c6c783d278bc2bcbb66bf48604e532cdc75a3108f,2026-02,Suffolk Constabulary,Suffolk Constabulary,0.636218,52.087344,On or near High Street,E01030099,West Suffolk 017A,Violence and sexual offences,Unable to prosecute suspect,
26d68dd160d005378b13b4e2e78c42d13e0340301bbafc095ec628fb8c5bfd25,2026-02,Suffolk Constabulary,Suffolk Constabulary,0.559674,52.093870,On or near Clare Road,E01030101,West Suffolk 017B,Burglary,Under investigation,
e36da4b293814db46ed38693b957815a301bcbd2082e924bbe33bea130d0d3e8,2026-02,Suffolk Constabulary,Suffolk Constabulary,0.573174,52.073747,On or near Westfield,E01030101,West Suffolk 017B,Criminal damage and arson,Investigation complete; no suspect identified,
f4da832496d501d7658e06116ce84d88fc2e204aea84bb6fdaab1de87a1fc644,2026-02,Suffolk Constabulary,Suffolk Constabulary,0.572435,52.072819,On or near Lutus Close,E01030101,West Suffolk 017B,Other theft,Unable to prosecute suspect,
6403a0aad49b6785cd3d8680c6caeb35c05abbef6a4c5414d660174f45a011cf,2026-02,Suffolk Constabulary,Suffolk Constabulary,0.574741,52.073830,On or near The Granary,E01030101,West Suffolk 017B,Possession of weapons,Unable to prosecute suspect,
5a9868369fd1eef554a098f763f5118c40cb576e08d6d894b2ade58dcb66407b,2026-02,Suffolk Constabulary,Suffolk Constabulary,0.588589,52.077852,On or near Highfield,E01030101,West Suffolk 017B,Violence and sexual offences,Unable to prosecute suspect,
9c5c3a503f217e836fbf0becf96a76423025bbb2b5414e1f768304d1b66d746e,2026-02,Suffolk Constabulary,Suffolk Constabulary,0.573174,52.073747,On or near Westfield,E01030101,West Suffolk 017B,Violence and sexual offences,Awaiting court outcome,
12c08020d80a60fb9fa106e6ed72bbd6d9b8384c0c1296e327f7f8d952adf5d5,2026-02,Suffolk Constabulary,Suffolk Constabulary,0.581344,52.080771,On or near Callis Street,E01030101,West Suffolk 017B,Other crime,Awaiting court outcome,
d434179b32717b8c59000c5c8277f65767a634abbd54c9fc346d571f99ea238f,2026-02,Suffolk Constabulary,Suffolk Constabulary,0.530786,52.181866,On or near B1063,E01030150,West Suffolk 017C,Burglary,Investigation complete; no suspect identified,
8596c9ef1c86a0aa0d7d589754cb9f0093eea9a07927ed6e192a13d85859bf00,2026-02,Suffolk Constabulary,Suffolk Constabulary,0.530786,52.181866,On or near B1063,E01030150,West Suffolk 017C,Burglary,Investigation complete; no suspect identified,
c166984c1119f0065adf48db3f5c07b2b1b5440b747979e202bf4317d1e64e7b,2026-02,Suffolk Constabulary,Suffolk Constabulary,0.548747,52.169519,On or near Browns Close,E01030150,West Suffolk 017C,Public order,Local resolution,
58ac3f251752ee45aac3f862fd2ef88cdcd1cba718c61bee951ad1d25e3377c7,2026-02,Suffolk Constabulary,Suffolk Constabulary,0.576328,52.162409,On or near Clopton Park,E01030150,West Suffolk 017C,Vehicle crime,Unable to prosecute suspect,
fc41e01cd06cc3be49e8ef64eb6456d9b0c3b0970d265f7c642c93cf831a432c,2026-02,Suffolk Constabulary,Suffolk Constabulary,0.576328,52.162409,On or near Clopton Park,E01030150,West Suffolk 017C,Violence and sexual offences,Action to be taken by another organisation,
7f86361939a061ebca41ae19e6bd3785af247683a8015a9782915fb0c126bb97,2026-02,Suffolk Constabulary,Suffolk Constabulary,0.485516,52.094324,On or near Mill Road,E01030122,West Suffolk 018A,Violence and sexual offences,Action to be taken by another organisation,
de0e6f7750579eee39c3928949f3491cf723c095608d133008a5a76f6b288054,2026-02,Suffolk Constabulary,Suffolk Constabulary,0.405186,52.104085,On or near Horseheath Road,E01030151,West Suffolk 018B,Criminal damage and arson,Investigation complete; no suspect identified,
db1692b6426498c1a33d8fe5a7703886790936178d8721ba7223e16e4a988eca,2026-02,Suffolk Constabulary,Suffolk Constabulary,0.451455,52.106324,On or near Moor Pasture Way,E01030151,West Suffolk 018B,Criminal damage and arson,Investigation complete; no suspect identified,
54c751a29fcadfd6b1de6f3bfddde6986c163819d1540a0517da27521cebefb5,2026-02,Suffolk Constabulary,Suffolk Constabulary,0.453932,52.095058,On or near Haverhill Road,E01030151,West Suffolk 018B,Violence and sexual offences,Unable to prosecute suspect,
6118524d1ace889dba051c1d42d726c4d3b94d9c75f1775c9c343e9f634cda66,2026-02,Suffolk Constabulary,Suffolk Constabulary,0.450636,52.124416,On or near Wratting Road,E01030151,West Suffolk 018B,Violence and sexual offences,Unable to prosecute suspect,
3e02f455778a1ac9b8b06ee376cfe261925c71a9ab6aeb40f22e0db63d32e513,2026-02,Suffolk Constabulary,Suffolk Constabulary,0.446489,52.094044,On or near Shipp Close,E01030151,West Suffolk 018B,Violence and sexual offences,Under investigation,
6f90f2b416f160300157a46f5f3affc9c30ff5fbaf9fe253f524e0c5036f9f93,2026-02,Suffolk Constabulary,Suffolk Constabulary,0.404396,52.091035,On or near Darwin Walk,E01030151,West Suffolk 018B,Violence and sexual offences,Action to be taken by another organisation,
d12bbf106e8951fb3b3fea1fd530f8a305a20e1569ef9e4ca50dae7b89e178f1,2026-02,Suffolk Constabulary,Suffolk Constabulary,0.448799,52.093825,On or near Farrant Road,E01030151,West Suffolk 018B,Violence and sexual offences,Action to be taken by another organisation,
ecbf8afa8f3e10e138c9b8ebf1c7191b9806316f19bb19615e5cf54ecddab88a,2026-02,Suffolk Constabulary,Suffolk Constabulary,0.517124,52.139408,On or near Chestnut Road,E01034574,West Suffolk 018C,Other theft,Unable to prosecute suspect,
ea58066205a3fc187073b67cf47fc18d73db35d64a435f196560a078742a133e,2026-02,Suffolk Constabulary,Suffolk Constabulary,0.517124,52.139408,On or near Chestnut Road,E01034574,West Suffolk 018C,Violence and sexual offences,Under investigation,
bb162f95d09fd5a4da5c50925e4926a744e0a85e11d1f890338f3526b1fb93ff,2026-02,Suffolk Constabulary,Suffolk Constabulary,0.517124,52.139408,On or near Chestnut Road,E01034574,West Suffolk 018C,Violence and sexual offences,Unable to prosecute suspect,
fb48cf2679f5ac60ec4a1821641abddfead8713cc2ba6435d2801a85215404a6,2026-02,Suffolk Constabulary,Suffolk Constabulary,0.517148,52.140091,On or near Hawthorn Way,E01034574,West Suffolk 018C,Violence and sexual offences,Unable to prosecute suspect,
84c94999f37aa8c012b47a65b89ba8ee51e39e382fdee1d2c0e127443a7f5948,2026-02,Suffolk Constabulary,Suffolk Constabulary,0.517124,52.139408,On or near Chestnut Road,E01034574,West Suffolk 018C,Violence and sexual offences,Under investigation,
f9fee87176869565b962e59c933ad47a894ea1a7bb4c3f4955646e6af801ea9e,2026-02,Suffolk Constabulary,Suffolk Constabulary,0.517124,52.139408,On or near Chestnut Road,E01034574,West Suffolk 018C,Other crime,Investigation complete; no suspect identified,
e49e1b3eb57cbf453b1e84f6794a9b2b5c5265b947bea9f193eb03cead50b8d6,2026-02,Suffolk Constabulary,Suffolk Constabulary,0.517124,52.139408,On or near Chestnut Road,E01034574,West Suffolk 018C,Other crime,Unable to prosecute suspect,
dab6bfefc0be77539b2d568d74db83d2dffa61596ec1653fc6dd1b486c53c15d,2026-02,Suffolk Constabulary,Suffolk Constabulary,0.517124,52.139408,On or near Chestnut Road,E01034574,West Suffolk 018C,Other crime,Investigation complete; no suspect identified,
2e1bb95d8f0d5bf495d6d2c61509b3894840263ae1d9b46c03954ebf340f0d98,2026-02,Suffolk Constabulary,Suffolk Constabulary,0.517124,52.139408,On or near Chestnut Road,E01034574,West Suffolk 018C,Other crime,Investigation complete; no suspect identified,
5d191914fb003db3508d29ea18eaa73b9f8f41eaa36f629ed098dd577ef6869a,2026-02,Suffolk Constabulary,Suffolk Constabulary,0.534021,52.110863,On or near Church Street,E01034575,West Suffolk 018D,Violence and sexual offences,Under investigation,
,2026-02,Suffolk Constabulary,Suffolk Constabulary,0.421626,52.082454,On or near School Lane,E01030109,West Suffolk 019A,Anti-social behaviour,,
,2026-02,Suffolk Constabulary,Suffolk Constabulary,0.421845,52.084886,On or near Princess Way,E01030109,West Suffolk 019A,Anti-social behaviour,,
,2026-02,Suffolk Constabulary,Suffolk Constabulary,0.427901,52.083242,On or near Fern Grove,E01030109,West Suffolk 019A,Anti-social behaviour,,
7e552b746647b9289017c67fd116bc186aec1cb7159c215b536af3146d4a8ae8,2026-02,Suffolk Constabulary,Suffolk Constabulary,0.422583,52.084502,On or near Dunster Drive,E01030109,West Suffolk 019A,Criminal damage and arson,Investigation complete; no suspect identified,
14deb718aa8df5513f008638993a5fc2315a7014c59fd97ad614e8621890d751,2026-02,Suffolk Constabulary,Suffolk Constabulary,0.422583,52.084502,On or near Dunster Drive,E01030109,West Suffolk 019A,Criminal damage and arson,Investigation complete; no suspect identified,
fff8df89fbf246bf78a13ce5992370105881b7724a67cc6afac03ad8ab40d952,2026-02,Suffolk Constabulary,Suffolk Constabulary,0.426775,52.082132,On or near Hazel Close,E01030109,West Suffolk 019A,Other theft,Unable to prosecute suspect,
68bf9de3ba981fe4dae2a02df8b35bbad60046d489d59d6c4bc311ec3da3f068,2026-02,Suffolk Constabulary,Suffolk Constabulary,0.427901,52.083242,On or near Fern Grove,E01030109,West Suffolk 019A,Public order,Unable to prosecute suspect,
5cc4206527afa41ae552efd2fde0aa57ce8f130d9e3926c614dae556233c9584,2026-02,Suffolk Constabulary,Suffolk Constabulary,0.430248,52.082123,On or near Overchurch Close,E01030109,West Suffolk 019A,Public order,Investigation complete; no suspect identified,
c467f2094270eeca92d74b0e502bf756918bbf43b4633805ce7d7e1eedf884f7,2026-02,Suffolk Constabulary,Suffolk Constabulary,0.422583,52.084502,On or near Dunster Drive,E01030109,West Suffolk 019A,Public order,Unable to prosecute suspect,
69a68a5f42e36a8cb27aee436a81316041386c630740299e89b20622553af855,2026-02,Suffolk Constabulary,Suffolk Constabulary,0.422583,52.084502,On or near Dunster Drive,E01030109,West Suffolk 019A,Public order,Unable to prosecute suspect,
1540d3f6a66436c678d0e02748ec657511763f81a5d8b2fb18c851a72a779e15,2026-02,Suffolk Constabulary,Suffolk Constabulary,0.426514,52.084583,On or near Allington Walk,E01030109,West Suffolk 019A,Violence and sexual offences,Action to be taken by another organisation,
455a446ddc01a29a2c627400b7b99efb00adf4582c2ab4d78494ef24f54e2608,2026-02,Suffolk Constabulary,Suffolk Constabulary,0.427901,52.083242,On or near Fern Grove,E01030109,West Suffolk 019A,Violence and sexual offences,Unable to prosecute suspect,
f1af27ae853d2d58ae775a73272c119dea81d24f0b0e7703e430925bae0f4e67,2026-02,Suffolk Constabulary,Suffolk Constabulary,0.423449,52.082713,On or near The Causeway,E01030109,West Suffolk 019A,Violence and sexual offences,Unable to prosecute suspect,
82777d5f5eaa6f0f83b5a3575a928e2c6eb4766e5ba990889592793e4a70f48e,2026-02,Suffolk Constabulary,Suffolk Constabulary,0.430248,52.082123,On or near Overchurch Close,E01030109,West Suffolk 019A,Violence and sexual offences,Action to be taken by another organisation,
cfa209e5ab8dd1545c5cedf0e15a57032ad81376ed9e6c0a80b817a1296aec92,2026-02,Suffolk Constabulary,Suffolk Constabulary,0.431555,52.086817,On or near Chestnut Close,E01030110,West Suffolk 019B,Criminal damage and arson,Unable to prosecute suspect,
78bcc47b5da7100bfcae7ae6fccfa84ce0f10040ab156ff92d485b2311b11bb6,2026-02,Suffolk Constabulary,Suffolk Constabulary,0.435424,52.084696,On or near Parking Area,E01030110,West Suffolk 019B,Criminal damage and arson,Investigation complete; no suspect identified,
cd78db5e3435fa06e66f17310aed34f1efd54db46b09be28843160aceb955a97,2026-02,Suffolk Constabulary,Suffolk Constabulary,0.422849,52.094254,On or near Bellings Road,E01030110,West Suffolk 019B,Other theft,Unable to prosecute suspect,
1b20209a92d9bc6bd86d2a7cda35ab098adbcebb197588339b9d5019b76eb108,2026-02,Suffolk Constabulary,Suffolk Constabulary,0.422849,52.094254,On or near Bellings Road,E01030110,West Suffolk 019B,Other theft,Unable to prosecute suspect,
03cb91c3c1afdca612c888deb8e0807d248299894c3c86cb06aaff9239387ead,2026-02,Suffolk Constabulary,Suffolk Constabulary,0.429097,52.085645,On or near Broadcroft Crescent,E01030110,West Suffolk 019B,Possession of weapons,Under investigation,
8bf9d9513c19b3e7e1352fbb0389e5ed21d81a0125885337891db66d9cf8da04,2026-02,Suffolk Constabulary,Suffolk Constabulary,0.431722,52.092857,On or near Forest Glade,E01030110,West Suffolk 019B,Public order,Investigation complete; no suspect identified,
fe614bbfb297fac2f81accc703494dc7cbdd9765412700ac74da6274cafa5a1d,2026-02,Suffolk Constabulary,Suffolk Constabulary,0.431722,52.092857,On or near Forest Glade,E01030110,West Suffolk 019B,Public order,Investigation complete; no suspect identified,
24416b866e0f01592cf75d50d49bbd683111b090b64d6160f38519200009bb52,2026-02,Suffolk Constabulary,Suffolk Constabulary,0.430441,52.094268,On or near Billings Close,E01030110,West Suffolk 019B,Violence and sexual offences,Local resolution,
47928107fdd3cb9c0b608e65d6a10839b07c6274d1f06b725875c1c9e99d06c5,2026-02,Suffolk Constabulary,Suffolk Constabulary,0.435424,52.084696,On or near Parking Area,E01030110,West Suffolk 019B,Violence and sexual offences,Unable to prosecute suspect,
8753009fa93af382b9877b71abc17b872290bc5f95d97cc521faa35f639e1fb8,2026-02,Suffolk Constabulary,Suffolk Constabulary,0.435424,52.084696,On or near Parking Area,E01030110,West Suffolk 019B,Violence and sexual offences,Unable to prosecute suspect,
005c185a001d648ae789fa1e9146a173565483f8697d96b2c80ce27a7b1be064,2026-02,Suffolk Constabulary,Suffolk Constabulary,0.429681,52.088070,On or near Ash Grove,E01030110,West Suffolk 019B,Violence and sexual offences,Unable to prosecute suspect,
0dbd8c29ba3ea9987e7991c04c3bb7043e68a6f6d5d789c678a4d3bb81f929c6,2026-02,Suffolk Constabulary,Suffolk Constabulary,0.429097,52.085645,On or near Broadcroft Crescent,E01030110,West Suffolk 019B,Violence and sexual offences,Action to be taken by another organisation,
a93a72a59118cb4a8c68723f33fd0eeacc27c789e5c2bc060eac84fcc2951031,2026-02,Suffolk Constabulary,Suffolk Constabulary,0.429097,52.085645,On or near Broadcroft Crescent,E01030110,West Suffolk 019B,Violence and sexual offences,Unable to prosecute suspect,
d0c7b915f203ceb34beb5915533318bdbabb8c8239ba2fb9ffd9fd5e96c4d9d8,2026-02,Suffolk Constabulary,Suffolk Constabulary,0.429097,52.085645,On or near Broadcroft Crescent,E01030110,West Suffolk 019B,Violence and sexual offences,Investigation complete; no suspect identified,
55765271248d813c093dc8e6ae9426d44420fd8887da67b15c5b6855a115dca1,2026-02,Suffolk Constabulary,Suffolk Constabulary,0.439123,52.093100,On or near Copellis Close,E01030111,West Suffolk 019C,Criminal damage and arson,Further action is not in the public interest,
324b62bec0143b03066570e04f3f301f5d7fe5ede0486338e8eb9405baad0060,2026-02,Suffolk Constabulary,Suffolk Constabulary,0.435358,52.088304,On or near Chaplains Close,E01030111,West Suffolk 019C,Public order,Local resolution,
b71b319e51dce933834b6afd2f82b2f379837f9a8af61ff66dcd96baf42a44d6,2026-02,Suffolk Constabulary,Suffolk Constabulary,0.439123,52.093100,On or near Copellis Close,E01030111,West Suffolk 019C,Violence and sexual offences,Further action is not in the public interest,
f6c7763fbe19e2583977aa27c6bbd95516d7f80ebf5f334794f5cc25dea1b267,2026-02,Suffolk Constabulary,Suffolk Constabulary,0.439123,52.093100,On or near Copellis Close,E01030111,West Suffolk 019C,Violence and sexual offences,Further action is not in the public interest,
f50a157924720368fd075b1978cecb4705e512000b5806ac09ee55228efa423b,2026-02,Suffolk Constabulary,Suffolk Constabulary,0.439123,52.093100,On or near Copellis Close,E01030111,West Suffolk 019C,Other crime,Under investigation,
,2026-02,Suffolk Constabulary,Suffolk Constabulary,0.445032,52.093022,On or near Claydon Court,E01030112,West Suffolk 019D,Anti-social behaviour,,
efa54e37fdca1dcc49feb582a4f401fa0d1b210912952108a39c89d8b32361aa,2026-02,Suffolk Constabulary,Suffolk Constabulary,0.439256,52.088583,On or near The Glebe,E01030112,West Suffolk 019D,Burglary,Investigation complete; no suspect identified,
98fb985ef4d3df4073ec9f4c90111c37cb496d2025d210429998f71cef1604a3,2026-02,Suffolk Constabulary,Suffolk Constabulary,0.438120,52.090234,On or near Trinity Link,E01030112,West Suffolk 019D,Criminal damage and arson,Investigation complete; no suspect identified,
e51290fa31e70b83e190fb4ec751999af4371b8a8d3fc7c47d43b863161e3e2c,2026-02,Suffolk Constabulary,Suffolk Constabulary,0.435581,52.085970,On or near Broad Street,E01030112,West Suffolk 019D,Shoplifting,Formal action is not in the public interest,
5f735c509dc32cff6e5ee159fa0397c0bb6b4a40c6aedfd9b655509b32d99834,2026-02,Suffolk Constabulary,Suffolk Constabulary,0.436426,52.083785,On or near Lower Downs Slade,E01030112,West Suffolk 019D,Violence and sexual offences,Unable to prosecute suspect,
69294ff48588009e61bad162dd1d23dddc800cedc40c06756e2b18b535c12ade,2026-02,Suffolk Constabulary,Suffolk Constabulary,0.438427,52.083555,On or near Murton Slade,E01030112,West Suffolk 019D,Violence and sexual offences,Unable to prosecute suspect,
a81a0afe533f39da9b1cc00dfbbfb750408ea8b989e3aef1055f2747e8108587,2026-02,Suffolk Constabulary,Suffolk Constabulary,0.436426,52.083785,On or near Lower Downs Slade,E01030112,West Suffolk 019D,Violence and sexual offences,Unable to prosecute suspect,
020897b40d3fcc77f5f37d8411a8929dc2294e76a2ec11860f38c70e5bb98699,2026-02,Suffolk Constabulary,Suffolk Constabulary,0.445032,52.093022,On or near Claydon Court,E01030112,West Suffolk 019D,Violence and sexual offences,Under investigation,
5c839bace43cf3b920da03b0146d5a27c991174cd18b7e4d0bf8c5c1deca578e,2026-02,Suffolk Constabulary,Suffolk Constabulary,0.441957,52.080829,On or near Eden Road,E01030105,West Suffolk 020A,Drugs,Unable to prosecute suspect,
4332b61ee638b5e30358fc4a9bfa85793d2825be55293b52cbaf00cb24170215,2026-02,Suffolk Constabulary,Suffolk Constabulary,0.443965,52.080194,On or near Meeting Walk,E01030105,West Suffolk 020A,Public order,Local resolution,
aa6559b16c3587f8e4a79fb166bdd8ba1cacdde702907f69a1334f87cf919a05,2026-02,Suffolk Constabulary,Suffolk Constabulary,0.442559,52.081167,On or near Waveney Terrace,E01030105,West Suffolk 020A,Shoplifting,Investigation complete; no suspect identified,
1c4116f7b8c7a5cd88e3f7c0c13683f2ff7ff37a0e846f79a72a0e7da6de971e,2026-02,Suffolk Constabulary,Suffolk Constabulary,0.441957,52.080829,On or near Eden Road,E01030105,West Suffolk 020A,Shoplifting,Investigation complete; no suspect identified,
408096548f329704d183ff3d2e4a48b1e4411f5930be2d28b579a7a460ec18d7,2026-02,Suffolk Constabulary,Suffolk Constabulary,0.442559,52.081167,On or near Waveney Terrace,E01030105,West Suffolk 020A,Shoplifting,Investigation complete; no suspect identified,
972eaea1b28ff34fc1b301137849aeb29d86c49ed87bc4c2fc1cf6f383f44a8e,2026-02,Suffolk Constabulary,Suffolk Constabulary,0.441957,52.080829,On or near Eden Road,E01030105,West Suffolk 020A,Violence and sexual offences,Unable to prosecute suspect,
12b1c5d60cc6a629d1c6ea0232e1c1bce9c4f8ae3ec0b89ed435aa70af504494,2026-02,Suffolk Constabulary,Suffolk Constabulary,0.445401,52.082700,On or near Rushmere Place,E01030105,West Suffolk 020A,Violence and sexual offences,Action to be taken by another organisation,
98366567903e0b9cb8db5b6c2757d5df11a4c61420d049368e6d2348a7ca4fc1,2026-02,Suffolk Constabulary,Suffolk Constabulary,0.441957,52.080829,On or near Eden Road,E01030105,West Suffolk 020A,Violence and sexual offences,Unable to prosecute suspect,
455eee918ec4acbe53982c67efc947d935149b8d2e3dbc968006285bf998d740,2026-02,Suffolk Constabulary,Suffolk Constabulary,0.441957,52.080829,On or near Eden Road,E01030105,West Suffolk 020A,Violence and sexual offences,Investigation complete; no suspect identified,
7a0727b6a0be6f674c246d92df097f464013a8917a087192340a9b9fb954c1b9,2026-02,Suffolk Constabulary,Suffolk Constabulary,0.443143,52.080094,On or near Mount Road,E01030105,West Suffolk 020A,Violence and sexual offences,Under investigation,
0c18f766139dd9fbb056e58422e14b180b65d822684a6acb666963c9e21d1dfa,2026-02,Suffolk Constabulary,Suffolk Constabulary,0.441957,52.080829,On or near Eden Road,E01030105,West Suffolk 020A,Violence and sexual offences,Investigation complete; no suspect identified,
6cde8a963a3b2f15115911594f40ee88a7b4d9c7692b1dd3cfe6cf721343ad9b,2026-02,Suffolk Constabulary,Suffolk Constabulary,0.445401,52.082700,On or near Rushmere Place,E01030105,West Suffolk 020A,Violence and sexual offences,Action to be taken by another organisation,
5298001400a40a7810b9a03c7bd370c0f6260ec2a799211097ef06d94857f86d,2026-02,Suffolk Constabulary,Suffolk Constabulary,0.457242,52.082220,On or near Biscay Close,E01030106,West Suffolk 020B,Burglary,Investigation complete; no suspect identified,
d74cd140b0264a488199614ff8144eb101f19aa4df8f3f016db480c413017129,2026-02,Suffolk Constabulary,Suffolk Constabulary,0.457242,52.082220,On or near Biscay Close,E01030106,West Suffolk 020B,Burglary,Investigation complete; no suspect identified,
638cba86508798c6dfedad41a54108aae10a692e91cc253bc86e0f48439b04a1,2026-02,Suffolk Constabulary,Suffolk Constabulary,0.449680,52.081658,On or near Pentlow Hawke Close,E01030106,West Suffolk 020B,Burglary,Under investigation,
fe6b0446158fcef9cd264227b49b580f8b442d94c07d563d3009354b88b0b186,2026-02,Suffolk Constabulary,Suffolk Constabulary,0.454851,52.082270,On or near Jay Close,E01030106,West Suffolk 020B,Criminal damage and arson,Unable to prosecute suspect,
f3b08f0d37ad594c6531d7ba71fb5c2776bd73f6e583e5261ec47d8827418956,2026-02,Suffolk Constabulary,Suffolk Constabulary,0.452550,52.075178,On or near Petrol Station,E01030106,West Suffolk 020B,Other theft,Investigation complete; no suspect identified,
de83db5161aadd01bcdc9bc1d11aab251bf490d01f8768823fb184e4e360c104,2026-02,Suffolk Constabulary,Suffolk Constabulary,0.448570,52.074451,On or near Ashlea Close,E01030106,West Suffolk 020B,Other theft,Investigation complete; no suspect identified,
e816bf5d2561ba39de7c9870179d487d2a256e5b19739d57798a76fd6e1892fc,2026-02,Suffolk Constabulary,Suffolk Constabulary,0.447010,52.079016,On or near Petrol Station,E01030106,West Suffolk 020B,Other theft,Awaiting court outcome,
f1dacae07d2bf86ea1030b8568ec6bba4db06d534a1c96bfcea3f7345294afe3,2026-02,Suffolk Constabulary,Suffolk Constabulary,0.452550,52.075178,On or near Petrol Station,E01030106,West Suffolk 020B,Other theft,Investigation complete; no suspect identified,
2052ba978b3f4421e2cc96b5b605a900ba1ea85e768eff115b95662efe07c86b,2026-02,Suffolk Constabulary,Suffolk Constabulary,0.452550,52.075178,On or near Petrol Station,E01030106,West Suffolk 020B,Other theft,Awaiting court outcome,
1a256bf84d0af2160ba14f757be59e00fad6fc46174b5bb6588367a1b48f136f,2026-02,Suffolk Constabulary,Suffolk Constabulary,0.450449,52.080788,On or near Mustards Gapp,E01030106,West Suffolk 020B,Public order,Investigation complete; no suspect identified,
89ce17a1c1d4a330c2d491d6f073c3a41e6935730a7766c254463cd31bd8d3ec,2026-02,Suffolk Constabulary,Suffolk Constabulary,0.452550,52.075178,On or near Petrol Station,E01030106,West Suffolk 020B,Shoplifting,Awaiting court outcome,
e29dbed077ee4cafe6105849522ac0e9ed4f1a47e90acc2018ce66ddccddc448,2026-02,Suffolk Constabulary,Suffolk Constabulary,0.448570,52.074451,On or near Ashlea Close,E01030106,West Suffolk 020B,Vehicle crime,Investigation complete; no suspect identified,
c5a261d16f8b85d0ed8cba1b2bac8fead965c1df97e0d7a6292a5993e37c66c1,2026-02,Suffolk Constabulary,Suffolk Constabulary,0.452188,52.082955,On or near Gannet Close,E01030106,West Suffolk 020B,Violence and sexual offences,Unable to prosecute suspect,
7260eb2c97d01c9ffae5a3efda207f1b7c3799166982d386490d56945ad182f2,2026-02,Suffolk Constabulary,Suffolk Constabulary,0.454851,52.082270,On or near Jay Close,E01030106,West Suffolk 020B,Violence and sexual offences,Unable to prosecute suspect,
99b1298d370acb85bc292d45d0c70d2da229e7d8be56644a3893adde66403f7c,2026-02,Suffolk Constabulary,Suffolk Constabulary,0.455393,52.079390,On or near Larks Close,E01030106,West Suffolk 020B,Violence and sexual offences,Under investigation,
9d6706a37680130daffe9f62c62ffae91a77873a2d9ce2baa4c43fad382925b3,2026-02,Suffolk Constabulary,Suffolk Constabulary,0.451567,52.075890,On or near Coupals Close,E01030106,West Suffolk 020B,Violence and sexual offences,Unable to prosecute suspect,
bcde66d7d987bcd62c84add7bc69f6cf760512672a014bdca017b493b1292d09,2026-02,Suffolk Constabulary,Suffolk Constabulary,0.453211,52.082439,On or near Kingfisher Close,E01030106,West Suffolk 020B,Other crime,Further investigation is not in the public interest,
0bbfdbdd83de8271bed1f9f5d5e96b7714e3e18b6d39a259bb46739a5e33f7dc,2026-02,Suffolk Constabulary,Suffolk Constabulary,0.453212,52.075272,On or near Charrington Close,E01030106,West Suffolk 020B,Other crime,Further investigation is not in the public interest,
ff7d2014ef2652fda717c20c9a5c464228940399ad1b2758a1b430676bcfe34d,2026-02,Suffolk Constabulary,Suffolk Constabulary,0.459729,52.080459,On or near Rockall Close,E01030107,West Suffolk 020C,Burglary,Investigation complete; no suspect identified,
3aa3a3a1b4948015b3151f9524c4fce9c17703758379e1588e05a25300d3aa24,2026-02,Suffolk Constabulary,Suffolk Constabulary,0.464882,52.079156,On or near Antonia Close,E01030107,West Suffolk 020C,Burglary,Investigation complete; no suspect identified,
a48edb0be79fb5e2949ba73464e47e919455bd03076a586c3745ed712e00600e,2026-02,Suffolk Constabulary,Suffolk Constabulary,0.461667,52.081201,On or near Malin Close,E01030107,West Suffolk 020C,Vehicle crime,Unable to prosecute suspect,
f89057449daf5e81d21fb4cb3f6109692aec903c6a75f28a174fd328c04d2dd6,2026-02,Suffolk Constabulary,Suffolk Constabulary,0.459729,52.080459,On or near Rockall Close,E01030107,West Suffolk 020C,Violence and sexual offences,Awaiting court outcome,
d3d8b31d4a73830f3019d60aa62abe29fbbf11197185eb8c3a5ba60cb56fcb12,2026-02,Suffolk Constabulary,Suffolk Constabulary,0.459729,52.080459,On or near Rockall Close,E01030107,West Suffolk 020C,Violence and sexual offences,Awaiting court outcome,
f22a15184d61d7a5d88d1b3a19a1187bfcae4183640253a7499e708206cb43a4,2026-02,Suffolk Constabulary,Suffolk Constabulary,0.462797,52.079469,On or near Julian Close,E01030107,West Suffolk 020C,Violence and sexual offences,Under investigation,
8a80aec24f583abec69c390f9e08e2ae40e262109c5fa4896a0052de2fd4bddd,2026-02,Suffolk Constabulary,Suffolk Constabulary,0.459729,52.080459,On or near Rockall Close,E01030107,West Suffolk 020C,Violence and sexual offences,Awaiting court outcome,
51ea71276a1e9768d44b0f5b74233c349b1eef6df663b477ea9a312d75f1683f,2026-02,Suffolk Constabulary,Suffolk Constabulary,0.459729,52.080459,On or near Rockall Close,E01030107,West Suffolk 020C,Other crime,Awaiting court outcome,
aa14ff41a98aa28db1d0c4d944f5c272106ee5c92b55541dc76b14314432b2a6,2026-02,Suffolk Constabulary,Suffolk Constabulary,0.440723,52.086295,On or near Jaywick Road,E01030108,West Suffolk 020D,Criminal damage and arson,Investigation complete; no suspect identified,
11d242c61af3f32c4d6f18bd8396465b310f3220d861c11f1a464f3e4ff04a6c,2026-02,Suffolk Constabulary,Suffolk Constabulary,0.446350,52.085891,On or near Chelmer Road,E01030108,West Suffolk 020D,Criminal damage and arson,Action to be taken by another organisation,
f3c8ab1e67781c712c3f4509255a870c70e413fec3aba0308785786257b397b0,2026-02,Suffolk Constabulary,Suffolk Constabulary,0.446350,52.085891,On or near Chelmer Road,E01030108,West Suffolk 020D,Other theft,Investigation complete; no suspect identified,
a78e5bb6c39368da15abf0c20191eb1846e5dc386eef4ead318d38a77b790b6f,2026-02,Suffolk Constabulary,Suffolk Constabulary,0.439548,52.085645,On or near Yeldham Place,E01030108,West Suffolk 020D,Shoplifting,Formal action is not in the public interest,
b9c0f5e536bcbd55935206d3c65b6b44a253f172229ebc12ac16b13cb31cd0fc,2026-02,Suffolk Constabulary,Suffolk Constabulary,0.439548,52.085645,On or near Yeldham Place,E01030108,West Suffolk 020D,Shoplifting,Unable to prosecute suspect,
4e03fa921ff2cab94bdc867eb32f82ae8a04b5d5142aed015bf8456227718eae,2026-02,Suffolk Constabulary,Suffolk Constabulary,0.437416,52.085078,On or near Station Road,E01030108,West Suffolk 020D,Violence and sexual offences,Unable to prosecute suspect,
cb9c88581c782c8b19e63c7666fba80496a97a989cf9575839305531516a708a,2026-02,Suffolk Constabulary,Suffolk Constabulary,0.446350,52.085891,On or near Chelmer Road,E01030108,West Suffolk 020D,Violence and sexual offences,Unable to prosecute suspect,
2567a263cc6eaf12fe108d028c61e3ca2b50331a9ad9bc93f7a67ec3f43aa4ba,2026-02,Suffolk Constabulary,Suffolk Constabulary,0.440723,52.086295,On or near Jaywick Road,E01030108,West Suffolk 020D,Violence and sexual offences,Under investigation,
8c236fee7dc80ee843899d0c2d7ebb71171e3ee87408689e110b016b6f1ea30f,2026-02,Suffolk Constabulary,Suffolk Constabulary,0.446474,52.090034,On or near Blenheim Close,E01030108,West Suffolk 020D,Violence and sexual offences,Under investigation,
20b9b079335b463288aa33b0213340dc1ff5685280bbf639602d68e7a4cf3feb,2026-02,Suffolk Constabulary,Suffolk Constabulary,0.439548,52.085645,On or near Yeldham Place,E01030108,West Suffolk 020D,Violence and sexual offences,Unable to prosecute suspect,
d2a6af8c865007775f7294490782044d77500cb579502d5b6ac38c6d9e86cfb5,2026-02,Suffolk Constabulary,Suffolk Constabulary,0.444367,52.084610,On or near Parking Area,E01030108,West Suffolk 020D,Violence and sexual offences,Unable to prosecute suspect,
0a05a062b65711395ca2fe8b7099563b068c82fc32dd14adec0419b128f53186,2026-02,Suffolk Constabulary,Suffolk Constabulary,0.446474,52.090034,On or near Blenheim Close,E01030108,West Suffolk 020D,Other crime,Unable to prosecute suspect,
47ccbbbde212db5689c6f10824b47cc77062614b27767c4541be99ab862ec4f8,2026-02,Suffolk Constabulary,Suffolk Constabulary,0.439874,52.082788,On or near Parking Area,E01030113,West Suffolk 020E,Burglary,Investigation complete; no suspect identified,
163ae79bdbeac1d906423f7f696247737a70b5691ff4a4cac838430cd26d9e37,2026-02,Suffolk Constabulary,Suffolk Constabulary,0.440516,52.081174,On or near High Street,E01030113,West Suffolk 020E,Burglary,Investigation complete; no suspect identified,
72eecbd0090927edfd770b6004c28ca9ef0aa39f2b46378940ac4033d8955b71,2026-02,Suffolk Constabulary,Suffolk Constabulary,0.445374,52.077116,On or near Croft Lane,E01030113,West Suffolk 020E,Criminal damage and arson,Unable to prosecute suspect,
3c10566bc942d9826ae3ceebb0fd7297d67a0beea9d976894bf3383c09911d63,2026-02,Suffolk Constabulary,Suffolk Constabulary,0.445374,52.077116,On or near Croft Lane,E01030113,West Suffolk 020E,Criminal damage and arson,Unable to prosecute suspect,
d1e3f7c908f89dff88b0e08378a25092b0b655bda7545f979fd98620575405fd,2026-02,Suffolk Constabulary,Suffolk Constabulary,0.435028,52.082519,On or near Camps Road,E01030113,West Suffolk 020E,Criminal damage and arson,Local resolution,
c9dae4642f600e4347d84409494f00130685a6dad10044fb461deea8f0cc603e,2026-02,Suffolk Constabulary,Suffolk Constabulary,0.439874,52.082788,On or near Parking Area,E01030113,West Suffolk 020E,Criminal damage and arson,Investigation complete; no suspect identified,
168f0e4d319bfa7f06fc1f79140a9772443c08dbb9f863c25f94472bb7325116,2026-02,Suffolk Constabulary,Suffolk Constabulary,0.438487,52.080092,On or near Helions Park Avenue,E01030113,West Suffolk 020E,Other theft,Investigation complete; no suspect identified,
13e7c45fc01f4e2ebdacc72f3dd5781f49da5a5a6ff4b1f6aa6c1f84cfb9a380,2026-02,Suffolk Constabulary,Suffolk Constabulary,0.440443,52.080105,On or near Parking Area,E01030113,West Suffolk 020E,Other theft,Investigation complete; no suspect identified,
1e4ff4a572777e6d78fbcf50178843279611f94ab6b074e8c53302990e5d597f,2026-02,Suffolk Constabulary,Suffolk Constabulary,0.440516,52.081174,On or near High Street,E01030113,West Suffolk 020E,Possession of weapons,Unable to prosecute suspect,
fa1096191ef59e9368a97f9df847f7adc4da4eef2d8dbc750a6407aa51d772ba,2026-02,Suffolk Constabulary,Suffolk Constabulary,0.438447,52.082844,On or near Market Hill,E01030113,West Suffolk 020E,Public order,Investigation complete; no suspect identified,
8244bcfa73afd5605a5b93ac2efdfbe54fa5eaba5dac2a1fca21d3ec1468e79c,2026-02,Suffolk Constabulary,Suffolk Constabulary,0.439874,52.082788,On or near Parking Area,E01030113,West Suffolk 020E,Public order,Unable to prosecute suspect,
238f5106fd7e612081fb01ba6f49d85cf5a3c0c247cf02753787f54c7c3ef597,2026-02,Suffolk Constabulary,Suffolk Constabulary,0.439874,52.082788,On or near Parking Area,E01030113,West Suffolk 020E,Public order,Investigation complete; no suspect identified,
0090a1107888319f18295760a612c99f0b1f64de2e6482f8f7c404d18d9e1c2b,2026-02,Suffolk Constabulary,Suffolk Constabulary,0.435028,52.082519,On or near Camps Road,E01030113,West Suffolk 020E,Public order,Unable to prosecute suspect,
08a6997786269cee03a98f792939448da7b7fee2da14ae861f1785922017da77,2026-02,Suffolk Constabulary,Suffolk Constabulary,0.438447,52.082844,On or near Market Hill,E01030113,West Suffolk 020E,Robbery,Under investigation,
76a112aa789a63a15eaf3c8e3a45e287efeef8f6e764e94203a07ac6ae12fb2e,2026-02,Suffolk Constabulary,Suffolk Constabulary,0.438447,52.082844,On or near Market Hill,E01030113,West Suffolk 020E,Shoplifting,Investigation complete; no suspect identified,
c9e557dec12c880569df808a2ae50f7491329b2349a24e2dd0ecd4c1a8e754ce,2026-02,Suffolk Constabulary,Suffolk Constabulary,0.437740,52.078974,On or near Duddery Hill,E01030113,West Suffolk 020E,Shoplifting,Unable to prosecute suspect,
e2a2d97def37d9c7203c74e527405d3b04192dde282f990eaacc9c057160728e,2026-02,Suffolk Constabulary,Suffolk Constabulary,0.440199,52.079903,On or near Helions Walk,E01030113,West Suffolk 020E,Violence and sexual offences,Action to be taken by another organisation,
d073d79f04cbc1171a780aec3923fb2c71b9ef3aa87571e8717b9382894e4c5c,2026-02,Suffolk Constabulary,Suffolk Constabulary,0.445374,52.077116,On or near Croft Lane,E01030113,West Suffolk 020E,Violence and sexual offences,Unable to prosecute suspect,
3de903f330961c4de18d703a3a8d492e3dd8f4b85d9ff9f19e9bb852dbca7165,2026-02,Suffolk Constabulary,Suffolk Constabulary,0.440720,52.078220,On or near Fennels Close,E01030113,West Suffolk 020E,Violence and sexual offences,Offender given a caution,
269c0c2e808f958e520d87f7c1ef66a38f2edc3d80c249ba0cabe77056982f12,2026-02,Suffolk Constabulary,Suffolk Constabulary,0.445374,52.077116,On or near Croft Lane,E01030113,West Suffolk 020E,Violence and sexual offences,Under investigation,
34c807cf1b288164337932f72fe5f49c5d3b6a05482f831fc4255dae63b5cf44,2026-02,Suffolk Constabulary,Suffolk Constabulary,0.445374,52.077116,On or near Croft Lane,E01030113,West Suffolk 020E,Violence and sexual offences,Unable to prosecute suspect,
21d1ce573016867ce2540ecc20692cbbaa8b696ff90d3ef42e88e4c11863f8ad,2026-02,Suffolk Constabulary,Suffolk Constabulary,0.445374,52.077116,On or near Croft Lane,E01030113,West Suffolk 020E,Violence and sexual offences,Under investigation,
7a007079deaf9b66ea22472cd87a42d946fb43d353ef7c8215963a72ee1a2b8c,2026-02,Suffolk Constabulary,Suffolk Constabulary,0.430884,52.079323,On or near Clements Close,E01030113,West Suffolk 020E,Violence and sexual offences,Under investigation,
ab64920b4bb312f51ec3c5ed9406724bba44bd1692f1e3682d1b1e0807e13d8d,2026-02,Suffolk Constabulary,Suffolk Constabulary,0.427796,52.076203,On or near Norton Road,E01030114,West Suffolk 020F,Burglary,Investigation complete; no suspect identified,
26d2efd57eb40fd9c4755a3455068ba30e7c15719bf470b0a6ab1a326d5f322b,2026-02,Suffolk Constabulary,Suffolk Constabulary,0.431487,52.077781,On or near Cornwallis Road,E01030114,West Suffolk 020F,Criminal damage and arson,Investigation complete; no suspect identified,
194c62df24f7b6e0346b0fc01d31cb3b945702edd442be5c7bf4d5770c9333c5,2026-02,Suffolk Constabulary,Suffolk Constabulary,0.428721,52.077919,On or near Gloucester Road,E01030114,West Suffolk 020F,Drugs,Local resolution,
eda3f30b3377743441ca3791dddd921018b96843f830fb7331eacde2f0bca15d,2026-02,Suffolk Constabulary,Suffolk Constabulary,0.428721,52.077919,On or near Gloucester Road,E01030114,West Suffolk 020F,Other theft,Investigation complete; no suspect identified,
3c5c63faa624adc5c4149e1ca25007287bd62bc854b1227897542505b11f290e,2026-02,Suffolk Constabulary,Suffolk Constabulary,0.430193,52.077871,On or near Clarendon Road,E01030114,West Suffolk 020F,Violence and sexual offences,Unable to prosecute suspect,
2a0e43d207bc35d4219c65748949a7246e0c9663e30c3deb771a411858ed36bb,2026-02,Suffolk Constabulary,Suffolk Constabulary,0.431487,52.077781,On or near Cornwallis Road,E01030114,West Suffolk 020F,Violence and sexual offences,Under investigation,
7c3970d002d901597f7485eb2a4315c9c711f3287f244edd8488fef07c878d45,2026-02,Suffolk Constabulary,Suffolk Constabulary,0.427212,52.077537,On or near Buckingham Road,E01030114,West Suffolk 020F,Violence and sexual offences,Action to be taken by another organisation,
f3337f935d561f47b1c7e24a8b9086f6e12c52900b1e33c94979c4fe69919f89,2026-02,Suffolk Constabulary,Suffolk Constabulary,0.427212,52.077537,On or near Buckingham Road,E01030114,West Suffolk 020F,Violence and sexual offences,Under investigation,
67df426219e5c8dc31b6d1635c2ea42a21d10477bd1d9c15b9794da05ff62521,2026-02,Suffolk Constabulary,Suffolk Constabulary,0.427212,52.077537,On or near Buckingham Road,E01030114,West Suffolk 020F,Violence and sexual offences,Action to be taken by another organisation,
288af18ae39b3acb0b713340e64a2b4a8d939f917d6f968dd87e055e9d4adcc3,2026-02,Suffolk Constabulary,Suffolk Constabulary,0.430193,52.077871,On or near Clarendon Road,E01030114,West Suffolk 020F,Violence and sexual offences,Unable to prosecute suspect,
23ea005848b59c92af32fce44d7780daf7c166e46e126281e0733b6d068160ef,2026-02,Suffolk Constabulary,Suffolk Constabulary,0.430193,52.077871,On or near Clarendon Road,E01030114,West Suffolk 020F,Violence and sexual offences,Unable to prosecute suspect,
5fd6878b5d69abb596d500d2f37a522de875c97a2d2e847303a44d3895f01558,2026-02,Suffolk Constabulary,Suffolk Constabulary,0.428228,52.080933,On or near Layer Road,E01030115,West Suffolk 021A,Burglary,Under investigation,
301395abc01f29bff63a1e7f76196686c21468f05339da2514d2cd8e18dfbfa1,2026-02,Suffolk Constabulary,Suffolk Constabulary,0.420712,52.080413,On or near Anglian Place,E01030115,West Suffolk 021A,Criminal damage and arson,Investigation complete; no suspect identified,
19632486e35a2d9631af8e7de00af0079784fbe8e5417c943002f5d80f62e847,2026-02,Suffolk Constabulary,Suffolk Constabulary,0.419959,52.077003,On or near Aragon Road,E01030115,West Suffolk 021A,Other theft,Unable to prosecute suspect,
73eefe4ab3c417302f3c89413ff29a3116d12b6f8477f9a71d117405210772ae,2026-02,Suffolk Constabulary,Suffolk Constabulary,0.428228,52.080933,On or near Layer Road,E01030115,West Suffolk 021A,Other theft,Unable to prosecute suspect,
65a54fc0a7cf0d245026999dadfdc316848dd8532dbf0d7738d5a8b50b8bd5f0,2026-02,Suffolk Constabulary,Suffolk Constabulary,0.424396,52.079717,On or near Connaught Road,E01030115,West Suffolk 021A,Other theft,Unable to prosecute suspect,
fd1601b8b5057f473835cc8861c9c578e47e59979eb618ec8c48676367783ea3,2026-02,Suffolk Constabulary,Suffolk Constabulary,0.419550,52.077541,On or near Parr Road,E01030115,West Suffolk 021A,Other theft,Unable to prosecute suspect,
000e7515e6fa7fa839b36df89d55eb4cf51e102ef6758c32c12c918e4c6a6400,2026-02,Suffolk Constabulary,Suffolk Constabulary,0.428228,52.080933,On or near Layer Road,E01030115,West Suffolk 021A,Possession of weapons,Unable to prosecute suspect,
aa085039a7b22d528e90be4485b3b6a2b933f54ddb697b8f62f8508ea13030c9,2026-02,Suffolk Constabulary,Suffolk Constabulary,0.424396,52.079717,On or near Connaught Road,E01030115,West Suffolk 021A,Robbery,Unable to prosecute suspect,
2ea821f1e1e90fec8151957c83bbce425dc76ee12f3604d0197124e1ae3b0abb,2026-02,Suffolk Constabulary,Suffolk Constabulary,0.427321,52.080898,On or near Horseshoe Lane,E01030115,West Suffolk 021A,Violence and sexual offences,Unable to prosecute suspect,
aa90515039f3c3cfe6679bb06568afee651b0063f6b9cb679320c8d27d5ee7a1,2026-02,Suffolk Constabulary,Suffolk Constabulary,0.418849,52.079696,On or near Boleyn Way,E01030115,West Suffolk 021A,Violence and sexual offences,Unable to prosecute suspect,
0765427532ed7600d4eb6553222a61c7ae4317dbcf6b45e7f6383dcebc43e3dd,2026-02,Suffolk Constabulary,Suffolk Constabulary,0.420712,52.080413,On or near Anglian Place,E01030115,West Suffolk 021A,Violence and sexual offences,Action to be taken by another organisation,
11ec951ee31d7cd119ef21ebf29c914f111605ad843a3fed9663c296bc575748,2026-02,Suffolk Constabulary,Suffolk Constabulary,0.425518,52.080206,On or near Shaftesbury Court,E01030115,West Suffolk 021A,Violence and sexual offences,Awaiting court outcome,
0abf46f20a44f17a29d77bb3c2ea17c7fbdcf130dd9ef0bd04cbe8f8cbe8af83,2026-02,Suffolk Constabulary,Suffolk Constabulary,0.415243,52.080759,On or near Strawberry Fields,E01030116,West Suffolk 021B,Vehicle crime,Investigation complete; no suspect identified,
ae22384205fdb9fbad55b936c72e35cc40acf48dc0f03da3d8a2ddc7667040e6,2026-02,Suffolk Constabulary,Suffolk Constabulary,0.410422,52.087171,On or near Garlands Close,E01030116,West Suffolk 021B,Violence and sexual offences,Under investigation,
ec43bf32e1e8ad964be892400bc970df69df76425d1174d0e08e65896319363d,2026-02,Suffolk Constabulary,Suffolk Constabulary,0.411764,52.084454,On or near Grenadier Road,E01030116,West Suffolk 021B,Violence and sexual offences,Offender given a caution,
d23b00f353fad8d39901027f50b1ed0e2865b6de7d3331cc522512547c5c7a93,2026-02,Suffolk Constabulary,Suffolk Constabulary,0.411764,52.084454,On or near Grenadier Road,E01030116,West Suffolk 021B,Violence and sexual offences,Action to be taken by another organisation,
6b4daf60fa6bfc222307295ebdaf173adfbc803e3b3f5330e23c1271383570aa,2026-02,Suffolk Constabulary,Suffolk Constabulary,0.419086,52.088657,On or near Teasel Close,E01030117,West Suffolk 021C,Drugs,Offender given a caution,
de6d1565d47049b2e6b813e94ccc1121c144e5ccb494c2fb91a08ab02c006959,2026-02,Suffolk Constabulary,Suffolk Constabulary,0.418699,52.090958,On or near Gainsborough Road,E01030117,West Suffolk 021C,Violence and sexual offences,Unable to prosecute suspect,
1b4b5b4317ad883339aeb6d98d63f91ffffaa5efbf061b903c4fb12fd2dc283a,2026-02,Suffolk Constabulary,Suffolk Constabulary,0.418699,52.090958,On or near Gainsborough Road,E01030117,West Suffolk 021C,Violence and sexual offences,Unable to prosecute suspect,
32e047f6414d90af29f8cf1b87f6a0224f123ad6394fe6c484a0889c325e7f0b,2026-02,Suffolk Constabulary,Suffolk Constabulary,0.418699,52.090958,On or near Gainsborough Road,E01030117,West Suffolk 021C,Violence and sexual offences,Awaiting court outcome,
adcfcdb49d83f299c99a54364cbc71b511903ae59253dd4558f81c49929bf132,2026-02,Suffolk Constabulary,Suffolk Constabulary,0.418699,52.090958,On or near Gainsborough Road,E01030117,West Suffolk 021C,Violence and sexual offences,Unable to prosecute suspect,
8a145c9452f7ca43a395bbc2530fc9bb2cec7d387ad9c6bc2bdc2d4c4c70fb4c,2026-02,Suffolk Constabulary,Suffolk Constabulary,0.418699,52.090958,On or near Gainsborough Road,E01030117,West Suffolk 021C,Violence and sexual offences,Awaiting court outcome,
107fe3c61fac9f09f362dd6de9d60dca62e235b5062e783859fc7773580a99ce,2026-02,Suffolk Constabulary,Suffolk Constabulary,0.410910,52.092170,On or near Petrol Station,E01030117,West Suffolk 021C,Other crime,Investigation complete; no suspect identified,
,2026-02,Suffolk Constabulary,Suffolk Constabulary,0.420424,52.087766,On or near Willow Close,E01030118,West Suffolk 021D,Anti-social behaviour,,
52359165e6e5f404f18e59be6335632877d842b33a040b3512cd8ad670d244aa,2026-02,Suffolk Constabulary,Suffolk Constabulary,0.415736,52.087188,On or near Chimswell Way,E01030118,West Suffolk 021D,Criminal damage and arson,Investigation complete; no suspect identified,
52d59bb5a45e43b5f058a3418e08c53c4d619c33442451ab0bef7c3a749e728f,2026-02,Suffolk Constabulary,Suffolk Constabulary,0.424397,52.090490,On or near William Blake Court,E01030118,West Suffolk 021D,Criminal damage and arson,Unable to prosecute suspect,
da186b37e4749951250b10ae6e6f866d614e7a0c9cee79e990622fcf0d3da6f2,2026-02,Suffolk Constabulary,Suffolk Constabulary,0.424397,52.090490,On or near William Blake Court,E01030118,West Suffolk 021D,Violence and sexual offences,Unable to prosecute suspect,
b1ea29337f536b76185dc5a50cbfa2cbf8323a15a4079fba8ec7ae6b24c66322,2026-02,Suffolk Constabulary,Suffolk Constabulary,0.422620,52.091929,On or near Bryony Close,E01030118,West Suffolk 021D,Violence and sexual offences,Action to be taken by another organisation,
f25f3e2f0acf850753dad9f2c68adea1dde773b5042a3c4e73e015b6983b5320,2026-02,Suffolk Constabulary,Suffolk Constabulary,0.415736,52.087188,On or near Chimswell Way,E01030118,West Suffolk 021D,Violence and sexual offences,Under investigation,
df5a4c9880c09045c1dada6ee763b02ad8991bf0b07bd8ed6a556f4b34b9a582,2026-02,Suffolk Constabulary,Suffolk Constabulary,0.420424,52.087766,On or near Willow Close,E01030118,West Suffolk 021D,Violence and sexual offences,Under investigation,
4434ecd67bc0fd58df9adbc173d246fc059971e8de1fc23acac53ba703cfdc26,2026-02,Suffolk Constabulary,Suffolk Constabulary,-0.731266,51.514471,On or near Griffin Close,E01016593,Windsor and Maidenhead 007D,Violence and sexual offences,Under investigation,
07551b201061526350c61ec273b123c71d589c98e6f503ac2abd1b967757b588,2026-02,Suffolk Constabulary,Suffolk Constabulary,-0.731266,51.514471,On or near Griffin Close,E01016593,Windsor and Maidenhead 007D,Violence and sexual offences,Under investigation,
e8be2dba7fe065c6081ee65cfe3a36a0ae8c232a4dbfe5f6c0913c802454ee26,2026-02,Suffolk Constabulary,Suffolk Constabulary,-0.731266,51.514471,On or near Griffin Close,E01016593,Windsor and Maidenhead 007D,Violence and sexual offences,Under investigation,
18620406d46b4b19606fcb638b88f374024200f72ecf2139484d67d801f136ec,2026-02,Suffolk Constabulary,Suffolk Constabulary,,,No Location,,,Bicycle theft,Investigation complete; no suspect identified,
1f589e2e11ddd2e89dc1e32a628200005eeac9c51ebf15da869678520644577b,2026-02,Suffolk Constabulary,Suffolk Constabulary,,,No Location,,,Burglary,Investigation complete; no suspect identified,
92d4678eb4f6e87ebbe4544e91b1e7e6b6d4b061425a995dbe60869916d75607,2026-02,Suffolk Constabulary,Suffolk Constabulary,,,No Location,,,Burglary,Investigation complete; no suspect identified,
c13c91c851be32db27940964f39a1468220f9bc8fd3673e635705b8d5474a116,2026-02,Suffolk Constabulary,Suffolk Constabulary,,,No Location,,,Burglary,Investigation complete; no suspect identified,
2c9da65cf178d30fc5fe412210715768c57e098fd1d8bbf22ab9bd25d48b240d,2026-02,Suffolk Constabulary,Suffolk Constabulary,,,No Location,,,Criminal damage and arson,Investigation complete; no suspect identified,
b118adbe28b734ede7652469413d6181a089256bac4de0eac3d9f33c5cd3737f,2026-02,Suffolk Constabulary,Suffolk Constabulary,,,No Location,,,Drugs,Awaiting court outcome,
a59245fad79a467412cdc4ddb0d79b4bf4cf3b740e690471adc06bca20088888,2026-02,Suffolk Constabulary,Suffolk Constabulary,,,No Location,,,Other theft,Investigation complete; no suspect identified,
b96d7a9ed25f50e5acf8eedea482daf9b1768ebd111238e2db76bd5a1b0628c9,2026-02,Suffolk Constabulary,Suffolk Constabulary,,,No Location,,,Possession of weapons,Unable to prosecute suspect,
547ec28c0021b569a71034cc9056b2f3039eae2f93d6b8febfff6ccc8fe84f91,2026-02,Suffolk Constabulary,Suffolk Constabulary,,,No Location,,,Public order,Local resolution,
7b0f6331a50866732da7b9dfbcad556b3fb5a3885ded33958d7a9a8deae95662,2026-02,Suffolk Constabulary,Suffolk Constabulary,,,No Location,,,Public order,Unable to prosecute suspect,
847382adc403b1f9d97e3116127e5ad98b5fea8f9c3b038b2fc9b5629fdf9e10,2026-02,Suffolk Constabulary,Suffolk Constabulary,,,No Location,,,Public order,Unable to prosecute suspect,
de5b63773f73de0d303c295d56af3329ec393221b2749959b587edd8ac569e8c,2026-02,Suffolk Constabulary,Suffolk Constabulary,,,No Location,,,Shoplifting,Awaiting court outcome,
54320b94b11a33d57994cd970ca8459956082ac51347166e1fb98d6687ce19d9,2026-02,Suffolk Constabulary,Suffolk Constabulary,,,No Location,,,Shoplifting,Investigation complete; no suspect identified,
87a46f3637444486ac95de822482761f82a712bdf9aa400ffd36ab7dcfc83260,2026-02,Suffolk Constabulary,Suffolk Constabulary,,,No Location,,,Shoplifting,Investigation complete; no suspect identified,
cb812e7c604d078bb3e22314feb9a94859a2dacbe8744b53fe788a73aad70f65,2026-02,Suffolk Constabulary,Suffolk Constabulary,,,No Location,,,Shoplifting,Investigation complete; no suspect identified,
277934649265f001306fae3b69050b6204871352915f7e3878b7a9e0520b2f06,2026-02,Suffolk Constabulary,Suffolk Constabulary,,,No Location,,,Violence and sexual offences,Under investigation,
7de12c4bf5460aaacbd9cb0b7cf277c1736c53ff202742dccaefe66fb4a38d23,2026-02,Suffolk Constabulary,Suffolk Constabulary,,,No Location,,,Violence and sexual offences,Investigation complete; no suspect identified,
efee48d6797afe6fc21123f155564a13ddffbe5ae5cb1b821e1ecf561cad9c89,2026-02,Suffolk Constabulary,Suffolk Constabulary,,,No Location,,,Violence and sexual offences,Unable to prosecute suspect,
ea1fdebc48bcc53a40e05bfc4234f47abd84d763b9c3f73e45d30fc99d140b16,2026-02,Suffolk Constabulary,Suffolk Constabulary,,,No Location,,,Violence and sexual offences,Unable to prosecute suspect,
c4d2c79cb3f8a85c91e9184ab38e75a4455b35e00d5dbf88f871eb5d0a78ed36,2026-02,Suffolk Constabulary,Suffolk Constabulary,,,No Location,,,Violence and sexual offences,Investigation complete; no suspect identified,
d76e665bc9b8d72389c227f2c92fe8e98f619044efdf71522822af3a5c066191,2026-02,Suffolk Constabulary,Suffolk Constabulary,,,No Location,,,Violence and sexual offences,Unable to prosecute suspect,
0964ca9a11b2d4ad8924871bec1deb30c2909eef91f95ef8345f684ff96ed79e,2026-02,Suffolk Constabulary,Suffolk Constabulary,,,No Location,,,Violence and sexual offences,Investigation complete; no suspect identified,
c9dced8df0c90e302557fdf2575e2165a437e022568a6e790f053d5ebb50c07b,2026-02,Suffolk Constabulary,Suffolk Constabulary,,,No Location,,,Violence and sexual offences,Unable to prosecute suspect,
078d4b6dd8261e226db8ec94751eea24ead97f709a731d706c348853178fe0de,2026-02,Suffolk Constabulary,Suffolk Constabulary,,,No Location,,,Violence and sexual offences,Under investigation,
f6df2f30cf7d530644b15b2b1b5fff2c3fe4dd73d6e0e9ff28b210b6e03fcf25,2026-02,Suffolk Constabulary,Suffolk Constabulary,,,No Location,,,Violence and sexual offences,Under investigation,
a916380418de84aaef47508831fe596887a45f72fabf31488b880268ef9c6d4f,2026-02,Suffolk Constabulary,Suffolk Constabulary,,,No Location,,,Violence and sexual offences,Investigation complete; no suspect identified,
8cf8e118000d8aa7c4cc5acffdc78bcb6f5c284604d0d5c2664699b699141a31,2026-02,Suffolk Constabulary,Suffolk Constabulary,,,No Location,,,Other crime,Awaiting court outcome,
98ca18228d3fa17f87236aa5bc6fbc608dbff6b74d56aa78a78e5dafe7e13445,2026-02,Suffolk Constabulary,Suffolk Constabulary,,,No Location,,,Other crime,Unable to prosecute suspect,
