Crime ID,Month,Reported by,Falls within,Longitude,Latitude,Location,LSOA code,LSOA name,Crime type,Last outcome category,Context
e8002998514498ee5041ca00202c76c5c1d8186401e486b7b32b030101892174,2026-03,Suffolk Constabulary,Suffolk Constabulary,0.868349,52.147131,On or near The Street,E01029876,Babergh 001A,Violence and sexual offences,Unable to prosecute suspect,
58b44197bf1c3172206f7d1066e7aee98519abf1261de9bc8eff08f71176b813,2026-03,Suffolk Constabulary,Suffolk Constabulary,0.800369,52.112587,On or near Preston Road,E01029898,Babergh 001B,Burglary,Investigation complete; no suspect identified,
260a5f1cb957b5ffc2e35ec32abc3c57d2d5eab5b4dcc6e1eca22b0e56914646,2026-03,Suffolk Constabulary,Suffolk Constabulary,0.796369,52.108194,On or near Lady Street,E01029898,Babergh 001B,Other theft,Investigation complete; no suspect identified,
e5ebe3d50114f0ece02231d218a0ce102a264ed0e59f3cf5476a9bea7adb1f52,2026-03,Suffolk Constabulary,Suffolk Constabulary,0.797017,52.109680,On or near Parking Area,E01029898,Babergh 001B,Other theft,Investigation complete; no suspect identified,
c72fde0d86cf46070ed32c52c6ee01396bc57647a2832d0c6c8275171369afe4,2026-03,Suffolk Constabulary,Suffolk Constabulary,0.800193,52.109776,On or near Lower Road,E01029898,Babergh 001B,Other theft,Investigation complete; no suspect identified,
14071e9b9b2e71d82ff6c73866421a4f6c27e826a2d3dad1bcaa9adc3ced9fa7,2026-03,Suffolk Constabulary,Suffolk Constabulary,0.795795,52.109530,On or near Supermarket,E01029898,Babergh 001B,Public order,Unable to prosecute suspect,
f755b7deb33163d591c34ba0b148bb69dee7fbb56ba6c2cbb398b3a4d6ba4071,2026-03,Suffolk Constabulary,Suffolk Constabulary,0.795795,52.109530,On or near Supermarket,E01029898,Babergh 001B,Public order,Unable to prosecute suspect,
21e0e92cf9bea122db86b8bf64b539084d0bd6f752311f6229646363567810cb,2026-03,Suffolk Constabulary,Suffolk Constabulary,0.797017,52.109680,On or near Parking Area,E01029898,Babergh 001B,Vehicle crime,Investigation complete; no suspect identified,
faadef7552f4f07506f947ea36b7ac2ab3e70e37de894ba83dee65fc614cdc8e,2026-03,Suffolk Constabulary,Suffolk Constabulary,0.800369,52.112587,On or near Preston Road,E01029898,Babergh 001B,Violence and sexual offences,Unable to prosecute suspect,
a32f5cc60b4ec16060b5e4f2483bb7c4e574d99b9ebbace3c48e11da7b152c0c,2026-03,Suffolk Constabulary,Suffolk Constabulary,0.795151,52.107872,On or near Supermarket,E01029898,Babergh 001B,Violence and sexual offences,Unable to prosecute suspect,
5d7b7241d375073c476325deb5fd7bdadab33f6c8e4e8e7c68c652240b768de9,2026-03,Suffolk Constabulary,Suffolk Constabulary,0.793247,52.106146,On or near Church Street,E01029898,Babergh 001B,Violence and sexual offences,Local resolution,
b3c4ba153a75dcb23235471c8e26cec11bd0264b8831001b777a301cb3134c0f,2026-03,Suffolk Constabulary,Suffolk Constabulary,0.779047,52.111958,On or near Bright'S Lane,E01029898,Babergh 001B,Violence and sexual offences,Unable to prosecute suspect,
297b36005087386130c5ccc8edd74802a00973fb7d02ea4036625d8742146782,2026-03,Suffolk Constabulary,Suffolk Constabulary,0.836525,52.091019,On or near Milden Road,E01029907,Babergh 001C,Burglary,Investigation complete; no suspect identified,
ffa7dc7db94466470a41de677052edcc7d80e3e36ac435943e3ddca5c5ee4ad2,2026-03,Suffolk Constabulary,Suffolk Constabulary,0.822575,52.126050,On or near Rookwood Lane,E01029907,Babergh 001C,Criminal damage and arson,Investigation complete; no suspect identified,
c9979ae317b6c12a3c343f16c451901dce9ccb468e2515f57a5d8756b377d28d,2026-03,Suffolk Constabulary,Suffolk Constabulary,0.877363,52.091045,On or near Back Lane,E01029907,Babergh 001C,Other theft,Investigation complete; no suspect identified,
11b18c846a6609fdf565744d7bf9ee06da387ef60f5d8800c16a699e0ff4ea5f,2026-03,Suffolk Constabulary,Suffolk Constabulary,0.782490,52.159235,On or near Parking Area,E01029907,Babergh 001C,Public order,Unable to prosecute suspect,
fe2b570f424ef59e551e4fd4fdd539362830eda3282d7351a3b17ff3ab9fe624,2026-03,Suffolk Constabulary,Suffolk Constabulary,0.789564,52.158951,On or near Howe Lane,E01029907,Babergh 001C,Violence and sexual offences,Action to be taken by another organisation,
9566de16f5533c940b729fbcada3a071a8d06c50d1284fbaaaa4968446945ab2,2026-03,Suffolk Constabulary,Suffolk Constabulary,0.789564,52.158951,On or near Howe Lane,E01029907,Babergh 001C,Violence and sexual offences,Unable to prosecute suspect,
0837a651148ba29f407e420ce8091a96db44fe422178dc2d37eef09811701ab9,2026-03,Suffolk Constabulary,Suffolk Constabulary,0.709782,52.178608,On or near Brands Lane,E01029881,Babergh 002A,Criminal damage and arson,Unable to prosecute suspect,
a705df9e934b2cf3381c31c880aa04476b58ac9a8481d43df1f3a598bf261e07,2026-03,Suffolk Constabulary,Suffolk Constabulary,0.709782,52.178608,On or near Brands Lane,E01029881,Babergh 002A,Criminal damage and arson,Unable to prosecute suspect,
2cc83e9c4bfd5a6a50c52313a48327aeec19f83b26488a1ed854172e776a3205,2026-03,Suffolk Constabulary,Suffolk Constabulary,0.732809,52.154542,On or near The Street,E01029881,Babergh 002A,Public order,Unable to prosecute suspect,
2448aec6fc63206e2b603ec82099da2681a7337baef5f9bf33c47dbf5a04349a,2026-03,Suffolk Constabulary,Suffolk Constabulary,0.709782,52.178608,On or near Brands Lane,E01029881,Babergh 002A,Violence and sexual offences,Unable to prosecute suspect,
9d2a94ef9919ccb46eb4544dee3986c449c6bf3182207f48e19a767897342a5d,2026-03,Suffolk Constabulary,Suffolk Constabulary,0.664163,52.104800,On or near Hammond Croft,E01029884,Babergh 002B,Criminal damage and arson,Investigation complete; no suspect identified,
8d32edfd909a25d9830136197975a8a3ad6cae0ba8edb24100a5c5018fe307ca,2026-03,Suffolk Constabulary,Suffolk Constabulary,0.666457,52.104083,On or near Schoolfield,E01029884,Babergh 002B,Other theft,Unable to prosecute suspect,
0a3b8adaf1c9ae038809b97fefa35498ee79e5ea7b9b118e278a4b3696da61a5,2026-03,Suffolk Constabulary,Suffolk Constabulary,0.666457,52.104083,On or near Schoolfield,E01029884,Babergh 002B,Public order,Unable to prosecute suspect,
2767aaa68bd32072749cd3d44be276089f04075751c0c99c61c67e0a5b802f5a,2026-03,Suffolk Constabulary,Suffolk Constabulary,0.666310,52.100642,On or near Tye Green Paddocks,E01029884,Babergh 002B,Violence and sexual offences,Under investigation,
b83135c55f0bf3191f9ddcae89be60a0c40ed0b2e8d4d5845394660b0eb1db18,2026-03,Suffolk Constabulary,Suffolk Constabulary,0.668481,52.102508,On or near Chestnut Road,E01029884,Babergh 002B,Violence and sexual offences,Local resolution,
63d6116dbb490cc88ab020248874364597763b5d9b5b56f61effcd34465627c9,2026-03,Suffolk Constabulary,Suffolk Constabulary,0.657031,52.107165,On or near Plum Street,E01029884,Babergh 002B,Other crime,Under investigation,
58ce4185bd6783a473ab8d45495fdd72af8cf7a2ada265dc12d59e7a8a1063cc,2026-03,Suffolk Constabulary,Suffolk Constabulary,0.670371,52.099938,On or near The Pippins,E01029885,Babergh 002C,Public order,Local resolution,
47957917b55d7594720e3470f6c5e5002c6e35b30fb3d75b32672d4e005df1b4,2026-03,Suffolk Constabulary,Suffolk Constabulary,0.670371,52.099938,On or near The Pippins,E01029885,Babergh 002C,Violence and sexual offences,Action to be taken by another organisation,
63e86b4d2ed9e1b747388c8c041d5b65604827e2b231946b674fec7f935998c2,2026-03,Suffolk Constabulary,Suffolk Constabulary,0.729940,52.087827,On or near Hare Drift,E01029900,Babergh 003A,Burglary,Investigation complete; no suspect identified,
7d94944f689a6b9d2af7706edfeb16dc6b8a97a72f791ec0c4a6afde7bed5ba3,2026-03,Suffolk Constabulary,Suffolk Constabulary,0.722038,52.075761,On or near Olivers Close,E01029900,Babergh 003A,Other theft,Unable to prosecute suspect,
58ec965937103d2dd97fb4603e907fdf891fc3ef43a6f5505c9aa17f6dd758d7,2026-03,Suffolk Constabulary,Suffolk Constabulary,0.723838,52.078723,On or near Chadburn Road,E01029900,Babergh 003A,Violence and sexual offences,Action to be taken by another organisation,
c5d4db352e651148839d2b795fe0deb8249dea5845390c37deaaef15730ff419,2026-03,Suffolk Constabulary,Suffolk Constabulary,0.724643,52.088093,On or near Hare Drift,E01029900,Babergh 003A,Violence and sexual offences,Unable to prosecute suspect,
49df27e2008cc7c5ad03959376fe0563393be9e7bab81ee2b9a588009201c540,2026-03,Suffolk Constabulary,Suffolk Constabulary,0.720198,52.076955,On or near Cordell Road,E01029900,Babergh 003A,Violence and sexual offences,Action to be taken by another organisation,
933d34dc20bda85a1b4c3f32d7c155016617032534f7b37fd737b392e873cf2c,2026-03,Suffolk Constabulary,Suffolk Constabulary,0.720198,52.076955,On or near Cordell Road,E01029900,Babergh 003A,Violence and sexual offences,Action to be taken by another organisation,
61e71b7e2e904e75f9a5a2da66a3db725ce3ab845182e62c5579b943b824dc3b,2026-03,Suffolk Constabulary,Suffolk Constabulary,0.710199,52.061510,On or near Borley Road,E01029901,Babergh 003B,Criminal damage and arson,Investigation complete; no suspect identified,
9913b50700223e8709faa2729a53983ccb55c908c27db2ccaaebe69ab20164c9,2026-03,Suffolk Constabulary,Suffolk Constabulary,0.720127,52.082505,On or near School Lane,E01029901,Babergh 003B,Public order,Unable to prosecute suspect,
22d175c0951c1f7f17cba1a23305d429446b1f2e3405ec6cf7e63221609a1b62,2026-03,Suffolk Constabulary,Suffolk Constabulary,0.732935,52.053224,On or near Supermarket,E01029901,Babergh 003B,Shoplifting,Unable to prosecute suspect,
67045bee050758132eff52379bf7c3b1832c53cf23c677ee8d29993b56eac145,2026-03,Suffolk Constabulary,Suffolk Constabulary,0.716433,52.077194,On or near Supermarket,E01029901,Babergh 003B,Shoplifting,Unable to prosecute suspect,
8b9e15ba7bc65c8df4f1fb3e0fa0def2f958c108d82fbb8e346f1bbfe6579e68,2026-03,Suffolk Constabulary,Suffolk Constabulary,0.732935,52.053224,On or near Supermarket,E01029901,Babergh 003B,Shoplifting,Unable to prosecute suspect,
fca9c14cb31324820b7ec424963cbd239b7675483c3572b4a470836158c5d14f,2026-03,Suffolk Constabulary,Suffolk Constabulary,0.716938,52.073972,On or near Swan Lane,E01029901,Babergh 003B,Violence and sexual offences,Unable to prosecute suspect,
fd7ae4aaa1d0aa83472d6ae3dd1644d6f4ce8e99d2b0d60ba8b5d8f36d59bc87,2026-03,Suffolk Constabulary,Suffolk Constabulary,0.715688,52.075988,On or near The Spinney,E01029901,Babergh 003B,Violence and sexual offences,Under investigation,
27a4560de4a2d4fe3ea20636bd46c4fe7eb7fe7ec2da284751303f53fdc02776,2026-03,Suffolk Constabulary,Suffolk Constabulary,0.732935,52.053224,On or near Supermarket,E01029901,Babergh 003B,Violence and sexual offences,Unable to prosecute suspect,
7b45631cdbc3322e000eaa810ebf70b74aa718b83690e24e4a7a34da759542e4,2026-03,Suffolk Constabulary,Suffolk Constabulary,0.710199,52.061510,On or near Borley Road,E01029901,Babergh 003B,Violence and sexual offences,Investigation complete; no suspect identified,
54e43f401b0d5a1076a8bac670017528c76c5f444544fed636f2a6f7d862ee61,2026-03,Suffolk Constabulary,Suffolk Constabulary,0.728247,52.048818,On or near Tudor Close,E01029917,Babergh 003C,Public order,Unable to prosecute suspect,
6e26399a4ec1ccef48ee82cbc434c01dbc7538445a5e54f03b83cacae85c8582,2026-03,Suffolk Constabulary,Suffolk Constabulary,0.725880,52.051391,On or near Bishops Close,E01029917,Babergh 003C,Violence and sexual offences,Unable to prosecute suspect,
e303b05c56c0eefc1cb1335fc37f50e980a317ff71198d2e16b974c90dca2d9b,2026-03,Suffolk Constabulary,Suffolk Constabulary,0.725880,52.051391,On or near Bishops Close,E01029917,Babergh 003C,Violence and sexual offences,Unable to prosecute suspect,
5b4820e30a1c293d0833d53b41d535f847c5e1a3c374c2b5c4752298ca7c0413,2026-03,Suffolk Constabulary,Suffolk Constabulary,0.720214,52.053923,On or near St Benedict'S Close,E01029917,Babergh 003C,Other crime,Unable to prosecute suspect,
afe14be64b19117ba1d7f58498ac7b1abe8f4b98c990ef511c812efca8c64991,2026-03,Suffolk Constabulary,Suffolk Constabulary,0.954952,52.049328,On or near Supermarket,E01029892,Babergh 004A,Other theft,Investigation complete; no suspect identified,
f1eac306e19879c56eaee0674217d685643340caa72ebb05656e0c29015b1ea1,2026-03,Suffolk Constabulary,Suffolk Constabulary,0.953837,52.046336,On or near Sports/Recreation Area,E01029892,Babergh 004A,Possession of weapons,Unable to prosecute suspect,
a333cb72bfa7565d2cc07090d6e189567ac5d484fd8051db9bd36d6d72add480,2026-03,Suffolk Constabulary,Suffolk Constabulary,0.955198,52.047973,On or near Pykenham Way,E01029892,Babergh 004A,Public order,Unable to prosecute suspect,
2b21898c6f853f837d4f4fb79fdfa4bbb04f0bc6e521a41d4808647f762b8970,2026-03,Suffolk Constabulary,Suffolk Constabulary,0.952351,52.042630,On or near Parking Area,E01029892,Babergh 004A,Public order,Unable to prosecute suspect,
51a226cbdafce0ad1519df3f76fc83afbbbd0c35fa9db54f374ddad0d1b5a130,2026-03,Suffolk Constabulary,Suffolk Constabulary,0.954952,52.049328,On or near Supermarket,E01029892,Babergh 004A,Public order,Investigation complete; no suspect identified,
286c5b878426c90ec191d0138adb87e9bed533fecf8ea297b3be453c2651feab,2026-03,Suffolk Constabulary,Suffolk Constabulary,0.953623,52.044883,On or near Parking Area,E01029892,Babergh 004A,Shoplifting,Under investigation,
2578582b16221df2ba948539466c1ce79fb6b2e4b0ab81cfff9b7aef00d07d3c,2026-03,Suffolk Constabulary,Suffolk Constabulary,0.956688,52.045579,On or near Inkerman Terrace,E01029892,Babergh 004A,Vehicle crime,Unable to prosecute suspect,
5a0c08dce1fc6c571e08642baf5455efbde51f5d9ededf3fb25f88bbb6d76b44,2026-03,Suffolk Constabulary,Suffolk Constabulary,0.952065,52.046478,On or near High Street Mews,E01029892,Babergh 004A,Violence and sexual offences,Investigation complete; no suspect identified,
4336172d8233ba88e547e556894ff01c0d190b161ab2f6718a6f076d2025c0b1,2026-03,Suffolk Constabulary,Suffolk Constabulary,0.955198,52.047973,On or near Pykenham Way,E01029892,Babergh 004A,Violence and sexual offences,Action to be taken by another organisation,
4e89b77e4987e0dce098c688e01babab897e7f084fce7e72b19ceb8ccff66613,2026-03,Suffolk Constabulary,Suffolk Constabulary,0.960576,52.048791,On or near Timperley Road,E01029892,Babergh 004A,Violence and sexual offences,Unable to prosecute suspect,
9f577bc5700973c5081a9d23b2428793dceb4008bb7eb607f4e4a6671250f442,2026-03,Suffolk Constabulary,Suffolk Constabulary,0.955198,52.047973,On or near Pykenham Way,E01029892,Babergh 004A,Violence and sexual offences,Action to be taken by another organisation,
28727cd03cf23114fcfd4c774e9f588acd89dfa18650b3667974f67ec1e30040,2026-03,Suffolk Constabulary,Suffolk Constabulary,0.953623,52.044883,On or near Parking Area,E01029892,Babergh 004A,Violence and sexual offences,Investigation complete; no suspect identified,
a0d986004b67a116b49b51c8aa09d6455e8299d4ce38e965c352a373a25b0997,2026-03,Suffolk Constabulary,Suffolk Constabulary,0.953028,52.046705,On or near Meadows Way,E01029892,Babergh 004A,Violence and sexual offences,Offender given a caution,
02e2b06189636703c3b3ee4329f159e1ca2ee56c8cae5b85de3fc12d4baaaa05,2026-03,Suffolk Constabulary,Suffolk Constabulary,0.958098,52.045949,On or near Threadneedle Street,E01029892,Babergh 004A,Violence and sexual offences,Action to be taken by another organisation,
bdcdc5d648bdd5f1965bef609bab0a5fe447e2ead0378114f1d72b9ca0fb9491,2026-03,Suffolk Constabulary,Suffolk Constabulary,0.954641,52.045730,On or near Spooners Lane,E01029892,Babergh 004A,Violence and sexual offences,Unable to prosecute suspect,
670e491385307a9247df258b4234feed08e2cdcdae29e0dd96cb4c043531e47a,2026-03,Suffolk Constabulary,Suffolk Constabulary,0.952351,52.042630,On or near Parking Area,E01029892,Babergh 004A,Violence and sexual offences,Under investigation,
00d7675168403a19bd385c886411f0180b32c4fd83edf7c7b6eeaaee49727453,2026-03,Suffolk Constabulary,Suffolk Constabulary,0.953837,52.046336,On or near Sports/Recreation Area,E01029892,Babergh 004A,Violence and sexual offences,Action to be taken by another organisation,
03d09eef97b9750cbd2627f561e988b5ccaec5085715726c53e54aa64c809646,2026-03,Suffolk Constabulary,Suffolk Constabulary,0.955198,52.047973,On or near Pykenham Way,E01029892,Babergh 004A,Violence and sexual offences,Action to be taken by another organisation,
60b03e8f252433489bb4e4d55eeda98ef0a93606aa466c66bc989574f712df4b,2026-03,Suffolk Constabulary,Suffolk Constabulary,0.955198,52.047973,On or near Pykenham Way,E01029892,Babergh 004A,Violence and sexual offences,Action to be taken by another organisation,
7e240129c0f9410a0ec481c29cda0a439e543580b3c70c003f40bc5d97eb5900,2026-03,Suffolk Constabulary,Suffolk Constabulary,0.952634,52.047354,On or near Calais Street,E01029892,Babergh 004A,Violence and sexual offences,Unable to prosecute suspect,
4ace6752447e9907e01134eac9952bbd07024f7172ba956c6158fe3bd5a5b70d,2026-03,Suffolk Constabulary,Suffolk Constabulary,0.959835,52.047947,On or near Ansell Close,E01029892,Babergh 004A,Violence and sexual offences,Under investigation,
bb27ed885c3dedb72c21c04922a039e12e93204b0cd0d669aa32141583bea304,2026-03,Suffolk Constabulary,Suffolk Constabulary,0.961672,52.040876,On or near Wilson Road,E01029894,Babergh 004C,Violence and sexual offences,Under investigation,
d5c6dbe3641651ebcccedadfb05caf443f85dbaec13840aa0b6f9fcc5fa01299,2026-03,Suffolk Constabulary,Suffolk Constabulary,0.960584,52.042073,On or near Highlands Road,E01029895,Babergh 004D,Violence and sexual offences,Action to be taken by another organisation,
bcb78d2f8c01d33e8a13db2c5c966d25974b9daa33eb81366374bb1e2e14e1a9,2026-03,Suffolk Constabulary,Suffolk Constabulary,0.964730,52.043902,On or near Edwin Panks Road,E01029895,Babergh 004D,Violence and sexual offences,Investigation complete; no suspect identified,
70b7b95f03cd317aa16453c3d7b6097714aee15291a7473cf8dce0a1157a56e1,2026-03,Suffolk Constabulary,Suffolk Constabulary,0.947544,52.039612,On or near Holbecks Lane,E01029895,Babergh 004D,Violence and sexual offences,Under investigation,
c704735f330374a572b2281a0a2c4bcb090b418e1f8483d9621f8f1b5f77ef8d,2026-03,Suffolk Constabulary,Suffolk Constabulary,0.963445,52.041452,On or near Station Road,E01029895,Babergh 004D,Violence and sexual offences,Action to be taken by another organisation,
299fa213e2019dbebc68b89fd66a7bf50e4ac573b33212ff4ad49fbc7fc2da08,2026-03,Suffolk Constabulary,Suffolk Constabulary,0.956765,52.043653,On or near Guthrum Road,E01029896,Babergh 004E,Other theft,Action to be taken by another organisation,
da3c9e8de8f3ec1d9fbcdb3ed00fa8922dd23637562873411ba39e39617bf8dd,2026-03,Suffolk Constabulary,Suffolk Constabulary,0.959500,52.045536,On or near George Street,E01029896,Babergh 004E,Violence and sexual offences,Unable to prosecute suspect,
32d6cbaba0c53911865c03b068d83c47390f0026005e871d7e496d53cff84ced,2026-03,Suffolk Constabulary,Suffolk Constabulary,0.954561,52.080312,On or near The Street,E01029911,Babergh 004F,Other theft,Investigation complete; no suspect identified,
8d6a9f80192d69bee12ab73c360561f9c3f8afaa4e95ed33680e00d526dd15f5,2026-03,Suffolk Constabulary,Suffolk Constabulary,0.957590,52.082187,On or near Church Farm Place,E01029911,Babergh 004F,Violence and sexual offences,Action to be taken by another organisation,
268bc51f6a791a8b77bc8950cda562855c8856f6955c6a4e8be86327c8495264,2026-03,Suffolk Constabulary,Suffolk Constabulary,0.964563,52.061857,On or near Cosford Road,E01029911,Babergh 004F,Violence and sexual offences,Under investigation,
1c097c55bd3a11cec2988c506822fa95703ac3d229dde832ea0db39e3961afe9,2026-03,Suffolk Constabulary,Suffolk Constabulary,0.964563,52.061857,On or near Cosford Road,E01029911,Babergh 004F,Violence and sexual offences,Under investigation,
123d97ee84a897235d798f439a0c867cbc7bb54ad3d1b77afc633ec3506c764d,2026-03,Suffolk Constabulary,Suffolk Constabulary,1.004488,52.076477,On or near Ipswich Road,E01029911,Babergh 004F,Violence and sexual offences,Unable to prosecute suspect,
4a93d5673bc9f7b589a6ff8c90f600aa234feb09920d78687a16088e08f45f98,2026-03,Suffolk Constabulary,Suffolk Constabulary,0.957590,52.082187,On or near Church Farm Place,E01029911,Babergh 004F,Violence and sexual offences,Action to be taken by another organisation,
183cf7e92a7500872b03ce779d6f947dde0b454e63984bd9caa85feb2afd50e7,2026-03,Suffolk Constabulary,Suffolk Constabulary,1.004488,52.076477,On or near Ipswich Road,E01029911,Babergh 004F,Violence and sexual offences,Unable to prosecute suspect,
160f0361097c571fdd268157b4dc5e89237a23d2faf79dc1d268c2e72c6b7fea,2026-03,Suffolk Constabulary,Suffolk Constabulary,0.948759,52.109632,On or near Blenheim Meadow,E01029911,Babergh 004F,Violence and sexual offences,Unable to prosecute suspect,
2b927140882c225b094d857cb78c54e649baebcb67b76c99cf57c09b16593ecc,2026-03,Suffolk Constabulary,Suffolk Constabulary,0.952928,52.078122,On or near Wheatfields,E01029911,Babergh 004F,Other crime,Further investigation is not in the public interest,
,2026-03,Suffolk Constabulary,Suffolk Constabulary,0.970785,52.048318,On or near Emma Girling Close,E01034559,Babergh 004G,Anti-social behaviour,,
0c020fe27b44992a33d86aa3034a38246f8032604b03c064d1c7f2cc1be97c6b,2026-03,Suffolk Constabulary,Suffolk Constabulary,0.964623,52.047134,On or near Millers Close,E01034559,Babergh 004G,Vehicle crime,Investigation complete; no suspect identified,
f05e2acdc48ef3510a6c65faa614c77ec654adcc1f3a1a6c007655eaeffc8820,2026-03,Suffolk Constabulary,Suffolk Constabulary,0.955812,52.053075,On or near Chisnall Close,E01034559,Babergh 004G,Violence and sexual offences,Action to be taken by another organisation,
d404dc6b1dbd0d65b0185b45bde92e5328b4ac2e39bb3c42967950ce1e3dfc27,2026-03,Suffolk Constabulary,Suffolk Constabulary,0.955812,52.053075,On or near Chisnall Close,E01034559,Babergh 004G,Violence and sexual offences,Action to be taken by another organisation,
8f2f7d8e7471687757ec07d92a583de6ace722ca78e4b1563fdb7ea151702328,2026-03,Suffolk Constabulary,Suffolk Constabulary,0.962207,52.053814,On or near Malyon Road,E01034559,Babergh 004G,Violence and sexual offences,Unable to prosecute suspect,
7da9a2a6c267ba0f636f28d41481dfccf8713339fc286e79ca01272133cc74a2,2026-03,Suffolk Constabulary,Suffolk Constabulary,0.971016,52.050714,On or near Ann Strutt Close,E01034559,Babergh 004G,Violence and sexual offences,Unable to prosecute suspect,
dd2ebab23fc11484bb93f85984e3e432efab87ea367c910e9046c1ba3ee9c0e5,2026-03,Suffolk Constabulary,Suffolk Constabulary,0.958359,52.050565,On or near Churchill Avenue,E01034560,Babergh 004H,Other theft,Investigation complete; no suspect identified,
f068c05c46ea44c7e727fe3e94c8e09fbad8ae50f43e83b2dc11d6d535a56734,2026-03,Suffolk Constabulary,Suffolk Constabulary,0.945902,52.050796,On or near Gallows Hill,E01034560,Babergh 004H,Violence and sexual offences,Unable to prosecute suspect,
192f6e3b7b9e04d590a231a8f66deab2d32bc330efc78aa91f517cd9c353b6b9,2026-03,Suffolk Constabulary,Suffolk Constabulary,0.944133,52.050067,On or near Castle Road,E01034560,Babergh 004H,Violence and sexual offences,Action to be taken by another organisation,
df0c2d461a19d9e96d6b7b20da39adb6843dc6b190ad692ee17a10d0f3763d94,2026-03,Suffolk Constabulary,Suffolk Constabulary,1.065829,52.012704,On or near Parking Area,E01029877,Babergh 005A,Criminal damage and arson,Investigation complete; no suspect identified,
d753e4bc49117c8fe508c5b05a99653e024729fef1afb01e7931bfa5b985a9e3,2026-03,Suffolk Constabulary,Suffolk Constabulary,1.054076,52.050262,On or near Silver Hill,E01029877,Babergh 005A,Public order,Investigation complete; no suspect identified,
023050cb3bb77708f7dd9c842fd2cf3721ad90f0131449ff27feaa56e696b3bc,2026-03,Suffolk Constabulary,Suffolk Constabulary,1.082316,52.029050,On or near Sports/Recreation Area,E01029877,Babergh 005A,Violence and sexual offences,Unable to prosecute suspect,
89955810a5fc79ee03944dbff4d18d70205b1a0b1fc1d52036f2e8283dd6fa95,2026-03,Suffolk Constabulary,Suffolk Constabulary,1.114704,52.063495,On or near Sproughton Road,E01029878,Babergh 005B,Shoplifting,Investigation complete; no suspect identified,
6715bca21bc031ee5b44cb5bef47c4d37a4d969424a31ba2a8416dba456f87a0,2026-03,Suffolk Constabulary,Suffolk Constabulary,1.111427,52.065048,On or near Farthing Road,E01029878,Babergh 005B,Shoplifting,Awaiting court outcome,
bfccfaa679a0818861309f2c84e5a4796da2ae9b26dd4abf289ba8108eea9440,2026-03,Suffolk Constabulary,Suffolk Constabulary,1.095032,52.060938,On or near High Street,E01029878,Babergh 005B,Violence and sexual offences,Unable to prosecute suspect,
c5b9660315260859109e1e6c1e6ae81f0ff8887da35493f3ff77bbade03e88e8,2026-03,Suffolk Constabulary,Suffolk Constabulary,1.097936,52.061356,On or near Church Crescent,E01029878,Babergh 005B,Violence and sexual offences,Unable to prosecute suspect,
,2026-03,Suffolk Constabulary,Suffolk Constabulary,1.104656,52.025726,On or near Buck'S Horns Lane,E01029879,Babergh 005C,Anti-social behaviour,,
09cdececf184502e4c940b4d21e2c7484e831cfd1ede7ff091ac6245c3a2260b,2026-03,Suffolk Constabulary,Suffolk Constabulary,1.152916,52.031332,On or near B1456,E01029879,Babergh 005C,Burglary,Investigation complete; no suspect identified,
45a3c3008b7d35b4d6064259b9342345b759887ece0c1c3894d8c2f337750004,2026-03,Suffolk Constabulary,Suffolk Constabulary,1.101200,52.046566,On or near Poplar Lane,E01029879,Babergh 005C,Burglary,Investigation complete; no suspect identified,
f6a9680c13eae019637b90a2e1439eca726efbcd78f02def826beb97e510983a,2026-03,Suffolk Constabulary,Suffolk Constabulary,1.101200,52.046566,On or near Poplar Lane,E01029879,Babergh 005C,Other theft,Unable to prosecute suspect,
2dd8b96f5f69dbd5a8d3822447f377ed502770b6e17f51944d2d52906acd0393,2026-03,Suffolk Constabulary,Suffolk Constabulary,1.090848,52.027186,On or near Oakfield Road,E01029879,Babergh 005C,Other theft,Investigation complete; no suspect identified,
40acc1f42f15abfd812bf5c5ddef02f2ce3a5df6ff9ca17dfd85d562ef8f3acf,2026-03,Suffolk Constabulary,Suffolk Constabulary,1.103245,52.047654,On or near Chantry Park View,E01029879,Babergh 005C,Other theft,Investigation complete; no suspect identified,
1d56f5fec066b4faacfd8b7c6909dc1f1d8075f36c98227d633560176a3c80c9,2026-03,Suffolk Constabulary,Suffolk Constabulary,1.142943,52.023451,On or near Parking Area,E01029879,Babergh 005C,Shoplifting,Awaiting court outcome,
ab55c73c6d02d38edfa1d2c9c68f221d029d528f8039628e494c4475c8f4e704,2026-03,Suffolk Constabulary,Suffolk Constabulary,1.142943,52.023451,On or near Parking Area,E01029879,Babergh 005C,Shoplifting,Awaiting court outcome,
c1ed73752063bdb5b98a1da0be09652475e0f985b5920ed984816dd48adce7a5,2026-03,Suffolk Constabulary,Suffolk Constabulary,1.071832,52.042659,On or near Spring Road,E01029879,Babergh 005C,Vehicle crime,Investigation complete; no suspect identified,
5ad25dc352d4250f393dfbe6fbf19f55a51d1c5f72b9501430242ccb0b329535,2026-03,Suffolk Constabulary,Suffolk Constabulary,1.088919,52.037490,On or near Mill Lane,E01029879,Babergh 005C,Violence and sexual offences,Unable to prosecute suspect,
8246d57182fef6e84567593dc28aee87ba4a55997db9b44846e4b1cfa6b9b3af,2026-03,Suffolk Constabulary,Suffolk Constabulary,1.088006,52.036722,On or near Pearsons Way,E01029879,Babergh 005C,Violence and sexual offences,Under investigation,
3b7aa41acca2dcf91ea64792d39ac3968c5130e2a4767b576f730ee41f324536,2026-03,Suffolk Constabulary,Suffolk Constabulary,1.088006,52.036722,On or near Pearsons Way,E01029879,Babergh 005C,Violence and sexual offences,Under investigation,
f6dca161e206c43b76c585ad27fed527616600305437907ea10bec73daf8645e,2026-03,Suffolk Constabulary,Suffolk Constabulary,1.088006,52.036722,On or near Pearsons Way,E01029879,Babergh 005C,Violence and sexual offences,Under investigation,
0d42a597e701d864b3230fe840b8cc4338997fa424a328709cae56913ffc8933,2026-03,Suffolk Constabulary,Suffolk Constabulary,1.071832,52.042659,On or near Spring Road,E01029879,Babergh 005C,Violence and sexual offences,Local resolution,
b917ce2e3392c9f95b66a9a1d369cb43e4e11125fd21c7ab5a275fcf2c5e123d,2026-03,Suffolk Constabulary,Suffolk Constabulary,1.101200,52.046566,On or near Poplar Lane,E01029879,Babergh 005C,Violence and sexual offences,Unable to prosecute suspect,
5b937e90914b58245bd3dc3f49533549e5df105341f69cb4655e872ad85d8180,2026-03,Suffolk Constabulary,Suffolk Constabulary,1.119549,52.032527,On or near Clearwing Close,E01029908,Babergh 005D,Violence and sexual offences,Unable to prosecute suspect,
,2026-03,Suffolk Constabulary,Suffolk Constabulary,1.105811,52.042379,On or near Chamberlain Way,E01029909,Babergh 005E,Anti-social behaviour,,
65acb104d0b443548d21113038bf945cb215762fe6fe4089051b63f810c0de8a,2026-03,Suffolk Constabulary,Suffolk Constabulary,1.104098,52.044020,On or near Sports/Recreation Area,E01029909,Babergh 005E,Other theft,Investigation complete; no suspect identified,
7c2cb29e86fd74691f9cf1894abed1db512de561b6daf1ced0e13c192b8c1e04,2026-03,Suffolk Constabulary,Suffolk Constabulary,1.104098,52.044020,On or near Sports/Recreation Area,E01029909,Babergh 005E,Public order,Investigation complete; no suspect identified,
f6715880e062b28ab72d3d6b4454fb08d5e4f144c710fe2479e9a01a6eb35b61,2026-03,Suffolk Constabulary,Suffolk Constabulary,1.108144,52.042794,On or near Laburnum Close,E01029909,Babergh 005E,Public order,Investigation complete; no suspect identified,
7bd075b95c6963dede862c6698efdef2722139f4fd274edfa2504b291951d6dd,2026-03,Suffolk Constabulary,Suffolk Constabulary,1.103248,52.041385,On or near Cherry Blossom Close,E01029909,Babergh 005E,Shoplifting,Investigation complete; no suspect identified,
97f0adf9bf8691d503247bed1bed45ada925a88a59fd1a1b77a0835174b545e3,2026-03,Suffolk Constabulary,Suffolk Constabulary,1.108144,52.042794,On or near Laburnum Close,E01029909,Babergh 005E,Shoplifting,Investigation complete; no suspect identified,
8f47dd54caea576819ea195bd0c881ad57f9df04c38b5a185f3e4fd3b43bc18e,2026-03,Suffolk Constabulary,Suffolk Constabulary,1.103248,52.041385,On or near Cherry Blossom Close,E01029909,Babergh 005E,Shoplifting,Investigation complete; no suspect identified,
6f6487e44f6903165ad97c5bc86b19515cc79996f9910b1139d0474eaa8ad0f1,2026-03,Suffolk Constabulary,Suffolk Constabulary,1.108144,52.042794,On or near Laburnum Close,E01029909,Babergh 005E,Shoplifting,Investigation complete; no suspect identified,
f75ae02887238c2c723a4c3ad80d7cab833390e66be1f853daf47d218da049e1,2026-03,Suffolk Constabulary,Suffolk Constabulary,1.106017,52.044937,On or near Further/Higher Educational Building,E01029909,Babergh 005E,Violence and sexual offences,Awaiting court outcome,
dae46ba10b154495a33b20b0ddb1af2edc1840bba2e9180b627950e4fe7cfe55,2026-03,Suffolk Constabulary,Suffolk Constabulary,1.106017,52.044937,On or near Further/Higher Educational Building,E01029909,Babergh 005E,Violence and sexual offences,Unable to prosecute suspect,
5674f5491a1a3037c8392594b4472e0d5a61ebcb1338a3da11bf4df8ada2ba78,2026-03,Suffolk Constabulary,Suffolk Constabulary,1.106017,52.044937,On or near Further/Higher Educational Building,E01029909,Babergh 005E,Violence and sexual offences,Awaiting court outcome,
3553ae56ef9d859593b78cee566dbfa37ada79ea2547231eb0b00b0b72990eea,2026-03,Suffolk Constabulary,Suffolk Constabulary,1.106017,52.044937,On or near Further/Higher Educational Building,E01029909,Babergh 005E,Violence and sexual offences,Unable to prosecute suspect,
c7988ef7503f630db55f0c8b1d2f16de18ed43cbec6d1d9040221232743ff957,2026-03,Suffolk Constabulary,Suffolk Constabulary,1.102291,52.038946,On or near Oldfield Road,E01029909,Babergh 005E,Violence and sexual offences,Under investigation,
49ae0b121104a7898dad9b016d54a6b28f0167e903263c4983d9544f6004636e,2026-03,Suffolk Constabulary,Suffolk Constabulary,1.106017,52.044937,On or near Further/Higher Educational Building,E01029909,Babergh 005E,Violence and sexual offences,Unable to prosecute suspect,
c9ebe640304907000f672b34c0f8d5569374cbc2ad3c15ab834066ba6e3b50cd,2026-03,Suffolk Constabulary,Suffolk Constabulary,1.110296,52.038501,On or near Pin Mill Close,E01029910,Babergh 005F,Other theft,Under investigation,
c877d64fc7c82d264134ff36540a049d83f59b7f25555dc7d32d6b2a7da848a8,2026-03,Suffolk Constabulary,Suffolk Constabulary,1.102786,52.040399,On or near Greenspire Grove,E01029910,Babergh 005F,Public order,Unable to prosecute suspect,
47577af197c34fba56cbda59df3fdd958b3d6ebc7a188134f6599dddd4efad7c,2026-03,Suffolk Constabulary,Suffolk Constabulary,1.102786,52.040399,On or near Greenspire Grove,E01029910,Babergh 005F,Shoplifting,Investigation complete; no suspect identified,
14a7cd2fce1406c36b93b278de9ba07ee62f2e0bf8bd691316b4f60e4ec49695,2026-03,Suffolk Constabulary,Suffolk Constabulary,1.105394,52.041212,On or near Skylark Lane,E01029910,Babergh 005F,Violence and sexual offences,Unable to prosecute suspect,
47a0a3bcc01274c58bb0da4f5a08754d63f7304d4ebfa53facedc75c1a1e37f5,2026-03,Suffolk Constabulary,Suffolk Constabulary,1.105394,52.041212,On or near Skylark Lane,E01029910,Babergh 005F,Violence and sexual offences,Action to be taken by another organisation,
dc851ceaa46e7fc9e21d67d35bd588922b6ff4001f0cc8f1e4d7781de06255b0,2026-03,Suffolk Constabulary,Suffolk Constabulary,1.112225,52.037506,On or near Appleby Close,E01029910,Babergh 005F,Violence and sexual offences,Unable to prosecute suspect,
a9f801c9bc5e04b08c94637e6e62a87fcbe3380ae97db84dfe505198577847ea,2026-03,Suffolk Constabulary,Suffolk Constabulary,1.105394,52.041212,On or near Skylark Lane,E01029910,Babergh 005F,Violence and sexual offences,Under investigation,
bfd8bc0d4a1e06e2d5dcc4882cb7bf1467617c54542776c858aa7de23a0516fd,2026-03,Suffolk Constabulary,Suffolk Constabulary,0.779424,51.971628,On or near Tawneys Ride,E01029880,Babergh 006A,Criminal damage and arson,Unable to prosecute suspect,
5f106fc7661ad2adab056d8e0d1a511f6a6ce76d180448a8f8cf9bebdb6cf35c,2026-03,Suffolk Constabulary,Suffolk Constabulary,0.778115,51.974016,On or near Apple Tree Mews,E01029880,Babergh 006A,Criminal damage and arson,Investigation complete; no suspect identified,
bf1c22c74cbab8c0be9e03c9dc9851dc84954fc9d4df0095f57d00aa96007be5,2026-03,Suffolk Constabulary,Suffolk Constabulary,0.781757,51.977095,On or near St Edmunds Lane,E01029880,Babergh 006A,Vehicle crime,Investigation complete; no suspect identified,
57c14262206d6d7da111584540ad220b4a40073a57d4cb9fc1f7003aba88619d,2026-03,Suffolk Constabulary,Suffolk Constabulary,0.775607,51.973949,On or near The Croft,E01029880,Babergh 006A,Violence and sexual offences,Investigation complete; no suspect identified,
,2026-03,Suffolk Constabulary,Suffolk Constabulary,0.776603,52.059451,On or near The Heath,E01029921,Babergh 006B,Anti-social behaviour,,
4e5a9e316107f012e81b594d61c6d4a531fdbdecd7a3c4b9a4c4ec72f09e5528,2026-03,Suffolk Constabulary,Suffolk Constabulary,0.753120,52.045559,On or near Church Field Road,E01029921,Babergh 006B,Vehicle crime,Investigation complete; no suspect identified,
fd9c5a93270bba3438aaa00cdcbc9e6a5a61e14c1a5560efc75ee5c76d414248,2026-03,Suffolk Constabulary,Suffolk Constabulary,0.776453,52.057044,On or near Chestnut Close,E01029921,Babergh 006B,Violence and sexual offences,Action to be taken by another organisation,
a3b564d780d7a4ed65a2e7912475a772ccf37d2572904c6b37399f2fb7af19d5,2026-03,Suffolk Constabulary,Suffolk Constabulary,0.779782,52.054034,On or near Lynn'S Hall Close,E01029921,Babergh 006B,Violence and sexual offences,Under investigation,
99d3002279b8e0bd39368ae457e11fda9cd165c8054b0d97398652cebf0daafc,2026-03,Suffolk Constabulary,Suffolk Constabulary,0.801924,52.070533,On or near Wade Crescent,E01029922,Babergh 006C,Burglary,Under investigation,
3d8c41c6162985fece9291106fd610632b77700bcf6bf0605c83e0812e9d6d50,2026-03,Suffolk Constabulary,Suffolk Constabulary,0.801924,52.070533,On or near Wade Crescent,E01029922,Babergh 006C,Other theft,Investigation complete; no suspect identified,
158fb1dcf905e3ae90fa962bd067290f64025a51a42e6528a0de96030e39ff3a,2026-03,Suffolk Constabulary,Suffolk Constabulary,0.801924,52.070533,On or near Wade Crescent,E01029922,Babergh 006C,Public order,Unable to prosecute suspect,
bcf65330ff9abc7c9fa22dc16cff4416945738e91d64157669bd7b0b4173c5f9,2026-03,Suffolk Constabulary,Suffolk Constabulary,0.804829,52.072416,On or near The Street,E01029922,Babergh 006C,Violence and sexual offences,Under investigation,
16ef450af1b3e2df9b8a37210c7e4bb4878c7ea6f0b465e06d9b942e6399dafb,2026-03,Suffolk Constabulary,Suffolk Constabulary,0.787675,52.058029,On or near Rectory Road,E01029922,Babergh 006C,Violence and sexual offences,Investigation complete; no suspect identified,
3a3cc86c8a686a0d3035b2fb644556f041e02a21e9003f6367b9f7fa91fb7ad5,2026-03,Suffolk Constabulary,Suffolk Constabulary,0.759217,52.067818,On or near Tamage Road,E01029923,Babergh 006D,Violence and sexual offences,Unable to prosecute suspect,
669aea878efe809c6f39667e7476fcd669e039931a9abf7a2239871e43f9449a,2026-03,Suffolk Constabulary,Suffolk Constabulary,0.759217,52.067818,On or near Tamage Road,E01029923,Babergh 006D,Other crime,Further investigation is not in the public interest,
,2026-03,Suffolk Constabulary,Suffolk Constabulary,0.734124,52.041883,On or near Upper East Street,E01029912,Babergh 007A,Anti-social behaviour,,
,2026-03,Suffolk Constabulary,Suffolk Constabulary,0.742971,52.046794,On or near First Avenue,E01029912,Babergh 007A,Anti-social behaviour,,
,2026-03,Suffolk Constabulary,Suffolk Constabulary,0.733134,52.040233,On or near East Street,E01029912,Babergh 007A,Anti-social behaviour,,
8e9366c92ed355215ed7092af85db64e57763fa4781fa7b56c86d6ea3128dba7,2026-03,Suffolk Constabulary,Suffolk Constabulary,0.742971,52.046794,On or near First Avenue,E01029912,Babergh 007A,Criminal damage and arson,Investigation complete; no suspect identified,
0976725f66a8b62f5d325bf8db9ccb85a85c522eb97f0f1fb9910093b9c77b88,2026-03,Suffolk Constabulary,Suffolk Constabulary,0.742971,52.046794,On or near First Avenue,E01029912,Babergh 007A,Criminal damage and arson,Investigation complete; no suspect identified,
883728bdb6b621afbca208e48d2fff79ceaf4af1c7d6f808283f925e725aa42f,2026-03,Suffolk Constabulary,Suffolk Constabulary,0.734043,52.039834,On or near Cavendish Way,E01029912,Babergh 007A,Drugs,Awaiting court outcome,
c573fedc4b10d4922dd44c1d6cf12868faedd364f74add877c420dec7cbe271d,2026-03,Suffolk Constabulary,Suffolk Constabulary,0.732483,52.041031,On or near Newman'S Road,E01029912,Babergh 007A,Public order,Unable to prosecute suspect,
dfc21723f683d2d74362d0ddac0fcfea80c8cda236bbc12d1640d82b6981539a,2026-03,Suffolk Constabulary,Suffolk Constabulary,0.735330,52.043231,On or near Acton Close,E01029912,Babergh 007A,Vehicle crime,Investigation complete; no suspect identified,
c067718b0dc0904cc8c302923b62849fb1d9fc0dc916ed96dd9902cb3cae97f6,2026-03,Suffolk Constabulary,Suffolk Constabulary,0.739883,52.049006,On or near Essex Avenue,E01029912,Babergh 007A,Vehicle crime,Investigation complete; no suspect identified,
38ae6fb6b55fbd7ea03646f90be345b3936cffee6a27fb5f679908434c605061,2026-03,Suffolk Constabulary,Suffolk Constabulary,0.738777,52.045462,On or near People Park Way,E01029912,Babergh 007A,Violence and sexual offences,Under investigation,
25ca35682be0e57ebef5fc27204491bf82793ae127fdbddd4d12483af7d5382b,2026-03,Suffolk Constabulary,Suffolk Constabulary,0.734043,52.039834,On or near Cavendish Way,E01029912,Babergh 007A,Violence and sexual offences,Unable to prosecute suspect,
710f78fd86b6f5e7797bcb76a1499af1506d5c97ca3b92ae08f0d0be63c86b14,2026-03,Suffolk Constabulary,Suffolk Constabulary,0.734043,52.039834,On or near Cavendish Way,E01029912,Babergh 007A,Violence and sexual offences,Unable to prosecute suspect,
5268f05c6b57745e6562f0042881fb6395612aed79f0acabb74a650bc1d0f710,2026-03,Suffolk Constabulary,Suffolk Constabulary,0.737358,52.045153,On or near Paul Earee Parkway,E01029912,Babergh 007A,Violence and sexual offences,Under investigation,
67332682c82eb7c7d0ae0560ec1f4faf525d06e940b500ec929aca1a66841a04,2026-03,Suffolk Constabulary,Suffolk Constabulary,0.734043,52.039834,On or near Cavendish Way,E01029912,Babergh 007A,Violence and sexual offences,Under investigation,
1025f7fa80e2a34ba9118b0a53ed144990254e1bca55c8988932a3bbaceb62e2,2026-03,Suffolk Constabulary,Suffolk Constabulary,0.732483,52.041031,On or near Newman'S Road,E01029912,Babergh 007A,Violence and sexual offences,Unable to prosecute suspect,
332438c6ecdf49f4f2a6e0c51157c0bf551577c3649381fa0fcf021b30870af2,2026-03,Suffolk Constabulary,Suffolk Constabulary,0.738777,52.045462,On or near People Park Way,E01029912,Babergh 007A,Violence and sexual offences,Unable to prosecute suspect,
7239afbbd11ea873510db5bc57144ab64eef50b8dc078ac00cf0b2b6aa67e2fc,2026-03,Suffolk Constabulary,Suffolk Constabulary,0.738777,52.045462,On or near People Park Way,E01029912,Babergh 007A,Violence and sexual offences,Unable to prosecute suspect,
d5087364bbddbc64e8587bf5e977beee9315e38d1d16f06a8d98ce546f3d549a,2026-03,Suffolk Constabulary,Suffolk Constabulary,0.738777,52.045462,On or near People Park Way,E01029912,Babergh 007A,Violence and sexual offences,Unable to prosecute suspect,
4a2cefc2cf25a58082a6bccbd3e9bfc4bbe58a5834f9328f160eb732f6b18b67,2026-03,Suffolk Constabulary,Suffolk Constabulary,0.744706,52.040360,On or near Warner Way,E01029913,Babergh 007B,Criminal damage and arson,Unable to prosecute suspect,
d87b36f968fc8697ddc68e6cdfcde0dcf683127f9eb2defe167b5d089aa2021b,2026-03,Suffolk Constabulary,Suffolk Constabulary,0.747294,52.044751,On or near Addison Road,E01029913,Babergh 007B,Drugs,Awaiting court outcome,
f362643605644a9e714fce7bd7b477828c6f4b53c1bf916b0c019abde9208116,2026-03,Suffolk Constabulary,Suffolk Constabulary,0.734996,52.038958,On or near Belle Vue Road,E01029913,Babergh 007B,Robbery,Unable to prosecute suspect,
dbe4b5be58e0e000d00e3c0c764f5ffdca4ceaa05c29160ec03931721ae71769,2026-03,Suffolk Constabulary,Suffolk Constabulary,0.749683,52.040900,On or near Curzon Road,E01029913,Babergh 007B,Shoplifting,Awaiting court outcome,
,2026-03,Suffolk Constabulary,Suffolk Constabulary,0.743886,52.051494,On or near Herbert Close,E01029914,Babergh 007C,Anti-social behaviour,,
,2026-03,Suffolk Constabulary,Suffolk Constabulary,0.743886,52.051494,On or near Herbert Close,E01029914,Babergh 007C,Anti-social behaviour,,
075869733e320b41e8c5f8cbfc5e4b1e70384b6d9bc304868f35b374a0de4a53,2026-03,Suffolk Constabulary,Suffolk Constabulary,0.739092,52.050617,On or near Grenville Road,E01029914,Babergh 007C,Drugs,Awaiting court outcome,
29a7077f09b4b2ebfa16a9c020ac03d01f6268195042e3ab37af519de357fa2e,2026-03,Suffolk Constabulary,Suffolk Constabulary,0.737268,52.049652,On or near Talbot Road,E01029914,Babergh 007C,Vehicle crime,Investigation complete; no suspect identified,
ec667dbcf5b7bcbdee402eee1e3e25ba2114116598325cd9cd237b743f937e84,2026-03,Suffolk Constabulary,Suffolk Constabulary,0.743262,52.048928,On or near Beatty Road,E01029914,Babergh 007C,Violence and sexual offences,Investigation complete; no suspect identified,
c2d9d3a3965a8dbef08f1f99285a247b130f1bda657b32bbc03a2e4e74184cb0,2026-03,Suffolk Constabulary,Suffolk Constabulary,0.741191,52.047501,On or near Second Avenue,E01029914,Babergh 007C,Violence and sexual offences,Unable to prosecute suspect,
d3d0360aa2b6aa32fbc103d6482796cda1c9d8d59615303f828b198a43eee632,2026-03,Suffolk Constabulary,Suffolk Constabulary,0.739092,52.050617,On or near Grenville Road,E01029914,Babergh 007C,Violence and sexual offences,Unable to prosecute suspect,
8f321ab1566749e7225037665aa1e17912aa535dd55b8969aed2363a15408ed0,2026-03,Suffolk Constabulary,Suffolk Constabulary,0.744689,52.047932,On or near Nelson Road,E01029914,Babergh 007C,Violence and sexual offences,Unable to prosecute suspect,
accb34e0bc62b415e5ba685742fe047fb5a00e9a2180ac27174aad513f0ab4ef,2026-03,Suffolk Constabulary,Suffolk Constabulary,0.745272,52.051498,On or near Rimmer Close,E01029914,Babergh 007C,Violence and sexual offences,Under investigation,
6829927ee79a31907f46c405d1b37fac97c945057c28fe0b101d29d99ebdd819,2026-03,Suffolk Constabulary,Suffolk Constabulary,0.745272,52.051498,On or near Rimmer Close,E01029914,Babergh 007C,Violence and sexual offences,Investigation complete; no suspect identified,
1fa7f9047b30fcbe4f2f4f6ed58137b0e44b1a84b43f0c98e5c1f82b676ba775,2026-03,Suffolk Constabulary,Suffolk Constabulary,0.745272,52.051498,On or near Rimmer Close,E01029914,Babergh 007C,Violence and sexual offences,Unable to prosecute suspect,
5898b190f4a6453210693bd82edbdcf1e01fd25f45faa428334761f2799c9f32,2026-03,Suffolk Constabulary,Suffolk Constabulary,0.739092,52.050617,On or near Grenville Road,E01029914,Babergh 007C,Violence and sexual offences,Unable to prosecute suspect,
f380b14e52d37fabd8ff4627e1e7ec1b41a567b314c54b0f7354512f4b8991de,2026-03,Suffolk Constabulary,Suffolk Constabulary,0.744689,52.047932,On or near Nelson Road,E01029914,Babergh 007C,Violence and sexual offences,Unable to prosecute suspect,
2a844917cfbcd37be7e84277723285f24b965bad0c69e9bdaf4763a7b2b6e134,2026-03,Suffolk Constabulary,Suffolk Constabulary,0.744689,52.047932,On or near Nelson Road,E01029914,Babergh 007C,Violence and sexual offences,Unable to prosecute suspect,
63331bebd2254a2175817408e25ca2032902826b3a1a3febdaec547d3065d0e1,2026-03,Suffolk Constabulary,Suffolk Constabulary,0.729012,52.043899,On or near Queens Road,E01029915,Babergh 007D,Violence and sexual offences,Under investigation,
cd4371e2100b812b49297af5906e46f475e50f54e6fce59bf545ee402f80c49d,2026-03,Suffolk Constabulary,Suffolk Constabulary,0.730955,52.046597,On or near Woodhall Close,E01029915,Babergh 007D,Violence and sexual offences,Under investigation,
10966102caec838b216befae157dc916c3277384c0df77dac9af1b5992d8ce60,2026-03,Suffolk Constabulary,Suffolk Constabulary,0.727304,52.046753,On or near New Queens Road,E01029915,Babergh 007D,Violence and sexual offences,Unable to prosecute suspect,
db294f2a766cca0ff666da9d77943fee2ed94a65d4ebf336301db93389c772e0,2026-03,Suffolk Constabulary,Suffolk Constabulary,0.729012,52.043899,On or near Queens Road,E01029915,Babergh 007D,Violence and sexual offences,Investigation complete; no suspect identified,
678c516c17fa2a9cbe6401f8c355b397863b740721965fb9c6dce3fbe0c05574,2026-03,Suffolk Constabulary,Suffolk Constabulary,0.730106,52.044872,On or near Clarence Road,E01029915,Babergh 007D,Violence and sexual offences,Action to be taken by another organisation,
,2026-03,Suffolk Constabulary,Suffolk Constabulary,0.733893,52.050522,On or near Mayflower Way,E01029916,Babergh 007E,Anti-social behaviour,,
cd9aea9ed8b7008119b6134a207eb2b3b7e0ce762c4a8c9c71e70915f75744ae,2026-03,Suffolk Constabulary,Suffolk Constabulary,0.731994,52.049756,On or near Hillcrest Road,E01029916,Babergh 007E,Criminal damage and arson,Unable to prosecute suspect,
41676e6639235769523c4cf18eee9f95e185fa1c851a47d5236bbd8dce1f407a,2026-03,Suffolk Constabulary,Suffolk Constabulary,0.733893,52.050522,On or near Mayflower Way,E01029916,Babergh 007E,Criminal damage and arson,Unable to prosecute suspect,
a9837c52b8ff98cc7ba9aaae8524e1d6b626d063975803ab694d2ad95c6018ea,2026-03,Suffolk Constabulary,Suffolk Constabulary,0.738263,52.047084,On or near Acton Lane,E01029916,Babergh 007E,Criminal damage and arson,Investigation complete; no suspect identified,
ae98d01cd7eabcf67c0795ccd8c0037df24480432d6700021bcfca26b4829348,2026-03,Suffolk Constabulary,Suffolk Constabulary,0.731666,52.050825,On or near Hoxter Way,E01029916,Babergh 007E,Other theft,Investigation complete; no suspect identified,
4bcbdb0dde27282d1775c87440d237b65c247df2c9633ea0ff2057acb6ad6f08,2026-03,Suffolk Constabulary,Suffolk Constabulary,0.738263,52.047084,On or near Acton Lane,E01029916,Babergh 007E,Violence and sexual offences,Under investigation,
31aa4a15e290078a0310d1c8c7515545f2ed43c2c48750ecdc914b3bcc1bce76,2026-03,Suffolk Constabulary,Suffolk Constabulary,0.732760,52.048201,On or near Hitchcock Place,E01029916,Babergh 007E,Violence and sexual offences,Further action is not in the public interest,
871587d6df5d41de714aca65faa44c889abccf929b2f7803c96ad7fbb7e516cb,2026-03,Suffolk Constabulary,Suffolk Constabulary,0.732760,52.048201,On or near Hitchcock Place,E01029916,Babergh 007E,Violence and sexual offences,Unable to prosecute suspect,
1c96fff66b793270687c766b40b874abcfd7c03f6141c254ae029a3b48e0ca80,2026-03,Suffolk Constabulary,Suffolk Constabulary,0.739581,52.051226,On or near Mountbatten Close,E01029916,Babergh 007E,Violence and sexual offences,Action to be taken by another organisation,
b7c429b97e7bc741ef1f5e4cb8be483fd43783b8a55ddc304a8879edac77ae9b,2026-03,Suffolk Constabulary,Suffolk Constabulary,0.738263,52.047084,On or near Acton Lane,E01029916,Babergh 007E,Other crime,Further investigation is not in the public interest,
,2026-03,Suffolk Constabulary,Suffolk Constabulary,0.732271,52.037564,On or near Hamilton Road,E01029918,Babergh 007F,Anti-social behaviour,,
2ee83f5ad91c79d866f9153ca13a49d21af7c1d26109014fcc497f6c1bb266e4,2026-03,Suffolk Constabulary,Suffolk Constabulary,0.743464,52.036989,On or near Elm Road,E01029918,Babergh 007F,Criminal damage and arson,Under investigation,
21a164668895caed00bdc6a98deeb4046d2ab84bb7cdad2859afb4bb553abc15,2026-03,Suffolk Constabulary,Suffolk Constabulary,0.732271,52.037564,On or near Hamilton Road,E01029918,Babergh 007F,Criminal damage and arson,Under investigation,
977c697ffd1cc31f4ba43e19114f10ca98614cb2c84d29f427541f9f217e85a4,2026-03,Suffolk Constabulary,Suffolk Constabulary,0.739514,52.036056,On or near Petrol Station,E01029918,Babergh 007F,Criminal damage and arson,Unable to prosecute suspect,
7ac3cbad572091fd4628a9426c422656f287690caf69b85e69c9d7a529258bce,2026-03,Suffolk Constabulary,Suffolk Constabulary,0.743464,52.036989,On or near Elm Road,E01029918,Babergh 007F,Criminal damage and arson,Action to be taken by another organisation,
d28c4f13cc85d905ddc71fde74d9d742e307c3a1146491cd953b61225ceb28a2,2026-03,Suffolk Constabulary,Suffolk Constabulary,0.739514,52.036056,On or near Petrol Station,E01029918,Babergh 007F,Criminal damage and arson,Unable to prosecute suspect,
a0a537e384a60d3ddef09b1601fd36b5df81465ee632299bc1b7f6b0d225e87f,2026-03,Suffolk Constabulary,Suffolk Constabulary,0.739514,52.036056,On or near Petrol Station,E01029918,Babergh 007F,Other theft,Under investigation,
fb7a664516cdc4958901b0a3263578d6dad59201bdf67714aaa479acb8faf76d,2026-03,Suffolk Constabulary,Suffolk Constabulary,0.732271,52.037564,On or near Hamilton Road,E01029918,Babergh 007F,Public order,Unable to prosecute suspect,
e3d5784ce7bc0fed199ecaccd8cc38c0f7c230e7f4456fe024b6b7c34e4cca6c,2026-03,Suffolk Constabulary,Suffolk Constabulary,0.732903,52.037397,On or near Great Eastern Road,E01029918,Babergh 007F,Robbery,Investigation complete; no suspect identified,
c3f3a021dac11bee1c1d1ecc45197caab62eb0cb6bf995ca3ae1a32a6ae52492,2026-03,Suffolk Constabulary,Suffolk Constabulary,0.732903,52.037397,On or near Great Eastern Road,E01029918,Babergh 007F,Robbery,Investigation complete; no suspect identified,
ecb6d3051c3b63255f33e90abdad37788ef0378e0509d6bec90dea00b6691deb,2026-03,Suffolk Constabulary,Suffolk Constabulary,0.739514,52.036056,On or near Petrol Station,E01029918,Babergh 007F,Shoplifting,Investigation complete; no suspect identified,
cc56d8eeaea8a0ff664b0f646e500549244bcba23cff2882eef541fcd05fa723,2026-03,Suffolk Constabulary,Suffolk Constabulary,0.739514,52.036056,On or near Petrol Station,E01029918,Babergh 007F,Shoplifting,Unable to prosecute suspect,
27231ea7c8ebde52551ceadfefea6bcc4c8e9858be9581bbd16dfd9ce5459603,2026-03,Suffolk Constabulary,Suffolk Constabulary,0.739514,52.036056,On or near Petrol Station,E01029918,Babergh 007F,Shoplifting,Investigation complete; no suspect identified,
f3f901a86e3f087f850f34ae470f245d2831b9fa2e3e566b47ba3cc5266f6f6d,2026-03,Suffolk Constabulary,Suffolk Constabulary,0.739514,52.036056,On or near Petrol Station,E01029918,Babergh 007F,Shoplifting,Unable to prosecute suspect,
f2506c5ae0f5a0743099b87a894702d11a250012ed0919d39f9214311f16bdab,2026-03,Suffolk Constabulary,Suffolk Constabulary,0.738014,52.037278,On or near Lucas Road,E01029918,Babergh 007F,Violence and sexual offences,Under investigation,
3a187a71f7a2de28a84148f468ba6acfede6a3af33a379580f757e307bac3520,2026-03,Suffolk Constabulary,Suffolk Constabulary,0.739514,52.036056,On or near Petrol Station,E01029918,Babergh 007F,Violence and sexual offences,Unable to prosecute suspect,
8c0d28fec603f4f1b74d17b83bc2426e25579e0b617b3c0e4a20d4c6ff48251e,2026-03,Suffolk Constabulary,Suffolk Constabulary,0.743464,52.036989,On or near Elm Road,E01029918,Babergh 007F,Violence and sexual offences,Under investigation,
18f43f85a708439bc0154258365b41d9c04e5e018b871295c087aed8d30a1b6d,2026-03,Suffolk Constabulary,Suffolk Constabulary,0.732903,52.037397,On or near Great Eastern Road,E01029918,Babergh 007F,Violence and sexual offences,Under investigation,
b0ef1e73913d68b8f41e18672c852d6511ff70632b0e2bb796f04a51a9a5f3a5,2026-03,Suffolk Constabulary,Suffolk Constabulary,0.732271,52.037564,On or near Hamilton Road,E01029918,Babergh 007F,Violence and sexual offences,Under investigation,
a9c7065cace06becc8d9ccd617507c8ac381957cfb7ca6e6e66dfc1b78da0fa2,2026-03,Suffolk Constabulary,Suffolk Constabulary,0.732271,52.037564,On or near Hamilton Road,E01029918,Babergh 007F,Violence and sexual offences,Under investigation,
29d9eabd34a47eb3edaf1e582dd426824d9dfd47dfa7bf513f410c0ebf144b1c,2026-03,Suffolk Constabulary,Suffolk Constabulary,0.745187,52.036787,On or near Cat'S Lane,E01029918,Babergh 007F,Violence and sexual offences,Under investigation,
11421f77d7c9e058f52b18501707612fd491a1fed8cb1d6425d7f4e22620c192,2026-03,Suffolk Constabulary,Suffolk Constabulary,0.732903,52.037397,On or near Great Eastern Road,E01029918,Babergh 007F,Violence and sexual offences,Under investigation,
cd33ed551f060463822fc54a3e75eabe5159913b2189b0028e8a1149e3c658f8,2026-03,Suffolk Constabulary,Suffolk Constabulary,0.732271,52.037564,On or near Hamilton Road,E01029918,Babergh 007F,Violence and sexual offences,Further action is not in the public interest,
86749d0a974606e754b5b044f1f2168ddad3be58184703ada64589172c05b06d,2026-03,Suffolk Constabulary,Suffolk Constabulary,0.732271,52.037564,On or near Hamilton Road,E01029918,Babergh 007F,Violence and sexual offences,Unable to prosecute suspect,
15f9c3eef2e8fc4c9949532bafec618a83ca79549ca260bc89fcda052e82a86e,2026-03,Suffolk Constabulary,Suffolk Constabulary,0.732903,52.037397,On or near Great Eastern Road,E01029918,Babergh 007F,Violence and sexual offences,Under investigation,
289f6d6838d9c4b9e18093c07ae663ff074aef5bc2d3d3caa2708f0c832daa11,2026-03,Suffolk Constabulary,Suffolk Constabulary,0.732271,52.037564,On or near Hamilton Road,E01029918,Babergh 007F,Violence and sexual offences,Further action is not in the public interest,
64d78e2d6ba33486e8d7276c4ab500c827b3969cc0b5122d433c146dffd17bae,2026-03,Suffolk Constabulary,Suffolk Constabulary,0.732271,52.037564,On or near Hamilton Road,E01029918,Babergh 007F,Violence and sexual offences,Unable to prosecute suspect,
,2026-03,Suffolk Constabulary,Suffolk Constabulary,0.718319,52.034488,On or near Ballingdon Street,E01029919,Babergh 007G,Anti-social behaviour,,
b5cd8596be9788a9d3fae5fc1e9be8bc5ce76b2354f31445c4a44114c4e8ae8d,2026-03,Suffolk Constabulary,Suffolk Constabulary,0.723537,52.035896,On or near Church Street,E01029919,Babergh 007G,Criminal damage and arson,Investigation complete; no suspect identified,
54aa9957bc0ac013e4971a4a3a0d88d3223cca061886f6664470e1df56400e53,2026-03,Suffolk Constabulary,Suffolk Constabulary,0.716600,52.033128,On or near Shopping Area,E01029919,Babergh 007G,Vehicle crime,Investigation complete; no suspect identified,
fc83a7c1d38668c827ee027e9e3f4c4379799833827871c9655913941c780a8e,2026-03,Suffolk Constabulary,Suffolk Constabulary,0.722525,52.037484,On or near Garden Place,E01029919,Babergh 007G,Violence and sexual offences,Action to be taken by another organisation,
891d5d1d88e07f5d8b5de0f8423786235ba54d505ff0f04b51a163fd7e7c600e,2026-03,Suffolk Constabulary,Suffolk Constabulary,0.723161,52.037389,On or near Parking Area,E01029919,Babergh 007G,Violence and sexual offences,Unable to prosecute suspect,
5f205d057fa953dd540c8d2c82789d442b7116f9679e06aa917e30d28ecac823,2026-03,Suffolk Constabulary,Suffolk Constabulary,0.718817,52.031167,On or near Meadow View Road,E01029919,Babergh 007G,Violence and sexual offences,Unable to prosecute suspect,
c04a48554e04c269385adbbcb54380b1e9764a01b7bfd055292ffe7734134376,2026-03,Suffolk Constabulary,Suffolk Constabulary,0.725115,52.040509,On or near St Gregory'S Court,E01029919,Babergh 007G,Violence and sexual offences,Under investigation,
,2026-03,Suffolk Constabulary,Suffolk Constabulary,0.731414,52.040246,On or near Parking Area,E01029920,Babergh 007H,Anti-social behaviour,,
,2026-03,Suffolk Constabulary,Suffolk Constabulary,0.729783,52.039564,On or near Gaol Lane,E01029920,Babergh 007H,Anti-social behaviour,,
,2026-03,Suffolk Constabulary,Suffolk Constabulary,0.729123,52.039022,On or near Burkitts Lane,E01029920,Babergh 007H,Anti-social behaviour,,
,2026-03,Suffolk Constabulary,Suffolk Constabulary,0.729601,52.039928,On or near Siam Place,E01029920,Babergh 007H,Anti-social behaviour,,
,2026-03,Suffolk Constabulary,Suffolk Constabulary,0.729783,52.039564,On or near Gaol Lane,E01029920,Babergh 007H,Anti-social behaviour,,
,2026-03,Suffolk Constabulary,Suffolk Constabulary,0.729123,52.039022,On or near Burkitts Lane,E01029920,Babergh 007H,Anti-social behaviour,,
,2026-03,Suffolk Constabulary,Suffolk Constabulary,0.732584,52.039589,On or near Nightclub,E01029920,Babergh 007H,Anti-social behaviour,,
233fcd589c9502b2903e81e3c5553041d0c4e9d0b753484199a6b6ce5bc7e831,2026-03,Suffolk Constabulary,Suffolk Constabulary,0.727725,52.035466,On or near Quay Lane,E01029920,Babergh 007H,Burglary,Investigation complete; no suspect identified,
7c31de391a1d92992b3078c94ba1025cf872baebc1a4c9e75a4340e51eb41013,2026-03,Suffolk Constabulary,Suffolk Constabulary,0.731414,52.040246,On or near Parking Area,E01029920,Babergh 007H,Criminal damage and arson,Investigation complete; no suspect identified,
21bda1a75444260009c3fc53514f46c685e166d562ca0e781a925bcc4af0f9de,2026-03,Suffolk Constabulary,Suffolk Constabulary,0.728206,52.038099,On or near Gainsborough Street,E01029920,Babergh 007H,Criminal damage and arson,Investigation complete; no suspect identified,
f580404263d86ba0a73f9076a67bfd7facfcecc1adff1f7159f2707443cc5d4a,2026-03,Suffolk Constabulary,Suffolk Constabulary,0.730363,52.038319,On or near Market Hill,E01029920,Babergh 007H,Criminal damage and arson,Unable to prosecute suspect,
0242ba09056855f93c6f5faf8a80ca739e90e23dd8bc4eb97fe9e0767803912d,2026-03,Suffolk Constabulary,Suffolk Constabulary,0.731414,52.040246,On or near Parking Area,E01029920,Babergh 007H,Criminal damage and arson,Investigation complete; no suspect identified,
72740e51bc6d870ef9d17f00932acafee86df2d72eb3a9c40c4304d692128419,2026-03,Suffolk Constabulary,Suffolk Constabulary,0.730363,52.038319,On or near Market Hill,E01029920,Babergh 007H,Criminal damage and arson,Investigation complete; no suspect identified,
2c1ff7154dad1830c96e9631bcdcd1bc13a41fd6b5f42a87f9a3e4be087f468a,2026-03,Suffolk Constabulary,Suffolk Constabulary,0.731414,52.040246,On or near Parking Area,E01029920,Babergh 007H,Criminal damage and arson,Investigation complete; no suspect identified,
4ce0c015f1255c6936a33f9064f55fa74a82791ebe4c0116a374b1bdb5f7196c,2026-03,Suffolk Constabulary,Suffolk Constabulary,0.729123,52.039022,On or near Burkitts Lane,E01029920,Babergh 007H,Criminal damage and arson,Unable to prosecute suspect,
980a64330e1676643df8cf0ba9f45ab52033f1f25ece7dc74a56f0f697429141,2026-03,Suffolk Constabulary,Suffolk Constabulary,0.732584,52.039589,On or near Nightclub,E01029920,Babergh 007H,Criminal damage and arson,Investigation complete; no suspect identified,
9c0552c1e64f5ec748ba7dfae5dcca98f878864f5c50067c8113b2f2580f3b10,2026-03,Suffolk Constabulary,Suffolk Constabulary,0.730363,52.038319,On or near Market Hill,E01029920,Babergh 007H,Criminal damage and arson,Investigation complete; no suspect identified,
bdbd8ed07a260f8b81929bbae1d42ca292a48cbb4e3c58c25dca1f05e1263f36,2026-03,Suffolk Constabulary,Suffolk Constabulary,0.728118,52.041680,On or near Gainsborough Road,E01029920,Babergh 007H,Drugs,Under investigation,
aeca2252ab2254dad4674481cbbcdc5de770b4becd121f3f77f4a68e2b4a0080,2026-03,Suffolk Constabulary,Suffolk Constabulary,0.725110,52.035392,On or near Priory Gardens,E01029920,Babergh 007H,Drugs,Local resolution,
563dae645f755ce0d49c744340ca47a5d7742e5ff14f4739c9ee92a2656d4c31,2026-03,Suffolk Constabulary,Suffolk Constabulary,0.732140,52.041632,On or near Queens Close,E01029920,Babergh 007H,Drugs,Unable to prosecute suspect,
ba92f4c96651233db1ab6f54c296492b932b3cca0aba1947fae1f23a9fa62c31,2026-03,Suffolk Constabulary,Suffolk Constabulary,0.729677,52.042116,On or near Supermarket,E01029920,Babergh 007H,Drugs,Under investigation,
c9f05db7b9b3f18ece5d6e3df357ef2522d0ae0ed72b57c6f51f1d0173eb3f1c,2026-03,Suffolk Constabulary,Suffolk Constabulary,0.730078,52.041536,On or near A131,E01029920,Babergh 007H,Other theft,Investigation complete; no suspect identified,
adb922de7a6522958ce6174da5c879ea798a906f5563c16677dc9edf32acf4c3,2026-03,Suffolk Constabulary,Suffolk Constabulary,0.730363,52.038319,On or near Market Hill,E01029920,Babergh 007H,Possession of weapons,Unable to prosecute suspect,
97616c7c1fbd6df9148e23b5c4b2c42b632773f1628f3595c0ed819b7614ae55,2026-03,Suffolk Constabulary,Suffolk Constabulary,0.730363,52.038319,On or near Market Hill,E01029920,Babergh 007H,Public order,Unable to prosecute suspect,
a67ada2059da1626387519f387207be7e74d77b8581e139c0be527055403e250,2026-03,Suffolk Constabulary,Suffolk Constabulary,0.732584,52.039589,On or near Nightclub,E01029920,Babergh 007H,Public order,Unable to prosecute suspect,
0583672e8e2af91ee22755c9ec3e12f641b3a9d1f048d5c207baf2a89fa51a61,2026-03,Suffolk Constabulary,Suffolk Constabulary,0.728118,52.041680,On or near Gainsborough Road,E01029920,Babergh 007H,Public order,Investigation complete; no suspect identified,
fe219f68c5f8e5cb550144915f6f78980b452ecf02c4591373b8770c94a2094a,2026-03,Suffolk Constabulary,Suffolk Constabulary,0.728426,52.039794,On or near Acton Square,E01029920,Babergh 007H,Public order,Investigation complete; no suspect identified,
04a7668343559168adb300844c62d07e6e79882d1106be894eb7acdc6e0ea43e,2026-03,Suffolk Constabulary,Suffolk Constabulary,0.730363,52.038319,On or near Market Hill,E01029920,Babergh 007H,Public order,Awaiting court outcome,
5097e9cbb1e55616404d264c60b69cecc4b3d7addac9229981b10b51ff5f6fc4,2026-03,Suffolk Constabulary,Suffolk Constabulary,0.728118,52.041680,On or near Gainsborough Road,E01029920,Babergh 007H,Public order,Unable to prosecute suspect,
2d5879b96ae62129f3e72227c06fbdf0e321a7c7b402616675eb0cd3aff0434f,2026-03,Suffolk Constabulary,Suffolk Constabulary,0.730865,52.036742,On or near Hyde Road,E01029920,Babergh 007H,Shoplifting,Awaiting court outcome,
5f9342aa6256211b4dda888661860698f4faf56f4318dfb99530fc37031ea6bb,2026-03,Suffolk Constabulary,Suffolk Constabulary,0.731336,52.036102,On or near Edgworth Road,E01029920,Babergh 007H,Shoplifting,Investigation complete; no suspect identified,
1f2fe36100af5b0e9d2d5cd2df221d1526b2ad3a230512821995f7fcd1112189,2026-03,Suffolk Constabulary,Suffolk Constabulary,0.732584,52.039589,On or near Nightclub,E01029920,Babergh 007H,Shoplifting,Unable to prosecute suspect,
9f4afb1b6881ed9ed85067debd72c46cf3df412c13d451e34e29f3e522805234,2026-03,Suffolk Constabulary,Suffolk Constabulary,0.732584,52.039589,On or near Nightclub,E01029920,Babergh 007H,Shoplifting,Investigation complete; no suspect identified,
128a2c1b02ee2f261ae5cd3e7c9682d13705eeb68d051005c6521e84fdaa346e,2026-03,Suffolk Constabulary,Suffolk Constabulary,0.732584,52.039589,On or near Nightclub,E01029920,Babergh 007H,Shoplifting,Investigation complete; no suspect identified,
ce41fc6deb52fb7ddb0584985b75961ccf0b6064e5cbcf6f3ef62a7b73740add,2026-03,Suffolk Constabulary,Suffolk Constabulary,0.729677,52.042116,On or near Supermarket,E01029920,Babergh 007H,Shoplifting,Awaiting court outcome,
b6d9bbea12af931ee84076adc30ac22106c2f2f347dc269dfe8210f0a90c3f25,2026-03,Suffolk Constabulary,Suffolk Constabulary,0.729677,52.042116,On or near Supermarket,E01029920,Babergh 007H,Shoplifting,Investigation complete; no suspect identified,
2b4c0df652227a58079815a54a41dfb89c1933abcb3cc02a4d7b033b07acf964,2026-03,Suffolk Constabulary,Suffolk Constabulary,0.729677,52.042116,On or near Supermarket,E01029920,Babergh 007H,Shoplifting,Under investigation,
d234661d7b05334a8f05c8012107a0cdc4b10b8f77495a826434b599b2e13b8d,2026-03,Suffolk Constabulary,Suffolk Constabulary,0.732584,52.039589,On or near Nightclub,E01029920,Babergh 007H,Shoplifting,Awaiting court outcome,
2c3afb3d05cb21b7e04f816128456ac90484df98af1a31a3dd34b216b7ea1e27,2026-03,Suffolk Constabulary,Suffolk Constabulary,0.729677,52.042116,On or near Supermarket,E01029920,Babergh 007H,Shoplifting,Investigation complete; no suspect identified,
85bf1ea38276a89f5692324a18a586bc0febf74d546da3ef009f5c29f7af1b1c,2026-03,Suffolk Constabulary,Suffolk Constabulary,0.730020,52.040827,On or near North Street,E01029920,Babergh 007H,Shoplifting,Investigation complete; no suspect identified,
e9e993369e8a4eacda9afb1661658874341b40e44153959049c071b9738d85f3,2026-03,Suffolk Constabulary,Suffolk Constabulary,0.732140,52.041632,On or near Queens Close,E01029920,Babergh 007H,Violence and sexual offences,Unable to prosecute suspect,
d6ca545755900319cbe00f53eb3b50cb41d3a229021618b29ab598ae25aeb3e2,2026-03,Suffolk Constabulary,Suffolk Constabulary,0.724122,52.035451,On or near Blackfriars,E01029920,Babergh 007H,Violence and sexual offences,Unable to prosecute suspect,
4b10562130831594ffe044e55836c92b768125aaef3123d369dbc8c9033c27ef,2026-03,Suffolk Constabulary,Suffolk Constabulary,0.730363,52.038319,On or near Market Hill,E01029920,Babergh 007H,Violence and sexual offences,Investigation complete; no suspect identified,
fab94131982a9f47208096e5d34e09e9e5266aef5fc5413079f8e88d686e4a1c,2026-03,Suffolk Constabulary,Suffolk Constabulary,0.730020,52.040827,On or near North Street,E01029920,Babergh 007H,Violence and sexual offences,Investigation complete; no suspect identified,
24349fe69d52732f7c3676c9856c1e8f783be8e065682cbe6106819b47016e1e,2026-03,Suffolk Constabulary,Suffolk Constabulary,0.726845,52.040892,On or near Croft Road,E01029920,Babergh 007H,Violence and sexual offences,Unable to prosecute suspect,
304ef47cf7d2be25f99b65bb4649cb2fec5dc1451ec26beb8f997f88b160697b,2026-03,Suffolk Constabulary,Suffolk Constabulary,0.727173,52.036226,On or near Friars Street,E01029920,Babergh 007H,Violence and sexual offences,Under investigation,
bb139962fd4dc807c0bf6236173618de9afc525780ae2939ba9fcc207ae5a04e,2026-03,Suffolk Constabulary,Suffolk Constabulary,0.732584,52.039589,On or near Nightclub,E01029920,Babergh 007H,Violence and sexual offences,Unable to prosecute suspect,
aa0eae4124b1818faa24b80d44b5a82a6367f28dcce41f0d4a2f76dadc3cb772,2026-03,Suffolk Constabulary,Suffolk Constabulary,0.730538,52.041184,On or near Girling Street,E01029920,Babergh 007H,Violence and sexual offences,Under investigation,
ea694005ba496fcd18bad63561ca3f740b481d9b29665a128f63f35cd73c2d9c,2026-03,Suffolk Constabulary,Suffolk Constabulary,0.727173,52.036226,On or near Friars Street,E01029920,Babergh 007H,Violence and sexual offences,Under investigation,
fd7800b7e6c0f0a77a31736bae96d064f23ecb691f5bcda9f7cf8c5ee0788246,2026-03,Suffolk Constabulary,Suffolk Constabulary,0.732584,52.039589,On or near Nightclub,E01029920,Babergh 007H,Violence and sexual offences,Unable to prosecute suspect,
46b26a57a9a2ba06112912d5589417b663774b9288f2ee6e674618d06a24c6b1,2026-03,Suffolk Constabulary,Suffolk Constabulary,0.731336,52.036102,On or near Edgworth Road,E01029920,Babergh 007H,Violence and sexual offences,Awaiting court outcome,
287a07646d1d4f754a31bf03659d48cf56e5d7868a779fbf5f9041301fb268ea,2026-03,Suffolk Constabulary,Suffolk Constabulary,0.727173,52.036226,On or near Friars Street,E01029920,Babergh 007H,Violence and sexual offences,Under investigation,
9cc8880336314aab1dbe5c78f4b30a9d7d63ffff2074d901e4c34bd3232ab92c,2026-03,Suffolk Constabulary,Suffolk Constabulary,0.725110,52.035392,On or near Priory Gardens,E01029920,Babergh 007H,Violence and sexual offences,Awaiting court outcome,
a3d575da7baf8a58c466145ec6d93a8069181c3bcf96d49d362bc9399d56795a,2026-03,Suffolk Constabulary,Suffolk Constabulary,0.726547,52.039109,On or near Gregory Street,E01029920,Babergh 007H,Violence and sexual offences,Awaiting court outcome,
cac3d76c7a2583288c636eec34f61e855d6fb288e9b66e810ee1f53bce7b034d,2026-03,Suffolk Constabulary,Suffolk Constabulary,0.730363,52.038319,On or near Market Hill,E01029920,Babergh 007H,Violence and sexual offences,Awaiting court outcome,
0eec0985936e016c6ec93756e9e251ee97da7da35702945028b22291a2ff9836,2026-03,Suffolk Constabulary,Suffolk Constabulary,0.728206,52.038099,On or near Gainsborough Street,E01029920,Babergh 007H,Violence and sexual offences,Under investigation,
6967ed748d923857b76cbed3f61b27f8975fd3d952d77c6cb73f45cf5e72ac24,2026-03,Suffolk Constabulary,Suffolk Constabulary,0.730363,52.038319,On or near Market Hill,E01029920,Babergh 007H,Violence and sexual offences,Unable to prosecute suspect,
fd498210d98b3cb6d64f4928fd486143d425bb1791f434638bfd2e9170014e06,2026-03,Suffolk Constabulary,Suffolk Constabulary,0.730865,52.036742,On or near Hyde Road,E01029920,Babergh 007H,Other crime,Unable to prosecute suspect,
dee68f88c08dcca7bd1e8e303ba9b1da725db0be2b05101ffccddf0b7c7c9993,2026-03,Suffolk Constabulary,Suffolk Constabulary,0.748466,52.033896,On or near Butt Road,E01029886,Babergh 008A,Possession of weapons,Unable to prosecute suspect,
5f9ab9f7d563eee7ddc633d8e3d91db5ad1169d3fef360b79f1624df4515aa14,2026-03,Suffolk Constabulary,Suffolk Constabulary,0.747928,52.035581,On or near Cherrytree Road,E01029886,Babergh 008A,Public order,Local resolution,
04dc9e870f8bda89bd70657e0b7daa1787845cacda01cf7ad7b9354e10c842f2,2026-03,Suffolk Constabulary,Suffolk Constabulary,0.747412,52.035018,On or near Applegate Mews,E01029886,Babergh 008A,Violence and sexual offences,Unable to prosecute suspect,
6fee3bae952480af3ac26c46dec595aff3e508def40cee56cb270dd3b9ad58c1,2026-03,Suffolk Constabulary,Suffolk Constabulary,0.748466,52.033896,On or near Butt Road,E01029886,Babergh 008A,Violence and sexual offences,Under investigation,
204666e970671fd03a1afcd3efe03de07b6b4d9adef61b5981d1d6babb4e0913,2026-03,Suffolk Constabulary,Suffolk Constabulary,0.747928,52.035581,On or near Cherrytree Road,E01029886,Babergh 008A,Violence and sexual offences,Unable to prosecute suspect,
3ff34886262eb82e279b844dd211f30b9d2d2f1ce9d6720a881987af4753b46b,2026-03,Suffolk Constabulary,Suffolk Constabulary,0.755405,52.030082,On or near The Drift,E01029887,Babergh 008B,Bicycle theft,Investigation complete; no suspect identified,
532ff451266c96c34a5d299089e018573475723c5c4c76a711cbfd11c596f30a,2026-03,Suffolk Constabulary,Suffolk Constabulary,0.752536,52.031085,On or near Beech Road,E01029887,Babergh 008B,Criminal damage and arson,Investigation complete; no suspect identified,
3302318f9169891fb17cc2b471d8ffb43e296792924e5560acf6b55b4c48a301,2026-03,Suffolk Constabulary,Suffolk Constabulary,0.744928,52.029940,On or near Church Road,E01029887,Babergh 008B,Criminal damage and arson,Unable to prosecute suspect,
37a7a8a368b6cb9ae36ae4d7c57b8cb797b7b5e1ddd1762cb271a2866fc92ac1,2026-03,Suffolk Constabulary,Suffolk Constabulary,0.751048,52.028691,On or near Recreation Walk,E01029887,Babergh 008B,Public order,Unable to prosecute suspect,
f4f8da7d3e379bdbfba851362bd156ae9d03755252450e96027883c6bb490c3a,2026-03,Suffolk Constabulary,Suffolk Constabulary,0.751048,52.028691,On or near Recreation Walk,E01029887,Babergh 008B,Violence and sexual offences,Unable to prosecute suspect,
c030770912915e72456a709338ddabeefdfbf7f9bd98d47142ffabc40cc4cef3,2026-03,Suffolk Constabulary,Suffolk Constabulary,0.751048,52.028691,On or near Recreation Walk,E01029887,Babergh 008B,Violence and sexual offences,Unable to prosecute suspect,
,2026-03,Suffolk Constabulary,Suffolk Constabulary,0.750233,52.035374,On or near Sycamore Road,E01029888,Babergh 008C,Anti-social behaviour,,
,2026-03,Suffolk Constabulary,Suffolk Constabulary,0.750233,52.035374,On or near Sycamore Road,E01029888,Babergh 008C,Anti-social behaviour,,
824abfe7d6c0daea2ba0e179d0a6197b8b9a5e9d5186f1bbf4660bdc9d91437e,2026-03,Suffolk Constabulary,Suffolk Constabulary,0.750233,52.035374,On or near Sycamore Road,E01029888,Babergh 008C,Criminal damage and arson,Investigation complete; no suspect identified,
69079bb23731487bbad7991044d725f3d1daaf53f2f579299b29f9e670267c7d,2026-03,Suffolk Constabulary,Suffolk Constabulary,0.750885,52.038867,On or near Maldon Court,E01029888,Babergh 008C,Criminal damage and arson,Investigation complete; no suspect identified,
95d8c7520409835514e8a987f7c253755466c1a9736ef963cfa8829439d79612,2026-03,Suffolk Constabulary,Suffolk Constabulary,0.754546,52.035319,On or near Shawlands Avenue,E01029888,Babergh 008C,Criminal damage and arson,Investigation complete; no suspect identified,
50fe5f9b39b957e4efc9aa91391fc671ebdf72b35e0af7fc5cbbff12d18ffd3c,2026-03,Suffolk Constabulary,Suffolk Constabulary,0.753203,52.034577,On or near Kersey Avenue,E01029888,Babergh 008C,Drugs,Local resolution,
dd07181fe4a2465ca5bafd5155db9443deff8988569be5a7208bfc71ab729b4d,2026-03,Suffolk Constabulary,Suffolk Constabulary,0.747477,52.037750,On or near Rye Hill,E01029888,Babergh 008C,Other theft,Investigation complete; no suspect identified,
551274e44ca752b01a38ca51fe4d28fad7fa1c3c91bbedcf04e611f0723aef3f,2026-03,Suffolk Constabulary,Suffolk Constabulary,0.753203,52.034577,On or near Kersey Avenue,E01029888,Babergh 008C,Possession of weapons,Investigation complete; no suspect identified,
ba9b33289f0e19ba21673c64c23a7a5f95041d1ddce151058e4f3fe8c32ed02f,2026-03,Suffolk Constabulary,Suffolk Constabulary,0.749345,52.039676,On or near Percy Ruse Close,E01029888,Babergh 008C,Violence and sexual offences,Unable to prosecute suspect,
90637e291289a683c4f5ec93c495a3cb31ab257f1da98ecc5c2450cb25f9d2ec,2026-03,Suffolk Constabulary,Suffolk Constabulary,0.747477,52.037750,On or near Rye Hill,E01029888,Babergh 008C,Violence and sexual offences,Unable to prosecute suspect,
,2026-03,Suffolk Constabulary,Suffolk Constabulary,0.756881,52.031082,On or near Minsmere Way,E01029889,Babergh 008D,Anti-social behaviour,,
03b3f4c204ab5810f4dc588af2f8d6400bfc31fa680017070d63669cbf3d15e7,2026-03,Suffolk Constabulary,Suffolk Constabulary,0.755564,52.031949,On or near Rede Way,E01029889,Babergh 008D,Violence and sexual offences,Awaiting court outcome,
526b0a5f71470683542ed6fc5f09dd846908aebee79b4fabb58402c2ac3b9554,2026-03,Suffolk Constabulary,Suffolk Constabulary,0.760764,52.029507,On or near Grace Farrant Road,E01029890,Babergh 008E,Violence and sexual offences,Action to be taken by another organisation,
b119cab96d902f782d7dfe9989f95da339328bd3f07da5c3decdc024c468e503,2026-03,Suffolk Constabulary,Suffolk Constabulary,0.759866,52.029357,On or near De Greys Close,E01029890,Babergh 008E,Violence and sexual offences,Investigation complete; no suspect identified,
66c5eac83e1c5d9b5069a2a34eff93813c44b032eb34e67e49347056f52e3fbd,2026-03,Suffolk Constabulary,Suffolk Constabulary,0.759354,52.024837,On or near Eldred Drive,E01029891,Babergh 008F,Burglary,Unable to prosecute suspect,
1d77eaa580f051870a72c812061972c08b27e610b3cc38bd5d352dea9cd69c35,2026-03,Suffolk Constabulary,Suffolk Constabulary,0.747385,52.024352,On or near The Mead,E01029891,Babergh 008F,Criminal damage and arson,Unable to prosecute suspect,
a15d4ff61f6f272750fe4f5c87bfca9bf42b444650d7442cc12d9f98114d56b3,2026-03,Suffolk Constabulary,Suffolk Constabulary,0.747385,52.024352,On or near The Mead,E01029891,Babergh 008F,Criminal damage and arson,Unable to prosecute suspect,
f9b6eb5e93b37cdf7f7c0fd98b3a6ba8e78ba69af2046d41ed3d92f450815920,2026-03,Suffolk Constabulary,Suffolk Constabulary,0.751368,52.021507,On or near Sports/Recreation Area,E01029891,Babergh 008F,Drugs,Local resolution,
dac9b92d73c561d8b7efe8fb57b42b89aabeec3380ffc3fe0c21797fc6604a55,2026-03,Suffolk Constabulary,Suffolk Constabulary,0.751368,52.021507,On or near Sports/Recreation Area,E01029891,Babergh 008F,Drugs,Local resolution,
6c98ef23bc3d4b6c71a4a8bd0e917ec4250dc468b826e597ee70c4b8951ea60c,2026-03,Suffolk Constabulary,Suffolk Constabulary,0.750781,52.026476,On or near Nursery Road,E01029891,Babergh 008F,Violence and sexual offences,Unable to prosecute suspect,
bc6f39bfc772ea8614b882f1a6ba86924a7810de1a7ba5aee66841834a88b62a,2026-03,Suffolk Constabulary,Suffolk Constabulary,0.747199,52.025130,On or near Rugby Road,E01029891,Babergh 008F,Violence and sexual offences,Investigation complete; no suspect identified,
2381ee05d0e7635caa51d8567d9d30c55fc669227bdafddcf3ebbf85fd608660,2026-03,Suffolk Constabulary,Suffolk Constabulary,0.747385,52.024352,On or near The Mead,E01029891,Babergh 008F,Violence and sexual offences,Unable to prosecute suspect,
f8dc3550abda7d6819c2e230d522444fb18dc1d3239c1028cc87032e8ea5198d,2026-03,Suffolk Constabulary,Suffolk Constabulary,0.748773,52.022512,On or near Lower Reeve,E01029891,Babergh 008F,Violence and sexual offences,Action to be taken by another organisation,
fb8ed8b678215d22bfd07ec6dc23bd11025b6ec1667f838078f5d17291f5dd1b,2026-03,Suffolk Constabulary,Suffolk Constabulary,0.751368,52.021507,On or near Sports/Recreation Area,E01029891,Babergh 008F,Violence and sexual offences,Investigation complete; no suspect identified,
f3343903ae30efb887a9337b799bb9d211e3c1f7ca691279b8eb374e7cb84cf0,2026-03,Suffolk Constabulary,Suffolk Constabulary,0.754264,52.020531,On or near Saxons,E01029891,Babergh 008F,Violence and sexual offences,Investigation complete; no suspect identified,
e9262dc2608d50d43d156494ea74b830a4a1be6d1857002a24b38d831df7e7cc,2026-03,Suffolk Constabulary,Suffolk Constabulary,0.755029,52.025622,On or near Wells Hall Road,E01029891,Babergh 008F,Violence and sexual offences,Further action is not in the public interest,
c3db1c42e8a96816c2a7e4371b1a31f4cc2091b7fcf2198527f1d371d29749cd,2026-03,Suffolk Constabulary,Suffolk Constabulary,0.747199,52.025130,On or near Rugby Road,E01029891,Babergh 008F,Violence and sexual offences,Investigation complete; no suspect identified,
0a7998d60d2299f7ea9e0b3a1fde50e18e3da92bd67d7d7a5adbd2cd9c16089d,2026-03,Suffolk Constabulary,Suffolk Constabulary,0.749338,52.021258,On or near Spicer Way,E01029891,Babergh 008F,Violence and sexual offences,Unable to prosecute suspect,
d7cf29209097b6a22c1a365d2e8562e3f61e66d8364690c3e4700fb699e9e55d,2026-03,Suffolk Constabulary,Suffolk Constabulary,0.860339,52.027121,On or near Stone Street Road,E01029875,Babergh 009A,Criminal damage and arson,Unable to prosecute suspect,
6f53b9d40c4ae0a600780f4717bf60f4391876830cbfce71ea33da2789a30c65,2026-03,Suffolk Constabulary,Suffolk Constabulary,0.856796,52.029186,On or near Cygnet Court,E01029875,Babergh 009A,Other theft,Investigation complete; no suspect identified,
7ba6c98483a48da29f8416dededc70fddfb149bbc071c4c844a9a016e3c312e2,2026-03,Suffolk Constabulary,Suffolk Constabulary,0.863830,52.029510,On or near Fen Street,E01029875,Babergh 009A,Violence and sexual offences,Unable to prosecute suspect,
585e75ffe7b8260c719f2c2d52c8ae6ba2a2a5a4abc088d51e97b219eadf0603,2026-03,Suffolk Constabulary,Suffolk Constabulary,0.874646,52.022420,On or near Wash Lane,E01029875,Babergh 009A,Violence and sexual offences,Under investigation,
dc20c99d1832ba758b0e1c67bd62e500fc6483abfa7c4e23f0a57ec3a76ab447,2026-03,Suffolk Constabulary,Suffolk Constabulary,0.855797,52.032268,On or near Partridge Close,E01029875,Babergh 009A,Violence and sexual offences,Unable to prosecute suspect,
962c216e363caaa9b42bde40acb510ca685785e7055023a27eb48c2286ab4484,2026-03,Suffolk Constabulary,Suffolk Constabulary,0.863830,52.029510,On or near Fen Street,E01029875,Babergh 009A,Violence and sexual offences,Unable to prosecute suspect,
06e08df1aac68abab8fbc1a59f52d8554be1672f3d4cc0149b558fa594e28392,2026-03,Suffolk Constabulary,Suffolk Constabulary,0.859018,52.028125,On or near Church Street,E01029875,Babergh 009A,Violence and sexual offences,Unable to prosecute suspect,
080ba384618ed4ff8966f2183959e87e9698cc679f716945a8d8864bfdcad820,2026-03,Suffolk Constabulary,Suffolk Constabulary,0.861402,51.996275,On or near Park/Open Space,E01029899,Babergh 009B,Public order,Investigation complete; no suspect identified,
5cf11bb8bdfe999a998025d2908d8ea7d64182019c2330b25e6a953adb93f606,2026-03,Suffolk Constabulary,Suffolk Constabulary,0.861402,51.996275,On or near Park/Open Space,E01029899,Babergh 009B,Public order,Investigation complete; no suspect identified,
568eb9e613832f7537e79300741febd911bb956116eef6b297c7518f731abb24,2026-03,Suffolk Constabulary,Suffolk Constabulary,0.836534,51.992623,On or near Rowans Way,E01029899,Babergh 009B,Violence and sexual offences,Unable to prosecute suspect,
9c2aaded8e5ddc91bf5f6cdacca0880bc3889ea7ef23f8b53f8903a9748d5436,2026-03,Suffolk Constabulary,Suffolk Constabulary,0.854313,51.993399,On or near Plough Lane,E01029899,Babergh 009B,Violence and sexual offences,Unable to prosecute suspect,
,2026-03,Suffolk Constabulary,Suffolk Constabulary,0.963351,52.026588,On or near Gardeners Close,E01029902,Babergh 009C,Anti-social behaviour,,
c0fa7416db515ab875b6de3aa49be89d076cb8adc63262ab0c3f9921930785da,2026-03,Suffolk Constabulary,Suffolk Constabulary,0.972909,51.981433,On or near Green Lane,E01029902,Babergh 009C,Burglary,Under investigation,
4537e13acca15ca0437de52873958360dc32b883aa4989d8f37bade83d815a40,2026-03,Suffolk Constabulary,Suffolk Constabulary,0.894517,52.017482,On or near Holt Road,E01029902,Babergh 009C,Other theft,Investigation complete; no suspect identified,
087187c2ec3f7517dd1d9d7778f185a0778348cc3322be884ff556bbab4ec014,2026-03,Suffolk Constabulary,Suffolk Constabulary,0.986488,52.006011,On or near The Street,E01029902,Babergh 009C,Other theft,Investigation complete; no suspect identified,
6f0fd9e0cfc3785f0768fb87fa46ed202c9e5ce63f96360016dd757d2e88c2a2,2026-03,Suffolk Constabulary,Suffolk Constabulary,0.988358,52.005864,On or near Rectory Close,E01029902,Babergh 009C,Public order,Under investigation,
931576ddfda603e04d78a4243e85032916fbaea5bd428fac8576f2ee54ea9f9b,2026-03,Suffolk Constabulary,Suffolk Constabulary,0.968704,52.024862,On or near Old Orchard,E01029902,Babergh 009C,Violence and sexual offences,Under investigation,
eb5260faa3fcb8ad3f1a670c9dd5f84ab09824c61a8f02e2990637f205e35adf,2026-03,Suffolk Constabulary,Suffolk Constabulary,0.864424,51.972873,On or near Harper'S Estate,E01029906,Babergh 009D,Other theft,Investigation complete; no suspect identified,
5c54914919ec2adc3cee64e3eb75be36a15ce70fd1102be69cd5bc084309a3db,2026-03,Suffolk Constabulary,Suffolk Constabulary,0.816928,51.979433,On or near Dead Lane,E01029906,Babergh 009D,Vehicle crime,Investigation complete; no suspect identified,
719383ff7fba16422fa950d0c45646ac08861c9c2105f1e5d763a853ec1ae2d9,2026-03,Suffolk Constabulary,Suffolk Constabulary,0.831371,51.969221,On or near Bures Road,E01029906,Babergh 009D,Violence and sexual offences,Investigation complete; no suspect identified,
84323fe4ce327426f283f64ada8a94ecbe8dad2407df197ecb571de903f08afb,2026-03,Suffolk Constabulary,Suffolk Constabulary,1.063870,51.961859,On or near Palfrey Heights,E01029870,Babergh 010A,Violence and sexual offences,Unable to prosecute suspect,
3172be4294553ca57549835b1d0eca202120df6da1ef5997e23abe3965627066,2026-03,Suffolk Constabulary,Suffolk Constabulary,1.058009,51.957029,On or near Bridge Place,E01029870,Babergh 010A,Other crime,Under investigation,
61357c9574c01f828d1213c1750a2472e9aead017cdebbf86fb0946c1642a8ac,2026-03,Suffolk Constabulary,Suffolk Constabulary,1.059073,51.970087,On or near Sandy Lane,E01029872,Babergh 010B,Burglary,Investigation complete; no suspect identified,
11d6d4fa826360a8d96a73c77befab4425af24e1d785e9aec2ffa099a282e60d,2026-03,Suffolk Constabulary,Suffolk Constabulary,1.066690,51.969682,On or near Slough Road,E01029872,Babergh 010B,Violence and sexual offences,Awaiting court outcome,
36e173f08663b086438e3e71167b1f8816103fe27e5c8ad3a76bd0a5f707bfc0,2026-03,Suffolk Constabulary,Suffolk Constabulary,1.066690,51.969682,On or near Slough Road,E01029872,Babergh 010B,Violence and sexual offences,Awaiting court outcome,
,2026-03,Suffolk Constabulary,Suffolk Constabulary,1.013149,51.979663,On or near Foxhall Close,E01029882,Babergh 010C,Anti-social behaviour,,
d9939716a6e9ef0c7cc4caa53f795a7d3578e9758923f8c4ad1e0d2c60ba49f7,2026-03,Suffolk Constabulary,Suffolk Constabulary,1.014743,51.977158,On or near Fiddlers Lane,E01029882,Babergh 010C,Public order,Unable to prosecute suspect,
9a2e8014ef7421e21dc723e7ed47b7214132a08917f42e8ff62b2d5128cd7bbc,2026-03,Suffolk Constabulary,Suffolk Constabulary,1.013149,51.979663,On or near Foxhall Close,E01029882,Babergh 010C,Violence and sexual offences,Unable to prosecute suspect,
20d883757327471d957354c71c0d2d4565e36d4342bcff5c61d5046a0bcba962,2026-03,Suffolk Constabulary,Suffolk Constabulary,1.013149,51.979663,On or near Foxhall Close,E01029882,Babergh 010C,Violence and sexual offences,Unable to prosecute suspect,
149ad246c18fcfc5b310086c723a0c082e37869e2fe6254fbc95f738f60c3e1c,2026-03,Suffolk Constabulary,Suffolk Constabulary,1.012198,51.979607,On or near Collingwood Fields,E01029882,Babergh 010C,Violence and sexual offences,Under investigation,
5839b0ca1d8e5e095af0539bfe000785395ee4586c67fd5235ca048ae5737af5,2026-03,Suffolk Constabulary,Suffolk Constabulary,1.013149,51.979663,On or near Foxhall Close,E01029882,Babergh 010C,Violence and sexual offences,Under investigation,
96a9db451f8ff2c37f135e5d19f32cb5cfcaae8554fc1bfe22d7795e6a67fe14,2026-03,Suffolk Constabulary,Suffolk Constabulary,1.013149,51.979663,On or near Foxhall Close,E01029882,Babergh 010C,Violence and sexual offences,Unable to prosecute suspect,
8d21e7c8629aad0d1bea263ad7b06078f4bff9548bc02a68c9a3658c08106795,2026-03,Suffolk Constabulary,Suffolk Constabulary,1.014240,51.976820,On or near Fiddlers Close,E01029882,Babergh 010C,Violence and sexual offences,Under investigation,
1f07b84112573205d4476013429665e058abdb22f3716b988e780d5d0f430282,2026-03,Suffolk Constabulary,Suffolk Constabulary,1.025146,51.977656,On or near Heath Close,E01029883,Babergh 010D,Shoplifting,Unable to prosecute suspect,
3de21541718581db7ff4c92976db2a85745c3446917b8650620f17af1c3ef9a3,2026-03,Suffolk Constabulary,Suffolk Constabulary,1.025146,51.977656,On or near Heath Close,E01029883,Babergh 010D,Shoplifting,Under investigation,
8db11775f679e44119e65f124c63f90a588aa7cf0047ae29fa06e395e2b71646,2026-03,Suffolk Constabulary,Suffolk Constabulary,1.054346,51.975732,On or near East End Road,E01029883,Babergh 010D,Violence and sexual offences,Action to be taken by another organisation,
400449961ff738e0f8f21d5856084c5401c67c9c11fb436b56c813a17bb7f262,2026-03,Suffolk Constabulary,Suffolk Constabulary,1.074614,51.989271,On or near Grove Road,E01029883,Babergh 010D,Violence and sexual offences,Unable to prosecute suspect,
999b3783872ad59da22342116998285ca708532dec7e49065f8f84f8b11c4e3f,2026-03,Suffolk Constabulary,Suffolk Constabulary,1.025146,51.977656,On or near Heath Close,E01029883,Babergh 010D,Violence and sexual offences,Further investigation is not in the public interest,
d4da20c9537d4b9a3cd9bcdfd1540ddaa164709aaf22460874f2cba617ad9470,2026-03,Suffolk Constabulary,Suffolk Constabulary,1.025146,51.977656,On or near Heath Close,E01029883,Babergh 010D,Other crime,Further investigation is not in the public interest,
42af521a23e7c851d382ac4525fcb11ed8de42090c156b613d9c067f4a0445ae,2026-03,Suffolk Constabulary,Suffolk Constabulary,1.025146,51.977656,On or near Heath Close,E01029883,Babergh 010D,Other crime,Further investigation is not in the public interest,
e3a2dc81441dc1b9d5c01478d693fa5d351e2fe3bcd17a971b1d3f775f6dc2d0,2026-03,Suffolk Constabulary,Suffolk Constabulary,1.025146,51.977656,On or near Heath Close,E01029883,Babergh 010D,Other crime,Further investigation is not in the public interest,
e3fe3531bbefe74fc550052895cba2926685cce180fe638bd12485efc58abcea,2026-03,Suffolk Constabulary,Suffolk Constabulary,1.057456,52.003485,On or near Petrol Station,E01029903,Babergh 010E,Criminal damage and arson,Under investigation,
77e3ffdea61dead4bfcbc6475b3b3c4d0458629856dba684f7227fce468f475b,2026-03,Suffolk Constabulary,Suffolk Constabulary,1.042828,52.004964,On or near Catesbray,E01029903,Babergh 010E,Other theft,Under investigation,
7ae90963108f5aaff44701f5f847814fccca49fc051e544891fe35c3f0b5d8d4,2026-03,Suffolk Constabulary,Suffolk Constabulary,1.057456,52.003485,On or near Petrol Station,E01029903,Babergh 010E,Vehicle crime,Investigation complete; no suspect identified,
a69e676e1fccaee83a9b0634198e25a3e094d7a8f4f57d9254ef7f5b536fc8a4,2026-03,Suffolk Constabulary,Suffolk Constabulary,1.052461,52.005389,On or near Jermyns Close,E01029903,Babergh 010E,Violence and sexual offences,Unable to prosecute suspect,
b66054288c347ee0e78b7db9890e41a1330d79a800dabc996cc43a85c5d12c4a,2026-03,Suffolk Constabulary,Suffolk Constabulary,1.057456,52.003485,On or near Petrol Station,E01029903,Babergh 010E,Violence and sexual offences,Under investigation,
,2026-03,Suffolk Constabulary,Suffolk Constabulary,1.044190,52.001196,On or near Little Grove,E01029904,Babergh 010F,Anti-social behaviour,,
29b7d66c92c5abdc9a4a425391ecab944ccc5cac03477e19d87c28f9659ebbb0,2026-03,Suffolk Constabulary,Suffolk Constabulary,1.055094,52.002964,On or near The Old Street,E01029904,Babergh 010F,Other theft,Investigation complete; no suspect identified,
603d677f3484c06d7de2adea8ef00260b84a477b1fe860ed2f5ba73d21553e4c,2026-03,Suffolk Constabulary,Suffolk Constabulary,1.042170,52.002993,On or near Plough Road,E01029904,Babergh 010F,Violence and sexual offences,Under investigation,
f05fff1a6503ebe5be936a20a90a748a823e6041ae245db5c8e8b264aae54556,2026-03,Suffolk Constabulary,Suffolk Constabulary,1.051080,52.002654,On or near Elm Lane,E01029904,Babergh 010F,Violence and sexual offences,Unable to prosecute suspect,
988f4cb6ac63b2d51f0fdfd5f447ce54029cca909f5a0073165f92199319644f,2026-03,Suffolk Constabulary,Suffolk Constabulary,1.188832,51.996323,On or near Main Road,E01029873,Babergh 011B,Burglary,Investigation complete; no suspect identified,
5b3e2f49cd2d45d7586130f6113e777e55afe1a7e0742d0729f850f3da98ec5c,2026-03,Suffolk Constabulary,Suffolk Constabulary,1.245687,51.969755,On or near Chapel Fields,E01029873,Babergh 011B,Violence and sexual offences,Unable to prosecute suspect,
184fee86ed8d8e9979ae3ab53c0922c3d0f84a18a5af86dc3307c060335554b9,2026-03,Suffolk Constabulary,Suffolk Constabulary,1.180356,52.002542,On or near Main Road,E01029873,Babergh 011B,Violence and sexual offences,Under investigation,
913409dc4ac589ebfaf80f7d7df1e991792f20737dc471a63595d4700aaf8642,2026-03,Suffolk Constabulary,Suffolk Constabulary,1.213390,51.990114,On or near Hill Farm Lane,E01029873,Babergh 011B,Violence and sexual offences,Unable to prosecute suspect,
9dbcd41e5c9895e8dc627389c65198a2d1f79662cbaec9686b70894820dab80e,2026-03,Suffolk Constabulary,Suffolk Constabulary,1.188832,51.996323,On or near Main Road,E01029873,Babergh 011B,Violence and sexual offences,Formal action is not in the public interest,
33b0306be8dbd4b50d0a2e02e259b91ab5a823bd0fb1334858842ffb2a2db17e,2026-03,Suffolk Constabulary,Suffolk Constabulary,1.210376,51.989324,On or near B1456,E01029873,Babergh 011B,Other crime,Further investigation is not in the public interest,
b0af0dd1bc98eec12b4b9b345155c37e2e192e39919cbb4fd96b0c5f46e2f991,2026-03,Suffolk Constabulary,Suffolk Constabulary,1.264986,51.958815,On or near Baker Road,E01029874,Babergh 011C,Criminal damage and arson,Unable to prosecute suspect,
da365fbcb6cd41c43188ed195df2a3a42e320825a6b7cf0e9781bc4afd22e0bf,2026-03,Suffolk Constabulary,Suffolk Constabulary,1.269801,51.956963,On or near School Road,E01029874,Babergh 011C,Criminal damage and arson,Unable to prosecute suspect,
c6674e0af215eecfae187aa2878c5f6d715e81ddb50879601a489be377e84726,2026-03,Suffolk Constabulary,Suffolk Constabulary,1.266649,51.956457,On or near Estuary Road,E01029874,Babergh 011C,Violence and sexual offences,Unable to prosecute suspect,
2e293f8ceeee3ebc9b79dae9e587dc00def1ee926378a4b2c30f0cd9c00acc50,2026-03,Suffolk Constabulary,Suffolk Constabulary,1.268033,51.956671,On or near Bristol Hill,E01029874,Babergh 011C,Violence and sexual offences,Action to be taken by another organisation,
4b009028b992fbaf9f869f57f4ce920adfabc1c3df9d7043a5dae9eba112ae56,2026-03,Suffolk Constabulary,Suffolk Constabulary,1.268033,51.956671,On or near Bristol Hill,E01029874,Babergh 011C,Violence and sexual offences,Action to be taken by another organisation,
ef009badb3efb883640c2f9b38896c8dfae1f98c0da29a4617b460f28acb1e45,2026-03,Suffolk Constabulary,Suffolk Constabulary,1.269385,51.957838,On or near Caledonia Road,E01029874,Babergh 011C,Violence and sexual offences,Local resolution,
c8ea7b4b4e291214595ebe58e3ca59fa51c76ec71f94163df94a52396a11225c,2026-03,Suffolk Constabulary,Suffolk Constabulary,1.156329,51.985145,On or near Supermarket,E01029897,Babergh 011D,Vehicle crime,Investigation complete; no suspect identified,
c9bebaad1212d449e88588bf57f28716aa067baab0a38fcdba3a7d5c390d840b,2026-03,Suffolk Constabulary,Suffolk Constabulary,1.156329,51.985145,On or near Supermarket,E01029897,Babergh 011D,Vehicle crime,Investigation complete; no suspect identified,
2551be6f9463f7520d34de9b6a73f377e349de354c975dcf6442dfe1b4de9029,2026-03,Suffolk Constabulary,Suffolk Constabulary,-3.013413,53.807004,On or near Lancaster Road,E01012713,Blackpool 012B,Violence and sexual offences,Unable to prosecute suspect,
efe86180140662d383f79e52747b5f3fa953ffd6d7190db2b933f9145da4c39e,2026-03,Suffolk Constabulary,Suffolk Constabulary,0.546797,52.050300,On or near Ashen Close,E01021414,Braintree 001C,Violence and sexual offences,Under investigation,
59b0405b462e9a522353935962170d887a4c1ec9593b87e3a1fb9e1d637253b5,2026-03,Suffolk Constabulary,Suffolk Constabulary,0.695123,51.926618,On or near Nonancourt Way,E01021409,Braintree 006D,Violence and sexual offences,Under investigation,
a23666a42713d1b1ad3618027660e2e3d11f73407ba90d3b3e51cdfe76029633,2026-03,Suffolk Constabulary,Suffolk Constabulary,0.903014,52.390285,On or near The Street,E01026441,Breckland 014C,Vehicle crime,Investigation complete; no suspect identified,
,2026-03,Suffolk Constabulary,Suffolk Constabulary,1.021918,52.379551,On or near Park/Open Space,E01026494,Breckland 014D,Anti-social behaviour,,
66024664d212f880cf660eeb1825ff67aa7f66380a604cf2707bd0d6734f4c12,2026-03,Suffolk Constabulary,Suffolk Constabulary,1.369311,52.641192,On or near Pikeman Place,E01026576,Broadland 016C,Other crime,Under investigation,
55d0ed5232323e3d6d8a943aaf44ec00f8252646888bd2380a8d00d48d8b5b91,2026-03,Suffolk Constabulary,Suffolk Constabulary,-0.081902,51.517296,On or near Liverpool Street,E01032739,City of London 001F,Violence and sexual offences,Under investigation,
5855fa81c35eb8cbec9b388ef9a1d63ef0c874866040e09faf632d1495931624,2026-03,Suffolk Constabulary,Suffolk Constabulary,-0.081902,51.517296,On or near Liverpool Street,E01032739,City of London 001F,Violence and sexual offences,Under investigation,
825d08f25e28645ede5e2d1db163c011f7934c5f968cdbaed529455f47417002,2026-03,Suffolk Constabulary,Suffolk Constabulary,-2.470854,50.586614,On or near Dowman Place,E01020587,Dorset 046B,Violence and sexual offences,Under investigation,
c13843ee5dbcf58266cc605bf3d137f849cc5c0f25bbc37f328a6c197903cb69,2026-03,Suffolk Constabulary,Suffolk Constabulary,-0.262037,51.521506,On or near Portal Way,E01034027,Ealing 015G,Violence and sexual offences,Under investigation,
dbd219c2e2940f9cd2c03bbea6eebd806f77638ba3dd525b436bf5e60600ff97,2026-03,Suffolk Constabulary,Suffolk Constabulary,0.339405,52.240473,On or near Parking Area,E01018057,East Cambridgeshire 009C,Vehicle crime,Investigation complete; no suspect identified,
701bc121cfbaef69cdd51c8b0c1bc2cb0c76664b6b6ebf11dc9c70b1a1df2553,2026-03,Suffolk Constabulary,Suffolk Constabulary,0.463238,52.213493,On or near Little Green,E01018017,East Cambridgeshire 011A,Possession of weapons,Under investigation,
0dc2e183d4e9ca1fb129429c489c18f25c932647ffbb9afe0542e6eefeb93d6b,2026-03,Suffolk Constabulary,Suffolk Constabulary,0.005568,53.367590,On or near Priory Close,E01026081,East Lindsey 004A,Violence and sexual offences,Under investigation,
,2026-03,Suffolk Constabulary,Suffolk Constabulary,1.747774,52.497416,On or near Harrington Avenue,E01030240,East Suffolk 001A,Anti-social behaviour,,
40803d41e971f4d0fb663938828f7a44d7f1b948252040c996f83f0062b5659f,2026-03,Suffolk Constabulary,Suffolk Constabulary,1.757077,52.490888,On or near Sports/Recreation Area,E01030240,East Suffolk 001A,Burglary,Investigation complete; no suspect identified,
3d695ee85dc6b0db25adf3c2e609531434f671fee88e6a77bad04cdc8967dc1a,2026-03,Suffolk Constabulary,Suffolk Constabulary,1.749571,52.497917,On or near Gunton Drive,E01030240,East Suffolk 001A,Burglary,Investigation complete; no suspect identified,
d3645b6576a76a0258f0faf832e72e4c54a5e04a287340dd8048b782aece9ca0,2026-03,Suffolk Constabulary,Suffolk Constabulary,1.749571,52.497917,On or near Gunton Drive,E01030240,East Suffolk 001A,Vehicle crime,Investigation complete; no suspect identified,
42d6cb28e0f8001d50ea59b1ab9b3cbae3794b1b04a66c3773aa11fe1395672b,2026-03,Suffolk Constabulary,Suffolk Constabulary,1.749571,52.497917,On or near Gunton Drive,E01030240,East Suffolk 001A,Vehicle crime,Investigation complete; no suspect identified,
24940ca2e3624c50c32e10190e54f2c942a1e0774f8c7dcad0fd0006d22875e2,2026-03,Suffolk Constabulary,Suffolk Constabulary,1.751197,52.490715,On or near Saturn Close,E01030240,East Suffolk 001A,Violence and sexual offences,Under investigation,
f273a912f4e651753004d87d58e3be97a13fabbc0056d31338310a03da3344b8,2026-03,Suffolk Constabulary,Suffolk Constabulary,1.743033,52.516186,On or near Colman Road,E01030241,East Suffolk 001B,Other theft,Investigation complete; no suspect identified,
a40dfbfdfbe1bc1093a328502b6ad737603101d387d9b709a0f48c1a97959843,2026-03,Suffolk Constabulary,Suffolk Constabulary,1.743033,52.516186,On or near Colman Road,E01030241,East Suffolk 001B,Other theft,Investigation complete; no suspect identified,
bc12ebf5aadf8c75cd9658810bea95abe3b31670b14710bfcb89efa3d904ab00,2026-03,Suffolk Constabulary,Suffolk Constabulary,1.742703,52.519588,On or near Church Lane,E01030241,East Suffolk 001B,Other theft,Investigation complete; no suspect identified,
68d76b91c0609d49ccb1b9ef0875bfe9a5add53c2ab7c61b120b92924f6a8f48,2026-03,Suffolk Constabulary,Suffolk Constabulary,1.743201,52.513132,On or near Station Road,E01030241,East Suffolk 001B,Vehicle crime,Investigation complete; no suspect identified,
1a8c17d4507c6cff46aaf7828d88c3f8d4b26c0fed53c79dae145d5d654a08b6,2026-03,Suffolk Constabulary,Suffolk Constabulary,1.743033,52.516186,On or near Colman Road,E01030241,East Suffolk 001B,Vehicle crime,Investigation complete; no suspect identified,
bb0b2982c8fee4e8ea9784994900f949a5af7a74886c38949fec9753b6dece2a,2026-03,Suffolk Constabulary,Suffolk Constabulary,1.742703,52.519588,On or near Church Lane,E01030241,East Suffolk 001B,Violence and sexual offences,Local resolution,
6e0d43134ff0fef8a531b01b60b2e06df4e27804d2a9d38bfbbb092cc7cde42f,2026-03,Suffolk Constabulary,Suffolk Constabulary,1.742703,52.519588,On or near Church Lane,E01030241,East Suffolk 001B,Violence and sexual offences,Investigation complete; no suspect identified,
48f2295c900013970a5e13c9c2e0841193c856263b014d8308ac7737c2080991,2026-03,Suffolk Constabulary,Suffolk Constabulary,1.734788,52.504160,On or near Park/Open Space,E01030241,East Suffolk 001B,Violence and sexual offences,Action to be taken by another organisation,
c8f86173b66b014df4e0ad8a2d23dfa458b32a6ea20f67e809c65a022076e656,2026-03,Suffolk Constabulary,Suffolk Constabulary,1.744567,52.516362,On or near Wigg'S Way,E01030241,East Suffolk 001B,Violence and sexual offences,Unable to prosecute suspect,
,2026-03,Suffolk Constabulary,Suffolk Constabulary,1.734777,52.500733,On or near Degas Gardens,E01030242,East Suffolk 001C,Anti-social behaviour,,
0ee8e9d62a57741d6f8ae90a3138fc7c1156f70d2aa7c633daf3bf03b4049e5d,2026-03,Suffolk Constabulary,Suffolk Constabulary,1.742467,52.495147,On or near Glebe Close,E01030242,East Suffolk 001C,Criminal damage and arson,Unable to prosecute suspect,
4823cd32793c51b9ff83f065f0eb5ccdcbaa73e95850b627ad50f5cee4906bc0,2026-03,Suffolk Constabulary,Suffolk Constabulary,1.742133,52.498153,On or near Lowry Way,E01030242,East Suffolk 001C,Vehicle crime,Unable to prosecute suspect,
4774ea7542736d210f66ea406db6293ee3b1166ca06311ead57c38c7ad3872ca,2026-03,Suffolk Constabulary,Suffolk Constabulary,1.742467,52.495147,On or near Glebe Close,E01030242,East Suffolk 001C,Violence and sexual offences,Unable to prosecute suspect,
dd64e103363f05c903bcf61037d8901b9c262de14fc57eb45b733554a34bf16f,2026-03,Suffolk Constabulary,Suffolk Constabulary,1.734777,52.500733,On or near Degas Gardens,E01030242,East Suffolk 001C,Violence and sexual offences,Investigation complete; no suspect identified,
a167120c318db5101d4cc21dbcea80d20c45af4b77ae22302b08995bf60e536e,2026-03,Suffolk Constabulary,Suffolk Constabulary,1.742467,52.495147,On or near Glebe Close,E01030242,East Suffolk 001C,Violence and sexual offences,Unable to prosecute suspect,
16744aa352ca640c9e96ccfd639b9b7b15f348e55225bfb706da21d43e1abe74,2026-03,Suffolk Constabulary,Suffolk Constabulary,1.722871,52.510005,On or near Oulton Road,E01030259,East Suffolk 001D,Violence and sexual offences,Unable to prosecute suspect,
bfa190d627d2d77a360c3cb4ec8ddc4a4fdc80cba56d21f59b6c740ec679589e,2026-03,Suffolk Constabulary,Suffolk Constabulary,1.678136,52.513618,On or near Blundeston Road,E01030260,East Suffolk 001E,Burglary,Investigation complete; no suspect identified,
d8bc4f3d07022b3d323712fa3197326606b99612ed2525245ed33d2a81af9aa9,2026-03,Suffolk Constabulary,Suffolk Constabulary,1.707126,52.517354,On or near Wickfield Close,E01030260,East Suffolk 001E,Vehicle crime,Investigation complete; no suspect identified,
36575871db4312a83fca5208c7278190249baff1ff2cba51e3400249448a1328,2026-03,Suffolk Constabulary,Suffolk Constabulary,1.705971,52.508548,On or near Park/Open Space,E01030260,East Suffolk 001E,Violence and sexual offences,Unable to prosecute suspect,
fcce0b74d14090b4c8ff41ee3eac300c83c5b8e99b233c89a798238df09d7713,2026-03,Suffolk Constabulary,Suffolk Constabulary,1.705915,52.518030,On or near The Street,E01030260,East Suffolk 001E,Violence and sexual offences,Action to be taken by another organisation,
3bab0dbb144c7b5d274b070a5ec11db174b524b0b2c3bad0b3b3b81f48a04f77,2026-03,Suffolk Constabulary,Suffolk Constabulary,1.705915,52.518030,On or near The Street,E01030260,East Suffolk 001E,Violence and sexual offences,Action to be taken by another organisation,
f009805462823d235466594d03c914f6df1db1c35d2a4265ab0a2574717061cb,2026-03,Suffolk Constabulary,Suffolk Constabulary,1.744976,52.481323,On or near Yeovil Road,E01030261,East Suffolk 002A,Criminal damage and arson,Investigation complete; no suspect identified,
0e6317488ba588994b8b1fe595cc4683bbaa9e26b080ad4396f1df31ec2b1717,2026-03,Suffolk Constabulary,Suffolk Constabulary,1.746046,52.480741,On or near Crown Meadow Walk,E01030261,East Suffolk 002A,Drugs,Formal action is not in the public interest,
3266e44c31cf13933c898831391d1654d5db338259fd7b54941de996956f5b9d,2026-03,Suffolk Constabulary,Suffolk Constabulary,1.740124,52.480569,On or near Rotterdam Road,E01030261,East Suffolk 002A,Other theft,Investigation complete; no suspect identified,
4dfb6b783864b3702fa8a804921024ef785b1c1446a083331290211f63d725a2,2026-03,Suffolk Constabulary,Suffolk Constabulary,1.739338,52.481907,On or near A1144,E01030261,East Suffolk 002A,Other theft,Awaiting court outcome,
8b9861af7154ab2894ff97b4857e530dab86f194e8c29fdfda975197524bbec8,2026-03,Suffolk Constabulary,Suffolk Constabulary,1.738606,52.483522,On or near Magnolia Court,E01030261,East Suffolk 002A,Possession of weapons,Under investigation,
4f2fa7c0733a2ceefe1b83230bb1430c9459f384c616e1d8b9dcf932ce346827,2026-03,Suffolk Constabulary,Suffolk Constabulary,1.746046,52.480741,On or near Crown Meadow Walk,E01030261,East Suffolk 002A,Robbery,Unable to prosecute suspect,
0a52b50cd07a54955ea7e9f12d080f1cedd2a493c30eb58ba059551d7ec4703c,2026-03,Suffolk Constabulary,Suffolk Constabulary,1.739338,52.481907,On or near A1144,E01030261,East Suffolk 002A,Violence and sexual offences,Unable to prosecute suspect,
5530b4abd0721ed20ba423e198d5aed3708d44ac8f1b6384596193fdbd598691,2026-03,Suffolk Constabulary,Suffolk Constabulary,1.746046,52.480741,On or near Crown Meadow Walk,E01030261,East Suffolk 002A,Violence and sexual offences,Under investigation,
f5b3d092842ede9044821c09664702fa5afaa8c4ca0c971996fa188ceaaf1a62,2026-03,Suffolk Constabulary,Suffolk Constabulary,1.739338,52.481907,On or near A1144,E01030261,East Suffolk 002A,Violence and sexual offences,Awaiting court outcome,
586f5ce1d3e33fa2b025e17aadce9f08efe57bbaf20f4e64abb42da12dcd6daa,2026-03,Suffolk Constabulary,Suffolk Constabulary,1.743283,52.480477,On or near Lattens Square,E01030261,East Suffolk 002A,Violence and sexual offences,Under investigation,
f82acfd7128330294dd6ec38221a23722b667644cbce76f25d1de8c93f9bd85b,2026-03,Suffolk Constabulary,Suffolk Constabulary,1.746046,52.480741,On or near Crown Meadow Walk,E01030261,East Suffolk 002A,Violence and sexual offences,Investigation complete; no suspect identified,
97ac871b035e5993c588d8012e2b787629c3b66cac236bdcdbed30b603d30d8c,2026-03,Suffolk Constabulary,Suffolk Constabulary,1.742037,52.482109,On or near Newson'S Meadow,E01030261,East Suffolk 002A,Violence and sexual offences,Under investigation,
554c81e85215d5fd4eb0e25dc13245f5ffe3006d4944fbaaa00be40c02bb24d9,2026-03,Suffolk Constabulary,Suffolk Constabulary,1.746046,52.480741,On or near Crown Meadow Walk,E01030261,East Suffolk 002A,Violence and sexual offences,Investigation complete; no suspect identified,
1f6c62fcf7f728b4dc59864fd5d6f7165f678f1337098c3e15052d6f9cbda5b9,2026-03,Suffolk Constabulary,Suffolk Constabulary,1.736443,52.483545,On or near Rose Court,E01030261,East Suffolk 002A,Violence and sexual offences,Unable to prosecute suspect,
be986c4e6cb85e6984f344776b1681ad25307b44d55d3008553ffce46ce5aa5e,2026-03,Suffolk Constabulary,Suffolk Constabulary,1.741020,52.480198,On or near Hill Road,E01030261,East Suffolk 002A,Violence and sexual offences,Investigation complete; no suspect identified,
b978f8706497a73c84459f222b79d7591df2f2ae32124d436f1106d0a9099fed,2026-03,Suffolk Constabulary,Suffolk Constabulary,1.743283,52.480477,On or near Lattens Square,E01030261,East Suffolk 002A,Violence and sexual offences,Unable to prosecute suspect,
,2026-03,Suffolk Constabulary,Suffolk Constabulary,1.743977,52.484543,On or near Sports/Recreation Area,E01030262,East Suffolk 002B,Anti-social behaviour,,
,2026-03,Suffolk Constabulary,Suffolk Constabulary,1.743977,52.484543,On or near Sports/Recreation Area,E01030262,East Suffolk 002B,Anti-social behaviour,,
,2026-03,Suffolk Constabulary,Suffolk Constabulary,1.743977,52.484543,On or near Sports/Recreation Area,E01030262,East Suffolk 002B,Anti-social behaviour,,
9f0fa4357037025f9fc76c03627f211fb613e19ce4ce30755201f1895d70c80e,2026-03,Suffolk Constabulary,Suffolk Constabulary,1.743977,52.484543,On or near Sports/Recreation Area,E01030262,East Suffolk 002B,Bicycle theft,Investigation complete; no suspect identified,
fd68fef4ee4e638b73f2aa0602a9a727c2afa3e764c58236fc65953413aa64b8,2026-03,Suffolk Constabulary,Suffolk Constabulary,1.744639,52.487415,On or near Somerton Avenue,E01030262,East Suffolk 002B,Bicycle theft,Unable to prosecute suspect,
e627d085e4732a640341afd3dc3be97169415c4b5bc9d3a04f8ab384e83bbc86,2026-03,Suffolk Constabulary,Suffolk Constabulary,1.743977,52.484543,On or near Sports/Recreation Area,E01030262,East Suffolk 002B,Bicycle theft,Investigation complete; no suspect identified,
05588635645c0895286a21c178e61a422abf1295b292445871d1935153541782,2026-03,Suffolk Constabulary,Suffolk Constabulary,1.737036,52.485326,On or near Lilac Drive,E01030262,East Suffolk 002B,Burglary,Investigation complete; no suspect identified,
d9d355fb9b0085a4d9b89caef6f194b29fe0116470bd8aecf263d2cc0b53a528,2026-03,Suffolk Constabulary,Suffolk Constabulary,1.744639,52.487415,On or near Somerton Avenue,E01030262,East Suffolk 002B,Burglary,Investigation complete; no suspect identified,
98216094edc51b99266b4ca4c4ccacdf17a2dc8cf766c6b84734371ab20c522e,2026-03,Suffolk Constabulary,Suffolk Constabulary,1.737036,52.485326,On or near Lilac Drive,E01030262,East Suffolk 002B,Burglary,Under investigation,
81d1a399e88bcf5bef4fbf42f5fd5a631597459700d66ca3907f2814b9958cde,2026-03,Suffolk Constabulary,Suffolk Constabulary,1.744639,52.487415,On or near Somerton Avenue,E01030262,East Suffolk 002B,Burglary,Investigation complete; no suspect identified,
b8c7bbeab603d3b3b9d834c5af9e39c81c2c7238aedfb3460c4a6f77150f3746,2026-03,Suffolk Constabulary,Suffolk Constabulary,1.743977,52.484543,On or near Sports/Recreation Area,E01030262,East Suffolk 002B,Criminal damage and arson,Unable to prosecute suspect,
f512bb530e69e47f0f84c6c263883ffc500ebd6de72406cc409bab8524be6d92,2026-03,Suffolk Constabulary,Suffolk Constabulary,1.743977,52.484543,On or near Sports/Recreation Area,E01030262,East Suffolk 002B,Criminal damage and arson,Investigation complete; no suspect identified,
023de4cc8fdea72239c375c0131042c7ba482b0f7a9cb6648a0642b16278fc06,2026-03,Suffolk Constabulary,Suffolk Constabulary,1.744639,52.487415,On or near Somerton Avenue,E01030262,East Suffolk 002B,Criminal damage and arson,Investigation complete; no suspect identified,
7ad6e51d5b6607ffb979211112fe8a627d2bbf0b2a45bb9eb3372298c48b1f49,2026-03,Suffolk Constabulary,Suffolk Constabulary,1.744639,52.487415,On or near Somerton Avenue,E01030262,East Suffolk 002B,Criminal damage and arson,Investigation complete; no suspect identified,
58254903f67852c9e36408681eea2bc11d020ad6887932833164c66247a366e6,2026-03,Suffolk Constabulary,Suffolk Constabulary,1.743977,52.484543,On or near Sports/Recreation Area,E01030262,East Suffolk 002B,Other theft,Investigation complete; no suspect identified,
ecc32a326aed063142b079a19f6a92f7aad446aab755c444751858788989e65f,2026-03,Suffolk Constabulary,Suffolk Constabulary,1.739758,52.485284,On or near Larch Road,E01030262,East Suffolk 002B,Public order,Under investigation,
867c937406dfc46ba3fbe167d0f0c450a41d41272f8c552f685b07b3a7c8904e,2026-03,Suffolk Constabulary,Suffolk Constabulary,1.737036,52.485326,On or near Lilac Drive,E01030262,East Suffolk 002B,Vehicle crime,Awaiting court outcome,
8aa064f873f2394310e2ae7646469b1632b6b19a667880020416024d4d5608d9,2026-03,Suffolk Constabulary,Suffolk Constabulary,1.739144,52.484305,On or near Broom Road,E01030262,East Suffolk 002B,Vehicle crime,Investigation complete; no suspect identified,
906a5300dcffddb58723a69ce35a73502471f33834b1dd71c4b1e436437918ae,2026-03,Suffolk Constabulary,Suffolk Constabulary,1.743977,52.484543,On or near Sports/Recreation Area,E01030262,East Suffolk 002B,Violence and sexual offences,Under investigation,
2435593a5cc15b1fc2035ecf489d95d6d5662d928d0e07dd1915d4ba59c52f5b,2026-03,Suffolk Constabulary,Suffolk Constabulary,1.743977,52.484543,On or near Sports/Recreation Area,E01030262,East Suffolk 002B,Violence and sexual offences,Investigation complete; no suspect identified,
d0522b2bc46764603350166be83aeaa45bee087140ea36603bbf812e92201470,2026-03,Suffolk Constabulary,Suffolk Constabulary,1.739144,52.484305,On or near Broom Road,E01030262,East Suffolk 002B,Violence and sexual offences,Unable to prosecute suspect,
07dbe46df5c2af1cd1972adfe664a8f262d68265962c7f685e43ebfcdae58172,2026-03,Suffolk Constabulary,Suffolk Constabulary,1.739758,52.485284,On or near Larch Road,E01030262,East Suffolk 002B,Violence and sexual offences,Unable to prosecute suspect,
575769f7fafa0228378d076640e62dbd66802d8d161e0810956de122c193c1b4,2026-03,Suffolk Constabulary,Suffolk Constabulary,1.739758,52.485284,On or near Larch Road,E01030262,East Suffolk 002B,Violence and sexual offences,Action to be taken by another organisation,
52966e848dfff9be8caa2fdab2c00d6a2662fe3861a8081b869459c064ef6d0d,2026-03,Suffolk Constabulary,Suffolk Constabulary,1.739758,52.485284,On or near Larch Road,E01030262,East Suffolk 002B,Violence and sexual offences,Unable to prosecute suspect,
,2026-03,Suffolk Constabulary,Suffolk Constabulary,1.738669,52.491202,On or near Montgomery Avenue,E01030277,East Suffolk 002C,Anti-social behaviour,,
f6e2ca208554b05b63e65028730294347337d28dc48676a2ba9baee3cf42d79e,2026-03,Suffolk Constabulary,Suffolk Constabulary,1.745036,52.493465,On or near A47,E01030277,East Suffolk 002C,Drugs,Awaiting court outcome,
bb960f90467ae289a4def17542bb091125875a28ae1f7805aef2f8e00fc05358,2026-03,Suffolk Constabulary,Suffolk Constabulary,1.746128,52.492449,On or near Yarmouth Road,E01030277,East Suffolk 002C,Other theft,Investigation complete; no suspect identified,
a78f7ff9f98a0aedd1a87262e8d39a27c65cd7691ad1d0044ff953c3c834da14,2026-03,Suffolk Constabulary,Suffolk Constabulary,1.741067,52.490118,On or near Hollingsworth Road,E01030277,East Suffolk 002C,Public order,Under investigation,
9a83c950fec88005896b8110e723e39251be03d86af8355740ce8dbeed4d6c33,2026-03,Suffolk Constabulary,Suffolk Constabulary,1.744504,52.491368,On or near Churchill Close,E01030277,East Suffolk 002C,Public order,Under investigation,
c926a9f5fdb003faab0256707fa35a4a02ee44ee80780d384b0683f606088ea8,2026-03,Suffolk Constabulary,Suffolk Constabulary,1.746744,52.490847,On or near Arnhem Court,E01030277,East Suffolk 002C,Public order,Unable to prosecute suspect,
95979618efadbe1f6e6f49aa48bca5627c495b9d1904d3b408350459e507eae0,2026-03,Suffolk Constabulary,Suffolk Constabulary,1.746744,52.490847,On or near Arnhem Court,E01030277,East Suffolk 002C,Violence and sexual offences,Under investigation,
3db0a6fba4f72c48d79174dd94e002318a00afe334c047c0b8ac7d046b31bc7e,2026-03,Suffolk Constabulary,Suffolk Constabulary,1.744504,52.491368,On or near Churchill Close,E01030277,East Suffolk 002C,Violence and sexual offences,Unable to prosecute suspect,
ddd5a63915d5573dfe1af43770c02d12f7917e7d967adc61747754c2722fcb38,2026-03,Suffolk Constabulary,Suffolk Constabulary,1.744504,52.491368,On or near Churchill Close,E01030277,East Suffolk 002C,Violence and sexual offences,Under investigation,
ef1ba99048bafa92ab81201639f943e92ab8bfb07eacd7d6b20851002b44f58e,2026-03,Suffolk Constabulary,Suffolk Constabulary,1.746744,52.490847,On or near Arnhem Court,E01030277,East Suffolk 002C,Violence and sexual offences,Unable to prosecute suspect,
7fcb76fa967807d1a9c953e655f7440bbcc2bb6bf5360017a4e525dc0f5de6bf,2026-03,Suffolk Constabulary,Suffolk Constabulary,1.746744,52.490847,On or near Arnhem Court,E01030277,East Suffolk 002C,Violence and sexual offences,Unable to prosecute suspect,
1dc248f259fa36e36883509bf912b88481a50dd8b6480b6ed0601a1152f621f9,2026-03,Suffolk Constabulary,Suffolk Constabulary,1.746128,52.492449,On or near Yarmouth Road,E01030277,East Suffolk 002C,Other crime,Unable to prosecute suspect,
f95282feaf5b3d3e7bc1c7aca97043307161c44be54c15ce1931bc5384c4883f,2026-03,Suffolk Constabulary,Suffolk Constabulary,1.736979,52.494034,On or near Wissett Way,E01030279,East Suffolk 002D,Criminal damage and arson,Investigation complete; no suspect identified,
89593afed4284a78faf737e03325edbcd5e5ce5daece634ee17e89c99ef3bbe6,2026-03,Suffolk Constabulary,Suffolk Constabulary,1.734823,52.494157,On or near Westhall Road,E01030279,East Suffolk 002D,Criminal damage and arson,Investigation complete; no suspect identified,
ae5dd1477733cb30a9bd800929c5e4a9d2adec3e831c589636e8dbf7c049d91b,2026-03,Suffolk Constabulary,Suffolk Constabulary,1.737895,52.494761,On or near Spexhall Way,E01030279,East Suffolk 002D,Criminal damage and arson,Investigation complete; no suspect identified,
5c969e0b225d79f285d1c09d6cb425886c62b433a013d9b75723b6543504e71f,2026-03,Suffolk Constabulary,Suffolk Constabulary,1.739552,52.492919,On or near Telesia Court,E01030279,East Suffolk 002D,Drugs,Awaiting court outcome,
1cedb37eb40d51ca95f86492e3a2e241892a0aec5f434bba0a4d2357753385fa,2026-03,Suffolk Constabulary,Suffolk Constabulary,1.736979,52.494034,On or near Wissett Way,E01030279,East Suffolk 002D,Vehicle crime,Unable to prosecute suspect,
07bf4a1c22b7e8a276d2ec731cdf448c5ee327b2384e2dab0685e52f0d2a189f,2026-03,Suffolk Constabulary,Suffolk Constabulary,1.739552,52.492919,On or near Telesia Court,E01030279,East Suffolk 002D,Violence and sexual offences,Under investigation,
226d576604c1079f091f3d969be29112b5c9b416aa4774f611c87635b3073417,2026-03,Suffolk Constabulary,Suffolk Constabulary,1.737895,52.494761,On or near Spexhall Way,E01030279,East Suffolk 002D,Violence and sexual offences,Action to be taken by another organisation,
970c2bf8d69093bf6d48b422fbc8e491b6c9b5e9fd995452928bc120005543a9,2026-03,Suffolk Constabulary,Suffolk Constabulary,1.738777,52.492296,On or near Normandy Road,E01030279,East Suffolk 002D,Violence and sexual offences,Unable to prosecute suspect,
8513e5d374f34a872a13378904d7e847d9d0d343cffd3103e7cb0276de2044aa,2026-03,Suffolk Constabulary,Suffolk Constabulary,1.738777,52.492296,On or near Normandy Road,E01030279,East Suffolk 002D,Other crime,Further investigation is not in the public interest,
,2026-03,Suffolk Constabulary,Suffolk Constabulary,1.727428,52.494021,On or near Supermarket,E01030281,East Suffolk 002E,Anti-social behaviour,,
,2026-03,Suffolk Constabulary,Suffolk Constabulary,1.736420,52.496481,On or near Pleasurewood Close,E01030281,East Suffolk 002E,Anti-social behaviour,,
b6056ee4c2a6bb42cd4d7d7e0eb12c6abdeae3550ad6dc5d7f1742d3ad0e3725,2026-03,Suffolk Constabulary,Suffolk Constabulary,1.728382,52.500234,On or near Rowntree Close,E01030281,East Suffolk 002E,Burglary,Investigation complete; no suspect identified,
9d86766a4ba9fa4f76d795de8d83a25ad57cbb0c49a654ee642ba51578395e7b,2026-03,Suffolk Constabulary,Suffolk Constabulary,1.727428,52.494021,On or near Supermarket,E01030281,East Suffolk 002E,Shoplifting,Unable to prosecute suspect,
1b860d93e72f28dc9ecf179ec297e90113e17bcfb5e7cc7ee339071d5c755767,2026-03,Suffolk Constabulary,Suffolk Constabulary,1.727428,52.494021,On or near Supermarket,E01030281,East Suffolk 002E,Shoplifting,Investigation complete; no suspect identified,
29e81502a433edabd6bfbe95f515d526b3f8ed697e208cb2601054394dffda6e,2026-03,Suffolk Constabulary,Suffolk Constabulary,1.729386,52.501128,On or near Wainwright Close,E01030281,East Suffolk 002E,Vehicle crime,Investigation complete; no suspect identified,
78b5204130ddb7af91aecde412b1b211091fd9200484d69fe08d877b44716bcf,2026-03,Suffolk Constabulary,Suffolk Constabulary,1.729386,52.501128,On or near Wainwright Close,E01030281,East Suffolk 002E,Vehicle crime,Investigation complete; no suspect identified,
1c666e0267f3eaedfd1b4b0f7a337e0012e11e27825a4a7800177b4ee7435b6b,2026-03,Suffolk Constabulary,Suffolk Constabulary,1.729474,52.501818,On or near Howley Gardens,E01030281,East Suffolk 002E,Vehicle crime,Investigation complete; no suspect identified,
9c07b34930d06913b813b09f9781f64dd455ea0d8e84a89dd5a6ad0512b6ea71,2026-03,Suffolk Constabulary,Suffolk Constabulary,1.733820,52.496410,On or near Village Way,E01030281,East Suffolk 002E,Vehicle crime,Investigation complete; no suspect identified,
9b40ef6119c82d5f2a6313897f5495ff3f52ca784c0d7dbf1e96c78fc398725f,2026-03,Suffolk Constabulary,Suffolk Constabulary,1.729474,52.501818,On or near Howley Gardens,E01030281,East Suffolk 002E,Vehicle crime,Investigation complete; no suspect identified,
4af74808d8fe77f6d3536e2d7bad114745102f6bf585005bcd9ecae7b806961e,2026-03,Suffolk Constabulary,Suffolk Constabulary,1.728212,52.493709,On or near Ailmar Close,E01030281,East Suffolk 002E,Violence and sexual offences,Under investigation,
186890c736a19176d195ec1c5e261c1ce041089098838626eb310030be85a6d1,2026-03,Suffolk Constabulary,Suffolk Constabulary,1.731782,52.497401,On or near Blyford Road,E01030281,East Suffolk 002E,Violence and sexual offences,Action to be taken by another organisation,
3561a6f3733d264c8543f6ca16f0fcdc31adad58e1c549874ee921ecebec1607,2026-03,Suffolk Constabulary,Suffolk Constabulary,1.734338,52.495044,On or near Stoven Close,E01030281,East Suffolk 002E,Violence and sexual offences,Awaiting court outcome,
9e88a06fb3ade9e9a9df1008376156173658b3d3a0ab7177e3a2364ebf065ca8,2026-03,Suffolk Constabulary,Suffolk Constabulary,1.728212,52.493709,On or near Ailmar Close,E01030281,East Suffolk 002E,Violence and sexual offences,Under investigation,
adb25dfc6c42e6df205b40f50ff5a97b50a1c7049f8ff4ec79d43c08ddc9ab17,2026-03,Suffolk Constabulary,Suffolk Constabulary,1.715630,52.491469,On or near Green Fleet Drive,E01030266,East Suffolk 003A,Bicycle theft,Investigation complete; no suspect identified,
271a43eeec80747c311ebb71ec6a9cf8c1ffc3652ec34fefbbd4804df67e7aa5,2026-03,Suffolk Constabulary,Suffolk Constabulary,1.714625,52.492140,On or near Fen Green Close,E01030266,East Suffolk 003A,Other theft,Investigation complete; no suspect identified,
44ae69c3999741f205c9f0dc0297cc4f73110afac91847a1b71c5252bb833da0,2026-03,Suffolk Constabulary,Suffolk Constabulary,1.720718,52.494314,On or near Meadow Road,E01030266,East Suffolk 003A,Violence and sexual offences,Under investigation,
fa9cadca310b0004cf75f7996e14c9defe9c1bd97395dc367b470912d03331c1,2026-03,Suffolk Constabulary,Suffolk Constabulary,1.703959,52.485513,On or near Birch Close,E01030267,East Suffolk 003B,Criminal damage and arson,Investigation complete; no suspect identified,
8a1eb8af1bdacc52fc263239b33352e5be8887b740999e898d38d568e192cda7,2026-03,Suffolk Constabulary,Suffolk Constabulary,1.703959,52.485513,On or near Birch Close,E01030267,East Suffolk 003B,Criminal damage and arson,Investigation complete; no suspect identified,
0c0608bdbd62cd111030227b50fb2b88be09cfbf101da3a1a11a838b62b73bef,2026-03,Suffolk Constabulary,Suffolk Constabulary,1.707208,52.485609,On or near Fuller Close,E01030267,East Suffolk 003B,Criminal damage and arson,Investigation complete; no suspect identified,
6751386e834b22c3543494e692a4747b9b96f30f7f281d000179d87f1334b2aa,2026-03,Suffolk Constabulary,Suffolk Constabulary,1.713607,52.490193,On or near Vallibus Close,E01030267,East Suffolk 003B,Public order,Unable to prosecute suspect,
2198736cb9bee2da9ae3a22e82fc8b0a6323cf155b20b1c802030a35303619db,2026-03,Suffolk Constabulary,Suffolk Constabulary,1.707208,52.485609,On or near Fuller Close,E01030267,East Suffolk 003B,Vehicle crime,Investigation complete; no suspect identified,
1a72e6eed822459f56678c40cbaa38569c360649180777c15b2d9b95774e0f8d,2026-03,Suffolk Constabulary,Suffolk Constabulary,1.702782,52.484479,On or near Whiting Road,E01030267,East Suffolk 003B,Violence and sexual offences,Unable to prosecute suspect,
fdb6c86d20de6b8b8ad345f345a5b4f5ad013179dede3808ae2aaf06fc93c797,2026-03,Suffolk Constabulary,Suffolk Constabulary,1.715459,52.484549,On or near Chiltern Crescent,E01030267,East Suffolk 003B,Violence and sexual offences,Action to be taken by another organisation,
906d7c26d48a616a8f46f6526eb714e92b7879f23c6988c386b7561fa105376b,2026-03,Suffolk Constabulary,Suffolk Constabulary,1.708575,52.486969,On or near Lime Avenue,E01030267,East Suffolk 003B,Other crime,Further investigation is not in the public interest,
c076aed8b8d78cc9b4ee5dcd186bef32c5e3f2f9946fbf9c9a27dadfe0295c86,2026-03,Suffolk Constabulary,Suffolk Constabulary,1.724446,52.487162,On or near Lavenham Way,E01030271,East Suffolk 003C,Violence and sexual offences,Unable to prosecute suspect,
,2026-03,Suffolk Constabulary,Suffolk Constabulary,1.729583,52.493189,On or near Ambleside Gardens,E01030278,East Suffolk 003D,Anti-social behaviour,,
,2026-03,Suffolk Constabulary,Suffolk Constabulary,1.739206,52.487811,On or near Steeple View,E01030278,East Suffolk 003D,Anti-social behaviour,,
dc4384d5ff73b4cf36bae6475c759f2bf6a84c9629f1dce1edac2e4088f63557,2026-03,Suffolk Constabulary,Suffolk Constabulary,1.735864,52.492873,On or near Spashett Road,E01030278,East Suffolk 003D,Burglary,Investigation complete; no suspect identified,
be30efdc56843213f06d185200e9c5161a351bee49af864fb48230a34b1f6e73,2026-03,Suffolk Constabulary,Suffolk Constabulary,1.737749,52.489986,On or near Sports/Recreation Area,E01030278,East Suffolk 003D,Possession of weapons,Unable to prosecute suspect,
07eeb72bada07eea1ed1e20a571e00c307bcb020aadeeadedea1278d9e1ec341,2026-03,Suffolk Constabulary,Suffolk Constabulary,1.736992,52.489330,On or near Hillcrest Gardens,E01030278,East Suffolk 003D,Violence and sexual offences,Unable to prosecute suspect,
6b47c6d8acd4876fa961a32306474a69d24f2cd6ded5ac160aa980abd9408a03,2026-03,Suffolk Constabulary,Suffolk Constabulary,1.731905,52.487197,On or near Oulton Road,E01030278,East Suffolk 003D,Other crime,Under investigation,
5eabe81b6ca1ffe03ec2a09ef300ece2312990c3b6191fb65fa6dfaf1a65871c,2026-03,Suffolk Constabulary,Suffolk Constabulary,1.731078,52.488221,On or near Akethorpe Way,E01030280,East Suffolk 003E,Burglary,Investigation complete; no suspect identified,
ba7d173a6494e2cbf859429653b5c1dcb9a88eec9a1c81f6ad93d58a2a700095,2026-03,Suffolk Constabulary,Suffolk Constabulary,1.729023,52.490580,On or near Lulworth Park,E01030280,East Suffolk 003E,Vehicle crime,Under investigation,
,2026-03,Suffolk Constabulary,Suffolk Constabulary,1.750169,52.483308,On or near Boston Road,E01030246,East Suffolk 004A,Anti-social behaviour,,
1ee6712b979ff0a225ae097d3197c186ffe97def8091a2be05b0f7fecba32bd8,2026-03,Suffolk Constabulary,Suffolk Constabulary,1.746039,52.483601,On or near Water Lane,E01030246,East Suffolk 004A,Bicycle theft,Investigation complete; no suspect identified,
d3552a97b5eca7cfab10c3e7b92023debc33d3f39d3d971dfc0cbab6d2591f56,2026-03,Suffolk Constabulary,Suffolk Constabulary,1.749174,52.485130,On or near Ipswich Road,E01030246,East Suffolk 004A,Burglary,Investigation complete; no suspect identified,
d8169ac95101c2f3b533cb4251b66336a50d3f86af7e204fd5cf7b6505b2ba5b,2026-03,Suffolk Constabulary,Suffolk Constabulary,1.745512,52.482611,On or near Princes Road,E01030246,East Suffolk 004A,Criminal damage and arson,Investigation complete; no suspect identified,
886f9484ce63c5b8af0a5e27d884409baefc7ba1ce92e25ccceb6877609201cd,2026-03,Suffolk Constabulary,Suffolk Constabulary,1.753236,52.483346,On or near Dove Street,E01030246,East Suffolk 004A,Criminal damage and arson,Investigation complete; no suspect identified,
82d0530c68cd74af4e6a1bf2899e0386ce35155ffe99eaf37649e957b0d9d3e6,2026-03,Suffolk Constabulary,Suffolk Constabulary,1.750447,52.487959,On or near Worthing Road,E01030246,East Suffolk 004A,Criminal damage and arson,Investigation complete; no suspect identified,
c49fe0482cd9b4a39b1612b69c95261d24738bcb51e99fd46781304123affc15,2026-03,Suffolk Constabulary,Suffolk Constabulary,1.747744,52.484600,On or near Church Road,E01030246,East Suffolk 004A,Other theft,Investigation complete; no suspect identified,
e0a5dd19eb7be24628ee4cdb90a5c298f12317051b9808b385dd58d435e3ab2b,2026-03,Suffolk Constabulary,Suffolk Constabulary,1.753236,52.483346,On or near Dove Street,E01030246,East Suffolk 004A,Possession of weapons,Unable to prosecute suspect,
c8ad116e35ce4bb1724741d489ce0c3ec544b0d14b8539c6cc2900e7d16162ad,2026-03,Suffolk Constabulary,Suffolk Constabulary,1.745512,52.482611,On or near Princes Road,E01030246,East Suffolk 004A,Shoplifting,Investigation complete; no suspect identified,
8fceea9e710d931d06131468fda7111924fd51de868fe3b17c681d336dad3d1e,2026-03,Suffolk Constabulary,Suffolk Constabulary,1.745512,52.482611,On or near Princes Road,E01030246,East Suffolk 004A,Shoplifting,Investigation complete; no suspect identified,
4e32ca5b8d3956ecc165d1edcbbacd65b6cf12eaae507c2b34594974adc02783,2026-03,Suffolk Constabulary,Suffolk Constabulary,1.746039,52.483601,On or near Water Lane,E01030246,East Suffolk 004A,Violence and sexual offences,Awaiting court outcome,
03df5756d9834a4a759e69f2b15ad73f3e462192ffba66f3315c50af58a47816,2026-03,Suffolk Constabulary,Suffolk Constabulary,1.750447,52.487959,On or near Worthing Road,E01030246,East Suffolk 004A,Violence and sexual offences,Action to be taken by another organisation,
491a861e1283bfd2594eca781aecf8511124f7a5d3b8e7afe677a82c0cc0ae24,2026-03,Suffolk Constabulary,Suffolk Constabulary,1.750447,52.487959,On or near Worthing Road,E01030246,East Suffolk 004A,Violence and sexual offences,Action to be taken by another organisation,
f136b50fe31fc6b6afb4e7a00160e29d1d0b230613e299ce77929ebd5ee445a5,2026-03,Suffolk Constabulary,Suffolk Constabulary,1.751249,52.484749,On or near Cambridge Road,E01030246,East Suffolk 004A,Violence and sexual offences,Further investigation is not in the public interest,
b95b4a72a97cadc792723b17d2093ca7eb74cde9b6cd598296819bb64d9cf060,2026-03,Suffolk Constabulary,Suffolk Constabulary,1.745512,52.482611,On or near Princes Road,E01030246,East Suffolk 004A,Violence and sexual offences,Awaiting court outcome,
77de1ccd978361305cdab6d059a93587db8ec41f29c317bc951309332f4326f8,2026-03,Suffolk Constabulary,Suffolk Constabulary,1.753236,52.483346,On or near Dove Street,E01030246,East Suffolk 004A,Other crime,Unable to prosecute suspect,
,2026-03,Suffolk Constabulary,Suffolk Constabulary,1.750268,52.484825,On or near Oxford Road,E01030248,East Suffolk 004B,Anti-social behaviour,,
,2026-03,Suffolk Constabulary,Suffolk Constabulary,1.753783,52.485092,On or near Park Road,E01030248,East Suffolk 004B,Anti-social behaviour,,
7634a66d988ed63b9b1c60292e8936a92fbf097375c5c1a29b8a95b5b83ca5f6,2026-03,Suffolk Constabulary,Suffolk Constabulary,1.750268,52.484825,On or near Oxford Road,E01030248,East Suffolk 004B,Criminal damage and arson,Investigation complete; no suspect identified,
f348263b22b6152b5e53ac5e2d5fec3ab7a37c2f7e3702da0236ee5114f9e704,2026-03,Suffolk Constabulary,Suffolk Constabulary,1.752941,52.486099,On or near Edinburgh Road,E01030248,East Suffolk 004B,Violence and sexual offences,Under investigation,
a682761ba9558e59288a5261f1a11950bdaa9709f7bcbe78dc90f2eff6a70355,2026-03,Suffolk Constabulary,Suffolk Constabulary,1.753783,52.485092,On or near Park Road,E01030248,East Suffolk 004B,Violence and sexual offences,Under investigation,
02d0d7e924fee258090c04c153e8a0118b272e800db09ad52fd5d99da84b706f,2026-03,Suffolk Constabulary,Suffolk Constabulary,1.752836,52.484699,On or near Melbourne Road,E01030248,East Suffolk 004B,Violence and sexual offences,Action to be taken by another organisation,
d09afc4833f72839afbdff3fb8afbc8bc92fb0e3483e9cc348a2e946d4559fb0,2026-03,Suffolk Constabulary,Suffolk Constabulary,1.752525,52.484331,On or near Clarence Road,E01030248,East Suffolk 004B,Violence and sexual offences,Unable to prosecute suspect,
,2026-03,Suffolk Constabulary,Suffolk Constabulary,1.753644,52.480176,On or near Tennyson Road,E01030249,East Suffolk 004C,Anti-social behaviour,,
,2026-03,Suffolk Constabulary,Suffolk Constabulary,1.748398,52.482753,On or near St Peter'S Street,E01030249,East Suffolk 004C,Anti-social behaviour,,
,2026-03,Suffolk Constabulary,Suffolk Constabulary,1.750311,52.480830,On or near Jacob'S Street,E01030249,East Suffolk 004C,Anti-social behaviour,,
059451ae6f5002a3144dd303023a483402298e161d701ca422a04b4d2ae91959,2026-03,Suffolk Constabulary,Suffolk Constabulary,1.748398,52.482753,On or near St Peter'S Street,E01030249,East Suffolk 004C,Bicycle theft,Investigation complete; no suspect identified,
a7fb53f3a022ab9676418aa452dfef1f297f4d0c1dd181c101e0168cd07ccaae,2026-03,Suffolk Constabulary,Suffolk Constabulary,1.748398,52.482753,On or near St Peter'S Street,E01030249,East Suffolk 004C,Burglary,Investigation complete; no suspect identified,
a2b86d939fbcf0493ed3f34a8082b040de6b26aa6b1e405dffdade994b8d1793,2026-03,Suffolk Constabulary,Suffolk Constabulary,1.750311,52.480830,On or near Jacob'S Street,E01030249,East Suffolk 004C,Burglary,Awaiting court outcome,
fdd55f72480c293092f53657789fdde3382d625d204b36808011fc235a3a8599,2026-03,Suffolk Constabulary,Suffolk Constabulary,1.752422,52.479837,On or near Alexandra Road,E01030249,East Suffolk 004C,Criminal damage and arson,Investigation complete; no suspect identified,
4b3bb0fcae1f2719ad1cf5f988bac22599d1cf917e84c0fb03a915868d43329c,2026-03,Suffolk Constabulary,Suffolk Constabulary,1.753644,52.480176,On or near Tennyson Road,E01030249,East Suffolk 004C,Criminal damage and arson,Investigation complete; no suspect identified,
132a2f3aeffd5a22ea3560f1816afdec972e9fbc34360c20aa1b2211590ab027,2026-03,Suffolk Constabulary,Suffolk Constabulary,1.751536,52.479640,On or near Leiston Road,E01030249,East Suffolk 004C,Drugs,Formal action is not in the public interest,
d98d37d503df89c4c4925e58a9868fce509f8c0df1587a5d4002bbbe23822dbb,2026-03,Suffolk Constabulary,Suffolk Constabulary,1.748398,52.482753,On or near St Peter'S Street,E01030249,East Suffolk 004C,Drugs,Local resolution,
ae7e20aaed7e6225065475685e1ed996aed55028bcdf600486124fdf6ed970a9,2026-03,Suffolk Constabulary,Suffolk Constabulary,1.752853,52.476774,On or near Shopping Area,E01030249,East Suffolk 004C,Other theft,Investigation complete; no suspect identified,
fb0bd2bc367a0028706601658ef72398fc6c10571c554641c62b19adccbf6571,2026-03,Suffolk Constabulary,Suffolk Constabulary,1.752853,52.476774,On or near Shopping Area,E01030249,East Suffolk 004C,Shoplifting,Awaiting court outcome,
27b133574f4b98a0e76c6f5614037aebf5c2b2e03322cfa4470970a425aa3d04,2026-03,Suffolk Constabulary,Suffolk Constabulary,1.752853,52.476774,On or near Shopping Area,E01030249,East Suffolk 004C,Shoplifting,Awaiting court outcome,
08f07fec1cb25e8fda32d0cf28aa4908cdcb7390153aa9987a53eba3b84faea3,2026-03,Suffolk Constabulary,Suffolk Constabulary,1.752853,52.476774,On or near Shopping Area,E01030249,East Suffolk 004C,Shoplifting,Unable to prosecute suspect,
99a49f56934d4225f04bd4e7a476345fa72a95d2eb92eb72b91d4d2f7f0c4574,2026-03,Suffolk Constabulary,Suffolk Constabulary,1.752853,52.476774,On or near Shopping Area,E01030249,East Suffolk 004C,Shoplifting,Investigation complete; no suspect identified,
af73b3d6df71ebac51002013ba2d8d6f41fa955ae55030eeb1b82b360554b971,2026-03,Suffolk Constabulary,Suffolk Constabulary,1.752853,52.476774,On or near Shopping Area,E01030249,East Suffolk 004C,Shoplifting,Unable to prosecute suspect,
d9b07abb8bd76125e6e3cf8affe94004900f605043826dea73bc4155ba92a163,2026-03,Suffolk Constabulary,Suffolk Constabulary,1.752853,52.476774,On or near Shopping Area,E01030249,East Suffolk 004C,Shoplifting,Investigation complete; no suspect identified,
33c466dc74a6db2e3fad83b63f161f9fe99d35e3a0d1ba377f22b8fb5b107d78,2026-03,Suffolk Constabulary,Suffolk Constabulary,1.753249,52.477094,On or near Gordon Road,E01030249,East Suffolk 004C,Shoplifting,Awaiting court outcome,
6fb4f41c92f240862a6735010f66b8894c871dc82829760b67d59b506987e1b6,2026-03,Suffolk Constabulary,Suffolk Constabulary,1.752853,52.476774,On or near Shopping Area,E01030249,East Suffolk 004C,Shoplifting,Awaiting court outcome,
54030cef347cfb7164ad655031dd1496449ffe5b5f63ebd3730eb84a1bdd7b49,2026-03,Suffolk Constabulary,Suffolk Constabulary,1.752853,52.476774,On or near Shopping Area,E01030249,East Suffolk 004C,Shoplifting,Awaiting court outcome,
16b7f47260c2fae17c1aafcf0b8769c25494d7cc7ba5e286bf5f2bfb4d10a206,2026-03,Suffolk Constabulary,Suffolk Constabulary,1.752853,52.476774,On or near Shopping Area,E01030249,East Suffolk 004C,Shoplifting,Investigation complete; no suspect identified,
f7557625c810394ed4e275d757c30d2f7b16a28afdd341e1561db5631cf0cee7,2026-03,Suffolk Constabulary,Suffolk Constabulary,1.752853,52.476774,On or near Shopping Area,E01030249,East Suffolk 004C,Shoplifting,Investigation complete; no suspect identified,
dc6f9a1d7a1e9a9640fe26494b2a48e9c55a2d68bd904817d7b693e2f126872b,2026-03,Suffolk Constabulary,Suffolk Constabulary,1.752853,52.476774,On or near Shopping Area,E01030249,East Suffolk 004C,Shoplifting,Investigation complete; no suspect identified,
325476a110d8cdcf7a4ab988f88f2ad2f69254655122fb1cb1e4c359b8840e6d,2026-03,Suffolk Constabulary,Suffolk Constabulary,1.752853,52.476774,On or near Shopping Area,E01030249,East Suffolk 004C,Shoplifting,Investigation complete; no suspect identified,
ed7a627e601255c648e7d3f84f6e243afa97d862d00ee59bdd2a303e666fce91,2026-03,Suffolk Constabulary,Suffolk Constabulary,1.754416,52.480070,On or near Artillery Way,E01030249,East Suffolk 004C,Shoplifting,Awaiting court outcome,
8fa3e70fbec53809f6fdd2201eeac000e01b231afe425f5eaf41aeb8e29b8b09,2026-03,Suffolk Constabulary,Suffolk Constabulary,1.750311,52.480830,On or near Jacob'S Street,E01030249,East Suffolk 004C,Violence and sexual offences,Unable to prosecute suspect,
a6b9a6cd2d0b2a67de533b075263fb3f2c562f765cde1634ad4bfac0b0e78ac9,2026-03,Suffolk Constabulary,Suffolk Constabulary,1.751536,52.479640,On or near Leiston Road,E01030249,East Suffolk 004C,Violence and sexual offences,Investigation complete; no suspect identified,
bd0b60100ccad66644c718dfc0904a19ca91597d95c4cade2583168ddd15f283,2026-03,Suffolk Constabulary,Suffolk Constabulary,1.751623,52.480834,On or near Adrian Road,E01030249,East Suffolk 004C,Violence and sexual offences,Under investigation,
8191d281c79b33160e6e3ddf5fa72a2aba92173ce0832c283090a899151c04bf,2026-03,Suffolk Constabulary,Suffolk Constabulary,1.748475,52.480376,On or near Beresford Road,E01030249,East Suffolk 004C,Violence and sexual offences,Action to be taken by another organisation,
220b5d81de476a7edd0eb781ac31838f5c4850e7758d3f70356da154101cc377,2026-03,Suffolk Constabulary,Suffolk Constabulary,1.751536,52.479640,On or near Leiston Road,E01030249,East Suffolk 004C,Violence and sexual offences,Investigation complete; no suspect identified,
2d88e0d543c828454ef4e8f28612528130195c457d1cf6ddaa0ed58151f01327,2026-03,Suffolk Constabulary,Suffolk Constabulary,1.751536,52.479640,On or near Leiston Road,E01030249,East Suffolk 004C,Violence and sexual offences,Investigation complete; no suspect identified,
ad1dfd34b623b978dc1599ad1d5f38c95c70762efa5f359201345267e6f153ef,2026-03,Suffolk Constabulary,Suffolk Constabulary,1.751536,52.479640,On or near Leiston Road,E01030249,East Suffolk 004C,Violence and sexual offences,Investigation complete; no suspect identified,
4ebd2b037de41e311d7b3c9d4c6e615b2bcc033fba2ccd5040fbdf5aa552d4a1,2026-03,Suffolk Constabulary,Suffolk Constabulary,1.751536,52.479640,On or near Leiston Road,E01030249,East Suffolk 004C,Violence and sexual offences,Awaiting court outcome,
552f608cd736ba74be3ad4558438674696afada5f4912d58e8146228ad5016cb,2026-03,Suffolk Constabulary,Suffolk Constabulary,1.750311,52.480830,On or near Jacob'S Street,E01030249,East Suffolk 004C,Violence and sexual offences,Awaiting court outcome,
949f96ec686bf9e9adede923ffb4d43d81190312fc8ae74be9532c95d984730f,2026-03,Suffolk Constabulary,Suffolk Constabulary,1.754416,52.480070,On or near Artillery Way,E01030249,East Suffolk 004C,Violence and sexual offences,Unable to prosecute suspect,
040d27e60cd5bc6efc2113fadccf0c0dd1b11bd5e0ca861eea3510f337c32791,2026-03,Suffolk Constabulary,Suffolk Constabulary,1.751623,52.480834,On or near Adrian Road,E01030249,East Suffolk 004C,Violence and sexual offences,Unable to prosecute suspect,
75052c0cf305112841aa71f4de74b1b8ddfd0f2e826e93f925f4e717b276826b,2026-03,Suffolk Constabulary,Suffolk Constabulary,1.751573,52.480421,On or near Parking Area,E01030249,East Suffolk 004C,Violence and sexual offences,Unable to prosecute suspect,
,2026-03,Suffolk Constabulary,Suffolk Constabulary,1.747505,52.478329,On or near Wollaston Road,E01030250,East Suffolk 004D,Anti-social behaviour,,
,2026-03,Suffolk Constabulary,Suffolk Constabulary,1.749935,52.475031,On or near Bevan Street East,E01030250,East Suffolk 004D,Anti-social behaviour,,
,2026-03,Suffolk Constabulary,Suffolk Constabulary,1.747002,52.476393,On or near Alma Street,E01030250,East Suffolk 004D,Anti-social behaviour,,
,2026-03,Suffolk Constabulary,Suffolk Constabulary,1.747002,52.476393,On or near Alma Street,E01030250,East Suffolk 004D,Anti-social behaviour,,
,2026-03,Suffolk Constabulary,Suffolk Constabulary,1.749935,52.475031,On or near Bevan Street East,E01030250,East Suffolk 004D,Anti-social behaviour,,
,2026-03,Suffolk Constabulary,Suffolk Constabulary,1.748648,52.478257,On or near Camp Road,E01030250,East Suffolk 004D,Anti-social behaviour,,
,2026-03,Suffolk Constabulary,Suffolk Constabulary,1.747002,52.476393,On or near Alma Street,E01030250,East Suffolk 004D,Anti-social behaviour,,
,2026-03,Suffolk Constabulary,Suffolk Constabulary,1.746765,52.478973,On or near Seago Street,E01030250,East Suffolk 004D,Anti-social behaviour,,
9ba450e4148181d3ba942fe7c3ca139561935078ce8d31983c43c54c4e115d84,2026-03,Suffolk Constabulary,Suffolk Constabulary,1.747136,52.476928,On or near Stanley Street,E01030250,East Suffolk 004D,Burglary,Unable to prosecute suspect,
496e3561c86b836a4c62da0aa3e41b7de49b439092db7db155cca20350437969,2026-03,Suffolk Constabulary,Suffolk Constabulary,1.751131,52.475407,On or near Surrey Street,E01030250,East Suffolk 004D,Burglary,Unable to prosecute suspect,
886d9dd2019a851e58ce815d2e2309bcf17987bac036e90229bb904cef8f403d,2026-03,Suffolk Constabulary,Suffolk Constabulary,1.750202,52.473665,On or near Station Square,E01030250,East Suffolk 004D,Criminal damage and arson,Unable to prosecute suspect,
194f2eacb41d463bdc72438273395015635441f83f4d374a6e1c174035bf3d3c,2026-03,Suffolk Constabulary,Suffolk Constabulary,1.749935,52.475031,On or near Bevan Street East,E01030250,East Suffolk 004D,Criminal damage and arson,Investigation complete; no suspect identified,
99903cbf7916a42a571f001eb30d553786352be2a53e981a8c5530cfe0845347,2026-03,Suffolk Constabulary,Suffolk Constabulary,1.747002,52.476393,On or near Alma Street,E01030250,East Suffolk 004D,Criminal damage and arson,Investigation complete; no suspect identified,
39a565a8b4b186c1bdf2bfdca24f2714b066220313f4f4a11d41b30d040e53cf,2026-03,Suffolk Constabulary,Suffolk Constabulary,1.750043,52.476467,On or near Clapham Road South,E01030250,East Suffolk 004D,Criminal damage and arson,Investigation complete; no suspect identified,
d211440a9c3e978f0cf25a7578842de4147a8d70c34c9d325ff85c8145cd9566,2026-03,Suffolk Constabulary,Suffolk Constabulary,1.748542,52.477522,On or near Till Road,E01030250,East Suffolk 004D,Criminal damage and arson,Investigation complete; no suspect identified,
ed94aa4e31dfe2d7774259b416f29187ec2d420139a6b6ad8edadab8966b8c7f,2026-03,Suffolk Constabulary,Suffolk Constabulary,1.746542,52.479996,On or near Love Road,E01030250,East Suffolk 004D,Criminal damage and arson,Investigation complete; no suspect identified,
a3a7e7b0c2c7953d419fc8679bf0829175f68a91d9b5b442ba1f8b9490de01b9,2026-03,Suffolk Constabulary,Suffolk Constabulary,1.747177,52.475506,On or near Tonning Street,E01030250,East Suffolk 004D,Criminal damage and arson,Investigation complete; no suspect identified,
56d533f850b335e627de6c37714c20f6b7f5fbc34e02b26a50eb0538d588635d,2026-03,Suffolk Constabulary,Suffolk Constabulary,1.752087,52.474352,On or near Suffolk Road,E01030250,East Suffolk 004D,Criminal damage and arson,Under investigation,
69aad69dd849261141a635d4982e563aef5af66023840859b90f7bc806a123e9,2026-03,Suffolk Constabulary,Suffolk Constabulary,1.751131,52.475407,On or near Surrey Street,E01030250,East Suffolk 004D,Drugs,Awaiting court outcome,
6b6f710c6689d3fc78aa93ce02ff4ce62e1e3f067d89c545e421de5a82a8ed57,2026-03,Suffolk Constabulary,Suffolk Constabulary,1.752087,52.474352,On or near Suffolk Road,E01030250,East Suffolk 004D,Drugs,Local resolution,
0c9ccb2ff5804a13d96488ed700507eb86d3a9209fd2dcaf6dd032b35ffb881d,2026-03,Suffolk Constabulary,Suffolk Constabulary,1.750043,52.476467,On or near Clapham Road South,E01030250,East Suffolk 004D,Drugs,Awaiting court outcome,
89f0986209ff81e7a1795b4c882c3eb9f6a72c935021f25606ff5870765467fa,2026-03,Suffolk Constabulary,Suffolk Constabulary,1.748542,52.477522,On or near Till Road,E01030250,East Suffolk 004D,Other theft,Investigation complete; no suspect identified,
7a6821b956b8dc53dc08ef919683ba5a5d9675e550218cc7623da54e291bafce,2026-03,Suffolk Constabulary,Suffolk Constabulary,1.751131,52.475407,On or near Surrey Street,E01030250,East Suffolk 004D,Other theft,Investigation complete; no suspect identified,
db2c23dd8110234cbf586ef98ef2afe13efc849c36fb2c0b10cd3771560fd5d6,2026-03,Suffolk Constabulary,Suffolk Constabulary,1.753068,52.475319,On or near Grove Road,E01030250,East Suffolk 004D,Possession of weapons,Investigation complete; no suspect identified,
d48c0ddc8204d0e8a81686e0ddd6039d27f6055132b2d47c1cd8c42e2e2b2e2f,2026-03,Suffolk Constabulary,Suffolk Constabulary,1.751131,52.475407,On or near Surrey Street,E01030250,East Suffolk 004D,Possession of weapons,Unable to prosecute suspect,
a812cee79de7412e92b2b7b165977a9d10bdc2a4e7b7cb6dda3e7fe746941198,2026-03,Suffolk Constabulary,Suffolk Constabulary,1.751131,52.475407,On or near Surrey Street,E01030250,East Suffolk 004D,Possession of weapons,Unable to prosecute suspect,
936eeb9fff04920299d5abcd29de13ebe283c9f19c46162bf4856de95959ae35,2026-03,Suffolk Constabulary,Suffolk Constabulary,1.750043,52.476467,On or near Clapham Road South,E01030250,East Suffolk 004D,Public order,Awaiting court outcome,
e131b72c754af673f66f660c7f6da538c02e6f91316a76288741276fdaadbe6e,2026-03,Suffolk Constabulary,Suffolk Constabulary,1.752087,52.474352,On or near Suffolk Road,E01030250,East Suffolk 004D,Public order,Under investigation,
e64b3838790b3f557c7cfd87d59abb98bfc00e4f6e66fb64d5e2802be3a298af,2026-03,Suffolk Constabulary,Suffolk Constabulary,1.750202,52.473665,On or near Station Square,E01030250,East Suffolk 004D,Public order,Unable to prosecute suspect,
698cf2bce3e16fa48f590fd7c92b2bf236fa051276d7d2b90986f8a5a3d1c9c0,2026-03,Suffolk Constabulary,Suffolk Constabulary,1.750202,52.473665,On or near Station Square,E01030250,East Suffolk 004D,Public order,Investigation complete; no suspect identified,
2c4bb5e7e6d22c962189970aa0cd96aa078d358224da0bb09af4560d4c1848ca,2026-03,Suffolk Constabulary,Suffolk Constabulary,1.752087,52.474352,On or near Suffolk Road,E01030250,East Suffolk 004D,Shoplifting,Investigation complete; no suspect identified,
ff0754ac812a1d76d5438bf2e637cc6ed53abaf175832c9c36292a507c4fd3c0,2026-03,Suffolk Constabulary,Suffolk Constabulary,1.752087,52.474352,On or near Suffolk Road,E01030250,East Suffolk 004D,Shoplifting,Investigation complete; no suspect identified,
90b682c21982a7e4830d3e0be6b0a0185ec204ceef3f7331ccff834830699def,2026-03,Suffolk Constabulary,Suffolk Constabulary,1.752087,52.474352,On or near Suffolk Road,E01030250,East Suffolk 004D,Shoplifting,Unable to prosecute suspect,
ee629a3d5587cf353e31f48780806c7253ba3117de35cc138f43584c53599339,2026-03,Suffolk Constabulary,Suffolk Constabulary,1.752087,52.474352,On or near Suffolk Road,E01030250,East Suffolk 004D,Shoplifting,Investigation complete; no suspect identified,
987bd4a8bf792326ebc3b8b8c8ed2920a8e4954fe5c886f6de1127a63a2c4864,2026-03,Suffolk Constabulary,Suffolk Constabulary,1.751131,52.475407,On or near Surrey Street,E01030250,East Suffolk 004D,Shoplifting,Investigation complete; no suspect identified,
10b446c47e313543746a84d056be8a69fdb2bdf03771b62dc9782c3aa62dbe3a,2026-03,Suffolk Constabulary,Suffolk Constabulary,1.751131,52.475407,On or near Surrey Street,E01030250,East Suffolk 004D,Theft from the person,Investigation complete; no suspect identified,
05ff90ee2d82a0d75314b85f54989167ae2cc667e08b39eae013df7ff63c01d3,2026-03,Suffolk Constabulary,Suffolk Constabulary,1.751131,52.475407,On or near Surrey Street,E01030250,East Suffolk 004D,Theft from the person,Under investigation,
260d270d9e59059a372c9e79649183ead3c4b483f245991d630ea281f414c47e,2026-03,Suffolk Constabulary,Suffolk Constabulary,1.746239,52.476426,On or near Alma Road,E01030250,East Suffolk 004D,Vehicle crime,Investigation complete; no suspect identified,
8985b50b1a769a2175b0de2e5d6b77cc8db859cc13045238c2bde3159a6a95b7,2026-03,Suffolk Constabulary,Suffolk Constabulary,1.746765,52.478973,On or near Seago Street,E01030250,East Suffolk 004D,Violence and sexual offences,Under investigation,
623186fecdf3a720b05e94931cdbb5f93bc6c352c5535982f84ae4aae0f21fe2,2026-03,Suffolk Constabulary,Suffolk Constabulary,1.752087,52.474352,On or near Suffolk Road,E01030250,East Suffolk 004D,Violence and sexual offences,Unable to prosecute suspect,
7acffcaa27cd098fd604c985f92e10fde3dd6f1fe02162441fb79def5bbb81d2,2026-03,Suffolk Constabulary,Suffolk Constabulary,1.752087,52.474352,On or near Suffolk Road,E01030250,East Suffolk 004D,Violence and sexual offences,Under investigation,
c2fc945bc7309efbb0b7b104a4822fd69148fe754ebecbf89ad84271b432a91d,2026-03,Suffolk Constabulary,Suffolk Constabulary,1.747177,52.475506,On or near Tonning Street,E01030250,East Suffolk 004D,Violence and sexual offences,Under investigation,
0016758555450c0e2420796b2daeacf033e7764583e9ff90ac772697eb87c2b7,2026-03,Suffolk Constabulary,Suffolk Constabulary,1.746182,52.477147,On or near Walton Road,E01030250,East Suffolk 004D,Violence and sexual offences,Offender given a caution,
c92796efbedb78f94980227202a70b904aef21e6704dfd525ea915d9427ff680,2026-03,Suffolk Constabulary,Suffolk Constabulary,1.747002,52.476393,On or near Alma Street,E01030250,East Suffolk 004D,Violence and sexual offences,Action to be taken by another organisation,
f52fabb507f106f8ba0354488e558d6ec682c6ee8524b16fd72e913ab2aad107,2026-03,Suffolk Constabulary,Suffolk Constabulary,1.749935,52.475031,On or near Bevan Street East,E01030250,East Suffolk 004D,Violence and sexual offences,Unable to prosecute suspect,
7101ad6a2a2eef48abee8c46709b0848b25364ea63dd5907f2498341ffbe829a,2026-03,Suffolk Constabulary,Suffolk Constabulary,1.750202,52.473665,On or near Station Square,E01030250,East Suffolk 004D,Violence and sexual offences,Investigation complete; no suspect identified,
669a9047e1485d28cca2aa75386d840b6195111f24c5b7c27bfe9555b88a4249,2026-03,Suffolk Constabulary,Suffolk Constabulary,1.752087,52.474352,On or near Suffolk Road,E01030250,East Suffolk 004D,Violence and sexual offences,Unable to prosecute suspect,
fced571eecd0fd096aca23360a9b1cef1af02cbe7b3abbe8520acbf7b9ea9720,2026-03,Suffolk Constabulary,Suffolk Constabulary,1.746765,52.478973,On or near Seago Street,E01030250,East Suffolk 004D,Violence and sexual offences,Unable to prosecute suspect,
94c7f078e2098f97f5113c57dfd8b846fcdf1141667bdd1fc78c119091bf1a39,2026-03,Suffolk Constabulary,Suffolk Constabulary,1.752087,52.474352,On or near Suffolk Road,E01030250,East Suffolk 004D,Violence and sexual offences,Investigation complete; no suspect identified,
5b83ef64bce44c0f0c5755e30058cae5dbdd08a82eca81f5b7cf676b43813db7,2026-03,Suffolk Constabulary,Suffolk Constabulary,1.750202,52.473665,On or near Station Square,E01030250,East Suffolk 004D,Violence and sexual offences,Awaiting court outcome,
c3db3a4dd3ad2e3f6c5195dc1b4b3620afad446789db28ee6f6ebf6f2c5592cf,2026-03,Suffolk Constabulary,Suffolk Constabulary,1.751131,52.475407,On or near Surrey Street,E01030250,East Suffolk 004D,Violence and sexual offences,Awaiting court outcome,
2051ec399e9c6132683c335cd7c76973c767a794e2abdc7fc1750fe3fda2a055,2026-03,Suffolk Constabulary,Suffolk Constabulary,1.750202,52.473665,On or near Station Square,E01030250,East Suffolk 004D,Violence and sexual offences,Unable to prosecute suspect,
2d763fa10653fa0b6ffe9faacf3b9b8302d12a98e579ccf3ad7158c984c7dcb6,2026-03,Suffolk Constabulary,Suffolk Constabulary,1.746716,52.475979,On or near Bevan Street West,E01030250,East Suffolk 004D,Violence and sexual offences,Unable to prosecute suspect,
17d54b9e7b70b263bf9c7a0164104a3ac4943a03635a3a10389df77d5e08d6ff,2026-03,Suffolk Constabulary,Suffolk Constabulary,1.750202,52.473665,On or near Station Square,E01030250,East Suffolk 004D,Violence and sexual offences,Awaiting court outcome,
afac9f4f62bd2b36aa1d1073e21626ae7b097bb90c420a655046e5fad36a1023,2026-03,Suffolk Constabulary,Suffolk Constabulary,1.751131,52.475407,On or near Surrey Street,E01030250,East Suffolk 004D,Violence and sexual offences,Under investigation,
778461b4ee450ef25e6a993d5ae2ad29929eef2b28406a3cae818e55b6bfffc2,2026-03,Suffolk Constabulary,Suffolk Constabulary,1.746716,52.475979,On or near Bevan Street West,E01030250,East Suffolk 004D,Violence and sexual offences,Action to be taken by another organisation,
d50e34f59beea08af3c05e0f4b09f45b818827d6aaf6aa3e7ac5dc005dbccc0a,2026-03,Suffolk Constabulary,Suffolk Constabulary,1.750202,52.473665,On or near Station Square,E01030250,East Suffolk 004D,Violence and sexual offences,Under investigation,
c3fd78a3ceb8dd8544274b3bde581c1c4b075be04962b362fa5c328ad8633c61,2026-03,Suffolk Constabulary,Suffolk Constabulary,1.749935,52.475031,On or near Bevan Street East,E01030250,East Suffolk 004D,Violence and sexual offences,Under investigation,
dee3e2602b7853d8530fd836da9b586d437af9802128c96a48ee0acabb8b14d9,2026-03,Suffolk Constabulary,Suffolk Constabulary,1.746765,52.478973,On or near Seago Street,E01030250,East Suffolk 004D,Violence and sexual offences,Awaiting court outcome,
093b801e43546c04cee745fe242feb3c6ec47c640729c913289c6ffb83f21483,2026-03,Suffolk Constabulary,Suffolk Constabulary,1.752087,52.474352,On or near Suffolk Road,E01030250,East Suffolk 004D,Violence and sexual offences,Unable to prosecute suspect,
05fe8ec36de3028833ede93034ac312801117bb9ad154104eed641fb9dce98c4,2026-03,Suffolk Constabulary,Suffolk Constabulary,1.746765,52.478973,On or near Seago Street,E01030250,East Suffolk 004D,Violence and sexual offences,Under investigation,
1455b2093e1469c5dd8d8315b22eaf83e177e3c02c81030be0fd8389c90f840e,2026-03,Suffolk Constabulary,Suffolk Constabulary,1.751131,52.475407,On or near Surrey Street,E01030250,East Suffolk 004D,Violence and sexual offences,Awaiting court outcome,
4ffbc9714a4f76eef5a14b27e22f8ebd521a5fe4819c11164934218e1d06d745,2026-03,Suffolk Constabulary,Suffolk Constabulary,1.746239,52.476426,On or near Alma Road,E01030250,East Suffolk 004D,Violence and sexual offences,Action to be taken by another organisation,
c34233b9910b42e9c16f66c5d725501a8fb8c342c03ca4a9b4e6ba144acd5354,2026-03,Suffolk Constabulary,Suffolk Constabulary,1.747002,52.476393,On or near Alma Street,E01030250,East Suffolk 004D,Violence and sexual offences,Unable to prosecute suspect,
533954cbdbba09d6d4db9fefd5b318c6da2457ff8e2b99a18abaab478f39dd75,2026-03,Suffolk Constabulary,Suffolk Constabulary,1.751131,52.475407,On or near Surrey Street,E01030250,East Suffolk 004D,Violence and sexual offences,Under investigation,
f5034b253c2eed5cab981421633df5c36926be457057b868264a1c95ef433a78,2026-03,Suffolk Constabulary,Suffolk Constabulary,1.747505,52.478329,On or near Wollaston Road,E01030250,East Suffolk 004D,Other crime,Under investigation,
68e8ce648e688a232566414f50313a6446174484eb1dd14013a077180dba2305,2026-03,Suffolk Constabulary,Suffolk Constabulary,1.752087,52.474352,On or near Suffolk Road,E01030250,East Suffolk 004D,Other crime,Unable to prosecute suspect,
3013f5c8639d3b38566d928c6b0a05ca36fdfee70a0b2ea8bd0911b6e9df4ff7,2026-03,Suffolk Constabulary,Suffolk Constabulary,1.734997,52.478482,On or near Supermarket,E01030264,East Suffolk 004E,Bicycle theft,Investigation complete; no suspect identified,
977bacb8c001827ba6591656a201d8e4e845a216c9fb5ea10208935cab329698,2026-03,Suffolk Constabulary,Suffolk Constabulary,1.737026,52.478436,On or near Norfolk Street,E01030264,East Suffolk 004E,Bicycle theft,Investigation complete; no suspect identified,
67578ec68be6411d442ca7d2af7b2c3a91d14829a941d5506026a6961678f0cc,2026-03,Suffolk Constabulary,Suffolk Constabulary,1.734997,52.478482,On or near Supermarket,E01030264,East Suffolk 004E,Bicycle theft,Investigation complete; no suspect identified,
4e48665217f0170d5685be27b3920d71c118532062496fa1b27fc787c9488da6,2026-03,Suffolk Constabulary,Suffolk Constabulary,1.742270,52.477910,On or near Sandringham Road,E01030264,East Suffolk 004E,Burglary,Investigation complete; no suspect identified,
041ab074635752993e88705134070a612f077a5ed754f32f3612c1cd6b5a8e83,2026-03,Suffolk Constabulary,Suffolk Constabulary,1.738712,52.478688,On or near Fillisters Mews,E01030264,East Suffolk 004E,Criminal damage and arson,Unable to prosecute suspect,
c25e2c872041a8edd4aadbb19cd9571478dba4db47f17e66beed099796c80613,2026-03,Suffolk Constabulary,Suffolk Constabulary,1.733249,52.477332,On or near North Quay Retail Park,E01030264,East Suffolk 004E,Public order,Under investigation,
9d8a1805e62e96d5a287269f38550e2aa611e41069434fc3b8e646051f072429,2026-03,Suffolk Constabulary,Suffolk Constabulary,1.730648,52.476952,On or near Supermarket,E01030264,East Suffolk 004E,Shoplifting,Unable to prosecute suspect,
ea46560cd4e657027e0d17fece36b3a01a88f08dd14d536a02a4d0b1ba980d75,2026-03,Suffolk Constabulary,Suffolk Constabulary,1.734997,52.478482,On or near Supermarket,E01030264,East Suffolk 004E,Shoplifting,Unable to prosecute suspect,
78782b9c0a53147b1a4175da89fd8d7208d1ce496de50f1f2c9fa322b6246cd2,2026-03,Suffolk Constabulary,Suffolk Constabulary,1.730648,52.476952,On or near Supermarket,E01030264,East Suffolk 004E,Shoplifting,Unable to prosecute suspect,
c3bc8f8a35fdcac4b0165be555e55813d0c067d01726c6382fad3c1fb31ed518,2026-03,Suffolk Constabulary,Suffolk Constabulary,1.734997,52.478482,On or near Supermarket,E01030264,East Suffolk 004E,Shoplifting,Under investigation,
89fa34d43b80c746789642c85970f164a6d93324c31e2616eb9cb835eb314c45,2026-03,Suffolk Constabulary,Suffolk Constabulary,1.733249,52.477332,On or near North Quay Retail Park,E01030264,East Suffolk 004E,Shoplifting,Under investigation,
624c2dd7597a1c7d57b33d189f6bf8b5b5c1401810d3f60dc330f01b4650c4e2,2026-03,Suffolk Constabulary,Suffolk Constabulary,1.734418,52.478788,On or near Barnards Way,E01030264,East Suffolk 004E,Shoplifting,Under investigation,
85b39ab156385fe98af9cc8989365d6614a2cc90251717a6b9a7ec629ae02792,2026-03,Suffolk Constabulary,Suffolk Constabulary,1.734997,52.478482,On or near Supermarket,E01030264,East Suffolk 004E,Shoplifting,Investigation complete; no suspect identified,
6864f2738637bc9a7baa5528c380caa91a4c1fe0df58a3c5d72182562a43ff63,2026-03,Suffolk Constabulary,Suffolk Constabulary,1.734997,52.478482,On or near Supermarket,E01030264,East Suffolk 004E,Shoplifting,Local resolution,
fa2456642ab4b9f226dff1065171291279eb25cdfab56004f6b861974e826a7a,2026-03,Suffolk Constabulary,Suffolk Constabulary,1.730648,52.476952,On or near Supermarket,E01030264,East Suffolk 004E,Shoplifting,Unable to prosecute suspect,
362b3533e1aa18bdff756fc41549f7cff9e425dd06368cc750de7f300cf0d8bf,2026-03,Suffolk Constabulary,Suffolk Constabulary,1.743375,52.479134,On or near May Road,E01030264,East Suffolk 004E,Violence and sexual offences,Unable to prosecute suspect,
ee7e6383a9b20505eb00528d1c022d49c16f74ad707251818b230d731f492b2a,2026-03,Suffolk Constabulary,Suffolk Constabulary,1.737621,52.479209,On or near Kent Road,E01030264,East Suffolk 004E,Violence and sexual offences,Investigation complete; no suspect identified,
993a8a747c83218cfd45bae9ce9f4ead8748f705b869a67f8ca4732cf0aa6673,2026-03,Suffolk Constabulary,Suffolk Constabulary,1.740404,52.477969,On or near York Road,E01030264,East Suffolk 004E,Violence and sexual offences,Under investigation,
4f789d71c9535f12c00c25e6a0f065ba05e811a58252ef295110656e361a4b5f,2026-03,Suffolk Constabulary,Suffolk Constabulary,1.743375,52.479134,On or near May Road,E01030264,East Suffolk 004E,Violence and sexual offences,Unable to prosecute suspect,
886634c2f5e29f8fe56337d09e58a34cc2c63057af15cd7c8aa5811be49c5c8d,2026-03,Suffolk Constabulary,Suffolk Constabulary,1.742961,52.477375,On or near Union Road,E01030264,East Suffolk 004E,Violence and sexual offences,Unable to prosecute suspect,
ca05105e79a5f602a658ece4ab97d51f2b2f26eb398fb88486120cbc67fa5487,2026-03,Suffolk Constabulary,Suffolk Constabulary,1.733249,52.477332,On or near North Quay Retail Park,E01030264,East Suffolk 004E,Violence and sexual offences,Unable to prosecute suspect,
5cb1c9e2fb75bc7aeb7a91ba7eb46beaae48c9b8d5c0b2d6b5a8e4b9d7555146,2026-03,Suffolk Constabulary,Suffolk Constabulary,1.740404,52.477969,On or near York Road,E01030264,East Suffolk 004E,Other crime,Action to be taken by another organisation,
726112d38b41bf5ebce47118467f8c96efc42ff567be2d03df0c8a340b4e7588,2026-03,Suffolk Constabulary,Suffolk Constabulary,1.745472,52.475722,On or near Trafalgar Street,E01030265,East Suffolk 004F,Public order,Under investigation,
a6f63d25a8b73b0f360cc2d223d7216ce6b794538e9f85fe6447ec91e0f4c154,2026-03,Suffolk Constabulary,Suffolk Constabulary,1.745472,52.475722,On or near Trafalgar Street,E01030265,East Suffolk 004F,Vehicle crime,Investigation complete; no suspect identified,
0018a2b36a1eae083efea84b7404319e88fddcd355a3d5592086c0c3354d81e3,2026-03,Suffolk Constabulary,Suffolk Constabulary,1.743039,52.476734,On or near Ashby Road,E01030265,East Suffolk 004F,Violence and sexual offences,Unable to prosecute suspect,
809c5cdcc00a909889892fef2e34d99d50543a5854dbead6768c5e3469ebaabf,2026-03,Suffolk Constabulary,Suffolk Constabulary,1.745472,52.475722,On or near Trafalgar Street,E01030265,East Suffolk 004F,Violence and sexual offences,Under investigation,
a78bb4beedb42aace8c2da3286132bd06e2018763a1391df009ed6a4cfb11f62,2026-03,Suffolk Constabulary,Suffolk Constabulary,1.737704,52.477929,On or near Montana Place,E01030265,East Suffolk 004F,Violence and sexual offences,Under investigation,
8bd4518ad45185ee4a0b562887ed7d1e263ce7818918e09347a38da59e5de41d,2026-03,Suffolk Constabulary,Suffolk Constabulary,1.730998,52.470405,On or near Waveney Crescent,E01030255,East Suffolk 005A,Criminal damage and arson,Investigation complete; no suspect identified,
ad0d9bf8651df5c7b5b5a9020ae123bba3466fe6c6ae69afd328b1ab8860ae5d,2026-03,Suffolk Constabulary,Suffolk Constabulary,1.730938,52.469696,On or near Kimberley Road,E01030255,East Suffolk 005A,Criminal damage and arson,Investigation complete; no suspect identified,
413156fbdd0d28db4c4c1cfaf135de2a8d434efc80ce7af5a0167ba47680174d,2026-03,Suffolk Constabulary,Suffolk Constabulary,1.729332,52.468991,On or near Notley Road,E01030255,East Suffolk 005A,Criminal damage and arson,Investigation complete; no suspect identified,
cca38415ae255eeb535d3310d48b6bef71a9043f9dce196a68345420a3abe052,2026-03,Suffolk Constabulary,Suffolk Constabulary,1.730998,52.470405,On or near Waveney Crescent,E01030255,East Suffolk 005A,Possession of weapons,Unable to prosecute suspect,
0f02978f2ca2429783f476bdb0fe2005c9bb7ff08f8776a5f578d8704018b50a,2026-03,Suffolk Constabulary,Suffolk Constabulary,1.729332,52.468991,On or near Notley Road,E01030255,East Suffolk 005A,Public order,Action to be taken by another organisation,
348b05a6db93ed44c2501ceb28c9c5cda8437eb685ed8a1a4a638d843afc0695,2026-03,Suffolk Constabulary,Suffolk Constabulary,1.725523,52.470281,On or near B1531,E01030255,East Suffolk 005A,Vehicle crime,Investigation complete; no suspect identified,
b5fee6981a89cb58232ac934910c7c634c06dc23cb88c2868f1103d41326582f,2026-03,Suffolk Constabulary,Suffolk Constabulary,1.730998,52.470405,On or near Waveney Crescent,E01030255,East Suffolk 005A,Violence and sexual offences,Unable to prosecute suspect,
76f3d248bb1a8126c7d9085cd262e97c6682e73dbde2bed15686339dff6e009f,2026-03,Suffolk Constabulary,Suffolk Constabulary,1.730998,52.470405,On or near Waveney Crescent,E01030255,East Suffolk 005A,Violence and sexual offences,Unable to prosecute suspect,
2a570599164d65519ceef70862865f9960cfb559d7d7b76b9a2ed939b162688b,2026-03,Suffolk Constabulary,Suffolk Constabulary,1.729332,52.468991,On or near Notley Road,E01030255,East Suffolk 005A,Violence and sexual offences,Under investigation,
9b843c921ba24695c122a0e3c82aa5aeeff156f923d9e8e7d4974a862cf0c552,2026-03,Suffolk Constabulary,Suffolk Constabulary,1.729332,52.468991,On or near Notley Road,E01030255,East Suffolk 005A,Violence and sexual offences,Local resolution,
60c37c64ca64ffc379e10fd84372deace5b9f2b04e0701ab2253ab571a9c47e5,2026-03,Suffolk Constabulary,Suffolk Constabulary,1.729332,52.468991,On or near Notley Road,E01030255,East Suffolk 005A,Violence and sexual offences,Investigation complete; no suspect identified,
c7570fb6e9f804969b52f6a3f4f2516cbe750de996c80886658f2762223a8c28,2026-03,Suffolk Constabulary,Suffolk Constabulary,1.730998,52.470405,On or near Waveney Crescent,E01030255,East Suffolk 005A,Violence and sexual offences,Unable to prosecute suspect,
b3bb000bcb493bd78ddb5ccb7a89ec4afc6ee06ce165c5a507caccf54bfebaf0,2026-03,Suffolk Constabulary,Suffolk Constabulary,1.729332,52.468991,On or near Notley Road,E01030255,East Suffolk 005A,Violence and sexual offences,Action to be taken by another organisation,
2e0b0941883699d8a59e4d328e80a00ab47bf0caec3f385049206f77519fc14a,2026-03,Suffolk Constabulary,Suffolk Constabulary,1.729332,52.468991,On or near Notley Road,E01030255,East Suffolk 005A,Violence and sexual offences,Action to be taken by another organisation,
4e155607668a7e9b35028ea13b95626461c5dc1e77cb92bf7e4ea7ef5b6bf4dc,2026-03,Suffolk Constabulary,Suffolk Constabulary,1.729332,52.468991,On or near Notley Road,E01030255,East Suffolk 005A,Other crime,Unable to prosecute suspect,
,2026-03,Suffolk Constabulary,Suffolk Constabulary,1.735524,52.482621,On or near Garden Close,E01030263,East Suffolk 005B,Anti-social behaviour,,
6693e9218c3b4b42c526d0ed9330f42db7de8b2790d32a00dbbc50ea7adcba3f,2026-03,Suffolk Constabulary,Suffolk Constabulary,1.730001,52.483515,On or near Normanshurst Close,E01030263,East Suffolk 005B,Criminal damage and arson,Unable to prosecute suspect,
69ae7b6d30a646c96a3869d1d79f2caa68ccc7168986307a9321db20cd34c5ea,2026-03,Suffolk Constabulary,Suffolk Constabulary,1.732395,52.483242,On or near Pinebanks,E01030263,East Suffolk 005B,Other theft,Investigation complete; no suspect identified,
dc3ac9d83759b8a312e5d8b3e6acaa573105affe9458add7155e36286e2ff3d1,2026-03,Suffolk Constabulary,Suffolk Constabulary,1.730133,52.485238,On or near Elizabeth Close,E01030263,East Suffolk 005B,Other theft,Investigation complete; no suspect identified,
989baf490024fe791cbe1fd2dbfc29bf6f266bc03a0514f0c1fa033366332eac,2026-03,Suffolk Constabulary,Suffolk Constabulary,1.730001,52.483515,On or near Normanshurst Close,E01030263,East Suffolk 005B,Other theft,Investigation complete; no suspect identified,
efd0f73440df8e53543d7e7ecd73709b94223d4f8903bdc9fc05014752caace8,2026-03,Suffolk Constabulary,Suffolk Constabulary,1.735524,52.482621,On or near Garden Close,E01030263,East Suffolk 005B,Violence and sexual offences,Under investigation,
30ed07b15156a9ffa378fd551401b5ae478dcc3bd9d945870205953f4715b62d,2026-03,Suffolk Constabulary,Suffolk Constabulary,1.735524,52.482621,On or near Garden Close,E01030263,East Suffolk 005B,Violence and sexual offences,Under investigation,
2959ce5eaa79fc78c935d2d69030c2e7ecd23e8feaeed26480ceb78103dc68fe,2026-03,Suffolk Constabulary,Suffolk Constabulary,1.728644,52.481228,On or near Parkside Drive,E01030263,East Suffolk 005B,Violence and sexual offences,Unable to prosecute suspect,
510cf4d9a52c310f9be52fff053100cd7b33f1c146de4291a958c4d8b1553518,2026-03,Suffolk Constabulary,Suffolk Constabulary,1.728644,52.481228,On or near Parkside Drive,E01030263,East Suffolk 005B,Violence and sexual offences,Unable to prosecute suspect,
1b9abaf74a82e6b10eaae0c936071183e8c381106c9299d7ec3b5f8329909c51,2026-03,Suffolk Constabulary,Suffolk Constabulary,1.730001,52.483515,On or near Normanshurst Close,E01030263,East Suffolk 005B,Violence and sexual offences,Unable to prosecute suspect,
09e6a08b91c82861cc061eae05c4d3a4171c5914b9ede289c32ddf789ac34719,2026-03,Suffolk Constabulary,Suffolk Constabulary,1.730465,52.484634,On or near Fir Lane,E01030263,East Suffolk 005B,Violence and sexual offences,Unable to prosecute suspect,
a9f32603cee15b8525b7e5c86afa58035197e893ae3b916079d4b0c3f53d4be4,2026-03,Suffolk Constabulary,Suffolk Constabulary,1.735524,52.482621,On or near Garden Close,E01030263,East Suffolk 005B,Violence and sexual offences,Under investigation,
0885ecc104f84220476fb5faa7be55e23be723a5b2fbda172cae1fe6d498efe1,2026-03,Suffolk Constabulary,Suffolk Constabulary,1.730133,52.485238,On or near Elizabeth Close,E01030263,East Suffolk 005B,Other crime,Further investigation is not in the public interest,
5dd072fa60a11473901ee3199a74b09c8db75360039c0cf15c2d9d184d850acb,2026-03,Suffolk Constabulary,Suffolk Constabulary,1.721625,52.478535,On or near Constable Close,E01030270,East Suffolk 005C,Burglary,Investigation complete; no suspect identified,
1178fc3f74dd9cd5bad63cb2f66df6969dc4bde10bd7dccd1986caade313d64f,2026-03,Suffolk Constabulary,Suffolk Constabulary,1.714005,52.477624,On or near Parking Area,E01030270,East Suffolk 005C,Criminal damage and arson,Investigation complete; no suspect identified,
d155eb87cf480e1cc311392268db19afe463f9722312344cdabd15c08c8a8694,2026-03,Suffolk Constabulary,Suffolk Constabulary,1.720844,52.479405,On or near Lakeland Drive,E01030270,East Suffolk 005C,Criminal damage and arson,Unable to prosecute suspect,
b1404ed3259601681c510530183488ec73cc8d00f0479e0d60c422f406543b3d,2026-03,Suffolk Constabulary,Suffolk Constabulary,1.716792,52.476600,On or near Harbour Road,E01030270,East Suffolk 005C,Other theft,Investigation complete; no suspect identified,
ab2ff676d893950ad87aca2283760ceb1ecfca5329cfadf9ca8f0b0b1ccc3852,2026-03,Suffolk Constabulary,Suffolk Constabulary,1.714676,52.476145,On or near Sea Lake Road,E01030270,East Suffolk 005C,Other theft,Unable to prosecute suspect,
caa149d99521c6b22dfacdd733cb929b113dc4c03253625b515bf41c80709acd,2026-03,Suffolk Constabulary,Suffolk Constabulary,1.716473,52.482781,On or near Bonds Meadow,E01030270,East Suffolk 005C,Possession of weapons,Awaiting court outcome,
cf0374b51fa66e320006ad7eb11a30dbacd45d35cab6b3020827a360a5c93dc3,2026-03,Suffolk Constabulary,Suffolk Constabulary,1.714676,52.476145,On or near Sea Lake Road,E01030270,East Suffolk 005C,Public order,Further investigation is not in the public interest,
2aa515ae484574042075f1176e93ac5f1c17f80625ffaff9b4ef4963af943dce,2026-03,Suffolk Constabulary,Suffolk Constabulary,1.716218,52.478080,On or near Petrol Station,E01030270,East Suffolk 005C,Shoplifting,Awaiting court outcome,
,2026-03,Suffolk Constabulary,Suffolk Constabulary,1.708450,52.472536,On or near Parking Area,E01030289,East Suffolk 005D,Anti-social behaviour,,
,2026-03,Suffolk Constabulary,Suffolk Constabulary,1.708450,52.472536,On or near Parking Area,E01030289,East Suffolk 005D,Anti-social behaviour,,
2915b0283a0f9f43167e277cb4c785187e4c1843e0871be7aeeb6d8e89b1ff6e,2026-03,Suffolk Constabulary,Suffolk Constabulary,1.723444,52.471471,On or near Heath Road,E01030289,East Suffolk 005D,Burglary,Investigation complete; no suspect identified,
d94a46323a8f90ba471edde089eaf9d9ba81d0f05c2d0b005439146ec9af6b1b,2026-03,Suffolk Constabulary,Suffolk Constabulary,1.724808,52.469314,On or near Burnham Way,E01030289,East Suffolk 005D,Criminal damage and arson,Investigation complete; no suspect identified,
748752213a4c99035d09ad7ff44a5c96d23dff987fe692aa5b9708eb9099af8d,2026-03,Suffolk Constabulary,Suffolk Constabulary,1.712318,52.472109,On or near South Elmham Terrace,E01030289,East Suffolk 005D,Criminal damage and arson,Investigation complete; no suspect identified,
bf7b38b25afeef5fb11b312bd3b573d810be2ccc431d4fd85712cf04006f8833,2026-03,Suffolk Constabulary,Suffolk Constabulary,1.723850,52.469488,On or near Hardy Close,E01030289,East Suffolk 005D,Criminal damage and arson,Investigation complete; no suspect identified,
62943115219f68b090190ed3737d92424a89900386fd82b4e6f24250a128db42,2026-03,Suffolk Constabulary,Suffolk Constabulary,1.708810,52.474009,On or near Parking Area,E01030289,East Suffolk 005D,Other theft,Investigation complete; no suspect identified,
b70514a79d247f9f095bfba00c0f956d2f81fe11c20445e79fbcb1240dc9172a,2026-03,Suffolk Constabulary,Suffolk Constabulary,1.706993,52.469919,On or near Marsh Road,E01030289,East Suffolk 005D,Other theft,Investigation complete; no suspect identified,
8a0c0cd3f181691c3bf861777a3bc435c6d468774e2e9f52ddd86b1cccbff66c,2026-03,Suffolk Constabulary,Suffolk Constabulary,1.709310,52.472950,On or near Parking Area,E01030289,East Suffolk 005D,Public order,Under investigation,
ab3bb6a12935a855b3741b673b8d411e65383a8259279ed4cc9a3b78e95b1ad6,2026-03,Suffolk Constabulary,Suffolk Constabulary,1.709310,52.472950,On or near Parking Area,E01030289,East Suffolk 005D,Public order,Awaiting court outcome,
aa355711964dfb8ebadfa2b2647edec619b6a650aeff49ba2b5afebe92508d51,2026-03,Suffolk Constabulary,Suffolk Constabulary,1.709310,52.472950,On or near Parking Area,E01030289,East Suffolk 005D,Public order,Under investigation,
b58429c7cbe0a491cbf67d4eb1ff545f4cbd0b7b2770ce20dddebde9d9da3a1e,2026-03,Suffolk Constabulary,Suffolk Constabulary,1.708810,52.474009,On or near Parking Area,E01030289,East Suffolk 005D,Violence and sexual offences,Under investigation,
0e26aa363f578c431c462360777dd8f2db60a6d1575c988b85b9f470c1ab4be2,2026-03,Suffolk Constabulary,Suffolk Constabulary,1.708810,52.474009,On or near Parking Area,E01030289,East Suffolk 005D,Violence and sexual offences,Unable to prosecute suspect,
f8aab05c07e4ed51306f8124e4af1279ff67ed452eeae380c863bb7f436ee6ae,2026-03,Suffolk Constabulary,Suffolk Constabulary,1.709310,52.472950,On or near Parking Area,E01030289,East Suffolk 005D,Violence and sexual offences,Awaiting court outcome,
f9956bbf83959877d9a699bb7f5fd7d64188b4227ce50fb45a4971ed4e68fa97,2026-03,Suffolk Constabulary,Suffolk Constabulary,1.716823,52.472606,On or near Lake View Terrace,E01030289,East Suffolk 005D,Violence and sexual offences,Unable to prosecute suspect,
5d6f8d12bacc233f8f78d0802730aeb1f20fba186e52b0daa3ebc56905902984,2026-03,Suffolk Constabulary,Suffolk Constabulary,1.725874,52.468336,On or near Privet Green,E01030289,East Suffolk 005D,Violence and sexual offences,Action to be taken by another organisation,
3994d1723b292a949996517690c579eacc1bcd8987218838bc08586864ba321b,2026-03,Suffolk Constabulary,Suffolk Constabulary,1.708849,52.469043,On or near Sycamore Avenue,E01030289,East Suffolk 005D,Violence and sexual offences,Unable to prosecute suspect,
2a70fbf5a9f0442e6657ae2c254c249c7dc884b013cd4a0636b5a934696d4247,2026-03,Suffolk Constabulary,Suffolk Constabulary,1.725874,52.468336,On or near Privet Green,E01030289,East Suffolk 005D,Violence and sexual offences,Local resolution,
ca752aec1d64ebfecd6c803103a80bb8679c795aa698539d9b9a9f3642848cde,2026-03,Suffolk Constabulary,Suffolk Constabulary,1.722908,52.469662,On or near Dell Road East,E01030290,East Suffolk 005E,Burglary,Investigation complete; no suspect identified,
8fed306e65600778aec2263c4a654e94395fe0dcaca87618d71dc66fc42629ba,2026-03,Suffolk Constabulary,Suffolk Constabulary,1.715260,52.470316,On or near Dell Road,E01030290,East Suffolk 005E,Vehicle crime,Investigation complete; no suspect identified,
a5e75249bb79f298946d92797d16ea62b7c3af3d58652a5237be40c7caa806d2,2026-03,Suffolk Constabulary,Suffolk Constabulary,1.718031,52.471039,On or near Victoria Road,E01030290,East Suffolk 005E,Vehicle crime,Investigation complete; no suspect identified,
,2026-03,Suffolk Constabulary,Suffolk Constabulary,1.756820,52.486839,On or near Lighthouse Score,E01030247,East Suffolk 006A,Anti-social behaviour,,
,2026-03,Suffolk Constabulary,Suffolk Constabulary,1.756820,52.486839,On or near Lighthouse Score,E01030247,East Suffolk 006A,Anti-social behaviour,,
,2026-03,Suffolk Constabulary,Suffolk Constabulary,1.753049,52.482704,On or near Factory Street,E01030247,East Suffolk 006A,Anti-social behaviour,,
,2026-03,Suffolk Constabulary,Suffolk Constabulary,1.756852,52.479093,On or near Herring Fishery Score,E01030247,East Suffolk 006A,Anti-social behaviour,,
5e46070ba7907e64d288d812db8078894ad32f210fea15511515475c7f64e3f1,2026-03,Suffolk Constabulary,Suffolk Constabulary,1.755057,52.481543,On or near Dukes Head Street,E01030247,East Suffolk 006A,Bicycle theft,Investigation complete; no suspect identified,
6ae345493e85194bf15e446c7ddb616a45f65163bead4dfc4ad86ca0f6ce7ac5,2026-03,Suffolk Constabulary,Suffolk Constabulary,1.755459,52.477959,On or near Old Nelson Street,E01030247,East Suffolk 006A,Burglary,Investigation complete; no suspect identified,
0d6a6d83633da8acce790d994b4538ddfcd0f7fcc5809527cd1334eec8e00fdd,2026-03,Suffolk Constabulary,Suffolk Constabulary,1.754434,52.478208,On or near London Road North,E01030247,East Suffolk 006A,Criminal damage and arson,Local resolution,
2c3569c3303bed37043d57e0ab0182ae68c380d88fa6d43e8d7384f8f9337f6b,2026-03,Suffolk Constabulary,Suffolk Constabulary,1.756381,52.479963,On or near Spurgeon Score,E01030247,East Suffolk 006A,Criminal damage and arson,Investigation complete; no suspect identified,
37ea5dffcb40961a0e671557729c59ad2b5e63d518698e5882383b023c4e8eb5,2026-03,Suffolk Constabulary,Suffolk Constabulary,1.756820,52.486839,On or near Lighthouse Score,E01030247,East Suffolk 006A,Criminal damage and arson,Unable to prosecute suspect,
dfb8c16bf819aaf732c13810029164f401de27c2b884adc5b371507c98c16114,2026-03,Suffolk Constabulary,Suffolk Constabulary,1.758673,52.483173,On or near Whapload Road,E01030247,East Suffolk 006A,Drugs,Local resolution,
2e1aa18d96e3a3dd84433c5faaed7aa2dcf7c1482d495843ef4d94755c8f5abd,2026-03,Suffolk Constabulary,Suffolk Constabulary,1.758673,52.483173,On or near Whapload Road,E01030247,East Suffolk 006A,Drugs,Local resolution,
9a979e56f34edc3d62165ecc568c250263dcfb063e799578416002bdeed45bd9,2026-03,Suffolk Constabulary,Suffolk Constabulary,1.758673,52.483173,On or near Whapload Road,E01030247,East Suffolk 006A,Drugs,Local resolution,
0dd63d8dbee9cc6e41240a3ba683d7cebbc12d7fa6fa151a540afeca9b8e468d,2026-03,Suffolk Constabulary,Suffolk Constabulary,1.753928,52.481084,On or near Parking Area,E01030247,East Suffolk 006A,Other theft,Investigation complete; no suspect identified,
3bda56ac0740a7e8f739752c07f34c9857a38eb6b69e1a2c0633f0c4d159e509,2026-03,Suffolk Constabulary,Suffolk Constabulary,1.752591,52.475775,On or near Shopping Area,E01030247,East Suffolk 006A,Other theft,Investigation complete; no suspect identified,
9017bbbee3f7852a3e2c011fd1dc3283c525748485cbd0bd6edebed8562c975e,2026-03,Suffolk Constabulary,Suffolk Constabulary,1.754434,52.478208,On or near London Road North,E01030247,East Suffolk 006A,Possession of weapons,Unable to prosecute suspect,
e6967f6ae8096f0384c24d51a4ad0e8fa9bf1a41fb60298d66589c17927ff2d1,2026-03,Suffolk Constabulary,Suffolk Constabulary,1.755661,52.485167,On or near Belle Vue Close,E01030247,East Suffolk 006A,Public order,Local resolution,
d08e6532ad13cd247272e2ff9e228222411065455316a734705be756f992a0b0,2026-03,Suffolk Constabulary,Suffolk Constabulary,1.756852,52.479093,On or near Herring Fishery Score,E01030247,East Suffolk 006A,Public order,Under investigation,
cc2982c57bf20f0955b15134ca607a7f3ba58a6b0cac0f02eb0f5228eab724ae,2026-03,Suffolk Constabulary,Suffolk Constabulary,1.755215,52.480980,On or near Old Market Street,E01030247,East Suffolk 006A,Robbery,Unable to prosecute suspect,
6fdda0696a3f9a1589e94c789c2e715e8f3592609bbac22dbdb4a700184ce6d8,2026-03,Suffolk Constabulary,Suffolk Constabulary,1.752591,52.475775,On or near Shopping Area,E01030247,East Suffolk 006A,Shoplifting,Unable to prosecute suspect,
c59f2c0449e3f8cc601569bb13af4d3c8bce871f1e6a7ec4a0050f4e8f59e2f7,2026-03,Suffolk Constabulary,Suffolk Constabulary,1.752591,52.475775,On or near Shopping Area,E01030247,East Suffolk 006A,Shoplifting,Investigation complete; no suspect identified,
c9fc418a6a65eabf3a0c4d399e70ff2f5fc03ed63e9561ddebf9a6bcad20d48c,2026-03,Suffolk Constabulary,Suffolk Constabulary,1.752591,52.475775,On or near Shopping Area,E01030247,East Suffolk 006A,Shoplifting,Investigation complete; no suspect identified,
38cc1b8a1e91d3947099646969e6b1354c0fd19912c69b581b8826bb2fa0d20d,2026-03,Suffolk Constabulary,Suffolk Constabulary,1.752591,52.475775,On or near Shopping Area,E01030247,East Suffolk 006A,Shoplifting,Awaiting court outcome,
0fa84081f2c6dcbaa6de66e2f8a4f9f6ab0bba3d2902f187112f59b40016b4a7,2026-03,Suffolk Constabulary,Suffolk Constabulary,1.753387,52.475947,On or near Theatre/Concert Hall,E01030247,East Suffolk 006A,Shoplifting,Local resolution,
0430fe268c195101fe55a61b0bede7fbc5c9549f91a83d4a4a0dc042eb8a12a8,2026-03,Suffolk Constabulary,Suffolk Constabulary,1.755057,52.481543,On or near Dukes Head Street,E01030247,East Suffolk 006A,Theft from the person,Under investigation,
8548f6d3fedb1a6a035e887552209a4957991ad58794914b258a51c5e1c5601c,2026-03,Suffolk Constabulary,Suffolk Constabulary,1.753762,52.487269,On or near Dawn Pointon Place,E01030247,East Suffolk 006A,Vehicle crime,Investigation complete; no suspect identified,
78e79b26bd0fde5add793a1cba29b4d0e99f27a57ee550e7b0dc98845e964493,2026-03,Suffolk Constabulary,Suffolk Constabulary,1.755215,52.480980,On or near Old Market Street,E01030247,East Suffolk 006A,Vehicle crime,Investigation complete; no suspect identified,
6f3b0fd424435347e0d400bd3acb55dc2c886fbb47948879a7b23bc0fc265cc5,2026-03,Suffolk Constabulary,Suffolk Constabulary,1.755057,52.481543,On or near Dukes Head Street,E01030247,East Suffolk 006A,Vehicle crime,Investigation complete; no suspect identified,
18b08b886ee399d21f141664fb953afa016356d5fd50598430f963d37083fba1,2026-03,Suffolk Constabulary,Suffolk Constabulary,1.753387,52.475947,On or near Theatre/Concert Hall,E01030247,East Suffolk 006A,Violence and sexual offences,Awaiting court outcome,
0b1a3b8d5d69372456393a64776dc13ae740d079a8fef09ac8b7125bba9e6b31,2026-03,Suffolk Constabulary,Suffolk Constabulary,1.755057,52.481543,On or near Dukes Head Street,E01030247,East Suffolk 006A,Violence and sexual offences,Unable to prosecute suspect,
a20ad19b6d477e10a09006bf014972e2441053ae2625514574944feec8fa0469,2026-03,Suffolk Constabulary,Suffolk Constabulary,1.754434,52.478208,On or near London Road North,E01030247,East Suffolk 006A,Violence and sexual offences,Unable to prosecute suspect,
4c96a031ec72c636923716f1ed5e4e1a32cd7d689ab887d90013f87bcaa5d8e8,2026-03,Suffolk Constabulary,Suffolk Constabulary,1.752609,52.482385,On or near Elim Terrace,E01030247,East Suffolk 006A,Violence and sexual offences,Unable to prosecute suspect,
5c287cd156fefe6e385d49a5179332c404bc4da48d273b65cdb2339cd22b9dd9,2026-03,Suffolk Constabulary,Suffolk Constabulary,1.755559,52.484495,On or near Camden Street,E01030247,East Suffolk 006A,Violence and sexual offences,Unable to prosecute suspect,
10192e19f79e454b58d4e3ed0158d14dcf610a826e083c797b67665d46cc866a,2026-03,Suffolk Constabulary,Suffolk Constabulary,1.753387,52.475947,On or near Theatre/Concert Hall,E01030247,East Suffolk 006A,Violence and sexual offences,Awaiting court outcome,
3a87e9088f55ddcdf2a5570257cbbb21019a02432168d9fe213519abb0ae997d,2026-03,Suffolk Constabulary,Suffolk Constabulary,1.756820,52.486839,On or near Lighthouse Score,E01030247,East Suffolk 006A,Violence and sexual offences,Local resolution,
537f8e78157fc119a02bdb6733f11bbbefbf2cefc1be9d211e6258e771199e22,2026-03,Suffolk Constabulary,Suffolk Constabulary,1.754434,52.478208,On or near London Road North,E01030247,East Suffolk 006A,Violence and sexual offences,Under investigation,
08026fb5cff7c8767b4aea3b26afe35e2d8e96e8fd57066febf945f94901f2cd,2026-03,Suffolk Constabulary,Suffolk Constabulary,1.752591,52.475775,On or near Shopping Area,E01030247,East Suffolk 006A,Violence and sexual offences,Unable to prosecute suspect,
dfee7f3f8c169ccda07d9268ff465124ce16074707ad80d69552a6be081138d1,2026-03,Suffolk Constabulary,Suffolk Constabulary,1.752609,52.482385,On or near Elim Terrace,E01030247,East Suffolk 006A,Violence and sexual offences,Unable to prosecute suspect,
9308c03494408768c50f2957ef563ccdb5eb590c01437ffccfb39aa0b3d54777,2026-03,Suffolk Constabulary,Suffolk Constabulary,1.753387,52.475947,On or near Theatre/Concert Hall,E01030247,East Suffolk 006A,Violence and sexual offences,Awaiting court outcome,
358a57233ee00acdf5e2912d7577baf77b98b196a578c0f1156b57f45cf54ec3,2026-03,Suffolk Constabulary,Suffolk Constabulary,1.754434,52.478208,On or near London Road North,E01030247,East Suffolk 006A,Violence and sexual offences,Unable to prosecute suspect,
c9edbfa8e4f58c38c90303cc0f64acc0c7eea73d597cdfcace63330fbf770bd7,2026-03,Suffolk Constabulary,Suffolk Constabulary,1.753286,52.476670,On or near Shopping Area,E01030247,East Suffolk 006A,Violence and sexual offences,Unable to prosecute suspect,
07c88763eed69300ab84bceca5d3ccb5d748633d1f60395f1ce20c9629da49ef,2026-03,Suffolk Constabulary,Suffolk Constabulary,1.757943,52.488953,On or near Parking Area,E01030247,East Suffolk 006A,Violence and sexual offences,Awaiting court outcome,
7dcd840e4515d150ebe00e262cf7b8ef4abbffc0af560fa16fa9800b65226981,2026-03,Suffolk Constabulary,Suffolk Constabulary,1.754729,52.481329,On or near Parking Area,E01030247,East Suffolk 006A,Violence and sexual offences,Investigation complete; no suspect identified,
e4011c781bbefc03d7ad65250ac3654df5da718dd6f449f9e7013e6a8edab846,2026-03,Suffolk Constabulary,Suffolk Constabulary,1.755661,52.485167,On or near Belle Vue Close,E01030247,East Suffolk 006A,Violence and sexual offences,Unable to prosecute suspect,
e9dd9445ae9522983bb1d0b5b3d137138621185657b8847a5869323113cdb9cc,2026-03,Suffolk Constabulary,Suffolk Constabulary,1.755661,52.485167,On or near Belle Vue Close,E01030247,East Suffolk 006A,Violence and sexual offences,Under investigation,
7fd3bbf3a18090ca8536af26d7054b898c99ee841e82c60c3ccb44df2cda8aab,2026-03,Suffolk Constabulary,Suffolk Constabulary,1.740150,52.466994,On or near Beaconsfield Road,E01030254,East Suffolk 006B,Other theft,Investigation complete; no suspect identified,
01d358151a7bdd3463850a573c90273adbdf6e6823a7b20cdbfdd8ec12b2fa98,2026-03,Suffolk Constabulary,Suffolk Constabulary,1.742948,52.466645,On or near Lawson Court,E01030254,East Suffolk 006B,Vehicle crime,Investigation complete; no suspect identified,
375059a76eeffdaabfafe3468d2b11370df8cfb5f4c474a317814ed920410c12,2026-03,Suffolk Constabulary,Suffolk Constabulary,1.740150,52.466994,On or near Beaconsfield Road,E01030254,East Suffolk 006B,Violence and sexual offences,Unable to prosecute suspect,
c0e942f11685eebc4df9b474515146c349176788f2179279131c2fc4dfd6f62d,2026-03,Suffolk Constabulary,Suffolk Constabulary,1.742948,52.466645,On or near Lawson Court,E01030254,East Suffolk 006B,Violence and sexual offences,Unable to prosecute suspect,
e3822b262a0556284298b01fafa9f023e49dccbd008641edeecc1aabda6e11a1,2026-03,Suffolk Constabulary,Suffolk Constabulary,1.740940,52.466762,On or near Ontario Road,E01030254,East Suffolk 006B,Violence and sexual offences,Under investigation,
7401d70a1f472ee8228e1182b4acb30bed59834904d9eb9c3a345864e09d03e9,2026-03,Suffolk Constabulary,Suffolk Constabulary,1.739527,52.467464,On or near Payne Street,E01030254,East Suffolk 006B,Violence and sexual offences,Action to be taken by another organisation,
fc940ad840f1a1f691500797714cf616570cae9b2729d18e9bf47835c2a37901,2026-03,Suffolk Constabulary,Suffolk Constabulary,1.740749,52.460526,On or near Park/Open Space,E01030256,East Suffolk 006C,Burglary,Investigation complete; no suspect identified,
a68666122038206b186518997c79b5e95101aca5da58c117cf74e38a20fc793a,2026-03,Suffolk Constabulary,Suffolk Constabulary,1.737210,52.459766,On or near B1532,E01030256,East Suffolk 006C,Criminal damage and arson,Investigation complete; no suspect identified,
c4f4c3334509f9a5efdcfdc83f2fc057c026e3e8fde1e4a745cb643055fcde15,2026-03,Suffolk Constabulary,Suffolk Constabulary,1.741201,52.462203,On or near Kirkley Cliff Road,E01030256,East Suffolk 006C,Other theft,Investigation complete; no suspect identified,
ccda303c9d787e1c235d287c7ab2cb4a7724b1daaabc55b0dea8257d1cdb418c,2026-03,Suffolk Constabulary,Suffolk Constabulary,1.743477,52.464209,On or near Parking Area,E01030256,East Suffolk 006C,Public order,Under investigation,
38bd90e3ff37d081b042d4cb9c6ff3169d8cfe9c6ca96488d3c4d4a01fbad4d1,2026-03,Suffolk Constabulary,Suffolk Constabulary,1.739822,52.464171,On or near Harold Road,E01030256,East Suffolk 006C,Vehicle crime,Investigation complete; no suspect identified,
a2e76e0be6ac79096b941aa1de17d0620f7f0530cfad0ac77492320622141ce3,2026-03,Suffolk Constabulary,Suffolk Constabulary,1.743477,52.464209,On or near Parking Area,E01030256,East Suffolk 006C,Violence and sexual offences,Investigation complete; no suspect identified,
1a1b9c586dc542c22f92d29df5b3d3dc16a244da5f9663d0a37cbbb2584f54f5,2026-03,Suffolk Constabulary,Suffolk Constabulary,1.743477,52.464209,On or near Parking Area,E01030256,East Suffolk 006C,Violence and sexual offences,Unable to prosecute suspect,
72ec1c1814602cbdaba31e93a5f1c0b063295b4e8071b6c68feb42f2fd235e7d,2026-03,Suffolk Constabulary,Suffolk Constabulary,1.744680,52.465717,On or near Parking Area,E01030256,East Suffolk 006C,Violence and sexual offences,Unable to prosecute suspect,
a0ce8c19eb557873cc0e42658ab106f1f369bd2ef61cad9c3af23e4612d4b556,2026-03,Suffolk Constabulary,Suffolk Constabulary,1.740587,52.463122,On or near London Road South,E01030256,East Suffolk 006C,Violence and sexual offences,Action to be taken by another organisation,
c2020ec0257cf4986d962fb77f1b8f253fd56a313d126a8638e7751577fe006e,2026-03,Suffolk Constabulary,Suffolk Constabulary,1.741201,52.462203,On or near Kirkley Cliff Road,E01030256,East Suffolk 006C,Violence and sexual offences,Unable to prosecute suspect,
707e9c36ba6cfbf6059d11ac939359dd6edbcdabb2bbf52266854ec4d868b24d,2026-03,Suffolk Constabulary,Suffolk Constabulary,1.741201,52.462203,On or near Kirkley Cliff Road,E01030256,East Suffolk 006C,Violence and sexual offences,Offender given a caution,
2e4e1a51c4a6aceb871da344a6a475fb0af99a880bcd3b3c41637cfd8d39c73f,2026-03,Suffolk Constabulary,Suffolk Constabulary,1.744680,52.465717,On or near Parking Area,E01030256,East Suffolk 006C,Violence and sexual offences,Unable to prosecute suspect,
59d69ce97866e2d8165779ce047be41a0d4b9abe4e0871496f5935ac4a78b3bd,2026-03,Suffolk Constabulary,Suffolk Constabulary,1.741201,52.462203,On or near Kirkley Cliff Road,E01030256,East Suffolk 006C,Violence and sexual offences,Unable to prosecute suspect,
a85db804e7da4575d3f31595337877991193e7438b01a5d92accc563f180239f,2026-03,Suffolk Constabulary,Suffolk Constabulary,1.740587,52.463122,On or near London Road South,E01030256,East Suffolk 006C,Other crime,Unable to prosecute suspect,
,2026-03,Suffolk Constabulary,Suffolk Constabulary,1.745443,52.467070,On or near Wellington Esplanade,E01030258,East Suffolk 006D,Anti-social behaviour,,
,2026-03,Suffolk Constabulary,Suffolk Constabulary,1.741249,52.471619,On or near Supermarket,E01030258,East Suffolk 006D,Anti-social behaviour,,
6d1a194617abcc168e8f7a6936a8b967ab84a68d026f2bca46a58686949c34f1,2026-03,Suffolk Constabulary,Suffolk Constabulary,1.741249,52.471619,On or near Supermarket,E01030258,East Suffolk 006D,Bicycle theft,Investigation complete; no suspect identified,
2f3acf3cea603364b748f400ac15f6e3a59ea54ed46bb427f6a6fd28b7cf1649,2026-03,Suffolk Constabulary,Suffolk Constabulary,1.744221,52.467765,On or near Economy Road,E01030258,East Suffolk 006D,Criminal damage and arson,Local resolution,
cc6d135954221833af51a7ad75aeeb79f38510ba5c589c3a53aa07d40f12f03d,2026-03,Suffolk Constabulary,Suffolk Constabulary,1.745497,52.467697,On or near Waterloo Road,E01030258,East Suffolk 006D,Criminal damage and arson,Investigation complete; no suspect identified,
6811c9ec02dd3e5a78c8e7a746b2139d8083aa2101c1fabc87eedfa951b6ea3e,2026-03,Suffolk Constabulary,Suffolk Constabulary,1.742698,52.469603,On or near Kirkley Rise,E01030258,East Suffolk 006D,Criminal damage and arson,Under investigation,
8a6f49e3726f780edb956194aedcb33f6d4eaaae752bae2640d5055cf0a943aa,2026-03,Suffolk Constabulary,Suffolk Constabulary,1.743496,52.466682,On or near Supermarket,E01030258,East Suffolk 006D,Criminal damage and arson,Investigation complete; no suspect identified,
84d57fa154bdfbe92f047970f89eb57f05b18b7fb4461095cf44808d5d87e8f0,2026-03,Suffolk Constabulary,Suffolk Constabulary,1.743496,52.466682,On or near Supermarket,E01030258,East Suffolk 006D,Criminal damage and arson,Investigation complete; no suspect identified,
80872008636ff343cf30b43abe8a78fe10ec0a3a921c607565454b654d04e8d0,2026-03,Suffolk Constabulary,Suffolk Constabulary,1.746418,52.468145,On or near Victoria Terrace,E01030258,East Suffolk 006D,Criminal damage and arson,Investigation complete; no suspect identified,
9363528ed135362e8a1b325b0359286ad69d751787e181213c358af2a6cfe55c,2026-03,Suffolk Constabulary,Suffolk Constabulary,1.746534,52.470894,On or near St John'S Road,E01030258,East Suffolk 006D,Other theft,Unable to prosecute suspect,
2e2149731fb685781c0ef5b4b7e1b94ddd0e189efedf1a7986f92052734ea7f7,2026-03,Suffolk Constabulary,Suffolk Constabulary,1.745497,52.467697,On or near Waterloo Road,E01030258,East Suffolk 006D,Other theft,Action to be taken by another organisation,
346e55edf53bbd6bd3d083488c1a411a2153579e5a50fa9b366d13108a6bab7d,2026-03,Suffolk Constabulary,Suffolk Constabulary,1.743994,52.465442,On or near Kirkley Cliff,E01030258,East Suffolk 006D,Other theft,Unable to prosecute suspect,
b2edd401da4f62c1c6c7780cbb216279d84a318a4a5dee9c8b3f9e4853c24900,2026-03,Suffolk Constabulary,Suffolk Constabulary,1.749509,52.472445,On or near Pier Terrace,E01030258,East Suffolk 006D,Possession of weapons,Unable to prosecute suspect,
c4fa41019bdd23d639ca45ec885e68e0ea31ed9a6ce13c511d9c485208bf36c0,2026-03,Suffolk Constabulary,Suffolk Constabulary,1.742698,52.469603,On or near Kirkley Rise,E01030258,East Suffolk 006D,Public order,Investigation complete; no suspect identified,
bd4b963f9e65dd59c19c7830456251723bdf1fb294eb2c822e87e05015ef99ce,2026-03,Suffolk Constabulary,Suffolk Constabulary,1.743496,52.466682,On or near Supermarket,E01030258,East Suffolk 006D,Shoplifting,Investigation complete; no suspect identified,
6af3adf74497b34b594f4463a81fcdeac3df173e39887a34812ed27933d27d5a,2026-03,Suffolk Constabulary,Suffolk Constabulary,1.743496,52.466682,On or near Supermarket,E01030258,East Suffolk 006D,Shoplifting,Investigation complete; no suspect identified,
ced2b6e922edc5c7618a1df5fa1f441027093607370ece157490e1a866475fc7,2026-03,Suffolk Constabulary,Suffolk Constabulary,1.743496,52.466682,On or near Supermarket,E01030258,East Suffolk 006D,Shoplifting,Under investigation,
25391f16f717c8cae3fa34f46b33eb21f56a65911fbfbfa5ac7b1a8075649277,2026-03,Suffolk Constabulary,Suffolk Constabulary,1.743496,52.466682,On or near Supermarket,E01030258,East Suffolk 006D,Shoplifting,Investigation complete; no suspect identified,
5259a587680f0312520c2779f43cf8bb57ab71a51c73998e8fcfd30ea20b4dab,2026-03,Suffolk Constabulary,Suffolk Constabulary,1.743496,52.466682,On or near Supermarket,E01030258,East Suffolk 006D,Shoplifting,Investigation complete; no suspect identified,
f3bc3963d8e064b2c9bc5f1f65f88534f9e99118fa8d341c2ee78d115c11373d,2026-03,Suffolk Constabulary,Suffolk Constabulary,1.743496,52.466682,On or near Supermarket,E01030258,East Suffolk 006D,Shoplifting,Investigation complete; no suspect identified,
aef3f505b2980b9beb0b39ff0cc4bdc2a03dde21a85328945858202912d2a073,2026-03,Suffolk Constabulary,Suffolk Constabulary,1.740740,52.469782,On or near Harrod Close,E01030258,East Suffolk 006D,Violence and sexual offences,Under investigation,
64c9eb6d2ae44b031ff343e4c6139d029d94d833a66cb67fd5ed809b8bdb95b6,2026-03,Suffolk Constabulary,Suffolk Constabulary,1.745401,52.470039,On or near Mill Road,E01030258,East Suffolk 006D,Violence and sexual offences,Unable to prosecute suspect,
5b70a572558a655ea560bac5b4ce1e6f584ed0c57ec35a80ad6814b7189ecaca,2026-03,Suffolk Constabulary,Suffolk Constabulary,1.745401,52.470039,On or near Mill Road,E01030258,East Suffolk 006D,Violence and sexual offences,Under investigation,
823d36df41eccfb35bd5dc81fb8d817ca5d3e4156f3875a169b1d5d3687c1408,2026-03,Suffolk Constabulary,Suffolk Constabulary,1.742698,52.469603,On or near Kirkley Rise,E01030258,East Suffolk 006D,Violence and sexual offences,Under investigation,
51ed82bf5e238673e829fc7988a3942c1fb5c831e232f9dfe6ab7044404b7ab5,2026-03,Suffolk Constabulary,Suffolk Constabulary,1.742698,52.469603,On or near Kirkley Rise,E01030258,East Suffolk 006D,Violence and sexual offences,Under investigation,
1371c9e449cc71e8cfeae92460d6bfb873df60bb75aee9b08ddf5626298eb4f8,2026-03,Suffolk Constabulary,Suffolk Constabulary,1.742698,52.469603,On or near Kirkley Rise,E01030258,East Suffolk 006D,Violence and sexual offences,Under investigation,
bf3846f9c982d9ea03afeeef7eb5eb5d78bc296ef93bc257eeb41ae95b405fc2,2026-03,Suffolk Constabulary,Suffolk Constabulary,1.742698,52.469603,On or near Kirkley Rise,E01030258,East Suffolk 006D,Violence and sexual offences,Under investigation,
e594f7d58f491e1039704ee833b18709c017201a80a3cd4561c119f2defaaaf3,2026-03,Suffolk Constabulary,Suffolk Constabulary,1.742698,52.469603,On or near Kirkley Rise,E01030258,East Suffolk 006D,Violence and sexual offences,Under investigation,
619ffaf0c8bbc5afb96180b70be12a657bf241c29125f317d454270f9ffb0765,2026-03,Suffolk Constabulary,Suffolk Constabulary,1.742698,52.469603,On or near Kirkley Rise,E01030258,East Suffolk 006D,Violence and sexual offences,Under investigation,
7ab28c1e0816c5302b02ed7c41009481fd9b50899e70fe1b43ad037137eb6925,2026-03,Suffolk Constabulary,Suffolk Constabulary,1.745662,52.469644,On or near Cleveland Road,E01030258,East Suffolk 006D,Violence and sexual offences,Under investigation,
53d6db72f3f1aab1a9d614c7f32880c64eec0384c8b10552f06536cb3c091655,2026-03,Suffolk Constabulary,Suffolk Constabulary,1.742698,52.469603,On or near Kirkley Rise,E01030258,East Suffolk 006D,Violence and sexual offences,Under investigation,
bbf51c5edeb55fe8714c342c3cbb2950bc186b7b7a47a3be6564ba345a4cc11e,2026-03,Suffolk Constabulary,Suffolk Constabulary,1.742698,52.469603,On or near Kirkley Rise,E01030258,East Suffolk 006D,Violence and sexual offences,Unable to prosecute suspect,
437d1f1d945819e62d743e63eae9afb5ac3fc9f11d47ab442d51e4a47b46249b,2026-03,Suffolk Constabulary,Suffolk Constabulary,1.742345,52.466664,On or near Lawson Road,E01030258,East Suffolk 006D,Violence and sexual offences,Awaiting court outcome,
b350c3323d5c516f26e7544e4f03c29ed852f083b79553ff9f89e15501a97000,2026-03,Suffolk Constabulary,Suffolk Constabulary,1.735099,52.469088,On or near Durban Road,E01030258,East Suffolk 006D,Violence and sexual offences,Unable to prosecute suspect,
9ebfc67d2b75c47baf7c143013309c35b80100804d30ad12549bbf2dc51436e9,2026-03,Suffolk Constabulary,Suffolk Constabulary,1.743496,52.466682,On or near Supermarket,E01030258,East Suffolk 006D,Violence and sexual offences,Investigation complete; no suspect identified,
4610ab532a3577f9275093cb808c09109c779e2248327cd5a3e4a5d26b2f4f7f,2026-03,Suffolk Constabulary,Suffolk Constabulary,1.744221,52.467765,On or near Economy Road,E01030258,East Suffolk 006D,Violence and sexual offences,Under investigation,
fd31b8b48f77f39706fed1c52ef163c171e391d5e31cd3c7c581b2b918a4445f,2026-03,Suffolk Constabulary,Suffolk Constabulary,1.749509,52.472445,On or near Pier Terrace,E01030258,East Suffolk 006D,Violence and sexual offences,Unable to prosecute suspect,
5edf82032694cc6c176143a6a2f3c64476a234a0d1e41ca286b99e35299f051d,2026-03,Suffolk Constabulary,Suffolk Constabulary,1.748819,52.471604,On or near Parade Road North,E01030258,East Suffolk 006D,Violence and sexual offences,Unable to prosecute suspect,
27f87666b36e3c754d14f723ace8d9663cd6cb6db30954a36f4b17c198d88151,2026-03,Suffolk Constabulary,Suffolk Constabulary,1.747884,52.469790,On or near Parking Area,E01030258,East Suffolk 006D,Violence and sexual offences,Unable to prosecute suspect,
915c54139a1ee8e792db2bfc45a0f314c93399228f66824fedc9261516229a1c,2026-03,Suffolk Constabulary,Suffolk Constabulary,1.745497,52.467697,On or near Waterloo Road,E01030258,East Suffolk 006D,Violence and sexual offences,Under investigation,
1344d6162bc71aefc20f4e1270ba01a53019be128371244c51b56293a58c8262,2026-03,Suffolk Constabulary,Suffolk Constabulary,1.745401,52.470039,On or near Mill Road,E01030258,East Suffolk 006D,Violence and sexual offences,Local resolution,
221db5771338cb97f08f138ea11a3c6587a9012526decc2d3ff2f5f83211a3eb,2026-03,Suffolk Constabulary,Suffolk Constabulary,1.744221,52.467765,On or near Economy Road,E01030258,East Suffolk 006D,Violence and sexual offences,Investigation complete; no suspect identified,
6620e64ca68a69a3f48dd6d08abdcf0b200b2fd1ca9a6ec97762cc2abd7aa0e3,2026-03,Suffolk Constabulary,Suffolk Constabulary,1.748819,52.471604,On or near Parade Road North,E01030258,East Suffolk 006D,Violence and sexual offences,Under investigation,
d6ad426a20fe0ff5b19fe6044315dbc422bb3a4cf5b4fa1ef8ca45834866ecb4,2026-03,Suffolk Constabulary,Suffolk Constabulary,1.745401,52.470039,On or near Mill Road,E01030258,East Suffolk 006D,Violence and sexual offences,Action to be taken by another organisation,
c3d378e4b8bcf9309776a9b3f68934bf13df07e220a51fbfe87f7f98eb3e0178,2026-03,Suffolk Constabulary,Suffolk Constabulary,1.746534,52.470894,On or near St John'S Road,E01030258,East Suffolk 006D,Other crime,Under investigation,
fcba4baceec2a6de4d5220733e60077eb8fd9ebc64fbc9d216738a958ca15194,2026-03,Suffolk Constabulary,Suffolk Constabulary,1.746534,52.470894,On or near St John'S Road,E01030258,East Suffolk 006D,Other crime,Action to be taken by another organisation,
d481bab12bd77637fb800e334fc9f94c90a5435a54a1e18355dd38e2e69df49d,2026-03,Suffolk Constabulary,Suffolk Constabulary,1.739644,52.456702,On or near Parking Area,E01030276,East Suffolk 006E,Criminal damage and arson,Investigation complete; no suspect identified,
437ef0a6a2ea76de267c1f7227c7f29371f5b65c82e1a06ae946f8e4f2f5edf2,2026-03,Suffolk Constabulary,Suffolk Constabulary,1.737694,52.455756,On or near Parking Area,E01030276,East Suffolk 006E,Vehicle crime,Investigation complete; no suspect identified,
2a52661e36bdd253e20bb710be4bb845c00f66f28e0391842c008bcdd5ac728f,2026-03,Suffolk Constabulary,Suffolk Constabulary,1.738733,52.459492,On or near Kensington Road,E01030276,East Suffolk 006E,Vehicle crime,Investigation complete; no suspect identified,
52530fd060ee95167e1c6563a91520f762201455c9de592114b038667d997cba,2026-03,Suffolk Constabulary,Suffolk Constabulary,1.736455,52.457811,On or near Morton Road,E01030276,East Suffolk 006E,Violence and sexual offences,Unable to prosecute suspect,
05895c8b6fb756ec18340aea6c0ea6bdf08c9181669c005b53c1a895385de5dc,2026-03,Suffolk Constabulary,Suffolk Constabulary,1.736455,52.457811,On or near Morton Road,E01030276,East Suffolk 006E,Violence and sexual offences,Unable to prosecute suspect,
08bc79dc06ea97af38d78d502733ad19b1e27247e6a838e705147b4595ff6ce3,2026-03,Suffolk Constabulary,Suffolk Constabulary,1.708698,52.462877,On or near Harrier Drive,E01030233,East Suffolk 007A,Other theft,Investigation complete; no suspect identified,
b14be5a4cf510d7b898cace359decd48cb4ca46da6f6201853df6664455f5f8b,2026-03,Suffolk Constabulary,Suffolk Constabulary,1.703323,52.458143,On or near Park Close,E01030233,East Suffolk 007A,Violence and sexual offences,Unable to prosecute suspect,
c18ae6067bab0604f17b4cddb3b13110c8f3878a033255e3f4cf3cbc61c046e5,2026-03,Suffolk Constabulary,Suffolk Constabulary,1.706466,52.465402,On or near Beverley Close,E01030235,East Suffolk 007B,Bicycle theft,Investigation complete; no suspect identified,
cb4005c23bff430b427806bb2f4ec70bbd51b2c0d41cb520d4ac14edd1693a38,2026-03,Suffolk Constabulary,Suffolk Constabulary,1.701033,52.462613,On or near Fulmar Way,E01030235,East Suffolk 007B,Burglary,Investigation complete; no suspect identified,
b2e32a112cb57f1dfa773d529205e70a862cfa819c3c7d79e02503626784e8d7,2026-03,Suffolk Constabulary,Suffolk Constabulary,1.706859,52.469375,On or near Oulton Broad South,E01030235,East Suffolk 007B,Other theft,Investigation complete; no suspect identified,
e1fcd04fba511545f61dfa5dbb6181c8538c294e121f44970518781c77fab145,2026-03,Suffolk Constabulary,Suffolk Constabulary,1.700192,52.467326,On or near Smith'S Walk,E01030235,East Suffolk 007B,Public order,Under investigation,
a0a0777975030a05f1da4cec668b9bdc8de9816f23dca986bf91ca8eef27b327,2026-03,Suffolk Constabulary,Suffolk Constabulary,1.699728,52.466202,On or near Petrol Station,E01030235,East Suffolk 007B,Shoplifting,Investigation complete; no suspect identified,
38379a15707ebd74c9e043c930d98b9d8501f009426697daac37de5d4498677b,2026-03,Suffolk Constabulary,Suffolk Constabulary,1.699728,52.466202,On or near Petrol Station,E01030235,East Suffolk 007B,Shoplifting,Investigation complete; no suspect identified,
cc0f5d939bd4a9252bc101ce405eac940a7793c883b6d50409cdda27ee239290,2026-03,Suffolk Constabulary,Suffolk Constabulary,1.699728,52.466202,On or near Petrol Station,E01030235,East Suffolk 007B,Shoplifting,Investigation complete; no suspect identified,
c1779c1d48b34c8b6ed4492a4a80c3d2d473d8566a102c8b2776342c47839894,2026-03,Suffolk Constabulary,Suffolk Constabulary,1.699728,52.466202,On or near Petrol Station,E01030235,East Suffolk 007B,Shoplifting,Investigation complete; no suspect identified,
7f70c201a240bb312604b2c9e622b9c3764eec81b1ae7548eb8d9fda028b0a86,2026-03,Suffolk Constabulary,Suffolk Constabulary,1.699728,52.466202,On or near Petrol Station,E01030235,East Suffolk 007B,Shoplifting,Investigation complete; no suspect identified,
296ad546e2c411c5cf3dfd3cec7168c8d418dee09759fd039b1e17a5a6c6a5a0,2026-03,Suffolk Constabulary,Suffolk Constabulary,1.699728,52.466202,On or near Petrol Station,E01030235,East Suffolk 007B,Shoplifting,Investigation complete; no suspect identified,
2fc32e2ff8232187291acf1caedcd9d7a43275f47f380c8b3a2f16f71c7af534,2026-03,Suffolk Constabulary,Suffolk Constabulary,1.696845,52.479925,On or near Hall Drive,E01030268,East Suffolk 007C,Possession of weapons,Awaiting court outcome,
764e7f08601a641fbe34c248c77b566e50d6c245dc1c5cfa007c650a05569ff5,2026-03,Suffolk Constabulary,Suffolk Constabulary,1.708905,52.482659,On or near Grange Road,E01030268,East Suffolk 007C,Violence and sexual offences,Action to be taken by another organisation,
abb5c142d0e766213ca15a515e07c78381d16a493b1c2bdc19c50cd6cf7dbc07,2026-03,Suffolk Constabulary,Suffolk Constabulary,1.703399,52.479899,On or near Allen Road,E01030269,East Suffolk 007D,Criminal damage and arson,Investigation complete; no suspect identified,
8e1c6e858a4626a99ade01b7c744d37b4becb8f469f68c82680becb0cea1360b,2026-03,Suffolk Constabulary,Suffolk Constabulary,1.716820,52.462972,On or near Westwood Avenue,E01030288,East Suffolk 007E,Criminal damage and arson,Unable to prosecute suspect,
61f92d031d1186ea24e7221f8d26368eb0998e5c368474583af04f862fc8485d,2026-03,Suffolk Constabulary,Suffolk Constabulary,1.715873,52.464657,On or near The Staithe,E01030288,East Suffolk 007E,Vehicle crime,Investigation complete; no suspect identified,
3aeb61b97861f2984012c5311f67e423a17a77f526c43cf921f95f5030a492c4,2026-03,Suffolk Constabulary,Suffolk Constabulary,1.710653,52.467034,On or near Loxley Road,E01030288,East Suffolk 007E,Vehicle crime,Investigation complete; no suspect identified,
c0329f895afb2ca1fa5624643292d7b0ef5682aa24c8fde879c19ede50ff06d7,2026-03,Suffolk Constabulary,Suffolk Constabulary,1.712995,52.465287,On or near Whitton Close,E01030288,East Suffolk 007E,Violence and sexual offences,Investigation complete; no suspect identified,
75d12531d250d38e7c4fd5b8e1ac1d818f90c25a4f4e90e8931cf4a5616755b6,2026-03,Suffolk Constabulary,Suffolk Constabulary,1.717246,52.461556,On or near Langley Gardens,E01030288,East Suffolk 007E,Violence and sexual offences,Action to be taken by another organisation,
,2026-03,Suffolk Constabulary,Suffolk Constabulary,1.701397,52.460110,On or near Grove Road North,E01030234,East Suffolk 008A,Anti-social behaviour,,
,2026-03,Suffolk Constabulary,Suffolk Constabulary,1.701397,52.460110,On or near Grove Road North,E01030234,East Suffolk 008A,Anti-social behaviour,,
e81538c76edf1140afbfc01ca56da5a58e917b016d7f8148aee925565e19378d,2026-03,Suffolk Constabulary,Suffolk Constabulary,1.697512,52.463830,On or near Run Meadow,E01030234,East Suffolk 008A,Public order,Investigation complete; no suspect identified,
7ea11da461c7a7bc24a578d111219d2649855837ce83e112be57983a72fa32b3,2026-03,Suffolk Constabulary,Suffolk Constabulary,1.697791,52.461186,On or near Charter Way,E01030234,East Suffolk 008A,Vehicle crime,Investigation complete; no suspect identified,
186585e251ff34cd68ae60407e31d968e086a68216effebadd1578a181fba136,2026-03,Suffolk Constabulary,Suffolk Constabulary,1.696439,52.461570,On or near Roosevelt Walk,E01030234,East Suffolk 008A,Vehicle crime,Investigation complete; no suspect identified,
f8d48e440894db96e2e9035c039d374e1a90629db5ed9c1218c97cdef043bd3e,2026-03,Suffolk Constabulary,Suffolk Constabulary,1.701531,52.451534,On or near Beech Road,E01030236,East Suffolk 008B,Other theft,Under investigation,
0505d6c0e920b707b4e1bcc8a9384b300bcffc55526e741ca28dee75f479b3fc,2026-03,Suffolk Constabulary,Suffolk Constabulary,1.690965,52.445263,On or near Secret Close,E01030236,East Suffolk 008B,Possession of weapons,Unable to prosecute suspect,
d6dd104c9c183fdabcf7e2603c2026535e78a02ce66c04ea1e81a26caf9e7c70,2026-03,Suffolk Constabulary,Suffolk Constabulary,1.704671,52.448953,On or near Buttermere Way,E01030236,East Suffolk 008B,Vehicle crime,Investigation complete; no suspect identified,
b4cf7fce2214fbbfc4673aa203e8c03ca23881a12482bbbbca3cee0fece92e0b,2026-03,Suffolk Constabulary,Suffolk Constabulary,1.690965,52.445263,On or near Secret Close,E01030236,East Suffolk 008B,Violence and sexual offences,Unable to prosecute suspect,
beff34308e0c7af9e2d2ccf4e2943602e53f8188b69120653a5137410e702213,2026-03,Suffolk Constabulary,Suffolk Constabulary,1.695483,52.450689,On or near Rectory Road,E01030237,East Suffolk 008C,Criminal damage and arson,Under investigation,
11e18c5bba68971a931021de203cb081cc2dbaf04e98db29f60e2e9545ef9a4f,2026-03,Suffolk Constabulary,Suffolk Constabulary,1.695964,52.453274,On or near Glenbourne Walk,E01030237,East Suffolk 008C,Violence and sexual offences,Investigation complete; no suspect identified,
67ba2277e55e5e60c3dbb7cfb64ce4e75a99528c0e790118192a24ea23f5b3c9,2026-03,Suffolk Constabulary,Suffolk Constabulary,1.695233,52.458253,On or near Buttercup Close,E01030237,East Suffolk 008C,Violence and sexual offences,Action to be taken by another organisation,
7d960aff8eb9b2005cddc33fb6122a527c9fd4a96f11d81ab0b714542b54f3bc,2026-03,Suffolk Constabulary,Suffolk Constabulary,1.693840,52.466401,On or near Burnt Hill Lane,E01030237,East Suffolk 008C,Violence and sexual offences,Investigation complete; no suspect identified,
0994e815f6e5d402c72b24955a5ada2e0367e34b63e111739c0a08b384311d2e,2026-03,Suffolk Constabulary,Suffolk Constabulary,1.695233,52.458253,On or near Buttercup Close,E01030237,East Suffolk 008C,Violence and sexual offences,Action to be taken by another organisation,
5394ad372ffd5ef0149c65f6fd1a7054fc8b5daa741774dc31a4bd867ea0bcbb,2026-03,Suffolk Constabulary,Suffolk Constabulary,1.695233,52.458253,On or near Buttercup Close,E01030237,East Suffolk 008C,Violence and sexual offences,Action to be taken by another organisation,
63e44ca081551bf2a28ecae2f668a4199e0f51acaac18524aab1d1bb76420a7e,2026-03,Suffolk Constabulary,Suffolk Constabulary,1.695961,52.450072,On or near Peacock Close,E01030237,East Suffolk 008C,Violence and sexual offences,Unable to prosecute suspect,
,2026-03,Suffolk Constabulary,Suffolk Constabulary,1.706441,52.452846,On or near Ashtree Gardens,E01030238,East Suffolk 008D,Anti-social behaviour,,
89627f418d0478d9664415b6edb386ef22c5099bb79b6c444da2fea03e3979e9,2026-03,Suffolk Constabulary,Suffolk Constabulary,1.709591,52.454412,On or near Tudor Walk,E01030238,East Suffolk 008D,Vehicle crime,Investigation complete; no suspect identified,
,2026-03,Suffolk Constabulary,Suffolk Constabulary,1.726877,52.466924,On or near Petrol Station,E01030257,East Suffolk 009A,Anti-social behaviour,,
b18d7eb7b6f6235bab3e2b5b144d8ff97e744d41ed24dc152bd22126bdd41c79,2026-03,Suffolk Constabulary,Suffolk Constabulary,1.729843,52.465287,On or near Birds Lane,E01030257,East Suffolk 009A,Criminal damage and arson,Awaiting court outcome,
005cf723e2ca30ea65db4f131feade3377f8274f3e6dbc82cb33a713cc9faf86,2026-03,Suffolk Constabulary,Suffolk Constabulary,1.726877,52.466924,On or near Petrol Station,E01030257,East Suffolk 009A,Other theft,Local resolution,
2f0edcf708c346065238f3884836d7ae4d517c58c5d4408fc75ba6e8500d454f,2026-03,Suffolk Constabulary,Suffolk Constabulary,1.737159,52.464552,On or near Clement Square,E01030257,East Suffolk 009A,Robbery,Investigation complete; no suspect identified,
38b64d83b57ea5109df1a3f067e4156d20fdf282c89b1f39258c89cfdbc69c3e,2026-03,Suffolk Constabulary,Suffolk Constabulary,1.731155,52.462520,On or near Kirkley Gardens,E01030257,East Suffolk 009A,Violence and sexual offences,Unable to prosecute suspect,
977c9d3a764eb30a6cb72271aeb6fecd9aa27d57dabc381fd162f526cb5297e4,2026-03,Suffolk Constabulary,Suffolk Constabulary,1.729843,52.465287,On or near Birds Lane,E01030257,East Suffolk 009A,Violence and sexual offences,Investigation complete; no suspect identified,
602e59552f7de0802b8782d2c89b2e4bc46d11f8d6e764b7d37cc5c7360c0818,2026-03,Suffolk Constabulary,Suffolk Constabulary,1.733772,52.463337,On or near Laurel Road,E01030257,East Suffolk 009A,Violence and sexual offences,Unable to prosecute suspect,
b6476fe6d1b40cbcddd287781a9152f9342b842e340a3727cea0728ce5def7ae,2026-03,Suffolk Constabulary,Suffolk Constabulary,1.729843,52.465287,On or near Birds Lane,E01030257,East Suffolk 009A,Violence and sexual offences,Under investigation,
e822f9adb1b0dfaeff679fa02f062c0336ffeded1c605fd88bcbc129e967bf11,2026-03,Suffolk Constabulary,Suffolk Constabulary,1.736652,52.466385,On or near Martin'S Avenue,E01030257,East Suffolk 009A,Violence and sexual offences,Unable to prosecute suspect,
f9383403c8a23a89b39fddd17a5352e22b71c2ffd1ffef26baef7365b7c3fea0,2026-03,Suffolk Constabulary,Suffolk Constabulary,1.725509,52.458444,On or near Caddies Walk,E01030274,East Suffolk 009B,Bicycle theft,Unable to prosecute suspect,
4ef2fdca44ebb039f013d0bfb0608ab4d1b6a90bf85b7c6eeafd72aa90534d2c,2026-03,Suffolk Constabulary,Suffolk Constabulary,1.716337,52.456889,On or near Aldwyck Way,E01030274,East Suffolk 009B,Criminal damage and arson,Under investigation,
56861a7ed696de8a89506c0291cb8dbaa3cf1664e2114a8a1c86c32712e4b88d,2026-03,Suffolk Constabulary,Suffolk Constabulary,1.727143,52.455127,On or near Silverwood Close,E01030274,East Suffolk 009B,Criminal damage and arson,Awaiting court outcome,
7d8878b96a1d325d89ff4529e7b7423ac813319557e8601d7d4f150b567b434b,2026-03,Suffolk Constabulary,Suffolk Constabulary,1.725509,52.458444,On or near Caddies Walk,E01030274,East Suffolk 009B,Violence and sexual offences,Awaiting court outcome,
2ef8fda580094934dde6f25b3408f488e1e07eaa4f79d3eb76b9e04be11bd0f9,2026-03,Suffolk Constabulary,Suffolk Constabulary,1.726079,52.458399,On or near Bunker Close,E01030274,East Suffolk 009B,Violence and sexual offences,Investigation complete; no suspect identified,
0ffbdfc1b5a1f1d282aca5d356feb056f495a8c67cc11ed46e8d7204f71b36ba,2026-03,Suffolk Constabulary,Suffolk Constabulary,1.716337,52.456889,On or near Aldwyck Way,E01030274,East Suffolk 009B,Violence and sexual offences,Awaiting court outcome,
02b080efc875399dde9128156084538fc167eea4b68476350627f30e03a5fdca,2026-03,Suffolk Constabulary,Suffolk Constabulary,1.714964,52.455628,On or near Velda Close,E01030274,East Suffolk 009B,Violence and sexual offences,Action to be taken by another organisation,
01979a4db7f5acac4e1a2d8eebd21406ed59995b34dee926d84c75b375a4e1c8,2026-03,Suffolk Constabulary,Suffolk Constabulary,1.714964,52.455628,On or near Velda Close,E01030274,East Suffolk 009B,Violence and sexual offences,Action to be taken by another organisation,
17896b38eb56fd3418530bf9eb5360fae9e64c7da25cc750518fa0b6ee358e76,2026-03,Suffolk Constabulary,Suffolk Constabulary,1.725509,52.458444,On or near Caddies Walk,E01030274,East Suffolk 009B,Violence and sexual offences,Action to be taken by another organisation,
2389f899738e6fda4b77b69ee832e604b70bf2075a1d174cd245fbc0dd777a90,2026-03,Suffolk Constabulary,Suffolk Constabulary,1.727143,52.455127,On or near Silverwood Close,E01030274,East Suffolk 009B,Other crime,Unable to prosecute suspect,
f4cfce818810595628d62422f2857dc371b74e625b875294e0be4bb5dbde829b,2026-03,Suffolk Constabulary,Suffolk Constabulary,1.727779,52.463527,On or near Fen Court,E01030275,East Suffolk 009C,Bicycle theft,Investigation complete; no suspect identified,
391ddf219a895b89480867fc4c9183796356b87ee63bc350ad797ca9211a7685,2026-03,Suffolk Constabulary,Suffolk Constabulary,1.727779,52.463527,On or near Fen Court,E01030275,East Suffolk 009C,Vehicle crime,Investigation complete; no suspect identified,
24ffc6920831edf8d8354b850c822a0ad8d8a11007b0cd811878977af9a34e5a,2026-03,Suffolk Constabulary,Suffolk Constabulary,1.729551,52.463408,On or near A12,E01030275,East Suffolk 009C,Violence and sexual offences,Investigation complete; no suspect identified,
6a8ad562e0db01c87d12233e8961420a58da29585313262ecc999dea827108e5,2026-03,Suffolk Constabulary,Suffolk Constabulary,1.723837,52.462527,On or near Rosewood,E01030287,East Suffolk 009D,Criminal damage and arson,Investigation complete; no suspect identified,
85e878cba308b1aa7b074c7989664da9422225852f9096ec9dde97e0945cd1bf,2026-03,Suffolk Constabulary,Suffolk Constabulary,1.721762,52.462727,On or near Greenfield Road,E01030287,East Suffolk 009D,Criminal damage and arson,Unable to prosecute suspect,
ec1ad3d81cab3b754818397ddfee2085ce1028cfb8149dfb5c1f5210c9e6ceda,2026-03,Suffolk Constabulary,Suffolk Constabulary,1.722835,52.462351,On or near Briarwood Road,E01030287,East Suffolk 009D,Violence and sexual offences,Unable to prosecute suspect,
f354c46743e1199402f37ca9f344bc023b7a2c82cdd4fc00e366f2c99aabc3af,2026-03,Suffolk Constabulary,Suffolk Constabulary,1.722835,52.462351,On or near Briarwood Road,E01030287,East Suffolk 009D,Violence and sexual offences,Unable to prosecute suspect,
ac03ed059bfc2e28f33c10107032c8117dfeb46f0febc7d7271947f63ead950a,2026-03,Suffolk Constabulary,Suffolk Constabulary,1.723837,52.462527,On or near Rosewood,E01030287,East Suffolk 009D,Violence and sexual offences,Unable to prosecute suspect,
8775eb4298be985d278dad212f8bbb6cd77fbfeb5e8dfe62531e9ecca4091720,2026-03,Suffolk Constabulary,Suffolk Constabulary,1.723837,52.462527,On or near Rosewood,E01030287,East Suffolk 009D,Violence and sexual offences,Investigation complete; no suspect identified,
df5282c5bd96b207dec99df97fd6e345c6844a8692b6d60372ec06e5ea69ab8c,2026-03,Suffolk Constabulary,Suffolk Constabulary,1.721762,52.462727,On or near Greenfield Road,E01030287,East Suffolk 009D,Violence and sexual offences,Investigation complete; no suspect identified,
,2026-03,Suffolk Constabulary,Suffolk Constabulary,1.727151,52.464284,On or near Elgar Close,E01030291,East Suffolk 009E,Anti-social behaviour,,
,2026-03,Suffolk Constabulary,Suffolk Constabulary,1.720902,52.464751,On or near Southfield Gardens,E01030291,East Suffolk 009E,Anti-social behaviour,,
6d87e4fd11833b6323158c0bc8d40f6b10f5ffc1329ff8e3c27e1b61634e2bce,2026-03,Suffolk Constabulary,Suffolk Constabulary,1.726309,52.464598,On or near Holst Close,E01030291,East Suffolk 009E,Bicycle theft,Investigation complete; no suspect identified,
f13411999af4d1956e1a37d045a35d4239e15bc60b22c501bc431a1fede75d07,2026-03,Suffolk Constabulary,Suffolk Constabulary,1.722211,52.465942,On or near The Green,E01030291,East Suffolk 009E,Criminal damage and arson,Investigation complete; no suspect identified,
31d3dc21c71252ea37d84032a37bb49e5b16a038a752adfb15728984ea4ec00f,2026-03,Suffolk Constabulary,Suffolk Constabulary,1.722211,52.465942,On or near The Green,E01030291,East Suffolk 009E,Criminal damage and arson,Investigation complete; no suspect identified,
ad20bb54289a1518b66a9a410934d78f8344b3c679f1fefeec6f91e03797d438,2026-03,Suffolk Constabulary,Suffolk Constabulary,1.719632,52.463828,On or near Northwood Close,E01030291,East Suffolk 009E,Public order,Investigation complete; no suspect identified,
49340f03ac0195dda25dc0fab50c4fd2993fb3ce8c3df12f068f6e112cfcebc5,2026-03,Suffolk Constabulary,Suffolk Constabulary,1.726309,52.464598,On or near Holst Close,E01030291,East Suffolk 009E,Robbery,Investigation complete; no suspect identified,
e9dab0ffff8f3d25e695747bb0753860f5718df962ae66f84cf77727de55b5d7,2026-03,Suffolk Constabulary,Suffolk Constabulary,1.722211,52.465942,On or near The Green,E01030291,East Suffolk 009E,Robbery,Under investigation,
01f2817f3fac32a052b5ed4dc22f51275f56d48be60d9e96a6dbbdc9c548a435,2026-03,Suffolk Constabulary,Suffolk Constabulary,1.722211,52.465942,On or near The Green,E01030291,East Suffolk 009E,Violence and sexual offences,Unable to prosecute suspect,
1888b942dcdac56b873125e47848e9f1da9e0900e4e1db530c3385341dcabd6d,2026-03,Suffolk Constabulary,Suffolk Constabulary,1.722211,52.465942,On or near The Green,E01030291,East Suffolk 009E,Violence and sexual offences,Action to be taken by another organisation,
7f5164d938c04102ea8c86a283add3a8a6af8962b79594ab4674d1e8ff173d2a,2026-03,Suffolk Constabulary,Suffolk Constabulary,1.726108,52.465360,On or near Britten Road,E01030291,East Suffolk 009E,Violence and sexual offences,Unable to prosecute suspect,
84d1d0f6f22cab05d1717eb3f989e5eabc16f8caa282ae2284ea4e785a6db8c3,2026-03,Suffolk Constabulary,Suffolk Constabulary,1.726108,52.465360,On or near Britten Road,E01030291,East Suffolk 009E,Other crime,Under investigation,
,2026-03,Suffolk Constabulary,Suffolk Constabulary,1.568228,52.454350,On or near Kilbrack Gardens,E01030223,East Suffolk 010A,Anti-social behaviour,,
8d7713d9904e7d2410f27dba586a8cc56ad2065e1b7815346ece90ef17ee3581,2026-03,Suffolk Constabulary,Suffolk Constabulary,1.572792,52.458366,On or near Sports/Recreation Area,E01030223,East Suffolk 010A,Burglary,Investigation complete; no suspect identified,
86964c3e2c6d9b19f5cb77fe885512132a3802097cddf2311337aae7f568edd1,2026-03,Suffolk Constabulary,Suffolk Constabulary,1.572792,52.458366,On or near Sports/Recreation Area,E01030223,East Suffolk 010A,Burglary,Investigation complete; no suspect identified,
53cbe8df1d07bbfe0e14f64b5312710f816b2e4815dc79c1010b82ab766e2044,2026-03,Suffolk Constabulary,Suffolk Constabulary,1.568228,52.454350,On or near Kilbrack Gardens,E01030223,East Suffolk 010A,Criminal damage and arson,Unable to prosecute suspect,
55070a8859a9e0507ffbd6518a96dbba7d1872f83f2a4b2a9167d409e0086563,2026-03,Suffolk Constabulary,Suffolk Constabulary,1.570359,52.456300,On or near Petrol Station,E01030223,East Suffolk 010A,Other theft,Investigation complete; no suspect identified,
9ba74a773a1c131aff6a9206a4e54ca1e27d791327964ea4be12190e1680ccd7,2026-03,Suffolk Constabulary,Suffolk Constabulary,1.566637,52.457429,On or near Fair Close,E01030223,East Suffolk 010A,Violence and sexual offences,Unable to prosecute suspect,
023e461dc4600b05f9206d09a5aada702c9af31237cdfbb3356a527d711c6a05,2026-03,Suffolk Constabulary,Suffolk Constabulary,1.566637,52.457429,On or near Fair Close,E01030223,East Suffolk 010A,Violence and sexual offences,Under investigation,
8872f883c5f9c41f77884d8d3f3b0dc480b185f8d3537c4cfda63a0cb90046cf,2026-03,Suffolk Constabulary,Suffolk Constabulary,1.569809,52.451693,On or near St Anne'S Close,E01030223,East Suffolk 010A,Other crime,Further investigation is not in the public interest,
df857c3ee0ecff687819468f0e81ddf012a37d7c6b481641f7ca442d09e97ca5,2026-03,Suffolk Constabulary,Suffolk Constabulary,1.562267,52.458019,On or near New Market,E01030224,East Suffolk 010B,Criminal damage and arson,Investigation complete; no suspect identified,
9269026b8ce842c43498164339437581e0bf320c2f1ae8ef49b866249e323ed5,2026-03,Suffolk Constabulary,Suffolk Constabulary,1.562267,52.458019,On or near New Market,E01030224,East Suffolk 010B,Criminal damage and arson,Investigation complete; no suspect identified,
073020f140babfe7cf0fa4010d069a76416f26ecd3ef861bbd3e36a8362110ac,2026-03,Suffolk Constabulary,Suffolk Constabulary,1.564465,52.452970,On or near Rivetts Loke,E01030224,East Suffolk 010B,Criminal damage and arson,Unable to prosecute suspect,
bb23554cf491713c2e1dd5433c681e3e21e10a61a3f841fd550a4bcf54867da1,2026-03,Suffolk Constabulary,Suffolk Constabulary,1.558512,52.451620,On or near White House Gardens,E01030224,East Suffolk 010B,Other theft,Investigation complete; no suspect identified,
3350186343885132dc2334c1f6d106f8fb45e5c5c73cffc0ba9ee92076d6a2e2,2026-03,Suffolk Constabulary,Suffolk Constabulary,1.565087,52.454103,On or near Alexandra Road,E01030224,East Suffolk 010B,Other theft,Investigation complete; no suspect identified,
6d7f02d6dad92278e4e9d9a0b3d92ded1ec4541902cd995405aee9330c1d9327,2026-03,Suffolk Constabulary,Suffolk Constabulary,1.558512,52.451620,On or near White House Gardens,E01030224,East Suffolk 010B,Other theft,Investigation complete; no suspect identified,
ce24b6e01388f6abab2d9bcf9c699e6cdb67e062b1d408266e21a3cf8e40de59,2026-03,Suffolk Constabulary,Suffolk Constabulary,1.558512,52.451620,On or near White House Gardens,E01030224,East Suffolk 010B,Other theft,Investigation complete; no suspect identified,
c2c3602815862ac12856bef54b58173987aa289b40b889701bcdca3b94ad1e2c,2026-03,Suffolk Constabulary,Suffolk Constabulary,1.560779,52.458910,On or near Church Score,E01030224,East Suffolk 010B,Violence and sexual offences,Investigation complete; no suspect identified,
fa2e1ac77c85d7b4f25bc62e4a19e59ac682fb42c5a04f989e3f504084e91f2a,2026-03,Suffolk Constabulary,Suffolk Constabulary,1.563977,52.457131,On or near Exchange Square,E01030225,East Suffolk 010C,Burglary,Under investigation,
dc40fd8fa6b2b47adb6f2155306908911ca81ded70397bad21f5cffb84c8b011,2026-03,Suffolk Constabulary,Suffolk Constabulary,1.565060,52.462144,On or near Ravensmere East,E01030225,East Suffolk 010C,Criminal damage and arson,Investigation complete; no suspect identified,
9de6d6586b8a53411ae39dd2c71e6ace3710bc76f6328979481bbf95a450172b,2026-03,Suffolk Constabulary,Suffolk Constabulary,1.563325,52.457799,On or near Supermarket,E01030225,East Suffolk 010C,Criminal damage and arson,Investigation complete; no suspect identified,
06bb694d7e51d10df0833ca40140a1b9ff65e47cf8e4018d852472929fc8b4fe,2026-03,Suffolk Constabulary,Suffolk Constabulary,1.563266,52.458709,On or near Rook'S Lane,E01030225,East Suffolk 010C,Criminal damage and arson,Investigation complete; no suspect identified,
7eb437d9601526cd2a1d5b837c329006d3f71fd04d30bc1f7a73d16fb5864e03,2026-03,Suffolk Constabulary,Suffolk Constabulary,1.563325,52.457799,On or near Supermarket,E01030225,East Suffolk 010C,Other theft,Offender given a caution,
652ec9dd4b52040fc8b8f757eb495300168efa4bfda3836a67bccb1600fc3a37,2026-03,Suffolk Constabulary,Suffolk Constabulary,1.563304,52.463376,On or near Becclesgate,E01030225,East Suffolk 010C,Other theft,Investigation complete; no suspect identified,
00818c0e09e796f2623ae3ef4f2cb30149bc4cc8ba4b6e68dc36f93f39d2bef6,2026-03,Suffolk Constabulary,Suffolk Constabulary,1.566568,52.455848,On or near Parking Area,E01030225,East Suffolk 010C,Other theft,Investigation complete; no suspect identified,
dba5f335f173caac096e9192ef05e87b5c8bb4cb49f7a076631bb3ab118b4396,2026-03,Suffolk Constabulary,Suffolk Constabulary,1.568948,52.461245,On or near George Westwood Way,E01030225,East Suffolk 010C,Shoplifting,Investigation complete; no suspect identified,
8b30cef8d7b5153345d69d93f3d18298fb7028376e66de3f61fbcc07bbd51993,2026-03,Suffolk Constabulary,Suffolk Constabulary,1.563325,52.457799,On or near Supermarket,E01030225,East Suffolk 010C,Shoplifting,Investigation complete; no suspect identified,
fb17806364fad7dd893f08875d53ef1967ad2c4c1bc1e31e9b500350df78b444,2026-03,Suffolk Constabulary,Suffolk Constabulary,1.568948,52.461245,On or near George Westwood Way,E01030225,East Suffolk 010C,Shoplifting,Under investigation,
996369b987d9cde40904512f7756a9cbf9aaaf4e81ad1769db5d9f9f74bece0e,2026-03,Suffolk Constabulary,Suffolk Constabulary,1.565242,52.459366,On or near Supermarket,E01030225,East Suffolk 010C,Shoplifting,Local resolution,
fa43438e2c437fa6e36a7302f66b0ccc8a9afdfee7c5dc5360888685134fc906,2026-03,Suffolk Constabulary,Suffolk Constabulary,1.568948,52.461245,On or near George Westwood Way,E01030225,East Suffolk 010C,Shoplifting,Under investigation,
ae674c313d09ae4360d04da02b84a498f322f73e4a030bc641706b3475744012,2026-03,Suffolk Constabulary,Suffolk Constabulary,1.563701,52.455530,On or near Police Station,E01030225,East Suffolk 010C,Violence and sexual offences,Unable to prosecute suspect,
b4f15f67e642985f066d362d3889d6ecd7041816cb8f1e8053bb2b21fa7dac74,2026-03,Suffolk Constabulary,Suffolk Constabulary,1.563325,52.457799,On or near Supermarket,E01030225,East Suffolk 010C,Violence and sexual offences,Awaiting court outcome,
f157be1b8b2202d035929365ea8661bdd22b92a3d64c3eff2119b5655487cdc3,2026-03,Suffolk Constabulary,Suffolk Constabulary,1.565242,52.459366,On or near Supermarket,E01030225,East Suffolk 010C,Violence and sexual offences,Local resolution,
cc1a2a3269c3126d2dda888c7068d30898b9d7ec017e3c27b08d7cd1d4490467,2026-03,Suffolk Constabulary,Suffolk Constabulary,1.563325,52.457799,On or near Supermarket,E01030225,East Suffolk 010C,Violence and sexual offences,Unable to prosecute suspect,
248f7a1d325dd29d73312e077b17edde24d4c36948b89c0b400f4cd47fe2ed30,2026-03,Suffolk Constabulary,Suffolk Constabulary,1.563517,52.459637,On or near Old Market,E01030225,East Suffolk 010C,Violence and sexual offences,Unable to prosecute suspect,
c02cb12099f184afa0cd70697ae652dd9e0b69b6b49d3da0fe2682119a2f287d,2026-03,Suffolk Constabulary,Suffolk Constabulary,1.574778,52.446875,On or near Endgate Close,E01030227,East Suffolk 010D,Violence and sexual offences,Investigation complete; no suspect identified,
cb756bf951511e2a9ac25e8004fd451cc96ab8f619e21015b68bf1654d7e2155,2026-03,Suffolk Constabulary,Suffolk Constabulary,1.574778,52.446875,On or near Endgate Close,E01030227,East Suffolk 010D,Violence and sexual offences,Under investigation,
,2026-03,Suffolk Constabulary,Suffolk Constabulary,1.567068,52.445471,On or near Townlands Drive,E01030228,East Suffolk 010E,Anti-social behaviour,,
a29ee9aadb1618e243c34f75ce52bf409db91807969320bd87ac73e9968590c2,2026-03,Suffolk Constabulary,Suffolk Constabulary,1.562454,52.445565,On or near Richard Crampton Road,E01030228,East Suffolk 010E,Burglary,Investigation complete; no suspect identified,
c8fbbcfe8e8caf68cd070f39c1c423c33ac73c78de5350dba9188c90a2f007da,2026-03,Suffolk Constabulary,Suffolk Constabulary,1.562454,52.445565,On or near Richard Crampton Road,E01030228,East Suffolk 010E,Burglary,Investigation complete; no suspect identified,
190703ea7041c0e1e0e2853cb7d4177b4f8c761e9df221d74df355f568d7338f,2026-03,Suffolk Constabulary,Suffolk Constabulary,1.566492,52.443627,On or near Meadowvale Close,E01030228,East Suffolk 010E,Other theft,Investigation complete; no suspect identified,
57664ab006440fce13135ae16c6286c5b9d3325d092f22c6840ae1155a2bc517,2026-03,Suffolk Constabulary,Suffolk Constabulary,1.561155,52.446252,On or near London Road,E01030228,East Suffolk 010E,Violence and sexual offences,Under investigation,
f34eb96c26c6ad7f594fd8b43b0d58065317b7872a45ec3f98862b616714a3ff,2026-03,Suffolk Constabulary,Suffolk Constabulary,1.573916,52.445327,On or near George Brown Way,E01030226,East Suffolk 011A,Violence and sexual offences,Unable to prosecute suspect,
ddcee6953a40e2124a50c1729157ca1f9391911465c0752355cc8e76d2bc98c2,2026-03,Suffolk Constabulary,Suffolk Constabulary,1.573916,52.445327,On or near George Brown Way,E01030226,East Suffolk 011A,Violence and sexual offences,Unable to prosecute suspect,
bca84e592339e39ad164fd0d29d278add14839e001b0eefa840e3239fb28cd54,2026-03,Suffolk Constabulary,Suffolk Constabulary,1.569743,52.447234,On or near Glebe View,E01030226,East Suffolk 011A,Violence and sexual offences,Under investigation,
33df21d8113f2cbe165ffb74fb4abb4a0ca907e7f92b54f661ad117cfa0eb29c,2026-03,Suffolk Constabulary,Suffolk Constabulary,1.573190,52.443451,On or near St David'S Close,E01030226,East Suffolk 011A,Violence and sexual offences,Under investigation,
d1fc974c961e150f3c924ee4cfc0b36d64a700f51bc86b48625d29cd6e61d18b,2026-03,Suffolk Constabulary,Suffolk Constabulary,1.538134,52.449201,On or near Lodge Farm Lane,E01030286,East Suffolk 011B,Burglary,Investigation complete; no suspect identified,
4eb9968bf7574a21a5faec878f10226698a1f064623a9e5eadd4f9f0c0e3ace1,2026-03,Suffolk Constabulary,Suffolk Constabulary,1.552012,52.452437,On or near Pilgrims Way,E01030286,East Suffolk 011B,Burglary,Investigation complete; no suspect identified,
c31ec36bb218ce70b4b1b24b0517fddb861303c0d10aa44e0159b7395537dd84,2026-03,Suffolk Constabulary,Suffolk Constabulary,1.673842,52.443278,On or near Mutfordwood Lane,E01030286,East Suffolk 011B,Criminal damage and arson,Investigation complete; no suspect identified,
d05103c96e539158e6f9ac198fcfe87398c368f06661ef22c0eb3fa3aba47ac7,2026-03,Suffolk Constabulary,Suffolk Constabulary,1.594142,52.426544,On or near Hulver Road,E01030286,East Suffolk 011B,Vehicle crime,Investigation complete; no suspect identified,
cf885b4778bfc9b62e43c826a748243b3873a280f61c2ec33d76d65ed326df64,2026-03,Suffolk Constabulary,Suffolk Constabulary,1.554023,52.441223,On or near Primrose Lane,E01030286,East Suffolk 011B,Vehicle crime,Investigation complete; no suspect identified,
4fe95f857048d7fde33103b9c8b344b735c63f9733f8d36071ee93dfc0e24c8b,2026-03,Suffolk Constabulary,Suffolk Constabulary,1.518784,52.444724,On or near Park/Open Space,E01030286,East Suffolk 011B,Violence and sexual offences,Investigation complete; no suspect identified,
25468d8e907e3d5823d1341defc88cbe3a57916bce37aad25565394a45a87f30,2026-03,Suffolk Constabulary,Suffolk Constabulary,1.524319,52.446907,On or near Hall Road,E01030286,East Suffolk 011B,Violence and sexual offences,Investigation complete; no suspect identified,
,2026-03,Suffolk Constabulary,Suffolk Constabulary,1.583239,52.447203,On or near Bluebell Way,E01030292,East Suffolk 011C,Anti-social behaviour,,
d2bb876b88f956ba4c8a94076d81187ebe5aa003c259d2fcdd07f46f61fbdd04,2026-03,Suffolk Constabulary,Suffolk Constabulary,1.581926,52.446991,On or near Foxglove Close,E01030292,East Suffolk 011C,Violence and sexual offences,Under investigation,
85d990191a9dcc74df7e3bcc2bd40d27e45ccbc96847a64f52111d92e4cc174d,2026-03,Suffolk Constabulary,Suffolk Constabulary,1.585975,52.452427,On or near Hornbeam Close,E01030292,East Suffolk 011C,Violence and sexual offences,Unable to prosecute suspect,
,2026-03,Suffolk Constabulary,Suffolk Constabulary,1.633755,52.447135,On or near The Hill,E01030293,East Suffolk 011D,Anti-social behaviour,,
6e13a38ab7ad4431af91921b14a19d0ff74dc2777bedb4a1e656472013667bba,2026-03,Suffolk Constabulary,Suffolk Constabulary,1.597558,52.452210,On or near Lowestoft Road,E01030293,East Suffolk 011D,Criminal damage and arson,Under investigation,
44b25cdfc6623658682f931dd28508be0921c9948db1fab41144d8c65677cc74,2026-03,Suffolk Constabulary,Suffolk Constabulary,1.628680,52.448254,On or near Marsh Lane,E01030293,East Suffolk 011D,Criminal damage and arson,Unable to prosecute suspect,
673d23e7c15e14d64b845527bb0943168072f97c57ef74208bd0c6cc328f6a02,2026-03,Suffolk Constabulary,Suffolk Constabulary,1.637406,52.448921,On or near School Close,E01030293,East Suffolk 011D,Violence and sexual offences,Unable to prosecute suspect,
08277b31e957bc442aff594a57716e4651ff769c3266003d5ca9d622cbadd3b7,2026-03,Suffolk Constabulary,Suffolk Constabulary,1.590787,52.452587,On or near The Firs,E01030294,East Suffolk 011E,Public order,Under investigation,
7e5b937e08898bdbf0943c190e39e87fd2ffdbfd5f763f1d7146d2d6207aff0c,2026-03,Suffolk Constabulary,Suffolk Constabulary,1.715045,52.452738,On or near Ryedale,E01030239,East Suffolk 012A,Robbery,Awaiting court outcome,
,2026-03,Suffolk Constabulary,Suffolk Constabulary,1.726592,52.413939,On or near Alandale Drive,E01030251,East Suffolk 012B,Anti-social behaviour,,
fea37e708acf7e324e4dcf804e3c51754e7c85e17c6cc1a72b43ad2471f6d008,2026-03,Suffolk Constabulary,Suffolk Constabulary,1.722802,52.428648,On or near Cliff Farm Lane,E01030251,East Suffolk 012B,Possession of weapons,Unable to prosecute suspect,
9f47d23523d3bc937298fce89956f3f167fe7f1374eade0ec0ba239389f33328,2026-03,Suffolk Constabulary,Suffolk Constabulary,1.717589,52.432968,On or near Romany Lane,E01030251,East Suffolk 012B,Vehicle crime,Under investigation,
d96c0208af0318a202eb7e2f613a4bb6b587ef18c2dc8f6602d1e47eff9b9876,2026-03,Suffolk Constabulary,Suffolk Constabulary,1.719057,52.417037,On or near Roynon Close,E01030251,East Suffolk 012B,Violence and sexual offences,Action to be taken by another organisation,
8306c693163dc8bdaeacc09cc69894979a758a2ffbb6ab9d0d627d7e486d2784,2026-03,Suffolk Constabulary,Suffolk Constabulary,1.722802,52.428648,On or near Cliff Farm Lane,E01030251,East Suffolk 012B,Violence and sexual offences,Under investigation,
a67f79fdd13111e9f7e9d9e0e9a2e86e0d81be84cef98a06bfc4fe20362bdece,2026-03,Suffolk Constabulary,Suffolk Constabulary,1.720748,52.418423,On or near Winston Close,E01030251,East Suffolk 012B,Violence and sexual offences,Action to be taken by another organisation,
d0e9fd05796b13462c2bf751145456c2caecd6a44693d84122fe6c444f331be3,2026-03,Suffolk Constabulary,Suffolk Constabulary,1.707779,52.421484,On or near Heritage Green,E01030252,East Suffolk 012C,Criminal damage and arson,Investigation complete; no suspect identified,
e2b161082a9c6d6c37f665a3c0b794d1be02f786d6404e83f10c47392997989b,2026-03,Suffolk Constabulary,Suffolk Constabulary,1.707901,52.419250,On or near Market Place,E01030252,East Suffolk 012C,Criminal damage and arson,Investigation complete; no suspect identified,
34796f3d16c27e24b8c17b434eb3f8f520779944e62834784d5ee4b1eb8b53c9,2026-03,Suffolk Constabulary,Suffolk Constabulary,1.708007,52.420866,On or near Amber Drive,E01030252,East Suffolk 012C,Violence and sexual offences,Unable to prosecute suspect,
85dcf7319db07a02a6eea5b14ff568e34ab3062c8b963697180998b47e5745df,2026-03,Suffolk Constabulary,Suffolk Constabulary,1.708007,52.420866,On or near Amber Drive,E01030252,East Suffolk 012C,Violence and sexual offences,Unable to prosecute suspect,
,2026-03,Suffolk Constabulary,Suffolk Constabulary,1.719678,52.421092,On or near St Edmunds Crescent,E01030253,East Suffolk 012D,Anti-social behaviour,,
,2026-03,Suffolk Constabulary,Suffolk Constabulary,1.723570,52.446029,On or near Shopping Area,E01030253,East Suffolk 012D,Anti-social behaviour,,
,2026-03,Suffolk Constabulary,Suffolk Constabulary,1.723570,52.446029,On or near Shopping Area,E01030253,East Suffolk 012D,Anti-social behaviour,,
,2026-03,Suffolk Constabulary,Suffolk Constabulary,1.722740,52.419197,On or near Solomon Road,E01030253,East Suffolk 012D,Anti-social behaviour,,
070fc3e9d613382632e192ab2e33215cf0830d7608256d909d878e8db2abb503,2026-03,Suffolk Constabulary,Suffolk Constabulary,1.722839,52.445469,On or near Supermarket,E01030253,East Suffolk 012D,Other theft,Investigation complete; no suspect identified,
43d21fe5b1b80775caa8a30ba79e85edb029c4392f15f16f4c127c8f04a1f15d,2026-03,Suffolk Constabulary,Suffolk Constabulary,1.723898,52.444256,On or near Shopping Area,E01030253,East Suffolk 012D,Shoplifting,Investigation complete; no suspect identified,
033509cc3eb4d506437cbdd762c14cc806882f55f2a12bcccae42f9c99d83b5b,2026-03,Suffolk Constabulary,Suffolk Constabulary,1.723898,52.444256,On or near Shopping Area,E01030253,East Suffolk 012D,Shoplifting,Investigation complete; no suspect identified,
4a443374b7d2a98f7d1762de767c9a38f377612b7f099aa9c5f55655958b3042,2026-03,Suffolk Constabulary,Suffolk Constabulary,1.723898,52.444256,On or near Shopping Area,E01030253,East Suffolk 012D,Shoplifting,Investigation complete; no suspect identified,
3f7013b940a107f77b368020274550dfc25d0d41f2815895da13580551ce2de9,2026-03,Suffolk Constabulary,Suffolk Constabulary,1.714404,52.423282,On or near London Road,E01030253,East Suffolk 012D,Violence and sexual offences,Unable to prosecute suspect,
e3371a53f2d7de3fec0625dc16cf47b0d096d398cc042ea0b142ccb9222d2b60,2026-03,Suffolk Constabulary,Suffolk Constabulary,1.719678,52.421092,On or near St Edmunds Crescent,E01030253,East Suffolk 012D,Violence and sexual offences,Action to be taken by another organisation,
df92e4bfa88e4b13de2d458f4a02f23483ac51f48286176c6a12c8ba33695a76,2026-03,Suffolk Constabulary,Suffolk Constabulary,1.723898,52.444256,On or near Shopping Area,E01030253,East Suffolk 012D,Violence and sexual offences,Local resolution,
e14869bb95620b2dd75b1fb695da9979596a9a926689afbaf9b7edb226545fa9,2026-03,Suffolk Constabulary,Suffolk Constabulary,1.711488,52.422024,On or near Ryeburn Close,E01030253,East Suffolk 012D,Violence and sexual offences,Action to be taken by another organisation,
fcbd050fb78993126509f6d29e949f54c4303e9b10a5da8aef3feaeb99be5fbf,2026-03,Suffolk Constabulary,Suffolk Constabulary,1.722740,52.419197,On or near Solomon Road,E01030253,East Suffolk 012D,Violence and sexual offences,Investigation complete; no suspect identified,
e4fb098f12363c260b0ac3a93166745ac97443b301d26fd845db18e724e8f523,2026-03,Suffolk Constabulary,Suffolk Constabulary,1.722839,52.445469,On or near Supermarket,E01030253,East Suffolk 012D,Violence and sexual offences,Unable to prosecute suspect,
32269242f7435dffe0125c6adb368aed4b8413f88c8de387bc92c37f1c166985,2026-03,Suffolk Constabulary,Suffolk Constabulary,1.730123,52.453801,On or near Supermarket,E01030272,East Suffolk 012E,Criminal damage and arson,Investigation complete; no suspect identified,
7ca3b483075fe948b4a3f9f5eb48005310f772bb0969c6743ac082f1f760c501,2026-03,Suffolk Constabulary,Suffolk Constabulary,1.729546,52.453253,On or near Wellington Road,E01030272,East Suffolk 012E,Other theft,Under investigation,
6786faf800c1675b85387e09a4f543c05b156d540e3de05b863047c9d91c539f,2026-03,Suffolk Constabulary,Suffolk Constabulary,1.730123,52.453801,On or near Supermarket,E01030272,East Suffolk 012E,Public order,Unable to prosecute suspect,
a0bd3f2c8c73cd4e0350fad26f5f9d2a0f701639163c741348aa5f49f061abb4,2026-03,Suffolk Constabulary,Suffolk Constabulary,1.731054,52.450192,On or near Cliftonville Road,E01030272,East Suffolk 012E,Other crime,Unable to prosecute suspect,
88d95494e2d2e27c740346aa41f1a29a79c3f9d4bc4b597fe40b93c29cbc60e1,2026-03,Suffolk Constabulary,Suffolk Constabulary,1.732241,52.447869,On or near Cliftonville,E01030272,East Suffolk 012E,Other crime,Action to be taken by another organisation,
2b6dd8f0ecb634486f66b2832d74eb31697a6970ba54a02449534abed5648e81,2026-03,Suffolk Constabulary,Suffolk Constabulary,1.725774,52.452166,On or near Kingston Close,E01030273,East Suffolk 012F,Vehicle crime,Investigation complete; no suspect identified,
8c330ae3563a6f5521c471ac1e956671ea01cc56ef55f3bd2f306eeb1297f941,2026-03,Suffolk Constabulary,Suffolk Constabulary,1.723663,52.448788,On or near Foxglove Close,E01030273,East Suffolk 012F,Violence and sexual offences,Action to be taken by another organisation,
513a7659c04ebbc1549d4be448e9e22ccfd459ff10102fe457bd722dbafa9300,2026-03,Suffolk Constabulary,Suffolk Constabulary,1.722760,52.453970,On or near Stradbroke Road,E01030273,East Suffolk 012F,Violence and sexual offences,Awaiting court outcome,
c50b092efef846b0a3a02f2082d71f7dd399a3b90df0f456d00b7d92b280382f,2026-03,Suffolk Constabulary,Suffolk Constabulary,1.722760,52.453970,On or near Stradbroke Road,E01030273,East Suffolk 012F,Violence and sexual offences,Awaiting court outcome,
b9b6955e726ea3a19f5d8ea85f1b8e0b7f300abb54a37536385b95bf7a494fbf,2026-03,Suffolk Constabulary,Suffolk Constabulary,1.722760,52.453970,On or near Stradbroke Road,E01030273,East Suffolk 012F,Violence and sexual offences,Awaiting court outcome,
,2026-03,Suffolk Constabulary,Suffolk Constabulary,1.437663,52.455046,On or near St Marys Street,E01030230,East Suffolk 013A,Anti-social behaviour,,
,2026-03,Suffolk Constabulary,Suffolk Constabulary,1.443628,52.450735,On or near Millers Close,E01030230,East Suffolk 013A,Anti-social behaviour,,
e8b253b562359f45f055f26b3dc11a00becb49546ac561a3ef8a1c0243511b38,2026-03,Suffolk Constabulary,Suffolk Constabulary,1.442535,52.449183,On or near Old Grammar Lane,E01030230,East Suffolk 013A,Burglary,Investigation complete; no suspect identified,
ab431cf28b79c8e6024e36f26cc05f716cbdc0273d07ce2c9cfe0fb99088d912,2026-03,Suffolk Constabulary,Suffolk Constabulary,1.424802,52.458000,On or near Park/Open Space,E01030230,East Suffolk 013A,Criminal damage and arson,Investigation complete; no suspect identified,
dcb071fc3e4b3107c7b9bff3353e6b9816dc2675defeb0cc87ca447bbab8597f,2026-03,Suffolk Constabulary,Suffolk Constabulary,1.437657,52.455909,On or near Cross Street,E01030230,East Suffolk 013A,Violence and sexual offences,Investigation complete; no suspect identified,
c55a16b714359f482837da179b4a966740a7d14548240bbf5a73a750eea988f5,2026-03,Suffolk Constabulary,Suffolk Constabulary,1.456984,52.452665,On or near Throckmorton Road,E01030231,East Suffolk 013B,Criminal damage and arson,Unable to prosecute suspect,
d0100362fca6b4908d780eca28d2598553b18e845c7023027c1654226b697f2f,2026-03,Suffolk Constabulary,Suffolk Constabulary,1.445520,52.452901,On or near Garden Close,E01030231,East Suffolk 013B,Other theft,Investigation complete; no suspect identified,
cfcf4f7b1445445ec8e84d1cbaf7cafc5bd545cb72a8d0d35fea0261b47e0f66,2026-03,Suffolk Constabulary,Suffolk Constabulary,1.456984,52.452665,On or near Throckmorton Road,E01030231,East Suffolk 013B,Violence and sexual offences,Awaiting court outcome,
61f9edaa633986efd25cd8f5c7f3f6c145fe0872b007749494b9cbab40ed8dba,2026-03,Suffolk Constabulary,Suffolk Constabulary,1.454476,52.453539,On or near Frary Place,E01030231,East Suffolk 013B,Violence and sexual offences,Under investigation,
9880c5b1c2297811f1eef941eae3fc0ab4f1ea2e7908c5ddd2ddbfa62ad0283e,2026-03,Suffolk Constabulary,Suffolk Constabulary,1.456032,52.453098,On or near Bigod Road,E01030231,East Suffolk 013B,Violence and sexual offences,Unable to prosecute suspect,
,2026-03,Suffolk Constabulary,Suffolk Constabulary,1.437377,52.452509,On or near Boyscott Lane,E01030232,East Suffolk 013C,Anti-social behaviour,,
,2026-03,Suffolk Constabulary,Suffolk Constabulary,1.446467,52.446182,On or near Thomas Bardwell Drive,E01030232,East Suffolk 013C,Anti-social behaviour,,
1b0ef4dff4d8965f2cbdbc3a1eb3c1c1153c580c46bbfa9b182b8f70848257b2,2026-03,Suffolk Constabulary,Suffolk Constabulary,1.439488,52.448427,On or near Pennyfields,E01030232,East Suffolk 013C,Burglary,Investigation complete; no suspect identified,
4278f7e5a9eb6b2e4a346b96ede29e02f2b13d4e9b0855c6a17533afbdc795c0,2026-03,Suffolk Constabulary,Suffolk Constabulary,1.439059,52.447828,On or near Jubilee Road,E01030232,East Suffolk 013C,Other theft,Unable to prosecute suspect,
4813b50ccfc16d868556375d7a39c225b1a2c45f482cb9d551614ece61b3f66b,2026-03,Suffolk Constabulary,Suffolk Constabulary,1.448003,52.446254,On or near Ethel Mann Road,E01030232,East Suffolk 013C,Other theft,Unable to prosecute suspect,
137b67dcb0d9d38c2ed7ac9559e221b7bd512d37fb59c047b1a55c2e46877826,2026-03,Suffolk Constabulary,Suffolk Constabulary,1.439544,52.444612,On or near Mountbatten Road,E01030232,East Suffolk 013C,Violence and sexual offences,Further investigation is not in the public interest,
9cd386884f1f9ee44fa896e243f7bf7ddc3b1f3369d6ec4d2b80c6b3b56add4b,2026-03,Suffolk Constabulary,Suffolk Constabulary,1.441157,52.446238,On or near Manor Road,E01030232,East Suffolk 013C,Violence and sexual offences,Under investigation,
7c420c4318cbe510602a10198e20babbd913c8caed181c7f2e30748ab20a8a08,2026-03,Suffolk Constabulary,Suffolk Constabulary,1.442407,52.445841,On or near Prince'S Road,E01030232,East Suffolk 013C,Violence and sexual offences,Action to be taken by another organisation,
427ce714b986b2e1e0730e910e179327bae01e382a49d7fa89320f11772179ac,2026-03,Suffolk Constabulary,Suffolk Constabulary,1.437082,52.446833,On or near Flixton Road,E01030232,East Suffolk 013C,Violence and sexual offences,Unable to prosecute suspect,
8753d9fe60458d69376e9c14f19818123fe199cab9b33f6d6d5f653f894bd047,2026-03,Suffolk Constabulary,Suffolk Constabulary,1.442407,52.445841,On or near Prince'S Road,E01030232,East Suffolk 013C,Violence and sexual offences,Under investigation,
623ccbf88a41b91d997ddb4ab73502dae1927e3539015c94bcca43b72596ac1e,2026-03,Suffolk Constabulary,Suffolk Constabulary,1.442806,52.446999,On or near Duke'S Road,E01030232,East Suffolk 013C,Violence and sexual offences,Action to be taken by another organisation,
,2026-03,Suffolk Constabulary,Suffolk Constabulary,1.477550,52.359627,On or near Mill Road,E01030285,East Suffolk 013D,Anti-social behaviour,,
b1be12a0e405362f8ec5deb134b97be7226c7eae28c7956709364c6b0a8a9113,2026-03,Suffolk Constabulary,Suffolk Constabulary,1.451879,52.415839,On or near Low Street,E01030285,East Suffolk 013D,Criminal damage and arson,Action to be taken by another organisation,
c6b077aa59f683d9b5d86fca6f26517c1f792f5c4588fc1f216ab63058aa426d,2026-03,Suffolk Constabulary,Suffolk Constabulary,1.457582,52.416536,On or near Shoe Devil Lane,E01030285,East Suffolk 013D,Other theft,Under investigation,
5f7d867bcb07eaeff715c5526ee7fc6278b59c32676e86253a2d0c7d7ecd39fb,2026-03,Suffolk Constabulary,Suffolk Constabulary,1.405057,52.378406,On or near The Street,E01030285,East Suffolk 013D,Violence and sexual offences,Awaiting court outcome,
548a6ae01a085c7a2c4495e3feb846b1a24d76141b1e341f0b0e59a7ff304614,2026-03,Suffolk Constabulary,Suffolk Constabulary,1.477507,52.360015,On or near Buntings Lane,E01030285,East Suffolk 013D,Violence and sexual offences,Investigation complete; no suspect identified,
6e0e27de1aaa6020724ec81886139db3c2daa9aaf2ce57a5dc61f2560d8f7bba,2026-03,Suffolk Constabulary,Suffolk Constabulary,1.359840,52.419860,On or near Church Lane,E01030285,East Suffolk 013D,Violence and sexual offences,Unable to prosecute suspect,
4b5c176a3e7dd0fd69825e618695d9b2b6171ba918289b3915edde7a128e1f8d,2026-03,Suffolk Constabulary,Suffolk Constabulary,1.359840,52.419860,On or near Church Lane,E01030285,East Suffolk 013D,Violence and sexual offences,Unable to prosecute suspect,
9c56b930b3f501419025657312683da4e0f31f74e6c525c185a6ebc1e941d3e6,2026-03,Suffolk Constabulary,Suffolk Constabulary,1.405057,52.378406,On or near The Street,E01030285,East Suffolk 013D,Other crime,Awaiting court outcome,
,2026-03,Suffolk Constabulary,Suffolk Constabulary,1.664337,52.339953,On or near St Margarets Court,E01030283,East Suffolk 014A,Anti-social behaviour,,
7b3ea433ed87fd4ef789ad0bc0861f75ee793369f8bf4788a13a39091f68cd00,2026-03,Suffolk Constabulary,Suffolk Constabulary,1.671334,52.341103,On or near Queens Road,E01030283,East Suffolk 014A,Public order,Under investigation,
8ffb7f2bb8c27ff31af2d591c06be088974a2fd8c281277c4cdc1b80853bccd2,2026-03,Suffolk Constabulary,Suffolk Constabulary,1.666740,52.342550,On or near Barbrook Green,E01030283,East Suffolk 014A,Violence and sexual offences,Under investigation,
ba59c65517738fb6a4071abb901620d26782787c38626e2bdf99c677a09e2135,2026-03,Suffolk Constabulary,Suffolk Constabulary,1.660665,52.344744,On or near School Lane,E01030283,East Suffolk 014A,Violence and sexual offences,Investigation complete; no suspect identified,
abf4e1a4d0e03e6389ae2b74d0d50d9dd7d8ddd63d67d5ff46e3da27e7ce148d,2026-03,Suffolk Constabulary,Suffolk Constabulary,1.666740,52.342550,On or near Barbrook Green,E01030283,East Suffolk 014A,Violence and sexual offences,Under investigation,
fd11540829ffd33d9e1c2676510908d19c5142889585c2ffaede1ea095fe4504,2026-03,Suffolk Constabulary,Suffolk Constabulary,1.668077,52.340602,On or near Shaddick Road,E01030283,East Suffolk 014A,Other crime,Under investigation,
94439ac6042ccf9506ec47886281dbdcd7bbd67ee9d7e34b8f5a32e1bd5b3a9c,2026-03,Suffolk Constabulary,Suffolk Constabulary,1.563387,52.380561,On or near Low Road,E01030295,East Suffolk 014B,Burglary,Investigation complete; no suspect identified,
aa8c50723f418a906c9fd835492766e4cd082445c7a621b50e275700cba26b4f,2026-03,Suffolk Constabulary,Suffolk Constabulary,1.699121,52.372572,On or near Park/Open Space,E01030295,East Suffolk 014B,Other theft,Investigation complete; no suspect identified,
bdeae1592b3ac4788676bb758aafcbbf2f76d266faa04f9638f79754757c043c,2026-03,Suffolk Constabulary,Suffolk Constabulary,1.579610,52.383776,On or near Woodside,E01030295,East Suffolk 014B,Violence and sexual offences,Investigation complete; no suspect identified,
3943b625e011d99b7788ca71b5416bf67784830854ebd26ee423e88aa7921f2e,2026-03,Suffolk Constabulary,Suffolk Constabulary,1.667698,52.414344,On or near Benacre Road,E01030295,East Suffolk 014B,Violence and sexual offences,Unable to prosecute suspect,
9dcca915c429734c4eacfc00175be25c2e50de6d923d6d58b0f80b9da0707e2f,2026-03,Suffolk Constabulary,Suffolk Constabulary,1.667698,52.414344,On or near Benacre Road,E01030295,East Suffolk 014B,Violence and sexual offences,Unable to prosecute suspect,
fa2f44357618de6ab8fab96246c5042c105688e94261cd659f8d073c21edd5c1,2026-03,Suffolk Constabulary,Suffolk Constabulary,1.672323,52.385759,On or near Palmers Lane,E01030295,East Suffolk 014B,Violence and sexual offences,Unable to prosecute suspect,
c42eefaa533e93a642bb4c7b6c3692be6e301e74680fa0cbd485c01866bb1515,2026-03,Suffolk Constabulary,Suffolk Constabulary,1.667473,52.385774,On or near Chatten Close,E01030295,East Suffolk 014B,Other crime,Action to be taken by another organisation,
,2026-03,Suffolk Constabulary,Suffolk Constabulary,1.678516,52.327144,On or near Bank Alley,E01035154,East Suffolk 014C,Anti-social behaviour,,
,2026-03,Suffolk Constabulary,Suffolk Constabulary,1.678789,52.327244,On or near Young'S Yard,E01035154,East Suffolk 014C,Anti-social behaviour,,
,2026-03,Suffolk Constabulary,Suffolk Constabulary,1.672836,52.334247,On or near Bridgefoot Corner,E01035154,East Suffolk 014C,Anti-social behaviour,,
6c3a2dc0f6dbd41e1b9e3cc073797e82f0334d8e9d42ee35aa8b8ed344e6d1b8,2026-03,Suffolk Constabulary,Suffolk Constabulary,1.673624,52.330292,On or near Blyth Road,E01035154,East Suffolk 014C,Criminal damage and arson,Investigation complete; no suspect identified,
c09dc5887d1f069b73d9de37e9beea2566bd954a3e065e8ffdf8bebab722e6c5,2026-03,Suffolk Constabulary,Suffolk Constabulary,1.673624,52.330292,On or near Blyth Road,E01035154,East Suffolk 014C,Criminal damage and arson,Unable to prosecute suspect,
5138482ee17ba996806fb1e81bfb42b7da0e26baec7dd6f5b8390a4e5985dc32,2026-03,Suffolk Constabulary,Suffolk Constabulary,1.679025,52.326022,On or near Child'S Yard,E01035154,East Suffolk 014C,Public order,Investigation complete; no suspect identified,
d023bda49cc60e08dfc3fa6c73af84d354a122b6c1102c2639f83039316c438a,2026-03,Suffolk Constabulary,Suffolk Constabulary,1.679490,52.325081,On or near Queen Street,E01035154,East Suffolk 014C,Public order,Awaiting court outcome,
a3b339fe33c57bf48b4137a73809a0197cf2cbf8c4ea4485cd1a967291abf2f2,2026-03,Suffolk Constabulary,Suffolk Constabulary,1.679431,52.325964,On or near Parking Area,E01035154,East Suffolk 014C,Public order,Under investigation,
838c42498c68f9dfc46f7f8939a22d53d43158453acfdefd9d6da65b95e39988,2026-03,Suffolk Constabulary,Suffolk Constabulary,1.677780,52.326411,On or near Woodleys Yard,E01035154,East Suffolk 014C,Public order,Unable to prosecute suspect,
a16dcdde9fbb29d957ddf557b59eaf9facaa32a938f4061df8e60aa1f7232f9a,2026-03,Suffolk Constabulary,Suffolk Constabulary,1.673820,52.335485,On or near Seaview Road,E01035154,East Suffolk 014C,Public order,Investigation complete; no suspect identified,
797c31555b28fd180ae84d56125f5c0af697cfe77f2a36c2957e0754b3dc9142,2026-03,Suffolk Constabulary,Suffolk Constabulary,1.678881,52.326143,On or near Shopping Area,E01035154,East Suffolk 014C,Shoplifting,Local resolution,
330cd96517dd03cae3b96d280c56992c8c0844f44a7da634107bc3f345dfe559,2026-03,Suffolk Constabulary,Suffolk Constabulary,1.678516,52.327144,On or near Bank Alley,E01035154,East Suffolk 014C,Shoplifting,Investigation complete; no suspect identified,
e4bdca1c5b02fb2720e99acb88f5603fbf3ca28a2e67e24ff4f4cdd18a37884d,2026-03,Suffolk Constabulary,Suffolk Constabulary,1.678881,52.326143,On or near Shopping Area,E01035154,East Suffolk 014C,Shoplifting,Investigation complete; no suspect identified,
b7391782cbea10b1e5124f2e58ba9a64e374c20e00bd288f1627d758b962a795,2026-03,Suffolk Constabulary,Suffolk Constabulary,1.683792,52.330568,On or near North Parade Gardens,E01035154,East Suffolk 014C,Violence and sexual offences,Unable to prosecute suspect,
4c830fbb794897f494fa964ac94d27c200ab96e975cb40e05fa528fe94edcb40,2026-03,Suffolk Constabulary,Suffolk Constabulary,1.683792,52.330568,On or near North Parade Gardens,E01035154,East Suffolk 014C,Violence and sexual offences,Unable to prosecute suspect,
2b6a1a9bd0fd5d29a073c5394b379c7f064e45ea6c6c031474e817228fd31e1c,2026-03,Suffolk Constabulary,Suffolk Constabulary,1.622533,52.354367,On or near Millfields,E01030229,East Suffolk 015A,Violence and sexual offences,Unable to prosecute suspect,
25e7240a1ed2df3ac59dba8f251d7aa3ca0fc66d4898078421155b19747d64c1,2026-03,Suffolk Constabulary,Suffolk Constabulary,1.522217,52.345495,On or near Orchard Valley,E01030229,East Suffolk 015A,Violence and sexual offences,Under investigation,
104cfb418c978225b6abac7aecd2aee52e58d1be4e4d4d3c72cad47e09c97919,2026-03,Suffolk Constabulary,Suffolk Constabulary,1.522217,52.345495,On or near Orchard Valley,E01030229,East Suffolk 015A,Violence and sexual offences,Action to be taken by another organisation,
1285c430003e7fc32b2a3fbac1a3544f2e7ecca734282d12c8dad4a0dfec31fa,2026-03,Suffolk Constabulary,Suffolk Constabulary,1.510890,52.353585,On or near Vance Close,E01030243,East Suffolk 015B,Burglary,Investigation complete; no suspect identified,
799a5222d6737b40abfde84d9c439d0358da96d4dea1751943f5a7699eab1c92,2026-03,Suffolk Constabulary,Suffolk Constabulary,1.504902,52.346424,On or near Station Road,E01030243,East Suffolk 015B,Burglary,Under investigation,
0ae04ec07923e495f447ef8151930e07cf608521c419063c72cefedbfcec6abf,2026-03,Suffolk Constabulary,Suffolk Constabulary,1.505049,52.349397,On or near Mount Pleasant,E01030243,East Suffolk 015B,Criminal damage and arson,Unable to prosecute suspect,
9f6b857e0cafe9d5f19f6e4c3df1a1eec9c1f9a63c00a7ce6a568277f88578cc,2026-03,Suffolk Constabulary,Suffolk Constabulary,1.504902,52.346424,On or near Station Road,E01030243,East Suffolk 015B,Other theft,Unable to prosecute suspect,
774ef91daa7e5041bbf8860ad53490ba4a68fb0ab08e5e32d22b712439bf13fb,2026-03,Suffolk Constabulary,Suffolk Constabulary,1.501941,52.346305,On or near Benton Way,E01030243,East Suffolk 015B,Violence and sexual offences,Under investigation,
71ce9cb9f11b5afce826e033d829fb5f7b240f86bf748c34cea14f1c3ccaf7b7,2026-03,Suffolk Constabulary,Suffolk Constabulary,1.502736,52.340759,On or near Supermarket,E01030244,East Suffolk 015C,Burglary,Investigation complete; no suspect identified,
51fc9b3eb813fdd18610a27be9bfb2e63f41f2ca88c4f8b83c77297a10c9653a,2026-03,Suffolk Constabulary,Suffolk Constabulary,1.509764,52.343653,On or near Sarsen Close,E01030244,East Suffolk 015C,Burglary,Investigation complete; no suspect identified,
f79a6433c77dafc6169000d91dfbf546186c73a29015a39921b9383b0ea25434,2026-03,Suffolk Constabulary,Suffolk Constabulary,1.506880,52.336723,On or near Blyth Road,E01030244,East Suffolk 015C,Burglary,Investigation complete; no suspect identified,
c951bc47d494a2f87c929fe02855fac8fe932e45ba812e175e8535dc263a5a79,2026-03,Suffolk Constabulary,Suffolk Constabulary,1.502736,52.340759,On or near Supermarket,E01030244,East Suffolk 015C,Criminal damage and arson,Unable to prosecute suspect,
a07c6550e7b0c25da2d245ceaac669adf74b1a2b2e2e437c6074b70d24e6e595,2026-03,Suffolk Constabulary,Suffolk Constabulary,1.504513,52.339833,On or near Swan Close,E01030244,East Suffolk 015C,Criminal damage and arson,Unable to prosecute suspect,
eb658eeee7ce86530e8ea128610d21e7d52cb2c183ce370fcc4b1f421983a54a,2026-03,Suffolk Constabulary,Suffolk Constabulary,1.502119,52.345031,On or near Bridge Street,E01030244,East Suffolk 015C,Criminal damage and arson,Unable to prosecute suspect,
f87aac35f76cb5cb2600e05d7cc6bb11afc678c5ed67032475c12d60ef0224f3,2026-03,Suffolk Constabulary,Suffolk Constabulary,1.504513,52.339833,On or near Swan Close,E01030244,East Suffolk 015C,Criminal damage and arson,Unable to prosecute suspect,
0dd6c0261a674295248411057e17428f52fe23bc1c3f2d5a09a8303a8c458473,2026-03,Suffolk Constabulary,Suffolk Constabulary,1.502736,52.340759,On or near Supermarket,E01030244,East Suffolk 015C,Criminal damage and arson,Unable to prosecute suspect,
a99caebfa40394ec08ba65289ccf2baa3bc6c96476338c4e65046afe2ec52882,2026-03,Suffolk Constabulary,Suffolk Constabulary,1.502736,52.340759,On or near Supermarket,E01030244,East Suffolk 015C,Possession of weapons,Unable to prosecute suspect,
65ddbc71d429130b88ab9a44293e6c19f85cfe77faf4d23dc583364580f359f3,2026-03,Suffolk Constabulary,Suffolk Constabulary,1.502119,52.345031,On or near Bridge Street,E01030244,East Suffolk 015C,Possession of weapons,Unable to prosecute suspect,
f89a4935989c3e06279439d07111cdd3ab1c3230f8e9ad241e557df5089cc8a2,2026-03,Suffolk Constabulary,Suffolk Constabulary,1.501613,52.339560,On or near Andrew Johnston Way,E01030244,East Suffolk 015C,Public order,Under investigation,
238a861e72015da60c11a6631dd994919c8e5fea81d4b6324d9bd163d9cfe747,2026-03,Suffolk Constabulary,Suffolk Constabulary,1.502736,52.340759,On or near Supermarket,E01030244,East Suffolk 015C,Public order,Unable to prosecute suspect,
8513460aae4a394225ae8b124f00c4d6f2f8fa3b661d4aef755387b7f9d2c4a0,2026-03,Suffolk Constabulary,Suffolk Constabulary,1.502416,52.343583,On or near Thoroughfare,E01030244,East Suffolk 015C,Public order,Unable to prosecute suspect,
1a8ac6a5573fb71fd751dd4a9534d20920ab69494f5695e3064954d812b52676,2026-03,Suffolk Constabulary,Suffolk Constabulary,1.502416,52.343583,On or near Thoroughfare,E01030244,East Suffolk 015C,Public order,Unable to prosecute suspect,
8cf3870c68b887302b0d1bd7a88c1924e8fb731d14527283b51f3d31b64b7df4,2026-03,Suffolk Constabulary,Suffolk Constabulary,1.505049,52.342714,On or near River Lane,E01030244,East Suffolk 015C,Public order,Investigation complete; no suspect identified,
e33c2ddc8c8e1a9444f0d31db6b19333dcc7a73ba1ae01f71afcd3ad195274bb,2026-03,Suffolk Constabulary,Suffolk Constabulary,1.503675,52.339085,On or near Lambert Close,E01030244,East Suffolk 015C,Violence and sexual offences,Unable to prosecute suspect,
309cfb96f9f815c212574adb75b79ae7f94ad3e03a52735d954c085bd90c8358,2026-03,Suffolk Constabulary,Suffolk Constabulary,1.502416,52.343583,On or near Thoroughfare,E01030244,East Suffolk 015C,Violence and sexual offences,Awaiting court outcome,
84f2cfc260d1b2edb9f1048b0acf504e2e9441f6091d1f07fb7aee9a2f50c175,2026-03,Suffolk Constabulary,Suffolk Constabulary,1.503935,52.340147,On or near Pound Close,E01030244,East Suffolk 015C,Violence and sexual offences,Unable to prosecute suspect,
506e53f4a16be649459f96322083531b28e19e5786ce98cff6da47d2500ac709,2026-03,Suffolk Constabulary,Suffolk Constabulary,1.497220,52.342505,On or near Beech Close,E01030244,East Suffolk 015C,Violence and sexual offences,Unable to prosecute suspect,
c43e2d872c34c964c03083e7f2a48cfe03e1a94f25f32719afe11b65a32e7528,2026-03,Suffolk Constabulary,Suffolk Constabulary,1.498359,52.339638,On or near The Limes,E01030245,East Suffolk 015D,Violence and sexual offences,Investigation complete; no suspect identified,
b335883147f5a7230086075666659f9b9234fef135801518208691f0e9dd1e11,2026-03,Suffolk Constabulary,Suffolk Constabulary,1.499000,52.333071,On or near Kennedy Avenue,E01030245,East Suffolk 015D,Violence and sexual offences,Unable to prosecute suspect,
e025fa31460de7b5d93d03fd719e5e21c357d9d86a550dc154fc289d7687b4e7,2026-03,Suffolk Constabulary,Suffolk Constabulary,1.499905,52.333935,On or near Bedingfield Crescent,E01030245,East Suffolk 015D,Violence and sexual offences,Action to be taken by another organisation,
94920c21a4c51920752a0722f3aec5998edb9c85cf86abe3b590aa1cb386550b,2026-03,Suffolk Constabulary,Suffolk Constabulary,1.498359,52.339638,On or near The Limes,E01030245,East Suffolk 015D,Violence and sexual offences,Investigation complete; no suspect identified,
91afc68558b2b3cb5641224f9476a328a5dad91690f85aeb03a76662df22df21,2026-03,Suffolk Constabulary,Suffolk Constabulary,1.502317,52.336022,On or near Durban Close,E01030245,East Suffolk 015D,Other crime,Further investigation is not in the public interest,
,2026-03,Suffolk Constabulary,Suffolk Constabulary,1.444428,52.272652,On or near Mount Pleasant,E01030201,East Suffolk 016A,Anti-social behaviour,,
ba75d16ff3e35d86653320d86bc18b38a45ffccdcdd9dc9015e947eb90847822,2026-03,Suffolk Constabulary,Suffolk Constabulary,1.444431,52.270223,On or near Badingham Road,E01030201,East Suffolk 016A,Other theft,Unable to prosecute suspect,
08050bf9f9cc31ce970782aa2a6f77acaa0dbff3bc9f21cab7e9873e22fcedb4,2026-03,Suffolk Constabulary,Suffolk Constabulary,1.468452,52.316632,On or near Peasenhall Road,E01030201,East Suffolk 016A,Public order,Under investigation,
bdd32312c16307fa8d5c41eca0927916910e7ee76c3f57e178cee0b4876a997f,2026-03,Suffolk Constabulary,Suffolk Constabulary,1.419734,52.303429,On or near Barell'S Hill,E01030201,East Suffolk 016A,Violence and sexual offences,Further investigation is not in the public interest,
469ea9c32319e884b847a4b8b588fc2965bdddd75ff893bc4febb4916c3d7d2b,2026-03,Suffolk Constabulary,Suffolk Constabulary,1.396077,52.324044,On or near The Street,E01030201,East Suffolk 016A,Violence and sexual offences,Local resolution,
1fe9d81bd72ac98e2d58f499af4fd94fd2aa3144a73be3e8d676d5781807df4a,2026-03,Suffolk Constabulary,Suffolk Constabulary,1.561336,52.318947,On or near Hall Road,E01030219,East Suffolk 016B,Burglary,Investigation complete; no suspect identified,
735603f61c3c9bf16173fe3d7b456ee7ed2c7f0de90a92509334f681ed6591a9,2026-03,Suffolk Constabulary,Suffolk Constabulary,1.519676,52.316302,On or near The Hill,E01030219,East Suffolk 016B,Criminal damage and arson,Local resolution,
930cc84ae4082deb66ea8bfea7e104d386f058801566ba45b5dd53bedc560ff2,2026-03,Suffolk Constabulary,Suffolk Constabulary,1.558862,52.321954,On or near Hall Road,E01030219,East Suffolk 016B,Criminal damage and arson,Investigation complete; no suspect identified,
3f6ad1a18f3d29b9433de8a85257635bb64589b7db24f12ad47e06712f511888,2026-03,Suffolk Constabulary,Suffolk Constabulary,1.548940,52.320679,On or near Bramfield Road,E01030219,East Suffolk 016B,Public order,Unable to prosecute suspect,
9346c42d5ef1d202d21c99a46d8339325ff6080909c59f6bc4e2502638ca7752,2026-03,Suffolk Constabulary,Suffolk Constabulary,1.597861,52.319026,On or near Amberley Close,E01030219,East Suffolk 016B,Vehicle crime,Investigation complete; no suspect identified,
76172aa3b96ea0d51b6e1ceea336e41afb6f826083943766d33db00960f362d9,2026-03,Suffolk Constabulary,Suffolk Constabulary,1.518693,52.309649,On or near Walpole Road,E01030219,East Suffolk 016B,Violence and sexual offences,Unable to prosecute suspect,
afc91b9336b41ce0aa032772b70f7bfbeeb8b437f6f1f3abd8cb91ea9e977f13,2026-03,Suffolk Constabulary,Suffolk Constabulary,1.522849,52.309507,On or near Pitman'S Grove,E01030219,East Suffolk 016B,Other crime,Further investigation is not in the public interest,
0722ad2da33b11cfab9bed377acef7ca298e1de548ff27771f929211b631cc51,2026-03,Suffolk Constabulary,Suffolk Constabulary,1.519676,52.316302,On or near The Hill,E01030219,East Suffolk 016B,Other crime,Further investigation is not in the public interest,
52e38b8970bbee50d8b4238bb8b26882673e0372cb183ba0ab96e8f0def9d336,2026-03,Suffolk Constabulary,Suffolk Constabulary,1.578230,52.264216,On or near Baker'S Lane,E01030222,East Suffolk 016C,Burglary,Investigation complete; no suspect identified,
252eb305f9be0587427ff1e199f7b7250592e216d51a7a00ba1e52dcf7a09056,2026-03,Suffolk Constabulary,Suffolk Constabulary,1.523143,52.272755,On or near Parking Area,E01030222,East Suffolk 016C,Other theft,Unable to prosecute suspect,
e63614034a5fa97418920c3a4d8b2357eff593be23d0af38eaffecaec95bf8e5,2026-03,Suffolk Constabulary,Suffolk Constabulary,1.625205,52.278100,On or near Sandy Lane,E01030222,East Suffolk 016C,Public order,Under investigation,
c51c2c62fbfbc918cb3a84f600204f32383871bef325b4d86b771ba449a9088f,2026-03,Suffolk Constabulary,Suffolk Constabulary,1.538499,52.276496,On or near Millfields,E01030222,East Suffolk 016C,Public order,Under investigation,
46e09692404efdf280693f24defdad1093eb58b39da184bd2837f725ae969766,2026-03,Suffolk Constabulary,Suffolk Constabulary,1.538499,52.276496,On or near Millfields,E01030222,East Suffolk 016C,Public order,Under investigation,
18eb2c408a3106ff78f9b8316df9f786ce930470cb98d8a756cc0324ec676c11,2026-03,Suffolk Constabulary,Suffolk Constabulary,1.511392,52.264705,On or near Brook Street,E01030222,East Suffolk 016C,Violence and sexual offences,Unable to prosecute suspect,
ff5fb6f901ab925b6fe1e302361500ae90a9a7d8f98bc44f62a276fd9b549288,2026-03,Suffolk Constabulary,Suffolk Constabulary,1.275103,52.224967,On or near Bedfield Road,E01030154,East Suffolk 017A,Other theft,Investigation complete; no suspect identified,
31cda1c0fbb301136c41bddfbad5ccfcacac91a97a462d6bb5aa5aa884c78ab8,2026-03,Suffolk Constabulary,Suffolk Constabulary,1.306292,52.157289,On or near Park Lane,E01030154,East Suffolk 017A,Vehicle crime,Investigation complete; no suspect identified,
02e44d895b3e9c361ff25f020174c7666e20b9efb3cd0643e7eeb99e348158e9,2026-03,Suffolk Constabulary,Suffolk Constabulary,1.343111,52.221953,On or near Supermarket,E01030172,East Suffolk 017B,Criminal damage and arson,Investigation complete; no suspect identified,
dc0f752d097f5ece40fa3e95eb24b6b634d153f6b2932fc3f464ac2e66486a41,2026-03,Suffolk Constabulary,Suffolk Constabulary,1.343111,52.221953,On or near Supermarket,E01030172,East Suffolk 017B,Public order,Unable to prosecute suspect,
31d3a82b796bdb27856fd96e0c066c04e7e23fe3480f64bad8bf89a61a42cebe,2026-03,Suffolk Constabulary,Suffolk Constabulary,1.337729,52.221080,On or near De Vere Close,E01030172,East Suffolk 017B,Public order,Awaiting court outcome,
f444fd3cf46ccef2900dfe068624ac3e1f0d148e037102fb4e173de001113ff5,2026-03,Suffolk Constabulary,Suffolk Constabulary,1.343111,52.221953,On or near Supermarket,E01030172,East Suffolk 017B,Shoplifting,Awaiting court outcome,
58e873fcc133e4b87fd8b3bb4cbf43c648511874aea1a9de7d5dc75fc2960d4c,2026-03,Suffolk Constabulary,Suffolk Constabulary,1.337729,52.221080,On or near De Vere Close,E01030172,East Suffolk 017B,Violence and sexual offences,Investigation complete; no suspect identified,
43aef6f9caa3eee6a9ee6723871cf043d6cc8e5a28e09843543a982eb0bee966,2026-03,Suffolk Constabulary,Suffolk Constabulary,1.337729,52.221080,On or near De Vere Close,E01030172,East Suffolk 017B,Violence and sexual offences,Awaiting court outcome,
8bb8139ff8fb09c26db62908b48e778ee949d18e8e449ae956af37c0f899d444,2026-03,Suffolk Constabulary,Suffolk Constabulary,1.337729,52.221080,On or near De Vere Close,E01030172,East Suffolk 017B,Violence and sexual offences,Awaiting court outcome,
0fed7a1b6fefcf699393ab9f855ab87c2448ac4e43f93f6a7462ff8dedef390f,2026-03,Suffolk Constabulary,Suffolk Constabulary,1.340996,52.222066,On or near Well Close Square,E01030172,East Suffolk 017B,Violence and sexual offences,Unable to prosecute suspect,
5a4725b8e6e71925db04efc6435928eeb7523857c7c45840dd920171f22b967d,2026-03,Suffolk Constabulary,Suffolk Constabulary,1.346232,52.215946,On or near Tett Terrace,E01030172,East Suffolk 017B,Violence and sexual offences,Unable to prosecute suspect,
c6d5f36ee68e81363dfd554f6a681522121c33365b7e06f1d1c507b4bba2ac8c,2026-03,Suffolk Constabulary,Suffolk Constabulary,1.339838,52.218547,On or near Tudor Close,E01030172,East Suffolk 017B,Violence and sexual offences,Unable to prosecute suspect,
1e27c4eb193e72727f82a8d87e029e0c796f5ea8844f3171fb3d4372a55dd2a3,2026-03,Suffolk Constabulary,Suffolk Constabulary,1.340996,52.222066,On or near Well Close Square,E01030172,East Suffolk 017B,Violence and sexual offences,Unable to prosecute suspect,
b32b4278c37107df770520d94eca08e0d358cce577fdac22364698cab304f564,2026-03,Suffolk Constabulary,Suffolk Constabulary,1.340948,52.221034,On or near Albert Road,E01030172,East Suffolk 017B,Violence and sexual offences,Investigation complete; no suspect identified,
4c48abcbda0f19d032511edf2514b11e224e06e8d4dc2a293e22c96a09338013,2026-03,Suffolk Constabulary,Suffolk Constabulary,1.342649,52.217361,On or near Walne Close,E01030173,East Suffolk 017C,Criminal damage and arson,Investigation complete; no suspect identified,
fe0a5a1355a69b16c3293be1061cc9f0050d5bce8dc37a941d0867ba2bd451a6,2026-03,Suffolk Constabulary,Suffolk Constabulary,1.345102,52.221159,On or near Fore Street,E01030173,East Suffolk 017C,Other theft,Investigation complete; no suspect identified,
85df296578602d8a2909db34c7fcaced876eb588d2e258cd1696ab1ccf26ec17,2026-03,Suffolk Constabulary,Suffolk Constabulary,1.345102,52.221159,On or near Fore Street,E01030173,East Suffolk 017C,Other theft,Investigation complete; no suspect identified,
b87d7f2f1f04477d57fdbfa13f76047be24e5c778cd6357dd225aba48518d51a,2026-03,Suffolk Constabulary,Suffolk Constabulary,1.336616,52.224583,On or near Danforth Close,E01030173,East Suffolk 017C,Public order,Unable to prosecute suspect,
1787544f9f67c13b9b3c34aa417ce33ecdf8e96e6626e721e7ad184915a839ea,2026-03,Suffolk Constabulary,Suffolk Constabulary,1.336616,52.224583,On or near Danforth Close,E01030173,East Suffolk 017C,Public order,Unable to prosecute suspect,
8be1d557a373e39e94d98afc84ae35aeb88ba3b4f6fd8053a14222001cc9f2b0,2026-03,Suffolk Constabulary,Suffolk Constabulary,1.347002,52.222472,On or near Castle Street,E01030173,East Suffolk 017C,Vehicle crime,Investigation complete; no suspect identified,
4adc759b60d34e98269c7a6fa8be532302535da4f9a237411abee5b2c96e3649,2026-03,Suffolk Constabulary,Suffolk Constabulary,1.349036,52.222072,On or near Petrol Station,E01030173,East Suffolk 017C,Violence and sexual offences,Under investigation,
8e6dc13106c007c1d4fe6a4bd6ab6e5a333abffa2ce1b2fad1f3135506658633,2026-03,Suffolk Constabulary,Suffolk Constabulary,1.336616,52.224583,On or near Danforth Close,E01030173,East Suffolk 017C,Violence and sexual offences,Local resolution,
6ca468dfbcdf51e1de257380f478e757f7fd262791722829ff602d138e4f6328,2026-03,Suffolk Constabulary,Suffolk Constabulary,1.336093,52.227962,On or near Dennington Road,E01030173,East Suffolk 017C,Other crime,Further investigation is not in the public interest,
30aed0e50a1904c2bc6271aaacddba7d33c0ef3c13811910a1bb47920e2a941f,2026-03,Suffolk Constabulary,Suffolk Constabulary,1.336093,52.227962,On or near Dennington Road,E01030173,East Suffolk 017C,Other crime,Further investigation is not in the public interest,
03862ace8a53b90c8023c8c0cd3d07ccb90521abf18921b926918cdd194b53bd,2026-03,Suffolk Constabulary,Suffolk Constabulary,1.341622,52.255723,On or near Laxfield Road,E01030174,East Suffolk 017D,Violence and sexual offences,Unable to prosecute suspect,
2e7f2b27e6f801a0c637034098a4b8e7aac9fabc9fc3daf8f329f0b039686efd,2026-03,Suffolk Constabulary,Suffolk Constabulary,1.384114,52.265017,On or near The Meadows,E01030174,East Suffolk 017D,Other crime,Investigation complete; no suspect identified,
39169edbd189a4ce11e33b181e7149d5099ee07d77382af5a8c1f93db1acee53,2026-03,Suffolk Constabulary,Suffolk Constabulary,1.442362,52.230295,On or near Sandy Lane,E01030176,East Suffolk 017E,Public order,Investigation complete; no suspect identified,
bcfeb72543a310c97e517ee808673887399289b774c87b9aa131e74b1e8487b7,2026-03,Suffolk Constabulary,Suffolk Constabulary,1.398915,52.168172,On or near Main Road,E01030176,East Suffolk 017E,Vehicle crime,Investigation complete; no suspect identified,
27011dfd9eeb7943528004f639687000f35d42c527b567c97fb66148569edcd4,2026-03,Suffolk Constabulary,Suffolk Constabulary,1.402232,52.229409,On or near Bruisyard Road,E01030176,East Suffolk 017E,Violence and sexual offences,Unable to prosecute suspect,
,2026-03,Suffolk Constabulary,Suffolk Constabulary,1.570801,52.203169,On or near Lime Tree Avenue,E01030186,East Suffolk 018A,Anti-social behaviour,,
d21048327b0948faa54cb92f5af412efc36445102d3758d2dece9ffcf8e59f88,2026-03,Suffolk Constabulary,Suffolk Constabulary,1.557899,52.194871,On or near School Road,E01030186,East Suffolk 018A,Burglary,Investigation complete; no suspect identified,
22210a69aea258d6f10a4ef7a267d78bd21c6200e07a5de49eea7307ff7be22f,2026-03,Suffolk Constabulary,Suffolk Constabulary,1.573362,52.204801,On or near Huntingfield Road,E01030186,East Suffolk 018A,Violence and sexual offences,Action to be taken by another organisation,
567770c7cac5a183a613f9d2d0e296911f1a102c583c054e842bf11cd95be305,2026-03,Suffolk Constabulary,Suffolk Constabulary,1.580488,52.199655,On or near Daisy Drive,E01030186,East Suffolk 018A,Violence and sexual offences,Action to be taken by another organisation,
7f78c398c94455b525e4100928052e734a877cef041a33fe2fb238698567fd70,2026-03,Suffolk Constabulary,Suffolk Constabulary,1.558859,52.194248,On or near Parking Area,E01030186,East Suffolk 018A,Violence and sexual offences,Unable to prosecute suspect,
f60c2786949a181f968ed03aaa5b4517b95b16d8576c4538f24f141ac4d87108,2026-03,Suffolk Constabulary,Suffolk Constabulary,1.560924,52.193160,On or near Parking Area,E01030186,East Suffolk 018A,Violence and sexual offences,Investigation complete; no suspect identified,
01653be846cea754f16c4dca0b523c3c6180cec64ca9f067613cbea36fbd9ddc,2026-03,Suffolk Constabulary,Suffolk Constabulary,1.557899,52.194871,On or near School Road,E01030186,East Suffolk 018A,Violence and sexual offences,Action to be taken by another organisation,
ad72cd736425a9260af03a1c4d06217f9bc127043f5471f00b95f693c42b1fb6,2026-03,Suffolk Constabulary,Suffolk Constabulary,1.491126,52.226396,On or near Southview,E01030208,East Suffolk 018B,Violence and sexual offences,Unable to prosecute suspect,
1fda11605d6f6dd44e73258c200f8788a54d376a8f012e9cc1517b53d160bb2d,2026-03,Suffolk Constabulary,Suffolk Constabulary,1.485724,52.227366,On or near Pear Tree Close,E01030208,East Suffolk 018B,Violence and sexual offences,Unable to prosecute suspect,
1f8bd38aa097736502d933ce07d99e45f90fcf51866e0f33ecd3fc58575dae35,2026-03,Suffolk Constabulary,Suffolk Constabulary,1.492978,52.225910,On or near Spinney Close,E01030208,East Suffolk 018B,Violence and sexual offences,Under investigation,
,2026-03,Suffolk Constabulary,Suffolk Constabulary,1.497567,52.214423,On or near Yew Close,E01030209,East Suffolk 018C,Anti-social behaviour,,
11d4fc6ed0e6e57aa75fb83e48be8b5bf8aa25b05950200c1e953899a20e93be,2026-03,Suffolk Constabulary,Suffolk Constabulary,1.491469,52.214343,On or near Bell Close,E01030209,East Suffolk 018C,Other theft,Unable to prosecute suspect,
b97c58f08fead1576d029721030571afe76e27bcd4ece197964ec5bb8d55aa24,2026-03,Suffolk Constabulary,Suffolk Constabulary,1.493547,52.213185,On or near Shopping Area,E01030209,East Suffolk 018C,Public order,Unable to prosecute suspect,
0a4a3d824b157ff966325b0c481925f9024f67ac4f92002df880336a7f70012f,2026-03,Suffolk Constabulary,Suffolk Constabulary,1.491952,52.216019,On or near B1121,E01030209,East Suffolk 018C,Violence and sexual offences,Unable to prosecute suspect,
fe0d20f3d5741f23c4980fddea097adace70f20aea47ed285c5b9ceb0be57056,2026-03,Suffolk Constabulary,Suffolk Constabulary,1.492387,52.213285,On or near Supermarket,E01030209,East Suffolk 018C,Violence and sexual offences,Unable to prosecute suspect,
919b3cde4f184b19eb36fcc81742137be35cd0ca8669ac2a1ce4038330e63f7c,2026-03,Suffolk Constabulary,Suffolk Constabulary,1.490065,52.214366,On or near New Cut,E01030209,East Suffolk 018C,Violence and sexual offences,Unable to prosecute suspect,
5f6c1bd02e598d876b938b377a33bea379a467577780b8f06dba66219ef2913b,2026-03,Suffolk Constabulary,Suffolk Constabulary,1.495673,52.215297,On or near Warren Avenue,E01030209,East Suffolk 018C,Violence and sexual offences,Under investigation,
a928c3325ae11e4f522454f0b28a8c4bdca7c93530e1861d0941ccd468444508,2026-03,Suffolk Constabulary,Suffolk Constabulary,1.488488,52.219468,On or near Stour Close,E01030209,East Suffolk 018C,Violence and sexual offences,Investigation complete; no suspect identified,
a835aa6d6165cf1caf1293bfc421f27b91159f98eb5df20515b7ead9d7e450fa,2026-03,Suffolk Constabulary,Suffolk Constabulary,1.490090,52.216362,On or near Howards Walk,E01030209,East Suffolk 018C,Violence and sexual offences,Unable to prosecute suspect,
49ec4b5eb01d4167f84027be7271b56f6c847fd70899207c258050c15e317da6,2026-03,Suffolk Constabulary,Suffolk Constabulary,1.497567,52.214423,On or near Yew Close,E01030209,East Suffolk 018C,Other crime,Further investigation is not in the public interest,
,2026-03,Suffolk Constabulary,Suffolk Constabulary,1.481188,52.212263,On or near Lincoln Avenue,E01030210,East Suffolk 018D,Anti-social behaviour,,
bed357f0ec465172b92e84092b299dd3c1fce16ff0888eb126489116f5a33dd2,2026-03,Suffolk Constabulary,Suffolk Constabulary,1.486722,52.213008,On or near Fisher Close,E01030210,East Suffolk 018D,Criminal damage and arson,Unable to prosecute suspect,
935dad088405ad5aecbd2d627bcda350d94bf7c1f9d8769e416952c7122d512d,2026-03,Suffolk Constabulary,Suffolk Constabulary,1.481949,52.219373,On or near Ashfords Close,E01030210,East Suffolk 018D,Criminal damage and arson,Unable to prosecute suspect,
3c79d05a3a8045fa5d7dd41e58632d3b206ca8cd5afc374f40ee2e1d21a90e92,2026-03,Suffolk Constabulary,Suffolk Constabulary,1.484706,52.219229,On or near Brook Farm Road,E01030210,East Suffolk 018D,Public order,Unable to prosecute suspect,
3266d24084f626ab04f4d45b6763980fc5d5a94b66203ac84cac977d687d2f34,2026-03,Suffolk Constabulary,Suffolk Constabulary,1.484706,52.219229,On or near Brook Farm Road,E01030210,East Suffolk 018D,Violence and sexual offences,Under investigation,
ddf5d5a0cb05cdad828ef79e84b8abaddce00d9d93f65c01b30814fedc854026,2026-03,Suffolk Constabulary,Suffolk Constabulary,1.483242,52.216987,On or near Saxon Road,E01030210,East Suffolk 018D,Violence and sexual offences,Investigation complete; no suspect identified,
a143d40d5ab1187c8bffe0b23bec6e0b8d9634c44c94b91e3ff7cec0e379e18f,2026-03,Suffolk Constabulary,Suffolk Constabulary,1.500318,52.172894,On or near Pryor Close,E01030212,East Suffolk 018E,Violence and sexual offences,Under investigation,
a6d5f4a9dc07f90b6e11628361828c912e439e9489e3a5bf57eb2a68a240de53,2026-03,Suffolk Constabulary,Suffolk Constabulary,1.484911,52.201099,On or near Chalfont Drive,E01030212,East Suffolk 018E,Violence and sexual offences,Local resolution,
7afbec858679c20f122d37c86bf495241c6af2d39ea8db86befac37221c34905,2026-03,Suffolk Constabulary,Suffolk Constabulary,1.618492,52.182943,On or near North End Avenue,E01030152,East Suffolk 019A,Other theft,Investigation complete; no suspect identified,
372907d7f0373a2e9917f742757b6e2199664a54d275813e26bbb50a7d9ea2d1,2026-03,Suffolk Constabulary,Suffolk Constabulary,1.592048,52.158971,On or near Cherry Lane,E01030152,East Suffolk 019A,Vehicle crime,Investigation complete; no suspect identified,
95e77331639db9f7a60f6c1182e6ba856116b50be3e5c23657253cf55767c759,2026-03,Suffolk Constabulary,Suffolk Constabulary,1.595050,52.157386,On or near Parsons Field,E01030152,East Suffolk 019A,Violence and sexual offences,Unable to prosecute suspect,
140c8d9b46750b370071ea1a82a267d195a8eb2a9c0b627fbcc7c41012247e3d,2026-03,Suffolk Constabulary,Suffolk Constabulary,1.574294,52.191613,On or near Mill Lane,E01030152,East Suffolk 019A,Violence and sexual offences,Action to be taken by another organisation,
ee310b5e7cd2174f9869cd7072e3b97c0723215b40aaf190b0ca247aa5aed0a5,2026-03,Suffolk Constabulary,Suffolk Constabulary,1.593934,52.159687,On or near The Plantation,E01030153,East Suffolk 019B,Criminal damage and arson,Investigation complete; no suspect identified,
9245b7a342ca091070be5c1b05ecb9ccdba38de6299dc3a91c1903b6809cf034,2026-03,Suffolk Constabulary,Suffolk Constabulary,1.593865,52.159014,On or near Lapwings,E01030153,East Suffolk 019B,Violence and sexual offences,Unable to prosecute suspect,
6e7133d8bfdb99d3b28bb8b6bf82327c6c1761d73cadc8e52f31378a06e71cbe,2026-03,Suffolk Constabulary,Suffolk Constabulary,1.588048,52.207359,On or near Eastlands Road,E01030187,East Suffolk 019C,Criminal damage and arson,Unable to prosecute suspect,
977b572b794779f10f741aa857cfc67a5bec191ec52692d31a38bba671ec62a4,2026-03,Suffolk Constabulary,Suffolk Constabulary,1.581496,52.203816,On or near Seaward Avenue,E01030187,East Suffolk 019C,Other theft,Unable to prosecute suspect,
b22e05dd18aba9ce40989331d940ffe2d5c466a8a0f3cd9352a389a77a7bf4ea,2026-03,Suffolk Constabulary,Suffolk Constabulary,1.583101,52.223556,On or near Parking Area,E01030187,East Suffolk 019C,Public order,Investigation complete; no suspect identified,
98427d049ce445084e1ee06a0c7e2947a7ead1c3fbf481341d93020273c6353e,2026-03,Suffolk Constabulary,Suffolk Constabulary,1.583628,52.202474,On or near Quakers Way,E01030187,East Suffolk 019C,Violence and sexual offences,Under investigation,
bda2c217c9fe0d8be995d055812ec3c7f80d96dd1a067e2addcaa5e789cf8e73,2026-03,Suffolk Constabulary,Suffolk Constabulary,1.582898,52.205591,On or near Paxton Chadwick Close,E01030187,East Suffolk 019C,Violence and sexual offences,Unable to prosecute suspect,
44a2d4b44d030321f798e65df23d3de5b862884b503171766d803420507f8633,2026-03,Suffolk Constabulary,Suffolk Constabulary,1.583628,52.202474,On or near Quakers Way,E01030187,East Suffolk 019C,Violence and sexual offences,Action to be taken by another organisation,
ed49df5fdbd0518559c03c48abaaffd2880972ec28c5b068744eabcde1bde4b2,2026-03,Suffolk Constabulary,Suffolk Constabulary,1.581496,52.203816,On or near Seaward Avenue,E01030187,East Suffolk 019C,Violence and sexual offences,Action to be taken by another organisation,
ddb74188d6c272efedf617d1c69ae6482fb4ba8cf1d9652e796c440a70ee8f5b,2026-03,Suffolk Constabulary,Suffolk Constabulary,1.576864,52.207564,On or near B1122,E01030188,East Suffolk 019D,Bicycle theft,Unable to prosecute suspect,
cbb9ec235709c08ca0bf5b77e30ad73627025e1e80805eb0dad8700d63bf29fd,2026-03,Suffolk Constabulary,Suffolk Constabulary,1.579565,52.206375,On or near Urban Road,E01030188,East Suffolk 019D,Drugs,Local resolution,
7cf5f76b43d12df21474406f5ff21d61ffca71811cc0181e7f0c7735faf366a7,2026-03,Suffolk Constabulary,Suffolk Constabulary,1.574269,52.202785,On or near Friday'S Orchard,E01030188,East Suffolk 019D,Other theft,Investigation complete; no suspect identified,
ccc71a18a4402566a32f2ce456175327a5ab5d25e08366ca570a8900155d1b5c,2026-03,Suffolk Constabulary,Suffolk Constabulary,1.579565,52.206375,On or near Urban Road,E01030188,East Suffolk 019D,Shoplifting,Investigation complete; no suspect identified,
a6571735d0355e695bee76bb9d396f0299e087f07b468d2cf610b2d1a52513c4,2026-03,Suffolk Constabulary,Suffolk Constabulary,1.579565,52.206375,On or near Urban Road,E01030188,East Suffolk 019D,Shoplifting,Investigation complete; no suspect identified,
217a21d91b9c9922ec29824406d0b2e194773a65283df103d45eb127709f86ae,2026-03,Suffolk Constabulary,Suffolk Constabulary,1.577527,52.207984,On or near Parking Area,E01030188,East Suffolk 019D,Violence and sexual offences,Unable to prosecute suspect,
40cd208751c629c2110dd61d39011fbc631445d1f2de9fbf9c9cfb14c5de5ace,2026-03,Suffolk Constabulary,Suffolk Constabulary,1.577527,52.207984,On or near Parking Area,E01030188,East Suffolk 019D,Violence and sexual offences,Unable to prosecute suspect,
92460e82a0a0ee2d52dc37a4f2e9a6f8fc7be4d6050f918602deb182e950c7f5,2026-03,Suffolk Constabulary,Suffolk Constabulary,1.568428,52.207712,On or near B1119,E01030188,East Suffolk 019D,Violence and sexual offences,Unable to prosecute suspect,
ff6da2910350edde5bffc502d5b5a7e299d5855df07f9d76fcc4c37aaa0ab242,2026-03,Suffolk Constabulary,Suffolk Constabulary,1.580467,52.206492,On or near Parking Area,E01030188,East Suffolk 019D,Violence and sexual offences,Investigation complete; no suspect identified,
8c29625d958db50c6a9de14f5f915b8181699eb375ad85917bdd732819c88f54,2026-03,Suffolk Constabulary,Suffolk Constabulary,1.579565,52.206375,On or near Urban Road,E01030188,East Suffolk 019D,Violence and sexual offences,Under investigation,
,2026-03,Suffolk Constabulary,Suffolk Constabulary,1.565558,52.210339,On or near Sports/Recreation Area,E01030189,East Suffolk 019E,Anti-social behaviour,,
51a17e54f43765e269375890fae89e8e5ff554ef1e48baf11ab900ea000836fe,2026-03,Suffolk Constabulary,Suffolk Constabulary,1.563861,52.210107,On or near Farrow Close,E01030189,East Suffolk 019E,Burglary,Investigation complete; no suspect identified,
658547e2eabd9aa5c698dd2ee0f05408c973abe507d4d423cffb6bdb9f7b6607,2026-03,Suffolk Constabulary,Suffolk Constabulary,1.570065,52.210594,On or near Westward Ho,E01030189,East Suffolk 019E,Drugs,Unable to prosecute suspect,
5bcaf686ebfe6940ded8daf790c614d7ba28035f503fab0a0e6a645811e1a639,2026-03,Suffolk Constabulary,Suffolk Constabulary,1.570065,52.210594,On or near Westward Ho,E01030189,East Suffolk 019E,Other theft,Unable to prosecute suspect,
6db6e8ac5145ee0c515f5d11db6ad92208cbb511f7b22fe65951c99858a49222,2026-03,Suffolk Constabulary,Suffolk Constabulary,1.565558,52.210339,On or near Sports/Recreation Area,E01030189,East Suffolk 019E,Other theft,Investigation complete; no suspect identified,
f931c350276f34f23de56539a62acbdcaef0463fd1bd0d1e700f5691ad96121a,2026-03,Suffolk Constabulary,Suffolk Constabulary,1.574693,52.211501,On or near Sports/Recreation Area,E01030189,East Suffolk 019E,Other theft,Investigation complete; no suspect identified,
18ecfe7ddf687f229e9eb747e484f6f93f2869eb41ae7d88efb3338bf3b79e48,2026-03,Suffolk Constabulary,Suffolk Constabulary,1.563557,52.210332,On or near Harling Way,E01030189,East Suffolk 019E,Public order,Unable to prosecute suspect,
927cd20887d3a37978b9b5fae38fa5a547602d3261fcbed1fa77964714cf9cce,2026-03,Suffolk Constabulary,Suffolk Constabulary,1.563861,52.210107,On or near Farrow Close,E01030189,East Suffolk 019E,Violence and sexual offences,Unable to prosecute suspect,
a70753d179b11688f6de64d5ae4d77b926771fa7b3dc654467d3cc0453994893,2026-03,Suffolk Constabulary,Suffolk Constabulary,1.575689,52.208796,On or near Dinsdale Road,E01030189,East Suffolk 019E,Violence and sexual offences,Unable to prosecute suspect,
0c725644bc55fec68a3c302885e22ee4af97fa50e389774aa15231b6012176e1,2026-03,Suffolk Constabulary,Suffolk Constabulary,1.563861,52.210107,On or near Farrow Close,E01030189,East Suffolk 019E,Violence and sexual offences,Unable to prosecute suspect,
6c67dc6e583dcad3eb5a3617c332caf17677c1c8c66bbaba0d5dd568e7d76b35,2026-03,Suffolk Constabulary,Suffolk Constabulary,1.564382,52.210577,On or near Neale Close,E01030189,East Suffolk 019E,Violence and sexual offences,Action to be taken by another organisation,
c5fff7bf6cfb861f14095231a29f93c8e863fb12f8377f07c7489dd81af9c690,2026-03,Suffolk Constabulary,Suffolk Constabulary,1.574608,52.209557,On or near B1122,E01030189,East Suffolk 019E,Violence and sexual offences,Under investigation,
c3f8b23e28762175892d604fc3beb5c7b36373193ce584d9b6a0c5acfd3da49e,2026-03,Suffolk Constabulary,Suffolk Constabulary,1.565558,52.210339,On or near Sports/Recreation Area,E01030189,East Suffolk 019E,Violence and sexual offences,Unable to prosecute suspect,
e415f82799aa8e631a6f5f5cbfb96e5d33eee18480b6d35ab11e98ea7a41c5d7,2026-03,Suffolk Constabulary,Suffolk Constabulary,1.575689,52.208796,On or near Dinsdale Road,E01030189,East Suffolk 019E,Other crime,Further investigation is not in the public interest,
f4876675dc0abb5f47f4c21e0c921d48b4a4e7eb9713541ec916e6a18d2e0c85,2026-03,Suffolk Constabulary,Suffolk Constabulary,1.311180,52.106910,On or near Cale Road,E01030193,East Suffolk 020A,Drugs,Awaiting court outcome,
d6858a8528de13daba22d155bb73e6bb24021e6404db8f8b1f48593fd16bde9a,2026-03,Suffolk Constabulary,Suffolk Constabulary,1.311950,52.107257,On or near Murray Close,E01030193,East Suffolk 020A,Violence and sexual offences,Unable to prosecute suspect,
32cc304a5bb893125ed1b5707d38c9633ea4ec2b26f8af71643499f9bf494655,2026-03,Suffolk Constabulary,Suffolk Constabulary,1.340886,52.114670,On or near Upper Melton Terrace,E01030193,East Suffolk 020A,Violence and sexual offences,Investigation complete; no suspect identified,
99f2a5d0756d5a4dfc4232fc6c9af2676ad7639b2a06c676020b34ff542c9158,2026-03,Suffolk Constabulary,Suffolk Constabulary,1.311180,52.106910,On or near Cale Road,E01030193,East Suffolk 020A,Violence and sexual offences,Unable to prosecute suspect,
c6efaae32d1007d8bf17336a734a733aa57a681a27d56822699b088daf27f98e,2026-03,Suffolk Constabulary,Suffolk Constabulary,1.340886,52.114670,On or near Upper Melton Terrace,E01030193,East Suffolk 020A,Violence and sexual offences,Unable to prosecute suspect,
4db0418aca79a998a033b82d8c3c151d68cc7ba9cc9ca941ffc227878ab1b9ae,2026-03,Suffolk Constabulary,Suffolk Constabulary,1.312925,52.106609,On or near Lloyd Road,E01030193,East Suffolk 020A,Violence and sexual offences,Unable to prosecute suspect,
,2026-03,Suffolk Constabulary,Suffolk Constabulary,1.331596,52.105291,On or near Blakes Close,E01030194,East Suffolk 020B,Anti-social behaviour,,
21a5b55cdf9d2a66c1b7475309aeb039c7c93d1f389718365c88e266eaddbf20,2026-03,Suffolk Constabulary,Suffolk Constabulary,1.326691,52.107876,On or near Churchman Close,E01030194,East Suffolk 020B,Violence and sexual offences,Action to be taken by another organisation,
46fcc6eaf97cba997cffbd4d05f94ec208cc8d6f53dc38ab5f637c42d3269fcc,2026-03,Suffolk Constabulary,Suffolk Constabulary,1.327790,52.108124,On or near Manthorp Close,E01030194,East Suffolk 020B,Violence and sexual offences,Under investigation,
513bbabfeaa5c97bea32aa3e2ccc4ab9a8b433079ffb9d6cf1205913a6ac66e4,2026-03,Suffolk Constabulary,Suffolk Constabulary,1.328100,52.103069,On or near Melton Road,E01030195,East Suffolk 020C,Violence and sexual offences,Further investigation is not in the public interest,
58997f17d162b5c1cb2f8555beae5e6703b665fd2c3930e2e9e4bf0d89ef7255,2026-03,Suffolk Constabulary,Suffolk Constabulary,1.325224,52.106020,On or near Nightingale Close,E01030195,East Suffolk 020C,Violence and sexual offences,Under investigation,
b1a93d16d5a01c8e7e3b69402d612f4c32c0d249b50785dacb04c36dc7af5fa6,2026-03,Suffolk Constabulary,Suffolk Constabulary,1.364843,52.148931,On or near Morris Road,E01030220,East Suffolk 020D,Violence and sexual offences,Under investigation,
4f0138f65cb279775e8a967671da844ee87743696508254431547f8766532ff1,2026-03,Suffolk Constabulary,Suffolk Constabulary,1.363130,52.150855,On or near Supermarket,E01030220,East Suffolk 020D,Violence and sexual offences,Action to be taken by another organisation,
e84e768b2330a133cd8b7a2d492271ec4fddfdfcbf7d30b807010c55eb3b0b99,2026-03,Suffolk Constabulary,Suffolk Constabulary,1.364959,52.150474,On or near Chapel Lane,E01030220,East Suffolk 020D,Violence and sexual offences,Action to be taken by another organisation,
3e803126e98d804b87fc66e6821ead9867f841c1df7c9c88d23598cbf2927c20,2026-03,Suffolk Constabulary,Suffolk Constabulary,1.363130,52.150855,On or near Supermarket,E01030220,East Suffolk 020D,Violence and sexual offences,Action to be taken by another organisation,
27144a7b1f1869913affbd10df6b9fc2b1fcaf1df1664f4415cd94b546f4f341,2026-03,Suffolk Constabulary,Suffolk Constabulary,1.368052,52.155612,On or near King Edward Avenue,E01030220,East Suffolk 020D,Violence and sexual offences,Action to be taken by another organisation,
9076d8db3b732d773be50bc9e8002405e267ef11f1a3d4936dd9c5c535e53cfb,2026-03,Suffolk Constabulary,Suffolk Constabulary,1.358972,52.156392,On or near Simon'S Cross,E01030220,East Suffolk 020D,Violence and sexual offences,Unable to prosecute suspect,
,2026-03,Suffolk Constabulary,Suffolk Constabulary,1.245788,52.109566,On or near Alice Driver Road,E01030175,East Suffolk 021A,Anti-social behaviour,,
,2026-03,Suffolk Constabulary,Suffolk Constabulary,1.247926,52.087949,On or near Holly Close,E01030175,East Suffolk 021A,Anti-social behaviour,,
ad8d62b172d382cd9bf6e292ab1983505ccd64df93b7771353d1324241d94b10,2026-03,Suffolk Constabulary,Suffolk Constabulary,1.246970,52.107537,On or near Post Mill Crescent,E01030175,East Suffolk 021A,Vehicle crime,Investigation complete; no suspect identified,
af48c136ccc4fea38fa31c8f3cb11222fad621b182399e65f22e2f9e5c67520c,2026-03,Suffolk Constabulary,Suffolk Constabulary,1.244023,52.114022,On or near Cranworth Close,E01030175,East Suffolk 021A,Violence and sexual offences,Awaiting court outcome,
9538806830d5eb26ae0815aca249f6f13c689b069fe5148ca2abf4e129428871,2026-03,Suffolk Constabulary,Suffolk Constabulary,1.282548,52.139074,On or near Coakers Lane,E01030200,East Suffolk 021B,Other theft,Investigation complete; no suspect identified,
c75644ae4c8449ed185ab8570e5cb500bc179b78a7e1c758a2bb288dcaa51137,2026-03,Suffolk Constabulary,Suffolk Constabulary,1.308407,52.123114,On or near Glebe Road,E01030200,East Suffolk 021B,Violence and sexual offences,Under investigation,
,2026-03,Suffolk Constabulary,Suffolk Constabulary,1.186188,52.120601,On or near Weyland Road,E01030221,East Suffolk 021C,Anti-social behaviour,,
de9c6ee8f8e9b3482b710904eed875fb9df46294ba4e3851409d142980e324e2,2026-03,Suffolk Constabulary,Suffolk Constabulary,1.190388,52.107401,On or near Tuddenham Lane,E01030221,East Suffolk 021C,Criminal damage and arson,Action to be taken by another organisation,
9dfcd85da4397df3c8d10e6d9a889314a5ff7e935cd45a0d015bdd7744bcbb62,2026-03,Suffolk Constabulary,Suffolk Constabulary,1.186188,52.120601,On or near Weyland Road,E01030221,East Suffolk 021C,Violence and sexual offences,Action to be taken by another organisation,
0887a6a82985bffd2e926acee2dda622b7dcdbab019635873f92ee2604686898,2026-03,Suffolk Constabulary,Suffolk Constabulary,1.232786,52.085532,On or near Church Lane,E01030221,East Suffolk 021C,Violence and sexual offences,Unable to prosecute suspect,
886b2673383fa526e315452eee70590759f8a8b0c52eceb585151bef0a678d0d,2026-03,Suffolk Constabulary,Suffolk Constabulary,1.186188,52.120601,On or near Weyland Road,E01030221,East Suffolk 021C,Violence and sexual offences,Action to be taken by another organisation,
bd6d75a73b5d75beb9d7df5465368e7e8ae621d2a8d570c831a39de76f224223,2026-03,Suffolk Constabulary,Suffolk Constabulary,1.186188,52.120601,On or near Weyland Road,E01030221,East Suffolk 021C,Violence and sexual offences,Under investigation,
837ab59df56370634ded5c4b7dc25e23205982ed44f200163849e3258d321919,2026-03,Suffolk Constabulary,Suffolk Constabulary,1.186188,52.120601,On or near Weyland Road,E01030221,East Suffolk 021C,Violence and sexual offences,Action to be taken by another organisation,
a1b6302e6e83d75a937ba187f75d6e6a5ff33ba0ca6a53f93d53f620188c0bd8,2026-03,Suffolk Constabulary,Suffolk Constabulary,1.184931,52.104608,On or near Rose Hill,E01030221,East Suffolk 021C,Other crime,Under investigation,
9b8d3eb7f34b1348f0d7b535699ab7d68e9545255e1713793f336b69c7fc4fd6,2026-03,Suffolk Constabulary,Suffolk Constabulary,1.312082,52.101353,On or near Warwick Avenue,E01030155,East Suffolk 022A,Burglary,Under investigation,
72ee418c0f85fccba8e9c8fd9b89a096b40147e22f4693b634e4c7c001aeec07,2026-03,Suffolk Constabulary,Suffolk Constabulary,1.312082,52.101353,On or near Warwick Avenue,E01030155,East Suffolk 022A,Burglary,Under investigation,
c3e1688c10542e463e144e5e73fad31b0667ba8e86fae53447b8480ca0523f7b,2026-03,Suffolk Constabulary,Suffolk Constabulary,1.312004,52.103649,On or near Beresford Drive,E01030155,East Suffolk 022A,Criminal damage and arson,Unable to prosecute suspect,
58afd6fd46bbcdb8fbc00551cf839cb5dca4fc514cda747f9a8ec0c762bb6d28,2026-03,Suffolk Constabulary,Suffolk Constabulary,1.312082,52.101353,On or near Warwick Avenue,E01030155,East Suffolk 022A,Criminal damage and arson,Under investigation,
889417678ab9a0a982bf0a09119e3f26ac8f7d16dce3a314f2cf763181bb2ae8,2026-03,Suffolk Constabulary,Suffolk Constabulary,1.310382,52.104027,On or near Collingwood Road,E01030155,East Suffolk 022A,Possession of weapons,Local resolution,
23c6b50dc3013ec05dc20373e641f1d8802f8848dbc981eacc528488613e05d1,2026-03,Suffolk Constabulary,Suffolk Constabulary,1.301310,52.100252,On or near Tennyson Close,E01030155,East Suffolk 022A,Public order,Action to be taken by another organisation,
8d22778ff00f720b3f459c2c5188d760fbe974934d95f7757ffe8f9b3f92d56e,2026-03,Suffolk Constabulary,Suffolk Constabulary,1.312004,52.103649,On or near Beresford Drive,E01030155,East Suffolk 022A,Violence and sexual offences,Unable to prosecute suspect,
b329a5a22af72f82e4dcab00b43ab4501c4e6071506195967541f13dd54daea0,2026-03,Suffolk Constabulary,Suffolk Constabulary,1.300151,52.091677,On or near Churchill Close,E01030185,East Suffolk 022B,Drugs,Local resolution,
4de3bdc085a978efe2bf6d5b5e4b61a35903ccd12c7a32457809b3549fc0d1bd,2026-03,Suffolk Constabulary,Suffolk Constabulary,1.301557,52.091548,On or near Supermarket,E01030185,East Suffolk 022B,Other theft,Unable to prosecute suspect,
32d8efaa945afe02ea837de78f2eb40c9939fae72f0b82e1f2c0ce4fc65ab3c1,2026-03,Suffolk Constabulary,Suffolk Constabulary,1.301712,52.091868,On or near King'S Close,E01030185,East Suffolk 022B,Vehicle crime,Unable to prosecute suspect,
f13ea21458c0192269d0d9b4724ca490f4bc3f6e8316f0aee52142ec0b29822d,2026-03,Suffolk Constabulary,Suffolk Constabulary,1.301712,52.091868,On or near King'S Close,E01030185,East Suffolk 022B,Violence and sexual offences,Investigation complete; no suspect identified,
3a96b0f1ca527b72628385fb846422ae208bcf9f35961dc3eb91e5286ffa1ae3,2026-03,Suffolk Constabulary,Suffolk Constabulary,1.297989,52.097800,On or near Petrol Station,E01030185,East Suffolk 022B,Violence and sexual offences,Offender given a caution,
964b1bda43d8f79b95705720d4cb5a1cb49f3d5bbd46350c2c135c59120e955d,2026-03,Suffolk Constabulary,Suffolk Constabulary,1.299560,52.092575,On or near Downing Close,E01030185,East Suffolk 022B,Violence and sexual offences,Unable to prosecute suspect,
f1130cdf87887aeeaa34ef3dacb07e46317e29269f4165b8e55279a4eb912441,2026-03,Suffolk Constabulary,Suffolk Constabulary,1.300273,52.092942,On or near Pembroke Avenue,E01030185,East Suffolk 022B,Violence and sexual offences,Unable to prosecute suspect,
,2026-03,Suffolk Constabulary,Suffolk Constabulary,1.315794,52.089772,On or near Parking Area,E01030203,East Suffolk 022C,Anti-social behaviour,,
,2026-03,Suffolk Constabulary,Suffolk Constabulary,1.315794,52.089772,On or near Parking Area,E01030203,East Suffolk 022C,Anti-social behaviour,,
,2026-03,Suffolk Constabulary,Suffolk Constabulary,1.317308,52.090305,On or near Parking Area,E01030203,East Suffolk 022C,Anti-social behaviour,,
e79aaf9ec5c6699d122a6461892de87783d8d387b646cf7bab4bcf1c8ca13c44,2026-03,Suffolk Constabulary,Suffolk Constabulary,1.310559,52.088885,On or near Cherry Tree Road,E01030203,East Suffolk 022C,Criminal damage and arson,Investigation complete; no suspect identified,
e02a890df78ebc7174b13dd39c858324bc59355554ec8441dba5fdb61c7b0e20,2026-03,Suffolk Constabulary,Suffolk Constabulary,1.309607,52.093769,On or near Seckford Street,E01030203,East Suffolk 022C,Criminal damage and arson,Investigation complete; no suspect identified,
,2026-03,Suffolk Constabulary,Suffolk Constabulary,1.318321,52.091365,On or near Crown Place,E01030211,East Suffolk 022D,Anti-social behaviour,,
572f0c7f60237b2cf06f9790329af4bcae4387d2eb6c64856a7254a2a7825657,2026-03,Suffolk Constabulary,Suffolk Constabulary,1.312988,52.094069,On or near Market Hill,E01030211,East Suffolk 022D,Bicycle theft,Investigation complete; no suspect identified,
090bfd7d34f311f5697c53f291457551b0a5b1b59074c3b728cbd14c410bdcce,2026-03,Suffolk Constabulary,Suffolk Constabulary,1.315572,52.092495,On or near Bakers Lane,E01030211,East Suffolk 022D,Other theft,Unable to prosecute suspect,
c0192cd2bdb41116c36bbb66ad4b256f02bfb72473478b67439c840d8a163282,2026-03,Suffolk Constabulary,Suffolk Constabulary,1.319548,52.092742,On or near Parking Area,E01030211,East Suffolk 022D,Shoplifting,Investigation complete; no suspect identified,
28632c0e2ba535ba355e5174307366b8b7b8d86e4ad9d67dfc209a310b129cc7,2026-03,Suffolk Constabulary,Suffolk Constabulary,1.318614,52.095899,On or near Beaconsfield Road,E01030211,East Suffolk 022D,Violence and sexual offences,Unable to prosecute suspect,
4a9b4f8909d70e88c4a625f1e5bfe1d3a7a0042ffb66e545e333f6cb3dad562b,2026-03,Suffolk Constabulary,Suffolk Constabulary,1.313046,52.096235,On or near Lockwood Close,E01030211,East Suffolk 022D,Violence and sexual offences,Investigation complete; no suspect identified,
26a04e0054c8055f93ee75e8f3579fc582ff6d39b27afc0ca2b57a71eb172dc4,2026-03,Suffolk Constabulary,Suffolk Constabulary,1.532036,52.093721,On or near Castle Hill,E01030199,East Suffolk 023A,Criminal damage and arson,Investigation complete; no suspect identified,
bbba396d482afbe13b207772d114aa0d0c901acaa6602f980f2af842d383e091,2026-03,Suffolk Constabulary,Suffolk Constabulary,1.467216,52.141357,On or near Mill Lane,E01030199,East Suffolk 023A,Criminal damage and arson,Investigation complete; no suspect identified,
3b2e633f208e765765d0570806d55f2917c6240faf362d9f291990abb742c31c,2026-03,Suffolk Constabulary,Suffolk Constabulary,1.534753,52.097795,On or near Ferry Road,E01030199,East Suffolk 023A,Public order,Unable to prosecute suspect,
1e09dea0f5f239dee616f60fbd23a1367f812eda3dcb3c0199528ef3dbd439e3,2026-03,Suffolk Constabulary,Suffolk Constabulary,1.525042,52.121679,On or near Bullace Lane,E01030199,East Suffolk 023A,Violence and sexual offences,Unable to prosecute suspect,
7e523d29aee7a272a6de0afc5d7208704f18370d29777723ccb7cf929e6cc5c0,2026-03,Suffolk Constabulary,Suffolk Constabulary,1.389531,52.081107,On or near Firebrass Lane,E01033443,East Suffolk 023B,Other theft,Investigation complete; no suspect identified,
24fa44376918ffcc9c3caa1c32b6d3ba774edcc4d07273d856a0add05e3a6c43,2026-03,Suffolk Constabulary,Suffolk Constabulary,1.379633,52.083622,On or near Framlingham Close,E01033443,East Suffolk 023B,Violence and sexual offences,Unable to prosecute suspect,
35539150926c3bc64692d8631a417d82ec511977d09136164d7aabc7b68621ef,2026-03,Suffolk Constabulary,Suffolk Constabulary,1.392343,52.080846,On or near Mear Close,E01033443,East Suffolk 023B,Violence and sexual offences,Unable to prosecute suspect,
,2026-03,Suffolk Constabulary,Suffolk Constabulary,1.415859,52.129321,On or near Forest Gardens,E01033445,East Suffolk 023C,Anti-social behaviour,,
,2026-03,Suffolk Constabulary,Suffolk Constabulary,1.415859,52.129321,On or near Forest Gardens,E01033445,East Suffolk 023C,Anti-social behaviour,,
,2026-03,Suffolk Constabulary,Suffolk Constabulary,1.407722,52.125149,On or near Abbey Close,E01033445,East Suffolk 023C,Anti-social behaviour,,
,2026-03,Suffolk Constabulary,Suffolk Constabulary,1.416119,52.127371,On or near Pine Close,E01033445,East Suffolk 023C,Anti-social behaviour,,
,2026-03,Suffolk Constabulary,Suffolk Constabulary,1.422337,52.129933,On or near Hazel Close,E01033445,East Suffolk 023C,Anti-social behaviour,,
e28e26a255debd4bb0cdb0e9eedb0aa862bd4c2c50b8dd5edf2f8fd497beefdd,2026-03,Suffolk Constabulary,Suffolk Constabulary,1.416414,52.128172,On or near Willow Way,E01033445,East Suffolk 023C,Criminal damage and arson,Local resolution,
c67a817dbbb66f73b59b4fa9c16f26df453f605955f2f461ce5aa510851ea2c5,2026-03,Suffolk Constabulary,Suffolk Constabulary,1.421736,52.130670,On or near Chestnut Close,E01033445,East Suffolk 023C,Criminal damage and arson,Investigation complete; no suspect identified,
9bc73bd7c83b3f817647436f182cfebf28ca8e77243bbf2bbe9b3b6ec752b9d9,2026-03,Suffolk Constabulary,Suffolk Constabulary,1.412987,52.125968,On or near Welburn Close,E01033445,East Suffolk 023C,Violence and sexual offences,Investigation complete; no suspect identified,
,2026-03,Suffolk Constabulary,Suffolk Constabulary,1.432928,52.084275,On or near Parking Area,E01033446,East Suffolk 023D,Anti-social behaviour,,
,2026-03,Suffolk Constabulary,Suffolk Constabulary,1.432928,52.084275,On or near Parking Area,E01033446,East Suffolk 023D,Anti-social behaviour,,
6a8a8edd1053c4ee1225ab7a011e1ac7f361eeb6161de59666ef222de0688601,2026-03,Suffolk Constabulary,Suffolk Constabulary,1.484238,52.116543,On or near Mill Lane,E01033446,East Suffolk 023D,Burglary,Investigation complete; no suspect identified,
9096c3bf0241fb21ab94b47cb3667cb27692c74221dcfa3d519da9beb00566fd,2026-03,Suffolk Constabulary,Suffolk Constabulary,1.463797,52.099211,On or near Church Road,E01033446,East Suffolk 023D,Other theft,Investigation complete; no suspect identified,
f57cd95ef0118bfb57bc189ed652b3901919f2423fc476be868112ab76a99233,2026-03,Suffolk Constabulary,Suffolk Constabulary,1.431044,52.053065,On or near Gorselands,E01033446,East Suffolk 023D,Other theft,Investigation complete; no suspect identified,
9ce0d86d7c074606eba14ec91dbddbc372d623b9609aaa1eb1e3d4b067c59538,2026-03,Suffolk Constabulary,Suffolk Constabulary,1.454207,52.058023,On or near Sports/Recreation Area,E01033446,East Suffolk 023D,Other theft,Investigation complete; no suspect identified,
a9befb1e7b94b9a6574cda0b447f899330942820c6e2bb449e8f18e79ef24618,2026-03,Suffolk Constabulary,Suffolk Constabulary,1.431044,52.053065,On or near Gorselands,E01033446,East Suffolk 023D,Other theft,Investigation complete; no suspect identified,
33e003c6bd3cd73c271ea92c4e0dceb2ef3733eb5cc25492f443c69174951498,2026-03,Suffolk Constabulary,Suffolk Constabulary,1.454207,52.058023,On or near Sports/Recreation Area,E01033446,East Suffolk 023D,Violence and sexual offences,Unable to prosecute suspect,
b4caa96a5e990f4616a8b4dbcfb771a8a16012113001a3ae8ce40acfdc374e46,2026-03,Suffolk Constabulary,Suffolk Constabulary,1.436047,52.051156,On or near Rectory Road,E01033446,East Suffolk 023D,Violence and sexual offences,Under investigation,
297e0c79a083abab1a4adade14ccc8f87dced2b9a91cedb2f3f437e89ed38caf,2026-03,Suffolk Constabulary,Suffolk Constabulary,1.454207,52.058023,On or near Sports/Recreation Area,E01033446,East Suffolk 023D,Other crime,Action to be taken by another organisation,
0582b307d00bdd66ecea347445284f32de7bb06dd5fc704ecbb4a224ca0994f6,2026-03,Suffolk Constabulary,Suffolk Constabulary,1.454207,52.058023,On or near Sports/Recreation Area,E01033446,East Suffolk 023D,Other crime,Under investigation,
2fefc335698e15f77e169bdf88a33ddb867a2fef4c2a73c1fc7ad34eeabb0041,2026-03,Suffolk Constabulary,Suffolk Constabulary,1.362343,52.068035,On or near Methersgate Hall Drive,E01033448,East Suffolk 023E,Burglary,Under investigation,
eed1e31f0c2fd839bab93d976f3c1da283a8ff0d73c70623c5dd1a9e2f3cef28,2026-03,Suffolk Constabulary,Suffolk Constabulary,1.362343,52.068035,On or near Methersgate Hall Drive,E01033448,East Suffolk 023E,Other theft,Investigation complete; no suspect identified,
87edfcda5774de4b117928b398938d860e4ee81de382adf3a312a62764c03699,2026-03,Suffolk Constabulary,Suffolk Constabulary,1.367908,52.063244,On or near Old Post Office Lane,E01033448,East Suffolk 023E,Vehicle crime,Under investigation,
,2026-03,Suffolk Constabulary,Suffolk Constabulary,1.411676,52.130234,On or near Mayhew Road,E01033449,East Suffolk 023F,Anti-social behaviour,,
,2026-03,Suffolk Constabulary,Suffolk Constabulary,1.411676,52.130234,On or near Mayhew Road,E01033449,East Suffolk 023F,Anti-social behaviour,,
a1fac29df30d0899190480742ea936226cd5bc18918a366aecffaef35174ce2a,2026-03,Suffolk Constabulary,Suffolk Constabulary,1.395413,52.149286,On or near Ullswater Road,E01033449,East Suffolk 023F,Violence and sexual offences,Unable to prosecute suspect,
e40772efc23e5ad9279fa451cc484f87991830d9b3eb123d6603547726409806,2026-03,Suffolk Constabulary,Suffolk Constabulary,1.422341,52.132281,On or near Redwald Road,E01033449,East Suffolk 023F,Violence and sexual offences,Unable to prosecute suspect,
c9d4010861fd3c0bc29ce50a76451ca0ea146c8855986d99548b36aa3633f748,2026-03,Suffolk Constabulary,Suffolk Constabulary,1.411676,52.130234,On or near Mayhew Road,E01033449,East Suffolk 023F,Violence and sexual offences,Unable to prosecute suspect,
e6c47b2a82c9fcab0d35a962ad2e04d1d3710c826b54c681f8ec01a3add65f44,2026-03,Suffolk Constabulary,Suffolk Constabulary,1.249248,52.063340,On or near Stewart Young Grove,E01030179,East Suffolk 024A,Violence and sexual offences,Under investigation,
22c97b3e07aaf1e4945acb2245c78eeecb1c7dee5a98cf7585ea4af9130b8baf,2026-03,Suffolk Constabulary,Suffolk Constabulary,1.235920,52.058842,On or near Baird Grove,E01030179,East Suffolk 024A,Violence and sexual offences,Unable to prosecute suspect,
5f103e4489fbdc3cbf2ebb1b2aad92b5f5ac3ca9a679967481cdbdded0fc89f5,2026-03,Suffolk Constabulary,Suffolk Constabulary,1.240660,52.060213,On or near Butler Smith Gardens,E01030180,East Suffolk 024B,Violence and sexual offences,Action to be taken by another organisation,
,2026-03,Suffolk Constabulary,Suffolk Constabulary,1.227644,52.062837,On or near Edmonton Road,E01030183,East Suffolk 024C,Anti-social behaviour,,
a55ba00b6bbbbe99f851965e16e0318d5910703cb4b721b2d56785b9a11e5382,2026-03,Suffolk Constabulary,Suffolk Constabulary,1.230260,52.057846,On or near Helston Close,E01030183,East Suffolk 024C,Shoplifting,Under investigation,
f42ab7aa4dcc4d3be77b56db11ef787cdfc6b7c2cd72a6f7f00daec26d6e5b60,2026-03,Suffolk Constabulary,Suffolk Constabulary,1.221732,52.062405,On or near Histon Close,E01030183,East Suffolk 024C,Violence and sexual offences,Under investigation,
54931ec22f759f4da1d2e46fbe678cbca80c2035882364cb37213031c96f1df9,2026-03,Suffolk Constabulary,Suffolk Constabulary,1.221732,52.062405,On or near Histon Close,E01030183,East Suffolk 024C,Violence and sexual offences,Unable to prosecute suspect,
9571abd408429ecf7550d8b9caca23d7e706456a48fc92530e7f28d308ab16bd,2026-03,Suffolk Constabulary,Suffolk Constabulary,1.225187,52.057094,On or near Truro Crescent,E01030183,East Suffolk 024C,Violence and sexual offences,Unable to prosecute suspect,
932c3581fabaf67481b60e26665b4617336548a253b4836fe35f001274615c4c,2026-03,Suffolk Constabulary,Suffolk Constabulary,1.223438,52.057115,On or near Bodmin Close,E01030183,East Suffolk 024C,Violence and sexual offences,Unable to prosecute suspect,
,2026-03,Suffolk Constabulary,Suffolk Constabulary,1.232065,52.061825,On or near Michigan Close,E01030184,East Suffolk 024D,Anti-social behaviour,,
81ed9dea8179a0b79e178642b590774ba64ca625c8fee598e6cf1469d5a63fda,2026-03,Suffolk Constabulary,Suffolk Constabulary,1.232065,52.061825,On or near Michigan Close,E01030184,East Suffolk 024D,Other theft,Under investigation,
54424bb65067779971a3de77591a26742754fe5752c4f5f39eabdd0551a004c6,2026-03,Suffolk Constabulary,Suffolk Constabulary,1.230641,52.056657,On or near Ranulph Close,E01030184,East Suffolk 024D,Violence and sexual offences,Action to be taken by another organisation,
d74e55c2ace8ee7db4d7cf364edcd1a6c654b303b5fc675739789b5d941179ec,2026-03,Suffolk Constabulary,Suffolk Constabulary,1.238087,52.060959,On or near Mead Drive,E01030184,East Suffolk 024D,Violence and sexual offences,Under investigation,
,2026-03,Suffolk Constabulary,Suffolk Constabulary,1.215278,52.073312,On or near Playford Lane,E01030207,East Suffolk 024E,Anti-social behaviour,,
24f38bfc13b28b14d99dbaf31248669d09b1d0b6d87dd38f1f6c09d4ef4ae6a5,2026-03,Suffolk Constabulary,Suffolk Constabulary,1.212922,52.071397,On or near Hazelnut Close,E01030207,East Suffolk 024E,Other theft,Investigation complete; no suspect identified,
dcf8a5500520e6861f52f4635bb373fa5288c96e1af65e64030900869d1fe2e0,2026-03,Suffolk Constabulary,Suffolk Constabulary,1.215278,52.073312,On or near Playford Lane,E01030207,East Suffolk 024E,Violence and sexual offences,Unable to prosecute suspect,
6066f2284b74a69965e118cef8809157889f41962fbf369219f4a9603563d316,2026-03,Suffolk Constabulary,Suffolk Constabulary,1.202074,52.069103,On or near St Andrew'S Church Close,E01030207,East Suffolk 024E,Violence and sexual offences,Unable to prosecute suspect,
691e0e0babef22a7154e975e10f251f659d53a3f8869fc9d0abde63b8992dff9,2026-03,Suffolk Constabulary,Suffolk Constabulary,1.216078,52.062515,On or near Beech Grove,E01030207,East Suffolk 024E,Violence and sexual offences,Under investigation,
7600dde859721634bfe7e867225fb9dc89369e8923d3bf912c56885b9f05f5b3,2026-03,Suffolk Constabulary,Suffolk Constabulary,1.215278,52.073312,On or near Playford Lane,E01030207,East Suffolk 024E,Violence and sexual offences,Unable to prosecute suspect,
7999ad7f48561a2420feac87a0410290a65711c8f14773c53681cfda753ca443,2026-03,Suffolk Constabulary,Suffolk Constabulary,1.201801,52.067527,On or near Rushmere Street,E01030207,East Suffolk 024E,Violence and sexual offences,Under investigation,
eb76e3d8e3ecf6feed44a2db12facfaa6630cbf382fb7289658f78a2b0128da8,2026-03,Suffolk Constabulary,Suffolk Constabulary,1.219208,52.059363,On or near Quantock Close,E01030207,East Suffolk 024E,Violence and sexual offences,Action to be taken by another organisation,
166028e9bd104eba5792aa45499929fcc33dbc4df45d24a63c865af53fb193a0,2026-03,Suffolk Constabulary,Suffolk Constabulary,1.252411,52.063901,On or near Fletchers Lane,E01030181,East Suffolk 025A,Violence and sexual offences,Under investigation,
6ae7af8f7ddb32dd2d6ebde271c65393a0b9054d0544e8c9fb5b32b1b48e6771,2026-03,Suffolk Constabulary,Suffolk Constabulary,1.252505,52.060975,On or near Randall Close,E01030181,East Suffolk 025A,Violence and sexual offences,Unable to prosecute suspect,
,2026-03,Suffolk Constabulary,Suffolk Constabulary,1.283361,52.077396,On or near Redwold Close,E01030190,East Suffolk 025B,Anti-social behaviour,,
,2026-03,Suffolk Constabulary,Suffolk Constabulary,1.283361,52.077396,On or near Redwold Close,E01030190,East Suffolk 025B,Anti-social behaviour,,
,2026-03,Suffolk Constabulary,Suffolk Constabulary,1.275753,52.068794,On or near Skylark Drive,E01030190,East Suffolk 025B,Anti-social behaviour,,
,2026-03,Suffolk Constabulary,Suffolk Constabulary,1.278141,52.066613,On or near Supermarket,E01030190,East Suffolk 025B,Anti-social behaviour,,
,2026-03,Suffolk Constabulary,Suffolk Constabulary,1.278141,52.066613,On or near Supermarket,E01030190,East Suffolk 025B,Anti-social behaviour,,
52956bf3d112fbe8268efd38c0b92f16a392ea5677509da7e410ebb16056f1fb,2026-03,Suffolk Constabulary,Suffolk Constabulary,1.270960,52.071104,On or near Carol Avenue,E01030190,East Suffolk 025B,Criminal damage and arson,Local resolution,
a30ff5c5a97e5a3d23139203757aaa213cdf5885b3f91b6af39bc4f94fa4d1b3,2026-03,Suffolk Constabulary,Suffolk Constabulary,1.270960,52.071104,On or near Carol Avenue,E01030190,East Suffolk 025B,Criminal damage and arson,Unable to prosecute suspect,
af874cdb9159f80e9be2ce2a5c086fd70faee0681bc09b269af7adf87fdf5a66,2026-03,Suffolk Constabulary,Suffolk Constabulary,1.270960,52.071104,On or near Carol Avenue,E01030190,East Suffolk 025B,Drugs,Under investigation,
ad5f61ae6a0ac89e083aaab0d299bf026c21d4d5e68eb68079683adc9375b973,2026-03,Suffolk Constabulary,Suffolk Constabulary,1.270960,52.071104,On or near Carol Avenue,E01030190,East Suffolk 025B,Possession of weapons,Under investigation,
37bad5d91ea3982f202df0d93d91b3184b67fc058268b246da2fe6016032453e,2026-03,Suffolk Constabulary,Suffolk Constabulary,1.285243,52.063286,On or near Lugano Avenue,E01030190,East Suffolk 025B,Violence and sexual offences,Action to be taken by another organisation,
077f25315a4a8c18af3e56189b1fa3b65437ba4234c653f22727245e65deb1ca,2026-03,Suffolk Constabulary,Suffolk Constabulary,1.279275,52.079012,On or near Bealings Road,E01030190,East Suffolk 025B,Violence and sexual offences,Under investigation,
de353eb350595cd08d8dce01b42333016af562dc9040a8485ea3bbd18a27ad33,2026-03,Suffolk Constabulary,Suffolk Constabulary,1.283017,52.074105,On or near Holfen Close,E01030190,East Suffolk 025B,Violence and sexual offences,Investigation complete; no suspect identified,
1a6ba1810435d49ff994afe568c223d93a782c2b6c40da821199ef4afd68e13e,2026-03,Suffolk Constabulary,Suffolk Constabulary,1.272534,52.065690,On or near The Paddocks,E01030191,East Suffolk 025C,Criminal damage and arson,Awaiting court outcome,
525043e4f62dd3fc60c4d5c89b57191ab4cab13f9b5418626d9279955aa9787b,2026-03,Suffolk Constabulary,Suffolk Constabulary,1.270953,52.065420,On or near Peel Yard,E01030191,East Suffolk 025C,Criminal damage and arson,Investigation complete; no suspect identified,
cc6d8dffce52be0fa84d2322874c973116e2d5ae6be63a7b168781358e63cd1b,2026-03,Suffolk Constabulary,Suffolk Constabulary,1.273370,52.061161,On or near Parking Area,E01030191,East Suffolk 025C,Drugs,Local resolution,
92bf051d2e11a09261308e3ae45e17e5c6b689b9766d0004a959c38f67027218,2026-03,Suffolk Constabulary,Suffolk Constabulary,1.272534,52.065690,On or near The Paddocks,E01030191,East Suffolk 025C,Other theft,Investigation complete; no suspect identified,
c92466a397bfd4fa7b124994c7fb82b1ac497583141976e64b1a2f46f4d79cb5,2026-03,Suffolk Constabulary,Suffolk Constabulary,1.270953,52.065420,On or near Peel Yard,E01030191,East Suffolk 025C,Other theft,Investigation complete; no suspect identified,
8935b846a775b17f842f9cdeb3403ff8167e9a666a0d99451fdac8d07390faf4,2026-03,Suffolk Constabulary,Suffolk Constabulary,1.270953,52.065420,On or near Peel Yard,E01030191,East Suffolk 025C,Possession of weapons,Under investigation,
48c1a282f3456be0127d95d6989956978f47fa22216982477b807483d3804c85,2026-03,Suffolk Constabulary,Suffolk Constabulary,1.278144,52.063987,On or near Martinsyde,E01030191,East Suffolk 025C,Shoplifting,Investigation complete; no suspect identified,
b2ede390913d0f4087627697ec20969cbf51ab43a6c0dd5a8d6e80a39e8104ed,2026-03,Suffolk Constabulary,Suffolk Constabulary,1.278144,52.063987,On or near Martinsyde,E01030191,East Suffolk 025C,Shoplifting,Local resolution,
9826588539c683637125e217995e32b71576043e8150a91176b5c888c055ffec,2026-03,Suffolk Constabulary,Suffolk Constabulary,1.278144,52.063987,On or near Martinsyde,E01030191,East Suffolk 025C,Shoplifting,Investigation complete; no suspect identified,
72ee5a30eb22ffd23f0a867d0ed6b48cdaf8677bab244ba0dd9d49e87527b663,2026-03,Suffolk Constabulary,Suffolk Constabulary,1.278144,52.063987,On or near Martinsyde,E01030191,East Suffolk 025C,Shoplifting,Under investigation,
a90e16fb1d85a0e4934a3d5a8f131488ec8b744a100681693bc411525fdd91fb,2026-03,Suffolk Constabulary,Suffolk Constabulary,1.278144,52.063987,On or near Martinsyde,E01030191,East Suffolk 025C,Shoplifting,Investigation complete; no suspect identified,
ef8bed0e08298aff071c6227d18f67aea255a6d435407309c09a0d2bb1805c59,2026-03,Suffolk Constabulary,Suffolk Constabulary,1.272534,52.065690,On or near The Paddocks,E01030191,East Suffolk 025C,Violence and sexual offences,Under investigation,
8e528f32240a997cfcf0aa727f2ebd63d6ebd8726184ec6edb7fae868c337c9a,2026-03,Suffolk Constabulary,Suffolk Constabulary,1.278144,52.063987,On or near Martinsyde,E01030191,East Suffolk 025C,Violence and sexual offences,Action to be taken by another organisation,
202a32427b908666cb62e36441ce9132ee54f5ee9f6ba0ceb79d5a554b05fe61,2026-03,Suffolk Constabulary,Suffolk Constabulary,1.272534,52.065690,On or near The Paddocks,E01030191,East Suffolk 025C,Violence and sexual offences,Awaiting court outcome,
e3a14151ac79302a036a4998d447e09ec5a2b58a278a617cf8c878c3c02930f2,2026-03,Suffolk Constabulary,Suffolk Constabulary,1.272534,52.065690,On or near The Paddocks,E01030191,East Suffolk 025C,Violence and sexual offences,Investigation complete; no suspect identified,
2ff32ac61039b399b33ae49071ebe49efd3faf1508d438b6f571e865a95580aa,2026-03,Suffolk Constabulary,Suffolk Constabulary,1.270953,52.065420,On or near Peel Yard,E01030191,East Suffolk 025C,Violence and sexual offences,Under investigation,
faf97a7f295684361f908d2ee6946129e9387965f1c5b9105f9b8ddf52d418b3,2026-03,Suffolk Constabulary,Suffolk Constabulary,1.270953,52.065420,On or near Peel Yard,E01030191,East Suffolk 025C,Violence and sexual offences,Investigation complete; no suspect identified,
52a2769e309de5d0da4155ba2c07f5e2fa74cd3802c224b2d97ef67697625915,2026-03,Suffolk Constabulary,Suffolk Constabulary,1.270953,52.065420,On or near Peel Yard,E01030191,East Suffolk 025C,Violence and sexual offences,Unable to prosecute suspect,
e081bbecc1fdde2d6c2e6a1c427ed3fe65494236823b38643ca80f5af6219ca6,2026-03,Suffolk Constabulary,Suffolk Constabulary,1.270953,52.065420,On or near Peel Yard,E01030191,East Suffolk 025C,Violence and sexual offences,Unable to prosecute suspect,
981def977518663e77f103478c298aedb4fa3bb1bc522ed62e337f32f374cb21,2026-03,Suffolk Constabulary,Suffolk Constabulary,1.270953,52.065420,On or near Peel Yard,E01030191,East Suffolk 025C,Violence and sexual offences,Investigation complete; no suspect identified,
a04e55da36f4906d58b94fdf677c7c487610fad62c08f049bec9a905acd9dc59,2026-03,Suffolk Constabulary,Suffolk Constabulary,1.270953,52.065420,On or near Peel Yard,E01030191,East Suffolk 025C,Violence and sexual offences,Unable to prosecute suspect,
2bebf14265b7730f64318b30edc7a5a6a2d137c2596c4aa44d60e071c69fdc1b,2026-03,Suffolk Constabulary,Suffolk Constabulary,1.270953,52.065420,On or near Peel Yard,E01030191,East Suffolk 025C,Violence and sexual offences,Under investigation,
96980414cd2d3d40a94f8224d85fd70f2c2d6c0c4d5a1dc85fcd9301a698e254,2026-03,Suffolk Constabulary,Suffolk Constabulary,1.270953,52.065420,On or near Peel Yard,E01030191,East Suffolk 025C,Violence and sexual offences,Under investigation,
cb121a1b275a9498b0e3f59554815bb70e619494bdf7ef747b38a639aaabd93a,2026-03,Suffolk Constabulary,Suffolk Constabulary,1.270953,52.065420,On or near Peel Yard,E01030191,East Suffolk 025C,Other crime,Investigation complete; no suspect identified,
6ce92ea9d00d970b4801dfe14e769fd29043e7f3e1ec609c7b875eb35b54cd96,2026-03,Suffolk Constabulary,Suffolk Constabulary,1.272534,52.065690,On or near The Paddocks,E01030191,East Suffolk 025C,Other crime,Under investigation,
5515499e2b61cb1fff3a7802908f9f5f3bf6e855bc7dbdfd9acb9e316002f008,2026-03,Suffolk Constabulary,Suffolk Constabulary,1.270953,52.065420,On or near Peel Yard,E01030191,East Suffolk 025C,Other crime,Awaiting court outcome,
84bd0c603fe0ee1ab93a21e01b9644e20e2ee840552516c0abacef8869d3fc2d,2026-03,Suffolk Constabulary,Suffolk Constabulary,1.270953,52.065420,On or near Peel Yard,E01030191,East Suffolk 025C,Other crime,Further investigation is not in the public interest,
a13ff112e3b99fddcf3d853f08b894a09b9e7eda51528782e32be2fe1caedba4,2026-03,Suffolk Constabulary,Suffolk Constabulary,1.270953,52.065420,On or near Peel Yard,E01030191,East Suffolk 025C,Other crime,Under investigation,
af98f13b5392cf8ed3b1e34c088469472a372a7e0fcc0487e450a200745c9bb4,2026-03,Suffolk Constabulary,Suffolk Constabulary,1.270953,52.065420,On or near Peel Yard,E01030191,East Suffolk 025C,Other crime,Awaiting court outcome,
3bb1daddb6a1c01033da4172210a9094bcabf34fa5a129d448ccd1184a2a8a3f,2026-03,Suffolk Constabulary,Suffolk Constabulary,1.272534,52.065690,On or near The Paddocks,E01030191,East Suffolk 025C,Other crime,Further investigation is not in the public interest,
2f28a1797f70ea623c5c85111922768153730cb9b07f8bab8774c422f59803fb,2026-03,Suffolk Constabulary,Suffolk Constabulary,1.270953,52.065420,On or near Peel Yard,E01030191,East Suffolk 025C,Other crime,Under investigation,
fa573dd0c71bad853762ebc772acedcdada80e8e07cd2a5413687a3a9cbecb36,2026-03,Suffolk Constabulary,Suffolk Constabulary,1.270953,52.065420,On or near Peel Yard,E01030191,East Suffolk 025C,Other crime,Under investigation,
fa9287e10817c8b66cdd03f9ff5baf7fb724fc37f1766c726b1f32f60d201ef0,2026-03,Suffolk Constabulary,Suffolk Constabulary,1.270953,52.065420,On or near Peel Yard,E01030191,East Suffolk 025C,Other crime,Further investigation is not in the public interest,
5d4db464e553735eca50f46322dd3c6660f40c6877456e1197b5eb6de80be92a,2026-03,Suffolk Constabulary,Suffolk Constabulary,1.270953,52.065420,On or near Peel Yard,E01030191,East Suffolk 025C,Other crime,Under investigation,
8030354844ffb64027fe03c77a6ce495b41c4319d6925908e98247cdee44ab44,2026-03,Suffolk Constabulary,Suffolk Constabulary,1.270953,52.065420,On or near Peel Yard,E01030191,East Suffolk 025C,Other crime,Under investigation,
ec9871237e53236a4f66d7a9a147824f00fcb07270ad563d8eb356d8aed4ceaf,2026-03,Suffolk Constabulary,Suffolk Constabulary,1.270953,52.065420,On or near Peel Yard,E01030191,East Suffolk 025C,Other crime,Under investigation,
3008ea8502a8fa1ac45921769a68c2128ef824b2cab6bd04664c8ec179d3038e,2026-03,Suffolk Constabulary,Suffolk Constabulary,1.265183,52.057143,On or near Harvesters Way,E01030192,East Suffolk 025D,Theft from the person,Action to be taken by another organisation,
8a020520c40ed6d9e416ece36d6711de55381d99cc4b15505149231eabd315d7,2026-03,Suffolk Constabulary,Suffolk Constabulary,1.256788,52.062287,On or near Haskins Walk,E01033442,East Suffolk 025F,Other theft,Investigation complete; no suspect identified,
4bf2c1b5df4cb464780473fc8c75d7e141916f44bbc13a94922f5f126561ca61,2026-03,Suffolk Constabulary,Suffolk Constabulary,1.259085,52.061773,On or near Turing Court,E01033442,East Suffolk 025F,Other crime,Unable to prosecute suspect,
744d4780caba59395ebccffdd0f43e992a9887808e0c097e9180e4bd607e26f0,2026-03,Suffolk Constabulary,Suffolk Constabulary,1.247755,52.058255,On or near Pepper Place,E01033444,East Suffolk 025G,Violence and sexual offences,Under investigation,
2001a23aea9180e6c9938ce1b0e8923d11c06b6d4f2e53dc16b0c143710facf5,2026-03,Suffolk Constabulary,Suffolk Constabulary,1.259291,52.065392,On or near Stephen Road,E01033447,East Suffolk 025H,Violence and sexual offences,Unable to prosecute suspect,
ca53cb0d5b77af360bab9d3cd8729b8dfb1e841d734b00580dafe57a0069f5ae,2026-03,Suffolk Constabulary,Suffolk Constabulary,1.205651,52.036528,On or near Supermarket,E01030196,East Suffolk 026A,Shoplifting,Local resolution,
3646f9d7fca8302d90173cfde35521ac7cfd3e8f24cd99a70e7e952865f2757d,2026-03,Suffolk Constabulary,Suffolk Constabulary,1.205651,52.036528,On or near Supermarket,E01030196,East Suffolk 026A,Shoplifting,Awaiting court outcome,
d47a0a6bda88cd426a5fd40baaf3fa78b3b565b013ab61f08c4a7166e56d54bd,2026-03,Suffolk Constabulary,Suffolk Constabulary,1.205651,52.036528,On or near Supermarket,E01030196,East Suffolk 026A,Shoplifting,Investigation complete; no suspect identified,
561d9f3f42537af41ce680eb4b37568ce80263eb93e9364ee3babd782fa26064,2026-03,Suffolk Constabulary,Suffolk Constabulary,1.205651,52.036528,On or near Supermarket,E01030196,East Suffolk 026A,Shoplifting,Awaiting court outcome,
15256a4191d83dec72e0963a1ae48e36d6061e13a29e5ed6a5a362fd987cce76,2026-03,Suffolk Constabulary,Suffolk Constabulary,1.205651,52.036528,On or near Supermarket,E01030196,East Suffolk 026A,Shoplifting,Awaiting court outcome,
6ae2ae12da250c766d9d4634e6016d540d9a3e0b1156fcb569e5797242040914,2026-03,Suffolk Constabulary,Suffolk Constabulary,1.205651,52.036528,On or near Supermarket,E01030196,East Suffolk 026A,Violence and sexual offences,Local resolution,
,2026-03,Suffolk Constabulary,Suffolk Constabulary,1.251664,52.005828,On or near Church Lane,E01030197,East Suffolk 026B,Anti-social behaviour,,
a852fa008a234878ca7435ea0a3f8d5e42d4bab924854f7e7592c31abb9e43d4,2026-03,Suffolk Constabulary,Suffolk Constabulary,1.269160,52.003328,On or near Strattonhall Drift,E01030197,East Suffolk 026B,Other theft,Investigation complete; no suspect identified,
4d654abbde7f327310b2749e03c9004fdac27c59163610da3b988d47ab4ae21a,2026-03,Suffolk Constabulary,Suffolk Constabulary,1.278022,52.052163,On or near Parking Area,E01030197,East Suffolk 026B,Violence and sexual offences,Awaiting court outcome,
a59e0ff95c34a13cd6799a238a04e78ed31c5860f70e6155fbc825d2cd354741,2026-03,Suffolk Constabulary,Suffolk Constabulary,1.221006,52.038537,On or near Purdis Avenue,E01030197,East Suffolk 026B,Violence and sexual offences,Local resolution,
8168cf508ca6f1f516ceae3703f21870df071436ea6ee13a3fa9aa41384e6cbe,2026-03,Suffolk Constabulary,Suffolk Constabulary,1.221006,52.038537,On or near Purdis Avenue,E01030197,East Suffolk 026B,Violence and sexual offences,Local resolution,
68052b0e98a564d009a2d9660afc71d570cc99abd8d1297b35cb7f7c33b7ea7f,2026-03,Suffolk Constabulary,Suffolk Constabulary,1.235070,52.018220,On or near Workshop Lane,E01030197,East Suffolk 026B,Violence and sexual offences,Investigation complete; no suspect identified,
e5643b1f839c45229c14065322d034266656cbd5da7e985de6b4697fe3285196,2026-03,Suffolk Constabulary,Suffolk Constabulary,1.216710,52.037413,On or near Purdis Place,E01030197,East Suffolk 026B,Violence and sexual offences,Unable to prosecute suspect,
606b42b429931c23788c81a2c55cc4669cd64c9e97acfae75fd73e22ce68a389,2026-03,Suffolk Constabulary,Suffolk Constabulary,1.230815,52.010351,On or near Church Road,E01030197,East Suffolk 026B,Violence and sexual offences,Unable to prosecute suspect,
cf713ce1fc1396f7386a50a415608fe56bbd43c7ddff0a63f9dc9adb8e75f3f5,2026-03,Suffolk Constabulary,Suffolk Constabulary,1.218441,52.034713,On or near Meadow Crescent,E01030197,East Suffolk 026B,Violence and sexual offences,Unable to prosecute suspect,
da6508a2990fb952522cb2d688e7d8024aa1f2c81c8928608e8aaafaf3d1d88c,2026-03,Suffolk Constabulary,Suffolk Constabulary,1.216756,52.038653,On or near Purdis Farm Lane,E01030197,East Suffolk 026B,Violence and sexual offences,Action to be taken by another organisation,
9bbaa2a5fda136d1471c1a2c0f611d55ea52727ab12929fd84ae75d3d53537bb,2026-03,Suffolk Constabulary,Suffolk Constabulary,1.230675,52.028630,On or near Elmham Drive,E01030197,East Suffolk 026B,Other crime,Unable to prosecute suspect,
8763e13f0a428ec970f5834a63cad7531c4cae19a0c505fe30e1fc124780f2b5,2026-03,Suffolk Constabulary,Suffolk Constabulary,1.207463,52.064992,On or near Sports/Recreation Area,E01030204,East Suffolk 026C,Other theft,Investigation complete; no suspect identified,
ad8c02f857d7f6d6d248cdd4d3e71991176e89356591b6e80fad39a62893b419,2026-03,Suffolk Constabulary,Suffolk Constabulary,1.216442,52.053772,On or near Shrubland Drive,E01030204,East Suffolk 026C,Violence and sexual offences,Action to be taken by another organisation,
893e8df89450b71ad6184230f0229ccdff0b44109441b559b9ed9ccbfa8a78d3,2026-03,Suffolk Constabulary,Suffolk Constabulary,1.216442,52.053772,On or near Shrubland Drive,E01030204,East Suffolk 026C,Violence and sexual offences,Action to be taken by another organisation,
a5c04f702455fb6c433056733f480543d645ecdbf775d596932ad5928dc1bca7,2026-03,Suffolk Constabulary,Suffolk Constabulary,1.214104,52.053926,On or near Larkhill Rise,E01030204,East Suffolk 026C,Violence and sexual offences,Unable to prosecute suspect,
dbb751e88cefc607b3d50d3f26dad927a369877cef78bad419205ee80d9ebdab,2026-03,Suffolk Constabulary,Suffolk Constabulary,1.217738,52.056174,On or near Magingley Crescent,E01030205,East Suffolk 026D,Other theft,Investigation complete; no suspect identified,
41ffdaff62125f2019852c1b75b0c3066e123841d11f23e7e1a736fea58eb038,2026-03,Suffolk Constabulary,Suffolk Constabulary,1.218417,52.050804,On or near Hintesham Close,E01030205,East Suffolk 026D,Violence and sexual offences,Unable to prosecute suspect,
3ac68d3631262e84c52ea1d636f494d4664c825f40adf9ace136514c5d4a3674,2026-03,Suffolk Constabulary,Suffolk Constabulary,1.218417,52.050804,On or near Hintesham Close,E01030205,East Suffolk 026D,Violence and sexual offences,Action to be taken by another organisation,
3e0dacbac22595b6ca00e708897fe845be8e736d6ca7758691fc0fc9a2372dcc,2026-03,Suffolk Constabulary,Suffolk Constabulary,1.209782,52.050626,On or near Chatsworth Drive,E01030206,East Suffolk 026E,Public order,Awaiting court outcome,
da26d7071fa4284257b6a5487dfb361f20167075a28bb589cfde888bee7c4f7b,2026-03,Suffolk Constabulary,Suffolk Constabulary,1.212564,52.047924,On or near Heathlands Park,E01030206,East Suffolk 026E,Violence and sexual offences,Unable to prosecute suspect,
,2026-03,Suffolk Constabulary,Suffolk Constabulary,1.327824,51.958268,On or near Peewit Hill,E01030171,East Suffolk 027A,Anti-social behaviour,,
d90805ff34712ebcd9832d4bca7d3906d2176386a1412c697bacb032a6f3120b,2026-03,Suffolk Constabulary,Suffolk Constabulary,1.331605,51.958602,On or near Philip Avenue,E01030171,East Suffolk 027A,Drugs,Awaiting court outcome,
26b86ce5f622a352abc6ee43c74d5c7b6d78f16af6dd3757b15c56ff0c8b39e9,2026-03,Suffolk Constabulary,Suffolk Constabulary,1.316588,51.957722,On or near Bryon Avenue,E01030171,East Suffolk 027A,Other theft,Unable to prosecute suspect,
04224b89fb6c77afa7b20707ebb22ce91b4febc585310a4846cab6d17e3cba39,2026-03,Suffolk Constabulary,Suffolk Constabulary,1.323678,51.963225,On or near Wickhambrook Court,E01030171,East Suffolk 027A,Violence and sexual offences,Under investigation,
835dd779f2971e1bb5515650eb3bba19a0315fe2746d663976477f39813ea4f1,2026-03,Suffolk Constabulary,Suffolk Constabulary,1.323678,51.963225,On or near Wickhambrook Court,E01030171,East Suffolk 027A,Violence and sexual offences,Under investigation,
a7cebbf9da6b50a8336b0fac0047641b60e7c6279dfd2216af133b8071470788,2026-03,Suffolk Constabulary,Suffolk Constabulary,1.322597,51.961996,On or near Thurston Court,E01030171,East Suffolk 027A,Violence and sexual offences,Unable to prosecute suspect,
73f777693212cf6f32e92dc5bf7ca1c4fe43aea36743a5579fdaa581ac6473a8,2026-03,Suffolk Constabulary,Suffolk Constabulary,1.322857,51.962555,On or near Euston Court,E01030171,East Suffolk 027A,Violence and sexual offences,Unable to prosecute suspect,
39d14fa9c09a3e7decb621809828c7c999072ff7f3816ceb87f246c8d5d41e0f,2026-03,Suffolk Constabulary,Suffolk Constabulary,1.323678,51.963225,On or near Wickhambrook Court,E01030171,East Suffolk 027A,Violence and sexual offences,Under investigation,
e4f5bea28d0b683edacdd534f006bfe005aac7765f9dc3c4c8c363dc6fd6ef5d,2026-03,Suffolk Constabulary,Suffolk Constabulary,1.323678,51.963225,On or near Wickhambrook Court,E01030171,East Suffolk 027A,Violence and sexual offences,Under investigation,
81e2088569f66686c0f8cf129f61060e0a23c3d6852f656db30a46b1236ddcb3,2026-03,Suffolk Constabulary,Suffolk Constabulary,1.323678,51.963225,On or near Wickhambrook Court,E01030171,East Suffolk 027A,Violence and sexual offences,Action to be taken by another organisation,
87b7a763cbdd5147db545a8d85663957dedf0614cf944afc34247e905c3fd116,2026-03,Suffolk Constabulary,Suffolk Constabulary,1.321641,51.950852,On or near Cold Store Road,E01030171,East Suffolk 027A,Other crime,Under investigation,
df6657e62e17ec6e83fc48743a4b2fc742e51993bec16ac7470884c64612aaa0,2026-03,Suffolk Constabulary,Suffolk Constabulary,1.321052,51.981458,On or near Dawson Drive,E01030214,East Suffolk 027B,Violence and sexual offences,Under investigation,
52aa08104d0b717d643f28c8e2a0b1a80cbf70b31d7ba981917c8ef1fcd07bdf,2026-03,Suffolk Constabulary,Suffolk Constabulary,1.309313,51.987995,On or near Nigel Way,E01030215,East Suffolk 027C,Burglary,Investigation complete; no suspect identified,
2b80a85a22f5e8bd82cf05b04e3b6bd3bb3ac37d801cf04dc1d7e8bb06d61aba,2026-03,Suffolk Constabulary,Suffolk Constabulary,1.311783,51.989086,On or near Brick Kiln Close,E01030215,East Suffolk 027C,Burglary,Under investigation,
b82e93a7e4972647b71d575a177aa83eb4c5bb8d0e92e8d8b3b6dac3baf7dcf9,2026-03,Suffolk Constabulary,Suffolk Constabulary,1.311783,51.989086,On or near Brick Kiln Close,E01030215,East Suffolk 027C,Public order,Unable to prosecute suspect,
bd9e034876e2b582c878a92276fd1d6d70d95fcb564261eae475547b0a68ca76,2026-03,Suffolk Constabulary,Suffolk Constabulary,1.309313,51.987995,On or near Nigel Way,E01030215,East Suffolk 027C,Violence and sexual offences,Unable to prosecute suspect,
3da6e8a09b645cf62406f787637c92be498cbac3a954cd090f3eda72056db202,2026-03,Suffolk Constabulary,Suffolk Constabulary,1.318655,51.980555,On or near Burwood Place,E01030215,East Suffolk 027C,Violence and sexual offences,Unable to prosecute suspect,
2d7221b21da11bb9143c4b19744ae9d666513aab5c312438fb75e7dcca3e97e8,2026-03,Suffolk Constabulary,Suffolk Constabulary,1.309313,51.987995,On or near Nigel Way,E01030215,East Suffolk 027C,Violence and sexual offences,Unable to prosecute suspect,
622ca26e03be5e22e2bd5b6d9982d13a3c1d2a3abb6c2fe91b21b29627632690,2026-03,Suffolk Constabulary,Suffolk Constabulary,1.315950,51.980226,On or near St Mary'S Close,E01030215,East Suffolk 027C,Violence and sexual offences,Action to be taken by another organisation,
95d4b76c30f556d880c0b181b237cf636fca8d4f92d6f85f9930c2fa7504dde8,2026-03,Suffolk Constabulary,Suffolk Constabulary,1.318561,51.983624,On or near Mariners Way,E01030215,East Suffolk 027C,Violence and sexual offences,Action to be taken by another organisation,
,2026-03,Suffolk Constabulary,Suffolk Constabulary,1.316810,51.975300,On or near Cordy'S Lane,E01030216,East Suffolk 027D,Anti-social behaviour,,
850442ee55424a0e424addf0bad13d56e108c208470bb5ca604b2228724043c2,2026-03,Suffolk Constabulary,Suffolk Constabulary,1.320787,52.005031,On or near Alley Road,E01030217,East Suffolk 027E,Violence and sexual offences,Under investigation,
b484e0c15c78195c1bd8fb71f328b46198b5546f90fce8dd0c2280cc94031040,2026-03,Suffolk Constabulary,Suffolk Constabulary,1.281481,51.992867,On or near Park/Open Space,E01030218,East Suffolk 027F,Other theft,Investigation complete; no suspect identified,
9662244c7cf352844c8f1ffada1171ee92b5e92ad741cc800dd2f885e612a21b,2026-03,Suffolk Constabulary,Suffolk Constabulary,1.313790,51.992591,On or near Capel Close,E01030218,East Suffolk 027F,Other crime,Under investigation,
70aa75456a89798797be3d6d22d288a7785bda4d1359457cf0fcc5360b481c66,2026-03,Suffolk Constabulary,Suffolk Constabulary,1.357467,51.979309,On or near Gulpher Road,E01030158,East Suffolk 028A,Public order,Awaiting court outcome,
f43d2edb24a4172582232c7578730b0ac011c4fcce0d6dc41124a81babde0eff,2026-03,Suffolk Constabulary,Suffolk Constabulary,1.344779,51.968158,On or near Devon Road,E01030159,East Suffolk 028B,Burglary,Awaiting court outcome,
1811f5fc43f8bee7a94dee2dc3543c43bf8dd7d6c37640d2d5586ada3dbc4cbb,2026-03,Suffolk Constabulary,Suffolk Constabulary,1.344779,51.968158,On or near Devon Road,E01030159,East Suffolk 028B,Criminal damage and arson,Under investigation,
f9a1156d8c7a428915d7259f0ad2cebc0e0bd202bf17301798b505da3640d76a,2026-03,Suffolk Constabulary,Suffolk Constabulary,1.349960,51.968119,On or near Police Station,E01030159,East Suffolk 028B,Possession of weapons,Awaiting court outcome,
137207fdc2183828b3e8a38799fe203118e5cf7c6f5eb6c7ea3b5d24b277c11b,2026-03,Suffolk Constabulary,Suffolk Constabulary,1.349707,51.969016,On or near Fairfield Avenue,E01030159,East Suffolk 028B,Public order,Under investigation,
9351d5842e28e8e14d7fb938d4db409afa7dd06ddffbc13019969fbea843f189,2026-03,Suffolk Constabulary,Suffolk Constabulary,1.340980,51.961529,On or near Chaucer Road,E01030164,East Suffolk 028C,Criminal damage and arson,Under investigation,
,2026-03,Suffolk Constabulary,Suffolk Constabulary,1.353184,51.966642,On or near Shopping Area,E01030166,East Suffolk 028D,Anti-social behaviour,,
578b6897b7f0be778e999697f9e80f57fae95799637f8b30f5c4a52dc5d93e96,2026-03,Suffolk Constabulary,Suffolk Constabulary,1.353184,51.966642,On or near Shopping Area,E01030166,East Suffolk 028D,Criminal damage and arson,Unable to prosecute suspect,
ec1720aa783acf392d24360fc02ddff65b12e8b55beb91d0367da97dd92cb866,2026-03,Suffolk Constabulary,Suffolk Constabulary,1.353184,51.966642,On or near Shopping Area,E01030166,East Suffolk 028D,Shoplifting,Investigation complete; no suspect identified,
798aad974d4a38cce38d694e5e43f582e4744456c65cb3e2ec2f6c483df2fdff,2026-03,Suffolk Constabulary,Suffolk Constabulary,1.353184,51.966642,On or near Shopping Area,E01030166,East Suffolk 028D,Shoplifting,Investigation complete; no suspect identified,
0515542ad0399aecff7492fbdf77a017efb2116cb9d1ccb282317f5e3181148e,2026-03,Suffolk Constabulary,Suffolk Constabulary,1.353184,51.966642,On or near Shopping Area,E01030166,East Suffolk 028D,Violence and sexual offences,Under investigation,
b4d6ce6beb7faf88dffabd0d8be35d0d1de366296c989ea562598028d8e58456,2026-03,Suffolk Constabulary,Suffolk Constabulary,1.363918,51.966281,On or near Foxgrove Gardens,E01030166,East Suffolk 028D,Violence and sexual offences,Local resolution,
da66d5b5e7691e7724212175acbbaad4978fc0fddad6f8ff238b3ee82ac3141b,2026-03,Suffolk Constabulary,Suffolk Constabulary,1.366233,51.971750,On or near Sports/Recreation Area,E01033450,East Suffolk 028E,Other theft,Action to be taken by another organisation,
e87e2bbce4424120bcef8c06fb93032b2961a901214100087019dcba49ef0019,2026-03,Suffolk Constabulary,Suffolk Constabulary,1.366233,51.971750,On or near Sports/Recreation Area,E01033450,East Suffolk 028E,Other theft,Under investigation,
d68d78dee8a186b3ce36068f5f19fb9575f1eaf170a2c0700966529da540f9a2,2026-03,Suffolk Constabulary,Suffolk Constabulary,1.366233,51.971750,On or near Sports/Recreation Area,E01033450,East Suffolk 028E,Theft from the person,Under investigation,
d06fd2cad8385e17aca1ea77d800cde407396a5909d18a96598742f67e936346,2026-03,Suffolk Constabulary,Suffolk Constabulary,1.359528,51.970463,On or near Rosemary Avenue,E01033450,East Suffolk 028E,Violence and sexual offences,Local resolution,
26759f4ecafb62c0635152b053190a76752cccfa0f178c5eee260e8cb7259206,2026-03,Suffolk Constabulary,Suffolk Constabulary,1.363755,51.971682,On or near Wentworth Drive,E01033450,East Suffolk 028E,Violence and sexual offences,Unable to prosecute suspect,
b3be94ff981545b59fe95143c4e5080f0854445aa9142def8523776a5cbeba13,2026-03,Suffolk Constabulary,Suffolk Constabulary,1.363755,51.971682,On or near Wentworth Drive,E01033450,East Suffolk 028E,Violence and sexual offences,Awaiting court outcome,
,2026-03,Suffolk Constabulary,Suffolk Constabulary,1.340865,51.972703,On or near St Mary'S Crescent,E01030160,East Suffolk 029A,Anti-social behaviour,,
,2026-03,Suffolk Constabulary,Suffolk Constabulary,1.344206,51.971878,On or near Sports/Recreation Area,E01030160,East Suffolk 029A,Anti-social behaviour,,
,2026-03,Suffolk Constabulary,Suffolk Constabulary,1.340413,51.975037,On or near Candlet Road,E01030160,East Suffolk 029A,Anti-social behaviour,,
e29e83e83aea686463da1cafcc4a2faaddcb507a0c4fc5cc562fd3392c2e5e78,2026-03,Suffolk Constabulary,Suffolk Constabulary,1.342123,51.971597,On or near Rogers Close,E01030160,East Suffolk 029A,Criminal damage and arson,Under investigation,
209c5f0e9546de4169e5c03272a4ed3ca08279684bb82fdb84b0a842ca218531,2026-03,Suffolk Constabulary,Suffolk Constabulary,1.338814,51.971754,On or near Alexandra Road,E01030160,East Suffolk 029A,Other theft,Investigation complete; no suspect identified,
1a11ce474188d6398bc5b9ab9da772b914040bab2db0b68e102199c1bc979a92,2026-03,Suffolk Constabulary,Suffolk Constabulary,1.339888,51.970339,On or near Cage Lane,E01030160,East Suffolk 029A,Possession of weapons,Local resolution,
8f0bbe3ab06b82e077ae0738367a2b79a703cabd27d93819dabf2748f85de277,2026-03,Suffolk Constabulary,Suffolk Constabulary,1.337943,51.972373,On or near Supermarket,E01030160,East Suffolk 029A,Shoplifting,Investigation complete; no suspect identified,
1d383b6c35b9c89da91e5f01001f055680e1cae9b7af161c1c3c7053bc86e22d,2026-03,Suffolk Constabulary,Suffolk Constabulary,1.342725,51.974018,On or near Candlet Road,E01030160,East Suffolk 029A,Violence and sexual offences,Unable to prosecute suspect,
75de5a2a706561edb0d8bc25da9b71d4e71e0249602e0dc7bbeb388126aec147,2026-03,Suffolk Constabulary,Suffolk Constabulary,1.338574,51.973029,On or near Falcon Street,E01030160,East Suffolk 029A,Violence and sexual offences,Unable to prosecute suspect,
61e4eb9fea7179ae8a6a2c368302f0c3f49122a4b30a57acf14eed9be09ca28f,2026-03,Suffolk Constabulary,Suffolk Constabulary,1.342725,51.974018,On or near Candlet Road,E01030160,East Suffolk 029A,Violence and sexual offences,Unable to prosecute suspect,
a42285560b4be0fc6cb4088136f142578e3a893574e5d2e1490da90ea468c5bb,2026-03,Suffolk Constabulary,Suffolk Constabulary,1.338335,51.975096,On or near Treetops,E01030160,East Suffolk 029A,Violence and sexual offences,Awaiting court outcome,
ae7474756d3078d4c2c1c3ac33cac6d822336c4399c7bdc6fdf0d8c52c932005,2026-03,Suffolk Constabulary,Suffolk Constabulary,1.337943,51.972373,On or near Supermarket,E01030160,East Suffolk 029A,Violence and sexual offences,Unable to prosecute suspect,
0f6e846b097e646c92cc0f7ee8a351c31687e083296158a5f221b92be9d97605,2026-03,Suffolk Constabulary,Suffolk Constabulary,1.340865,51.972703,On or near St Mary'S Crescent,E01030160,East Suffolk 029A,Violence and sexual offences,Unable to prosecute suspect,
,2026-03,Suffolk Constabulary,Suffolk Constabulary,1.336681,51.973227,On or near High Street,E01030161,East Suffolk 029B,Anti-social behaviour,,
c55f631c77840deb17394d62515b35fba689155ee4df4caebfce039d18afbfa2,2026-03,Suffolk Constabulary,Suffolk Constabulary,1.336898,51.968508,On or near Margaret Street,E01030161,East Suffolk 029B,Criminal damage and arson,Unable to prosecute suspect,
ee12d2c75e6dbcf52c106c9437a5f911971fe04268f873ca3198c73588dc2803,2026-03,Suffolk Constabulary,Suffolk Constabulary,1.337487,51.971135,On or near Cross Street,E01030161,East Suffolk 029B,Possession of weapons,Awaiting court outcome,
b5de7a97b5e301549ef123a557e1cc233b80740c5f962781c1a614f4de80750e,2026-03,Suffolk Constabulary,Suffolk Constabulary,1.337487,51.971135,On or near Cross Street,E01030161,East Suffolk 029B,Violence and sexual offences,Unable to prosecute suspect,
24fb6093f5f1c531ba69540df2d31fd90bba6536c114599d5314444e76d16b7c,2026-03,Suffolk Constabulary,Suffolk Constabulary,1.330330,51.972813,On or near Walton Hall Drive,E01030161,East Suffolk 029B,Violence and sexual offences,Action to be taken by another organisation,
9e1755e4841579ba71496436654012c37264eaeb2e052e8bfdab93aa569b6839,2026-03,Suffolk Constabulary,Suffolk Constabulary,1.330172,51.973438,On or near Bloomfield Road,E01030161,East Suffolk 029B,Violence and sexual offences,Investigation complete; no suspect identified,
e4a4e4aa1635951f28016fccad2d7bec147679ae6e4288cf57dafb1bfcc54b76,2026-03,Suffolk Constabulary,Suffolk Constabulary,1.330172,51.973438,On or near Bloomfield Road,E01030161,East Suffolk 029B,Violence and sexual offences,Action to be taken by another organisation,
d42d61102e3298a43b196075a309605bf8a521014caaa6dab9aedb5b279a654b,2026-03,Suffolk Constabulary,Suffolk Constabulary,1.332173,51.974488,On or near Hawkes Lane,E01030161,East Suffolk 029B,Violence and sexual offences,Under investigation,
11979df3273df380eb8fa924188224001e695e14fa32c86618d2683fca3ecac3,2026-03,Suffolk Constabulary,Suffolk Constabulary,1.332173,51.974488,On or near Hawkes Lane,E01030161,East Suffolk 029B,Violence and sexual offences,Unable to prosecute suspect,
38957b25582f3818bc2e6f95f9489210cc3cd58b9c4d7cf4cc633f465cedd290,2026-03,Suffolk Constabulary,Suffolk Constabulary,1.330330,51.972813,On or near Walton Hall Drive,E01030161,East Suffolk 029B,Violence and sexual offences,Action to be taken by another organisation,
ddaec821e5805151d696edf52c16374e3108b5a9dd24cd6d0e925815ab6c9c11,2026-03,Suffolk Constabulary,Suffolk Constabulary,1.338643,51.968459,On or near Sports/Recreation Area,E01030161,East Suffolk 029B,Violence and sexual offences,Unable to prosecute suspect,
2f6d4f1e42f530ee5f448479598188d61db2f4f982246f3e905e49dc4701a312,2026-03,Suffolk Constabulary,Suffolk Constabulary,1.330330,51.972813,On or near Walton Hall Drive,E01030161,East Suffolk 029B,Violence and sexual offences,Further action is not in the public interest,
70e3d3ff9742b81838aa89b9c949f79a171a7efd5e60f2783c4bcf1a8d40ea7d,2026-03,Suffolk Constabulary,Suffolk Constabulary,1.337487,51.971135,On or near Cross Street,E01030161,East Suffolk 029B,Violence and sexual offences,Unable to prosecute suspect,
6420d6c94708c74eef577192de60f6ccf177979678f0b98e3da2e0cc1aa43685,2026-03,Suffolk Constabulary,Suffolk Constabulary,1.330330,51.972813,On or near Walton Hall Drive,E01030161,East Suffolk 029B,Violence and sexual offences,Action to be taken by another organisation,
16e998eb83664a2ba55fcfb31c013445aec53142edca2e525692a795e1df8cd6,2026-03,Suffolk Constabulary,Suffolk Constabulary,1.335059,51.973354,On or near Longcroft,E01030161,East Suffolk 029B,Other crime,Further investigation is not in the public interest,
,2026-03,Suffolk Constabulary,Suffolk Constabulary,1.333838,51.964763,On or near Supermarket,E01030168,East Suffolk 029C,Anti-social behaviour,,
fb2d2fda8b0db4fd7a1b8befe1f050444a4a3e0597feebbed3c03d4e6878bcbd,2026-03,Suffolk Constabulary,Suffolk Constabulary,1.330944,51.966761,On or near Cricket Hill Road,E01030168,East Suffolk 029C,Violence and sexual offences,Unable to prosecute suspect,
bcc4271426f122e1d4a3e89a541182b29cf30790ff006fa9f7b29ca7bc959784,2026-03,Suffolk Constabulary,Suffolk Constabulary,1.328116,51.967120,On or near Grange Farm Avenue,E01030168,East Suffolk 029C,Violence and sexual offences,Investigation complete; no suspect identified,
,2026-03,Suffolk Constabulary,Suffolk Constabulary,1.328007,51.971143,On or near Long Field,E01030169,East Suffolk 029D,Anti-social behaviour,,
866818f928405f4e549397af434b0a8e23aa040d82edf9e34afc26517dc1d2d9,2026-03,Suffolk Constabulary,Suffolk Constabulary,1.331005,51.969358,On or near Bredfield Close,E01030169,East Suffolk 029D,Drugs,Local resolution,
f3a6a4444699390e6a1ddb51b9b70a080108d0552dd989eddd156b8bf56136c5,2026-03,Suffolk Constabulary,Suffolk Constabulary,1.329507,51.970165,On or near Childers Field,E01030169,East Suffolk 029D,Drugs,Offender given a caution,
c73360724d8a29d98601542493a88ecd0589d22c45147a6421f7d9bc5001ef1b,2026-03,Suffolk Constabulary,Suffolk Constabulary,1.328543,51.970130,On or near Reedland Way,E01030169,East Suffolk 029D,Possession of weapons,Unable to prosecute suspect,
693fdd8ac28bb26eb49e89781271ef0f3ecb5f77dd281caabb1fc3a8688279a3,2026-03,Suffolk Constabulary,Suffolk Constabulary,1.324539,51.963641,On or near Lidgate Court,E01030169,East Suffolk 029D,Vehicle crime,Under investigation,
c94680ac98cc8a2345c411b06a949b77285f8f2a6750e3b63039b3554377c310,2026-03,Suffolk Constabulary,Suffolk Constabulary,1.326144,51.966447,On or near Darsham Close,E01030169,East Suffolk 029D,Violence and sexual offences,Unable to prosecute suspect,
8dc2cb76789fa3f3a55fc4fbdcf54017830ff4f3afb2ad25fc4cb2a52b1199a2,2026-03,Suffolk Constabulary,Suffolk Constabulary,1.328543,51.970130,On or near Reedland Way,E01030169,East Suffolk 029D,Violence and sexual offences,Unable to prosecute suspect,
bd7f2aaeee79d79cffe27c4fb7961d016fbc142bba9317c350ba743e1b39f857,2026-03,Suffolk Constabulary,Suffolk Constabulary,1.327112,51.970467,On or near Feathers Field,E01030169,East Suffolk 029D,Violence and sexual offences,Unable to prosecute suspect,
fc027e607268b4a70a60405b76ecec7e852c5f18dc462dd041cd0a602cd7b6ac,2026-03,Suffolk Constabulary,Suffolk Constabulary,1.328543,51.970130,On or near Reedland Way,E01030169,East Suffolk 029D,Violence and sexual offences,Unable to prosecute suspect,
4c5d18bba6444be1816ec94c98a0c808d042fbb0d19d9f4e29a73c1db725b497,2026-03,Suffolk Constabulary,Suffolk Constabulary,1.329507,51.970165,On or near Childers Field,E01030169,East Suffolk 029D,Violence and sexual offences,Unable to prosecute suspect,
03c4b5846b4d271b818914666c7674cb611c392d73256fdc880ac3e1373f1617,2026-03,Suffolk Constabulary,Suffolk Constabulary,1.334285,51.954497,On or near Poplar Avenue,E01030170,East Suffolk 029E,Other theft,Investigation complete; no suspect identified,
5b0053cf62e4d726194ef25dc427ce65ad79eef3669491eb21ee037522a59167,2026-03,Suffolk Constabulary,Suffolk Constabulary,1.327959,51.954586,On or near Hauliers Road,E01030170,East Suffolk 029E,Other theft,Investigation complete; no suspect identified,
082dfd3b91d5ef85f20256940862a64dfad7b1e97181d10f7abb674d919fe549,2026-03,Suffolk Constabulary,Suffolk Constabulary,1.332838,51.954232,On or near Yewcroft,E01030170,East Suffolk 029E,Public order,Unable to prosecute suspect,
4fdac92014063929beeefd98ac08b5f22d6a6521639f8a0e5eb9e0efc787cd8a,2026-03,Suffolk Constabulary,Suffolk Constabulary,1.333193,51.959007,On or near Anne Street,E01030170,East Suffolk 029E,Violence and sexual offences,Under investigation,
3ed9fd22e67733e13ee83b798871e09a19f7d39932fdab77cc6e55be562ac884,2026-03,Suffolk Constabulary,Suffolk Constabulary,1.332804,51.959063,On or near Elizabeth Way,E01030170,East Suffolk 029E,Violence and sexual offences,Unable to prosecute suspect,
2d38bf5fff3d10d10da929f786a460deb1134051b84209817b72841e6a62a4fe,2026-03,Suffolk Constabulary,Suffolk Constabulary,1.332561,51.955796,On or near Rowans Crescent,E01030170,East Suffolk 029E,Violence and sexual offences,Under investigation,
3bccf3ad41d6f5c85bda67f7453758dc3d9489407f0299c0759bd8d3e6490cb5,2026-03,Suffolk Constabulary,Suffolk Constabulary,1.339917,51.958978,On or near Parking Area,E01030162,East Suffolk 030A,Other theft,Investigation complete; no suspect identified,
11ad30d361e111cb41cae480918e9a1f4e1bf3a2db54eca78cc260f2890697aa,2026-03,Suffolk Constabulary,Suffolk Constabulary,1.348893,51.959865,On or near Wolsey Gardens,E01030162,East Suffolk 030A,Other theft,Investigation complete; no suspect identified,
317848ced2148ade6ed7bb8440fa40f9bde8d8417811b61e97e17d8d4861a641,2026-03,Suffolk Constabulary,Suffolk Constabulary,1.345487,51.958901,On or near South Hill,E01030162,East Suffolk 030A,Violence and sexual offences,Unable to prosecute suspect,
19e70c4a930e3ecc19d2b78443d8afe102aeeedd0012baf286d6d9cde52be911,2026-03,Suffolk Constabulary,Suffolk Constabulary,1.350858,51.960250,On or near Bent Hill,E01030162,East Suffolk 030A,Violence and sexual offences,Unable to prosecute suspect,
ca4ff31622ba478b46211ed3e17c7b71379814140ad9980ac59be5a496d011f5,2026-03,Suffolk Constabulary,Suffolk Constabulary,1.342384,51.958881,On or near Lincoln Terrace,E01030162,East Suffolk 030A,Violence and sexual offences,Action to be taken by another organisation,
d102fedd441ef57c2c9df6ef902e26db9faf7a0676c38c93ac7c61bed8d8481f,2026-03,Suffolk Constabulary,Suffolk Constabulary,1.339162,51.958193,On or near Supermarket,E01030162,East Suffolk 030A,Violence and sexual offences,Investigation complete; no suspect identified,
dc66de16d5f0513d5543923070522cf7af00c92a3232885a31e84802cc2cbcbf,2026-03,Suffolk Constabulary,Suffolk Constabulary,1.342384,51.958881,On or near Lincoln Terrace,E01030162,East Suffolk 030A,Violence and sexual offences,Action to be taken by another organisation,
2677c30a05468e04216a337b842723a8688b7cdc50c47f0a153b8bee4d5bbced,2026-03,Suffolk Constabulary,Suffolk Constabulary,1.341866,51.957196,On or near Manning Road,E01030162,East Suffolk 030A,Violence and sexual offences,Action to be taken by another organisation,
95795231d4561ff13ff06a899a2b1e10959f346a649789aa1060818c3635c83e,2026-03,Suffolk Constabulary,Suffolk Constabulary,1.342384,51.958881,On or near Lincoln Terrace,E01030162,East Suffolk 030A,Violence and sexual offences,Action to be taken by another organisation,
,2026-03,Suffolk Constabulary,Suffolk Constabulary,1.327188,51.947322,On or near Adastral Close,E01030163,East Suffolk 030B,Anti-social behaviour,,
c9deeacc676a3b65638a6cce80a18ea9b29ac64a0d7930841798847ed08f0694,2026-03,Suffolk Constabulary,Suffolk Constabulary,1.346398,51.958434,On or near Parking Area,E01030163,East Suffolk 030B,Bicycle theft,Investigation complete; no suspect identified,
ba2c459e2616d8494dccc0424c69151b4fd343713a6d49af58d352651973ac2f,2026-03,Suffolk Constabulary,Suffolk Constabulary,1.334769,51.952009,On or near Nacton Road,E01030163,East Suffolk 030B,Criminal damage and arson,Awaiting court outcome,
4de06a67f85aef31f7be1fa0efa136fc2b46fdeee70077c292519921aea48325,2026-03,Suffolk Constabulary,Suffolk Constabulary,1.341249,51.956530,On or near Russell Road,E01030163,East Suffolk 030B,Criminal damage and arson,Investigation complete; no suspect identified,
1a0c442b19b742cdc6c2638f256b8384e5c8a793e07d6f6ebe1cfa25f0670cc3,2026-03,Suffolk Constabulary,Suffolk Constabulary,1.326526,51.948015,On or near Schneider Close,E01030163,East Suffolk 030B,Other theft,Investigation complete; no suspect identified,
73432c24d26d38657cf17e277e6a939eafe76498b1796739f831be18a9814af9,2026-03,Suffolk Constabulary,Suffolk Constabulary,1.329893,51.947102,On or near Grebe Close,E01030163,East Suffolk 030B,Other theft,Under investigation,
7594104deb30396441504775c38b4240ec43caa6dce845a32075d0fbd5721096,2026-03,Suffolk Constabulary,Suffolk Constabulary,1.339505,51.955005,On or near Arwela Road,E01030163,East Suffolk 030B,Public order,Unable to prosecute suspect,
15c87cbe3d37e4fee1534a7605d7539689a8961423d190b16a4c968a29cd6037,2026-03,Suffolk Constabulary,Suffolk Constabulary,1.336549,51.951464,On or near Tacon Road,E01030163,East Suffolk 030B,Shoplifting,Investigation complete; no suspect identified,
6163e70acdc92fe7dd91b3be72593d0ce5d424581257b7e090558c82cae2e763,2026-03,Suffolk Constabulary,Suffolk Constabulary,1.327188,51.947322,On or near Adastral Close,E01030163,East Suffolk 030B,Vehicle crime,Unable to prosecute suspect,
6a872493fae56eb915d575e01fd57a9be3ea471a82ff62250f7b9d5a1645d7c7,2026-03,Suffolk Constabulary,Suffolk Constabulary,1.332475,51.948549,On or near Landguard Road,E01030163,East Suffolk 030B,Violence and sexual offences,Unable to prosecute suspect,
5c8d8ef7f83263d32cd20f95cf83c26f688b605b20951da983373616373da592,2026-03,Suffolk Constabulary,Suffolk Constabulary,1.340484,51.954276,On or near Parking Area,E01030163,East Suffolk 030B,Violence and sexual offences,Under investigation,
2b926d3d6999c52605bbedd6246625dd2a4ddd3f416afbe78b626729bdec9bbf,2026-03,Suffolk Constabulary,Suffolk Constabulary,1.339505,51.955005,On or near Arwela Road,E01030163,East Suffolk 030B,Violence and sexual offences,Unable to prosecute suspect,
a3ba90abedfb9aa17bcb8d6a3f39ab01cf8dc575b398f42accedbb905bf90687,2026-03,Suffolk Constabulary,Suffolk Constabulary,1.327188,51.947322,On or near Adastral Close,E01030163,East Suffolk 030B,Violence and sexual offences,Unable to prosecute suspect,
186e009e9227f1817ea68aac5d47d4bba6e62b5c97c144f09913997c2097c31b,2026-03,Suffolk Constabulary,Suffolk Constabulary,1.329036,51.945354,On or near Fulmar Close,E01030163,East Suffolk 030B,Violence and sexual offences,Unable to prosecute suspect,
1fc04429987cfafea0773f22fbc5053550791fa398a816ff85fba6d63c866e5a,2026-03,Suffolk Constabulary,Suffolk Constabulary,1.326526,51.948015,On or near Schneider Close,E01030163,East Suffolk 030B,Violence and sexual offences,Action to be taken by another organisation,
9d3bb5778707c73b0197c82a2b671f071bc59dfda407819c4927d7d10a7dccde,2026-03,Suffolk Constabulary,Suffolk Constabulary,1.337938,51.950966,On or near Parking Area,E01030163,East Suffolk 030B,Violence and sexual offences,Unable to prosecute suspect,
f4d84467b212f3c9cd3859650e930c18271d343849869a0ce3ed13f5537d09fc,2026-03,Suffolk Constabulary,Suffolk Constabulary,1.336549,51.951464,On or near Tacon Road,E01030163,East Suffolk 030B,Violence and sexual offences,Under investigation,
68e32fe8dbcc40b3add6fdaf7bfba8a180279df57d1ddce159603eaee597f44f,2026-03,Suffolk Constabulary,Suffolk Constabulary,1.350493,51.962383,On or near Highfield Road,E01030165,East Suffolk 030C,Shoplifting,Unable to prosecute suspect,
b923b32e8a1c329bec5c805975066aad822b531d21d0e19e742cd8ec740027cb,2026-03,Suffolk Constabulary,Suffolk Constabulary,1.351820,51.963973,On or near Hamilton Road,E01030165,East Suffolk 030C,Shoplifting,Unable to prosecute suspect,
dbc06128a010decc665e2e81d8d84a15ee4ee5ce59d4d260c4b8e605b35c9073,2026-03,Suffolk Constabulary,Suffolk Constabulary,1.352090,51.962328,On or near Victoria Street,E01030165,East Suffolk 030C,Violence and sexual offences,Action to be taken by another organisation,
65b35d10b81a04a91c07f749ca1329d6fa47c9b9df22dce59371423487ffd3c2,2026-03,Suffolk Constabulary,Suffolk Constabulary,1.353645,51.962086,On or near Parking Area,E01030165,East Suffolk 030C,Violence and sexual offences,Local resolution,
4dd7505fa93fda33f445d12edc7f5ac66fc28052aee80e348c6a0892c2ad4840,2026-03,Suffolk Constabulary,Suffolk Constabulary,1.349098,51.961640,On or near Leopold Road,E01030165,East Suffolk 030C,Violence and sexual offences,Unable to prosecute suspect,
24328ee77521e581a0050ad88df7937aca6b9f122573daa0fe9938dc9a5cf8e4,2026-03,Suffolk Constabulary,Suffolk Constabulary,1.355386,51.964339,On or near Felix Road,E01030167,East Suffolk 030D,Violence and sexual offences,Unable to prosecute suspect,
a6920f027256bd1a34d072746ee8a32f34492e1363260d05b7df59fcd37ee325,2026-03,Suffolk Constabulary,Suffolk Constabulary,0.023800,52.655561,On or near Murrow Bank,E01018090,Fenland 004D,Violence and sexual offences,Local resolution,
c3455fd62af39dcda8ef53d749072e598e360e9ecf5f50e55d4bcef526e60911,2026-03,Suffolk Constabulary,Suffolk Constabulary,1.735578,52.611164,On or near Albemarle Road,E01026598,Great Yarmouth 005D,Violence and sexual offences,Under investigation,
386dc5e73463b992a7d8c484152268487b02d143bf00327701e30b314b4bd84e,2026-03,Suffolk Constabulary,Suffolk Constabulary,1.716583,52.599044,On or near Thamesfield Way,E01026634,Great Yarmouth 007C,Criminal damage and arson,Awaiting court outcome,
b39ad4779055f43d3666fb47eed956a11d4cb91c87bce567d7b3a6967c625631,2026-03,Suffolk Constabulary,Suffolk Constabulary,1.716583,52.599044,On or near Thamesfield Way,E01026634,Great Yarmouth 007C,Violence and sexual offences,Awaiting court outcome,
87330d49b5ae5f96be16a90c7d2d4ad335a2410c63d84b912ad71affdf219273,2026-03,Suffolk Constabulary,Suffolk Constabulary,1.716583,52.599044,On or near Thamesfield Way,E01026634,Great Yarmouth 007C,Violence and sexual offences,Awaiting court outcome,
17d957c9fc4895a4fb20a46fa6d368e8a59e5109796853e98e62fbeea6871efe,2026-03,Suffolk Constabulary,Suffolk Constabulary,1.712258,52.575524,On or near Trinity Avenue,E01026603,Great Yarmouth 009C,Violence and sexual offences,Under investigation,
0e3937257d285e5b51ab0816d7df83a05b38b3a53a035e332341c8d387084a8e,2026-03,Suffolk Constabulary,Suffolk Constabulary,1.717980,52.561672,On or near Hospital,E01026617,Great Yarmouth 011A,Violence and sexual offences,Awaiting court outcome,
f361d0a1004b369507cd6ff4feb489f4e131a6b4ce12e80485b8f90fbf374158,2026-03,Suffolk Constabulary,Suffolk Constabulary,1.730510,52.539420,On or near Warren Road,E01026588,Great Yarmouth 013D,Violence and sexual offences,Unable to prosecute suspect,
14c82d844764fead444264a63137067bc4b375ea50bb3b15486fb453bd437a43,2026-03,Suffolk Constabulary,Suffolk Constabulary,1.723517,52.537320,On or near Lushers Meadow Way,E01026588,Great Yarmouth 013D,Violence and sexual offences,Awaiting court outcome,
bcda9fa1001b0d7b820f3df6b1d6ed07318c12ec6f4e3028b6f54156e6c2bbdb,2026-03,Suffolk Constabulary,Suffolk Constabulary,1.723517,52.537320,On or near Lushers Meadow Way,E01026588,Great Yarmouth 013D,Violence and sexual offences,Awaiting court outcome,
446d50dd8ea9ee6c9994c80cb27aad286b7c0a23c71f0dc08cc584700dd5dd26,2026-03,Suffolk Constabulary,Suffolk Constabulary,-1.513594,54.291611,On or near The Spinney,E01034958,Hambleton 007F,Public order,Under investigation,
6fdb24d85ce9a8c12b010a9f2fe20d85a677a2188ba221a9f48826c7afbf4019,2026-03,Suffolk Constabulary,Suffolk Constabulary,-0.474218,51.544258,On or near Nightclub,E01034602,Hillingdon 015H,Violence and sexual offences,Unable to prosecute suspect,
1a402a292941813aff28734e4fbf2b78a4393392d334de5adc5349abdd38972d,2026-03,Suffolk Constabulary,Suffolk Constabulary,-0.456373,51.539340,On or near Glisson Road,E01002511,Hillingdon 017E,Violence and sexual offences,Investigation complete; no suspect identified,
4c36625503ce7330fafdec8171fe5276ca6a7977de04494eaeb3e854c6e70932,2026-03,Suffolk Constabulary,Suffolk Constabulary,1.128997,52.080295,On or near Burns Road,E01030032,Ipswich 001A,Burglary,Investigation complete; no suspect identified,
897667e843d699a357b8230dcaa86c88385ad53975ea81b6bb14a0eb26825057,2026-03,Suffolk Constabulary,Suffolk Constabulary,1.127437,52.082612,On or near Shakespeare Road,E01030032,Ipswich 001A,Vehicle crime,Awaiting court outcome,
8c24944fa0222cc397448ec0e578ff8a219ba7d9940f8f049b4049eedfe3bbe2,2026-03,Suffolk Constabulary,Suffolk Constabulary,1.130243,52.081611,On or near Browning Road,E01030032,Ipswich 001A,Violence and sexual offences,Action to be taken by another organisation,
7b022294f4fa4fa99b9b1623ee160fe1bb6e7722b445f128801e5f7b080d42b5,2026-03,Suffolk Constabulary,Suffolk Constabulary,1.127437,52.082612,On or near Shakespeare Road,E01030032,Ipswich 001A,Violence and sexual offences,Unable to prosecute suspect,
451b74bc19008b967d001c7380b04a7d274343eaaaedd3cc00041f309f18c36d,2026-03,Suffolk Constabulary,Suffolk Constabulary,1.127437,52.082612,On or near Shakespeare Road,E01030032,Ipswich 001A,Violence and sexual offences,Unable to prosecute suspect,
c56aaed8970e57bea2f0346749ff917f5cfd09310578416d153a15128cc65796,2026-03,Suffolk Constabulary,Suffolk Constabulary,1.146345,52.078717,On or near Birchcroft Road,E01030033,Ipswich 001B,Drugs,Awaiting court outcome,
63033fadbbde6eff7ea3caa4def8fe2a403bfb4d1d5b0fdc4772b7d9e19cee66,2026-03,Suffolk Constabulary,Suffolk Constabulary,1.146345,52.078717,On or near Birchcroft Road,E01030033,Ipswich 001B,Drugs,Awaiting court outcome,
cfd7cd9d79700179a22b1a48446b5a0071a7fe2b2becee434686da6367b0e717,2026-03,Suffolk Constabulary,Suffolk Constabulary,1.143480,52.082184,On or near Kempton Road,E01030033,Ipswich 001B,Other theft,Unable to prosecute suspect,
5300c7e43e67c8dd5b2d7bb8bfc5d0c4a99ab311ccbc22a85810bf80b839efd3,2026-03,Suffolk Constabulary,Suffolk Constabulary,1.140779,52.079978,On or near Sports/Recreation Area,E01030033,Ipswich 001B,Public order,Under investigation,
7f7469bd6faa2a6433990b3811cc193879d100a31d739e88993fa9a504616c8d,2026-03,Suffolk Constabulary,Suffolk Constabulary,1.146071,52.082493,On or near Supermarket,E01030033,Ipswich 001B,Shoplifting,Investigation complete; no suspect identified,
da65529138498c5ed816046b1978313a1d5c267dd563529b2cc0ac201a41e21b,2026-03,Suffolk Constabulary,Suffolk Constabulary,1.146071,52.082493,On or near Supermarket,E01030033,Ipswich 001B,Shoplifting,Awaiting court outcome,
eaec3f8961ffcf40b4ed74ea6500f20dcf9e83fcf05cf661ba58bedcd7d88c29,2026-03,Suffolk Constabulary,Suffolk Constabulary,1.146071,52.082493,On or near Supermarket,E01030033,Ipswich 001B,Shoplifting,Investigation complete; no suspect identified,
f5fcf673e49a6e313f8c46caea61aa4ddb38f52ab5a8008e3e1235f38cfbc4b8,2026-03,Suffolk Constabulary,Suffolk Constabulary,1.148526,52.081915,On or near Henley Avenue,E01030033,Ipswich 001B,Violence and sexual offences,Unable to prosecute suspect,
14ecb3ab3e51d4c7520fc3a97e2a313d7f60aca4a54278ce2ead51a8e3544b0d,2026-03,Suffolk Constabulary,Suffolk Constabulary,1.149466,52.085730,On or near Henley Road,E01030034,Ipswich 001C,Violence and sexual offences,Action to be taken by another organisation,
f42ecd87b6e354a1acc265533835005391ebf1845751cd42563ae44ea1def98d,2026-03,Suffolk Constabulary,Suffolk Constabulary,1.149466,52.085730,On or near Henley Road,E01030034,Ipswich 001C,Violence and sexual offences,Action to be taken by another organisation,
64ae7e44222a97ed0ed8d92db7e7cd2dc38f0ea6d9c762a14c387fdb9d49b5f8,2026-03,Suffolk Constabulary,Suffolk Constabulary,1.149466,52.085730,On or near Henley Road,E01030034,Ipswich 001C,Violence and sexual offences,Action to be taken by another organisation,
,2026-03,Suffolk Constabulary,Suffolk Constabulary,1.133115,52.086355,On or near Akenham Close,E01030035,Ipswich 001D,Anti-social behaviour,,
,2026-03,Suffolk Constabulary,Suffolk Constabulary,1.123439,52.082844,On or near Tooks Road,E01030035,Ipswich 001D,Anti-social behaviour,,
,2026-03,Suffolk Constabulary,Suffolk Constabulary,1.123439,52.082844,On or near Tooks Road,E01030035,Ipswich 001D,Anti-social behaviour,,
3722ae8e15bb54382ac7c82a80e5dcd3c713a91847681cabaa12fc999f13596e,2026-03,Suffolk Constabulary,Suffolk Constabulary,1.130509,52.082908,On or near Thackeray Road,E01030035,Ipswich 001D,Burglary,Investigation complete; no suspect identified,
a32e3b947408a6502fdbc8b6233689da94775e5884d1e5df8b3956f350c80c07,2026-03,Suffolk Constabulary,Suffolk Constabulary,1.125236,52.084748,On or near Ballater Close,E01030035,Ipswich 001D,Burglary,Investigation complete; no suspect identified,
2e84e9cd9170d4dd286d25ba2c2138afa23c04d58c28f0b7f1c420cac3718882,2026-03,Suffolk Constabulary,Suffolk Constabulary,1.133115,52.086355,On or near Akenham Close,E01030035,Ipswich 001D,Criminal damage and arson,Unable to prosecute suspect,
f8ed9fc6797da9a5e89edebec1eb0096bbd20ec490daaacbcc9a0ccaeb1b5652,2026-03,Suffolk Constabulary,Suffolk Constabulary,1.130509,52.082908,On or near Thackeray Road,E01030035,Ipswich 001D,Criminal damage and arson,Awaiting court outcome,
3cc72283f94967acead31e0b012d4c386f66511d119d453f915d3d57afa2b6a5,2026-03,Suffolk Constabulary,Suffolk Constabulary,1.133115,52.086355,On or near Akenham Close,E01030035,Ipswich 001D,Criminal damage and arson,Unable to prosecute suspect,
9bef6848d25f16e8d4a47b14366452a84745fc76b7a628ba64fb86d5d05862bc,2026-03,Suffolk Constabulary,Suffolk Constabulary,1.133115,52.086355,On or near Akenham Close,E01030035,Ipswich 001D,Criminal damage and arson,Awaiting court outcome,
21854e0c4649754dfdf8faf9deb1dbcaf5db4b1b10cf9d1a1a7403f3c7727fea,2026-03,Suffolk Constabulary,Suffolk Constabulary,1.125784,52.083397,On or near Sports/Recreation Area,E01030035,Ipswich 001D,Other theft,Investigation complete; no suspect identified,
f15dfb2baae17d81ababf8628a95d54debebaf3c6df73e995d752b73a57b50db,2026-03,Suffolk Constabulary,Suffolk Constabulary,1.132379,52.084189,On or near Chaucer Road,E01030035,Ipswich 001D,Other theft,Investigation complete; no suspect identified,
518ccc7897388c851dd09a0294d57339eec10cf7d9fbe0b8de7012584426c82e,2026-03,Suffolk Constabulary,Suffolk Constabulary,1.134958,52.085775,On or near Carlyle Close,E01030035,Ipswich 001D,Possession of weapons,Unable to prosecute suspect,
63f8348835adba1c57ee53cd946e5266512493dab2ae9dd4fd0b890781da29f5,2026-03,Suffolk Constabulary,Suffolk Constabulary,1.133115,52.086355,On or near Akenham Close,E01030035,Ipswich 001D,Public order,Local resolution,
0f04e142718a3013ed4d6f235cb4ce27281fd597cad2cc3b7bf5f187c3a846d8,2026-03,Suffolk Constabulary,Suffolk Constabulary,1.130678,52.085125,On or near Byron Road,E01030035,Ipswich 001D,Public order,Unable to prosecute suspect,
6beb3300f7f9886c46447f322e9b7d941f9b08688474edb9b5bfb3df42b9baf6,2026-03,Suffolk Constabulary,Suffolk Constabulary,1.134958,52.085775,On or near Carlyle Close,E01030035,Ipswich 001D,Public order,Under investigation,
36a312b2f1266304dde3f47b8b40190f8797d0a7c2b6a5756bb080629e32dae2,2026-03,Suffolk Constabulary,Suffolk Constabulary,1.118712,52.084983,On or near Shopping Area,E01030035,Ipswich 001D,Shoplifting,Investigation complete; no suspect identified,
46a2c2ea42d21763239ff6794fc0d1d5e62e1ff182db7527ecd56bff7f74902a,2026-03,Suffolk Constabulary,Suffolk Constabulary,1.118712,52.084983,On or near Shopping Area,E01030035,Ipswich 001D,Shoplifting,Awaiting court outcome,
ef110c237bf5fc326b0279f19bd03d85fd9995807a0dc7a66d209b43015595c3,2026-03,Suffolk Constabulary,Suffolk Constabulary,1.118712,52.084983,On or near Shopping Area,E01030035,Ipswich 001D,Shoplifting,Investigation complete; no suspect identified,
79636f71f8de22dfddddfe535d46b36707dde46f9631f2e12b179894bf1c18da,2026-03,Suffolk Constabulary,Suffolk Constabulary,1.118712,52.084983,On or near Shopping Area,E01030035,Ipswich 001D,Shoplifting,Awaiting court outcome,
eedccf50b79dabb6307e3910549e107b7f15a19e66e948ec9600ee709b298c9a,2026-03,Suffolk Constabulary,Suffolk Constabulary,1.118712,52.084983,On or near Shopping Area,E01030035,Ipswich 001D,Shoplifting,Investigation complete; no suspect identified,
5c461ee97b8a0aa33f2e899e5376be948ba819729da56785fd20df8f0d95cc21,2026-03,Suffolk Constabulary,Suffolk Constabulary,1.122939,52.086140,On or near Old Norwich Road,E01030035,Ipswich 001D,Vehicle crime,Investigation complete; no suspect identified,
292682787f32de2f9531c33f6ef12f11936d3e5c7671356da1050fe03721c5b0,2026-03,Suffolk Constabulary,Suffolk Constabulary,1.125746,52.081811,On or near Malkin Close,E01030035,Ipswich 001D,Vehicle crime,Investigation complete; no suspect identified,
bcb7f46f66a7ad567966860d7094050bf0371ac44c977917cc6575ea36d94ed9,2026-03,Suffolk Constabulary,Suffolk Constabulary,1.134958,52.085775,On or near Carlyle Close,E01030035,Ipswich 001D,Violence and sexual offences,Action to be taken by another organisation,
573ca48b218b8a954be60cfccd75269c1325742a486aa9b08d3a78dfac44fdb0,2026-03,Suffolk Constabulary,Suffolk Constabulary,1.134958,52.085775,On or near Carlyle Close,E01030035,Ipswich 001D,Violence and sexual offences,Unable to prosecute suspect,
bf77b26cb232a58a330d8f25165f4ebc2509584febd017cb12eebcfa1a3f523d,2026-03,Suffolk Constabulary,Suffolk Constabulary,1.129561,52.086054,On or near Whitton Church Lane,E01030035,Ipswich 001D,Violence and sexual offences,Action to be taken by another organisation,
0769bd5082ca71f79c305e46f4ff3f3c554526a7d6db7f85c40f3c3895955e89,2026-03,Suffolk Constabulary,Suffolk Constabulary,1.129561,52.086054,On or near Whitton Church Lane,E01030035,Ipswich 001D,Violence and sexual offences,Action to be taken by another organisation,
50bb17ee105c200ac8ab47d3011626adf88a081368ad3af173d2ac43f36ada55,2026-03,Suffolk Constabulary,Suffolk Constabulary,1.118774,52.086286,On or near Anglia Parkway North,E01030035,Ipswich 001D,Violence and sexual offences,Investigation complete; no suspect identified,
cea7cd960373324da1157766a43a7972c1b5c2b3370414a6cfeb1a1c28291003,2026-03,Suffolk Constabulary,Suffolk Constabulary,1.133115,52.086355,On or near Akenham Close,E01030035,Ipswich 001D,Violence and sexual offences,Unable to prosecute suspect,
999422ce98ab9d71a3c32d226fdc2036f1b774f8a2ad238cde99fa70e69601b0,2026-03,Suffolk Constabulary,Suffolk Constabulary,1.130678,52.085125,On or near Byron Road,E01030035,Ipswich 001D,Violence and sexual offences,Unable to prosecute suspect,
fecd40dc691a77f66e4e87fc206d18055d01933f7c92c898f35d028341fb932e,2026-03,Suffolk Constabulary,Suffolk Constabulary,1.134958,52.085775,On or near Carlyle Close,E01030035,Ipswich 001D,Violence and sexual offences,Under investigation,
3a5e1912c6cd916d3d02712d66fe5fb2e21131f10c2d461a6cdda593ab5b6ae2,2026-03,Suffolk Constabulary,Suffolk Constabulary,1.130678,52.085125,On or near Byron Road,E01030035,Ipswich 001D,Violence and sexual offences,Local resolution,
673a8102004541a09b058d446bd15380870f5444cbf4b2f6dda81793960c7d19,2026-03,Suffolk Constabulary,Suffolk Constabulary,1.122939,52.086140,On or near Old Norwich Road,E01030035,Ipswich 001D,Violence and sexual offences,Unable to prosecute suspect,
38fc173ea7acbc0be67a625f4c75ee48dfbd5c7d2f26cbf4168392c0a4e70ab2,2026-03,Suffolk Constabulary,Suffolk Constabulary,1.134958,52.085775,On or near Carlyle Close,E01030035,Ipswich 001D,Violence and sexual offences,Under investigation,
6f427395a759e6a2a792b8951c5ae04767a43166010eafc9550021f51fb45d56,2026-03,Suffolk Constabulary,Suffolk Constabulary,1.118882,52.086373,On or near Whitton Lane,E01030035,Ipswich 001D,Violence and sexual offences,Action to be taken by another organisation,
104a5ec76f3ca55cf6f4b92b2c3a27ef6a77a27510f207854e9ea25454a37454,2026-03,Suffolk Constabulary,Suffolk Constabulary,1.133115,52.086355,On or near Akenham Close,E01030035,Ipswich 001D,Other crime,Unable to prosecute suspect,
,2026-03,Suffolk Constabulary,Suffolk Constabulary,1.138540,52.081696,On or near Kingsley Close,E01030036,Ipswich 001E,Anti-social behaviour,,
7da41b61f9663bc2c51ba3f0b0e5abde49348125b12d56be1cfd78e518c617e0,2026-03,Suffolk Constabulary,Suffolk Constabulary,1.134401,52.081995,On or near Moore Road,E01030036,Ipswich 001E,Burglary,Unable to prosecute suspect,
dd78366d9a78c991a50fcf4f6850cea81fff57522290aa50c6eb94a9054dccea,2026-03,Suffolk Constabulary,Suffolk Constabulary,1.138540,52.081696,On or near Kingsley Close,E01030036,Ipswich 001E,Criminal damage and arson,Unable to prosecute suspect,
4f8d71d5dbd6fa740ab15b8376cec28e16c75623930126d20bc0d9ee13968bcf,2026-03,Suffolk Constabulary,Suffolk Constabulary,1.135248,52.085327,On or near Homer Close,E01030036,Ipswich 001E,Shoplifting,Unable to prosecute suspect,
4e5f89a94bbeb857e6d982522df3b9dab17fad33a48ee0ad88f617994c84d32c,2026-03,Suffolk Constabulary,Suffolk Constabulary,1.137956,52.083771,On or near Limecroft Close,E01030036,Ipswich 001E,Violence and sexual offences,Action to be taken by another organisation,
c19a295df23a769df8af282008a4d9529ef6ff52b56d7f6b713915c0cfe9ddfb,2026-03,Suffolk Constabulary,Suffolk Constabulary,1.134738,52.083686,On or near Parnell Close,E01030036,Ipswich 001E,Violence and sexual offences,Unable to prosecute suspect,
094bcb376a6644b23b607b8b490738e4f07212ee249117f9ade999a269537511,2026-03,Suffolk Constabulary,Suffolk Constabulary,1.137956,52.083771,On or near Limecroft Close,E01030036,Ipswich 001E,Violence and sexual offences,Unable to prosecute suspect,
34c977c5b15040419990bc0e7f92a29f4fcaecae563912cfe33fff033f60896b,2026-03,Suffolk Constabulary,Suffolk Constabulary,1.135774,52.083469,On or near Parnell Road,E01030036,Ipswich 001E,Violence and sexual offences,Awaiting court outcome,
8926b0f8811c4d4fd94609c7544d7de19dd02e8724b2a3950b1f8cff30663c7b,2026-03,Suffolk Constabulary,Suffolk Constabulary,1.134738,52.083686,On or near Parnell Close,E01030036,Ipswich 001E,Violence and sexual offences,Unable to prosecute suspect,
b0703ad6926927e2a4faa02b6a2606953d10b1394ef5aac39ae5fd0c551b7d47,2026-03,Suffolk Constabulary,Suffolk Constabulary,1.137956,52.083771,On or near Limecroft Close,E01030036,Ipswich 001E,Violence and sexual offences,Awaiting court outcome,
b18cc1a85779c84f3f5882e4c2155de3bf87991eeec1b229a8ed99a59669059f,2026-03,Suffolk Constabulary,Suffolk Constabulary,1.138540,52.081696,On or near Kingsley Close,E01030036,Ipswich 001E,Violence and sexual offences,Under investigation,
37deb215b8adcdc71cd686725c3be7ad9862bd01597d940fc79679d7e1c7a849,2026-03,Suffolk Constabulary,Suffolk Constabulary,1.133203,52.081775,On or near Coleridge Road,E01030036,Ipswich 001E,Violence and sexual offences,Action to be taken by another organisation,
2b30cd8c3f20abae669f1279b52457e551618dd91a49f11b6c89a177c2b7e88f,2026-03,Suffolk Constabulary,Suffolk Constabulary,1.135248,52.085327,On or near Homer Close,E01030036,Ipswich 001E,Violence and sexual offences,Further investigation is not in the public interest,
53f92ad5d01e53108c188834110654b10cba513126171d78c9cd7de3a251b0cc,2026-03,Suffolk Constabulary,Suffolk Constabulary,1.137956,52.083771,On or near Limecroft Close,E01030036,Ipswich 001E,Violence and sexual offences,Action to be taken by another organisation,
e5e80480c62b54f6e66122fb44fc6c5ffdcf48a322da9954334b5fad0f80c3b1,2026-03,Suffolk Constabulary,Suffolk Constabulary,1.153190,52.075179,On or near The Grove Henley Road,E01029973,Ipswich 002A,Burglary,Investigation complete; no suspect identified,
7c9ff7f5c90848ac1d7ea294444852d6617cf56255a8e83cf6c6cee2c6c67882,2026-03,Suffolk Constabulary,Suffolk Constabulary,1.147159,52.073488,On or near Baronsdale Close,E01029973,Ipswich 002A,Other theft,Investigation complete; no suspect identified,
2bd8fd5ed28d102da23bcb0615b33338f217f007e53d585f095b3d0c14010c2a,2026-03,Suffolk Constabulary,Suffolk Constabulary,1.147364,52.074112,On or near Supermarket,E01029973,Ipswich 002A,Shoplifting,Investigation complete; no suspect identified,
9b982aa56f1e060d593513a5a07aeb5f8871461fbadd8073b9c7b7b6adcaa9f0,2026-03,Suffolk Constabulary,Suffolk Constabulary,1.147364,52.074112,On or near Supermarket,E01029973,Ipswich 002A,Shoplifting,Investigation complete; no suspect identified,
9b4766b5821a62b5c641b2d746a5aaab31c3b4c84625c145f534b48f089b52c7,2026-03,Suffolk Constabulary,Suffolk Constabulary,1.147364,52.074112,On or near Supermarket,E01029973,Ipswich 002A,Shoplifting,Investigation complete; no suspect identified,
923cf6e774d9121998b14506888953e90fef83332dd0098d2a5b3a549a043e1a,2026-03,Suffolk Constabulary,Suffolk Constabulary,1.147364,52.074112,On or near Supermarket,E01029973,Ipswich 002A,Shoplifting,Investigation complete; no suspect identified,
4e30b8a597af7140ff2937b6a37dc2391fa27143df5686a6e20763cde39109e6,2026-03,Suffolk Constabulary,Suffolk Constabulary,1.147364,52.074112,On or near Supermarket,E01029973,Ipswich 002A,Shoplifting,Investigation complete; no suspect identified,
0c5a9fcdcfc39c331c586a6133396534e344050e0acc31ece6e5fe1b34b6b777,2026-03,Suffolk Constabulary,Suffolk Constabulary,1.147364,52.074112,On or near Supermarket,E01029973,Ipswich 002A,Shoplifting,Awaiting court outcome,
b766fe48b43c4f677aab6cb4e27435c148abaf49b41c427ea99c2726d29bfa05,2026-03,Suffolk Constabulary,Suffolk Constabulary,1.147364,52.074112,On or near Supermarket,E01029973,Ipswich 002A,Shoplifting,Unable to prosecute suspect,
0711a9d4153279fe4fb3a23ced02230e0a668daeba0a898296b9f121493e7dd0,2026-03,Suffolk Constabulary,Suffolk Constabulary,1.147364,52.074112,On or near Supermarket,E01029973,Ipswich 002A,Shoplifting,Investigation complete; no suspect identified,
5b8a5aa363905ec778179b58f461902c08bcf4a897853be895698cc5cc1b8e0e,2026-03,Suffolk Constabulary,Suffolk Constabulary,1.147364,52.074112,On or near Supermarket,E01029973,Ipswich 002A,Shoplifting,Awaiting court outcome,
0c8a680b40bec8664e00d340a9ffb2e2f014f2bde0ff0ebaf704bbcc229f8bda,2026-03,Suffolk Constabulary,Suffolk Constabulary,1.147364,52.074112,On or near Supermarket,E01029973,Ipswich 002A,Shoplifting,Investigation complete; no suspect identified,
4becf7ecad069dbfddfa567ad2d7add294220231a7623b576da3e6c04c8474fc,2026-03,Suffolk Constabulary,Suffolk Constabulary,1.147364,52.074112,On or near Supermarket,E01029973,Ipswich 002A,Shoplifting,Awaiting court outcome,
3ee534d1deab2bc43847d29de1fb328ac979e69db8dab1974f6f062d539df950,2026-03,Suffolk Constabulary,Suffolk Constabulary,1.147364,52.074112,On or near Supermarket,E01029973,Ipswich 002A,Shoplifting,Under investigation,
cc8339bb2c7e2da3631bf4f2295f73922d71fa03e329fee7be7f3a2152d5a841,2026-03,Suffolk Constabulary,Suffolk Constabulary,1.147364,52.074112,On or near Supermarket,E01029973,Ipswich 002A,Shoplifting,Awaiting court outcome,
006e708df01455201aa09ee5a5e69f8cdb7c104bd09c480ca3222068e2f4ffaf,2026-03,Suffolk Constabulary,Suffolk Constabulary,1.147364,52.074112,On or near Supermarket,E01029973,Ipswich 002A,Shoplifting,Investigation complete; no suspect identified,
0a4de500c18fe8bd9c05d963e19ddff942f2dfd15891eaa732d453dcf4969969,2026-03,Suffolk Constabulary,Suffolk Constabulary,1.147364,52.074112,On or near Supermarket,E01029973,Ipswich 002A,Shoplifting,Investigation complete; no suspect identified,
489abbcd84dd2486ba101a9169945f3f52fa33d4b89791f98d87fd283279e679,2026-03,Suffolk Constabulary,Suffolk Constabulary,1.147364,52.074112,On or near Supermarket,E01029973,Ipswich 002A,Shoplifting,Investigation complete; no suspect identified,
9f51f3394b4227bbfca55f2284cedfa166a32e1584687a1ac367ba56b6125ddf,2026-03,Suffolk Constabulary,Suffolk Constabulary,1.147364,52.074112,On or near Supermarket,E01029973,Ipswich 002A,Shoplifting,Awaiting court outcome,
8968f290a42a35b32688154b6af77b2ae2902accfade30e41c82c30850e2f4bc,2026-03,Suffolk Constabulary,Suffolk Constabulary,1.147364,52.074112,On or near Supermarket,E01029973,Ipswich 002A,Shoplifting,Investigation complete; no suspect identified,
9f204a606a7765a103ab9a31f6017fe4001b34e2378c587ccdf9733c2e523ca8,2026-03,Suffolk Constabulary,Suffolk Constabulary,1.147789,52.071232,On or near Cotswold Avenue,E01029973,Ipswich 002A,Violence and sexual offences,Unable to prosecute suspect,
816a7567d67ca24e93233a4ea9397d00d054cbc86a665bb5d0738e06c114b667,2026-03,Suffolk Constabulary,Suffolk Constabulary,1.137593,52.068815,On or near Kensington Road,E01029974,Ipswich 002B,Burglary,Investigation complete; no suspect identified,
31acaacc7caefe7ae55a5a8b591d7fe76cef8d93a202626ccd616ef667c930db,2026-03,Suffolk Constabulary,Suffolk Constabulary,1.137817,52.076588,On or near Elmcroft Road,E01029975,Ipswich 002C,Burglary,Investigation complete; no suspect identified,
9f0b7130ff7aaef6987082f495972e5d25a599af548ad4c962d012b102c0582d,2026-03,Suffolk Constabulary,Suffolk Constabulary,1.137909,52.077908,On or near Willowcroft Road,E01029975,Ipswich 002C,Other theft,Unable to prosecute suspect,
e8c0ded51dfeacb645c62bc2f4d51a385f9bfce3c8f88f7dbb07f1440ca3cada,2026-03,Suffolk Constabulary,Suffolk Constabulary,1.137909,52.077908,On or near Willowcroft Road,E01029975,Ipswich 002C,Violence and sexual offences,Unable to prosecute suspect,
72ec165a4ad77e90adad4de861b55660ace99a543e01a90179c1cf88080c8aa4,2026-03,Suffolk Constabulary,Suffolk Constabulary,1.126865,52.078813,On or near Meredith Road,E01029976,Ipswich 002D,Possession of weapons,Awaiting court outcome,
3337bc33b301dcdaa2f345b5aaa2bc12808069c75de57bcbac1fc8d19330e50a,2026-03,Suffolk Constabulary,Suffolk Constabulary,1.126865,52.078813,On or near Meredith Road,E01029976,Ipswich 002D,Shoplifting,Unable to prosecute suspect,
feb9ac71aebbd60901bb6c7a3579d28058e29d0cf91042700315a25dbeb12bb2,2026-03,Suffolk Constabulary,Suffolk Constabulary,1.126865,52.078813,On or near Meredith Road,E01029976,Ipswich 002D,Shoplifting,Investigation complete; no suspect identified,
3bdc041d6a04caa15c9232caed24dcccdf262fb78612169d98a66a1aba190564,2026-03,Suffolk Constabulary,Suffolk Constabulary,1.127872,52.078607,On or near Supermarket,E01029976,Ipswich 002D,Shoplifting,Investigation complete; no suspect identified,
e24dfe90c522e8dc85014d8800f7f51870bce5c431b61627a68b74ff0b255336,2026-03,Suffolk Constabulary,Suffolk Constabulary,1.126865,52.078813,On or near Meredith Road,E01029976,Ipswich 002D,Shoplifting,Investigation complete; no suspect identified,
892c0aad29d613cae46feaedd728c83136fb70e172808c88b331009f6fee4d51,2026-03,Suffolk Constabulary,Suffolk Constabulary,1.126448,52.075991,On or near Broadway Lane,E01029976,Ipswich 002D,Vehicle crime,Awaiting court outcome,
7e508644bd2c0e6e1327df16023d182492f5281eeaa7d41a213d6629f2cd27db,2026-03,Suffolk Constabulary,Suffolk Constabulary,1.130495,52.076244,On or near Mansfield Avenue,E01029976,Ipswich 002D,Violence and sexual offences,Action to be taken by another organisation,
296d7e106774ec9fe9311db0564261c2b7f63327ef0cef06a8bb7c176eaef84c,2026-03,Suffolk Constabulary,Suffolk Constabulary,1.130495,52.076244,On or near Mansfield Avenue,E01029976,Ipswich 002D,Violence and sexual offences,Action to be taken by another organisation,
6e5c4e0264783d88a8f063e97dd65603310385ac88723f72ece285c62e0fdd01,2026-03,Suffolk Constabulary,Suffolk Constabulary,1.134454,52.072343,On or near Ashcroft Lane,E01029977,Ipswich 002E,Violence and sexual offences,Under investigation,
62725820b55374e0dd86950fe53779ada46d22394f88e31622424df1a4f5708e,2026-03,Suffolk Constabulary,Suffolk Constabulary,1.136908,52.072790,On or near Princedale Close,E01029977,Ipswich 002E,Violence and sexual offences,Unable to prosecute suspect,
,2026-03,Suffolk Constabulary,Suffolk Constabulary,1.125290,52.069654,On or near Wallace Road,E01030027,Ipswich 003A,Anti-social behaviour,,
4d1f2279922817578bd7c7e2bed04e4c06e8ca9be13dde0c29c9656dfc7b5526,2026-03,Suffolk Constabulary,Suffolk Constabulary,1.118113,52.066346,On or near Ganymede Close,E01030027,Ipswich 003A,Bicycle theft,Investigation complete; no suspect identified,
b8c49eda4f0fe6bb54ad95fcd7f52c1835b675c9e1eda02b5f1712e4548ac4c7,2026-03,Suffolk Constabulary,Suffolk Constabulary,1.126820,52.068364,On or near Brett Close,E01030027,Ipswich 003A,Criminal damage and arson,Investigation complete; no suspect identified,
8dc8c683d8689f0d5dc5817d7a086a7d8db83391f62562893d7f6c72f4f3ff0d,2026-03,Suffolk Constabulary,Suffolk Constabulary,1.128743,52.069572,On or near Bramford Lane,E01030027,Ipswich 003A,Public order,Awaiting court outcome,
d67908da2ae19a31f9170b49b0c7a6ead2a36830022c41b32ebd9676fa18ffe4,2026-03,Suffolk Constabulary,Suffolk Constabulary,1.122208,52.063971,On or near Boss Hall Road,E01030027,Ipswich 003A,Shoplifting,Investigation complete; no suspect identified,
a7fcb553aed5be2a7cd346baff1baa66eb1bcd63871bbb92a50be416e2ab29f8,2026-03,Suffolk Constabulary,Suffolk Constabulary,1.120650,52.063392,On or near Supermarket,E01030027,Ipswich 003A,Shoplifting,Investigation complete; no suspect identified,
4cef85608dc25cb35ceb632d881a58e53c55f2944521f9ef8f6aba751e3d908f,2026-03,Suffolk Constabulary,Suffolk Constabulary,1.118113,52.066346,On or near Ganymede Close,E01030027,Ipswich 003A,Shoplifting,Investigation complete; no suspect identified,
e4a6adf31057f1400635fec9e9a14b9295d2687a9bc474df8aab8e7326bc8a08,2026-03,Suffolk Constabulary,Suffolk Constabulary,1.120650,52.063392,On or near Supermarket,E01030027,Ipswich 003A,Shoplifting,Investigation complete; no suspect identified,
1dab563670f66b49867e3e0397ab49af6ede69014f448b7533031e2c45b749a2,2026-03,Suffolk Constabulary,Suffolk Constabulary,1.120650,52.063392,On or near Supermarket,E01030027,Ipswich 003A,Shoplifting,Awaiting court outcome,
ad5d2689f62b7d5ccc31d712c2fb4c1ce59368ef814cc6f68962623b255278c0,2026-03,Suffolk Constabulary,Suffolk Constabulary,1.123616,52.067199,On or near Dandalan Close,E01030027,Ipswich 003A,Violence and sexual offences,Action to be taken by another organisation,
0fb11d4cddee6a3c16a3f6fc48fb6f51213f797a398d647bb030b4846ac43745,2026-03,Suffolk Constabulary,Suffolk Constabulary,1.123616,52.067199,On or near Dandalan Close,E01030027,Ipswich 003A,Violence and sexual offences,Action to be taken by another organisation,
b703ff5bb7763d7435374c05e119cef0a92c677e5f2dec3f83edf64e463a41db,2026-03,Suffolk Constabulary,Suffolk Constabulary,1.109474,52.071179,On or near River Hill,E01030028,Ipswich 003B,Criminal damage and arson,Unable to prosecute suspect,
b81a82d5ec504a2a0edfd41e75ef97cbf111e772aa4690abf6dd4b85f0577179,2026-03,Suffolk Constabulary,Suffolk Constabulary,1.116561,52.071307,On or near High View Road,E01030028,Ipswich 003B,Criminal damage and arson,Investigation complete; no suspect identified,
ce6843143e0ed8fd31eab4cf9ef5623c6c4afc8959f65fff32d52c40019cafad,2026-03,Suffolk Constabulary,Suffolk Constabulary,1.117938,52.069067,On or near Adair Road,E01030028,Ipswich 003B,Possession of weapons,Under investigation,
49d109ecb3fdba56129e937ae3fc930a10eca2e7c357a8a6804f7056b0788fa1,2026-03,Suffolk Constabulary,Suffolk Constabulary,1.115416,52.075186,On or near Antrim Road,E01030028,Ipswich 003B,Public order,Unable to prosecute suspect,
e6e446b478aa7fca407cd34306a106f3986f3f825f6d62fef36ac30d6ae2af84,2026-03,Suffolk Constabulary,Suffolk Constabulary,1.115416,52.075186,On or near Antrim Road,E01030028,Ipswich 003B,Vehicle crime,Investigation complete; no suspect identified,
38aca532435b509640dabff46b210191534effbe02185e26b49ca8e6fef73c6e,2026-03,Suffolk Constabulary,Suffolk Constabulary,1.115416,52.075186,On or near Antrim Road,E01030028,Ipswich 003B,Vehicle crime,Investigation complete; no suspect identified,
388f1ae51da703295336b0113d62798b659dd0fbac1971648e07db402fe9a2ba,2026-03,Suffolk Constabulary,Suffolk Constabulary,1.113700,52.073604,On or near Morgan Drive,E01030028,Ipswich 003B,Vehicle crime,Unable to prosecute suspect,
37cdbc117de62a88a4a50686dc19d8130298052aaeca9b680e22a3414005b9c7,2026-03,Suffolk Constabulary,Suffolk Constabulary,1.115872,52.068537,On or near Spinner Close,E01030028,Ipswich 003B,Violence and sexual offences,Action to be taken by another organisation,
91bee9947a1c79db40fca347b6c712a6b961a1406c609fd40deffeed0eb67876,2026-03,Suffolk Constabulary,Suffolk Constabulary,1.115872,52.068537,On or near Spinner Close,E01030028,Ipswich 003B,Violence and sexual offences,Action to be taken by another organisation,
5c43cc6c4194fc209d84e263898ec7c6486bc5ef6c1de3beaa8f54cc737c0da6,2026-03,Suffolk Constabulary,Suffolk Constabulary,1.116131,52.077074,On or near Lovetofts Drive,E01030028,Ipswich 003B,Violence and sexual offences,Action to be taken by another organisation,
db48781de57715e8895a471252bf0a8960590fa6bfb7f4acb56385dbb3748399,2026-03,Suffolk Constabulary,Suffolk Constabulary,1.115872,52.068537,On or near Spinner Close,E01030028,Ipswich 003B,Violence and sexual offences,Under investigation,
875998209dce8f7c236211eced505cbc19544a905e7205a310b0a257c83f03b5,2026-03,Suffolk Constabulary,Suffolk Constabulary,1.114513,52.068924,On or near Weaver Close,E01030028,Ipswich 003B,Other crime,Further investigation is not in the public interest,
b8aecdaaa2e9b8b182503f5533f5b52fd91e51123833f1a7c9c113a2d95cdebf,2026-03,Suffolk Constabulary,Suffolk Constabulary,1.131670,52.071769,On or near Deben Road,E01030029,Ipswich 003C,Other theft,Under investigation,
ea401314a6b5f3e217a3b618b86b19ee0f3274d5680ef20cb06f4b4a4320f225,2026-03,Suffolk Constabulary,Suffolk Constabulary,1.130955,52.070736,On or near Cromer Road,E01030029,Ipswich 003C,Public order,Local resolution,
ab1f6de76eecc2ce0e28389b2f26a4217784d0ae50e39134e24594e10ce3ba53,2026-03,Suffolk Constabulary,Suffolk Constabulary,1.118528,52.076066,On or near Wexford Road,E01030029,Ipswich 003C,Public order,Investigation complete; no suspect identified,
26292b4f2c9860947a85b5d488cf15e79726d2f648f58453f07df61ac5c8d9d3,2026-03,Suffolk Constabulary,Suffolk Constabulary,1.118153,52.074457,On or near Supermarket,E01030029,Ipswich 003C,Shoplifting,Investigation complete; no suspect identified,
89b7c9a5d069f39c30b5eac1c4d4d75ec6e5ca80ad409083bc130dc7d7b8d4a8,2026-03,Suffolk Constabulary,Suffolk Constabulary,1.118153,52.074457,On or near Supermarket,E01030029,Ipswich 003C,Shoplifting,Awaiting court outcome,
8dbcb421baeb6a08c412c4916a3adc194f727b2de5cb3f1f3481cb36987fe1c9,2026-03,Suffolk Constabulary,Suffolk Constabulary,1.118153,52.074457,On or near Supermarket,E01030029,Ipswich 003C,Shoplifting,Investigation complete; no suspect identified,
06f4aa9b8f2d66082ef82ddb4fd0cb974572e160595229795ff0cd27f6bad544,2026-03,Suffolk Constabulary,Suffolk Constabulary,1.118062,52.074415,On or near Mcclure Way,E01030029,Ipswich 003C,Vehicle crime,Investigation complete; no suspect identified,
93c30090fd987eeaf5171cfab1a9582a24368c6bc8b0ee940a95e6a5b8133235,2026-03,Suffolk Constabulary,Suffolk Constabulary,1.118528,52.076066,On or near Wexford Road,E01030029,Ipswich 003C,Violence and sexual offences,Awaiting court outcome,
7e7d21d82c06da7dc4a52e02162bd6a468fdbb51a5edb5e1c9a3c2c4d8db133b,2026-03,Suffolk Constabulary,Suffolk Constabulary,1.121514,52.073055,On or near Galway Avenue,E01030029,Ipswich 003C,Violence and sexual offences,Under investigation,
bc9332bcda6f7134aa3dbfd9cd007b9f4fcc9a8784e960dab70fe0a1c5d1c398,2026-03,Suffolk Constabulary,Suffolk Constabulary,1.118528,52.076066,On or near Wexford Road,E01030029,Ipswich 003C,Violence and sexual offences,Unable to prosecute suspect,
461964221c5d7efc82d42bae8c2779d3639fc512bdb896d60dc2adffc45ecf33,2026-03,Suffolk Constabulary,Suffolk Constabulary,1.121514,52.073055,On or near Galway Avenue,E01030029,Ipswich 003C,Violence and sexual offences,Action to be taken by another organisation,
,2026-03,Suffolk Constabulary,Suffolk Constabulary,1.117217,52.066891,On or near Titan Court,E01030030,Ipswich 003D,Anti-social behaviour,,
df0705ec01de0c199bafdbb4cc92387d3e18b34a7931d5b3f03d81c79f9c9813,2026-03,Suffolk Constabulary,Suffolk Constabulary,1.117365,52.068389,On or near Lone Barn Court,E01030030,Ipswich 003D,Shoplifting,Investigation complete; no suspect identified,
991c1dd500b912746101c8ee5c8e4b818c802f3a74b4d530f7f690b6c089ccf9,2026-03,Suffolk Constabulary,Suffolk Constabulary,1.121658,52.069886,On or near Shafto Road,E01030030,Ipswich 003D,Violence and sexual offences,Unable to prosecute suspect,
,2026-03,Suffolk Constabulary,Suffolk Constabulary,1.119987,52.078987,On or near Cavan Road,E01030031,Ipswich 003E,Anti-social behaviour,,
41800dc68864fc5c84f0010554bb9e759f2e766fcb9376caa5b41379abe1a294,2026-03,Suffolk Constabulary,Suffolk Constabulary,1.115411,52.080142,On or near Olympus Close,E01030031,Ipswich 003E,Burglary,Investigation complete; no suspect identified,
b3cbad5c136233ec3b655af3d6662699d566b66cbfaffeda6f99d42211931692,2026-03,Suffolk Constabulary,Suffolk Constabulary,1.118587,52.079429,On or near Wicklow Road,E01030031,Ipswich 003E,Burglary,Investigation complete; no suspect identified,
420e640f091cdc2befb0c620673031817c4f158106736ee8f378044001160f43,2026-03,Suffolk Constabulary,Suffolk Constabulary,1.118587,52.079429,On or near Wicklow Road,E01030031,Ipswich 003E,Burglary,Investigation complete; no suspect identified,
354a9bd6036c939411238c40fb7d8a8da67a244efd6a3c085f769f09970ba3af,2026-03,Suffolk Constabulary,Suffolk Constabulary,1.114123,52.084080,On or near Supermarket,E01030031,Ipswich 003E,Criminal damage and arson,Investigation complete; no suspect identified,
e98fabf433c1f5fbe1b1fba4bc979aff28eafab4344591029d39d418835c509e,2026-03,Suffolk Constabulary,Suffolk Constabulary,1.111041,52.086364,On or near West Meadows,E01030031,Ipswich 003E,Drugs,Awaiting court outcome,
9d7ffcd76a55d114a513f06e8b6f3935d1b3b36ce3714fcdad90430fd2955479,2026-03,Suffolk Constabulary,Suffolk Constabulary,1.119987,52.078987,On or near Cavan Road,E01030031,Ipswich 003E,Public order,Unable to prosecute suspect,
7b4bcd2f90827df53b44f996f96c88f3b358f0d3ce58d105bcdc59890f064ce1,2026-03,Suffolk Constabulary,Suffolk Constabulary,1.111041,52.086364,On or near West Meadows,E01030031,Ipswich 003E,Public order,Unable to prosecute suspect,
ec600d4d1fab82ead1078201f9e869ceb855eef2883225b33110bc35f78b295e,2026-03,Suffolk Constabulary,Suffolk Constabulary,1.114123,52.084080,On or near Supermarket,E01030031,Ipswich 003E,Shoplifting,Investigation complete; no suspect identified,
2fb58ac6333cedf56f9d894d8db859f7e099161a28923451fcf2e182522180b0,2026-03,Suffolk Constabulary,Suffolk Constabulary,1.114123,52.084080,On or near Supermarket,E01030031,Ipswich 003E,Shoplifting,Investigation complete; no suspect identified,
3b49361f5f9c1b76844e0fed9e10e3ff92b12aa2a1e8e9a45bda2cc35e60b261,2026-03,Suffolk Constabulary,Suffolk Constabulary,1.114123,52.084080,On or near Supermarket,E01030031,Ipswich 003E,Shoplifting,Awaiting court outcome,
9b3a810fe4433a8d75627571c0db36e7340d581b883bf5e7422e6af798f1623d,2026-03,Suffolk Constabulary,Suffolk Constabulary,1.114123,52.084080,On or near Supermarket,E01030031,Ipswich 003E,Shoplifting,Investigation complete; no suspect identified,
c08f120686ef55425df3bdfb9062b4e72aecadd927f8021ff25d900400346be2,2026-03,Suffolk Constabulary,Suffolk Constabulary,1.114123,52.084080,On or near Supermarket,E01030031,Ipswich 003E,Shoplifting,Investigation complete; no suspect identified,
b6462e99804f63750b94af762ba2cf3afb21212ef1d944e973ce6900f12d834c,2026-03,Suffolk Constabulary,Suffolk Constabulary,1.114123,52.084080,On or near Supermarket,E01030031,Ipswich 003E,Shoplifting,Unable to prosecute suspect,
245c3dd4c779720b0c595659eeffacfaf601952919605f8e5a2656da35c60a66,2026-03,Suffolk Constabulary,Suffolk Constabulary,1.114123,52.084080,On or near Supermarket,E01030031,Ipswich 003E,Shoplifting,Unable to prosecute suspect,
0167c1fa07ebb2db73ad7399f005c5f5a9559abe01dede82bf33e84e593c173e,2026-03,Suffolk Constabulary,Suffolk Constabulary,1.114123,52.084080,On or near Supermarket,E01030031,Ipswich 003E,Shoplifting,Local resolution,
98d3f8952fd62774f267068f7c3afc405b7b1544b93aeacbcf72a5b01310850c,2026-03,Suffolk Constabulary,Suffolk Constabulary,1.114123,52.084080,On or near Supermarket,E01030031,Ipswich 003E,Shoplifting,Investigation complete; no suspect identified,
68e7dee09d22ff204e353e4865651d3385b817553f409dae0552881df1d24dde,2026-03,Suffolk Constabulary,Suffolk Constabulary,1.114123,52.084080,On or near Supermarket,E01030031,Ipswich 003E,Shoplifting,Investigation complete; no suspect identified,
19a1d25d064c3c99ccd6c7fc5c4c456cc1b833f1678c12079196dd4b50058404,2026-03,Suffolk Constabulary,Suffolk Constabulary,1.112917,52.077033,On or near Foden Avenue,E01030031,Ipswich 003E,Violence and sexual offences,Unable to prosecute suspect,
4b5377ac3db82f2cfa548cb0ae6a8dd50d8a9233879dcf049ddb96467a2b6ee8,2026-03,Suffolk Constabulary,Suffolk Constabulary,1.111041,52.086364,On or near West Meadows,E01030031,Ipswich 003E,Violence and sexual offences,Under investigation,
e0000719c406661b770ef4537a5db86420a92283585b5b2a921d3cb4198a8a3b,2026-03,Suffolk Constabulary,Suffolk Constabulary,1.118526,52.078135,On or near Donegal Road,E01030031,Ipswich 003E,Violence and sexual offences,Unable to prosecute suspect,
74b3a1621a5b8d95ec400a9b6b59bedafaa510f184486c6db9a0b5cbbc885227,2026-03,Suffolk Constabulary,Suffolk Constabulary,1.112917,52.077033,On or near Foden Avenue,E01030031,Ipswich 003E,Violence and sexual offences,Unable to prosecute suspect,
0e524b64169fddfc66dfc97b3d933427237c174691ed21afded759f49f4c9933,2026-03,Suffolk Constabulary,Suffolk Constabulary,1.120569,52.077496,On or near Waterford Road,E01030031,Ipswich 003E,Violence and sexual offences,Unable to prosecute suspect,
827d956ac7d522cd626794f0fcc84334b7159ac5ea979293a584b94d2689d1e0,2026-03,Suffolk Constabulary,Suffolk Constabulary,1.111041,52.086364,On or near West Meadows,E01030031,Ipswich 003E,Other crime,Under investigation,
,2026-03,Suffolk Constabulary,Suffolk Constabulary,1.177527,52.065612,On or near Whitby Road,E01029997,Ipswich 004A,Anti-social behaviour,,
,2026-03,Suffolk Constabulary,Suffolk Constabulary,1.176582,52.066276,On or near Beverley Road,E01029997,Ipswich 004A,Anti-social behaviour,,
,2026-03,Suffolk Constabulary,Suffolk Constabulary,1.176582,52.066276,On or near Beverley Road,E01029997,Ipswich 004A,Anti-social behaviour,,
75588fd2911ecf13f748593e34950d0b8f4e1d667bc369c8f859f8a92c603987,2026-03,Suffolk Constabulary,Suffolk Constabulary,1.174922,52.067149,On or near Somerset Road,E01029997,Ipswich 004A,Violence and sexual offences,Unable to prosecute suspect,
8d08a29d9ffd7fb80e5331029383f7b8d278d443ef8cab8c2eebb411d1b28196,2026-03,Suffolk Constabulary,Suffolk Constabulary,1.189692,52.069412,On or near Troon Gardens,E01029998,Ipswich 004B,Criminal damage and arson,Awaiting court outcome,
fd90c68a3bac5b62892ae7032754fc47a9d8123e682ee8f225bc633690523426,2026-03,Suffolk Constabulary,Suffolk Constabulary,1.192700,52.068422,On or near Supermarket,E01029998,Ipswich 004B,Criminal damage and arson,Unable to prosecute suspect,
eafee16834a843efa6e26d2399df0942c3a63a742be8e0484e378933fed2b477,2026-03,Suffolk Constabulary,Suffolk Constabulary,1.189068,52.068439,On or near Melrose Gardens,E01029998,Ipswich 004B,Public order,Under investigation,
93c98df116caa2cde20e6e22df7f37962cc365b13f9a54a7871f7fcd06b40d70,2026-03,Suffolk Constabulary,Suffolk Constabulary,1.189692,52.069412,On or near Troon Gardens,E01029998,Ipswich 004B,Public order,Awaiting court outcome,
38c798b29727a550e1bc92b2cb4329f4ce37ed18c52d532abdba6583426ba808,2026-03,Suffolk Constabulary,Suffolk Constabulary,1.191040,52.067855,On or near Cromarty Road,E01029998,Ipswich 004B,Vehicle crime,Investigation complete; no suspect identified,
b30fbc922bf42955541c909026a080f24f5729f860a1f1b4b84ea1573ca5df03,2026-03,Suffolk Constabulary,Suffolk Constabulary,1.196655,52.069843,On or near Glencoe Road,E01029998,Ipswich 004B,Violence and sexual offences,Unable to prosecute suspect,
b8005363118d1add334382548b0e0eac632764b21493b47e73743916cc72c9db,2026-03,Suffolk Constabulary,Suffolk Constabulary,1.191040,52.067855,On or near Cromarty Road,E01029998,Ipswich 004B,Violence and sexual offences,Unable to prosecute suspect,
a5d89e8b8f58223491467c3ab044f3d5f86dc196bf2e19daeac445f86968bb6d,2026-03,Suffolk Constabulary,Suffolk Constabulary,1.196112,52.068986,On or near Dumfries Road,E01029998,Ipswich 004B,Violence and sexual offences,Unable to prosecute suspect,
5b6a094b7cce836711d207463939029de35f89e9b4fe7e59c18731edf991a307,2026-03,Suffolk Constabulary,Suffolk Constabulary,1.189653,52.070105,On or near Aberdeen Way,E01029998,Ipswich 004B,Violence and sexual offences,Investigation complete; no suspect identified,
fe54c83bbfed6e70622ad196d7bb1fb977b75825a591f862bac1baf946fa5c27,2026-03,Suffolk Constabulary,Suffolk Constabulary,1.192700,52.068422,On or near Supermarket,E01029998,Ipswich 004B,Violence and sexual offences,Unable to prosecute suspect,
b09911dde9b8777e9ad61cd23ddc4ff908f57d4acba0a670b82782400a468553,2026-03,Suffolk Constabulary,Suffolk Constabulary,1.192700,52.068422,On or near Supermarket,E01029998,Ipswich 004B,Violence and sexual offences,Unable to prosecute suspect,
9a54e29f2ba9a1c52b9aef3de0847af66d3eb6ccb3dff45c24631868ff005ea8,2026-03,Suffolk Constabulary,Suffolk Constabulary,1.189068,52.068439,On or near Melrose Gardens,E01029998,Ipswich 004B,Violence and sexual offences,Unable to prosecute suspect,
afa264e99f23ea03f4336a67c8b2ead32c97de4d0c0b1da068fe1b5590e27399,2026-03,Suffolk Constabulary,Suffolk Constabulary,1.191552,52.068894,On or near Renfrew Road,E01029998,Ipswich 004B,Violence and sexual offences,Unable to prosecute suspect,
35fab1bf3c0c986da01ad2731e5bd8a59c9272ba3c3959f69c0c380029456ae6,2026-03,Suffolk Constabulary,Suffolk Constabulary,1.189692,52.069412,On or near Troon Gardens,E01029998,Ipswich 004B,Violence and sexual offences,Awaiting court outcome,
2d435988eee7b8372702451409fc20dec1ee16398658c71df11937a9354d05f4,2026-03,Suffolk Constabulary,Suffolk Constabulary,1.191040,52.067855,On or near Cromarty Road,E01029998,Ipswich 004B,Violence and sexual offences,Unable to prosecute suspect,
903ada86c32f40f30c6d47850a2709f1f33768c8dc92441cd742891938a409d0,2026-03,Suffolk Constabulary,Suffolk Constabulary,1.191040,52.067855,On or near Cromarty Road,E01029998,Ipswich 004B,Violence and sexual offences,Unable to prosecute suspect,
bc7ecac6f3e0a114306d6f5a982c4d70e73cf2757097d964bb0a8c29f0002e18,2026-03,Suffolk Constabulary,Suffolk Constabulary,1.189692,52.069412,On or near Troon Gardens,E01029998,Ipswich 004B,Other crime,Further investigation is not in the public interest,
24aa44be6b9a79dce35b8b82a448e3ef8bef5c406d173542ebabf707d427b0d8,2026-03,Suffolk Constabulary,Suffolk Constabulary,1.184673,52.062883,On or near Victory Road,E01029999,Ipswich 004C,Criminal damage and arson,Under investigation,
634f858e81895051d645fa10139e19dde908ffe9135f3a4b05b28443de523faa,2026-03,Suffolk Constabulary,Suffolk Constabulary,1.190636,52.067308,On or near Caithness Close,E01029999,Ipswich 004C,Criminal damage and arson,Unable to prosecute suspect,
18ec1be58336b6f0adbc9a6a46bd49940fc8f92f9be81c9d299900451f3de6fe,2026-03,Suffolk Constabulary,Suffolk Constabulary,1.190636,52.067308,On or near Caithness Close,E01029999,Ipswich 004C,Possession of weapons,Unable to prosecute suspect,
069f1c4fdd55f9c80344a92f07ff80cc788ace452080014248ab5f8428d65ff4,2026-03,Suffolk Constabulary,Suffolk Constabulary,1.182546,52.063543,On or near Roundwood Road,E01029999,Ipswich 004C,Public order,Action to be taken by another organisation,
f48ca3b34e96133fe42e940fb6ffe2c964a18a708a313c6b525dfc1080e70c96,2026-03,Suffolk Constabulary,Suffolk Constabulary,1.190636,52.067308,On or near Caithness Close,E01029999,Ipswich 004C,Violence and sexual offences,Unable to prosecute suspect,
58ee5e3b3b3014d9f375e15c1bfe7957b7dd84f42e270b4078d67c7ea70cbd0b,2026-03,Suffolk Constabulary,Suffolk Constabulary,1.179909,52.063398,On or near Stradbroke Road,E01029999,Ipswich 004C,Violence and sexual offences,Unable to prosecute suspect,
,2026-03,Suffolk Constabulary,Suffolk Constabulary,1.175891,52.062500,On or near Khartoum Road,E01030000,Ipswich 004D,Anti-social behaviour,,
55985fdca5edb798f9b71860d9992869fd794aec40524416b340678246321301,2026-03,Suffolk Constabulary,Suffolk Constabulary,1.174437,52.061747,On or near Supermarket,E01030000,Ipswich 004D,Other theft,Investigation complete; no suspect identified,
0903804cdeda21c4f79486b6c453febd3b3b3ccbf4dd4197e385fc680a2793db,2026-03,Suffolk Constabulary,Suffolk Constabulary,1.174437,52.061747,On or near Supermarket,E01030000,Ipswich 004D,Shoplifting,Investigation complete; no suspect identified,
3f860d99288cb147ceeac05897c592a3f1df9fa99fa450d21fd5291697239658,2026-03,Suffolk Constabulary,Suffolk Constabulary,1.174437,52.061747,On or near Supermarket,E01030000,Ipswich 004D,Shoplifting,Awaiting court outcome,
ed8c70d4b688455225171dcabab84674c335ebc80db385c362402d1f5e598e03,2026-03,Suffolk Constabulary,Suffolk Constabulary,1.174437,52.061747,On or near Supermarket,E01030000,Ipswich 004D,Shoplifting,Awaiting court outcome,
19eefee56af45051376922caf7b6a8ef975aba7ae804aabc92082163f8c0622d,2026-03,Suffolk Constabulary,Suffolk Constabulary,1.173438,52.062062,On or near Parade Road,E01030000,Ipswich 004D,Violence and sexual offences,Unable to prosecute suspect,
86c36f827dfad98d6eec20e6ea05a182d25e75d884bcc3becfb1cbbd3f4c8c0a,2026-03,Suffolk Constabulary,Suffolk Constabulary,1.176233,52.063417,On or near Lonsdale Close,E01030000,Ipswich 004D,Violence and sexual offences,Unable to prosecute suspect,
,2026-03,Suffolk Constabulary,Suffolk Constabulary,1.184273,52.069145,On or near Shetland Close,E01030001,Ipswich 004E,Anti-social behaviour,,
bbcb36532a2bdd5fb8485537b35fec69f5be3309d25a60b188900d9c156f74ab,2026-03,Suffolk Constabulary,Suffolk Constabulary,1.189978,52.072201,On or near Angus Close,E01030001,Ipswich 004E,Bicycle theft,Investigation complete; no suspect identified,
d6491195775cfab34518adf68af424ae10841fc1b3524569f193a1ebeaa32242,2026-03,Suffolk Constabulary,Suffolk Constabulary,1.177950,52.070323,On or near Supermarket,E01030001,Ipswich 004E,Burglary,Investigation complete; no suspect identified,
28d1b8abc9e945b626cd00b0519c3003d979e7acaf5b5e4727182bb8f7e3d48d,2026-03,Suffolk Constabulary,Suffolk Constabulary,1.186186,52.073300,On or near Sports/Recreation Area,E01030001,Ipswich 004E,Criminal damage and arson,Under investigation,
61e64bc36374eed82025d8f634b93c2ec394b2f751947b8f2444ea6b4ac98cf6,2026-03,Suffolk Constabulary,Suffolk Constabulary,1.183224,52.069991,On or near Orkney Road,E01030001,Ipswich 004E,Criminal damage and arson,Unable to prosecute suspect,
5013e226763a9f5c528a123142722051068d5ec6d002a353497b9232e395aba9,2026-03,Suffolk Constabulary,Suffolk Constabulary,1.183224,52.069991,On or near Orkney Road,E01030001,Ipswich 004E,Criminal damage and arson,Unable to prosecute suspect,
d3151f5ec8c5bd1424f8774615afb1a1938980588679b92831f5213833cabff8,2026-03,Suffolk Constabulary,Suffolk Constabulary,1.183224,52.069991,On or near Orkney Road,E01030001,Ipswich 004E,Criminal damage and arson,Unable to prosecute suspect,
2c5a10bc0bc4f303abb7f730cf2967cd05910d800cdc6a51340788106526546c,2026-03,Suffolk Constabulary,Suffolk Constabulary,1.186186,52.073300,On or near Sports/Recreation Area,E01030001,Ipswich 004E,Violence and sexual offences,Under investigation,
d40d6d8c6ef5ff6aed460d471627a06da8839d6375bb00c6b4afdb197b8b12d2,2026-03,Suffolk Constabulary,Suffolk Constabulary,1.177950,52.070323,On or near Supermarket,E01030001,Ipswich 004E,Violence and sexual offences,Unable to prosecute suspect,
2c84a037c3e7ec19e02f0bc376d71097d0dfa9411a176277f176425354373637,2026-03,Suffolk Constabulary,Suffolk Constabulary,1.188693,52.071984,On or near Lanark Road,E01030001,Ipswich 004E,Violence and sexual offences,Action to be taken by another organisation,
748b80980912e42ea6707fef8cf8481d829e7f31eca0cfa313b8fa0b1b289caf,2026-03,Suffolk Constabulary,Suffolk Constabulary,1.186059,52.072091,On or near Fairlight Close,E01030001,Ipswich 004E,Violence and sexual offences,Unable to prosecute suspect,
75e5c17b3a7f9375875d92c80dd5c70b9c246fb4c8466eb3375dbb0b800aa768,2026-03,Suffolk Constabulary,Suffolk Constabulary,1.183224,52.069991,On or near Orkney Road,E01030001,Ipswich 004E,Violence and sexual offences,Unable to prosecute suspect,
19828ac63f539512fb21c1a56c7bb71961042f03eee9cecfc89b23488ec331f8,2026-03,Suffolk Constabulary,Suffolk Constabulary,1.180443,52.070912,On or near Alma Close,E01030001,Ipswich 004E,Violence and sexual offences,Unable to prosecute suspect,
362a0ac6374e334a317d68fbe82e417b37b5e6154d515dd0b47b95dd431b3dee,2026-03,Suffolk Constabulary,Suffolk Constabulary,1.183224,52.069991,On or near Orkney Road,E01030001,Ipswich 004E,Violence and sexual offences,Action to be taken by another organisation,
5a536ecc565492d6cb9cf521d272888499c4c7b9028159480cfe8be9b42c470f,2026-03,Suffolk Constabulary,Suffolk Constabulary,1.183224,52.069991,On or near Orkney Road,E01030001,Ipswich 004E,Violence and sexual offences,Unable to prosecute suspect,
83fb6bc3b4421629837f414c89f7e65759151dabdee01c3cdf560ab225d6fa97,2026-03,Suffolk Constabulary,Suffolk Constabulary,1.185869,52.074345,On or near Inverness Road,E01030001,Ipswich 004E,Other crime,Further investigation is not in the public interest,
e33f551429ae5323d2f82778cba26090697113f47bbda94918ed2edaef4b44a3,2026-03,Suffolk Constabulary,Suffolk Constabulary,1.170846,52.062555,On or near Braeburn Close,E01030007,Ipswich 005A,Other theft,Investigation complete; no suspect identified,
ced63392903a887e16f4ee880c45d7719d3c445e20984b0abd37f362bba7f6ff,2026-03,Suffolk Constabulary,Suffolk Constabulary,1.166428,52.060947,On or near Hayhill Road,E01030007,Ipswich 005A,Vehicle crime,Investigation complete; no suspect identified,
70b693eb4b9b19e894b6246e7f10fdf36e792ba35d737c8ff4f72a7be89fb93f,2026-03,Suffolk Constabulary,Suffolk Constabulary,1.166003,52.060301,On or near Finchley Road,E01030007,Ipswich 005A,Violence and sexual offences,Under investigation,
70bde0b280cdc41e178826fe3b3b8e688680ca128bdc08797ad854452cf2c36a,2026-03,Suffolk Constabulary,Suffolk Constabulary,1.156895,52.067714,On or near Park Road,E01030008,Ipswich 005B,Violence and sexual offences,Unable to prosecute suspect,
24010db2fcae40e98d8ef61bc7419336fa08b6d66b93c0e38197ceb40a12504f,2026-03,Suffolk Constabulary,Suffolk Constabulary,1.146911,52.065814,On or near Broughton Road,E01030009,Ipswich 005C,Burglary,Investigation complete; no suspect identified,
9720c014e4e460ac8a9b6b5c6ade7ebed8f81ce565f9634ea495284a0620baf2,2026-03,Suffolk Constabulary,Suffolk Constabulary,1.146911,52.065814,On or near Broughton Road,E01030009,Ipswich 005C,Burglary,Unable to prosecute suspect,
1806a9397fab473ce713cc2b6d5bd0c59461e5d7b60e3fd40e3cf93a29cec874,2026-03,Suffolk Constabulary,Suffolk Constabulary,1.151435,52.063543,On or near Theatre/Concert Hall,E01030009,Ipswich 005C,Violence and sexual offences,Unable to prosecute suspect,
6634dcda6b27591357e6e0105d407694da1d3ee03d07dd65acc2dd0ddf60982a,2026-03,Suffolk Constabulary,Suffolk Constabulary,1.145649,52.066963,On or near Brackenbury Close,E01030009,Ipswich 005C,Violence and sexual offences,Unable to prosecute suspect,
300c6e5b941a121ad04324c415e737bb365f75917aed956a9e47478db7c665c8,2026-03,Suffolk Constabulary,Suffolk Constabulary,1.151435,52.063543,On or near Theatre/Concert Hall,E01030009,Ipswich 005C,Violence and sexual offences,Unable to prosecute suspect,
cc0bb5daed3d2b733e9dc866b896add3dec0401899d3b2778051692fc250d290,2026-03,Suffolk Constabulary,Suffolk Constabulary,1.163713,52.060732,On or near Norfolk Road,E01030010,Ipswich 005D,Criminal damage and arson,Investigation complete; no suspect identified,
0d2d45329c8b6abe81f7f34e62936db10ae1f75a963e6960e2d3cabb52404923,2026-03,Suffolk Constabulary,Suffolk Constabulary,1.162388,52.058501,On or near Blanche Street,E01030010,Ipswich 005D,Criminal damage and arson,Unable to prosecute suspect,
82dd11925ad1cbcfe4982d9f0d945086fa4f66fadac0a44234ed35cbd92fc640,2026-03,Suffolk Constabulary,Suffolk Constabulary,1.163044,52.058906,On or near Samuel Court,E01030010,Ipswich 005D,Shoplifting,Investigation complete; no suspect identified,
c1d9257c7b577183d9414fd4a5b3f45d02d75865c463e62bd4b177d2d4ff238a,2026-03,Suffolk Constabulary,Suffolk Constabulary,1.163044,52.058906,On or near Samuel Court,E01030010,Ipswich 005D,Shoplifting,Investigation complete; no suspect identified,
6674a1252fadad1772cb7c1fd7545ae0efa96c32f3d6cb804b94c7ef3cc60520,2026-03,Suffolk Constabulary,Suffolk Constabulary,1.162388,52.058501,On or near Blanche Street,E01030010,Ipswich 005D,Violence and sexual offences,Under investigation,
28df0eb7333554cb5666f3308b1677457ffe413f2a41ed5aee77233577f8b35b,2026-03,Suffolk Constabulary,Suffolk Constabulary,1.160330,52.058907,On or near Cobbold Street,E01030010,Ipswich 005D,Violence and sexual offences,Awaiting court outcome,
01acde730e3d8924cc6b460397d9f09efc5bb2b53d4b7e4da959f46f602c54ed,2026-03,Suffolk Constabulary,Suffolk Constabulary,1.160456,52.060693,On or near Withipoll Street,E01030010,Ipswich 005D,Violence and sexual offences,Under investigation,
2d2589c410b17915d21b29c96d368ed15812ae6618b1d71a12e5cf1cba4a6b17,2026-03,Suffolk Constabulary,Suffolk Constabulary,1.159379,52.060515,On or near Bolton Lane,E01030010,Ipswich 005D,Violence and sexual offences,Under investigation,
ba3b1a65eb7bffc9d55c522e3ef8519d306d395d49ca0f8a459946e5497f682e,2026-03,Suffolk Constabulary,Suffolk Constabulary,1.158597,52.058944,On or near St Margaret'S Green,E01030010,Ipswich 005D,Violence and sexual offences,Unable to prosecute suspect,
08c592270772c065bf98c759d6be69eaa72f838026e4e70884347f1ac7171edd,2026-03,Suffolk Constabulary,Suffolk Constabulary,1.159379,52.060515,On or near Bolton Lane,E01030010,Ipswich 005D,Violence and sexual offences,Awaiting court outcome,
5eb39939d8a371ef1af4a24eb912260bc5e8ff1b0e9728df749d0914cab2803a,2026-03,Suffolk Constabulary,Suffolk Constabulary,1.175434,52.072306,On or near Dorset Close,E01030011,Ipswich 005E,Violence and sexual offences,Unable to prosecute suspect,
,2026-03,Suffolk Constabulary,Suffolk Constabulary,1.138259,52.064381,On or near Waterloo Road,E01030022,Ipswich 006A,Anti-social behaviour,,
923ac3179366dbe33e81ba88fd6920d5e5800e4f778a29b3d2e95b27d75e8f3c,2026-03,Suffolk Constabulary,Suffolk Constabulary,1.137383,52.067075,On or near Supermarket,E01030022,Ipswich 006A,Criminal damage and arson,Investigation complete; no suspect identified,
cbcc0c3ad938598b70623a38f8440b2224a1c65ab3d29cf42fcd35c1191b1037,2026-03,Suffolk Constabulary,Suffolk Constabulary,1.136482,52.066092,On or near All Saints' Road,E01030022,Ipswich 006A,Criminal damage and arson,Awaiting court outcome,
3d4e1158f1322f577847150750d8cf719c9c7bd968a3df00b7fa798e0f54b388,2026-03,Suffolk Constabulary,Suffolk Constabulary,1.133601,52.062877,On or near Farina Close,E01030022,Ipswich 006A,Other theft,Unable to prosecute suspect,
02d70c51aa60c5e29de278eb37b21668082bf4a8376a68e2d276a943ac14411d,2026-03,Suffolk Constabulary,Suffolk Constabulary,1.134190,52.062951,On or near Beaconsfield Road,E01030022,Ipswich 006A,Other theft,Investigation complete; no suspect identified,
78cb8f338edb2af06ca0628080d5d30dbda63c0aa535449e15d3188c433a2b1e,2026-03,Suffolk Constabulary,Suffolk Constabulary,1.138259,52.064381,On or near Waterloo Road,E01030022,Ipswich 006A,Possession of weapons,Under investigation,
40d38d197cae8216125839abde9b43b169b64ef5b55e20f2cbf9e6d7226f9109,2026-03,Suffolk Constabulary,Suffolk Constabulary,1.139596,52.064300,On or near Providence Lane,E01030022,Ipswich 006A,Public order,Under investigation,
26c1f17cf0627678dfbe98111381c31ee8e1a17c11ff58d39db8c9340eba9cfa,2026-03,Suffolk Constabulary,Suffolk Constabulary,1.137383,52.067075,On or near Supermarket,E01030022,Ipswich 006A,Public order,Local resolution,
d40afae128d7813e02943d48713ed35728d1e333c9153ea7b17f944cb757f9ae,2026-03,Suffolk Constabulary,Suffolk Constabulary,1.139596,52.064300,On or near Providence Lane,E01030022,Ipswich 006A,Robbery,Under investigation,
188a9af4fb8ba26798d555c30be189031e119e4bd5a5e2ab74784588de2e0b13,2026-03,Suffolk Constabulary,Suffolk Constabulary,1.137383,52.067075,On or near Supermarket,E01030022,Ipswich 006A,Shoplifting,Investigation complete; no suspect identified,
59436c049d1947c156269c9bfeb7be5e2a484017e94f16d0fb99bceb1768a8ca,2026-03,Suffolk Constabulary,Suffolk Constabulary,1.132404,52.067037,On or near Supermarket,E01030022,Ipswich 006A,Shoplifting,Awaiting court outcome,
9a2a9b5797e36e9f094188571f3e39ef88365f201a8950184765448c432792d0,2026-03,Suffolk Constabulary,Suffolk Constabulary,1.137383,52.067075,On or near Supermarket,E01030022,Ipswich 006A,Shoplifting,Awaiting court outcome,
5037c8598d2aee0fb1defd639209a2e64555ff8208baef324b7eefef620c7b4d,2026-03,Suffolk Constabulary,Suffolk Constabulary,1.137383,52.067075,On or near Supermarket,E01030022,Ipswich 006A,Shoplifting,Investigation complete; no suspect identified,
eb1488d06b7c91a410cde6a731c8012616c1ba947186b2e439cb42ffb4c3043d,2026-03,Suffolk Constabulary,Suffolk Constabulary,1.137383,52.067075,On or near Supermarket,E01030022,Ipswich 006A,Shoplifting,Investigation complete; no suspect identified,
bade550e70c079c0d30cddd54d1f5cc5b5aff014319ff49858bccb7cb3989b83,2026-03,Suffolk Constabulary,Suffolk Constabulary,1.137383,52.067075,On or near Supermarket,E01030022,Ipswich 006A,Shoplifting,Investigation complete; no suspect identified,
99f56a2880fb039fed34623437fd4ea7bd002a175b30a38b127aff15381261c9,2026-03,Suffolk Constabulary,Suffolk Constabulary,1.137383,52.067075,On or near Supermarket,E01030022,Ipswich 006A,Shoplifting,Awaiting court outcome,
1121c43eb291abf2609ef6f35382e44dba88e343a973f827ac1f550e69fa28da,2026-03,Suffolk Constabulary,Suffolk Constabulary,1.132404,52.067037,On or near Supermarket,E01030022,Ipswich 006A,Shoplifting,Awaiting court outcome,
4db89b1f805496095462985aae5e2559b73af4279643c1f867d732d5bdb5c499,2026-03,Suffolk Constabulary,Suffolk Constabulary,1.137383,52.067075,On or near Supermarket,E01030022,Ipswich 006A,Shoplifting,Investigation complete; no suspect identified,
93a517150f4b1a651ee8cb98647b1671ff8766e028782e47cf1914fa110f6862,2026-03,Suffolk Constabulary,Suffolk Constabulary,1.132404,52.067037,On or near Supermarket,E01030022,Ipswich 006A,Shoplifting,Awaiting court outcome,
784a93f564b20703d5c377094aee6aac040d450358d02dc096fb45d64b8f1a24,2026-03,Suffolk Constabulary,Suffolk Constabulary,1.137383,52.067075,On or near Supermarket,E01030022,Ipswich 006A,Shoplifting,Awaiting court outcome,
e3aad06a27e7348e332f7044ae79f906e5666d53cf5002e16cec506cc3f3e614,2026-03,Suffolk Constabulary,Suffolk Constabulary,1.137383,52.067075,On or near Supermarket,E01030022,Ipswich 006A,Shoplifting,Investigation complete; no suspect identified,
ce4e6acf2c111c57725cd93e17dc9501bf9187b17a03f409b6f6b391cc083b68,2026-03,Suffolk Constabulary,Suffolk Constabulary,1.137383,52.067075,On or near Supermarket,E01030022,Ipswich 006A,Shoplifting,Awaiting court outcome,
f98befc87b8c74ac0822d5d6cfc21e410adb6831dbbffc74c67653ff2ebcba17,2026-03,Suffolk Constabulary,Suffolk Constabulary,1.137383,52.067075,On or near Supermarket,E01030022,Ipswich 006A,Shoplifting,Awaiting court outcome,
eebc1004678d4193f4e84e2635675e463f4b6d995ce73fcc2b5afc9ff1f6a2ca,2026-03,Suffolk Constabulary,Suffolk Constabulary,1.137383,52.067075,On or near Supermarket,E01030022,Ipswich 006A,Shoplifting,Awaiting court outcome,
b5244845e7b26e9958433996a0770babc5559a94e1d89614cbb07f2f1a47af14,2026-03,Suffolk Constabulary,Suffolk Constabulary,1.137383,52.067075,On or near Supermarket,E01030022,Ipswich 006A,Shoplifting,Unable to prosecute suspect,
4156cfd01dc8014a71e54dc91c01a9fd0197f5745725d84e76c1d7347f27be48,2026-03,Suffolk Constabulary,Suffolk Constabulary,1.137383,52.067075,On or near Supermarket,E01030022,Ipswich 006A,Shoplifting,Awaiting court outcome,
d3c5dca899de47e185394e26ba028a53b858c4384c512c31e5eb671fb8f6e641,2026-03,Suffolk Constabulary,Suffolk Constabulary,1.137383,52.067075,On or near Supermarket,E01030022,Ipswich 006A,Shoplifting,Awaiting court outcome,
2b8012863b387e2811478009a0c1ff9cbed845eff4ef68323eb39bf042f505c5,2026-03,Suffolk Constabulary,Suffolk Constabulary,1.138259,52.064381,On or near Waterloo Road,E01030022,Ipswich 006A,Violence and sexual offences,Unable to prosecute suspect,
ebc36e6cff7ab71dbcada0087e5017488907ad26eec73e6d793d5f4ab62387d9,2026-03,Suffolk Constabulary,Suffolk Constabulary,1.137873,52.064904,On or near Blenheim Road,E01030022,Ipswich 006A,Violence and sexual offences,Unable to prosecute suspect,
292c6a9d7a2efe1bfc6e56a043c56a88fb56dbb9ac428787dc3af8d9c278438d,2026-03,Suffolk Constabulary,Suffolk Constabulary,1.131340,52.066229,On or near Surbiton Road,E01030022,Ipswich 006A,Violence and sexual offences,Unable to prosecute suspect,
6c44f54092c23db120e84ebbedf418515063c47710bef584ac246142349d5638,2026-03,Suffolk Constabulary,Suffolk Constabulary,1.133601,52.062877,On or near Farina Close,E01030022,Ipswich 006A,Violence and sexual offences,Unable to prosecute suspect,
a2ea634dd04c66e04f17a277830537e80f2569b3fa17b8bacd889a6dade63289,2026-03,Suffolk Constabulary,Suffolk Constabulary,1.139596,52.064300,On or near Providence Lane,E01030022,Ipswich 006A,Violence and sexual offences,Under investigation,
aaa8dabb104430abab7783b9b9404d33e31c89c187f2a70565c37146e24ad6c5,2026-03,Suffolk Constabulary,Suffolk Constabulary,1.139596,52.064300,On or near Providence Lane,E01030022,Ipswich 006A,Violence and sexual offences,Unable to prosecute suspect,
11cf3c4c541ec4879fb4274e4004811753d6f5dc07ce2c8a2e4e57507e1f693e,2026-03,Suffolk Constabulary,Suffolk Constabulary,1.137383,52.067075,On or near Supermarket,E01030022,Ipswich 006A,Violence and sexual offences,Investigation complete; no suspect identified,
6fa38d1eddf6e37120a7dba25c1d0cc0700d71f4411e99e1528b1cfbc660b4ad,2026-03,Suffolk Constabulary,Suffolk Constabulary,1.136482,52.066092,On or near All Saints' Road,E01030022,Ipswich 006A,Violence and sexual offences,Awaiting court outcome,
2ce28094ad47b3548a655256045a06026ea238cc4017d14d65f1c9afeccc581f,2026-03,Suffolk Constabulary,Suffolk Constabulary,1.137873,52.064904,On or near Blenheim Road,E01030022,Ipswich 006A,Violence and sexual offences,Investigation complete; no suspect identified,
9b7fd612f13aaed62abb2c2a74b0466ddc9db45e8050c0bfbd065cd07cdd0758,2026-03,Suffolk Constabulary,Suffolk Constabulary,1.133441,52.066632,On or near Richmond Road,E01030022,Ipswich 006A,Violence and sexual offences,Action to be taken by another organisation,
b2b49c7c54caff34cd06552a99853f8aca60c65da7540c155c9fb006a889d0ac,2026-03,Suffolk Constabulary,Suffolk Constabulary,1.131340,52.066229,On or near Surbiton Road,E01030022,Ipswich 006A,Violence and sexual offences,Action to be taken by another organisation,
,2026-03,Suffolk Constabulary,Suffolk Constabulary,1.139357,52.061519,On or near Stopford Court,E01030023,Ipswich 006B,Anti-social behaviour,,
,2026-03,Suffolk Constabulary,Suffolk Constabulary,1.138679,52.062247,On or near Prospect Road,E01030023,Ipswich 006B,Anti-social behaviour,,
,2026-03,Suffolk Constabulary,Suffolk Constabulary,1.139357,52.061519,On or near Stopford Court,E01030023,Ipswich 006B,Anti-social behaviour,,
,2026-03,Suffolk Constabulary,Suffolk Constabulary,1.138679,52.062247,On or near Prospect Road,E01030023,Ipswich 006B,Anti-social behaviour,,
cf4058111f10e2395b80a5a0bf3152e736ad8640e57eba0d31efdc08221e8fbd,2026-03,Suffolk Constabulary,Suffolk Constabulary,1.134443,52.061146,On or near Yeoman Close,E01030023,Ipswich 006B,Bicycle theft,Investigation complete; no suspect identified,
811ee78f788a3176861609e31b9f2518ded132faf47674fd747666bffa22ee09,2026-03,Suffolk Constabulary,Suffolk Constabulary,1.138679,52.062247,On or near Prospect Road,E01030023,Ipswich 006B,Criminal damage and arson,Investigation complete; no suspect identified,
61689b759f7bc34d76ba6f3728e64b0deb45e691a68fa23e50585622316427ca,2026-03,Suffolk Constabulary,Suffolk Constabulary,1.139357,52.061519,On or near Stopford Court,E01030023,Ipswich 006B,Criminal damage and arson,Under investigation,
f90b215bb57879d4094d40ec35648cfa8e4d503838a32163ff2d933fb0b0cbf5,2026-03,Suffolk Constabulary,Suffolk Constabulary,1.134443,52.061146,On or near Yeoman Close,E01030023,Ipswich 006B,Other theft,Investigation complete; no suspect identified,
3965a5a63cbbc6958e037340af974ad0a27ec2b1be80a81971ad37faaba85b15,2026-03,Suffolk Constabulary,Suffolk Constabulary,1.136579,52.059759,On or near Shopping Area,E01030023,Ipswich 006B,Other theft,Investigation complete; no suspect identified,
1e30f9fd4c641a51ef0e2b69eb848290968ca7600e678fd2260f0ee801f99101,2026-03,Suffolk Constabulary,Suffolk Constabulary,1.138679,52.062247,On or near Prospect Road,E01030023,Ipswich 006B,Robbery,Investigation complete; no suspect identified,
d8236e237593d80759ce621dafea0ffcb7e9986152f55db489231d9b2bff887d,2026-03,Suffolk Constabulary,Suffolk Constabulary,1.138679,52.062247,On or near Prospect Road,E01030023,Ipswich 006B,Shoplifting,Awaiting court outcome,
debaa5c91142c6e60e21137cc254defbcc3700064b05fa2ace09b8bf68c2b8fc,2026-03,Suffolk Constabulary,Suffolk Constabulary,1.138679,52.062247,On or near Prospect Road,E01030023,Ipswich 006B,Shoplifting,Awaiting court outcome,
90766b9ee71f01bdaf9c764b62b9838d499345f9fbe93921a266340b8aec297e,2026-03,Suffolk Constabulary,Suffolk Constabulary,1.138679,52.062247,On or near Prospect Road,E01030023,Ipswich 006B,Shoplifting,Investigation complete; no suspect identified,
e3fbbaf7d763c80c75a28204b6f442fc04fa2d0d0852eb9ae1566f8a09db5494,2026-03,Suffolk Constabulary,Suffolk Constabulary,1.136579,52.059759,On or near Shopping Area,E01030023,Ipswich 006B,Shoplifting,Investigation complete; no suspect identified,
3ca253d19326b19a86b3209a1f1c0f10756ec9395fdb82345f1d87a7bd7561b0,2026-03,Suffolk Constabulary,Suffolk Constabulary,1.138679,52.062247,On or near Prospect Road,E01030023,Ipswich 006B,Shoplifting,Awaiting court outcome,
ab1c8246f96d3bf1e9ef5a8d79a2e85dd0ac7ccf5665cb104dc0d7ddf7122514,2026-03,Suffolk Constabulary,Suffolk Constabulary,1.138679,52.062247,On or near Prospect Road,E01030023,Ipswich 006B,Shoplifting,Investigation complete; no suspect identified,
17133ef2dcd4acce09fffb7024f3a77a5cc283fe46bd79ce586641a121fe6af6,2026-03,Suffolk Constabulary,Suffolk Constabulary,1.138679,52.062247,On or near Prospect Road,E01030023,Ipswich 006B,Shoplifting,Awaiting court outcome,
363e2e9a037dcd71a1602c471ab5d0afc151b0b65f395fc0e2d680ab87f26cea,2026-03,Suffolk Constabulary,Suffolk Constabulary,1.138679,52.062247,On or near Prospect Road,E01030023,Ipswich 006B,Shoplifting,Investigation complete; no suspect identified,
4c639dbcdca0ab26052a635e217d2219dad30a01b57b48a156aec5321f62d450,2026-03,Suffolk Constabulary,Suffolk Constabulary,1.138679,52.062247,On or near Prospect Road,E01030023,Ipswich 006B,Shoplifting,Investigation complete; no suspect identified,
b3f6743dc66b4fe13c91225e00a43090497d9887f148e63433a39c6fea3af65f,2026-03,Suffolk Constabulary,Suffolk Constabulary,1.138679,52.062247,On or near Prospect Road,E01030023,Ipswich 006B,Shoplifting,Awaiting court outcome,
c0f4f1b131a992a812a9bc1bbafa6b98ceeae8fe6ec68008314cc0cd9b2be6fc,2026-03,Suffolk Constabulary,Suffolk Constabulary,1.138679,52.062247,On or near Prospect Road,E01030023,Ipswich 006B,Shoplifting,Investigation complete; no suspect identified,
0078a6ccfae3779cc4de29137510843c5379e512e9131c646abd1a5474734457,2026-03,Suffolk Constabulary,Suffolk Constabulary,1.138679,52.062247,On or near Prospect Road,E01030023,Ipswich 006B,Shoplifting,Awaiting court outcome,
989eb0d040ca590aa98bebf523145090933f7f3a818719a847172daa40856f2e,2026-03,Suffolk Constabulary,Suffolk Constabulary,1.138679,52.062247,On or near Prospect Road,E01030023,Ipswich 006B,Shoplifting,Awaiting court outcome,
e5e3af491018130bba1b500564c2a127cbdf381e3399b5c0a49a9eadf667b55b,2026-03,Suffolk Constabulary,Suffolk Constabulary,1.138679,52.062247,On or near Prospect Road,E01030023,Ipswich 006B,Shoplifting,Investigation complete; no suspect identified,
e6443b58ffc9b3e5f4aab3f0006c6861e5a7bdcf7bde1d32c2129c81c313f608,2026-03,Suffolk Constabulary,Suffolk Constabulary,1.136579,52.059759,On or near Shopping Area,E01030023,Ipswich 006B,Shoplifting,Unable to prosecute suspect,
d81f17053f2649f79208e140585ce0b214e6a6d8f42ac38a964add302b6db39f,2026-03,Suffolk Constabulary,Suffolk Constabulary,1.138679,52.062247,On or near Prospect Road,E01030023,Ipswich 006B,Shoplifting,Investigation complete; no suspect identified,
063b21fef427c2fe6483c69e89e3f3a513453889abfc95cc741ab44f00564a04,2026-03,Suffolk Constabulary,Suffolk Constabulary,1.138679,52.062247,On or near Prospect Road,E01030023,Ipswich 006B,Shoplifting,Investigation complete; no suspect identified,
0b1b5b535fdc4386802d7aff636e27533fc27598fe4512f4877a22c24fd92bc6,2026-03,Suffolk Constabulary,Suffolk Constabulary,1.138679,52.062247,On or near Prospect Road,E01030023,Ipswich 006B,Shoplifting,Awaiting court outcome,
15ff00a875c152f5e74ef45645f58f4a30795c8b2cbbb6529b7df7823520f6f4,2026-03,Suffolk Constabulary,Suffolk Constabulary,1.138679,52.062247,On or near Prospect Road,E01030023,Ipswich 006B,Shoplifting,Awaiting court outcome,
3a4c26df5f1ba0dc1e04a0791f50109f81739284fe5f1b0bbef88c6354533db4,2026-03,Suffolk Constabulary,Suffolk Constabulary,1.138679,52.062247,On or near Prospect Road,E01030023,Ipswich 006B,Shoplifting,Awaiting court outcome,
8c23f149864cedd9811487ece4ee207d1d038a00fa3ec36ccd4fec1b548e70fa,2026-03,Suffolk Constabulary,Suffolk Constabulary,1.138679,52.062247,On or near Prospect Road,E01030023,Ipswich 006B,Shoplifting,Investigation complete; no suspect identified,
988e51acef344d68dec6157ac1a21b97dcb9dbeb1e56c56f4a4514e168030020,2026-03,Suffolk Constabulary,Suffolk Constabulary,1.136579,52.059759,On or near Shopping Area,E01030023,Ipswich 006B,Shoplifting,Investigation complete; no suspect identified,
26e154a6bb5e0c2fcee5e4ca4b93afd37dee0c0b9abb61b9a5b94daed94adc44,2026-03,Suffolk Constabulary,Suffolk Constabulary,1.138679,52.062247,On or near Prospect Road,E01030023,Ipswich 006B,Violence and sexual offences,Unable to prosecute suspect,
70944b53f283534b61ba73c3b89aacb5f7eec8aa838fddf36a0cef12b4ac555a,2026-03,Suffolk Constabulary,Suffolk Constabulary,1.136579,52.059759,On or near Shopping Area,E01030023,Ipswich 006B,Violence and sexual offences,Awaiting court outcome,
96de2b8df8c7edc8c6998110e063443df1fd2bf943efa90cae9b708d3a5ece28,2026-03,Suffolk Constabulary,Suffolk Constabulary,1.137827,52.059680,On or near Surrey Road,E01030023,Ipswich 006B,Violence and sexual offences,Unable to prosecute suspect,
1c360c1c8cc0343dba463f9b06145e923904689832004a349aafd784ab966502,2026-03,Suffolk Constabulary,Suffolk Constabulary,1.139357,52.061519,On or near Stopford Court,E01030023,Ipswich 006B,Violence and sexual offences,Under investigation,
920aa834b372303c549f82b0a102a208f96c983768fe46fcf078a082cd607a56,2026-03,Suffolk Constabulary,Suffolk Constabulary,1.138679,52.062247,On or near Prospect Road,E01030023,Ipswich 006B,Violence and sexual offences,Investigation complete; no suspect identified,
,2026-03,Suffolk Constabulary,Suffolk Constabulary,1.140908,52.062826,On or near Beaufort Street,E01030024,Ipswich 006C,Anti-social behaviour,,
,2026-03,Suffolk Constabulary,Suffolk Constabulary,1.140202,52.061496,On or near Rendlesham Road,E01030024,Ipswich 006C,Anti-social behaviour,,
,2026-03,Suffolk Constabulary,Suffolk Constabulary,1.145917,52.061631,On or near Gymnasium Street,E01030024,Ipswich 006C,Anti-social behaviour,,
4b57fbcb36fbf124c8c43440ba79a49047a423e51d79768d79db33a062d2a757,2026-03,Suffolk Constabulary,Suffolk Constabulary,1.143819,52.061067,On or near Granville Street,E01030024,Ipswich 006C,Bicycle theft,Under investigation,
4862717f7ace69f068488c1b69b44f9fdad8ea20556c9a41e16fb59f4978987d,2026-03,Suffolk Constabulary,Suffolk Constabulary,1.142842,52.061273,On or near Gaye Street,E01030024,Ipswich 006C,Criminal damage and arson,Unable to prosecute suspect,
7809287de580f4856ee9588344ccf80548d735fa013eaf0c00c62d539186a195,2026-03,Suffolk Constabulary,Suffolk Constabulary,1.139922,52.063536,On or near Wellington Street,E01030024,Ipswich 006C,Criminal damage and arson,Investigation complete; no suspect identified,
6af4f0da6bbd3e6180e4a3f352c1f9bc714fcd970a126df013ed05091f9c1899,2026-03,Suffolk Constabulary,Suffolk Constabulary,1.139922,52.063536,On or near Wellington Street,E01030024,Ipswich 006C,Criminal damage and arson,Investigation complete; no suspect identified,
a2641d259fabf87a3113e8a117cafca6aaf4c1e3a4dc9ff7cd2a7db2505194d4,2026-03,Suffolk Constabulary,Suffolk Constabulary,1.139922,52.063536,On or near Wellington Street,E01030024,Ipswich 006C,Criminal damage and arson,Investigation complete; no suspect identified,
1e628b606be7380cbcfc5f8949b0c5780877a07383142cc1879c550863534f70,2026-03,Suffolk Constabulary,Suffolk Constabulary,1.141173,52.060984,On or near Bulwer Road,E01030024,Ipswich 006C,Other theft,Unable to prosecute suspect,
1fc12a30f4348dfd95cacc747621450119e67a7ad0dea12fc2773b77fa047666,2026-03,Suffolk Constabulary,Suffolk Constabulary,1.142842,52.061273,On or near Gaye Street,E01030024,Ipswich 006C,Public order,Unable to prosecute suspect,
9bb47b6f8eda7632470c35e9c9ef7eceff07b495d284a4b53c695ea7a7f0fd4f,2026-03,Suffolk Constabulary,Suffolk Constabulary,1.140202,52.061496,On or near Rendlesham Road,E01030024,Ipswich 006C,Shoplifting,Under investigation,
e1987407a01049fe3b0da17f681b91601ff0a311cbd185315cdc2d74505ac303,2026-03,Suffolk Constabulary,Suffolk Constabulary,1.146278,52.060551,On or near Barrack Lane,E01030024,Ipswich 006C,Vehicle crime,Unable to prosecute suspect,
a511b6b99a449269e57ffb90989abed4d3a7c6b66aaea42af01aa4c17e1e509e,2026-03,Suffolk Constabulary,Suffolk Constabulary,1.140908,52.062826,On or near Beaufort Street,E01030024,Ipswich 006C,Violence and sexual offences,Unable to prosecute suspect,
169cc1f68cdb0f670503b6dff8a391c9d30988446e237249aa5fc804a3ab5b45,2026-03,Suffolk Constabulary,Suffolk Constabulary,1.140202,52.061496,On or near Rendlesham Road,E01030024,Ipswich 006C,Violence and sexual offences,Unable to prosecute suspect,
cbbad729e07e7a49a2673ebfb0555d1b807b92a709b72d3160e62af8b1101cd4,2026-03,Suffolk Constabulary,Suffolk Constabulary,1.139922,52.063536,On or near Wellington Street,E01030024,Ipswich 006C,Violence and sexual offences,Under investigation,
f85fb81c9c8ae634fc0778ee25c160454632e4b44ff3e3f9564d05ec8efdf495,2026-03,Suffolk Constabulary,Suffolk Constabulary,1.141173,52.060984,On or near Bulwer Road,E01030024,Ipswich 006C,Violence and sexual offences,Action to be taken by another organisation,
830373f4190ac1801eb99da562fee9a561457c42deaa3f91a358893bdbf64fd4,2026-03,Suffolk Constabulary,Suffolk Constabulary,1.145917,52.061631,On or near Gymnasium Street,E01030024,Ipswich 006C,Violence and sexual offences,Local resolution,
76e782c9c714ea41a4fd84213f35eb4a2b92e29f2f2fd6e692c3cbfbdc9c59d7,2026-03,Suffolk Constabulary,Suffolk Constabulary,1.143819,52.061067,On or near Granville Street,E01030024,Ipswich 006C,Violence and sexual offences,Local resolution,
0e1bc031f597c41565ec54309b37a06b60f2f276bd2ced79d833ae8cf674a82b,2026-03,Suffolk Constabulary,Suffolk Constabulary,1.141173,52.060984,On or near Bulwer Road,E01030024,Ipswich 006C,Violence and sexual offences,Unable to prosecute suspect,
7cd5698d42c549790706c6e81cddb7fc194b97f3d8be74bd7918f2d79b8f1a98,2026-03,Suffolk Constabulary,Suffolk Constabulary,1.141173,52.060984,On or near Bulwer Road,E01030024,Ipswich 006C,Violence and sexual offences,Unable to prosecute suspect,
56ebfcd4e71aa26a969d605efe70315a0a0352734799189a6aefb47c74cc9256,2026-03,Suffolk Constabulary,Suffolk Constabulary,1.141173,52.060984,On or near Bulwer Road,E01030024,Ipswich 006C,Violence and sexual offences,Unable to prosecute suspect,
3ea3e925107d9fbdee813a7fdb3bb9de1c98065b591b03522ecffb12a2ee0943,2026-03,Suffolk Constabulary,Suffolk Constabulary,1.143819,52.061067,On or near Granville Street,E01030024,Ipswich 006C,Violence and sexual offences,Under investigation,
736d34c09e74bf3398dfbe3bb4057a27a873352ec57287613d0d187d4a1461dc,2026-03,Suffolk Constabulary,Suffolk Constabulary,1.155115,52.059856,On or near Navarre Street,E01030025,Ipswich 006D,Criminal damage and arson,Investigation complete; no suspect identified,
09637b34047e8c6cb08445984ab9ac4eff6da8417458b4ca70e3187f4f6b9631,2026-03,Suffolk Constabulary,Suffolk Constabulary,1.155115,52.059856,On or near Navarre Street,E01030025,Ipswich 006D,Criminal damage and arson,Unable to prosecute suspect,
6a53fcb0e573766bc2e9b45a63f61607d4979dd7947890d6e67a45c2f71f2b24,2026-03,Suffolk Constabulary,Suffolk Constabulary,1.150960,52.060111,On or near High Street,E01030025,Ipswich 006D,Criminal damage and arson,Investigation complete; no suspect identified,
6e33ce1d840861a788ce925c226639c79449c326f731330eb641bfe5b3d10951,2026-03,Suffolk Constabulary,Suffolk Constabulary,1.143673,52.062717,On or near Alpe Street,E01030025,Ipswich 006D,Criminal damage and arson,Investigation complete; no suspect identified,
863a47ec37c3d058d5fbf461ef5749af90f64df46e0e2c0f43b1b215a428ae52,2026-03,Suffolk Constabulary,Suffolk Constabulary,1.149087,52.060242,On or near Bedford Street,E01030025,Ipswich 006D,Drugs,Awaiting court outcome,
89678454dda4ea6ba8c796794e16fab30731b0678d739507beb40a84b60f2a3b,2026-03,Suffolk Constabulary,Suffolk Constabulary,1.148376,52.059677,On or near St Matthew'S Street,E01030025,Ipswich 006D,Shoplifting,Awaiting court outcome,
f99489b49bfab422ed88436c2542f84e0c366b89331f8920d0c0319124956c27,2026-03,Suffolk Constabulary,Suffolk Constabulary,1.149087,52.060242,On or near Bedford Street,E01030025,Ipswich 006D,Vehicle crime,Unable to prosecute suspect,
86ba3904158fe740a2d86366276cda0df672a58b3a495cd6fbda55bd302ec2f0,2026-03,Suffolk Constabulary,Suffolk Constabulary,1.144928,52.062926,On or near Cardigan Street,E01030025,Ipswich 006D,Violence and sexual offences,Unable to prosecute suspect,
05c2a577696268ebf35ba656efd27dd9df93dfb21943255b75df4a490bcf4005,2026-03,Suffolk Constabulary,Suffolk Constabulary,1.154540,52.059971,On or near William Street,E01030025,Ipswich 006D,Violence and sexual offences,Unable to prosecute suspect,
edeaa31ef2fead5344622e6fd1263ceb4f0c382368bc919ddcea31932523cab1,2026-03,Suffolk Constabulary,Suffolk Constabulary,1.153200,52.060627,On or near Charles Street,E01030025,Ipswich 006D,Violence and sexual offences,Unable to prosecute suspect,
7a4d354dc2123db5ae3e0f2d588720a704e01646ad54ec96c9b8d5f2187da679,2026-03,Suffolk Constabulary,Suffolk Constabulary,1.149974,52.061235,On or near Dykes Street,E01030025,Ipswich 006D,Violence and sexual offences,Under investigation,
8f0fe362831e3d7195185951640a70ea2ce7cc843f00b4548a289d8b46308520,2026-03,Suffolk Constabulary,Suffolk Constabulary,1.153761,52.061134,On or near Fonnereau Road,E01030025,Ipswich 006D,Violence and sexual offences,Under investigation,
39132aad614cd751f24ec7656c34598b08f9233a32571df42a7986f072ada12e,2026-03,Suffolk Constabulary,Suffolk Constabulary,1.150256,52.060679,On or near St Georges Street,E01030025,Ipswich 006D,Violence and sexual offences,Unable to prosecute suspect,
454cd92cc62c277369b8f77fdd6c10b283e6f60c1667dc4797deff04b93d0318,2026-03,Suffolk Constabulary,Suffolk Constabulary,1.153448,52.060216,On or near Fitzroy Street,E01030025,Ipswich 006D,Violence and sexual offences,Investigation complete; no suspect identified,
a574579b3c856e9eb0f736dfe2e21fc2514b9e8aaaeaa531bd1fdc7d69f5375d,2026-03,Suffolk Constabulary,Suffolk Constabulary,1.150256,52.060679,On or near St Georges Street,E01030025,Ipswich 006D,Violence and sexual offences,Unable to prosecute suspect,
ff26a017676ad6dfbbbc2fb7987688c15e442a71ef40bf053508548a19397083,2026-03,Suffolk Constabulary,Suffolk Constabulary,1.149087,52.060242,On or near Bedford Street,E01030025,Ipswich 006D,Violence and sexual offences,Under investigation,
187c580032fad83ea8864b77dcd7af3c13051b8a6f604358654aa4fa748b1de9,2026-03,Suffolk Constabulary,Suffolk Constabulary,1.149087,52.060242,On or near Bedford Street,E01030025,Ipswich 006D,Violence and sexual offences,Unable to prosecute suspect,
,2026-03,Suffolk Constabulary,Suffolk Constabulary,1.129435,52.064436,On or near Riverside Road,E01030026,Ipswich 006E,Anti-social behaviour,,
eeac8abb2d1303c5ba13c17507508baf66729d5c2d8662562fbf8bf902023227,2026-03,Suffolk Constabulary,Suffolk Constabulary,1.129716,52.067207,On or near Kingston Road,E01030026,Ipswich 006E,Bicycle theft,Investigation complete; no suspect identified,
4c5d27a178b19fb818bd9a18efc47b6497ef8cc5292d9d8ed4e2e95c103e1a2a,2026-03,Suffolk Constabulary,Suffolk Constabulary,1.128948,52.067902,On or near Edward Close,E01030026,Ipswich 006E,Criminal damage and arson,Investigation complete; no suspect identified,
a152470b160dcf2ae2376c7422519bf441dee4024cc80f6a66610130df1a4e92,2026-03,Suffolk Constabulary,Suffolk Constabulary,1.133346,52.068613,On or near Springfield Lane,E01030026,Ipswich 006E,Criminal damage and arson,Under investigation,
17026dfe51386d7ac0bf5a5aa4d99fc3617923b074830eb8a3e417dfaa43324b,2026-03,Suffolk Constabulary,Suffolk Constabulary,1.128948,52.067902,On or near Edward Close,E01030026,Ipswich 006E,Criminal damage and arson,Investigation complete; no suspect identified,
fdcb2aef6484bb1cffdfdfa148b232e331bb1f7bef9e67465f44e993fa11935a,2026-03,Suffolk Constabulary,Suffolk Constabulary,1.131133,52.068681,On or near Matson Road,E01030026,Ipswich 006E,Drugs,Unable to prosecute suspect,
a41664b929d6338a3555e073a5f300b008d2f8793cd27d8f878917a90676ddaa,2026-03,Suffolk Constabulary,Suffolk Constabulary,1.134176,52.070246,On or near Norwich Road,E01030026,Ipswich 006E,Other theft,Under investigation,
6d6577c410461c9b25b147b00ae808c5f60f46cd4c038b9fdd19d1f9e8459c5e,2026-03,Suffolk Constabulary,Suffolk Constabulary,1.130892,52.067743,On or near Putney Close,E01030026,Ipswich 006E,Vehicle crime,Unable to prosecute suspect,
7b3c66d31136eeea98024b3531a06cdf8c25b57f46b2af01f547c94d98288021,2026-03,Suffolk Constabulary,Suffolk Constabulary,1.134176,52.070246,On or near Norwich Road,E01030026,Ipswich 006E,Violence and sexual offences,Under investigation,
e050bbf388ad87193ca39f9fb85df200e74e270c6679a41b84da90d804b1a9cd,2026-03,Suffolk Constabulary,Suffolk Constabulary,1.130892,52.067743,On or near Putney Close,E01030026,Ipswich 006E,Violence and sexual offences,Under investigation,
51b331d8c633adf3d96314eec00e80b44322d67db38533fdacc5bfd52feedf1f,2026-03,Suffolk Constabulary,Suffolk Constabulary,1.129435,52.064436,On or near Riverside Road,E01030026,Ipswich 006E,Violence and sexual offences,Unable to prosecute suspect,
cf6a486350833a2d3629edd9d2df0b5405fb53cd1e669a8b7c7c0d7216c487bc,2026-03,Suffolk Constabulary,Suffolk Constabulary,1.133507,52.069445,On or near Brookfield Road,E01030026,Ipswich 006E,Violence and sexual offences,Unable to prosecute suspect,
6e6d7e14410ce84c58ae50c603e125b085d5610b5cdd1e1463f4440051846df1,2026-03,Suffolk Constabulary,Suffolk Constabulary,1.128894,52.067130,On or near Redhill Close,E01030026,Ipswich 006E,Violence and sexual offences,Unable to prosecute suspect,
f7daf34e4d9f98e8f4674ec08aa1f2eacea6d323382c4c8aebfbd0448ee33a1b,2026-03,Suffolk Constabulary,Suffolk Constabulary,1.129435,52.064436,On or near Riverside Road,E01030026,Ipswich 006E,Violence and sexual offences,Under investigation,
60069327b67c08f94352e7b5f070da738f5e80d49e6a8326bdaf4b00a4a962e7,2026-03,Suffolk Constabulary,Suffolk Constabulary,1.180877,52.059154,On or near Spring Road,E01029958,Ipswich 007A,Criminal damage and arson,Awaiting court outcome,
a87a0a2447bf1595a69e8fc283dbe90705b0fb2303087df0af8bb6a5e39c672d,2026-03,Suffolk Constabulary,Suffolk Constabulary,1.182728,52.058717,On or near Supermarket,E01029958,Ipswich 007A,Shoplifting,Investigation complete; no suspect identified,
2d72a8d7b6a08402350ec8b4230a9fd271b3b7f0f9a2a139fde04d19901b513c,2026-03,Suffolk Constabulary,Suffolk Constabulary,1.181011,52.058575,On or near Springland Close,E01029958,Ipswich 007A,Vehicle crime,Unable to prosecute suspect,
f3405ce12d20cb89126dc66e8dff9d518501f5ca74e00fc323f350ad20a22f1c,2026-03,Suffolk Constabulary,Suffolk Constabulary,1.181011,52.058575,On or near Springland Close,E01029958,Ipswich 007A,Violence and sexual offences,Unable to prosecute suspect,
573754d7f1cc654cbcafaa6b276d0e21435e9edd9eec0df8dfa9941ed7b5f434,2026-03,Suffolk Constabulary,Suffolk Constabulary,1.181011,52.058575,On or near Springland Close,E01029958,Ipswich 007A,Violence and sexual offences,Under investigation,
c0c8b01826f16aadce5afbfa955b02d52b5ddcbb1861f453e846cf0bab02089b,2026-03,Suffolk Constabulary,Suffolk Constabulary,1.180877,52.059154,On or near Spring Road,E01029958,Ipswich 007A,Violence and sexual offences,Unable to prosecute suspect,
,2026-03,Suffolk Constabulary,Suffolk Constabulary,1.168594,52.060223,On or near North Hill Road,E01029960,Ipswich 007C,Anti-social behaviour,,
37638b9b38159c4b1a5d13302758b4900277f03260d59d1188c3f8415d9ce21f,2026-03,Suffolk Constabulary,Suffolk Constabulary,1.171783,52.057457,On or near Bartholomew Street,E01029960,Ipswich 007C,Criminal damage and arson,Awaiting court outcome,
cff739d58d5bc5ad9c9786e1efaed2190bb3714e1121d581e6bf779a68746a76,2026-03,Suffolk Constabulary,Suffolk Constabulary,1.169945,52.057668,On or near Nottidge Road,E01029960,Ipswich 007C,Criminal damage and arson,Investigation complete; no suspect identified,
391f12a7db101226ec62ddf11925fca71c1b7f527155f9aae640556587da7314,2026-03,Suffolk Constabulary,Suffolk Constabulary,1.170385,52.058115,On or near Alexandra Road,E01029960,Ipswich 007C,Other theft,Local resolution,
ab1bba4a227ce8ef759faff74b34bff7d633e940e3b64fb7878667c9fcd9002c,2026-03,Suffolk Constabulary,Suffolk Constabulary,1.166359,52.059366,On or near Lacey Street,E01029960,Ipswich 007C,Other theft,Unable to prosecute suspect,
220b4b366542d96b71853a0f45ca12d160d02d7141882817622385e15462920d,2026-03,Suffolk Constabulary,Suffolk Constabulary,1.172435,52.060470,On or near Post Mill Close,E01029960,Ipswich 007C,Other theft,Investigation complete; no suspect identified,
55f56b5da6a77d5846c9fac805ed4fdec3a47431f674c7fc617deaa7345f4d75,2026-03,Suffolk Constabulary,Suffolk Constabulary,1.170450,52.056350,On or near Grange Road,E01029960,Ipswich 007C,Other theft,Investigation complete; no suspect identified,
8bcc9f8dd518c8075e6f10100a65d204441c052a7be715a8972975318f67bd0a,2026-03,Suffolk Constabulary,Suffolk Constabulary,1.168594,52.060223,On or near North Hill Road,E01029960,Ipswich 007C,Robbery,Under investigation,
fe8efba5b11609d5037ea5b1d03b1b127ae325cc66b44d6b5d9714947e2b708c,2026-03,Suffolk Constabulary,Suffolk Constabulary,1.170594,52.061473,On or near Tydeman Close,E01029960,Ipswich 007C,Violence and sexual offences,Action to be taken by another organisation,
4642ea34edd1fc0cd8f7b7f36adec4493d15c26564065d172b6f89bd13d4ed59,2026-03,Suffolk Constabulary,Suffolk Constabulary,1.170189,52.061934,On or near Russet Road,E01029960,Ipswich 007C,Violence and sexual offences,Action to be taken by another organisation,
e0b55c9cb98ee0cdbf1f7032a3ccaf66b9dbacb9e139925fc566ff14e748d836,2026-03,Suffolk Constabulary,Suffolk Constabulary,1.170189,52.061934,On or near Russet Road,E01029960,Ipswich 007C,Violence and sexual offences,Awaiting court outcome,
6eb9787967956d033b1ac40519594e9107b81728e98688c2971286dbd002d3de,2026-03,Suffolk Constabulary,Suffolk Constabulary,1.168594,52.060223,On or near North Hill Road,E01029960,Ipswich 007C,Violence and sexual offences,Unable to prosecute suspect,
ce44eab3e78e4c60f4a371d3df5c4cabd85b175775da9d0312d456b656a5f54f,2026-03,Suffolk Constabulary,Suffolk Constabulary,1.170189,52.061934,On or near Russet Road,E01029960,Ipswich 007C,Violence and sexual offences,Action to be taken by another organisation,
1fbdbed3703928bb08e312d2f0996effe1be3038202e44956a005d410bad81d5,2026-03,Suffolk Constabulary,Suffolk Constabulary,1.170594,52.061473,On or near Tydeman Close,E01029960,Ipswich 007C,Violence and sexual offences,Action to be taken by another organisation,
f6ec3d5042bbf8491d95ea4a738f233d33bfd5e102979939b8660dc1013c3a87,2026-03,Suffolk Constabulary,Suffolk Constabulary,1.171410,52.059391,On or near Belle Vue Road,E01029960,Ipswich 007C,Violence and sexual offences,Action to be taken by another organisation,
603d5355550c10f361196f4abd13277f14359598b4f119bc2133c798b039c0db,2026-03,Suffolk Constabulary,Suffolk Constabulary,1.170189,52.061934,On or near Russet Road,E01029960,Ipswich 007C,Violence and sexual offences,Action to be taken by another organisation,
6b3508ec9d2b4c46149993f86d03fe7acee8fe3361eba5cd7b274f506ff6ef64,2026-03,Suffolk Constabulary,Suffolk Constabulary,1.170594,52.061473,On or near Tydeman Close,E01029960,Ipswich 007C,Violence and sexual offences,Action to be taken by another organisation,
652be3f0286936904491577a8c0512bfddf7b5003f1d1a7369dbd1b9dfedc3f9,2026-03,Suffolk Constabulary,Suffolk Constabulary,1.180212,52.053911,On or near Fuchsia Lane,E01029961,Ipswich 007D,Drugs,Under investigation,
6647a828e6bcd1c50e65c2d4c50c4744bb5dde33f996a84eb10da1cc19ff0df0,2026-03,Suffolk Constabulary,Suffolk Constabulary,1.178195,52.053650,On or near Faraday Road,E01029961,Ipswich 007D,Other theft,Investigation complete; no suspect identified,
f01efafc3829cbf3933fa92e3da7a0a1078e84be7a6eeb42e07244b0e865529e,2026-03,Suffolk Constabulary,Suffolk Constabulary,1.176217,52.053326,On or near Ruskin Road,E01029961,Ipswich 007D,Vehicle crime,Investigation complete; no suspect identified,
f0131e4ec53810bcbf84929a0a5ebc5dcbf9515e64070473a9be44bd8601c6af,2026-03,Suffolk Constabulary,Suffolk Constabulary,1.180212,52.053911,On or near Fuchsia Lane,E01029961,Ipswich 007D,Violence and sexual offences,Under investigation,
6dc85831e17285445bc4e4269fbd435742bad5f530490a8d72bf107af2a1a90c,2026-03,Suffolk Constabulary,Suffolk Constabulary,1.173608,52.055213,On or near Melville Road,E01029961,Ipswich 007D,Violence and sexual offences,Unable to prosecute suspect,
6cf3d7d0341848de04483e0963adecc0f692c5f086ce3884f022c628d6e17d74,2026-03,Suffolk Constabulary,Suffolk Constabulary,1.176217,52.053326,On or near Ruskin Road,E01029961,Ipswich 007D,Violence and sexual offences,Unable to prosecute suspect,
68e8f0830b2595790856149ca315d4218258232838b1ce69aa4488f4ef8f05bb,2026-03,Suffolk Constabulary,Suffolk Constabulary,1.180212,52.053911,On or near Fuchsia Lane,E01029961,Ipswich 007D,Other crime,Awaiting court outcome,
c33d8ecc81a9f358f7db7268ca31f097c341d4032cd327f18f18793b10cd8e0a,2026-03,Suffolk Constabulary,Suffolk Constabulary,1.168447,52.058140,On or near Warwick Road,E01029962,Ipswich 007E,Criminal damage and arson,Investigation complete; no suspect identified,
33ef4d483276f5717aace835154c8aef5e987e3de9667cd3258fd573d6cba1b6,2026-03,Suffolk Constabulary,Suffolk Constabulary,1.167622,52.056175,On or near Oxford Road,E01029962,Ipswich 007E,Criminal damage and arson,Unable to prosecute suspect,
800f7bab10e2c5700a58096f4970f8686354dc0935529103acf9a6b06697ee9d,2026-03,Suffolk Constabulary,Suffolk Constabulary,1.163426,52.057709,On or near Argyle Street,E01029962,Ipswich 007E,Other theft,Unable to prosecute suspect,
9f07bbc346d46c9a1330f21aa07330fe3b6fbff879744c9aa714f09c4cb3ad44,2026-03,Suffolk Constabulary,Suffolk Constabulary,1.172371,52.054842,On or near Rosebery Road,E01029962,Ipswich 007E,Public order,Unable to prosecute suspect,
2bf6358eeca997991f7108e14262b66b192ecea36f90bf3f0d87fdb59d32af2d,2026-03,Suffolk Constabulary,Suffolk Constabulary,1.166934,52.057380,On or near Palmerston Road,E01029962,Ipswich 007E,Vehicle crime,Investigation complete; no suspect identified,
ba5de349d3e56f3149e7e1dcb011e22230c4406ac1c61fca71b90568b7bf462a,2026-03,Suffolk Constabulary,Suffolk Constabulary,1.167805,52.057528,On or near Lancaster Road,E01029962,Ipswich 007E,Vehicle crime,Investigation complete; no suspect identified,
9ae127f9f44a3dff06bf3fd8a77037fd9fe5754382f8ac50639ccf211d939b55,2026-03,Suffolk Constabulary,Suffolk Constabulary,1.172371,52.054842,On or near Rosebery Road,E01029962,Ipswich 007E,Violence and sexual offences,Unable to prosecute suspect,
cc637c384ee209cf899231ee4f76486fbf0b68c9331ccb5f59f4eaf8c08dba4a,2026-03,Suffolk Constabulary,Suffolk Constabulary,1.167622,52.056175,On or near Oxford Road,E01029962,Ipswich 007E,Violence and sexual offences,Investigation complete; no suspect identified,
ab86ad64dcd49422dd3430f14150c56316b4fdbb44e2af196982e8ddde352e83,2026-03,Suffolk Constabulary,Suffolk Constabulary,1.167622,52.056175,On or near Oxford Road,E01029962,Ipswich 007E,Violence and sexual offences,Investigation complete; no suspect identified,
edb0e8487e5ecd1ca24fbc7b978be0c837986c4698ce40fdd4e0890b4b4ebbaa,2026-03,Suffolk Constabulary,Suffolk Constabulary,1.167805,52.057528,On or near Lancaster Road,E01029962,Ipswich 007E,Violence and sexual offences,Action to be taken by another organisation,
f11e206c0a011dbd4f30fc0982505dc8fc91c046a8ef3a7d1f91f488dd625bae,2026-03,Suffolk Constabulary,Suffolk Constabulary,1.167622,52.056175,On or near Oxford Road,E01029962,Ipswich 007E,Violence and sexual offences,Unable to prosecute suspect,
,2026-03,Suffolk Constabulary,Suffolk Constabulary,1.150660,52.053365,On or near Nightclub,E01033124,Ipswich 007F,Anti-social behaviour,,
b6dce9cd39c6fd73decac9cbb33f47750bc9bb6d83392afea082c4c1a688df73,2026-03,Suffolk Constabulary,Suffolk Constabulary,1.156432,52.053075,On or near Parking Area,E01033124,Ipswich 007F,Bicycle theft,Investigation complete; no suspect identified,
9e09e494526653afe6eddea55e004a0269e73177bf8c0c215491b07e0bed221f,2026-03,Suffolk Constabulary,Suffolk Constabulary,1.163459,52.052392,On or near Further/Higher Educational Building,E01033124,Ipswich 007F,Criminal damage and arson,Unable to prosecute suspect,
8bb53fd7c96fac3964e870f20b39a6dc161aeed59964f257698906b3a6fe8472,2026-03,Suffolk Constabulary,Suffolk Constabulary,1.161532,52.053199,On or near Fore Street,E01033124,Ipswich 007F,Criminal damage and arson,Unable to prosecute suspect,
bb0113f12ad4849212df03b3fb0283b101e1f5af037b934c5802ba80901c72a9,2026-03,Suffolk Constabulary,Suffolk Constabulary,1.154783,52.053075,On or near Parking Area,E01033124,Ipswich 007F,Criminal damage and arson,Local resolution,
dd77864ad0063398a073dbe8b95ddd782c73c4614e83a84ce42312e21674ba2a,2026-03,Suffolk Constabulary,Suffolk Constabulary,1.163459,52.052392,On or near Further/Higher Educational Building,E01033124,Ipswich 007F,Possession of weapons,Further investigation is not in the public interest,
9957211a75b80c5cdaf005bf6611da724e9bdf65d5e603c43334de39867c95f3,2026-03,Suffolk Constabulary,Suffolk Constabulary,1.161532,52.053199,On or near Fore Street,E01033124,Ipswich 007F,Public order,Awaiting court outcome,
d965f1480a508541d2fd669c1de11d6a77c755a779b803ef5bebcacc32698f2e,2026-03,Suffolk Constabulary,Suffolk Constabulary,1.154017,52.054624,On or near Parking Area,E01033124,Ipswich 007F,Public order,Unable to prosecute suspect,
7e7c93e9df8be16552f4889b4bfb19acde91a62b833f46bf87ec1d533d5c6f32,2026-03,Suffolk Constabulary,Suffolk Constabulary,1.147417,52.052256,On or near Commercial Road,E01033124,Ipswich 007F,Shoplifting,Investigation complete; no suspect identified,
8c5c9abd6ea4265ba9b294ee65202ab5906ad932d02dfe44a4c6ff7d813f5f19,2026-03,Suffolk Constabulary,Suffolk Constabulary,1.150707,52.052779,On or near Parking Area,E01033124,Ipswich 007F,Violence and sexual offences,Investigation complete; no suspect identified,
096b23f14490c86b8cf82e3c06cc858abaced42d372405a0387ffb830bb91189,2026-03,Suffolk Constabulary,Suffolk Constabulary,1.161532,52.053199,On or near Fore Street,E01033124,Ipswich 007F,Violence and sexual offences,Unable to prosecute suspect,
cdbde4570eaefeca93fa8131b4432882cfd3a592a4b021c7362285cc6ebf243c,2026-03,Suffolk Constabulary,Suffolk Constabulary,1.159070,52.052636,On or near Common Quay,E01033124,Ipswich 007F,Violence and sexual offences,Under investigation,
1721bd6955bd12e8bb2093adf4b2800db544202aa70b77a9b85880759f3c0510,2026-03,Suffolk Constabulary,Suffolk Constabulary,1.159070,52.052636,On or near Common Quay,E01033124,Ipswich 007F,Violence and sexual offences,Under investigation,
01f372d598e1f07ab2eeaf66b240be202dda68ab965f30a0771e479344feb5a6,2026-03,Suffolk Constabulary,Suffolk Constabulary,1.154017,52.054624,On or near Parking Area,E01033124,Ipswich 007F,Violence and sexual offences,Unable to prosecute suspect,
262d0f17951f260d5119d5d5862c65c50508896409ecfd9cc00e34a0f993dfd9,2026-03,Suffolk Constabulary,Suffolk Constabulary,1.152252,52.055247,On or near Cromwell Square,E01033124,Ipswich 007F,Violence and sexual offences,Unable to prosecute suspect,
689827f690dd44b5f429cb332895122ca455b31588f653645b8301b936392036,2026-03,Suffolk Constabulary,Suffolk Constabulary,1.161532,52.053199,On or near Fore Street,E01033124,Ipswich 007F,Violence and sexual offences,Investigation complete; no suspect identified,
ad7496e691a547f6d923abf81e15d2043fec82f56b9207215248e1857c7a0518,2026-03,Suffolk Constabulary,Suffolk Constabulary,1.147417,52.052256,On or near Commercial Road,E01033124,Ipswich 007F,Violence and sexual offences,Investigation complete; no suspect identified,
76349c3b54a9fd02ba696c6271e646bf9044c4e27be10eb0114c9551150ae531,2026-03,Suffolk Constabulary,Suffolk Constabulary,1.153744,52.054479,On or near Rose Lane,E01033124,Ipswich 007F,Violence and sexual offences,Under investigation,
12f0161873f4ffc6383a1f25993970a7c35cf8f942f5daec572768f7c36d3eb1,2026-03,Suffolk Constabulary,Suffolk Constabulary,1.154017,52.054624,On or near Parking Area,E01033124,Ipswich 007F,Violence and sexual offences,Unable to prosecute suspect,
ccf2b3968922daed50d5dd1b4845b42f0e9f2227fb9984630c146d7c60b88733,2026-03,Suffolk Constabulary,Suffolk Constabulary,1.152219,52.052712,On or near Parking Area,E01033124,Ipswich 007F,Violence and sexual offences,Unable to prosecute suspect,
1df3c131d55c7139c564362159b6efa55f79dd0f63b8e91aba123f6b93f206a9,2026-03,Suffolk Constabulary,Suffolk Constabulary,1.154017,52.054624,On or near Parking Area,E01033124,Ipswich 007F,Violence and sexual offences,Investigation complete; no suspect identified,
0e64311f81620577a68a962a559fd1efeb9285062edbbfe3fe355cc016cf2060,2026-03,Suffolk Constabulary,Suffolk Constabulary,1.150707,52.052779,On or near Parking Area,E01033124,Ipswich 007F,Violence and sexual offences,Investigation complete; no suspect identified,
da96a8ff98c1bb0f61fda9dda243bdd411e2af37ea82608e33a8e4eac900f745,2026-03,Suffolk Constabulary,Suffolk Constabulary,1.152252,52.055247,On or near Cromwell Square,E01033124,Ipswich 007F,Violence and sexual offences,Under investigation,
f6b2d801e331a5258430452b90b626b35cecb53797db5ffacdf065ae0c4b2db8,2026-03,Suffolk Constabulary,Suffolk Constabulary,1.152252,52.055247,On or near Cromwell Square,E01033124,Ipswich 007F,Other crime,Unable to prosecute suspect,
,2026-03,Suffolk Constabulary,Suffolk Constabulary,1.152581,52.056605,On or near Queen Street,E01033125,Ipswich 007G,Anti-social behaviour,,
,2026-03,Suffolk Constabulary,Suffolk Constabulary,1.155792,52.054550,On or near Lower Brook Street,E01033125,Ipswich 007G,Anti-social behaviour,,
,2026-03,Suffolk Constabulary,Suffolk Constabulary,1.148003,52.058931,On or near Theatre/Concert Hall,E01033125,Ipswich 007G,Anti-social behaviour,,
,2026-03,Suffolk Constabulary,Suffolk Constabulary,1.156197,52.056571,On or near Upper Brook Street,E01033125,Ipswich 007G,Anti-social behaviour,,
,2026-03,Suffolk Constabulary,Suffolk Constabulary,1.155761,52.055981,On or near Dogs Head Street,E01033125,Ipswich 007G,Anti-social behaviour,,
,2026-03,Suffolk Constabulary,Suffolk Constabulary,1.152581,52.056605,On or near Queen Street,E01033125,Ipswich 007G,Anti-social behaviour,,
537eb44268eadea144b94e7d6e6c539930d752c9838cfcb7a216469c963ad7f7,2026-03,Suffolk Constabulary,Suffolk Constabulary,1.155761,52.055981,On or near Dogs Head Street,E01033125,Ipswich 007G,Bicycle theft,Investigation complete; no suspect identified,
e008cc8caac58e9e7061d653fa57dc130f61e64339c9e54198c456555ba492f6,2026-03,Suffolk Constabulary,Suffolk Constabulary,1.148141,52.053846,On or near New Cardinal Street,E01033125,Ipswich 007G,Bicycle theft,Investigation complete; no suspect identified,
4feb7a9852e59f832d3e0351385864329bd754e95be4bdcac68c44a21f131fb8,2026-03,Suffolk Constabulary,Suffolk Constabulary,1.148141,52.053846,On or near New Cardinal Street,E01033125,Ipswich 007G,Bicycle theft,Investigation complete; no suspect identified,
9b4be4935556d6b50d86ce06fc163e6d1271321721163b00547232b7ba7cf9a8,2026-03,Suffolk Constabulary,Suffolk Constabulary,1.151803,52.057373,On or near King Street,E01033125,Ipswich 007G,Burglary,Awaiting court outcome,
327d6c434ae09aaad06b31ef58a083713677cc2f032f44a58d7d8aaeeb669e07,2026-03,Suffolk Constabulary,Suffolk Constabulary,1.156234,52.057101,On or near B1076,E01033125,Ipswich 007G,Burglary,Awaiting court outcome,
a4a8c7f21f08da7a396b95784ecd397d31807c6202df2e5773f5b6c34431cdce,2026-03,Suffolk Constabulary,Suffolk Constabulary,1.156234,52.057101,On or near B1076,E01033125,Ipswich 007G,Burglary,Investigation complete; no suspect identified,
0e60cf5eb9a0b4e8d8a00ab5871c16ceaf2908b89892533e5230cfb30af251ff,2026-03,Suffolk Constabulary,Suffolk Constabulary,1.150752,52.058597,On or near Westgate Street,E01033125,Ipswich 007G,Criminal damage and arson,Investigation complete; no suspect identified,
001eda7d77d12a49f511ce0c4f3c7ee1d0333d8d0c20646624d9bf8187dcaa62,2026-03,Suffolk Constabulary,Suffolk Constabulary,1.156197,52.056571,On or near Upper Brook Street,E01033125,Ipswich 007G,Criminal damage and arson,Unable to prosecute suspect,
6f5fb960859fa8f5f1e806e436fd87d80a29fa0821c6fe808977216738de9701,2026-03,Suffolk Constabulary,Suffolk Constabulary,1.150752,52.058597,On or near Westgate Street,E01033125,Ipswich 007G,Criminal damage and arson,Awaiting court outcome,
ad2a403b075e461e9f7e0a55b815c13167f5f06cd36a6cec74a67760137d3c9e,2026-03,Suffolk Constabulary,Suffolk Constabulary,1.152961,52.056199,On or near Nightclub,E01033125,Ipswich 007G,Criminal damage and arson,Investigation complete; no suspect identified,
1c9294d7040e8e2424b76b3c922447b42b9d3211ba8b4f6bf30036cae802bd95,2026-03,Suffolk Constabulary,Suffolk Constabulary,1.155792,52.054550,On or near Lower Brook Street,E01033125,Ipswich 007G,Drugs,Local resolution,
7a92d20488b8d2b8435024b8c2445cbef47b4fa97953af588157888f08a7b9ef,2026-03,Suffolk Constabulary,Suffolk Constabulary,1.153011,52.058357,On or near Lloyds Avenue,E01033125,Ipswich 007G,Other theft,Unable to prosecute suspect,
38ec9399f2786fe202f0bf7ad79f5b17014b64dff60e2dab90d1b5ca58634543,2026-03,Suffolk Constabulary,Suffolk Constabulary,1.152492,52.055340,On or near St Nicholas Street,E01033125,Ipswich 007G,Other theft,Investigation complete; no suspect identified,
b06eab2841231c08764288d866b7a2001ef6bffdfa26fdb1b8e6423cbc49c26a,2026-03,Suffolk Constabulary,Suffolk Constabulary,1.152492,52.055340,On or near St Nicholas Street,E01033125,Ipswich 007G,Other theft,Investigation complete; no suspect identified,
1c6ccabb76e3dd2ead39569537c06c25fc78712d239088c91467701777604382,2026-03,Suffolk Constabulary,Suffolk Constabulary,1.151814,52.056077,On or near Friars Street,E01033125,Ipswich 007G,Other theft,Unable to prosecute suspect,
428899c9a829bbc32da303337a13d7978303a71a34fbf2719da82c421755c276,2026-03,Suffolk Constabulary,Suffolk Constabulary,1.155761,52.055981,On or near Dogs Head Street,E01033125,Ipswich 007G,Other theft,Investigation complete; no suspect identified,
9f0803091aa546231b0bf8d3c3c877205844e3a3eac2f1473bd992ba505279d4,2026-03,Suffolk Constabulary,Suffolk Constabulary,1.155761,52.055981,On or near Dogs Head Street,E01033125,Ipswich 007G,Other theft,Unable to prosecute suspect,
b018565a0bc5592c30e1497190e3aaaf826ec091d42eed3bbb90bf210ad24bee,2026-03,Suffolk Constabulary,Suffolk Constabulary,1.156197,52.056571,On or near Upper Brook Street,E01033125,Ipswich 007G,Other theft,Investigation complete; no suspect identified,
39b21380df70d157f799472cdaa51b6dd8289096a843e7a8d54d6e12a70ec6eb,2026-03,Suffolk Constabulary,Suffolk Constabulary,1.152961,52.056199,On or near Nightclub,E01033125,Ipswich 007G,Other theft,Investigation complete; no suspect identified,
2a4e2dbf772bae0c6c2b251d776b2782847652f45c27b9c4da7bebad102fe8a3,2026-03,Suffolk Constabulary,Suffolk Constabulary,1.156234,52.057101,On or near B1076,E01033125,Ipswich 007G,Possession of weapons,Under investigation,
03be4031df1d96f39e877ac000512f63fcce05652a1fc1e18ba746a594b3f7db,2026-03,Suffolk Constabulary,Suffolk Constabulary,1.155761,52.055981,On or near Dogs Head Street,E01033125,Ipswich 007G,Possession of weapons,Under investigation,
4e67d0e38adb8f166414650a293ab7bd68dc34826854fbf0c87b083766325e72,2026-03,Suffolk Constabulary,Suffolk Constabulary,1.155761,52.055981,On or near Dogs Head Street,E01033125,Ipswich 007G,Possession of weapons,Under investigation,
ec6985fe23906e134bdc1d0e4a1ad6af6237f4eee62380cb59e542fd8d7f02f8,2026-03,Suffolk Constabulary,Suffolk Constabulary,1.153011,52.058357,On or near Lloyds Avenue,E01033125,Ipswich 007G,Possession of weapons,Under investigation,
3d1af6dca2eb49bc7074fcb69cf58f49121ee97fcd7597ea50f856810cf298e7,2026-03,Suffolk Constabulary,Suffolk Constabulary,1.152581,52.056605,On or near Queen Street,E01033125,Ipswich 007G,Public order,Unable to prosecute suspect,
2a8d7899df10367a0eba4809b92ee3b08117fa54d0006dfe8e605cdfcf533dc8,2026-03,Suffolk Constabulary,Suffolk Constabulary,1.156234,52.057101,On or near B1076,E01033125,Ipswich 007G,Public order,Awaiting court outcome,
9c147d530760e9d02d10679cf3a1e08fcae9a398c75cf4dcbe65bdac0ef4e690,2026-03,Suffolk Constabulary,Suffolk Constabulary,1.156234,52.057101,On or near B1076,E01033125,Ipswich 007G,Public order,Awaiting court outcome,
3e3e15347f88256a97584775c8e522e3497c64000b74526f2731f1e6c1283239,2026-03,Suffolk Constabulary,Suffolk Constabulary,1.156234,52.057101,On or near B1076,E01033125,Ipswich 007G,Public order,Awaiting court outcome,
c07587575ddc5f31fef1fca73997a7d4b157d7d9ba6c0d6bc9d806e9f866f130,2026-03,Suffolk Constabulary,Suffolk Constabulary,1.152581,52.056605,On or near Queen Street,E01033125,Ipswich 007G,Public order,Awaiting court outcome,
456ad55024923026a43faf1446fc593668f538c34dd38bd0b5b30bc5b7c2a5ab,2026-03,Suffolk Constabulary,Suffolk Constabulary,1.156234,52.057101,On or near B1076,E01033125,Ipswich 007G,Public order,Unable to prosecute suspect,
37ba6372bab46be1070750e9d93b8e6172d2425683ebbb64b7328dbd89bb3f5d,2026-03,Suffolk Constabulary,Suffolk Constabulary,1.153861,52.059449,On or near Crown Street,E01033125,Ipswich 007G,Public order,Investigation complete; no suspect identified,
e287f9a759db92f63b24885f524ad2021fa933c88eb8b37911d66baa426150d3,2026-03,Suffolk Constabulary,Suffolk Constabulary,1.156197,52.056571,On or near Upper Brook Street,E01033125,Ipswich 007G,Public order,Unable to prosecute suspect,
be1de2ee4e25b1a6ba95efa5e6c84e0d9d11e6e95ce9fea9622a94431afee020,2026-03,Suffolk Constabulary,Suffolk Constabulary,1.156234,52.057101,On or near B1076,E01033125,Ipswich 007G,Public order,Unable to prosecute suspect,
03e86063a832107f06e4d26475278dd2a2571edfa9de1cf70918267f8844754f,2026-03,Suffolk Constabulary,Suffolk Constabulary,1.155792,52.054550,On or near Lower Brook Street,E01033125,Ipswich 007G,Public order,Under investigation,
21a7b31686e40df271b250bb30d10e1d1806cacc5bf7215524f57df1b132fe1f,2026-03,Suffolk Constabulary,Suffolk Constabulary,1.153011,52.058357,On or near Lloyds Avenue,E01033125,Ipswich 007G,Public order,Awaiting court outcome,
6199e63b8181acba3b0fc55ac8819218a3ede6c69d7f009a3c07f30790ecbcc9,2026-03,Suffolk Constabulary,Suffolk Constabulary,1.157340,52.055201,On or near Parking Area,E01033125,Ipswich 007G,Robbery,Under investigation,
7969e41c0a784af81cbac07e13c4734c60cf66a7baa7281f0944805be224e693,2026-03,Suffolk Constabulary,Suffolk Constabulary,1.156234,52.057101,On or near B1076,E01033125,Ipswich 007G,Shoplifting,Investigation complete; no suspect identified,
b0dc8a97a1c5d6fb12be37f237f517d8e9f64c5f584ac6f81efa6ca98e0e7361,2026-03,Suffolk Constabulary,Suffolk Constabulary,1.153271,52.059150,On or near Tower Ramparts,E01033125,Ipswich 007G,Shoplifting,Investigation complete; no suspect identified,
4bb15c7683f25ee43400ab2cca207358d5bfb6f7b389b00c861ee50b004b5854,2026-03,Suffolk Constabulary,Suffolk Constabulary,1.156197,52.056571,On or near Upper Brook Street,E01033125,Ipswich 007G,Shoplifting,Awaiting court outcome,
7ffc586bce8df99a8083f355a0753db4df0c8c606cc9c86937d5521bdaf52609,2026-03,Suffolk Constabulary,Suffolk Constabulary,1.153011,52.058357,On or near Lloyds Avenue,E01033125,Ipswich 007G,Shoplifting,Awaiting court outcome,
f06d03858ab4c25c9b7a5c7e5e9bd452745a8ed50de8df8fee69705ddc1b163c,2026-03,Suffolk Constabulary,Suffolk Constabulary,1.153011,52.058357,On or near Lloyds Avenue,E01033125,Ipswich 007G,Shoplifting,Awaiting court outcome,
ec2f31317eea21f9b7300f4e96d9ada8d7e03d485b319fa529f84c4de5b5ed7e,2026-03,Suffolk Constabulary,Suffolk Constabulary,1.156197,52.056571,On or near Upper Brook Street,E01033125,Ipswich 007G,Shoplifting,Investigation complete; no suspect identified,
8c804412c3d1c6888aa615b42ea840e7e9e10e048a0839e8c9e17f6681c7b690,2026-03,Suffolk Constabulary,Suffolk Constabulary,1.151547,52.058495,On or near Providence Street,E01033125,Ipswich 007G,Shoplifting,Local resolution,
0ac04ddddfdb5bd34afdfe4772d915003e827200dc9954b260f2881268bf229b,2026-03,Suffolk Constabulary,Suffolk Constabulary,1.153011,52.058357,On or near Lloyds Avenue,E01033125,Ipswich 007G,Shoplifting,Unable to prosecute suspect,
c1f0f2f8231281fd23452cb068e066cc81bc371d39f73f7639aee6b028f0bea1,2026-03,Suffolk Constabulary,Suffolk Constabulary,1.155761,52.055981,On or near Dogs Head Street,E01033125,Ipswich 007G,Shoplifting,Local resolution,
e1d150298511467150bb35455808baaa5d54ced69bb4f55f16a26b461803ea5f,2026-03,Suffolk Constabulary,Suffolk Constabulary,1.156197,52.056571,On or near Upper Brook Street,E01033125,Ipswich 007G,Shoplifting,Investigation complete; no suspect identified,
969f76a0d7552995dd8fb6a3d5881b29f680c545ec3999338c93aa50c3f89c1d,2026-03,Suffolk Constabulary,Suffolk Constabulary,1.153011,52.058357,On or near Lloyds Avenue,E01033125,Ipswich 007G,Shoplifting,Investigation complete; no suspect identified,
ebd01573cf2fe6dc92f66c06fb68305fcad40fc20d506071a192462af5364035,2026-03,Suffolk Constabulary,Suffolk Constabulary,1.153011,52.058357,On or near Lloyds Avenue,E01033125,Ipswich 007G,Shoplifting,Awaiting court outcome,
0b9d5050bcf788b6f5b52659ada25f316728c2feea0bb4468c9c4a0ce6abd195,2026-03,Suffolk Constabulary,Suffolk Constabulary,1.156197,52.056571,On or near Upper Brook Street,E01033125,Ipswich 007G,Shoplifting,Investigation complete; no suspect identified,
c7b941d8bfea1d68858db7a2754b0f3c17602bfc0f7cb5e7036f046ebaf56084,2026-03,Suffolk Constabulary,Suffolk Constabulary,1.152961,52.056199,On or near Nightclub,E01033125,Ipswich 007G,Shoplifting,Awaiting court outcome,
9448e983f3ab33b196d77ac5e7c995e5e5492083fb19bda0a01c64bdfba359ce,2026-03,Suffolk Constabulary,Suffolk Constabulary,1.151547,52.058495,On or near Providence Street,E01033125,Ipswich 007G,Shoplifting,Awaiting court outcome,
4bb952b25622384e343a095f07c6a4151819eb59339f21f61bac985244c67435,2026-03,Suffolk Constabulary,Suffolk Constabulary,1.151547,52.058495,On or near Providence Street,E01033125,Ipswich 007G,Shoplifting,Investigation complete; no suspect identified,
daab87a56316c93543d93f2a2e3551ba82acc83058a8ba87d71b0995cd46b253,2026-03,Suffolk Constabulary,Suffolk Constabulary,1.153271,52.059150,On or near Tower Ramparts,E01033125,Ipswich 007G,Shoplifting,Investigation complete; no suspect identified,
8bb46412c22eb58a02b4ee45ba5794a05bb8d18994264df8e7abc313cdedd95d,2026-03,Suffolk Constabulary,Suffolk Constabulary,1.153271,52.059150,On or near Tower Ramparts,E01033125,Ipswich 007G,Shoplifting,Investigation complete; no suspect identified,
4495fa82e351e79cad87fc0abe3e7033c8a8b9b7fe8067684c97b7b04254a8a9,2026-03,Suffolk Constabulary,Suffolk Constabulary,1.151547,52.058495,On or near Providence Street,E01033125,Ipswich 007G,Shoplifting,Investigation complete; no suspect identified,
9d76e3df2794f6f97df4a4cb48d63cf28a17782212e3e89758c04cb44be9d65d,2026-03,Suffolk Constabulary,Suffolk Constabulary,1.153861,52.059449,On or near Crown Street,E01033125,Ipswich 007G,Shoplifting,Awaiting court outcome,
7eb34f3b9c7aa4f9b0cbf6ed53bc2eb9de4184be5ac9d0601164fb0612c2bf70,2026-03,Suffolk Constabulary,Suffolk Constabulary,1.153011,52.058357,On or near Lloyds Avenue,E01033125,Ipswich 007G,Shoplifting,Awaiting court outcome,
0eefcd16a18bb90d8e9ba11d4bcfb0c821240c0ab2f0b57338891c5e83e15006,2026-03,Suffolk Constabulary,Suffolk Constabulary,1.156197,52.056571,On or near Upper Brook Street,E01033125,Ipswich 007G,Shoplifting,Investigation complete; no suspect identified,
bf2bb7bf0feb61f3d9cad96645a6e5619905c74ac3614d52e92b9772a148a084,2026-03,Suffolk Constabulary,Suffolk Constabulary,1.155761,52.055981,On or near Dogs Head Street,E01033125,Ipswich 007G,Shoplifting,Awaiting court outcome,
217eb2acc79324edeb808db16e888c4d1e6c57f19594995af02fdacfa91ea3f9,2026-03,Suffolk Constabulary,Suffolk Constabulary,1.153011,52.058357,On or near Lloyds Avenue,E01033125,Ipswich 007G,Shoplifting,Investigation complete; no suspect identified,
beaed2116e4b1dffaf0cd8a6939a0577324b55fc7c0e7c87f0249d8da5d406b0,2026-03,Suffolk Constabulary,Suffolk Constabulary,1.153271,52.059150,On or near Tower Ramparts,E01033125,Ipswich 007G,Shoplifting,Investigation complete; no suspect identified,
c354ecd38f2ff0317523e2592ccd789dfb10036704a2edae51f7ea7e47945864,2026-03,Suffolk Constabulary,Suffolk Constabulary,1.156197,52.056571,On or near Upper Brook Street,E01033125,Ipswich 007G,Shoplifting,Awaiting court outcome,
015184408e7eaedf6ed051c8a5637c61e3d7ecea2347c265c002a4858396bc7b,2026-03,Suffolk Constabulary,Suffolk Constabulary,1.156234,52.057101,On or near B1076,E01033125,Ipswich 007G,Shoplifting,Unable to prosecute suspect,
075de5e9f4cc9f28f7aaa19d7ee1ba8ed9e2d5112d2b440c04e54166945ac1f9,2026-03,Suffolk Constabulary,Suffolk Constabulary,1.153271,52.059150,On or near Tower Ramparts,E01033125,Ipswich 007G,Shoplifting,Under investigation,
0ee28ee3893d1c8a6f5630babace476d480cac2dcdb56a22b6bc2a335029d410,2026-03,Suffolk Constabulary,Suffolk Constabulary,1.153011,52.058357,On or near Lloyds Avenue,E01033125,Ipswich 007G,Shoplifting,Investigation complete; no suspect identified,
d26f7d40a16fca27cf83e20e3321e108a73ec2209dea34201a91ce387cbdd023,2026-03,Suffolk Constabulary,Suffolk Constabulary,1.151547,52.058495,On or near Providence Street,E01033125,Ipswich 007G,Shoplifting,Under investigation,
d5779691650bf94bec37adf8f1aeb67a95875bbf3894161a421439b96e1c752f,2026-03,Suffolk Constabulary,Suffolk Constabulary,1.151803,52.057373,On or near King Street,E01033125,Ipswich 007G,Violence and sexual offences,Unable to prosecute suspect,
5b0102d63405a2bf297d6982b5166ec76e394ad489e48a5d484a05651fb9a901,2026-03,Suffolk Constabulary,Suffolk Constabulary,1.150752,52.058597,On or near Westgate Street,E01033125,Ipswich 007G,Violence and sexual offences,Investigation complete; no suspect identified,
92e387a754e756452fb5eb87d8ccd29c96aaef261bdb97bc5043ecda59c84b92,2026-03,Suffolk Constabulary,Suffolk Constabulary,1.155761,52.055981,On or near Dogs Head Street,E01033125,Ipswich 007G,Violence and sexual offences,Unable to prosecute suspect,
06949b424cdd994f8a7126836d73a584ab6dcd9e67adf75e35326e5f33de23b1,2026-03,Suffolk Constabulary,Suffolk Constabulary,1.156234,52.057101,On or near B1076,E01033125,Ipswich 007G,Violence and sexual offences,Investigation complete; no suspect identified,
d3bb0d6587df039df00447eb33b85749dcc9307865df8402bcb65459be7630b0,2026-03,Suffolk Constabulary,Suffolk Constabulary,1.155761,52.055981,On or near Dogs Head Street,E01033125,Ipswich 007G,Violence and sexual offences,Local resolution,
82b3555f567ce8c5ce0388b7cf495c4880c863f5ec3df913c7013356c5b08e8c,2026-03,Suffolk Constabulary,Suffolk Constabulary,1.155761,52.055981,On or near Dogs Head Street,E01033125,Ipswich 007G,Violence and sexual offences,Investigation complete; no suspect identified,
3bfdeb5947270c2deb6ae5265ff61e2f22a1705fef06e9ec25eeba8043f3489c,2026-03,Suffolk Constabulary,Suffolk Constabulary,1.155761,52.055981,On or near Dogs Head Street,E01033125,Ipswich 007G,Violence and sexual offences,Unable to prosecute suspect,
4d63ea6853447f681f24d8d165688c4c541636fdb1cc5849192efb8b2f204281,2026-03,Suffolk Constabulary,Suffolk Constabulary,1.153861,52.059449,On or near Crown Street,E01033125,Ipswich 007G,Violence and sexual offences,Awaiting court outcome,
63f233866ce445f4f30c991882a1382d7e7fc1bdce368c82de8e28ad560a3475,2026-03,Suffolk Constabulary,Suffolk Constabulary,1.155761,52.055981,On or near Dogs Head Street,E01033125,Ipswich 007G,Violence and sexual offences,Unable to prosecute suspect,
dd7e176e702389584166a9a7ffb95354068da0b279c8a679e078a89c7d4a417a,2026-03,Suffolk Constabulary,Suffolk Constabulary,1.153011,52.058357,On or near Lloyds Avenue,E01033125,Ipswich 007G,Violence and sexual offences,Action to be taken by another organisation,
8d2f6a4ae1a0cc19dba3d3c782c438638152286ec549299190ab194025c1a3ba,2026-03,Suffolk Constabulary,Suffolk Constabulary,1.147727,52.058327,On or near Parking Area,E01033125,Ipswich 007G,Violence and sexual offences,Under investigation,
25cf4c966e9752985a68f8d5e039c2f7a485ca9a715e6c1e70d1657f69b65372,2026-03,Suffolk Constabulary,Suffolk Constabulary,1.155761,52.055981,On or near Dogs Head Street,E01033125,Ipswich 007G,Violence and sexual offences,Unable to prosecute suspect,
ef674f20b0a9c9da04d31159e85a1adcedf6a9c5b0b0d646e79648f9c20f4f02,2026-03,Suffolk Constabulary,Suffolk Constabulary,1.149399,52.057824,On or near Black Horse Lane,E01033125,Ipswich 007G,Violence and sexual offences,Under investigation,
f557c43c906c928962d110108384ad0cc2ccea004e997d678d8de0021aeb7102,2026-03,Suffolk Constabulary,Suffolk Constabulary,1.151547,52.058495,On or near Providence Street,E01033125,Ipswich 007G,Violence and sexual offences,Under investigation,
86eddd9d8eafdded05a7e350b3f4d690ee3a144626580dd4d1ba2429ee554a2b,2026-03,Suffolk Constabulary,Suffolk Constabulary,1.155792,52.054550,On or near Lower Brook Street,E01033125,Ipswich 007G,Violence and sexual offences,Unable to prosecute suspect,
cacda7ced4b043150825fad040af921eef00a506999a44fa9cc8b91349a27f5b,2026-03,Suffolk Constabulary,Suffolk Constabulary,1.157342,52.055848,On or near Tacket Street,E01033125,Ipswich 007G,Violence and sexual offences,Unable to prosecute suspect,
666cb9773d86f46294966d94e47691aae99e8ac63c82e8559e23596a235dfbb2,2026-03,Suffolk Constabulary,Suffolk Constabulary,1.152492,52.055340,On or near St Nicholas Street,E01033125,Ipswich 007G,Violence and sexual offences,Unable to prosecute suspect,
7dbefa3cee7fc78b476d40be6fd6c0b4616cdc990300398fd987a4c7256cb330,2026-03,Suffolk Constabulary,Suffolk Constabulary,1.155792,52.054550,On or near Lower Brook Street,E01033125,Ipswich 007G,Violence and sexual offences,Unable to prosecute suspect,
b0f2d76898b5aa115bdf47376a1688891edaf9476c92a32a4bbe6032416ac37d,2026-03,Suffolk Constabulary,Suffolk Constabulary,1.151803,52.057373,On or near King Street,E01033125,Ipswich 007G,Violence and sexual offences,Awaiting court outcome,
4e59a5cb526dea8f9ff2ea68c7f2859815cc895f3e68167a6e2f15985142bb46,2026-03,Suffolk Constabulary,Suffolk Constabulary,1.152581,52.056605,On or near Queen Street,E01033125,Ipswich 007G,Violence and sexual offences,Offender given a caution,
243939b82157f6ac60d559a15f19bf3381a37a399e3e43198a51ac0bdc3ea1fd,2026-03,Suffolk Constabulary,Suffolk Constabulary,1.156234,52.057101,On or near B1076,E01033125,Ipswich 007G,Violence and sexual offences,Action to be taken by another organisation,
aa26090aceb6c6af7127e8011731b44433ef39b3d916142e41726e31161fa2c8,2026-03,Suffolk Constabulary,Suffolk Constabulary,1.155761,52.055981,On or near Dogs Head Street,E01033125,Ipswich 007G,Violence and sexual offences,Unable to prosecute suspect,
1c13fe3946b8c98815ea53e76b67a28ba2d4cd507d52b73b0080a796e78eabea,2026-03,Suffolk Constabulary,Suffolk Constabulary,1.152492,52.055340,On or near St Nicholas Street,E01033125,Ipswich 007G,Violence and sexual offences,Unable to prosecute suspect,
f624cb309f1600a609200ec31169f6c7a82d727218820a40cb8632be398385dd,2026-03,Suffolk Constabulary,Suffolk Constabulary,1.151803,52.057373,On or near King Street,E01033125,Ipswich 007G,Violence and sexual offences,Unable to prosecute suspect,
0756dae56b2f3adf8c1d15dbfd3b1e21b3b4d997e95e210d7e9d605d04c3093a,2026-03,Suffolk Constabulary,Suffolk Constabulary,1.155761,52.055981,On or near Dogs Head Street,E01033125,Ipswich 007G,Violence and sexual offences,Investigation complete; no suspect identified,
7d872c6272acc4244b2ab5d84e210ce15debf8c086ffebf14c3914b76d29b7fa,2026-03,Suffolk Constabulary,Suffolk Constabulary,1.160448,52.054794,On or near Waterworks Street,E01033125,Ipswich 007G,Violence and sexual offences,Under investigation,
64cb4b64a3707517d59302bc84cdca46238c4184ed9621c86d6388258ab0a88f,2026-03,Suffolk Constabulary,Suffolk Constabulary,1.155772,52.053444,On or near Parking Area,E01033125,Ipswich 007G,Violence and sexual offences,Awaiting court outcome,
352ce207264b319ebc36e08f7098a3f4852baf95ad9ee2955966f74995a61079,2026-03,Suffolk Constabulary,Suffolk Constabulary,1.155761,52.055981,On or near Dogs Head Street,E01033125,Ipswich 007G,Violence and sexual offences,Local resolution,
22cf2892b290d80a70df41ff6c3bee0d03c8ebe61289a278d80785b8910a2a68,2026-03,Suffolk Constabulary,Suffolk Constabulary,1.147985,52.057232,On or near Civic Drive,E01033125,Ipswich 007G,Violence and sexual offences,Unable to prosecute suspect,
663ae711fbb866d7c4f85051f32c210e97708373d5345e90cbaf77c471d3601d,2026-03,Suffolk Constabulary,Suffolk Constabulary,1.153011,52.058357,On or near Lloyds Avenue,E01033125,Ipswich 007G,Violence and sexual offences,Investigation complete; no suspect identified,
7555f9e32f4a9fa42aad485899e63c68fe15f043ea5750326fed6721a783ed39,2026-03,Suffolk Constabulary,Suffolk Constabulary,1.153697,52.055253,On or near Silent Street,E01033125,Ipswich 007G,Violence and sexual offences,Unable to prosecute suspect,
17341dd2e2ca7c88fa2d5556d718ccfb1f09a2a49d32b97baa014abd9012f93a,2026-03,Suffolk Constabulary,Suffolk Constabulary,1.156234,52.057101,On or near B1076,E01033125,Ipswich 007G,Violence and sexual offences,Unable to prosecute suspect,
1d161a82f8dc315ebb8455be5ed4883b7f1009378928739624ca16ec7336397e,2026-03,Suffolk Constabulary,Suffolk Constabulary,1.155761,52.055981,On or near Dogs Head Street,E01033125,Ipswich 007G,Violence and sexual offences,Under investigation,
f3ae2397457c116fcbf6d406ca45a6c9a56892a829ad31990e844f60222f75cb,2026-03,Suffolk Constabulary,Suffolk Constabulary,1.152961,52.056199,On or near Nightclub,E01033125,Ipswich 007G,Violence and sexual offences,Under investigation,
9d84a1d1d0cd472c1d0c8f357201d68ce06166cf7b26980a1ec0d3351352f13e,2026-03,Suffolk Constabulary,Suffolk Constabulary,1.147927,52.053294,On or near Parking Area,E01033125,Ipswich 007G,Violence and sexual offences,Unable to prosecute suspect,
5ae25890f00e2a2b0989e5b6e32d88c7d62b53c08af68e22cf90f713787013ff,2026-03,Suffolk Constabulary,Suffolk Constabulary,1.152961,52.056199,On or near Nightclub,E01033125,Ipswich 007G,Violence and sexual offences,Under investigation,
ed6e2a3c354d6aac54df162c14d92c60c9ec47e22f79b85341aaaa9ec24e9af5,2026-03,Suffolk Constabulary,Suffolk Constabulary,1.152492,52.055340,On or near St Nicholas Street,E01033125,Ipswich 007G,Violence and sexual offences,Unable to prosecute suspect,
3924f6464e4708865ad9c5732dcf747ec72b5fcca83d7d27109ee6dddb206a46,2026-03,Suffolk Constabulary,Suffolk Constabulary,1.153011,52.058357,On or near Lloyds Avenue,E01033125,Ipswich 007G,Violence and sexual offences,Awaiting court outcome,
b955a18e54f7bc48e9f4eeca69a869ce97d9ec5e1a4df7407240697c8768da2d,2026-03,Suffolk Constabulary,Suffolk Constabulary,1.151803,52.057373,On or near King Street,E01033125,Ipswich 007G,Violence and sexual offences,Under investigation,
6d5439f8dd3644416aac80db95bd61b308a49f528fd0d2894a8bfe0b1b84c495,2026-03,Suffolk Constabulary,Suffolk Constabulary,1.155772,52.053444,On or near Parking Area,E01033125,Ipswich 007G,Violence and sexual offences,Unable to prosecute suspect,
cf350bec798cb66f4e81bb5335f2e39a38d0dab8662add7054a353445622943a,2026-03,Suffolk Constabulary,Suffolk Constabulary,1.155761,52.055981,On or near Dogs Head Street,E01033125,Ipswich 007G,Violence and sexual offences,Investigation complete; no suspect identified,
1b0ff97574d1d75c457d241e3ca4022ae198205929f44923e4ac33a65d9d2929,2026-03,Suffolk Constabulary,Suffolk Constabulary,1.152492,52.055340,On or near St Nicholas Street,E01033125,Ipswich 007G,Violence and sexual offences,Unable to prosecute suspect,
4a53fc7dc5b85c81552cbf1959c90cf9d2ac03e554adbafd00b3ee7cffc12e0b,2026-03,Suffolk Constabulary,Suffolk Constabulary,1.151577,52.056434,On or near Coytes Gardens,E01033125,Ipswich 007G,Violence and sexual offences,Awaiting court outcome,
79e84a6c5a25cf1d4f1a0b0596bd5b04bc9d99c9b118d0b6cd103487e51342c6,2026-03,Suffolk Constabulary,Suffolk Constabulary,1.150676,52.057520,On or near Arcade Street,E01033125,Ipswich 007G,Violence and sexual offences,Action to be taken by another organisation,
f7625591bfa1eb08f7ea804399b10d1e205f06ed4d462930b4e1d74329a2fc99,2026-03,Suffolk Constabulary,Suffolk Constabulary,1.153271,52.059150,On or near Tower Ramparts,E01033125,Ipswich 007G,Violence and sexual offences,Investigation complete; no suspect identified,
aef03ac2e52d549fb161c1954d4010cb936a80089ec8f1793627f41398bda700,2026-03,Suffolk Constabulary,Suffolk Constabulary,1.153011,52.058357,On or near Lloyds Avenue,E01033125,Ipswich 007G,Violence and sexual offences,Unable to prosecute suspect,
208524b57b4951ece5f13b892ab4c3dec407824b12e8a13fcb43eda4a69d2bb0,2026-03,Suffolk Constabulary,Suffolk Constabulary,1.153011,52.058357,On or near Lloyds Avenue,E01033125,Ipswich 007G,Violence and sexual offences,Investigation complete; no suspect identified,
76ae511d6b60c521c8cef40f4aaf920dc65599563c2682ca7d5830185d545c83,2026-03,Suffolk Constabulary,Suffolk Constabulary,1.158967,52.054267,On or near Parking Area,E01033125,Ipswich 007G,Violence and sexual offences,Under investigation,
ba8eeb0e64faf76fd4defa42f2ee95ab3bcb772ca7b406a1a853626c4a4903a5,2026-03,Suffolk Constabulary,Suffolk Constabulary,1.147985,52.057232,On or near Civic Drive,E01033125,Ipswich 007G,Violence and sexual offences,Unable to prosecute suspect,
56c3dce5829e125310ad2ca192c80626a9e0f0db49c9339c84913d7b90315b21,2026-03,Suffolk Constabulary,Suffolk Constabulary,1.147727,52.058327,On or near Parking Area,E01033125,Ipswich 007G,Other crime,Action to be taken by another organisation,
,2026-03,Suffolk Constabulary,Suffolk Constabulary,1.158142,52.058463,On or near Parking Area,E01033129,Ipswich 007H,Anti-social behaviour,,
,2026-03,Suffolk Constabulary,Suffolk Constabulary,1.164362,52.056505,On or near St Helens Street,E01033129,Ipswich 007H,Anti-social behaviour,,
2509679224d73800c33b89de4f30a89ab4e255fc58e2a84371b3a338bd57e7e6,2026-03,Suffolk Constabulary,Suffolk Constabulary,1.169622,52.053719,On or near Hill House Road,E01033129,Ipswich 007H,Burglary,Awaiting court outcome,
93d1d4a1d953ad4fba259bd761191626549250490cd33c6bff55ee8b9ba0ea8b,2026-03,Suffolk Constabulary,Suffolk Constabulary,1.158017,52.057548,On or near Shopping Area,E01033129,Ipswich 007H,Burglary,Unable to prosecute suspect,
c63c165e825e86d5e8c2c8b8ed63515e1ebf9ce96aeff581d98efe43745c354a,2026-03,Suffolk Constabulary,Suffolk Constabulary,1.158128,52.057266,On or near Shopping Area,E01033129,Ipswich 007H,Criminal damage and arson,Investigation complete; no suspect identified,
f259be3c5bdd133a99b02e284c3a764f8725519ad2a61d49a3ba7d36fd6d2ffe,2026-03,Suffolk Constabulary,Suffolk Constabulary,1.156353,52.058159,On or near Northgate Street,E01033129,Ipswich 007H,Criminal damage and arson,Investigation complete; no suspect identified,
9346b795444c8090b945a5210651842b464ca512e67fdda68beebaa74e4d7377,2026-03,Suffolk Constabulary,Suffolk Constabulary,1.164362,52.056505,On or near St Helens Street,E01033129,Ipswich 007H,Drugs,Investigation complete; no suspect identified,
3299963ce7b56ea7cca7615ff6003a8930123e3a7461965957d78949e9b7b771,2026-03,Suffolk Constabulary,Suffolk Constabulary,1.163478,52.055755,On or near Rope Walk,E01033129,Ipswich 007H,Drugs,Investigation complete; no suspect identified,
dd3f5c2d4d44afece762364b717d7dca42911d4f80cbade14800ca8864bf2321,2026-03,Suffolk Constabulary,Suffolk Constabulary,1.156353,52.058159,On or near Northgate Street,E01033129,Ipswich 007H,Other theft,Investigation complete; no suspect identified,
f18c37fa09d68996eec9e0ea6c30b553c7ba44f2b64035cf3792923ac5bd352a,2026-03,Suffolk Constabulary,Suffolk Constabulary,1.165925,52.054871,On or near Further/Higher Educational Building,E01033129,Ipswich 007H,Possession of weapons,Under investigation,
b5422d0faebaa99a2eeb543f6254c2b94604030ae1426d56f47c8c0c081eeb9a,2026-03,Suffolk Constabulary,Suffolk Constabulary,1.156353,52.058159,On or near Northgate Street,E01033129,Ipswich 007H,Possession of weapons,Awaiting court outcome,
b0406005c1414f2b5508625c8d53b36b770bfdb751a035eaf2fae02b2634cdc1,2026-03,Suffolk Constabulary,Suffolk Constabulary,1.156353,52.058159,On or near Northgate Street,E01033129,Ipswich 007H,Public order,Unable to prosecute suspect,
74a4d0d9f1494572446e4aba0e275fab02630adf36d8c0dc11dada78587d936e,2026-03,Suffolk Constabulary,Suffolk Constabulary,1.160898,52.053927,On or near Parking Area,E01033129,Ipswich 007H,Public order,Unable to prosecute suspect,
a52d5e0486292b162d1a91de08c0f6e1fa289d6dc91aee2c846f0b37f5780c82,2026-03,Suffolk Constabulary,Suffolk Constabulary,1.156353,52.058159,On or near Northgate Street,E01033129,Ipswich 007H,Public order,Investigation complete; no suspect identified,
5240caa617d04c35d9e52de4761e02713e2f42d6e02711c4f26878d82920522f,2026-03,Suffolk Constabulary,Suffolk Constabulary,1.156353,52.058159,On or near Northgate Street,E01033129,Ipswich 007H,Public order,Unable to prosecute suspect,
8342f894ee54c1d5a3db3c4f2a0a6a894316c7f199efe8a0896323e01a83f2e3,2026-03,Suffolk Constabulary,Suffolk Constabulary,1.159701,52.056190,On or near Upper Orwell Street,E01033129,Ipswich 007H,Shoplifting,Investigation complete; no suspect identified,
b3bf7fa14b9b221648c72e54bc621f1632e1f81f8b8782faac58aa5f284d3fe9,2026-03,Suffolk Constabulary,Suffolk Constabulary,1.158359,52.057440,On or near Shopping Area,E01033129,Ipswich 007H,Shoplifting,Awaiting court outcome,
eac33f9b98d62a47bdb000a0e86f0f27677066c3141fe807ac9c98cf255c32be,2026-03,Suffolk Constabulary,Suffolk Constabulary,1.158359,52.057440,On or near Shopping Area,E01033129,Ipswich 007H,Shoplifting,Investigation complete; no suspect identified,
d64157cd1a918fd80fa6029ce0ccc5472ebd6d5ae424c916b3ca98965010f6f0,2026-03,Suffolk Constabulary,Suffolk Constabulary,1.158359,52.057440,On or near Shopping Area,E01033129,Ipswich 007H,Shoplifting,Investigation complete; no suspect identified,
1b257723bed8b6f337d7a5a2db2b74de67242e09e57bc2341ce463227f2351db,2026-03,Suffolk Constabulary,Suffolk Constabulary,1.158359,52.057440,On or near Shopping Area,E01033129,Ipswich 007H,Shoplifting,Awaiting court outcome,
b2561adf2db18029dac1b31b33f2167c9325d2e239d78d64616cf66d7f7231f4,2026-03,Suffolk Constabulary,Suffolk Constabulary,1.158359,52.057440,On or near Shopping Area,E01033129,Ipswich 007H,Shoplifting,Under investigation,
7a88ad0ff7dd1563f6c4a24e5f102db841c95e09b42a63d202af0c53044b8870,2026-03,Suffolk Constabulary,Suffolk Constabulary,1.158359,52.057440,On or near Shopping Area,E01033129,Ipswich 007H,Shoplifting,Awaiting court outcome,
bafc3493840b36c5d0d8c3c4343e7255e253ae4157bb8c43752ea1500da4d446,2026-03,Suffolk Constabulary,Suffolk Constabulary,1.158359,52.057440,On or near Shopping Area,E01033129,Ipswich 007H,Shoplifting,Awaiting court outcome,
eabaa43cd282b7be2790f6cad10449486616af7670fc5ea62e92a2fbb7ad8b8e,2026-03,Suffolk Constabulary,Suffolk Constabulary,1.160326,52.057405,On or near Theatre/Concert Hall,E01033129,Ipswich 007H,Theft from the person,Unable to prosecute suspect,
4d65160e94e08408788f0dd1e8f8633ccab4979ae18467e54f29399bf333f737,2026-03,Suffolk Constabulary,Suffolk Constabulary,1.165925,52.054871,On or near Further/Higher Educational Building,E01033129,Ipswich 007H,Vehicle crime,Investigation complete; no suspect identified,
a6df5d83375046a961766b9283550df5dc2a4a51be3ee8c369310484f1f614ac,2026-03,Suffolk Constabulary,Suffolk Constabulary,1.161606,52.055284,On or near Woodhouse Square,E01033129,Ipswich 007H,Violence and sexual offences,Unable to prosecute suspect,
889a8fc74233dd58c82c616c376c369a64c807a2adf577bd57d9eccc88443aa3,2026-03,Suffolk Constabulary,Suffolk Constabulary,1.156353,52.058159,On or near Northgate Street,E01033129,Ipswich 007H,Violence and sexual offences,Local resolution,
152d9192950a4d43092593ac4e21bacb1d83727aeb171431bc124fb19ee56f38,2026-03,Suffolk Constabulary,Suffolk Constabulary,1.156353,52.058159,On or near Northgate Street,E01033129,Ipswich 007H,Violence and sexual offences,Investigation complete; no suspect identified,
e6155987711913c49ad155a08eb8ca5914216aa1972f8ad52ab6eb0b46c82084,2026-03,Suffolk Constabulary,Suffolk Constabulary,1.156353,52.058159,On or near Northgate Street,E01033129,Ipswich 007H,Violence and sexual offences,Investigation complete; no suspect identified,
83363c1e6ff13092f68bcd335f4fa8f6456c95587f5b8056e783054deef95198,2026-03,Suffolk Constabulary,Suffolk Constabulary,1.156353,52.058159,On or near Northgate Street,E01033129,Ipswich 007H,Violence and sexual offences,Unable to prosecute suspect,
b434620c546f7c61c8d6ed4c8b698a3cd6326a668807d30b0a59481f0156f943,2026-03,Suffolk Constabulary,Suffolk Constabulary,1.165925,52.054871,On or near Further/Higher Educational Building,E01033129,Ipswich 007H,Violence and sexual offences,Unable to prosecute suspect,
5691a42e8334586f58084836266b54b7d583d6f0d376570afa4b64f37d177d55,2026-03,Suffolk Constabulary,Suffolk Constabulary,1.160326,52.057405,On or near Theatre/Concert Hall,E01033129,Ipswich 007H,Violence and sexual offences,Unable to prosecute suspect,
14446d298260213467551356a283a49b02f7164f351f939b270dfb9f8333bcd4,2026-03,Suffolk Constabulary,Suffolk Constabulary,1.161610,52.057407,On or near Silk Street,E01033129,Ipswich 007H,Violence and sexual offences,Unable to prosecute suspect,
d7df04a099dfdb6c4850bda77ae978ac0382ac2d9787f4ee3841aedcf3fcba42,2026-03,Suffolk Constabulary,Suffolk Constabulary,1.162803,52.055288,On or near Grimwade Street,E01033129,Ipswich 007H,Violence and sexual offences,Under investigation,
3399acfe112fe066a70585ff23396214515d11622faf3a2e4abcec7ddd5fb6a4,2026-03,Suffolk Constabulary,Suffolk Constabulary,1.156353,52.058159,On or near Northgate Street,E01033129,Ipswich 007H,Violence and sexual offences,Awaiting court outcome,
0222970625161e2741a699ae4125cb6e812458a22556490ac6a983f245969ee4,2026-03,Suffolk Constabulary,Suffolk Constabulary,1.156353,52.058159,On or near Northgate Street,E01033129,Ipswich 007H,Violence and sexual offences,Unable to prosecute suspect,
1f22a8edf21e970db29101d6fba184b78835212deac0d99fdacfb2ea02a5f692,2026-03,Suffolk Constabulary,Suffolk Constabulary,1.157979,52.058250,On or near Great Colman Street,E01033129,Ipswich 007H,Violence and sexual offences,Under investigation,
2848e5338de417b42425d54b6e93417b53501cb5120fe8b50f365108ba21a37f,2026-03,Suffolk Constabulary,Suffolk Constabulary,1.163852,52.057121,On or near Wells Close,E01033129,Ipswich 007H,Violence and sexual offences,Investigation complete; no suspect identified,
2d84f19c7bc2fe7a82271ff74bf037fefec31cfcc0b91a1f437ce01030e043a7,2026-03,Suffolk Constabulary,Suffolk Constabulary,1.163242,52.055924,On or near Parking Area,E01033129,Ipswich 007H,Violence and sexual offences,Unable to prosecute suspect,
8dc9fbcf27b027133c5d1690575d2f77e6bbf82d935e730509f947bbb4c21b20,2026-03,Suffolk Constabulary,Suffolk Constabulary,1.160326,52.057405,On or near Theatre/Concert Hall,E01033129,Ipswich 007H,Violence and sexual offences,Unable to prosecute suspect,
6e9c947c6ab73e919d012730eb8f6c3437eb2bb0de3930924074c5e1c37727dd,2026-03,Suffolk Constabulary,Suffolk Constabulary,1.156918,52.059142,On or near St Margaret'S Plain,E01033129,Ipswich 007H,Violence and sexual offences,Investigation complete; no suspect identified,
184ea6b5b23efaf5fd273938468c2e1f82d624efd4ffeb79a7822c204b893936,2026-03,Suffolk Constabulary,Suffolk Constabulary,1.161606,52.055284,On or near Woodhouse Square,E01033129,Ipswich 007H,Violence and sexual offences,Unable to prosecute suspect,
5ee78bc1f6554504f993c72bebdd72712b005041a7599b5a91fe46bc204dcd3f,2026-03,Suffolk Constabulary,Suffolk Constabulary,1.158128,52.057266,On or near Shopping Area,E01033129,Ipswich 007H,Other crime,Under investigation,
f915ba184e31dfdcd8f2f92f4c4b6d78243db5cccfec1815e6ae4f895cf3c9fd,2026-03,Suffolk Constabulary,Suffolk Constabulary,1.181538,52.061560,On or near Petrol Station,E01030002,Ipswich 008A,Drugs,Investigation complete; no suspect identified,
211e48612cd5be44a27bf847ab0d78b034f44c6fb58e9e4f2e9763ab63f03d73,2026-03,Suffolk Constabulary,Suffolk Constabulary,1.182694,52.061731,On or near Woodbridge Road,E01030002,Ipswich 008A,Other theft,Unable to prosecute suspect,
d40f4c34201151bbb2b7a444d9cd8971a4dce332358c94a03aee95a6da838382,2026-03,Suffolk Constabulary,Suffolk Constabulary,1.182694,52.061731,On or near Woodbridge Road,E01030002,Ipswich 008A,Shoplifting,Investigation complete; no suspect identified,
8186e8edbbd4e4d88e18b292cc0253b6f69e1ba2ef2fd4dfa1b91e64ab1be9b7,2026-03,Suffolk Constabulary,Suffolk Constabulary,1.182694,52.061731,On or near Woodbridge Road,E01030002,Ipswich 008A,Shoplifting,Investigation complete; no suspect identified,
faec19cf264d055dc84523ecf4df6ddcdbd24b7d6a60472c4454ebaa65172827,2026-03,Suffolk Constabulary,Suffolk Constabulary,1.182694,52.061731,On or near Woodbridge Road,E01030002,Ipswich 008A,Shoplifting,Investigation complete; no suspect identified,
679f4f7458f6d108f24f4c7b69ae16fd66d072b28a247a25df1eee698a436973,2026-03,Suffolk Constabulary,Suffolk Constabulary,1.182694,52.061731,On or near Woodbridge Road,E01030002,Ipswich 008A,Shoplifting,Investigation complete; no suspect identified,
d5acfbf63e35d2e620c3d6bfce0d448d86201a227df4bc4206ac60a48b0a2965,2026-03,Suffolk Constabulary,Suffolk Constabulary,1.182694,52.061731,On or near Woodbridge Road,E01030002,Ipswich 008A,Shoplifting,Investigation complete; no suspect identified,
af42ab3420c13df57a50d870f2af5c40090270300ad9eebdaab4af699f38f184,2026-03,Suffolk Constabulary,Suffolk Constabulary,1.182694,52.061731,On or near Woodbridge Road,E01030002,Ipswich 008A,Shoplifting,Formal action is not in the public interest,
6ea61a317d34a9fd1ef18fcbc7ead1b0be0d49750b1201c0a9e5fffa2e8896a7,2026-03,Suffolk Constabulary,Suffolk Constabulary,1.182694,52.061731,On or near Woodbridge Road,E01030002,Ipswich 008A,Shoplifting,Investigation complete; no suspect identified,
c8e0b1923dfff64563840081459f4a67e53fda9e2f7a5ccbf91b81f6901a3099,2026-03,Suffolk Constabulary,Suffolk Constabulary,1.182694,52.061731,On or near Woodbridge Road,E01030002,Ipswich 008A,Shoplifting,Investigation complete; no suspect identified,
e7585ba28b7bfdb0216519aa32a9e9fcfc08ba13d7116a1f0f6cb75c3f2a2037,2026-03,Suffolk Constabulary,Suffolk Constabulary,1.176294,52.058729,On or near Trafalgar Close,E01030002,Ipswich 008A,Violence and sexual offences,Under investigation,
6562b211e2faf1e98692220d82953bdea77e5d415db972c81dd1450d205a56a0,2026-03,Suffolk Constabulary,Suffolk Constabulary,1.187352,52.060958,On or near Reading Road,E01030002,Ipswich 008A,Violence and sexual offences,Investigation complete; no suspect identified,
122bf92b8ecad657343e153624d5b9313e009aef4fa8bdfc8ba8304c9b3b9a62,2026-03,Suffolk Constabulary,Suffolk Constabulary,1.178635,52.059844,On or near Tovell'S Road,E01030002,Ipswich 008A,Violence and sexual offences,Unable to prosecute suspect,
bdecac552c1aee0014ff6d232eb45dcb589bbd3803f893344e22a2aab83cef64,2026-03,Suffolk Constabulary,Suffolk Constabulary,1.182694,52.061731,On or near Woodbridge Road,E01030002,Ipswich 008A,Violence and sexual offences,Investigation complete; no suspect identified,
cd955ad11ad72a18227d8ee0aa276e4f7df554cbdf94d23c3ee4e8872b65b730,2026-03,Suffolk Constabulary,Suffolk Constabulary,1.187352,52.060958,On or near Reading Road,E01030002,Ipswich 008A,Violence and sexual offences,Unable to prosecute suspect,
517944a8d356e9949324d79aa908971922756fb4e80202fbe133fe876062e8bf,2026-03,Suffolk Constabulary,Suffolk Constabulary,1.187352,52.060958,On or near Reading Road,E01030002,Ipswich 008A,Violence and sexual offences,Unable to prosecute suspect,
5e4a4a0a82941208de8f60df9dfd78960bb28b6a19aa3d12d410eb799eb8cdba,2026-03,Suffolk Constabulary,Suffolk Constabulary,1.182694,52.061731,On or near Woodbridge Road,E01030002,Ipswich 008A,Violence and sexual offences,Awaiting court outcome,
1530e52ecb4c2281ee30d4ee02b1d7b6b2a2c2b7aad4e65f077277363405059e,2026-03,Suffolk Constabulary,Suffolk Constabulary,1.182694,52.061731,On or near Woodbridge Road,E01030002,Ipswich 008A,Violence and sexual offences,Awaiting court outcome,
ed71690c7c54b42ae0605be8e196ea6bceb199013ceaeb0030d26aca1773f504,2026-03,Suffolk Constabulary,Suffolk Constabulary,1.180956,52.061499,On or near Gordon Road,E01030002,Ipswich 008A,Violence and sexual offences,Under investigation,
4baa9566b7305226948093968253a455ceb9350e70fb682c598587a5fad9af4a,2026-03,Suffolk Constabulary,Suffolk Constabulary,1.181538,52.061560,On or near Petrol Station,E01030002,Ipswich 008A,Violence and sexual offences,Unable to prosecute suspect,
aa68c6c6d744e468cd9635755564e78d5256ba80718317368dc4ab8646abe1ec,2026-03,Suffolk Constabulary,Suffolk Constabulary,1.189288,52.059571,On or near Petrol Station,E01030003,Ipswich 008B,Violence and sexual offences,Unable to prosecute suspect,
f0f30df81c5a250a0022eea67e86b3ee95b0de06850e1ffcf5b265ba2ce6b704,2026-03,Suffolk Constabulary,Suffolk Constabulary,1.184212,52.053937,On or near Kemball Street,E01030003,Ipswich 008B,Violence and sexual offences,Under investigation,
0382f84220880f922d7069a488866c411930c527d9887697cf0c25f425ea9237,2026-03,Suffolk Constabulary,Suffolk Constabulary,1.189288,52.059571,On or near Petrol Station,E01030003,Ipswich 008B,Violence and sexual offences,Unable to prosecute suspect,
,2026-03,Suffolk Constabulary,Suffolk Constabulary,1.191728,52.057044,On or near Thanet Road,E01030004,Ipswich 008C,Anti-social behaviour,,
cbdf59e857f7c2bf94ffce2674b3aed9cf9a567d0590b5d17f47494eeb129518,2026-03,Suffolk Constabulary,Suffolk Constabulary,1.195024,52.058249,On or near Lattice Avenue,E01030004,Ipswich 008C,Criminal damage and arson,Unable to prosecute suspect,
9f9ba7aefa4aa52ce8be519d53f7af7cc884687037dd7881f1f54a4f0ac27d8d,2026-03,Suffolk Constabulary,Suffolk Constabulary,1.195024,52.058249,On or near Lattice Avenue,E01030004,Ipswich 008C,Other theft,Investigation complete; no suspect identified,
4587d0714805678cc1f8bcf096860d896bf4f8719424fff6886a585bdffdfb7d,2026-03,Suffolk Constabulary,Suffolk Constabulary,1.191258,52.054961,On or near Copleston Road,E01030004,Ipswich 008C,Possession of weapons,Under investigation,
3d9aa0f9f55ded295db7d7c4b5f344d5d7b9b5794cd2842cbe3f083fa3dcd99a,2026-03,Suffolk Constabulary,Suffolk Constabulary,1.191258,52.054961,On or near Copleston Road,E01030004,Ipswich 008C,Possession of weapons,Under investigation,
8326b982feeab30842be40d9667d46e0b302ecab80889b4773c5615e4c2b0ef2,2026-03,Suffolk Constabulary,Suffolk Constabulary,1.195024,52.058249,On or near Lattice Avenue,E01030004,Ipswich 008C,Violence and sexual offences,Action to be taken by another organisation,
63a23d77022ad696d909e7b7692a02398ebfdf97a5d48744c20a917c040cdc2d,2026-03,Suffolk Constabulary,Suffolk Constabulary,1.191258,52.054961,On or near Copleston Road,E01030004,Ipswich 008C,Violence and sexual offences,Unable to prosecute suspect,
36f81c7a473daf4cd4e575a379119d5e0f822b2b185b2924261d6a49ffa62371,2026-03,Suffolk Constabulary,Suffolk Constabulary,1.194492,52.056528,On or near Shopping Area,E01030004,Ipswich 008C,Violence and sexual offences,Unable to prosecute suspect,
833ebcc429eb96cd4f22f4e49373ddf4d3509b545a7684a7670fbef75dfaa815,2026-03,Suffolk Constabulary,Suffolk Constabulary,1.195024,52.058249,On or near Lattice Avenue,E01030004,Ipswich 008C,Violence and sexual offences,Action to be taken by another organisation,
4be105f53b682052ec7f4182612fbf8d9b18642485ff564f5740fe12922eb314,2026-03,Suffolk Constabulary,Suffolk Constabulary,1.191258,52.054961,On or near Copleston Road,E01030004,Ipswich 008C,Violence and sexual offences,Unable to prosecute suspect,
51184650e247b8e0f9e1b525da9a9cc3f0d2123799a617cf98db26735e3bcbd9,2026-03,Suffolk Constabulary,Suffolk Constabulary,1.192930,52.055689,On or near Newbury Road,E01030004,Ipswich 008C,Violence and sexual offences,Unable to prosecute suspect,
7ce27399885c16d78959f4c504c935d975806e098ffe1cdd733e621e84353d20,2026-03,Suffolk Constabulary,Suffolk Constabulary,1.191258,52.054961,On or near Copleston Road,E01030004,Ipswich 008C,Violence and sexual offences,Unable to prosecute suspect,
b536b075c0aab7d5208cbc3b414d4c212cd96f821af8b61da4ac1837ca2cb355,2026-03,Suffolk Constabulary,Suffolk Constabulary,1.195024,52.058249,On or near Lattice Avenue,E01030004,Ipswich 008C,Violence and sexual offences,Awaiting court outcome,
f1fa12c430d9797c244c9034755a9c202b087eda9b90e4971a2ae987b9cc7273,2026-03,Suffolk Constabulary,Suffolk Constabulary,1.195024,52.058249,On or near Lattice Avenue,E01030004,Ipswich 008C,Violence and sexual offences,Unable to prosecute suspect,
c67ab5b0832898959f01f7efa25c5fc6bc28087071cfca4c6da7b7183d969689,2026-03,Suffolk Constabulary,Suffolk Constabulary,1.189278,52.051534,On or near The Pippins,E01030005,Ipswich 008D,Criminal damage and arson,Investigation complete; no suspect identified,
15fafb3327e3cb922172ea6ce0e7a9f53274e6d333bc6367eac021b56289fca6,2026-03,Suffolk Constabulary,Suffolk Constabulary,1.195006,52.050029,On or near Brightwell Close,E01030005,Ipswich 008D,Public order,Unable to prosecute suspect,
6fecf29516c3159099f4373b2d40d30b5d4593c8b0a285c3f97dc922cfe16323,2026-03,Suffolk Constabulary,Suffolk Constabulary,1.189278,52.051534,On or near The Pippins,E01030005,Ipswich 008D,Shoplifting,Unable to prosecute suspect,
fac75541cada9217f9394469f554fb515a9fd547aa853fcb5206e48e5510f384,2026-03,Suffolk Constabulary,Suffolk Constabulary,1.189278,52.051534,On or near The Pippins,E01030005,Ipswich 008D,Shoplifting,Awaiting court outcome,
58294118d8da154858a8b8ace07e13656049100c027ba0e45fd61d80db6d8914,2026-03,Suffolk Constabulary,Suffolk Constabulary,1.189653,52.049428,On or near Dover Road,E01030005,Ipswich 008D,Vehicle crime,Investigation complete; no suspect identified,
,2026-03,Suffolk Constabulary,Suffolk Constabulary,1.185474,52.053427,On or near Chartwell Close,E01030006,Ipswich 008E,Anti-social behaviour,,
527b921a739a4f7c0a12dd5b43e48e82292a062467ff2a64273fd551caa1ca2c,2026-03,Suffolk Constabulary,Suffolk Constabulary,1.187102,52.051701,On or near Supermarket,E01030006,Ipswich 008E,Shoplifting,Investigation complete; no suspect identified,
6d8120c17fbdace46b768ff2ae5ac70a6ce52413327abfee6d3893a6b726637c,2026-03,Suffolk Constabulary,Suffolk Constabulary,1.187102,52.051701,On or near Supermarket,E01030006,Ipswich 008E,Shoplifting,Investigation complete; no suspect identified,
5c415c87c90aa2018947142a3eb3f43e7927c6dbb9dba50ce25716ebf5698d7e,2026-03,Suffolk Constabulary,Suffolk Constabulary,1.187102,52.051701,On or near Supermarket,E01030006,Ipswich 008E,Shoplifting,Investigation complete; no suspect identified,
262d0f96470a899c00dfdd4d4a549f256056c018f94eb84a92f97546e4db53a2,2026-03,Suffolk Constabulary,Suffolk Constabulary,1.190512,52.055952,On or near Britannia Road,E01030006,Ipswich 008E,Violence and sexual offences,Unable to prosecute suspect,
a87fa3e4f9f240df40fe8da853b66a44ed6e0b6666500a6e39f2792dfa480acf,2026-03,Suffolk Constabulary,Suffolk Constabulary,1.186023,52.051514,On or near Celestion Drive,E01030006,Ipswich 008E,Violence and sexual offences,Unable to prosecute suspect,
6a037f96940d24e5336dc595975715d8af1c7d1cc6843277e0c57f8cdbefe26f,2026-03,Suffolk Constabulary,Suffolk Constabulary,1.186023,52.051514,On or near Celestion Drive,E01030006,Ipswich 008E,Violence and sexual offences,Unable to prosecute suspect,
19e08b5e876ec7d19329e0e40315ebbdd0baea817c8c6602b8ae6d9339c6357c,2026-03,Suffolk Constabulary,Suffolk Constabulary,1.187102,52.051701,On or near Supermarket,E01030006,Ipswich 008E,Violence and sexual offences,Under investigation,
6e370878d52e768ddb3d63dc436f0f46f5dad43527ef4992755782ac19a4f6d5,2026-03,Suffolk Constabulary,Suffolk Constabulary,1.190512,52.055952,On or near Britannia Road,E01030006,Ipswich 008E,Violence and sexual offences,Investigation complete; no suspect identified,
94160b8783160c3cb40f414fd2b3169aaba6291417bf36d3dbab8480736533e8,2026-03,Suffolk Constabulary,Suffolk Constabulary,1.197302,52.061336,On or near Petrol Station,E01029963,Ipswich 009A,Criminal damage and arson,Under investigation,
c1c3286e27b1ab83b85492dbfcb573bd78e4d78e3d5064857006b4579895b8d7,2026-03,Suffolk Constabulary,Suffolk Constabulary,1.198722,52.061612,On or near Supermarket,E01029963,Ipswich 009A,Criminal damage and arson,Under investigation,
4cf32a69b829f1dc29fa66df6092fc6a706fcc59dddc88745010673cd89ee628,2026-03,Suffolk Constabulary,Suffolk Constabulary,1.198722,52.061612,On or near Supermarket,E01029963,Ipswich 009A,Shoplifting,Investigation complete; no suspect identified,
dac8c00df3bca2097c5893ed4152326e21f30e5faed286350e38ea424fa0c26a,2026-03,Suffolk Constabulary,Suffolk Constabulary,1.198722,52.061612,On or near Supermarket,E01029963,Ipswich 009A,Shoplifting,Investigation complete; no suspect identified,
5e20aaef827d178aa2723f2c8f29d78362aca5b34712e2fda6d9a5bccf849e23,2026-03,Suffolk Constabulary,Suffolk Constabulary,1.198118,52.063571,On or near Ladywood Road,E01029963,Ipswich 009A,Other crime,Unable to prosecute suspect,
56712b73f5af0af2e167c4e4419e6219ce16b62831b7322bad1155da5848f58c,2026-03,Suffolk Constabulary,Suffolk Constabulary,1.192937,52.060896,On or near Crofton Close,E01029964,Ipswich 009B,Burglary,Local resolution,
a7b760d40d38685fff719cf8be87a74c77d780e689be3054f2474e80d2e41320,2026-03,Suffolk Constabulary,Suffolk Constabulary,1.188866,52.061717,On or near The Drift,E01029964,Ipswich 009B,Criminal damage and arson,Investigation complete; no suspect identified,
152dfa0d83b4c1e76b082799cc9e1996d0e65f599813a38251cb29e758a97cc8,2026-03,Suffolk Constabulary,Suffolk Constabulary,1.195646,52.061452,On or near Lindsey Road,E01029964,Ipswich 009B,Criminal damage and arson,Awaiting court outcome,
ead753ebafebb3f81d0601d08969d5d68d61b94089397c525c0efbdf811dec7d,2026-03,Suffolk Constabulary,Suffolk Constabulary,1.186637,52.061975,On or near Schreiber Road,E01029964,Ipswich 009B,Drugs,Under investigation,
4adfcd85c968fb1d45965cd856eb861cb9cb3adafcb47691a577bc5bc265e1a3,2026-03,Suffolk Constabulary,Suffolk Constabulary,1.192937,52.060896,On or near Crofton Close,E01029964,Ipswich 009B,Public order,Investigation complete; no suspect identified,
e73cfc99c56ed18cc38edb6026d0c8f48733b31fe757a39e6830b811beb52ab0,2026-03,Suffolk Constabulary,Suffolk Constabulary,1.192937,52.060896,On or near Crofton Close,E01029964,Ipswich 009B,Public order,Unable to prosecute suspect,
2c7b769eaa4a0560f6ab7ad3f7732fdf921a57411b898dae27fa7b11badaff83,2026-03,Suffolk Constabulary,Suffolk Constabulary,1.189313,52.062398,On or near Sports/Recreation Area,E01029964,Ipswich 009B,Vehicle crime,Investigation complete; no suspect identified,
c3cbc5dc13ae4a2aa7769d1ee8418c6b3c0f7b9e7eee4acdb3419234d75ae334,2026-03,Suffolk Constabulary,Suffolk Constabulary,1.186637,52.061975,On or near Schreiber Road,E01029964,Ipswich 009B,Violence and sexual offences,Unable to prosecute suspect,
d82a18a5dce433a3817d6e3517fd76931645356f3bb2495cb93cf3a8b2a01efb,2026-03,Suffolk Constabulary,Suffolk Constabulary,1.192937,52.060896,On or near Crofton Close,E01029964,Ipswich 009B,Violence and sexual offences,Local resolution,
2a7b1016f8684df12ef1bb85b5526d72a8caea1d569a5498a319e3466e745a68,2026-03,Suffolk Constabulary,Suffolk Constabulary,1.189313,52.062398,On or near Sports/Recreation Area,E01029964,Ipswich 009B,Violence and sexual offences,Unable to prosecute suspect,
508b9eee6918a88bbc1ed7f98fbdb49d9a350a42ba2a24e14a56ee887ff6b5b9,2026-03,Suffolk Constabulary,Suffolk Constabulary,1.197915,52.056849,On or near Hospital,E01029965,Ipswich 009C,Burglary,Unable to prosecute suspect,
01f6bec30240ec61f0e94e85526c892ba0f0aa4b5e736a7a039f4be81db5607e,2026-03,Suffolk Constabulary,Suffolk Constabulary,1.197915,52.056849,On or near Hospital,E01029965,Ipswich 009C,Criminal damage and arson,Unable to prosecute suspect,
d708643fe68710189cf7079f468dad3bedd5c56a0e3d6144684b53c4cc2e1394,2026-03,Suffolk Constabulary,Suffolk Constabulary,1.197915,52.056849,On or near Hospital,E01029965,Ipswich 009C,Drugs,Action to be taken by another organisation,
113db2c56d2b22f88a3afaf4da73f4f49b3ddaff84edca33bfbc3eaef094d7d6,2026-03,Suffolk Constabulary,Suffolk Constabulary,1.197915,52.056849,On or near Hospital,E01029965,Ipswich 009C,Other theft,Investigation complete; no suspect identified,
86c04bc39faf4a744143985d29f23cc3236fedbb4952032da6e7794d118a2b6b,2026-03,Suffolk Constabulary,Suffolk Constabulary,1.197915,52.056849,On or near Hospital,E01029965,Ipswich 009C,Other theft,Investigation complete; no suspect identified,
36db5cf68be3a0ac419c91793ffaa4c3e870585d497ba014994d95b6953718ff,2026-03,Suffolk Constabulary,Suffolk Constabulary,1.197915,52.056849,On or near Hospital,E01029965,Ipswich 009C,Other theft,Investigation complete; no suspect identified,
9d43df7a6ed4d3ef57ae28d0979759e52b28af467d8fc2c61a7c967593fdb895,2026-03,Suffolk Constabulary,Suffolk Constabulary,1.197915,52.056849,On or near Hospital,E01029965,Ipswich 009C,Violence and sexual offences,Unable to prosecute suspect,
f6dc9a570a459769a4b33b3039b2a791e8a782c54c74a0582be93bb4375cc5be,2026-03,Suffolk Constabulary,Suffolk Constabulary,1.197915,52.056849,On or near Hospital,E01029965,Ipswich 009C,Violence and sexual offences,Action to be taken by another organisation,
c90436d8c285bdc3cac69a476e2102979ec4c22e92c9b906a718c816763fc3b2,2026-03,Suffolk Constabulary,Suffolk Constabulary,1.203223,52.057631,On or near Canberra Close,E01029965,Ipswich 009C,Violence and sexual offences,Unable to prosecute suspect,
cdf087596237621ffa44e58e9cede41864f31f7398a1b95cf8a2364b7c465159,2026-03,Suffolk Constabulary,Suffolk Constabulary,1.197915,52.056849,On or near Hospital,E01029965,Ipswich 009C,Violence and sexual offences,Unable to prosecute suspect,
d6d6dcb8706220de89b6a97ae47897a7b75eab0370920f5df7cdbfdb00f4e357,2026-03,Suffolk Constabulary,Suffolk Constabulary,1.197915,52.056849,On or near Hospital,E01029965,Ipswich 009C,Violence and sexual offences,Unable to prosecute suspect,
f25c89822e7ab489ace8dd281960c9e608161d967faecfddc2611d230c2ad025,2026-03,Suffolk Constabulary,Suffolk Constabulary,1.199887,52.056471,On or near Hospital,E01029965,Ipswich 009C,Violence and sexual offences,Awaiting court outcome,
53a1719442f61757e6b315d5739a7deda6a4d6d92d2ce712601650b87b2e9a4b,2026-03,Suffolk Constabulary,Suffolk Constabulary,1.197915,52.056849,On or near Hospital,E01029965,Ipswich 009C,Violence and sexual offences,Awaiting court outcome,
c8e48e4f84394613bdbab6611756ac6da049cead0a6d584ad853a194a5669f2b,2026-03,Suffolk Constabulary,Suffolk Constabulary,1.197915,52.056849,On or near Hospital,E01029965,Ipswich 009C,Other crime,Awaiting court outcome,
bcdeff21275d9f313f59df61de1c86361167c0387f4440fc8d74526287ff3751,2026-03,Suffolk Constabulary,Suffolk Constabulary,1.197915,52.056849,On or near Hospital,E01029965,Ipswich 009C,Other crime,Awaiting court outcome,
,2026-03,Suffolk Constabulary,Suffolk Constabulary,1.200160,52.046418,On or near Bixley Road,E01029966,Ipswich 009D,Anti-social behaviour,,
,2026-03,Suffolk Constabulary,Suffolk Constabulary,1.197185,52.050105,On or near Chilton Road,E01029966,Ipswich 009D,Anti-social behaviour,,
6af522f9d9842cbbe46a84de9522c0bea0b544685b7d32f14d561177035fe147,2026-03,Suffolk Constabulary,Suffolk Constabulary,1.198050,52.051386,On or near Foxhall Road,E01029966,Ipswich 009D,Burglary,Unable to prosecute suspect,
6e553a68797ced97c08a11710c455048f23aaa8383a0f617261da9819d479ef1,2026-03,Suffolk Constabulary,Suffolk Constabulary,1.200160,52.046418,On or near Bixley Road,E01029966,Ipswich 009D,Criminal damage and arson,Investigation complete; no suspect identified,
b77eda76f1ba59d1cc356a53ae274fe1007cb322cb529aad76e4686681067592,2026-03,Suffolk Constabulary,Suffolk Constabulary,1.202032,52.039558,On or near Warren Heath Road,E01029966,Ipswich 009D,Other theft,Investigation complete; no suspect identified,
50e00b5d62c83c5820226c2b17b4370718838320c319ea3f5d31cb6578638598,2026-03,Suffolk Constabulary,Suffolk Constabulary,1.198759,52.048857,On or near Princethorpe Road,E01029966,Ipswich 009D,Vehicle crime,Investigation complete; no suspect identified,
2b4f6f6fe9db7442712f6c60bc9bac105677d1169a60170686038650624f08a6,2026-03,Suffolk Constabulary,Suffolk Constabulary,1.200160,52.046418,On or near Bixley Road,E01029966,Ipswich 009D,Violence and sexual offences,Local resolution,
,2026-03,Suffolk Constabulary,Suffolk Constabulary,1.114696,52.054789,On or near Hadleigh Road,E01029984,Ipswich 010A,Anti-social behaviour,,
e6689ad164bd5331a013940306af67d75764b25c24b1e53162c32584966d7bed,2026-03,Suffolk Constabulary,Suffolk Constabulary,1.127359,52.056864,On or near Dickens Road,E01029984,Ipswich 010A,Bicycle theft,Investigation complete; no suspect identified,
15b6359432b2fbe250bea4b96800d4b3197086112c24941c7b9bf7d80631967c,2026-03,Suffolk Constabulary,Suffolk Constabulary,1.124148,52.055393,On or near Lavenham Road,E01029984,Ipswich 010A,Other theft,Investigation complete; no suspect identified,
e6efa05da38e8ba668e12ef8dc8f352f95ae933f5f33b634a6b12441acd4cd77,2026-03,Suffolk Constabulary,Suffolk Constabulary,1.114696,52.054789,On or near Hadleigh Road,E01029984,Ipswich 010A,Other theft,Unable to prosecute suspect,
9ea98aff3107ca5736226caedbc0c1e0ca4af984f6dd5f52bd46db2f9afc6246,2026-03,Suffolk Constabulary,Suffolk Constabulary,1.128227,52.052596,On or near Poppy Close,E01029984,Ipswich 010A,Vehicle crime,Investigation complete; no suspect identified,
c5e7291efb338bb8a2049cf184e9635c294b478c0714314a222443ddf180ae45,2026-03,Suffolk Constabulary,Suffolk Constabulary,1.122938,52.054355,On or near Milden Road,E01029984,Ipswich 010A,Vehicle crime,Investigation complete; no suspect identified,
658f352622f0387a65b18a829ba1256945e3fae67c7cf5c2f59178fd214e8393,2026-03,Suffolk Constabulary,Suffolk Constabulary,1.125820,52.055934,On or near Kelly Road,E01029984,Ipswich 010A,Vehicle crime,Investigation complete; no suspect identified,
5691b9cb569320e2cee7c6fe5ffefad28de671258905576c351e55f173b3c07c,2026-03,Suffolk Constabulary,Suffolk Constabulary,1.125820,52.055934,On or near Kelly Road,E01029984,Ipswich 010A,Vehicle crime,Investigation complete; no suspect identified,
f458b75fd76b59c22bd4d4ae4b95da6505ae2e19c0198af4954a2e63a10b0939,2026-03,Suffolk Constabulary,Suffolk Constabulary,1.123706,52.050935,On or near Buddleia Close,E01029984,Ipswich 010A,Violence and sexual offences,Unable to prosecute suspect,
59057505e3fcf5f2fa3c4909e8a6fa276af85cf777cfd7f289b853c2a480d6b5,2026-03,Suffolk Constabulary,Suffolk Constabulary,1.123706,52.050935,On or near Buddleia Close,E01029984,Ipswich 010A,Violence and sexual offences,Unable to prosecute suspect,
b93ae2016b20f27c90c1b9ef453276d1879d0e8a50bc3f493a3e565bcfe0bd87,2026-03,Suffolk Constabulary,Suffolk Constabulary,1.123706,52.050935,On or near Buddleia Close,E01029984,Ipswich 010A,Violence and sexual offences,Under investigation,
2848de2576a1e556cd75b13d5ed794ab9c6488297bde41dcf28b96860bc037a7,2026-03,Suffolk Constabulary,Suffolk Constabulary,1.127359,52.056864,On or near Dickens Road,E01029984,Ipswich 010A,Violence and sexual offences,Unable to prosecute suspect,
a4a979d0807f016a29f6360a86bf76022e6d40a621de5999cd2c0a22bb6af155,2026-03,Suffolk Constabulary,Suffolk Constabulary,1.125921,52.057379,On or near Pickwick Road,E01029984,Ipswich 010A,Violence and sexual offences,Unable to prosecute suspect,
b2527f835ceaec9ca75fb71c725c805fcf125400d864abd8f7a7a3230544441b,2026-03,Suffolk Constabulary,Suffolk Constabulary,1.123641,52.049381,On or near Aster Road,E01029984,Ipswich 010A,Violence and sexual offences,Local resolution,
5daa66effc08e22721f0e39fca5ca0a5951c12c94b6f973f626bafab61d0042d,2026-03,Suffolk Constabulary,Suffolk Constabulary,1.127359,52.056864,On or near Dickens Road,E01029984,Ipswich 010A,Violence and sexual offences,Under investigation,
6768b6b8859bbeeec0d50a5c617af5d9812484f071fa00a371df56eab2d6cd3b,2026-03,Suffolk Constabulary,Suffolk Constabulary,1.127359,52.056864,On or near Dickens Road,E01029984,Ipswich 010A,Violence and sexual offences,Unable to prosecute suspect,
233e4b408d835fe8e4df5e93ae84f5d63ef165a98b64b667ece5b9810c8654ba,2026-03,Suffolk Constabulary,Suffolk Constabulary,1.125921,52.057379,On or near Pickwick Road,E01029984,Ipswich 010A,Violence and sexual offences,Under investigation,
d1b08bfd07460ca8b4e31e90629a7ba33d9df9da9ea078441dfce924032818c4,2026-03,Suffolk Constabulary,Suffolk Constabulary,1.142424,52.050131,On or near Gippeswyk Road,E01029985,Ipswich 010B,Bicycle theft,Awaiting court outcome,
3b6b9e1e7f945848d6853fb720b06ee312021fb802940e16c0358e38c6f344c1,2026-03,Suffolk Constabulary,Suffolk Constabulary,1.127256,52.055401,On or near Dombey Road,E01029985,Ipswich 010B,Criminal damage and arson,Under investigation,
adcfa06d095fc34dafb93d62431809a4707de012b6e1587fd24345d6b5fa3d67,2026-03,Suffolk Constabulary,Suffolk Constabulary,1.140223,52.050154,On or near Gippeswyk Avenue,E01029985,Ipswich 010B,Criminal damage and arson,Awaiting court outcome,
a00de64567ee5c78357ae19961359afde45a999ce9ab9949df9969b7baa66d41,2026-03,Suffolk Constabulary,Suffolk Constabulary,1.127256,52.055401,On or near Dombey Road,E01029985,Ipswich 010B,Criminal damage and arson,Under investigation,
7aa509817db7438ef365137782bfc010a3dc24a354193a159584983ffdf8a037,2026-03,Suffolk Constabulary,Suffolk Constabulary,1.146707,52.050260,On or near Parking Area,E01029985,Ipswich 010B,Other theft,Investigation complete; no suspect identified,
42af30c427782653e21387093b1030fd472e1ad94e7e5b4be6a1b1cfa00d1e74,2026-03,Suffolk Constabulary,Suffolk Constabulary,1.137946,52.050143,On or near Theatre/Concert Hall,E01029985,Ipswich 010B,Other theft,Investigation complete; no suspect identified,
3e76f7de70f2a748a775ae8dca1fee99b1e7ab7ddfe4a463757d23d9155fa1df,2026-03,Suffolk Constabulary,Suffolk Constabulary,1.140223,52.050154,On or near Gippeswyk Avenue,E01029985,Ipswich 010B,Possession of weapons,Awaiting court outcome,
8da7484189e4c1a48318763ce82f49305e4fb3c2a0bfd1370db78c90a94d18e0,2026-03,Suffolk Constabulary,Suffolk Constabulary,1.142424,52.050131,On or near Gippeswyk Road,E01029985,Ipswich 010B,Public order,Awaiting court outcome,
8d0bf47dac505a4fbdc36218e56e229ba98b37204f9fd9c8468b40ca3d27bb72,2026-03,Suffolk Constabulary,Suffolk Constabulary,1.145084,52.052489,On or near Chancery Road,E01029985,Ipswich 010B,Public order,Local resolution,
c4daf6bc7953743201adf56b16c42a9f771c53b4d1837ba09c2cb4ac9c2fb390,2026-03,Suffolk Constabulary,Suffolk Constabulary,1.142424,52.050131,On or near Gippeswyk Road,E01029985,Ipswich 010B,Public order,Awaiting court outcome,
522e5e1bcae9d8a9353179cda1fac792f91bb057fb3253e58b21d9d5bf9b795e,2026-03,Suffolk Constabulary,Suffolk Constabulary,1.142424,52.050131,On or near Gippeswyk Road,E01029985,Ipswich 010B,Public order,Awaiting court outcome,
2952ba211c0f3ddb546a6630667091d4ea1af4ac0ff96b7d72a6d97495fc150b,2026-03,Suffolk Constabulary,Suffolk Constabulary,1.142424,52.050131,On or near Gippeswyk Road,E01029985,Ipswich 010B,Public order,Under investigation,
658bb5c7c742ea15ab42d23764b2c44e9df9bde640267deeefe8360a7d024436,2026-03,Suffolk Constabulary,Suffolk Constabulary,1.148779,52.050267,On or near Willoughby Road,E01029985,Ipswich 010B,Robbery,Investigation complete; no suspect identified,
52a1c472d057230cb605653b3096cb0fab0aaf3c94ba8ea1937ee063e3e3e50d,2026-03,Suffolk Constabulary,Suffolk Constabulary,1.131952,52.058910,On or near Supermarket,E01029985,Ipswich 010B,Shoplifting,Awaiting court outcome,
507d504f6c59363e7815dc79ff433379c47e6e988cc4c37fa12332c8d00ec24e,2026-03,Suffolk Constabulary,Suffolk Constabulary,1.131952,52.058910,On or near Supermarket,E01029985,Ipswich 010B,Shoplifting,Awaiting court outcome,
3bb66edf977bf881ebd9df9eecd5c15889b40cf151656e89a0a27d8e94cc427f,2026-03,Suffolk Constabulary,Suffolk Constabulary,1.131952,52.058910,On or near Supermarket,E01029985,Ipswich 010B,Shoplifting,Local resolution,
5afb382d72e1842a36a4bddf162d9dd6bf792435d4b1c341a3470d4e33526352,2026-03,Suffolk Constabulary,Suffolk Constabulary,1.131952,52.058910,On or near Supermarket,E01029985,Ipswich 010B,Shoplifting,Local resolution,
8381422c72d0aaf7639474022a3f5cbdb5eef6be37cdb87265be74540109deb9,2026-03,Suffolk Constabulary,Suffolk Constabulary,1.133294,52.056447,On or near Shopping Area,E01029985,Ipswich 010B,Shoplifting,Investigation complete; no suspect identified,
7039f08259eb5bcd5f6f8c7164ffa7304e2cd22a4bf96d96248ca542b7a6393b,2026-03,Suffolk Constabulary,Suffolk Constabulary,1.131952,52.058910,On or near Supermarket,E01029985,Ipswich 010B,Shoplifting,Awaiting court outcome,
7df5a39804dd5fa5ef248f1e969dd1e9fe7c6b4c18e8547e50e70eebf2e396c8,2026-03,Suffolk Constabulary,Suffolk Constabulary,1.131952,52.058910,On or near Supermarket,E01029985,Ipswich 010B,Shoplifting,Local resolution,
da96add0d13a2d522d2ac18dab8a6b30888218bab0527ca12bc84ee0b929fc9a,2026-03,Suffolk Constabulary,Suffolk Constabulary,1.131952,52.058910,On or near Supermarket,E01029985,Ipswich 010B,Shoplifting,Unable to prosecute suspect,
266588df1b6ebd5933ad5b92221eaa68d32c2c6da617b852dd1ebb468bc1bc8c,2026-03,Suffolk Constabulary,Suffolk Constabulary,1.127000,52.055911,On or near Copperfield Road,E01029985,Ipswich 010B,Vehicle crime,Investigation complete; no suspect identified,
ef58df69be11845094dcf0cf083cfdbcb321ca692a33775d686bf35471872c92,2026-03,Suffolk Constabulary,Suffolk Constabulary,1.137745,52.052676,On or near Ranelagh Road,E01029985,Ipswich 010B,Vehicle crime,Investigation complete; no suspect identified,
15d1e25c07359c2d28fe6f9989bda6b430ebd50594787b46fd291b1bf696af2e,2026-03,Suffolk Constabulary,Suffolk Constabulary,1.127256,52.055401,On or near Dombey Road,E01029985,Ipswich 010B,Violence and sexual offences,Under investigation,
36fcd87439c555711f703c616ca883c74d070bee6bb6cafd01aa14bbdbdce0e9,2026-03,Suffolk Constabulary,Suffolk Constabulary,1.148779,52.050267,On or near Willoughby Road,E01029985,Ipswich 010B,Violence and sexual offences,Unable to prosecute suspect,
2274e8bd8a72e7de403cc9e88a32d416ab77f65979ca419829c32ced2e8b65af,2026-03,Suffolk Constabulary,Suffolk Constabulary,1.140208,52.052232,On or near Enterprise Drive,E01029985,Ipswich 010B,Violence and sexual offences,Unable to prosecute suspect,
5d9a2589cc98c833329cfff257d9916f8ca9442d0a85ef62391d8a363afe7e10,2026-03,Suffolk Constabulary,Suffolk Constabulary,1.140208,52.052232,On or near Enterprise Drive,E01029985,Ipswich 010B,Violence and sexual offences,Investigation complete; no suspect identified,
b3bce247b839016d02415f1ad402d3a28c10e487d2943ff8f801e1f9aeacd453,2026-03,Suffolk Constabulary,Suffolk Constabulary,1.137867,52.053374,On or near Broomwade Close,E01029985,Ipswich 010B,Violence and sexual offences,Unable to prosecute suspect,
03224aef82a81a1d69642e6dc369054c7b1e6a9b238e53eeaa79a68329245b6f,2026-03,Suffolk Constabulary,Suffolk Constabulary,1.137867,52.053374,On or near Broomwade Close,E01029985,Ipswich 010B,Violence and sexual offences,Under investigation,
66b9253f98cb1e84f6ca291369d50516c4a32efbbc90902dc3a1e94665346cbd,2026-03,Suffolk Constabulary,Suffolk Constabulary,1.139282,52.052967,On or near Holman Court,E01029985,Ipswich 010B,Violence and sexual offences,Under investigation,
6755e41f4e78ceb5179faea67f17c7ff1424c807b259493fbea7b28435635c06,2026-03,Suffolk Constabulary,Suffolk Constabulary,1.146707,52.050260,On or near Parking Area,E01029985,Ipswich 010B,Violence and sexual offences,Unable to prosecute suspect,
5e846dbf52b9d6ce30bbcdda8a021252aecd456fc17093aa3ca0b5782762b976,2026-03,Suffolk Constabulary,Suffolk Constabulary,1.137946,52.050143,On or near Theatre/Concert Hall,E01029985,Ipswich 010B,Violence and sexual offences,Investigation complete; no suspect identified,
1ec2683e98d9a0d8efc71d87fe51495cae31739d0ef5580beeb9da8159c3233c,2026-03,Suffolk Constabulary,Suffolk Constabulary,1.131952,52.058910,On or near Supermarket,E01029985,Ipswich 010B,Other crime,Under investigation,
,2026-03,Suffolk Constabulary,Suffolk Constabulary,1.131483,52.046996,On or near Jasmine Close,E01029986,Ipswich 010C,Anti-social behaviour,,
,2026-03,Suffolk Constabulary,Suffolk Constabulary,1.131483,52.046996,On or near Jasmine Close,E01029986,Ipswich 010C,Anti-social behaviour,,
9c5ebdc7ebbe520edf2dce2fa4e672b28df2a1abecf5df6fcdc61d4370009dc1,2026-03,Suffolk Constabulary,Suffolk Constabulary,1.131483,52.046996,On or near Jasmine Close,E01029986,Ipswich 010C,Criminal damage and arson,Investigation complete; no suspect identified,
8c6a62fac7b124fbf4aa324b98ad5d6e557d1f503b94838904c01489b09c4aa1,2026-03,Suffolk Constabulary,Suffolk Constabulary,1.129819,52.053867,On or near Iris Close,E01029986,Ipswich 010C,Criminal damage and arson,Awaiting court outcome,
4456ebcf72fa90abeffcd4afbad70caa1505f4228b148ee9ab07f9da9ae57476,2026-03,Suffolk Constabulary,Suffolk Constabulary,1.130080,52.047168,On or near Sorrel Close,E01029986,Ipswich 010C,Other theft,Unable to prosecute suspect,
23209f1804aaa4b7c1544208a060d2019b2288d7601a88823ebb89eae8e0eccd,2026-03,Suffolk Constabulary,Suffolk Constabulary,1.137134,52.049382,On or near Talmash Gardens,E01029986,Ipswich 010C,Public order,Unable to prosecute suspect,
1732759a30f9c1497cde337336aba65237cc7b97eb527097812bbb5915b4c22d,2026-03,Suffolk Constabulary,Suffolk Constabulary,1.136440,52.048834,On or near Birkfield Close,E01029986,Ipswich 010C,Violence and sexual offences,Investigation complete; no suspect identified,
2a72182bda715ad8ed234e4b206534fcf88150f320ff082a5eb81a02014980a3,2026-03,Suffolk Constabulary,Suffolk Constabulary,1.129819,52.053867,On or near Iris Close,E01029986,Ipswich 010C,Violence and sexual offences,Unable to prosecute suspect,
d94d1797bbd1d94546cdfc90f130e751027599fa09e87d5f41e373f71aea01bc,2026-03,Suffolk Constabulary,Suffolk Constabulary,1.125849,52.051544,On or near Coltsfoot Road,E01029986,Ipswich 010C,Violence and sexual offences,Unable to prosecute suspect,
032fd95538ec33eae86491c71ac27a12e86452bcacc2ca34f93361c336bfbe3d,2026-03,Suffolk Constabulary,Suffolk Constabulary,1.129819,52.053867,On or near Iris Close,E01029986,Ipswich 010C,Violence and sexual offences,Action to be taken by another organisation,
c54d02a2ceeecdc4a92a8e2ca8c9e65de17181e3258b3b8b3ad3f34261979fe8,2026-03,Suffolk Constabulary,Suffolk Constabulary,1.130074,52.052502,On or near Waller'S Grove,E01029986,Ipswich 010C,Violence and sexual offences,Under investigation,
509b62539d0942ca0d9e56127f84a33a5f9a3858686ab8985719298c7e57bc9e,2026-03,Suffolk Constabulary,Suffolk Constabulary,1.129389,52.045631,On or near Park/Open Space,E01029986,Ipswich 010C,Violence and sexual offences,Action to be taken by another organisation,
2c486af6b50c2c794308aaca5aa4fdc5367a060b1590e3bab5452426b1285bd0,2026-03,Suffolk Constabulary,Suffolk Constabulary,1.130080,52.047168,On or near Sorrel Close,E01029986,Ipswich 010C,Violence and sexual offences,Action to be taken by another organisation,
1368d0e7e1207976c880a2d450d7ff287e52633cd257ab501040416ab2d2cae8,2026-03,Suffolk Constabulary,Suffolk Constabulary,1.124092,52.047489,On or near Daffodil Close,E01029987,Ipswich 010D,Other theft,Investigation complete; no suspect identified,
a9ff064e4084408a87f843a9db85420dbf9fdbc2e9a6656c36483229f29f3db5,2026-03,Suffolk Constabulary,Suffolk Constabulary,1.130936,52.049196,On or near Primrose Hill,E01029987,Ipswich 010D,Public order,Unable to prosecute suspect,
97020512d043de87597e498607915e711665ef1aaa628cc336a0359307986488,2026-03,Suffolk Constabulary,Suffolk Constabulary,1.126270,52.050049,On or near Orchid Close,E01029987,Ipswich 010D,Violence and sexual offences,Unable to prosecute suspect,
9d33864d48e43cd47aa23194b647f8aa335df06df3eb8dc2a58255c63e7c0d93,2026-03,Suffolk Constabulary,Suffolk Constabulary,1.130161,52.049370,On or near Thistle Close,E01029987,Ipswich 010D,Violence and sexual offences,Unable to prosecute suspect,
52991935585a18a20e545f44ed9ef6f2d81e99e0090974b5f3656ba398f36b4e,2026-03,Suffolk Constabulary,Suffolk Constabulary,1.131693,52.049590,On or near Clover Close,E01029987,Ipswich 010D,Violence and sexual offences,Unable to prosecute suspect,
,2026-03,Suffolk Constabulary,Suffolk Constabulary,1.142663,52.059353,On or near Stevenson Road,E01029988,Ipswich 010E,Anti-social behaviour,,
,2026-03,Suffolk Constabulary,Suffolk Constabulary,1.143628,52.058967,On or near Burlington Road,E01029988,Ipswich 010E,Anti-social behaviour,,
,2026-03,Suffolk Constabulary,Suffolk Constabulary,1.146505,52.057137,On or near Canham Street,E01029988,Ipswich 010E,Anti-social behaviour,,
,2026-03,Suffolk Constabulary,Suffolk Constabulary,1.142663,52.059353,On or near Stevenson Road,E01029988,Ipswich 010E,Anti-social behaviour,,
ef6a9d1c3435d477e8d160d5e4f66774b36de539a694d60156e462470988f055,2026-03,Suffolk Constabulary,Suffolk Constabulary,1.146713,52.054703,On or near Parking Area,E01029988,Ipswich 010E,Drugs,Local resolution,
eeb051daae7c18a34f055f491fe328581aeb1ea128329f3ef6b8e0fddc0f4530,2026-03,Suffolk Constabulary,Suffolk Constabulary,1.147122,52.055537,On or near Parking Area,E01029988,Ipswich 010E,Drugs,Local resolution,
8214e11dfd2aec840ccbd529b1aad3000978bb863aa529097bbfeb563a1c742f,2026-03,Suffolk Constabulary,Suffolk Constabulary,1.136909,52.057608,On or near Supermarket,E01029988,Ipswich 010E,Other theft,Investigation complete; no suspect identified,
efc48921f243f52df73821e39258d727ff5d551daecc6fd8014aab2636ceef63,2026-03,Suffolk Constabulary,Suffolk Constabulary,1.141592,52.059058,On or near Dillwyn Street West,E01029988,Ipswich 010E,Other theft,Unable to prosecute suspect,
bbf4f2f051a8a8057e9ae9140302688097ec506911f9775b2d8504d4dfd5b1eb,2026-03,Suffolk Constabulary,Suffolk Constabulary,1.137676,52.057111,On or near Woollards Close,E01029988,Ipswich 010E,Other theft,Unable to prosecute suspect,
fb34dc95c61b72de1c44faa9bf8ce2e46c0ea2cc5cde94169b4728ed384024c6,2026-03,Suffolk Constabulary,Suffolk Constabulary,1.145887,52.056847,On or near Portman Road,E01029988,Ipswich 010E,Other theft,Investigation complete; no suspect identified,
fb78c2970093ecf707e2c23e9e0b0aba706684fcffe7041096488a7b8ff82615,2026-03,Suffolk Constabulary,Suffolk Constabulary,1.148238,52.055220,On or near Friars Bridge Road,E01029988,Ipswich 010E,Other theft,Investigation complete; no suspect identified,
eaeee71f16e2421dc1a01957cb9e1cf129e1a295b83f66891439a8d24e23abe8,2026-03,Suffolk Constabulary,Suffolk Constabulary,1.136909,52.057608,On or near Supermarket,E01029988,Ipswich 010E,Public order,Investigation complete; no suspect identified,
46d9521bc52f030411bb6b4edbcd6dc1c4c5b486e235c5464a8aa064b852b678,2026-03,Suffolk Constabulary,Suffolk Constabulary,1.136909,52.057608,On or near Supermarket,E01029988,Ipswich 010E,Public order,Investigation complete; no suspect identified,
fa6d96897220df79dfa1873782e983c89a38c9c31bdb331c13908431073f68c0,2026-03,Suffolk Constabulary,Suffolk Constabulary,1.146995,52.057249,On or near Little Gipping Street,E01029988,Ipswich 010E,Public order,Unable to prosecute suspect,
718526adcc210713d7c814b86c576999dc5632bd9e100381a92dac32c7e09873,2026-03,Suffolk Constabulary,Suffolk Constabulary,1.144638,52.054236,On or near Sports/Recreation Area,E01029988,Ipswich 010E,Public order,Unable to prosecute suspect,
8955f04b43fb3d205ddd494de9b2468cc830ef11840f2343673c47c01c80d43f,2026-03,Suffolk Constabulary,Suffolk Constabulary,1.144638,52.054236,On or near Sports/Recreation Area,E01029988,Ipswich 010E,Theft from the person,Investigation complete; no suspect identified,
4f14e68a60bdb1fa6a83ecf79b48cbb41876051479a14c40c992840104623f82,2026-03,Suffolk Constabulary,Suffolk Constabulary,1.139153,52.057567,On or near Firmin Close,E01029988,Ipswich 010E,Vehicle crime,Awaiting court outcome,
d17998fd3f948504ed14c5c4fd1214e5726f62f913c01213250e3d50173dab14,2026-03,Suffolk Constabulary,Suffolk Constabulary,1.141525,52.058106,On or near Dillwyn Street,E01029988,Ipswich 010E,Violence and sexual offences,Under investigation,
4a2fd47b833cc66a1a88c23edca5f049cf02c49cd236604159eac8be850b7835,2026-03,Suffolk Constabulary,Suffolk Constabulary,1.146995,52.057249,On or near Little Gipping Street,E01029988,Ipswich 010E,Violence and sexual offences,Unable to prosecute suspect,
c0d3989500db1c5f3271c424bedf94127e7fb7a252c9285a6fbcecbf0e329ca9,2026-03,Suffolk Constabulary,Suffolk Constabulary,1.139186,52.058249,On or near Handford Cut,E01029988,Ipswich 010E,Violence and sexual offences,Unable to prosecute suspect,
93cf5c469c236b20cfabd8fc222f1b5f812cde90ff42283749f615564dc1a45a,2026-03,Suffolk Constabulary,Suffolk Constabulary,1.139186,52.058249,On or near Handford Cut,E01029988,Ipswich 010E,Violence and sexual offences,Unable to prosecute suspect,
851083a846e7da813a49c767bd611a1fad208f346f6a20d4e0058031f38b0ce2,2026-03,Suffolk Constabulary,Suffolk Constabulary,1.145594,52.056010,On or near Parking Area,E01029988,Ipswich 010E,Violence and sexual offences,Unable to prosecute suspect,
a1455ef4d6b1a1ee0b2d5d9fabe45c44873b8c9172e3e885efb702b6cdda2c67,2026-03,Suffolk Constabulary,Suffolk Constabulary,1.146505,52.057137,On or near Canham Street,E01029988,Ipswich 010E,Violence and sexual offences,Local resolution,
8d6b10e37411ea57195a5a7dac91967ad951308207518005a48c9c4aa4222a0f,2026-03,Suffolk Constabulary,Suffolk Constabulary,1.139186,52.058249,On or near Handford Cut,E01029988,Ipswich 010E,Violence and sexual offences,Investigation complete; no suspect identified,
cc987be4c7d34bd2ae028ae247b220f88db275b80785a2b7f5c5900d65a45a89,2026-03,Suffolk Constabulary,Suffolk Constabulary,1.146505,52.057137,On or near Canham Street,E01029988,Ipswich 010E,Violence and sexual offences,Unable to prosecute suspect,
a1857a366465d23ea4c60187bae6636911717c65ab5d49a8ba7a4ccd65673133,2026-03,Suffolk Constabulary,Suffolk Constabulary,1.140239,52.058707,On or near Elliott Street,E01029988,Ipswich 010E,Violence and sexual offences,Action to be taken by another organisation,
e10218980c806a4f729503164254fd8df9fec3d1aa35a39eb6a0c6b6697b3dd7,2026-03,Suffolk Constabulary,Suffolk Constabulary,1.139153,52.057567,On or near Firmin Close,E01029988,Ipswich 010E,Violence and sexual offences,Unable to prosecute suspect,
dfcb24c85d020ca820beb1da54cee973f9186434097b27839584948363a8fdfb,2026-03,Suffolk Constabulary,Suffolk Constabulary,1.139153,52.057567,On or near Firmin Close,E01029988,Ipswich 010E,Violence and sexual offences,Unable to prosecute suspect,
1561f8a57e24d5ecc31e6f564dfe217da741460b5e2337fde3310e180b33b308,2026-03,Suffolk Constabulary,Suffolk Constabulary,1.136909,52.057608,On or near Supermarket,E01029988,Ipswich 010E,Violence and sexual offences,Unable to prosecute suspect,
d113bbd376e853f9ea4be90149c01495e20ace14c862d2cbf3cf6e4804230497,2026-03,Suffolk Constabulary,Suffolk Constabulary,1.136909,52.057608,On or near Supermarket,E01029988,Ipswich 010E,Violence and sexual offences,Unable to prosecute suspect,
7c565ef2cc23edda6c7fdd5e55b0f94b10994dbc6ba30c68d85ce5f3caf8bcb4,2026-03,Suffolk Constabulary,Suffolk Constabulary,1.140239,52.058707,On or near Elliott Street,E01029988,Ipswich 010E,Violence and sexual offences,Action to be taken by another organisation,
9fd3334ef0ba27fb7f16c313531cfa6032d7d1dda80fff50e861a15d233cd0ef,2026-03,Suffolk Constabulary,Suffolk Constabulary,1.175905,52.049341,On or near Alston Road,E01029990,Ipswich 011B,Violence and sexual offences,Under investigation,
0857fee65ecbdc11e88cc45e882b410c854d6f60cdfb69c26fab0cebbd5fdd94,2026-03,Suffolk Constabulary,Suffolk Constabulary,1.180412,52.048095,On or near A1156,E01029990,Ipswich 011B,Violence and sexual offences,Under investigation,
7ac1a581c1143fc0c0d1711a0c5078108941f56938065e93277d0606cced53f1,2026-03,Suffolk Constabulary,Suffolk Constabulary,1.175905,52.049341,On or near Alston Road,E01029990,Ipswich 011B,Violence and sexual offences,Under investigation,
b1cd4dddc91d9c2677cbb6836299ea288ed9b09ef3a3652b95c9111d362f4a39,2026-03,Suffolk Constabulary,Suffolk Constabulary,1.167515,52.041679,On or near Greenwich Close,E01029991,Ipswich 011C,Criminal damage and arson,Investigation complete; no suspect identified,
ea644d2d84e836ec695bf51aaabbd16e2ad019ccfcfd7db09468f3128285d597,2026-03,Suffolk Constabulary,Suffolk Constabulary,1.177348,52.041711,On or near Trent Road,E01029991,Ipswich 011C,Criminal damage and arson,Awaiting court outcome,
9506389ccc537e7d4aab394a83b8c4d0055454a50855e5e63d35f59dc58d9ed5,2026-03,Suffolk Constabulary,Suffolk Constabulary,1.177348,52.041711,On or near Trent Road,E01029991,Ipswich 011C,Criminal damage and arson,Awaiting court outcome,
0c2306b47d3308c2b7addc4e8607358a337df4f0b1aa5d6f150b5e8a59c77ebc,2026-03,Suffolk Constabulary,Suffolk Constabulary,1.174799,52.040943,On or near Medway Road,E01029991,Ipswich 011C,Robbery,Unable to prosecute suspect,
078cd49b879acbfa3426d20e0999ef306433dad1b616238d27878174e76351d5,2026-03,Suffolk Constabulary,Suffolk Constabulary,1.166733,52.044030,On or near Draymans Way,E01029991,Ipswich 011C,Violence and sexual offences,Unable to prosecute suspect,
b2cfdb3d1203fba61434de0fcc0fb31a3156de56c0243af5650323111430c20d,2026-03,Suffolk Constabulary,Suffolk Constabulary,1.171406,52.043904,On or near Wroxham Road,E01029991,Ipswich 011C,Violence and sexual offences,Action to be taken by another organisation,
b909c687a3c9f9a99011520aa393f53bdde02b448ad488170c3bfc955f70b5d4,2026-03,Suffolk Constabulary,Suffolk Constabulary,1.178518,52.047715,On or near Salisbury Road,E01029992,Ipswich 011D,Bicycle theft,Investigation complete; no suspect identified,
0b513ee1edab679dd1d247a2dbcfe6a8184a3c428aaec57d7f7c50efb43b295a,2026-03,Suffolk Constabulary,Suffolk Constabulary,1.180038,52.046936,On or near Levington Road,E01029992,Ipswich 011D,Violence and sexual offences,Under investigation,
,2026-03,Suffolk Constabulary,Suffolk Constabulary,1.174812,52.049964,On or near Sandhurst Avenue,E01033123,Ipswich 011E,Anti-social behaviour,,
,2026-03,Suffolk Constabulary,Suffolk Constabulary,1.172437,52.053095,On or near Gladstone Road,E01033123,Ipswich 011E,Anti-social behaviour,,
9e76ef69d429ce2d499df7d63ca94e1b8741fcd7306d3ab812873b9a69c5ff82,2026-03,Suffolk Constabulary,Suffolk Constabulary,1.172437,52.053095,On or near Gladstone Road,E01033123,Ipswich 011E,Burglary,Investigation complete; no suspect identified,
77adc67dc89a0e2938828c6cf450af6b699eae0e500229c362c52af40311b4f7,2026-03,Suffolk Constabulary,Suffolk Constabulary,1.173234,52.053433,On or near Supermarket,E01033123,Ipswich 011E,Criminal damage and arson,Investigation complete; no suspect identified,
232fc914075aa5f078257f2446a026852176b4180050e6029f337af621dac068,2026-03,Suffolk Constabulary,Suffolk Constabulary,1.173234,52.053433,On or near Supermarket,E01033123,Ipswich 011E,Criminal damage and arson,Unable to prosecute suspect,
bfbce4866cd07f47dbaf94b0972590218141e9072ad5bfcf6831bd6bfb7c8c07,2026-03,Suffolk Constabulary,Suffolk Constabulary,1.173234,52.053433,On or near Supermarket,E01033123,Ipswich 011E,Other theft,Under investigation,
8b9826048123c73421513f8f9d6f0304293cf5bc7587a98d1df147754cd48ae6,2026-03,Suffolk Constabulary,Suffolk Constabulary,1.173234,52.053433,On or near Supermarket,E01033123,Ipswich 011E,Shoplifting,Awaiting court outcome,
b085575694fcdf167ae8d14c469f3c8e56bee0a4ad6bf842972119aa3fcf6473,2026-03,Suffolk Constabulary,Suffolk Constabulary,1.173234,52.053433,On or near Supermarket,E01033123,Ipswich 011E,Shoplifting,Investigation complete; no suspect identified,
8d8af0565c670f1f3dfe5f28b989633bf98c75c836dff1bf62ed390dda4fff37,2026-03,Suffolk Constabulary,Suffolk Constabulary,1.173234,52.053433,On or near Supermarket,E01033123,Ipswich 011E,Shoplifting,Investigation complete; no suspect identified,
e571ff383eb303c2c25a409ad7c126f65da3d21e6f838add0208ae31b479f659,2026-03,Suffolk Constabulary,Suffolk Constabulary,1.173234,52.053433,On or near Supermarket,E01033123,Ipswich 011E,Shoplifting,Awaiting court outcome,
7c121ccc91cee11a0c9840bcd423e1e2f7b188e0d37234bfbb432f7e923cc934,2026-03,Suffolk Constabulary,Suffolk Constabulary,1.173234,52.053433,On or near Supermarket,E01033123,Ipswich 011E,Shoplifting,Investigation complete; no suspect identified,
a12b6fe53b8988bd4740f4bd07fb89dce6c60fd853bce507da96a013c5f8887f,2026-03,Suffolk Constabulary,Suffolk Constabulary,1.173234,52.053433,On or near Supermarket,E01033123,Ipswich 011E,Shoplifting,Investigation complete; no suspect identified,
18dafd6ea0f3f98f018155cb560b3bdc60ddb4f14efe08d62503513ac9367863,2026-03,Suffolk Constabulary,Suffolk Constabulary,1.173234,52.053433,On or near Supermarket,E01033123,Ipswich 011E,Shoplifting,Investigation complete; no suspect identified,
9c74b9b6bee3f539626c4e7d5321c14d09e2ec3e1d9e880c15f3eb77925f360e,2026-03,Suffolk Constabulary,Suffolk Constabulary,1.173234,52.053433,On or near Supermarket,E01033123,Ipswich 011E,Shoplifting,Investigation complete; no suspect identified,
51a497e23aceedb0ca9858224c99f7094c8dc774fa2f5515a992a27971ce802d,2026-03,Suffolk Constabulary,Suffolk Constabulary,1.173234,52.053433,On or near Supermarket,E01033123,Ipswich 011E,Shoplifting,Investigation complete; no suspect identified,
32089f4acd920afa95c478095c0cfcd14709247eef9ab100e735891cb74eafd8,2026-03,Suffolk Constabulary,Suffolk Constabulary,1.173234,52.053433,On or near Supermarket,E01033123,Ipswich 011E,Shoplifting,Investigation complete; no suspect identified,
f5d0fa02230e942b3bfd9c0a747015cccea25341b7d9fff60aa996a459690d4a,2026-03,Suffolk Constabulary,Suffolk Constabulary,1.173234,52.053433,On or near Supermarket,E01033123,Ipswich 011E,Shoplifting,Investigation complete; no suspect identified,
c4ca3a50867f47882cdfaf16cec8c81e8cec61b7d1a61c2f61b29f73dc07da0c,2026-03,Suffolk Constabulary,Suffolk Constabulary,1.173234,52.053433,On or near Supermarket,E01033123,Ipswich 011E,Shoplifting,Investigation complete; no suspect identified,
ef0fbf4d748a70238645dc99cccdc6f811f2ede7c1c345fd27f18db27c511b14,2026-03,Suffolk Constabulary,Suffolk Constabulary,1.173234,52.053433,On or near Supermarket,E01033123,Ipswich 011E,Shoplifting,Investigation complete; no suspect identified,
cac088c8d2bdf4b6e7da4662364dfff7877984304b8506284ad81e25aa27c061,2026-03,Suffolk Constabulary,Suffolk Constabulary,1.173234,52.053433,On or near Supermarket,E01033123,Ipswich 011E,Shoplifting,Awaiting court outcome,
e9c41634e2d36541e47ffe40b455aa804eef11af3f85e068af41d42118dd3c8f,2026-03,Suffolk Constabulary,Suffolk Constabulary,1.173234,52.053433,On or near Supermarket,E01033123,Ipswich 011E,Shoplifting,Investigation complete; no suspect identified,
56e84f8d5aacbb4c5b277e93d8afb8448d41034e2c97468630e627cb1164a887,2026-03,Suffolk Constabulary,Suffolk Constabulary,1.173234,52.053433,On or near Supermarket,E01033123,Ipswich 011E,Shoplifting,Investigation complete; no suspect identified,
04bf8b134a8acd877900c0629884f3441dbbdf2b1c2ba9a7a91be5d2f117d7c2,2026-03,Suffolk Constabulary,Suffolk Constabulary,1.173234,52.053433,On or near Supermarket,E01033123,Ipswich 011E,Shoplifting,Investigation complete; no suspect identified,
36a8d895ecf53abcef8a9c8fee3ede310771bee57a6c6fd1e053f52d1059946c,2026-03,Suffolk Constabulary,Suffolk Constabulary,1.173234,52.053433,On or near Supermarket,E01033123,Ipswich 011E,Shoplifting,Investigation complete; no suspect identified,
b2364170ac6a7769370cfdd63e988a50f057554ae12b2c20f9666e0ec45ec991,2026-03,Suffolk Constabulary,Suffolk Constabulary,1.173234,52.053433,On or near Supermarket,E01033123,Ipswich 011E,Shoplifting,Investigation complete; no suspect identified,
07dff913225ee83836d9f5f65d953a9071930d9cddf492526e77c33158cac641,2026-03,Suffolk Constabulary,Suffolk Constabulary,1.173234,52.053433,On or near Supermarket,E01033123,Ipswich 011E,Shoplifting,Awaiting court outcome,
2886f044710314968000c8ade16bfa6483b3844be03fae57a571246ea4e8eaa3,2026-03,Suffolk Constabulary,Suffolk Constabulary,1.173234,52.053433,On or near Supermarket,E01033123,Ipswich 011E,Shoplifting,Investigation complete; no suspect identified,
01f2933ea8f728677e6af47ed0bf1cba30c1d1a76eb28395357e0c7937997f7c,2026-03,Suffolk Constabulary,Suffolk Constabulary,1.173234,52.053433,On or near Supermarket,E01033123,Ipswich 011E,Shoplifting,Awaiting court outcome,
46be43357448f1aff150d6af93293a07d0ab9b7cb5498fcccece1ddce523a9b8,2026-03,Suffolk Constabulary,Suffolk Constabulary,1.173234,52.053433,On or near Supermarket,E01033123,Ipswich 011E,Shoplifting,Investigation complete; no suspect identified,
036c08eb23f03a891114f350c61cd838bd60cbe3ae844e727fd0506c17df4442,2026-03,Suffolk Constabulary,Suffolk Constabulary,1.173234,52.053433,On or near Supermarket,E01033123,Ipswich 011E,Shoplifting,Investigation complete; no suspect identified,
1c77c4b210e3b913da34acdc079ce5876efd016f165578223949c26deaeea431,2026-03,Suffolk Constabulary,Suffolk Constabulary,1.173234,52.053433,On or near Supermarket,E01033123,Ipswich 011E,Shoplifting,Investigation complete; no suspect identified,
d564a013e2f91d8b010b5d125cdf2ba93be51a5f11422bb511f7f23314cae1b4,2026-03,Suffolk Constabulary,Suffolk Constabulary,1.173234,52.053433,On or near Supermarket,E01033123,Ipswich 011E,Shoplifting,Awaiting court outcome,
2d4f01892268c04c6591be676bc76b0e612d7240f618d75f14322e540315512a,2026-03,Suffolk Constabulary,Suffolk Constabulary,1.173234,52.053433,On or near Supermarket,E01033123,Ipswich 011E,Shoplifting,Investigation complete; no suspect identified,
9b5f1de9daf9390b8b50c566faacf6d79a9b1a22158f7a60f0bbd2379a866dcf,2026-03,Suffolk Constabulary,Suffolk Constabulary,1.173234,52.053433,On or near Supermarket,E01033123,Ipswich 011E,Shoplifting,Investigation complete; no suspect identified,
15267af25daa1743b676a0c5c195e92e1ee33612c85753fb4d5435838ff5447f,2026-03,Suffolk Constabulary,Suffolk Constabulary,1.173234,52.053433,On or near Supermarket,E01033123,Ipswich 011E,Shoplifting,Investigation complete; no suspect identified,
bd642da519b6eb2e036bad0770fcde70a9b083de2bc6037ef420226590cf0c99,2026-03,Suffolk Constabulary,Suffolk Constabulary,1.173234,52.053433,On or near Supermarket,E01033123,Ipswich 011E,Shoplifting,Investigation complete; no suspect identified,
424e6bc02e3b5741b2814da4ad1a8be88b98997bf3660004e0d41e8735654c94,2026-03,Suffolk Constabulary,Suffolk Constabulary,1.173234,52.053433,On or near Supermarket,E01033123,Ipswich 011E,Shoplifting,Investigation complete; no suspect identified,
957b757d877223c2ee914d036b0c8693b5737a70d80016065977436bfa81be6b,2026-03,Suffolk Constabulary,Suffolk Constabulary,1.167849,52.049702,On or near Unity Street,E01033123,Ipswich 011E,Vehicle crime,Investigation complete; no suspect identified,
5736403c29d54d01485a94c70ff789efe742f4e56e461825e223c2f12d0d8c42,2026-03,Suffolk Constabulary,Suffolk Constabulary,1.169315,52.050625,On or near A1156,E01033123,Ipswich 011E,Violence and sexual offences,Unable to prosecute suspect,
cb0126792f2bfeaae765f8fb52d433a69fc59a35fc10b1fa60e18ae71a49d3e2,2026-03,Suffolk Constabulary,Suffolk Constabulary,1.169315,52.050625,On or near A1156,E01033123,Ipswich 011E,Violence and sexual offences,Under investigation,
54cd397078fb19edac1b8186adc3b4bd3a62be27f5273c1d40034ead9b9442d7,2026-03,Suffolk Constabulary,Suffolk Constabulary,1.172437,52.053095,On or near Gladstone Road,E01033123,Ipswich 011E,Violence and sexual offences,Investigation complete; no suspect identified,
41f8460041c6a5cc60f0af31a5569182efb1efa0ad06569dcb56e7dd394f0f7a,2026-03,Suffolk Constabulary,Suffolk Constabulary,1.171144,52.049874,On or near Bishop'S Hill,E01033123,Ipswich 011E,Violence and sexual offences,Under investigation,
c0ac2939e28bf3d4804ae2be61134627cb9ea55d8b5da67c676e4e1d344c7921,2026-03,Suffolk Constabulary,Suffolk Constabulary,1.171376,52.051918,On or near Padbrook Court,E01033123,Ipswich 011E,Other crime,Unable to prosecute suspect,
,2026-03,Suffolk Constabulary,Suffolk Constabulary,1.164700,52.048276,On or near Patteson Road,E01033126,Ipswich 011F,Anti-social behaviour,,
,2026-03,Suffolk Constabulary,Suffolk Constabulary,1.164700,52.048276,On or near Patteson Road,E01033126,Ipswich 011F,Anti-social behaviour,,
,2026-03,Suffolk Constabulary,Suffolk Constabulary,1.165930,52.051238,On or near Pownall Road,E01033126,Ipswich 011F,Anti-social behaviour,,
,2026-03,Suffolk Constabulary,Suffolk Constabulary,1.164700,52.048276,On or near Patteson Road,E01033126,Ipswich 011F,Anti-social behaviour,,
d822d98c55179d16e91ae8f4cb17352a93232521c9981ed2d34452404ab6f067,2026-03,Suffolk Constabulary,Suffolk Constabulary,1.165811,52.049136,On or near John Street,E01033126,Ipswich 011F,Criminal damage and arson,Local resolution,
0b8e0094d8e7021b0e30d564d48f00e4cdd9be78ad9f5d97182b3926399dd056,2026-03,Suffolk Constabulary,Suffolk Constabulary,1.154570,52.052118,On or near St Peters Dock,E01033126,Ipswich 011F,Drugs,Local resolution,
40a2e713c9124442e36f57bf6945208def4b9ec9f1eaed0b4e641f3b5f67d73a,2026-03,Suffolk Constabulary,Suffolk Constabulary,1.154570,52.052118,On or near St Peters Dock,E01033126,Ipswich 011F,Drugs,Local resolution,
66b05deef7338b4706d8515467fc1a3ddcc68d7fc04e41044183987427d2830d,2026-03,Suffolk Constabulary,Suffolk Constabulary,1.164314,52.052108,On or near Coprolite Street,E01033126,Ipswich 011F,Other theft,Investigation complete; no suspect identified,
cf46bd5e294265b9b0c277da043a49eb6bf50b7e59846904079783fb029e3a31,2026-03,Suffolk Constabulary,Suffolk Constabulary,1.166119,52.050405,On or near Hope Court,E01033126,Ipswich 011F,Public order,Awaiting court outcome,
519dd6b0a1cd85b7b4febaa21a1cb18b67d3732b8821f958f73cc60fb843f2cc,2026-03,Suffolk Constabulary,Suffolk Constabulary,1.164314,52.052108,On or near Coprolite Street,E01033126,Ipswich 011F,Public order,Awaiting court outcome,
714a36a7e6d15b8771c2d52bb5ad0a4909365a39aa61950915dfed3b5c74e393,2026-03,Suffolk Constabulary,Suffolk Constabulary,1.166119,52.050405,On or near Hope Court,E01033126,Ipswich 011F,Robbery,Unable to prosecute suspect,
61e7409175c4b15235199de9ef399a5badd6f9cab3c9f8def083d519db95635a,2026-03,Suffolk Constabulary,Suffolk Constabulary,1.166119,52.050405,On or near Hope Court,E01033126,Ipswich 011F,Shoplifting,Awaiting court outcome,
eb6be0c29bb21cb8cf9d5a5c9488142663b9e7be22cdd7cd4e2d5abe55d43716,2026-03,Suffolk Constabulary,Suffolk Constabulary,1.166119,52.050405,On or near Hope Court,E01033126,Ipswich 011F,Shoplifting,Unable to prosecute suspect,
3cffd1b2bed373c860e202147c24f0cbe90a646f7a9bab4cc22079ad13852f47,2026-03,Suffolk Constabulary,Suffolk Constabulary,1.166119,52.050405,On or near Hope Court,E01033126,Ipswich 011F,Shoplifting,Investigation complete; no suspect identified,
2f33673660b170fe372a48665234e7f9dac9e005d3599bb147cc7e4e365d5517,2026-03,Suffolk Constabulary,Suffolk Constabulary,1.166119,52.050405,On or near Hope Court,E01033126,Ipswich 011F,Shoplifting,Investigation complete; no suspect identified,
6a6afa95cadf8af4f718c9fda9c80df573043c7ac35b2c6cd7687184b69ea303,2026-03,Suffolk Constabulary,Suffolk Constabulary,1.166119,52.050405,On or near Hope Court,E01033126,Ipswich 011F,Shoplifting,Awaiting court outcome,
1947ce727e008831a150a4abcd51aa0fe65abd84b92eb709a505445f5662f469,2026-03,Suffolk Constabulary,Suffolk Constabulary,1.164314,52.052108,On or near Coprolite Street,E01033126,Ipswich 011F,Vehicle crime,Under investigation,
3e59dd76f0e49918b6390da64380418fcf56599e639b85b5e3c8016f2f277faa,2026-03,Suffolk Constabulary,Suffolk Constabulary,1.165930,52.051238,On or near Pownall Road,E01033126,Ipswich 011F,Vehicle crime,Investigation complete; no suspect identified,
265bc6619176370b5bdbda38361785cb923a07648d4bda2de1951d9dfa581d05,2026-03,Suffolk Constabulary,Suffolk Constabulary,1.166121,52.048570,On or near B1458,E01033126,Ipswich 011F,Violence and sexual offences,Unable to prosecute suspect,
58c060ce3ddbbe70d25411d1a6a8813c44d4d2e9071fd7d6ac741eb1f9bdc373,2026-03,Suffolk Constabulary,Suffolk Constabulary,1.166119,52.050405,On or near Hope Court,E01033126,Ipswich 011F,Violence and sexual offences,Unable to prosecute suspect,
268a229c3555c398cdbbf3dd71f2db8ce2441715be4afda0c241b6fd997288df,2026-03,Suffolk Constabulary,Suffolk Constabulary,1.166119,52.050405,On or near Hope Court,E01033126,Ipswich 011F,Violence and sexual offences,Action to be taken by another organisation,
174edb285050fc60e4efd839aa9cbcb4d51909fd233cb4b1a0916d52d8c41f11,2026-03,Suffolk Constabulary,Suffolk Constabulary,1.166121,52.048570,On or near B1458,E01033126,Ipswich 011F,Violence and sexual offences,Unable to prosecute suspect,
ef43f6df18b09339507d0ca3c3a47df095f22bd0604f4f92edece3c25f712889,2026-03,Suffolk Constabulary,Suffolk Constabulary,1.164314,52.052108,On or near Coprolite Street,E01033126,Ipswich 011F,Violence and sexual offences,Unable to prosecute suspect,
cd3b754caad9c07080e295c18cafa3349c9893d3a42c297c033f059e72e72301,2026-03,Suffolk Constabulary,Suffolk Constabulary,1.166119,52.050405,On or near Hope Court,E01033126,Ipswich 011F,Violence and sexual offences,Action to be taken by another organisation,
6ef1dc7eaaaedb3df22a0b726fed3535c557802d13eb406b3cd8817a50424cb6,2026-03,Suffolk Constabulary,Suffolk Constabulary,1.167358,52.050174,On or near Tye Road,E01033126,Ipswich 011F,Violence and sexual offences,Under investigation,
,2026-03,Suffolk Constabulary,Suffolk Constabulary,1.152596,52.047908,On or near Bradley Street,E01029968,Ipswich 012A,Anti-social behaviour,,
,2026-03,Suffolk Constabulary,Suffolk Constabulary,1.152596,52.047908,On or near Bradley Street,E01029968,Ipswich 012A,Anti-social behaviour,,
7dd4ceaaf8bfe441f15bc741d96d863a1e442a302f6047f02bf85ecacd843e33,2026-03,Suffolk Constabulary,Suffolk Constabulary,1.149284,52.048113,On or near Luther Road,E01029968,Ipswich 012A,Criminal damage and arson,Unable to prosecute suspect,
966b0830b4c1c5fac8ffd044e8bf158712954ef87aa8ed083482c593957c2434,2026-03,Suffolk Constabulary,Suffolk Constabulary,1.151842,52.048387,On or near Rectory Road,E01029968,Ipswich 012A,Criminal damage and arson,Investigation complete; no suspect identified,
2625387e50b2bdf3be7995ac13d6033609ad03d6f368186e6c6175cc419b9f9d,2026-03,Suffolk Constabulary,Suffolk Constabulary,1.149242,52.048960,On or near Philip Road,E01029968,Ipswich 012A,Other theft,Unable to prosecute suspect,
07dea3c8f03a2de5cc9b304fb4b5f300af1194d0c3b6113c54e55bf6a79ca0f2,2026-03,Suffolk Constabulary,Suffolk Constabulary,1.150744,52.049576,On or near Selwyn Close,E01029968,Ipswich 012A,Theft from the person,Investigation complete; no suspect identified,
bcc5c6b46ff0b0f7b6a89326a28450cd406a5894a9242d8c1f73bd9cc076cc37,2026-03,Suffolk Constabulary,Suffolk Constabulary,1.148036,52.048003,On or near Belstead Avenue,E01029968,Ipswich 012A,Violence and sexual offences,Under investigation,
0295e7d8933fa260c05866b60f93c27ae412ee4278583c3cb392548cbc833201,2026-03,Suffolk Constabulary,Suffolk Constabulary,1.153563,52.047981,On or near Hartley Street,E01029968,Ipswich 012A,Violence and sexual offences,Unable to prosecute suspect,
73f70cf638864a1627e2f2e3dff4ec0c742d9c972fa603c647d1e56da603af9c,2026-03,Suffolk Constabulary,Suffolk Constabulary,1.155180,52.048567,On or near Vaughan Street,E01029968,Ipswich 012A,Violence and sexual offences,Investigation complete; no suspect identified,
02b3ea94c0974642b1569b91c5d366bfbd25f33dd2a3e38cac637970a45bd46a,2026-03,Suffolk Constabulary,Suffolk Constabulary,1.150744,52.048551,On or near Martin Road,E01029968,Ipswich 012A,Violence and sexual offences,Unable to prosecute suspect,
,2026-03,Suffolk Constabulary,Suffolk Constabulary,1.152371,52.041204,On or near Wherstead Road,E01029969,Ipswich 012B,Anti-social behaviour,,
,2026-03,Suffolk Constabulary,Suffolk Constabulary,1.153592,52.044041,On or near A137,E01029969,Ipswich 012B,Anti-social behaviour,,
55e8a27436ba476a87f3b789b621bb8c678130e31b2d4fb8f94642e2e621f75c,2026-03,Suffolk Constabulary,Suffolk Constabulary,1.153592,52.044041,On or near A137,E01029969,Ipswich 012B,Vehicle crime,Suspect charged as part of another case,
c9c8340253d51b0dc121f8a6fe6ce575ce7d6dc64aea83de7bf3feee86d7f395,2026-03,Suffolk Constabulary,Suffolk Constabulary,1.153592,52.044041,On or near A137,E01029969,Ipswich 012B,Vehicle crime,Suspect charged as part of another case,
1d99fc1057825179ac681df2b13d60f233704bd1238fb2ace235692446d3e88d,2026-03,Suffolk Constabulary,Suffolk Constabulary,1.153592,52.044041,On or near A137,E01029969,Ipswich 012B,Vehicle crime,Unable to prosecute suspect,
dbef3ebf13ded9d946512d7e131aba6995ca4f16ca159ebb6cfad3d60b181945,2026-03,Suffolk Constabulary,Suffolk Constabulary,1.153592,52.044041,On or near A137,E01029969,Ipswich 012B,Vehicle crime,Awaiting court outcome,
5d014753ef2dd62b5619435bb20ef67546f6f719a383f7e7f98fdd78833382ea,2026-03,Suffolk Constabulary,Suffolk Constabulary,1.153592,52.044041,On or near A137,E01029969,Ipswich 012B,Vehicle crime,Unable to prosecute suspect,
7ec4169f486ca3c53df54d45221bf1fba0a58e3333c0f3a17115c3f258ccb580,2026-03,Suffolk Constabulary,Suffolk Constabulary,1.153592,52.044041,On or near A137,E01029969,Ipswich 012B,Vehicle crime,Suspect charged as part of another case,
0ad1d2e076acde20c135207093949ab691c37bcee780803b249c888a1ceac664,2026-03,Suffolk Constabulary,Suffolk Constabulary,1.153592,52.044041,On or near A137,E01029969,Ipswich 012B,Vehicle crime,Unable to prosecute suspect,
396ce02ad6e2cb10cd14c557a4dec74f9e7c5c473d22b2893551abefa6c1c4a9,2026-03,Suffolk Constabulary,Suffolk Constabulary,1.152371,52.041204,On or near Wherstead Road,E01029969,Ipswich 012B,Violence and sexual offences,Unable to prosecute suspect,
47f1737510bf602099b052c5555eeecff2028e73cac8b9191579be6729a62b5f,2026-03,Suffolk Constabulary,Suffolk Constabulary,1.147381,52.044693,On or near La Salle Close,E01029970,Ipswich 012C,Other theft,Under investigation,
5c4042a560f7de85fc1f03606b482df69a927190fdefb24248b7004d769f672d,2026-03,Suffolk Constabulary,Suffolk Constabulary,1.153893,52.045616,On or near Bromley Close,E01029970,Ipswich 012C,Other theft,Investigation complete; no suspect identified,
520596006d24500b9c1502c424495d9a68787ce701844b9c3f1cd56873281ec1,2026-03,Suffolk Constabulary,Suffolk Constabulary,1.148370,52.044450,On or near Maidenhall Approach,E01029970,Ipswich 012C,Public order,Action to be taken by another organisation,
f394a7f3e2544a9cbda2ca6ecc9c7f847eb2f3b20802cb176b1ea533d18b28c9,2026-03,Suffolk Constabulary,Suffolk Constabulary,1.144598,52.045783,On or near Rowanhayes Close,E01029970,Ipswich 012C,Public order,Unable to prosecute suspect,
b63a67df5d52f83bb687e6ee7212a82dac7b01f769b8dccb2db3781f89ec85ac,2026-03,Suffolk Constabulary,Suffolk Constabulary,1.152312,52.045955,On or near Worsdell Close,E01029970,Ipswich 012C,Vehicle crime,Suspect charged as part of another case,
a29f3347fddc7f3d229c8e4dd97c28bebeeb34a061dba330e841672a3600a5fd,2026-03,Suffolk Constabulary,Suffolk Constabulary,1.148370,52.044450,On or near Maidenhall Approach,E01029970,Ipswich 012C,Violence and sexual offences,Under investigation,
97e132d48629af3f21ce2a60da47a508124f0fbf80f486b8cac2651dae331b14,2026-03,Suffolk Constabulary,Suffolk Constabulary,1.152901,52.046443,On or near Little Croft Street,E01029970,Ipswich 012C,Violence and sexual offences,Under investigation,
7c51e98ffda050583bffecba00ba83718b85849b477a6ea390e6d1be1c115d92,2026-03,Suffolk Constabulary,Suffolk Constabulary,1.148370,52.044450,On or near Maidenhall Approach,E01029970,Ipswich 012C,Violence and sexual offences,Under investigation,
7189fd19bbe8ae43762c61323c3df631961eee259f69230e567ee327f1fd9aa1,2026-03,Suffolk Constabulary,Suffolk Constabulary,1.153383,52.046870,On or near Webb Street,E01029970,Ipswich 012C,Violence and sexual offences,Investigation complete; no suspect identified,
e4619a35b96dede84ac12632a7ef9015f0ffc357300e52e81b8359b715d5d84d,2026-03,Suffolk Constabulary,Suffolk Constabulary,1.148370,52.044450,On or near Maidenhall Approach,E01029970,Ipswich 012C,Violence and sexual offences,Unable to prosecute suspect,
1901366a468577a9ebda0123465b84e64a3d8acafa235e685090fb9af3db5f88,2026-03,Suffolk Constabulary,Suffolk Constabulary,1.140631,52.044126,On or near Thornhayes Close,E01029970,Ipswich 012C,Violence and sexual offences,Unable to prosecute suspect,
,2026-03,Suffolk Constabulary,Suffolk Constabulary,1.145294,52.040108,On or near Halifax Road,E01029971,Ipswich 012D,Anti-social behaviour,,
85d812e830a06614968d9dcf3f1423841f4ab9815fd72f196fb0d9655acf0851,2026-03,Suffolk Constabulary,Suffolk Constabulary,1.146383,52.041499,On or near Maidenhall Green,E01029971,Ipswich 012D,Violence and sexual offences,Unable to prosecute suspect,
a371ca499b69a58187d8c5533f086b6cecd47170f13105351488827f17fc2ca1,2026-03,Suffolk Constabulary,Suffolk Constabulary,1.142348,52.039907,On or near Montgomery Road,E01029971,Ipswich 012D,Violence and sexual offences,Under investigation,
4e5e31032f8b27f47033e8dea645561bd3195f50a580f0bab3b4bac9fec6f337,2026-03,Suffolk Constabulary,Suffolk Constabulary,1.141702,52.040680,On or near Blickling Close,E01029971,Ipswich 012D,Violence and sexual offences,Unable to prosecute suspect,
e1e4c21520606b9b29124bd9c8e84ea2df83b4aafdc03a7f2cdb569a12452dac,2026-03,Suffolk Constabulary,Suffolk Constabulary,1.145294,52.040108,On or near Halifax Road,E01029971,Ipswich 012D,Violence and sexual offences,Under investigation,
0d6b210de5e80f74aad82559ee2e267aeeb1d41057f2f336d8b41d6e7b126865,2026-03,Suffolk Constabulary,Suffolk Constabulary,1.145527,52.042593,On or near Brecon Close,E01029971,Ipswich 012D,Violence and sexual offences,Action to be taken by another organisation,
f471db8f06980b03d074b7431f33e4046c7256a38623fd488cb4e2ba02bc097b,2026-03,Suffolk Constabulary,Suffolk Constabulary,1.145527,52.042593,On or near Brecon Close,E01029971,Ipswich 012D,Violence and sexual offences,Action to be taken by another organisation,
339c57df866111069821f02498b5403ac86aac48bea1d14f2dde2f5a0b95408c,2026-03,Suffolk Constabulary,Suffolk Constabulary,1.145527,52.042593,On or near Brecon Close,E01029971,Ipswich 012D,Other crime,Further investigation is not in the public interest,
,2026-03,Suffolk Constabulary,Suffolk Constabulary,1.153545,52.044815,On or near Johnson Close,E01033122,Ipswich 012F,Anti-social behaviour,,
,2026-03,Suffolk Constabulary,Suffolk Constabulary,1.155896,52.046308,On or near Peppercorn Way,E01033122,Ipswich 012F,Anti-social behaviour,,
,2026-03,Suffolk Constabulary,Suffolk Constabulary,1.156696,52.050199,On or near Barnard Square,E01033122,Ipswich 012F,Anti-social behaviour,,
517302d92d6038b434b252e6a62bcb926ba20043c662b60be1d86857b9349a16,2026-03,Suffolk Constabulary,Suffolk Constabulary,1.156696,52.050199,On or near Barnard Square,E01033122,Ipswich 012F,Bicycle theft,Investigation complete; no suspect identified,
be07bcafb7c2ecbdb143bbc0baaced1ae3c04d8b0a6d4504b068a1efe263a2d8,2026-03,Suffolk Constabulary,Suffolk Constabulary,1.153545,52.044815,On or near Johnson Close,E01033122,Ipswich 012F,Criminal damage and arson,Investigation complete; no suspect identified,
d99c43a237f1766eefb07a78044a2aa729c6cf1eedd17cb16ab072550e0d8755,2026-03,Suffolk Constabulary,Suffolk Constabulary,1.155771,52.045979,On or near Gresley Gardens,E01033122,Ipswich 012F,Criminal damage and arson,Investigation complete; no suspect identified,
1fb3782b1a20d8697c056ea69118693ca143d4401bdf70ac8207bd1d38f750d7,2026-03,Suffolk Constabulary,Suffolk Constabulary,1.156696,52.050199,On or near Barnard Square,E01033122,Ipswich 012F,Drugs,Awaiting court outcome,
2973c141475b8ac32bd016d55c0ed20b25d492c869c9c50a98ecc977f20f6c09,2026-03,Suffolk Constabulary,Suffolk Constabulary,1.157612,52.046029,On or near Jamestown Boulevard,E01033122,Ipswich 012F,Other theft,Investigation complete; no suspect identified,
e8b00b7e2085544abb72dcf862644687d325ffb94a32d4f98c8ea96ca6952f51,2026-03,Suffolk Constabulary,Suffolk Constabulary,1.154702,52.043858,On or near Harland Street,E01033122,Ipswich 012F,Public order,Local resolution,
0e85ba4e3d6d771b279cc2b0747fae43067a61321bc24925852a1b71afcdbdc5,2026-03,Suffolk Constabulary,Suffolk Constabulary,1.158585,52.046992,On or near Bath Street,E01033122,Ipswich 012F,Public order,Investigation complete; no suspect identified,
e7434166f6d00ae87ba9d9b3ff3267a5a3977e87e7838211af83a501b71a6ed6,2026-03,Suffolk Constabulary,Suffolk Constabulary,1.156927,52.047072,On or near Hawes Street,E01033122,Ipswich 012F,Public order,Awaiting court outcome,
899b3c0b5564ce7643999741b4823cf54fb1703b980c6423f10b472da69af5b0,2026-03,Suffolk Constabulary,Suffolk Constabulary,1.152779,52.045124,On or near Bruff Road,E01033122,Ipswich 012F,Public order,Unable to prosecute suspect,
c3ab97bd067d9043e2a080d396f5c7b0048d3db9d40ef28dc9cd1d5c5f29d9fa,2026-03,Suffolk Constabulary,Suffolk Constabulary,1.155465,52.049090,On or near Supermarket,E01033122,Ipswich 012F,Shoplifting,Investigation complete; no suspect identified,
1ef0185042f7eb8a0f8bba198a2142d2713dff308fd4c96c2e36c77fbead6a35,2026-03,Suffolk Constabulary,Suffolk Constabulary,1.155465,52.049090,On or near Supermarket,E01033122,Ipswich 012F,Shoplifting,Awaiting court outcome,
ad59f0c1e7321b856a159d3e2df182ee081d7018849043a5c5d53b931d34d053,2026-03,Suffolk Constabulary,Suffolk Constabulary,1.155465,52.049090,On or near Supermarket,E01033122,Ipswich 012F,Shoplifting,Investigation complete; no suspect identified,
d2ecdc8bd9f0b03fecd84e4a1698410c67dd0713e39d15ed1d586308c50d74f8,2026-03,Suffolk Constabulary,Suffolk Constabulary,1.155465,52.049090,On or near Supermarket,E01033122,Ipswich 012F,Shoplifting,Investigation complete; no suspect identified,
fa8abd6cace28ecb5a097969ecf5afdb335a99b3655d3cec713912c2df0e944f,2026-03,Suffolk Constabulary,Suffolk Constabulary,1.155465,52.049090,On or near Supermarket,E01033122,Ipswich 012F,Shoplifting,Awaiting court outcome,
74c5d4d90ff25fbcddfc5ae5ebd63adb1d1e6620d3a649dbff41c9f7a0e07936,2026-03,Suffolk Constabulary,Suffolk Constabulary,1.155465,52.049090,On or near Supermarket,E01033122,Ipswich 012F,Shoplifting,Awaiting court outcome,
29c524db86feefb4ef6e80bb204550d54e6d7c380fc15e067842aa9225793e8e,2026-03,Suffolk Constabulary,Suffolk Constabulary,1.155465,52.049090,On or near Supermarket,E01033122,Ipswich 012F,Shoplifting,Awaiting court outcome,
5f5fc4a5f9fb869eab1ad5f19521a9ef7167d80d7803699fe0f7465c6070709f,2026-03,Suffolk Constabulary,Suffolk Constabulary,1.155465,52.049090,On or near Supermarket,E01033122,Ipswich 012F,Shoplifting,Investigation complete; no suspect identified,
cde88a40805530eab5af5a5155facf7a30b227ad716eb00ccc392f84de0d4903,2026-03,Suffolk Constabulary,Suffolk Constabulary,1.155465,52.049090,On or near Supermarket,E01033122,Ipswich 012F,Shoplifting,Investigation complete; no suspect identified,
a70129981199c862bbe384d18886c4d64a410f3f2247ac899d9866e9e4c7c80b,2026-03,Suffolk Constabulary,Suffolk Constabulary,1.155465,52.049090,On or near Supermarket,E01033122,Ipswich 012F,Shoplifting,Investigation complete; no suspect identified,
b426a7d0d463a55b8721871b3d1219b494b8aa71397c6a8024310935964778c8,2026-03,Suffolk Constabulary,Suffolk Constabulary,1.155465,52.049090,On or near Supermarket,E01033122,Ipswich 012F,Shoplifting,Awaiting court outcome,
dac6a925cb9d8cefb3697d33ba44beff5d4188d06389b08ba74f20c78e039594,2026-03,Suffolk Constabulary,Suffolk Constabulary,1.155465,52.049090,On or near Supermarket,E01033122,Ipswich 012F,Shoplifting,Investigation complete; no suspect identified,
8f5c040264d09ab7f58fd49b3416fdae73b62ba0caeee15eb334289176e324d2,2026-03,Suffolk Constabulary,Suffolk Constabulary,1.155465,52.049090,On or near Supermarket,E01033122,Ipswich 012F,Shoplifting,Investigation complete; no suspect identified,
02abce00f2bd67041a1b7f90de19036f99a039cd836baeefd19113dbe3f634c4,2026-03,Suffolk Constabulary,Suffolk Constabulary,1.155465,52.049090,On or near Supermarket,E01033122,Ipswich 012F,Shoplifting,Investigation complete; no suspect identified,
cca72ee584b9fa0b5d2b53fc84b8ecc3507113b1b6b0adeee41955c21eaf2aa0,2026-03,Suffolk Constabulary,Suffolk Constabulary,1.155465,52.049090,On or near Supermarket,E01033122,Ipswich 012F,Shoplifting,Unable to prosecute suspect,
122b60273b6362432f51b20ad6ca2badcfd47b730bc2aec38a75a43e00ea01fc,2026-03,Suffolk Constabulary,Suffolk Constabulary,1.155465,52.049090,On or near Supermarket,E01033122,Ipswich 012F,Shoplifting,Investigation complete; no suspect identified,
3e656057666d948511c388dd1d4481dca86df9aea32b0bc25abc47501a72eadd,2026-03,Suffolk Constabulary,Suffolk Constabulary,1.155465,52.049090,On or near Supermarket,E01033122,Ipswich 012F,Shoplifting,Awaiting court outcome,
98658d889def04d01622a7f1d9bb06df58a806917a7d048751a9abfc17c095f8,2026-03,Suffolk Constabulary,Suffolk Constabulary,1.155465,52.049090,On or near Supermarket,E01033122,Ipswich 012F,Shoplifting,Awaiting court outcome,
94e097ef05cb6b32a44c090c5c3404b7e02d0ff7a1aba077bfab738e0ac9d321,2026-03,Suffolk Constabulary,Suffolk Constabulary,1.156758,52.049433,On or near Bulstrode Road,E01033122,Ipswich 012F,Violence and sexual offences,Action to be taken by another organisation,
20a9c94784e7422b646009c61def6653245dec54e4ba8f9c0cb5b175c7e69967,2026-03,Suffolk Constabulary,Suffolk Constabulary,1.156696,52.050199,On or near Barnard Square,E01033122,Ipswich 012F,Violence and sexual offences,Under investigation,
cc5895ba92b168f78d681fc76716b281491c3e30a4c2a68d150c8180ce0d619e,2026-03,Suffolk Constabulary,Suffolk Constabulary,1.154702,52.043858,On or near Harland Street,E01033122,Ipswich 012F,Violence and sexual offences,Unable to prosecute suspect,
2f7f8830a93758fb1a512012d3229609a4b2e7743a099c1b0194df4d68a38aa0,2026-03,Suffolk Constabulary,Suffolk Constabulary,1.156696,52.050199,On or near Barnard Square,E01033122,Ipswich 012F,Violence and sexual offences,Unable to prosecute suspect,
c2cf7282e8449e245bc1a08472a46e1fc87582bc0c9f9a04cc54900c7441644e,2026-03,Suffolk Constabulary,Suffolk Constabulary,1.155896,52.046308,On or near Peppercorn Way,E01033122,Ipswich 012F,Violence and sexual offences,Awaiting court outcome,
7fa3d84c03c5631996927254884f0ef35b69e30b4dd7540960354cfc6b53c1aa,2026-03,Suffolk Constabulary,Suffolk Constabulary,1.153545,52.044815,On or near Johnson Close,E01033122,Ipswich 012F,Violence and sexual offences,Unable to prosecute suspect,
7b03d4b1685f6946eef83142a48c34531e97e9b4a35943339c71af085d808730,2026-03,Suffolk Constabulary,Suffolk Constabulary,1.155379,52.050558,On or near Gower Street,E01033122,Ipswich 012F,Violence and sexual offences,Unable to prosecute suspect,
e1f7e3365d04df0ce4dc88173f20a0d7f4d74e3a875e225ff5bed3469bfacc86,2026-03,Suffolk Constabulary,Suffolk Constabulary,1.155465,52.049090,On or near Supermarket,E01033122,Ipswich 012F,Other crime,Unable to prosecute suspect,
13bca30747d5c9816e7b6d61fa8b24ce87127a6d8ad6de786ca5ef31cfe2dcce,2026-03,Suffolk Constabulary,Suffolk Constabulary,1.155040,52.051341,On or near Dock Street,E01033130,Ipswich 012G,Other theft,Investigation complete; no suspect identified,
0a7260903c13f3f59be4e1c2765539937b155e57fd9ea11487fb6fe56cb6a556,2026-03,Suffolk Constabulary,Suffolk Constabulary,1.154482,52.049422,On or near Austin Street,E01033130,Ipswich 012G,Possession of weapons,Unable to prosecute suspect,
309bd4b81191782ea18695f4d14fac4205265d60b59ebdd34672a1aa74d3ee5d,2026-03,Suffolk Constabulary,Suffolk Constabulary,1.152952,52.050686,On or near Stoke Street,E01033130,Ipswich 012G,Public order,Under investigation,
f46485b970078e0c2bb60921091c7b1ec1591040eb6762a89db141b063189cd5,2026-03,Suffolk Constabulary,Suffolk Constabulary,1.154482,52.049422,On or near Austin Street,E01033130,Ipswich 012G,Public order,Unable to prosecute suspect,
e100996702fccd6c9d8e27bf7edd7a1b37886ae4eb80d36209df29fd4b451008,2026-03,Suffolk Constabulary,Suffolk Constabulary,1.148810,52.050698,On or near Burrell Road,E01033130,Ipswich 012G,Violence and sexual offences,Local resolution,
cabc9f6e28cf26c837ca95e915a8c4b5b02dcfc8a531f59952618a68dbade193,2026-03,Suffolk Constabulary,Suffolk Constabulary,1.149204,52.050706,On or near B1073,E01033130,Ipswich 012G,Violence and sexual offences,Under investigation,
9f4deddfb4583d2ce4b778844f25587f1a78f81b40c635827e8ea763cc5fc850,2026-03,Suffolk Constabulary,Suffolk Constabulary,1.149204,52.050706,On or near B1073,E01033130,Ipswich 012G,Violence and sexual offences,Unable to prosecute suspect,
7af7f5cf7264627181806a50692161bc3336b059c7504c8116c65c678828cd4f,2026-03,Suffolk Constabulary,Suffolk Constabulary,1.154482,52.049422,On or near Austin Street,E01033130,Ipswich 012G,Other crime,Unable to prosecute suspect,
bffc7c9e24d85d7e1e7bcfcf23394a93849868992d9c52c2cc248d0ef42a4979,2026-03,Suffolk Constabulary,Suffolk Constabulary,1.125184,52.044322,On or near Bittern Close,E01030012,Ipswich 013A,Criminal damage and arson,Local resolution,
c398dbe73eb0f7c4671b1030697ee1d70a89119dba6b57210ad4e47e2e58abd3,2026-03,Suffolk Constabulary,Suffolk Constabulary,1.124326,52.042896,On or near Plover Road,E01030012,Ipswich 013A,Other theft,Local resolution,
41ac2af83295fa083408479717cb64a3673bee584b7799619d1702de39601e95,2026-03,Suffolk Constabulary,Suffolk Constabulary,1.122807,52.043494,On or near Grebe Close,E01030012,Ipswich 013A,Public order,Unable to prosecute suspect,
f69ee58588f9b64bbd39661f214d83b1e91623174b2474a5113b4ce54b3baf26,2026-03,Suffolk Constabulary,Suffolk Constabulary,1.123919,52.043537,On or near Tern Road,E01030012,Ipswich 013A,Violence and sexual offences,Unable to prosecute suspect,
8ea81ef96802cc54bf2777a72edb33efdb748ca070d7faff21311ecc40a51dc0,2026-03,Suffolk Constabulary,Suffolk Constabulary,1.122807,52.043494,On or near Grebe Close,E01030012,Ipswich 013A,Violence and sexual offences,Investigation complete; no suspect identified,
4e2db8c69d425188604329b0045c4d0b3968a1713500885d5a37fad6caf0d6bf,2026-03,Suffolk Constabulary,Suffolk Constabulary,1.122387,52.042066,On or near Sheldrake Drive,E01030012,Ipswich 013A,Violence and sexual offences,Unable to prosecute suspect,
32ac0bde8eeb491d074f9987640b8ba511aa5d9ea9f548e728ab8e7b432bca17,2026-03,Suffolk Constabulary,Suffolk Constabulary,1.126710,52.046323,On or near Marsh Terrace,E01030012,Ipswich 013A,Violence and sexual offences,Offender given a caution,
a8cc1508bae171c173c945d45537e3b65b6ec03b96b14471807a17f82b0adbe7,2026-03,Suffolk Constabulary,Suffolk Constabulary,1.123919,52.043537,On or near Tern Road,E01030012,Ipswich 013A,Violence and sexual offences,Unable to prosecute suspect,
c39a4d73596eab853e36741be538c16cb5be941a274990a2131be3780d005e7c,2026-03,Suffolk Constabulary,Suffolk Constabulary,1.123923,52.045263,On or near Kittiwake Close,E01030012,Ipswich 013A,Violence and sexual offences,Unable to prosecute suspect,
,2026-03,Suffolk Constabulary,Suffolk Constabulary,1.119716,52.046652,On or near Kingfisher Avenue,E01030013,Ipswich 013B,Anti-social behaviour,,
,2026-03,Suffolk Constabulary,Suffolk Constabulary,1.115863,52.047662,On or near Wren Avenue,E01030013,Ipswich 013B,Anti-social behaviour,,
8671caf59bd58b2a80ddce1c8e30cd6aea6891968c3fb39b962544aae5501bf1,2026-03,Suffolk Constabulary,Suffolk Constabulary,1.118265,52.046340,On or near Whinchat Close,E01030013,Ipswich 013B,Criminal damage and arson,Investigation complete; no suspect identified,
fa79e49ed27faf508ba208085d47a54773c5732c8246180a65d789b11ccd7981,2026-03,Suffolk Constabulary,Suffolk Constabulary,1.117042,52.049511,On or near Linnet Road,E01030013,Ipswich 013B,Other theft,Investigation complete; no suspect identified,
06570f72f51da5f219a3cb480a5c5456e6b2e0227717464f9d1e4404d82874f0,2026-03,Suffolk Constabulary,Suffolk Constabulary,1.121719,52.044827,On or near Gannet Road,E01030013,Ipswich 013B,Public order,Unable to prosecute suspect,
39af0f3451e9e8090a5ae6d35bbc8190b0c10b5ccfc4ff7e09ce081a9be79294,2026-03,Suffolk Constabulary,Suffolk Constabulary,1.117657,52.047867,On or near Robin Drive,E01030013,Ipswich 013B,Public order,Investigation complete; no suspect identified,
e3b764040dbb689b07683e720ec5af12e454ba487276d5c990aef255a25f565b,2026-03,Suffolk Constabulary,Suffolk Constabulary,1.117657,52.047867,On or near Robin Drive,E01030013,Ipswich 013B,Public order,Unable to prosecute suspect,
d17a000d38fe9272e0987f3258b74cd7e47a14aea6f9602cce7f936781011d06,2026-03,Suffolk Constabulary,Suffolk Constabulary,1.123009,52.046260,On or near Supermarket,E01030013,Ipswich 013B,Shoplifting,Investigation complete; no suspect identified,
c1c99dad9c870f4ab633fb61e9c41e12229f34d6e885b24ede117fef63dcff4b,2026-03,Suffolk Constabulary,Suffolk Constabulary,1.123009,52.046260,On or near Supermarket,E01030013,Ipswich 013B,Shoplifting,Awaiting court outcome,
15fe0e0c74797e05fc2628feeb1cfe8a265d3e73a04fa8ff02823b1fa18c1d00,2026-03,Suffolk Constabulary,Suffolk Constabulary,1.123009,52.046260,On or near Supermarket,E01030013,Ipswich 013B,Shoplifting,Investigation complete; no suspect identified,
cd547721440f5476df0cb72a32e7868e4e32264962af65a699d8ff48734b483d,2026-03,Suffolk Constabulary,Suffolk Constabulary,1.119520,52.047808,On or near Partridge Road,E01030013,Ipswich 013B,Violence and sexual offences,Unable to prosecute suspect,
7a6a30b561c4fbd2e30f21afda53441abefe6016d6adee04dfc0984b9de3a3ea,2026-03,Suffolk Constabulary,Suffolk Constabulary,1.115863,52.047662,On or near Wren Avenue,E01030013,Ipswich 013B,Violence and sexual offences,Under investigation,
ece7ecc762ad5eaf08cb156e025e5c1ae5e1f9641bd31a829710acb2af8e7feb,2026-03,Suffolk Constabulary,Suffolk Constabulary,1.119520,52.047808,On or near Partridge Road,E01030013,Ipswich 013B,Violence and sexual offences,Under investigation,
177af9f415318d8d7a6242842f430c3e3fa54d248ac4839885fecf0203e2273c,2026-03,Suffolk Constabulary,Suffolk Constabulary,1.121719,52.044827,On or near Gannet Road,E01030013,Ipswich 013B,Violence and sexual offences,Unable to prosecute suspect,
c4ae0152cbd846c4bcf9f08d94a39532c6ae1d8b7d2662e6810c74cd4e6ae511,2026-03,Suffolk Constabulary,Suffolk Constabulary,1.119716,52.046652,On or near Kingfisher Avenue,E01030013,Ipswich 013B,Other crime,Further investigation is not in the public interest,
4bd714e53960019d59a574fe0617db3cb9513e2c75d8e32403ce912a24bce878,2026-03,Suffolk Constabulary,Suffolk Constabulary,1.110869,52.044854,On or near Goldcrest Road,E01030014,Ipswich 013C,Violence and sexual offences,Local resolution,
edf615cbb7ea468c3938fa9f48ba1af8bc128ca1de2216dcd3635621629d97f8,2026-03,Suffolk Constabulary,Suffolk Constabulary,1.113232,52.045493,On or near Greenfinch Avenue,E01030014,Ipswich 013C,Violence and sexual offences,Unable to prosecute suspect,
,2026-03,Suffolk Constabulary,Suffolk Constabulary,1.116901,52.036599,On or near Ellenbrook Close,E01030015,Ipswich 013D,Anti-social behaviour,,
b0df2fd36a50ca02148d9c5b2d94a6ef50e4588a94d5f71857dadad84c7cfd83,2026-03,Suffolk Constabulary,Suffolk Constabulary,1.115891,52.038209,On or near Petrol Station,E01030015,Ipswich 013D,Other theft,Investigation complete; no suspect identified,
2b345cc98d39d70ba219253d7e3bb6e949d378687e02058b2151b81ab4a208b0,2026-03,Suffolk Constabulary,Suffolk Constabulary,1.117486,52.038716,On or near Supermarket,E01030015,Ipswich 013D,Public order,Unable to prosecute suspect,
5d82bc722789591cb93e1514cc8c69522c2156370e82dc18fc7244f9ae6f441e,2026-03,Suffolk Constabulary,Suffolk Constabulary,1.115891,52.038209,On or near Petrol Station,E01030015,Ipswich 013D,Public order,Unable to prosecute suspect,
f976d85bb5e9ffd5dfe6c372a08d8805d107ac1ed062f66ffc6f7fc49813b297,2026-03,Suffolk Constabulary,Suffolk Constabulary,1.117486,52.038716,On or near Supermarket,E01030015,Ipswich 013D,Shoplifting,Awaiting court outcome,
15300767785efc472c94cb206050d161106e8b59c67ec18d8d211d41bc8b59b1,2026-03,Suffolk Constabulary,Suffolk Constabulary,1.117486,52.038716,On or near Supermarket,E01030015,Ipswich 013D,Shoplifting,Investigation complete; no suspect identified,
deab90e3a78b99849b710b8eb128b3210fa7ce60b8541c121d9bbd0885aa4e7f,2026-03,Suffolk Constabulary,Suffolk Constabulary,1.117486,52.038716,On or near Supermarket,E01030015,Ipswich 013D,Shoplifting,Awaiting court outcome,
544c600ce37264916f3426e8ae8a32b374260bfcfd666c7a576b5aedb9cd9f7a,2026-03,Suffolk Constabulary,Suffolk Constabulary,1.117486,52.038716,On or near Supermarket,E01030015,Ipswich 013D,Shoplifting,Investigation complete; no suspect identified,
6abd3cd196d74d5fa920417b7a4538be4d6073ee49f1c8b531dddee87eceaa37,2026-03,Suffolk Constabulary,Suffolk Constabulary,1.117486,52.038716,On or near Supermarket,E01030015,Ipswich 013D,Shoplifting,Under investigation,
8bdb5560ae1af05f428d05143e563f36fa1ab3fe3856c2d0353500d3de718db0,2026-03,Suffolk Constabulary,Suffolk Constabulary,1.117486,52.038716,On or near Supermarket,E01030015,Ipswich 013D,Shoplifting,Investigation complete; no suspect identified,
1541fa9ea3145fe195f44e30cb142f41d39e52e3cc8c5ed4db228de4a6fad1e5,2026-03,Suffolk Constabulary,Suffolk Constabulary,1.117486,52.038716,On or near Supermarket,E01030015,Ipswich 013D,Shoplifting,Awaiting court outcome,
79600609c743e6312d5d3df5f9dc9e3148a05c6156017a13ee50a35fd1bb419e,2026-03,Suffolk Constabulary,Suffolk Constabulary,1.115891,52.038209,On or near Petrol Station,E01030015,Ipswich 013D,Vehicle crime,Investigation complete; no suspect identified,
01aab20991e60bce149741b52aed6df867ee58dfe249ef56efba38568a86cc50,2026-03,Suffolk Constabulary,Suffolk Constabulary,1.115891,52.038209,On or near Petrol Station,E01030015,Ipswich 013D,Violence and sexual offences,Unable to prosecute suspect,
01c84ba7c4ac2d82246ec7a565e1543e6ba71d55e5d64107ab43daf8f42b3526,2026-03,Suffolk Constabulary,Suffolk Constabulary,1.111480,52.041483,On or near Ashton Close,E01030015,Ipswich 013D,Violence and sexual offences,Unable to prosecute suspect,
e26281583b14f04cb6fdfd8826d6af6af89727557a3ba250f705065c65a509c6,2026-03,Suffolk Constabulary,Suffolk Constabulary,1.117486,52.038716,On or near Supermarket,E01030015,Ipswich 013D,Violence and sexual offences,Awaiting court outcome,
a33822408dedcb7826401cb5073cd590a368c2ef9fcb5561e2efb51dec9843f5,2026-03,Suffolk Constabulary,Suffolk Constabulary,1.117486,52.038716,On or near Supermarket,E01030015,Ipswich 013D,Other crime,Unable to prosecute suspect,
4812b7695fffd193923916036bc8657d150277740d81499d59891857b4722214,2026-03,Suffolk Constabulary,Suffolk Constabulary,1.120717,52.039655,On or near Barton Close,E01030016,Ipswich 013E,Violence and sexual offences,Under investigation,
cdebc280f5d9d41f3c43705f7820f0f33a25b32f52db5da1e51aa16e1ac3ec8a,2026-03,Suffolk Constabulary,Suffolk Constabulary,1.117459,52.040623,On or near Monton Rise,E01030016,Ipswich 013E,Violence and sexual offences,Action to be taken by another organisation,
51b720ee2baffa0f403abd82bdc5481c7d1efcd0d703b0e9e8fc8dc4f3480753,2026-03,Suffolk Constabulary,Suffolk Constabulary,1.118297,52.043443,On or near Royston Drive,E01030016,Ipswich 013E,Violence and sexual offences,Unable to prosecute suspect,
bb9b11d2d0d9e62bf1bc86a86d82dd17b92e9357adab553415fe34adb28380a1,2026-03,Suffolk Constabulary,Suffolk Constabulary,1.114402,52.043015,On or near Denton Close,E01030016,Ipswich 013E,Violence and sexual offences,Investigation complete; no suspect identified,
d2cc91a837bb42ffefd56f321c69f2aee56ae5a67c51f63f2831dcd940e06648,2026-03,Suffolk Constabulary,Suffolk Constabulary,1.118297,52.043443,On or near Royston Drive,E01030016,Ipswich 013E,Violence and sexual offences,Investigation complete; no suspect identified,
f2948fab7deb4b7e00648fe36a11bbb68a278b2802bea5467b328fc90e6a6919,2026-03,Suffolk Constabulary,Suffolk Constabulary,1.192154,52.039296,On or near Serpentine Road,E01029994,Ipswich 014B,Burglary,Unable to prosecute suspect,
747f4422539672b3ba99d820204aa78acd1b879a9bd134796c0322fe62035360,2026-03,Suffolk Constabulary,Suffolk Constabulary,1.190698,52.038310,On or near Beatty Road,E01029994,Ipswich 014B,Criminal damage and arson,Unable to prosecute suspect,
aee073e8805b341d6b58fdb4897f41773fa220c1e27432375c37fb90582e7cae,2026-03,Suffolk Constabulary,Suffolk Constabulary,1.189958,52.039382,On or near Rands Way,E01029994,Ipswich 014B,Criminal damage and arson,Unable to prosecute suspect,
be64f86b1b00003b677e190c496987b1d2e5e50dee099ee1a4db7284e1aaaf23,2026-03,Suffolk Constabulary,Suffolk Constabulary,1.192154,52.039296,On or near Serpentine Road,E01029994,Ipswich 014B,Other theft,Investigation complete; no suspect identified,
0adfdb1c9dc8279f64acd4be85be538eed6f1ec4b5037cb5f1bdd3b19e88aaa5,2026-03,Suffolk Constabulary,Suffolk Constabulary,1.192154,52.039296,On or near Serpentine Road,E01029994,Ipswich 014B,Other theft,Investigation complete; no suspect identified,
4f5a0b35de9769bd9bd81489a3502adc973dc071a4200f136fd929f8bbf432ff,2026-03,Suffolk Constabulary,Suffolk Constabulary,1.191875,52.040904,On or near Recreation Way,E01029994,Ipswich 014B,Other theft,Investigation complete; no suspect identified,
7c4aed400c42380a76335a99272c59adace82c889d68bf1c1d561ee1488ebc2c,2026-03,Suffolk Constabulary,Suffolk Constabulary,1.191802,52.039872,On or near Nansen Road,E01029994,Ipswich 014B,Vehicle crime,Investigation complete; no suspect identified,
752b0e4f1a8145d4e6e299116262b4bb853302c4e359f2d5f2c77f95e5bbd855,2026-03,Suffolk Constabulary,Suffolk Constabulary,1.192154,52.039296,On or near Serpentine Road,E01029994,Ipswich 014B,Vehicle crime,Investigation complete; no suspect identified,
3a673516672526131695d940277f30f90b4a872b8b8fb55672ac9607d330f3cd,2026-03,Suffolk Constabulary,Suffolk Constabulary,1.190698,52.038310,On or near Beatty Road,E01029994,Ipswich 014B,Vehicle crime,Investigation complete; no suspect identified,
70be976bfba461c5b20abe968ac376b8c2ace96f1801b09f917111ad7a023277,2026-03,Suffolk Constabulary,Suffolk Constabulary,1.192154,52.039296,On or near Serpentine Road,E01029994,Ipswich 014B,Violence and sexual offences,Unable to prosecute suspect,
5749d1d929ac62128d00572208df12940116416f39772d84139bc12efbfec74a,2026-03,Suffolk Constabulary,Suffolk Constabulary,1.191875,52.040904,On or near Recreation Way,E01029994,Ipswich 014B,Violence and sexual offences,Unable to prosecute suspect,
ef61169fa45d7726f137fc96dd11160f841aeff04e3fab6af92d6a5fea881869,2026-03,Suffolk Constabulary,Suffolk Constabulary,1.192354,52.038616,On or near Felix Road,E01029994,Ipswich 014B,Violence and sexual offences,Investigation complete; no suspect identified,
917154b27ba5cbb73d07a44843089fcc719fee0b9d5ac14814510e13c50ead36,2026-03,Suffolk Constabulary,Suffolk Constabulary,1.192154,52.039296,On or near Serpentine Road,E01029994,Ipswich 014B,Violence and sexual offences,Unable to prosecute suspect,
022abc4034c63460adc39d24ba7d0fe3d145ceb8df13088c8358aa92296b9497,2026-03,Suffolk Constabulary,Suffolk Constabulary,1.192154,52.039296,On or near Serpentine Road,E01029994,Ipswich 014B,Other crime,Under investigation,
648f7249a79a5db3c98fcfd226d555e99648ce8598c9f5a39938fc0eeeac4ebb,2026-03,Suffolk Constabulary,Suffolk Constabulary,1.181508,52.046896,On or near Hatfield Road,E01029995,Ipswich 014C,Bicycle theft,Investigation complete; no suspect identified,
bef70e28f8b1417d4ca545c65fcd67e517516b21c7201afd44f335025786a7e5,2026-03,Suffolk Constabulary,Suffolk Constabulary,1.182510,52.048145,On or near Supermarket,E01029995,Ipswich 014C,Public order,Awaiting court outcome,
045722b0a1e53a8e34d0cc41f72954fb50969124b49014eb6460730e204d467f,2026-03,Suffolk Constabulary,Suffolk Constabulary,1.182510,52.048145,On or near Supermarket,E01029995,Ipswich 014C,Shoplifting,Investigation complete; no suspect identified,
030fe9a03b220f74a964510990e45cc1c9863d4630572d49260ae185945ab360,2026-03,Suffolk Constabulary,Suffolk Constabulary,1.182510,52.048145,On or near Supermarket,E01029995,Ipswich 014C,Shoplifting,Investigation complete; no suspect identified,
8c8f886286c8690e83251896c57d0573cf633ec60e54bc6e139569f5ed5895ab,2026-03,Suffolk Constabulary,Suffolk Constabulary,1.182510,52.048145,On or near Supermarket,E01029995,Ipswich 014C,Shoplifting,Investigation complete; no suspect identified,
150f3dbad009818cd81d3ab0c17eb0dd76a7abdb741b0893139517d61d7551a3,2026-03,Suffolk Constabulary,Suffolk Constabulary,1.182510,52.048145,On or near Supermarket,E01029995,Ipswich 014C,Shoplifting,Investigation complete; no suspect identified,
f94e79cfa225ebf7f4e0ff38eb22795490f5e1841bd283739ff8f48bea96e3dd,2026-03,Suffolk Constabulary,Suffolk Constabulary,1.182510,52.048145,On or near Supermarket,E01029995,Ipswich 014C,Shoplifting,Investigation complete; no suspect identified,
284ba5a975bc91080f8fc45ce26f4580f86cfd9e1642b84dd741baec1d563c2f,2026-03,Suffolk Constabulary,Suffolk Constabulary,1.182510,52.048145,On or near Supermarket,E01029995,Ipswich 014C,Shoplifting,Investigation complete; no suspect identified,
de8548c2fdc26b1058784fcd26505ba0372f6bf7ec46eeaa7fc53a736a654fed,2026-03,Suffolk Constabulary,Suffolk Constabulary,1.182510,52.048145,On or near Supermarket,E01029995,Ipswich 014C,Shoplifting,Investigation complete; no suspect identified,
ee76bc1b0bd2bb7624f0cda63f5fc8efeac07e15aab94bf688277c406437bde5,2026-03,Suffolk Constabulary,Suffolk Constabulary,1.182510,52.048145,On or near Supermarket,E01029995,Ipswich 014C,Shoplifting,Investigation complete; no suspect identified,
e023c3756bc3f2f0f7428a3b3b5b9ba7a827a9bc7fea45994ebb0b82a723577b,2026-03,Suffolk Constabulary,Suffolk Constabulary,1.182510,52.048145,On or near Supermarket,E01029995,Ipswich 014C,Shoplifting,Investigation complete; no suspect identified,
98c57ea14c06d10289c1c04a461c3fe5118639c7e8b9a0e8362f097bb381cb7c,2026-03,Suffolk Constabulary,Suffolk Constabulary,1.182510,52.048145,On or near Supermarket,E01029995,Ipswich 014C,Shoplifting,Investigation complete; no suspect identified,
7b5b704cd58c8f2b525abaaefb5be0e349caab1d3f4227db8709b92cb7a57d1c,2026-03,Suffolk Constabulary,Suffolk Constabulary,1.182510,52.048145,On or near Supermarket,E01029995,Ipswich 014C,Shoplifting,Investigation complete; no suspect identified,
05d3240b70d5d2e19e3b208f065d6cd48cd91ca3e54d162dff4ebb3e3a80d32d,2026-03,Suffolk Constabulary,Suffolk Constabulary,1.182510,52.048145,On or near Supermarket,E01029995,Ipswich 014C,Shoplifting,Investigation complete; no suspect identified,
d553bca27aea65e276368a1366cc376343e059b89cd27fbc4f1eeb4598bfc792,2026-03,Suffolk Constabulary,Suffolk Constabulary,1.182510,52.048145,On or near Supermarket,E01029995,Ipswich 014C,Shoplifting,Investigation complete; no suspect identified,
b4d41b45819f199396db15a5e0710e6c51262aaf9f203d828a07a4d1542f2fb7,2026-03,Suffolk Constabulary,Suffolk Constabulary,1.182510,52.048145,On or near Supermarket,E01029995,Ipswich 014C,Shoplifting,Investigation complete; no suspect identified,
0e39ae0d23881956fc79160e1ac2ff4c9ac3c0790f52fcb4b3511d76b9a62892,2026-03,Suffolk Constabulary,Suffolk Constabulary,1.182510,52.048145,On or near Supermarket,E01029995,Ipswich 014C,Shoplifting,Investigation complete; no suspect identified,
9f7a95264295b588e5208659bb74a69294953f196596acf617d3d186d426f6d1,2026-03,Suffolk Constabulary,Suffolk Constabulary,1.182510,52.048145,On or near Supermarket,E01029995,Ipswich 014C,Shoplifting,Investigation complete; no suspect identified,
a605126b431292796680efab91de5a618e41bfc5399ad6fe6e07f3ffba2b7fc9,2026-03,Suffolk Constabulary,Suffolk Constabulary,1.182510,52.048145,On or near Supermarket,E01029995,Ipswich 014C,Shoplifting,Investigation complete; no suspect identified,
fab1bd79c3f68382845ac2a06c6474ae17c1bd0c1613c43fadfcd26c035d23c2,2026-03,Suffolk Constabulary,Suffolk Constabulary,1.182510,52.048145,On or near Supermarket,E01029995,Ipswich 014C,Shoplifting,Investigation complete; no suspect identified,
ed6ce72bca28b297fd4efb65b26423450191f88585b40895d94b84f0829f42d5,2026-03,Suffolk Constabulary,Suffolk Constabulary,1.182510,52.048145,On or near Supermarket,E01029995,Ipswich 014C,Shoplifting,Investigation complete; no suspect identified,
8b7c71d6e80d5f3e1b12dbeaabc3e3f02b8029c39b8cc00f8c40aea903755ce7,2026-03,Suffolk Constabulary,Suffolk Constabulary,1.185189,52.045529,On or near Hamilton Road,E01029995,Ipswich 014C,Vehicle crime,Investigation complete; no suspect identified,
d93badf763681aa01d2d4720877253070158de46ee8d44fa74af7a6e80547f47,2026-03,Suffolk Constabulary,Suffolk Constabulary,1.183627,52.047972,On or near Hines Road,E01029995,Ipswich 014C,Vehicle crime,Investigation complete; no suspect identified,
eba0afee7a0b7540212f2b60cf2dc42e9b6ccb9d12e97598f25d6a0c259eae7f,2026-03,Suffolk Constabulary,Suffolk Constabulary,1.188515,52.040825,On or near Queen'S Way,E01029996,Ipswich 014D,Burglary,Investigation complete; no suspect identified,
4e24da2fc21643b2f49c046ad58a709228e3870586c2e06e71f700cd3835c1d2,2026-03,Suffolk Constabulary,Suffolk Constabulary,1.190283,52.040660,On or near Supermarket,E01029996,Ipswich 014D,Shoplifting,Unable to prosecute suspect,
df47effb70b66e0d27c3a54d0f5e408d744d574fc91a767f952df154ab0d23f3,2026-03,Suffolk Constabulary,Suffolk Constabulary,1.190493,52.041976,On or near Franklin Road,E01029996,Ipswich 014D,Vehicle crime,Investigation complete; no suspect identified,
6193073b27a12169d9d6c8bc666bf8c80322f739378cecd6b20e131e88d143ba,2026-03,Suffolk Constabulary,Suffolk Constabulary,1.188515,52.040825,On or near Queen'S Way,E01029996,Ipswich 014D,Violence and sexual offences,Under investigation,
821c9eaa8b5bd23fe0b867f6ed2e0fa5288fa32b2955172d05d11c5e13056a27,2026-03,Suffolk Constabulary,Suffolk Constabulary,1.188168,52.039431,On or near Nacton Crescent,E01029996,Ipswich 014D,Violence and sexual offences,Investigation complete; no suspect identified,
6da7b41f83eda2e5aa3700fedb4db0a53f9bd5c45f7d61c6c554dc034007808d,2026-03,Suffolk Constabulary,Suffolk Constabulary,1.188515,52.040825,On or near Queen'S Way,E01029996,Ipswich 014D,Violence and sexual offences,Action to be taken by another organisation,
75d4c2cd65b4305ac189f99b79d53d8d742857786dc2065b072e497aa6645bc2,2026-03,Suffolk Constabulary,Suffolk Constabulary,1.188515,52.040825,On or near Queen'S Way,E01029996,Ipswich 014D,Violence and sexual offences,Under investigation,
edc0739179124276b346712c8028abc003f6e17adf5f3acebf52df5280ab767e,2026-03,Suffolk Constabulary,Suffolk Constabulary,1.188515,52.040825,On or near Queen'S Way,E01029996,Ipswich 014D,Violence and sexual offences,Under investigation,
bcf7d37bc9424f971ac908c1651d3979a97dbbfab3be346a4228761986c898a5,2026-03,Suffolk Constabulary,Suffolk Constabulary,1.191116,52.043758,On or near Badshah Avenue,E01029996,Ipswich 014D,Violence and sexual offences,Unable to prosecute suspect,
,2026-03,Suffolk Constabulary,Suffolk Constabulary,1.196819,52.029258,On or near Lackford Place,E01033127,Ipswich 014E,Anti-social behaviour,,
,2026-03,Suffolk Constabulary,Suffolk Constabulary,1.199688,52.028191,On or near Havergate Road,E01033127,Ipswich 014E,Anti-social behaviour,,
34c11fd3db031df4acafafb0cc71ddbf2e815295002b2dc83459557aeb902f52,2026-03,Suffolk Constabulary,Suffolk Constabulary,1.192516,52.025966,On or near Dunwich Close,E01033127,Ipswich 014E,Burglary,Investigation complete; no suspect identified,
343bcefb750c1f8f7dd65cfb0f67f9b90c8a98237c956351b7a372fdd2f2281c,2026-03,Suffolk Constabulary,Suffolk Constabulary,1.199688,52.028191,On or near Havergate Road,E01033127,Ipswich 014E,Criminal damage and arson,Awaiting court outcome,
3c97a139accded9ae5ea9df346d361f2c7a1dee392cd164987e4a833cd5813fe,2026-03,Suffolk Constabulary,Suffolk Constabulary,1.208952,52.026221,On or near Parking Area,E01033127,Ipswich 014E,Criminal damage and arson,Investigation complete; no suspect identified,
47f0531042da2dc57f24f7a90625be3b116b4aa668f2a61e7cfba793828af3cf,2026-03,Suffolk Constabulary,Suffolk Constabulary,1.199688,52.028191,On or near Havergate Road,E01033127,Ipswich 014E,Criminal damage and arson,Unable to prosecute suspect,
446d047c0d5f909169ae11941799ef1eb6175645bacfcae9761e75698805c451,2026-03,Suffolk Constabulary,Suffolk Constabulary,1.204559,52.032888,On or near Ransomes Way,E01033127,Ipswich 014E,Drugs,Awaiting court outcome,
debb3e06f2245ade7da2134eb658df174636e2ec8ead463e4d6f322e0e37898b,2026-03,Suffolk Constabulary,Suffolk Constabulary,1.199688,52.028191,On or near Havergate Road,E01033127,Ipswich 014E,Possession of weapons,Unable to prosecute suspect,
c13069ca925e40c8cd9b21c3b93dd0f60b48b6bbcb5dc0df51e14a2f280b6214,2026-03,Suffolk Constabulary,Suffolk Constabulary,1.198938,52.031152,On or near Witney Close,E01033127,Ipswich 014E,Shoplifting,Awaiting court outcome,
5b617b9ba4a8949766875c9d2cb1e3a599998f494c3d3eadfe60e702c42b2a15,2026-03,Suffolk Constabulary,Suffolk Constabulary,1.206503,52.033505,On or near Shopping Area,E01033127,Ipswich 014E,Shoplifting,Unable to prosecute suspect,
a0249f1e3e330f58769eb2eb7d132a5cffb482154d743078030a38970484c905,2026-03,Suffolk Constabulary,Suffolk Constabulary,1.198938,52.031152,On or near Witney Close,E01033127,Ipswich 014E,Shoplifting,Investigation complete; no suspect identified,
5bb945ede42a2d84f884c1da4f7c11a61683cc6c25069ecc32a2c14aeeded3d2,2026-03,Suffolk Constabulary,Suffolk Constabulary,1.198938,52.031152,On or near Witney Close,E01033127,Ipswich 014E,Shoplifting,Awaiting court outcome,
5478bc10d6e6f77ae66349846928bf56ae9c342159273b919e5d24078ef492ee,2026-03,Suffolk Constabulary,Suffolk Constabulary,1.198938,52.031152,On or near Witney Close,E01033127,Ipswich 014E,Shoplifting,Awaiting court outcome,
82e7ec8395430fc3a820f743d85778eec4e2e51ab17623806456f7f66627c9cb,2026-03,Suffolk Constabulary,Suffolk Constabulary,1.198938,52.031152,On or near Witney Close,E01033127,Ipswich 014E,Shoplifting,Awaiting court outcome,
49d30a4e308626d4069e5d1d7c819ede5034d3a676c534548459baa6f02dc768,2026-03,Suffolk Constabulary,Suffolk Constabulary,1.198938,52.031152,On or near Witney Close,E01033127,Ipswich 014E,Shoplifting,Awaiting court outcome,
3e7265281065eaa2a8aa2f3c241faef02876e9702357ef10c183255c8bd80d91,2026-03,Suffolk Constabulary,Suffolk Constabulary,1.198938,52.031152,On or near Witney Close,E01033127,Ipswich 014E,Shoplifting,Investigation complete; no suspect identified,
8d062e1bacc4dbb98007003799d7730cd1424159c5193158fc16f06a7be323aa,2026-03,Suffolk Constabulary,Suffolk Constabulary,1.192516,52.025966,On or near Dunwich Close,E01033127,Ipswich 014E,Vehicle crime,Investigation complete; no suspect identified,
7c5f37bf7aa45b1046c2a679203648da1e4814a74bb1dfd31a3849af6b2a0381,2026-03,Suffolk Constabulary,Suffolk Constabulary,1.196819,52.029258,On or near Lackford Place,E01033127,Ipswich 014E,Vehicle crime,Investigation complete; no suspect identified,
1cfc62d64b1314361d9cd320f0044d96ff2692f72761a2d8796838320c8de382,2026-03,Suffolk Constabulary,Suffolk Constabulary,1.197761,52.026930,On or near Mulberry Road,E01033127,Ipswich 014E,Vehicle crime,Investigation complete; no suspect identified,
227efb0647e57156be5285e3b630c6e95858b38e2a328cdf7a5896e59695c04d,2026-03,Suffolk Constabulary,Suffolk Constabulary,1.190646,52.026925,On or near Elvedon Close,E01033127,Ipswich 014E,Violence and sexual offences,Unable to prosecute suspect,
e24177299cee4c01b619eb3658e9b4533371c0cbab0e42fda02a982088f9ad9f,2026-03,Suffolk Constabulary,Suffolk Constabulary,1.198140,52.029789,On or near Bonny Crescent,E01033127,Ipswich 014E,Violence and sexual offences,Action to be taken by another organisation,
b21adabd49c76f28e29e3b1924fd91f8ac8726fc728f523166be48f24b038479,2026-03,Suffolk Constabulary,Suffolk Constabulary,1.197880,52.026351,On or near Alnesbourn Crescent,E01033127,Ipswich 014E,Violence and sexual offences,Unable to prosecute suspect,
f9ce8e59eff027212e566b0a403e1b95284644ffebeec523e0480ebc8ed7003c,2026-03,Suffolk Constabulary,Suffolk Constabulary,1.192516,52.025966,On or near Dunwich Close,E01033127,Ipswich 014E,Violence and sexual offences,Unable to prosecute suspect,
0155d404ffd91b41aec833560bd5095646fae574f3fbe35eec592d756484b2b1,2026-03,Suffolk Constabulary,Suffolk Constabulary,1.198140,52.029789,On or near Bonny Crescent,E01033127,Ipswich 014E,Violence and sexual offences,Under investigation,
687e90668f0daee0a6c10b915f3ac3afc133bf8269b7a314a334815dba55cfdd,2026-03,Suffolk Constabulary,Suffolk Constabulary,1.196215,52.028150,On or near Bilberry Road,E01033127,Ipswich 014E,Violence and sexual offences,Unable to prosecute suspect,
436cf82c6d3dffba3b55c0c0dddfbcb3c10905f1ac79b1d14e9d2bb60459e314,2026-03,Suffolk Constabulary,Suffolk Constabulary,1.199688,52.028191,On or near Havergate Road,E01033127,Ipswich 014E,Violence and sexual offences,Action to be taken by another organisation,
343cf61e7c8ac0f9cab630d6c7e77711ef0dd91e8339d48c5711e033522837bf,2026-03,Suffolk Constabulary,Suffolk Constabulary,1.196819,52.029258,On or near Lackford Place,E01033127,Ipswich 014E,Violence and sexual offences,Unable to prosecute suspect,
0ff821e2a33a3df178e2823b4728858e6c3bc506bbfc675c02c6bab7f4340dc4,2026-03,Suffolk Constabulary,Suffolk Constabulary,1.208952,52.026221,On or near Parking Area,E01033127,Ipswich 014E,Violence and sexual offences,Awaiting court outcome,
c2747bd395da7e2cccc35518c39566aa7ee464b25ff2b0599732d2c4e1d5ace9,2026-03,Suffolk Constabulary,Suffolk Constabulary,1.192516,52.025966,On or near Dunwich Close,E01033127,Ipswich 014E,Violence and sexual offences,Under investigation,
77777ea9e9a658de2e6db4789aa9f9750542b9191a997ca8d7c97c89d71d3357,2026-03,Suffolk Constabulary,Suffolk Constabulary,1.198383,52.027677,On or near Mansbrook Boulevard,E01033127,Ipswich 014E,Violence and sexual offences,Action to be taken by another organisation,
5c9ea3c71130f4e6650f9468b51c39ce677a8ce842e11a50593d1a5deda773e5,2026-03,Suffolk Constabulary,Suffolk Constabulary,1.194543,52.030669,On or near Ravenswood Avenue,E01033128,Ipswich 014F,Criminal damage and arson,Awaiting court outcome,
dc1cbf614e67ad72884800252d56573005458da672095450b5d156b0a08a9083,2026-03,Suffolk Constabulary,Suffolk Constabulary,1.195219,52.030129,On or near Pashford Place,E01033128,Ipswich 014F,Other theft,Under investigation,
00f020b18b5146d487e5f1fe867624f7cd31089888dee3e84bbc5e4c8072c9eb,2026-03,Suffolk Constabulary,Suffolk Constabulary,1.201881,52.033572,On or near Crane Boulevard,E01033128,Ipswich 014F,Public order,Local resolution,
e36a9b6b7da507a709c7681fd6a9aa6715121300bf63f9aa03cf202e42439334,2026-03,Suffolk Constabulary,Suffolk Constabulary,1.204367,52.034467,On or near Supermarket,E01033128,Ipswich 014F,Shoplifting,Investigation complete; no suspect identified,
0fc7efb96099e618ac091eeee4483e8725bae642d375fcffb38a65ee40b1504a,2026-03,Suffolk Constabulary,Suffolk Constabulary,1.204367,52.034467,On or near Supermarket,E01033128,Ipswich 014F,Shoplifting,Investigation complete; no suspect identified,
8a19c533c0b3af15e54660ec541459f590c4ebcc337111514e662fb1604f89d5,2026-03,Suffolk Constabulary,Suffolk Constabulary,1.194018,52.031897,On or near Emperor Circle,E01033128,Ipswich 014F,Vehicle crime,Investigation complete; no suspect identified,
9b9a0834663b35fafdfdd80f93d1bd5901e49c036f3b16798a880c49d4ce1bbe,2026-03,Suffolk Constabulary,Suffolk Constabulary,1.194543,52.030669,On or near Ravenswood Avenue,E01033128,Ipswich 014F,Vehicle crime,Investigation complete; no suspect identified,
4e78facb4cb3c7733863a2c8318cf039bd408295c7f75a8981b7c63b47369fa6,2026-03,Suffolk Constabulary,Suffolk Constabulary,1.192083,52.028073,On or near Freston Road,E01033128,Ipswich 014F,Violence and sexual offences,Unable to prosecute suspect,
dce1c80888b10b7320ad12a3042fc6f0329f51dd763df893de71fb06f7132065,2026-03,Suffolk Constabulary,Suffolk Constabulary,1.204367,52.034467,On or near Supermarket,E01033128,Ipswich 014F,Violence and sexual offences,Investigation complete; no suspect identified,
75b8f547da17dcb78335eb71017141b172a45bf99e39a2edbffbd825795164d2,2026-03,Suffolk Constabulary,Suffolk Constabulary,1.192083,52.028073,On or near Freston Road,E01033128,Ipswich 014F,Violence and sexual offences,Under investigation,
318c8186cf3d0abe744f622a5d793a55e64691a894bb778d13106d2b8ffb5c2e,2026-03,Suffolk Constabulary,Suffolk Constabulary,1.193925,52.032430,On or near Damselfly Road,E01033128,Ipswich 014F,Violence and sexual offences,Unable to prosecute suspect,
f7de06f10c9daab43852d4b9f8726452d98ccf3465f513dd4a0198645fad26a1,2026-03,Suffolk Constabulary,Suffolk Constabulary,1.194543,52.030669,On or near Ravenswood Avenue,E01033128,Ipswich 014F,Violence and sexual offences,Awaiting court outcome,
e41ef1af52f110022536a7e8ab0749580f9d64076f3815325775bc8cef142104,2026-03,Suffolk Constabulary,Suffolk Constabulary,1.195894,52.035498,On or near Halton Crescent,E01033131,Ipswich 014G,Burglary,Unable to prosecute suspect,
02c0dfd3a1214a816234fdc09b5212160907adbe7cd1b710ae3cf604853fe12a,2026-03,Suffolk Constabulary,Suffolk Constabulary,1.198413,52.039324,On or near Gibson Close,E01033131,Ipswich 014G,Criminal damage and arson,Unable to prosecute suspect,
3129014c7130998f63a0101e66918e4f40be279adef6f40c28509fef1172573f,2026-03,Suffolk Constabulary,Suffolk Constabulary,1.198128,52.035743,On or near The Drift,E01033131,Ipswich 014G,Violence and sexual offences,Unable to prosecute suspect,
f916e1f6ab0e0c574ea5042f1e5b52ce84c0df8683c4b381ffb7155312c81e06,2026-03,Suffolk Constabulary,Suffolk Constabulary,1.198457,52.038306,On or near Garland Close,E01033131,Ipswich 014G,Violence and sexual offences,Unable to prosecute suspect,
d4bf767c382bf5f7e61d8fbc337be8be42c94858c80fd881b62a9da5af4bad10,2026-03,Suffolk Constabulary,Suffolk Constabulary,1.196798,52.036517,On or near Cody Road,E01033131,Ipswich 014G,Violence and sexual offences,Awaiting court outcome,
9fa8024ce30349cf2e3ce7709a10cd84cd2f118c9585f27cd6d438a6dffc83dc,2026-03,Suffolk Constabulary,Suffolk Constabulary,1.198413,52.039324,On or near Gibson Close,E01033131,Ipswich 014G,Violence and sexual offences,Unable to prosecute suspect,
c9271b96b829e7d00c7cdc13b49b119e8de53c561ba459910e47f39c5e1d9847,2026-03,Suffolk Constabulary,Suffolk Constabulary,1.198413,52.039324,On or near Gibson Close,E01033131,Ipswich 014G,Violence and sexual offences,Unable to prosecute suspect,
64def59e4003b9adad100b146d3258b885399d0e71358fec0687239a19d1b864,2026-03,Suffolk Constabulary,Suffolk Constabulary,1.196798,52.036517,On or near Cody Road,E01033131,Ipswich 014G,Violence and sexual offences,Awaiting court outcome,
9cdfb4f0390c0949a99e9d50a8bfaf5ba59ef36ccef0227e2467e81720b89e57,2026-03,Suffolk Constabulary,Suffolk Constabulary,1.198074,52.036824,On or near Campbell Road,E01033131,Ipswich 014G,Violence and sexual offences,Unable to prosecute suspect,
ddae7a80429b3f5d0654a0c752a6e864cc02f23654bb91915bd768013b3e17cf,2026-03,Suffolk Constabulary,Suffolk Constabulary,1.196482,52.037605,On or near Hilton Road,E01033131,Ipswich 014G,Violence and sexual offences,Awaiting court outcome,
9dd65f0a8b29d7f5ceef277e9caba8be9cc9fb3f0eae097daac3f6cd5b51ad58,2026-03,Suffolk Constabulary,Suffolk Constabulary,1.196482,52.037605,On or near Hilton Road,E01033131,Ipswich 014G,Other crime,Awaiting court outcome,
4a899630d64897ca05655ddf3ea094c7874f745f1d472ccb82cb7cba9193f789,2026-03,Suffolk Constabulary,Suffolk Constabulary,1.123078,52.040897,On or near Sandpiper Road,E01030017,Ipswich 015A,Violence and sexual offences,Action to be taken by another organisation,
420c39bb750383efb21798122208f459fc888863543d0d811b80a12cf0ecabf1,2026-03,Suffolk Constabulary,Suffolk Constabulary,1.123072,52.041859,On or near Woodcock Road,E01030017,Ipswich 015A,Violence and sexual offences,Unable to prosecute suspect,
82e6017092ec425287904f7c5f7dff2f1aecd2b6948b9e4ec962d7be5692b6a8,2026-03,Suffolk Constabulary,Suffolk Constabulary,1.123078,52.040897,On or near Sandpiper Road,E01030017,Ipswich 015A,Violence and sexual offences,Action to be taken by another organisation,
1e0c63db05e4fc1c787672b82eb81fa9d9f4ee5bbc129da3e5f8f7557db8f03c,2026-03,Suffolk Constabulary,Suffolk Constabulary,1.123078,52.040897,On or near Sandpiper Road,E01030017,Ipswich 015A,Violence and sexual offences,Action to be taken by another organisation,
daada5db90a202efb0c10744947da503013a748baa4e372ca7362d71830f2f40,2026-03,Suffolk Constabulary,Suffolk Constabulary,1.123078,52.040897,On or near Sandpiper Road,E01030017,Ipswich 015A,Violence and sexual offences,Under investigation,
63bac2edbfb918258b4252a48b948722c7946d65e731c6086e6085eb977130c3,2026-03,Suffolk Constabulary,Suffolk Constabulary,1.123714,52.037678,On or near St Catherine'S Court,E01030017,Ipswich 015A,Violence and sexual offences,Action to be taken by another organisation,
25ac59ba559c038fa6e0b93e06f1ef2b8f4b273b933e1f446b79522e1fab09f6,2026-03,Suffolk Constabulary,Suffolk Constabulary,1.124569,52.039472,On or near Newnham Court,E01030017,Ipswich 015A,Violence and sexual offences,Action to be taken by another organisation,
3e6394f306bf28ae5ec42588ba2fa176aa2b1a9a0996c64f03864fc35e657a6d,2026-03,Suffolk Constabulary,Suffolk Constabulary,1.124569,52.039472,On or near Newnham Court,E01030017,Ipswich 015A,Violence and sexual offences,Action to be taken by another organisation,
c420c1ef99a756c3869f016f1f8084ce8c8e06c7b09d9aebcc89e4955a35c437,2026-03,Suffolk Constabulary,Suffolk Constabulary,1.124569,52.039472,On or near Newnham Court,E01030017,Ipswich 015A,Violence and sexual offences,Action to be taken by another organisation,
1044b68dc6e7f6936dd6151e8f3ae6ba6e774fa2171de11f99bd264f23050603,2026-03,Suffolk Constabulary,Suffolk Constabulary,1.123714,52.037678,On or near St Catherine'S Court,E01030017,Ipswich 015A,Violence and sexual offences,Action to be taken by another organisation,
1e9dccace308e24fb75e3032a09d18a7077db506b23d3840e34982634a87370c,2026-03,Suffolk Constabulary,Suffolk Constabulary,1.128709,52.041332,On or near Magdalene Close,E01030018,Ipswich 015B,Criminal damage and arson,Investigation complete; no suspect identified,
bd71178ef283eff0355264c87aa924fac0794ce1467e7ae8d41979c4260ba690,2026-03,Suffolk Constabulary,Suffolk Constabulary,1.128709,52.041332,On or near Magdalene Close,E01030018,Ipswich 015B,Drugs,Unable to prosecute suspect,
461b2958c31443af3ea47a342bcd9cbb079d0ad6579c411a79f9f009bb8db854,2026-03,Suffolk Constabulary,Suffolk Constabulary,1.129150,52.040133,On or near Downing Close,E01030018,Ipswich 015B,Other theft,Unable to prosecute suspect,
fb8923ee163a3a6c59902af2230476b90a7f4d3a8db1bb8e0716addd72c56347,2026-03,Suffolk Constabulary,Suffolk Constabulary,1.129028,52.042762,On or near Fitzwilliam Close,E01030018,Ipswich 015B,Public order,Investigation complete; no suspect identified,
550fd2b09b0d16fcdd6c40b8d5683da65859d8b29641e24795e5c8735da8e12c,2026-03,Suffolk Constabulary,Suffolk Constabulary,1.128709,52.041332,On or near Magdalene Close,E01030018,Ipswich 015B,Shoplifting,Investigation complete; no suspect identified,
dad2ad7718e9be16a3026cae5de330ab88c58d2f5881fdf83429d3e97985deca,2026-03,Suffolk Constabulary,Suffolk Constabulary,1.129028,52.042762,On or near Fitzwilliam Close,E01030018,Ipswich 015B,Theft from the person,Investigation complete; no suspect identified,
50fdccd59b55f85f322a19516d454e0f93b2ab1f7109df791e765648bc3faacd,2026-03,Suffolk Constabulary,Suffolk Constabulary,1.129150,52.040133,On or near Downing Close,E01030018,Ipswich 015B,Violence and sexual offences,Unable to prosecute suspect,
26dfbe625ebe88b345932a3b5284404aa37d4e4f89b9a8c72b108a554cae06e9,2026-03,Suffolk Constabulary,Suffolk Constabulary,1.128709,52.041332,On or near Magdalene Close,E01030018,Ipswich 015B,Violence and sexual offences,Unable to prosecute suspect,
acff60162bc852365868c362106383fc3778d64b3077e67445c01e237d77c744,2026-03,Suffolk Constabulary,Suffolk Constabulary,1.127591,52.039941,On or near Clump Field,E01030018,Ipswich 015B,Violence and sexual offences,Action to be taken by another organisation,
359e663f98bd5a85fb1cfa7f9e62d85f4151102dd340fb848999c4c79ebd7599,2026-03,Suffolk Constabulary,Suffolk Constabulary,1.129150,52.040133,On or near Downing Close,E01030018,Ipswich 015B,Violence and sexual offences,Unable to prosecute suspect,
4b29a4dead30c4b5708686f3b0ea0bd151be8f8817dc56c83bc2e76a25733830,2026-03,Suffolk Constabulary,Suffolk Constabulary,1.129028,52.042762,On or near Fitzwilliam Close,E01030018,Ipswich 015B,Violence and sexual offences,Awaiting court outcome,
,2026-03,Suffolk Constabulary,Suffolk Constabulary,1.139284,52.037804,On or near Fritton Close,E01030019,Ipswich 015C,Anti-social behaviour,,
,2026-03,Suffolk Constabulary,Suffolk Constabulary,1.146489,52.034697,On or near Corporation Avenue,E01030019,Ipswich 015C,Anti-social behaviour,,
ce9dd6aa96d80b1881602a66dae5a2244883f7f26589e92be13139054538820f,2026-03,Suffolk Constabulary,Suffolk Constabulary,1.136488,52.037860,On or near Supermarket,E01030019,Ipswich 015C,Bicycle theft,Investigation complete; no suspect identified,
499201cd5bec9bc4779cf936d5610f2b8eaf66fe07bcee48033498c76e531504,2026-03,Suffolk Constabulary,Suffolk Constabulary,1.136488,52.037860,On or near Supermarket,E01030019,Ipswich 015C,Criminal damage and arson,Investigation complete; no suspect identified,
d18c745dea03691168c8d0843cb4c8d2ab20f6ccadd8a5a4a3063ea70124623a,2026-03,Suffolk Constabulary,Suffolk Constabulary,1.137606,52.038838,On or near Malmesbury Close,E01030019,Ipswich 015C,Public order,Investigation complete; no suspect identified,
6fb2453d0f74c5a5e2dea201c4b8b2d41e58535cc9188f584f9fa93eefed1642,2026-03,Suffolk Constabulary,Suffolk Constabulary,1.136488,52.037860,On or near Supermarket,E01030019,Ipswich 015C,Shoplifting,Investigation complete; no suspect identified,
d70877687064e3c88aaaf88f3193d6cef07820e3fe92899751761c392f4be232,2026-03,Suffolk Constabulary,Suffolk Constabulary,1.138916,52.041717,On or near Tintern Close,E01030019,Ipswich 015C,Violence and sexual offences,Unable to prosecute suspect,
98513eebf02897fb3d39f95758b5f40a4ef425677e5f823d7910d7d8e5742ded,2026-03,Suffolk Constabulary,Suffolk Constabulary,1.138916,52.041717,On or near Tintern Close,E01030019,Ipswich 015C,Violence and sexual offences,Unable to prosecute suspect,
ff5e985c2b791216336ba777c58c8533b7ea90630f0078647108814c7920ae3b,2026-03,Suffolk Constabulary,Suffolk Constabulary,1.130631,52.035651,On or near Leicester Close,E01030020,Ipswich 015D,Violence and sexual offences,Action to be taken by another organisation,
73d8cc519d635b1424e601f5e73f989cab5fd4b67a02bf1073f620b2a79e9f70,2026-03,Suffolk Constabulary,Suffolk Constabulary,1.132956,52.035328,On or near Glastonbury Close,E01030020,Ipswich 015D,Violence and sexual offences,Unable to prosecute suspect,
af12b380919ea327510e5e7c9688ece06137b2e49696fbddb771c1ad3d11e609,2026-03,Suffolk Constabulary,Suffolk Constabulary,1.129143,52.034809,On or near Butley Close,E01030020,Ipswich 015D,Violence and sexual offences,Action to be taken by another organisation,
1cee3fd28d9919c9bc5ca7d4fcb117af459432591756b7a75eb1a57da3d4458c,2026-03,Suffolk Constabulary,Suffolk Constabulary,1.129143,52.034809,On or near Butley Close,E01030020,Ipswich 015D,Violence and sexual offences,Unable to prosecute suspect,
,2026-03,Suffolk Constabulary,Suffolk Constabulary,1.129739,52.032490,On or near Downside Close,E01030021,Ipswich 015E,Anti-social behaviour,,
,2026-03,Suffolk Constabulary,Suffolk Constabulary,1.129266,52.031559,On or near Alderlee,E01030021,Ipswich 015E,Anti-social behaviour,,
dacdcace838ef93037e0f60f2ff085f9f1bec4f4f7fc9cb32f8db5f99cf04e5b,2026-03,Suffolk Constabulary,Suffolk Constabulary,1.129266,52.031559,On or near Alderlee,E01030021,Ipswich 015E,Criminal damage and arson,Investigation complete; no suspect identified,
4b9970653dbccefdcbae59859276de22eeed5259894179dfd0f4010a65f898a5,2026-03,Suffolk Constabulary,Suffolk Constabulary,1.129739,52.032490,On or near Downside Close,E01030021,Ipswich 015E,Criminal damage and arson,Investigation complete; no suspect identified,
0e89dac2a5603810c7e1e66473b7ad1e7c02c8f8f8497b1e22c3534a685d3f67,2026-03,Suffolk Constabulary,Suffolk Constabulary,1.129739,52.032490,On or near Downside Close,E01030021,Ipswich 015E,Criminal damage and arson,Investigation complete; no suspect identified,
9432b1ebd0bb060b68e72bdb62f8481504ad3e16c0747b5519905f1aa79b6915,2026-03,Suffolk Constabulary,Suffolk Constabulary,1.134521,52.032264,On or near Whitland Close,E01030021,Ipswich 015E,Drugs,Offender given a caution,
8cf7d20126d715116cacbe76ef6e2ce68ea1a25496cc19663cc87372168a070a,2026-03,Suffolk Constabulary,Suffolk Constabulary,1.129739,52.032490,On or near Downside Close,E01030021,Ipswich 015E,Drugs,Awaiting court outcome,
21cfb738b42de00920e96e0db9c7e18f991c88e420d39161f158b3323b399cbb,2026-03,Suffolk Constabulary,Suffolk Constabulary,1.129266,52.031559,On or near Alderlee,E01030021,Ipswich 015E,Drugs,Local resolution,
afb003f757e882ab31f5dab3c0fd2b9ec6930b992bc4d48aebc60b3b66723ec0,2026-03,Suffolk Constabulary,Suffolk Constabulary,1.129739,52.032490,On or near Downside Close,E01030021,Ipswich 015E,Other theft,Investigation complete; no suspect identified,
ff41d4513f5ef69173053ec6950c45dda4a74b75de7823fbf43659cdbd13946e,2026-03,Suffolk Constabulary,Suffolk Constabulary,1.134521,52.032264,On or near Whitland Close,E01030021,Ipswich 015E,Possession of weapons,Offender given a caution,
6910086746b06d10019fc57fe7fa8e88a3c37039d22421078793438938ac16ce,2026-03,Suffolk Constabulary,Suffolk Constabulary,1.132477,52.033479,On or near Stamford Close,E01030021,Ipswich 015E,Public order,Unable to prosecute suspect,
69a022983f3cc8f420e19ac09d39669c928bec7ec444f859daa55ff02b569511,2026-03,Suffolk Constabulary,Suffolk Constabulary,1.129739,52.032490,On or near Downside Close,E01030021,Ipswich 015E,Violence and sexual offences,Unable to prosecute suspect,
707e6fd3636abceb346ac4ef7fd982df3211c1deec8a31a0cb5ac33758473dea,2026-03,Suffolk Constabulary,Suffolk Constabulary,1.129266,52.031559,On or near Alderlee,E01030021,Ipswich 015E,Violence and sexual offences,Unable to prosecute suspect,
7599970b09336acbee845e80c0abb6f7c6a6dd50dcd3a82e1346b2d775c63dce,2026-03,Suffolk Constabulary,Suffolk Constabulary,1.129739,52.032490,On or near Downside Close,E01030021,Ipswich 015E,Violence and sexual offences,Under investigation,
5d5b821898387680862775d779f2623fa9cc6336ed78c1b0fc0be68d4871c13f,2026-03,Suffolk Constabulary,Suffolk Constabulary,1.129739,52.032490,On or near Downside Close,E01030021,Ipswich 015E,Violence and sexual offences,Unable to prosecute suspect,
1ebad00db581b296a4680ef2db00c5472ba613b7a87d341e8faec99f0847744e,2026-03,Suffolk Constabulary,Suffolk Constabulary,1.129266,52.031559,On or near Alderlee,E01030021,Ipswich 015E,Violence and sexual offences,Under investigation,
,2026-03,Suffolk Constabulary,Suffolk Constabulary,1.184073,52.033732,On or near Queensberry Road,E01029978,Ipswich 016A,Anti-social behaviour,,
8356973dc84a85d349621383e58857551f8e820ef4438c1b4917d819ea2ca0e6,2026-03,Suffolk Constabulary,Suffolk Constabulary,1.188627,52.035839,On or near Shenley Road,E01029978,Ipswich 016A,Criminal damage and arson,Investigation complete; no suspect identified,
07043ef05e186a70d3b412171f4fc9a7000beaeaddf416a20eb8b7acd6e0b577,2026-03,Suffolk Constabulary,Suffolk Constabulary,1.189412,52.037032,On or near Nacton Road,E01029978,Ipswich 016A,Criminal damage and arson,Investigation complete; no suspect identified,
95c4d69f806f828fcd2b5335e1070d335e4685ff6a6af1caf38d8ad0b43ae372,2026-03,Suffolk Constabulary,Suffolk Constabulary,1.189412,52.037032,On or near Nacton Road,E01029978,Ipswich 016A,Other theft,Unable to prosecute suspect,
86284565f14d115ff2b4fd4b1a2b2ed7db0d9667bbdb612147cfeec6fdaf1259,2026-03,Suffolk Constabulary,Suffolk Constabulary,1.187082,52.034010,On or near Boyton Road,E01029978,Ipswich 016A,Vehicle crime,Investigation complete; no suspect identified,
c46d2d37f95fa91649d80b5ca857b36615a72cb5854a2ad37db8b8865b15f078,2026-03,Suffolk Constabulary,Suffolk Constabulary,1.184073,52.033732,On or near Queensberry Road,E01029978,Ipswich 016A,Violence and sexual offences,Unable to prosecute suspect,
6e6e051fa8f3c511f9fa960e829880938e4b335283cc155a79079c75d38cc2f2,2026-03,Suffolk Constabulary,Suffolk Constabulary,1.184073,52.033732,On or near Queensberry Road,E01029978,Ipswich 016A,Violence and sexual offences,Investigation complete; no suspect identified,
545d657448449c51bf097d6bf7008575f5947eda64c3d36478377d1e09979e03,2026-03,Suffolk Constabulary,Suffolk Constabulary,1.188627,52.035839,On or near Shenley Road,E01029978,Ipswich 016A,Violence and sexual offences,Investigation complete; no suspect identified,
ca48d2dac72daac39c189754bcd12f0bfe92a4bac8e079de0f2d850a9ee8c548,2026-03,Suffolk Constabulary,Suffolk Constabulary,1.189412,52.037032,On or near Nacton Road,E01029978,Ipswich 016A,Violence and sexual offences,Unable to prosecute suspect,
,2026-03,Suffolk Constabulary,Suffolk Constabulary,1.179031,52.035433,On or near Reynolds Close,E01029979,Ipswich 016B,Anti-social behaviour,,
,2026-03,Suffolk Constabulary,Suffolk Constabulary,1.179349,52.034363,On or near Reynolds Road,E01029979,Ipswich 016B,Anti-social behaviour,,
,2026-03,Suffolk Constabulary,Suffolk Constabulary,1.179349,52.034363,On or near Reynolds Road,E01029979,Ipswich 016B,Anti-social behaviour,,
,2026-03,Suffolk Constabulary,Suffolk Constabulary,1.177352,52.037052,On or near Hogarth Square,E01029979,Ipswich 016B,Anti-social behaviour,,
8e3d004b30432d9cd93acc8c414248dceeedd0e6636bf16c10c12b66f0ba41ce,2026-03,Suffolk Constabulary,Suffolk Constabulary,1.185176,52.036121,On or near Wynterton Close,E01029979,Ipswich 016B,Burglary,Investigation complete; no suspect identified,
32e12ccd638fb46ffa5a712ee1e198c0e8ce62add2559a3a9115a07123ce7e6c,2026-03,Suffolk Constabulary,Suffolk Constabulary,1.180346,52.037934,On or near Clapgate Lane,E01029979,Ipswich 016B,Burglary,Investigation complete; no suspect identified,
d3fcc9fbe3dbe2ec445f97f07096136dfa16888ad0b581893d44c314da29614b,2026-03,Suffolk Constabulary,Suffolk Constabulary,1.176928,52.035795,On or near Raeburn Road,E01029979,Ipswich 016B,Other theft,Investigation complete; no suspect identified,
369449369a45d1082e9725e632680378761196ab5009078b4e6f8a7dd7cca593,2026-03,Suffolk Constabulary,Suffolk Constabulary,1.177352,52.037052,On or near Hogarth Square,E01029979,Ipswich 016B,Other theft,Unable to prosecute suspect,
fc86c8f69a3619f471a1001bfb96220c9d3a0b53aef65f06c650cf33c3b2c1e2,2026-03,Suffolk Constabulary,Suffolk Constabulary,1.179031,52.035433,On or near Reynolds Close,E01029979,Ipswich 016B,Possession of weapons,Unable to prosecute suspect,
2ab58d22a7ff63849059aad24a7a990cae0e0bcada4e52f73e7a086fc102fd62,2026-03,Suffolk Constabulary,Suffolk Constabulary,1.179031,52.035433,On or near Reynolds Close,E01029979,Ipswich 016B,Shoplifting,Investigation complete; no suspect identified,
11915eff6bf006c1c712b463e42f8bacf8d8010ff1a22491450f043e764fe423,2026-03,Suffolk Constabulary,Suffolk Constabulary,1.180880,52.033539,On or near Rubens Road,E01029979,Ipswich 016B,Violence and sexual offences,Action to be taken by another organisation,
291719ef51b90d7e6cd7c3049fc45eb17b7d076077a69f9d93f5fd112bfd7743,2026-03,Suffolk Constabulary,Suffolk Constabulary,1.185176,52.036121,On or near Wynterton Close,E01029979,Ipswich 016B,Violence and sexual offences,Unable to prosecute suspect,
85d04314a7a12a2b7330b49ea3df3a2795e899e93d891556d821b798c08d63d7,2026-03,Suffolk Constabulary,Suffolk Constabulary,1.176928,52.035795,On or near Raeburn Road,E01029979,Ipswich 016B,Violence and sexual offences,Under investigation,
cca4dd9978065deaa335e2f2648bd82176610f0cdef3c6ebfa0d2cec15bead57,2026-03,Suffolk Constabulary,Suffolk Constabulary,1.177352,52.037052,On or near Hogarth Square,E01029979,Ipswich 016B,Violence and sexual offences,Action to be taken by another organisation,
ed7507e40ad27d62910b07153b50760fb96fb397b07440005341d3a548d0f017,2026-03,Suffolk Constabulary,Suffolk Constabulary,1.180880,52.033539,On or near Rubens Road,E01029979,Ipswich 016B,Violence and sexual offences,Unable to prosecute suspect,
d82baec551d6f92e47eb4a37f283f0942cf515f76ae19e1dbffba86215345feb,2026-03,Suffolk Constabulary,Suffolk Constabulary,1.177352,52.037052,On or near Hogarth Square,E01029979,Ipswich 016B,Violence and sexual offences,Action to be taken by another organisation,
3c3cfc5eda2d73776abbf7a3e1a3a05864075936a5b3335041629c34b9078d4e,2026-03,Suffolk Constabulary,Suffolk Constabulary,1.177352,52.037052,On or near Hogarth Square,E01029979,Ipswich 016B,Violence and sexual offences,Action to be taken by another organisation,
7f9c0fc03d72abdcf877962aaea5713d6d3896c49ba1577f4d8a0e78e3e2b7cf,2026-03,Suffolk Constabulary,Suffolk Constabulary,1.179031,52.035433,On or near Reynolds Close,E01029979,Ipswich 016B,Violence and sexual offences,Under investigation,
22f7e66e55f41fa31ac30c1dcf62ce7c6f07006a1d907a9868b2a5d0b8cda938,2026-03,Suffolk Constabulary,Suffolk Constabulary,1.180880,52.033539,On or near Rubens Road,E01029979,Ipswich 016B,Violence and sexual offences,Action to be taken by another organisation,
5136037993519640d4c7ae9ac13073acbfd7fbbfd88fc75ea18473e888cb8075,2026-03,Suffolk Constabulary,Suffolk Constabulary,1.168592,52.037324,On or near Hawke Road,E01029980,Ipswich 016C,Criminal damage and arson,Investigation complete; no suspect identified,
ba08a0760cad595ce3bf8d54040d9d5404c87489d7a0484cb284ca5cd4561040,2026-03,Suffolk Constabulary,Suffolk Constabulary,1.168756,52.036339,On or near Robeck Road,E01029980,Ipswich 016C,Criminal damage and arson,Investigation complete; no suspect identified,
cb93aab8ec7a8ee0a2f89eea000a664e092948724126e182c35010ba3f4d15dc,2026-03,Suffolk Constabulary,Suffolk Constabulary,1.174364,52.035838,On or near Perkins Way,E01029980,Ipswich 016C,Criminal damage and arson,Investigation complete; no suspect identified,
b2d4283e70ec74a1f856e1d8f1cdddb04642812e8b493e2adc3d000a66bb8ddd,2026-03,Suffolk Constabulary,Suffolk Constabulary,1.168592,52.037324,On or near Hawke Road,E01029980,Ipswich 016C,Criminal damage and arson,Investigation complete; no suspect identified,
098905976832832b680674a040ad9eb1b311eb5fe1685118ca861f70387b610a,2026-03,Suffolk Constabulary,Suffolk Constabulary,1.168756,52.036339,On or near Robeck Road,E01029980,Ipswich 016C,Criminal damage and arson,Awaiting court outcome,
141bd1b3409e96e7ada81a17858fe0747f7efe4e38ed41ed483264e826ba65c6,2026-03,Suffolk Constabulary,Suffolk Constabulary,1.170321,52.037637,On or near Holbrook Road,E01029980,Ipswich 016C,Other theft,Unable to prosecute suspect,
1dbb5156e9f778f384bf4a0da9142498f4d2f669c35f5e040a950a3d105b9921,2026-03,Suffolk Constabulary,Suffolk Constabulary,1.173381,52.036161,On or near Davey Close,E01029980,Ipswich 016C,Other theft,Investigation complete; no suspect identified,
4ce1b91cb61bf8ce2caafd624a7ef4982a2c07c02154ab0cbf3ed95181856c97,2026-03,Suffolk Constabulary,Suffolk Constabulary,1.170321,52.037637,On or near Holbrook Road,E01029980,Ipswich 016C,Public order,Unable to prosecute suspect,
76bbade7512520522660631fc389a7b78c5d5bf492b64687e8ba002b64b43c42,2026-03,Suffolk Constabulary,Suffolk Constabulary,1.174364,52.035838,On or near Perkins Way,E01029980,Ipswich 016C,Violence and sexual offences,Unable to prosecute suspect,
ae13765546498bf70b733c8fdf97a5697d972a738b1e35cda7f56fb1aa62d3d0,2026-03,Suffolk Constabulary,Suffolk Constabulary,1.167415,52.038164,On or near Sports/Recreation Area,E01029980,Ipswich 016C,Violence and sexual offences,Unable to prosecute suspect,
d1d422e350e9f47caafd1decd476e3bf7b31b08df4a7448c5e8894e6dd195345,2026-03,Suffolk Constabulary,Suffolk Constabulary,1.167415,52.038164,On or near Sports/Recreation Area,E01029980,Ipswich 016C,Violence and sexual offences,Under investigation,
d3124816c68f812198a5c8a52c2b7fb241fd99ce68a4b4f31247adb5ab084c1f,2026-03,Suffolk Constabulary,Suffolk Constabulary,1.170321,52.037637,On or near Holbrook Road,E01029980,Ipswich 016C,Other crime,Further investigation is not in the public interest,
,2026-03,Suffolk Constabulary,Suffolk Constabulary,1.183521,52.031300,On or near Lowry Gardens,E01029981,Ipswich 016D,Anti-social behaviour,,
08da4b4f3a9e09bea63d99dad5dd6d78fda8d4219a2b77ff168c02884dc605d6,2026-03,Suffolk Constabulary,Suffolk Constabulary,1.183521,52.031300,On or near Lowry Gardens,E01029981,Ipswich 016D,Burglary,Investigation complete; no suspect identified,
145b1aeda428f17b46f66d2351a81591028d174db9ee7ded0afdbe7869efea72,2026-03,Suffolk Constabulary,Suffolk Constabulary,1.187436,52.033245,On or near Grasmere Close,E01029981,Ipswich 016D,Other theft,Unable to prosecute suspect,
d24fcc1312df2bc221652566feceff7a8fa0ceebdb4fe5bb02d53a05fe95c1d4,2026-03,Suffolk Constabulary,Suffolk Constabulary,1.186373,52.030809,On or near Brazier'S Wood Road,E01029981,Ipswich 016D,Possession of weapons,Under investigation,
508f6b0288584bb76d18bc0bf01ce0a6136ac8095b211a006abf1ca73dc364ee,2026-03,Suffolk Constabulary,Suffolk Constabulary,1.186373,52.030809,On or near Brazier'S Wood Road,E01029981,Ipswich 016D,Public order,Under investigation,
31bd6afc738eb648f7254006cf1ffd6c3625685e8bd4667bdeae0239ecc4aef2,2026-03,Suffolk Constabulary,Suffolk Constabulary,1.184701,52.030882,On or near Nash Gardens,E01029981,Ipswich 016D,Vehicle crime,Investigation complete; no suspect identified,
8cc8ea08f6b02f12458183bddeaf00929b92e8043d9806561d1a5c03cc500257,2026-03,Suffolk Constabulary,Suffolk Constabulary,1.186373,52.030809,On or near Brazier'S Wood Road,E01029981,Ipswich 016D,Violence and sexual offences,Under investigation,
52927100ee04ff6f10b9ce87c7766f8664deab92de7d0e86ac17aa2ed6369d1d,2026-03,Suffolk Constabulary,Suffolk Constabulary,1.186373,52.030809,On or near Brazier'S Wood Road,E01029981,Ipswich 016D,Violence and sexual offences,Action to be taken by another organisation,
1649d506853d9cc903cb05b8fd40d5f82bd2c8523cda6d7bc89a6c893aad644d,2026-03,Suffolk Constabulary,Suffolk Constabulary,1.182520,52.032407,On or near Hossack Road,E01029981,Ipswich 016D,Violence and sexual offences,Unable to prosecute suspect,
990ca1fdb4dda4e093a2c924cbca509d053c187a956e497830bba9795085aa3e,2026-03,Suffolk Constabulary,Suffolk Constabulary,1.182960,52.032026,On or near Nightingale Square,E01029981,Ipswich 016D,Violence and sexual offences,Unable to prosecute suspect,
4989ed90412c5855d9348d5139539df3e3a3946c26da704cae956d828422da24,2026-03,Suffolk Constabulary,Suffolk Constabulary,1.182520,52.032407,On or near Hossack Road,E01029981,Ipswich 016D,Violence and sexual offences,Unable to prosecute suspect,
37b035bfd7dd27a0ca36a272f2115e57cfb88c0267643382b417af4985a7c767,2026-03,Suffolk Constabulary,Suffolk Constabulary,1.186373,52.030809,On or near Brazier'S Wood Road,E01029981,Ipswich 016D,Violence and sexual offences,Investigation complete; no suspect identified,
,2026-03,Suffolk Constabulary,Suffolk Constabulary,1.179584,52.030480,On or near Leighton Road,E01029982,Ipswich 016E,Anti-social behaviour,,
,2026-03,Suffolk Constabulary,Suffolk Constabulary,1.178938,52.031856,On or near Shannon Road,E01029982,Ipswich 016E,Anti-social behaviour,,
,2026-03,Suffolk Constabulary,Suffolk Constabulary,1.179584,52.030480,On or near Leighton Road,E01029982,Ipswich 016E,Anti-social behaviour,,
6c64d1958a87668c56e3caa824f909e9a514caf8a0f23f9eae088ed2f57e8515,2026-03,Suffolk Constabulary,Suffolk Constabulary,1.176307,52.030749,On or near Lely Road,E01029982,Ipswich 016E,Criminal damage and arson,Local resolution,
0553a2107b5c04d06dfc86710f64c01d447933959c114830b023d89110dc83b6,2026-03,Suffolk Constabulary,Suffolk Constabulary,1.179584,52.030480,On or near Leighton Road,E01029982,Ipswich 016E,Criminal damage and arson,Investigation complete; no suspect identified,
560ff4f97d25f04350c9cff790d11b2c43bfecfd677f8e0f93e766c3e7350408,2026-03,Suffolk Constabulary,Suffolk Constabulary,1.179584,52.030480,On or near Leighton Road,E01029982,Ipswich 016E,Criminal damage and arson,Investigation complete; no suspect identified,
b4620539466f9e4bafcd6dad36ea8602f6d37ba79b599053dc9f9518bb3927d5,2026-03,Suffolk Constabulary,Suffolk Constabulary,1.179584,52.030480,On or near Leighton Road,E01029982,Ipswich 016E,Criminal damage and arson,Unable to prosecute suspect,
977063293bf3197a870e01667b62f8f914b5ad18183d24eac583f29cdba92dd9,2026-03,Suffolk Constabulary,Suffolk Constabulary,1.177829,52.032875,On or near Romney Road,E01029982,Ipswich 016E,Violence and sexual offences,Investigation complete; no suspect identified,
0dd9b4c6da480e08a04d48c3412ed8233a727cee72abb8f769b97eaabbd6ca85,2026-03,Suffolk Constabulary,Suffolk Constabulary,1.181844,52.031310,On or near Nightingale Road,E01029982,Ipswich 016E,Violence and sexual offences,Unable to prosecute suspect,
0e5bdec18251574f700e35b4842a45e940fb9ad736344a7333bc1c477cd5ade0,2026-03,Suffolk Constabulary,Suffolk Constabulary,1.176307,52.030749,On or near Lely Road,E01029982,Ipswich 016E,Violence and sexual offences,Under investigation,
971c694488c68b0f2810954a24708d816ea8e61b018d247cea51af928d97a053,2026-03,Suffolk Constabulary,Suffolk Constabulary,1.177829,52.032875,On or near Romney Road,E01029982,Ipswich 016E,Violence and sexual offences,Unable to prosecute suspect,
9bba447857db2cd0da4fd17cfc52d051de2051efeb88e7be5a63b10865375655,2026-03,Suffolk Constabulary,Suffolk Constabulary,1.176307,52.030749,On or near Lely Road,E01029982,Ipswich 016E,Violence and sexual offences,Action to be taken by another organisation,
cbb3dafbe89a214da25c31c187d64864cc6f83013c9e3a709e979e0cec8c09b5,2026-03,Suffolk Constabulary,Suffolk Constabulary,1.177829,52.032875,On or near Romney Road,E01029982,Ipswich 016E,Other crime,Unable to prosecute suspect,
,2026-03,Suffolk Constabulary,Suffolk Constabulary,1.184406,52.038426,On or near Gloucester Road,E01029983,Ipswich 016F,Anti-social behaviour,,
cd2728da43d200c4254aa8e6719de8b4dbdcb786081ecfcc2d0a67b4eaaa21e4,2026-03,Suffolk Constabulary,Suffolk Constabulary,1.184528,52.040141,On or near Henstead Gardens,E01029983,Ipswich 016F,Burglary,Unable to prosecute suspect,
f3bd518a342ba58cf72de8c83293c72c021e9098d7e5285e383e8c4827a8e200,2026-03,Suffolk Constabulary,Suffolk Constabulary,1.184406,52.038426,On or near Gloucester Road,E01029983,Ipswich 016F,Criminal damage and arson,Unable to prosecute suspect,
aaf777610feb223cc1417662ce33fd5a7b3fb6a6cb58a2567bcff48788f4a696,2026-03,Suffolk Constabulary,Suffolk Constabulary,1.183034,52.038410,On or near Fairfield Road,E01029983,Ipswich 016F,Drugs,Investigation complete; no suspect identified,
40546f08fe41a93fec15f423cd65374092a5a43215524c78a9514038000973f9,2026-03,Suffolk Constabulary,Suffolk Constabulary,1.182193,52.042579,On or near Beatrice Close,E01029983,Ipswich 016F,Public order,Unable to prosecute suspect,
48a8186548f6039141d4058594182f49939dcecfe9c49aec1bd48f9ac85dafa7,2026-03,Suffolk Constabulary,Suffolk Constabulary,1.181410,52.036286,On or near Supermarket,E01029983,Ipswich 016F,Shoplifting,Investigation complete; no suspect identified,
436ee8ec2772cc70ff9fe9685f8c26dbc5090551a42fdeb868478a3814420282,2026-03,Suffolk Constabulary,Suffolk Constabulary,1.181410,52.036286,On or near Supermarket,E01029983,Ipswich 016F,Shoplifting,Investigation complete; no suspect identified,
cb424395cc97874fcde2417cbc6e3db0dd73583b34aca5a700cab9b3c327d906,2026-03,Suffolk Constabulary,Suffolk Constabulary,1.184406,52.038426,On or near Gloucester Road,E01029983,Ipswich 016F,Vehicle crime,Investigation complete; no suspect identified,
f10571186c6cd3062dc54d7389f313cb1f3fad82fb9077fc5803ed188513c765,2026-03,Suffolk Constabulary,Suffolk Constabulary,1.183034,52.038410,On or near Fairfield Road,E01029983,Ipswich 016F,Vehicle crime,Investigation complete; no suspect identified,
00e6cca5afa341fe96544eb29510d07831eaadd5f95f02b726ee9eb67a68d974,2026-03,Suffolk Constabulary,Suffolk Constabulary,1.184406,52.038426,On or near Gloucester Road,E01029983,Ipswich 016F,Violence and sexual offences,Unable to prosecute suspect,
b89aba3bd49c32951898abbd45a90c4d9c89e3553ba2147b6b82942df2b8bb46,2026-03,Suffolk Constabulary,Suffolk Constabulary,1.183266,52.041254,On or near Laud Mews,E01029983,Ipswich 016F,Violence and sexual offences,Investigation complete; no suspect identified,
f207dedf783b5268c214b1d7b7b58519e463c36e42e98557f3a68a517d413007,2026-03,Suffolk Constabulary,Suffolk Constabulary,1.184528,52.040141,On or near Henstead Gardens,E01029983,Ipswich 016F,Other crime,Further investigation is not in the public interest,
45d7adda4995b05710d95592386ab5cad4d6f911d3e3b62f5e5ee1037fde5415,2026-03,Suffolk Constabulary,Suffolk Constabulary,-0.108127,51.494512,On or near Brook Drive,E01003110,Lambeth 002C,Violence and sexual offences,Under investigation,
9253c447557aedfab3d2bbefec4abaf60bdbd75d9e69bee8da75d7e76e82c19e,2026-03,Suffolk Constabulary,Suffolk Constabulary,-0.108127,51.494512,On or near Brook Drive,E01003110,Lambeth 002C,Violence and sexual offences,Under investigation,
afca0042c8fb916b63976c12f0afc4825e8949831b8bbd84fb06d7967b1fa62d,2026-03,Suffolk Constabulary,Suffolk Constabulary,-0.108127,51.494512,On or near Brook Drive,E01003110,Lambeth 002C,Violence and sexual offences,Under investigation,
54d8f76c8778d9d9892d544dbafb5b5d04749332a77f477f7b00e0baaeb82715,2026-03,Suffolk Constabulary,Suffolk Constabulary,-0.116543,51.445854,On or near Romanfield Road,E01003175,Lambeth 024D,Public order,Awaiting court outcome,
e7d1cf8c1c89dd3af285c402ddd873d60a4fcc23a3b3791f0e4a7b9a7a696c26,2026-03,Suffolk Constabulary,Suffolk Constabulary,1.146027,52.320728,On or near Supermarket,E01030052,Mid Suffolk 001A,Bicycle theft,Under investigation,
5c95259bfdd270c4496c3c28170751fac2ac983acd55f94ba2fe9746c58cd8e6,2026-03,Suffolk Constabulary,Suffolk Constabulary,1.146027,52.320728,On or near Supermarket,E01030052,Mid Suffolk 001A,Bicycle theft,Under investigation,
55c57147eb70c09780381d6d0e7b26535d6cbd87af3d6c743636d225cf6f3228,2026-03,Suffolk Constabulary,Suffolk Constabulary,1.137154,52.324069,On or near Millfield,E01030052,Mid Suffolk 001A,Possession of weapons,Unable to prosecute suspect,
60e99943ce9b0bedaf8e2b85b972fefcaa72bfab46674b191cba46c9e85dea74,2026-03,Suffolk Constabulary,Suffolk Constabulary,1.146368,52.320712,On or near Broad Street,E01030052,Mid Suffolk 001A,Public order,Under investigation,
60640a20935f5fda97f68a5c8eac6cd22f10cde3ba9dabbad88c2d9121139247,2026-03,Suffolk Constabulary,Suffolk Constabulary,1.161785,52.322449,On or near Hoxne Road,E01030052,Mid Suffolk 001A,Violence and sexual offences,Unable to prosecute suspect,
0c406c9c9852266f0e0acee5919e5d58f4ed1154b4fd593a93f3390952fc2efa,2026-03,Suffolk Constabulary,Suffolk Constabulary,1.148064,52.323715,On or near Ash Drive,E01030052,Mid Suffolk 001A,Violence and sexual offences,Unable to prosecute suspect,
d56935cac084d735ce9376e792cbe017b1232a25b380e502e203cbaf46ffc2a0,2026-03,Suffolk Constabulary,Suffolk Constabulary,1.144644,52.325785,On or near Elizabeth Way,E01030052,Mid Suffolk 001A,Violence and sexual offences,Action to be taken by another organisation,
ffdeb65e2833ec441a225d6e86d973c77fd9026f01c88bd671c5ebdb01101862,2026-03,Suffolk Constabulary,Suffolk Constabulary,1.148172,52.325025,On or near Maple Way,E01030052,Mid Suffolk 001A,Violence and sexual offences,Investigation complete; no suspect identified,
8e378e2762195dd9722f22ea69001f7b8110d698ecd82506b7f3b2a97e1fc4ce,2026-03,Suffolk Constabulary,Suffolk Constabulary,1.137154,52.324069,On or near Millfield,E01030052,Mid Suffolk 001A,Violence and sexual offences,Action to be taken by another organisation,
213dc8a3ea1a24109b1bfb0d430c703812c4b433eb55adac8dc125225cf62fb3,2026-03,Suffolk Constabulary,Suffolk Constabulary,1.144545,52.326876,On or near Victoria Hill,E01030052,Mid Suffolk 001A,Violence and sexual offences,Unable to prosecute suspect,
0efb1cf2b5715f93542a35ad86b75e52fe3c7de40c18143b2794127b9d2aa041,2026-03,Suffolk Constabulary,Suffolk Constabulary,1.141614,52.319903,On or near Yaxley Road,E01030052,Mid Suffolk 001A,Violence and sexual offences,Unable to prosecute suspect,
3a16221db84e357d5a08f1293eb48914fa6d9bdc7c82099ff1e03d6383c859d2,2026-03,Suffolk Constabulary,Suffolk Constabulary,1.161785,52.322449,On or near Hoxne Road,E01030052,Mid Suffolk 001A,Violence and sexual offences,Unable to prosecute suspect,
cf2ceb7bb30aa05b39b8988979f0eb0e11b9598f9bf2263a0fbae5b6f270dc77,2026-03,Suffolk Constabulary,Suffolk Constabulary,1.137154,52.324069,On or near Millfield,E01030052,Mid Suffolk 001A,Violence and sexual offences,Action to be taken by another organisation,
41749dc436c7337b7bb827fae6b60ef00f7396b98a58f8c97f795845106810ec,2026-03,Suffolk Constabulary,Suffolk Constabulary,1.200758,52.340187,On or near Nuttery Vale,E01030058,Mid Suffolk 001B,Public order,Under investigation,
c5a531c862d04ebf5c9ea5062819a5849ee42b942308596faae62186957f0544,2026-03,Suffolk Constabulary,Suffolk Constabulary,1.267977,52.346520,On or near Vicarage Road,E01030058,Mid Suffolk 001B,Violence and sexual offences,Unable to prosecute suspect,
151acf1fc678595747bea286e5be57055265b567d5452e3b8864c1696b931a31,2026-03,Suffolk Constabulary,Suffolk Constabulary,1.106027,52.365587,On or near Low'S Lane,E01030064,Mid Suffolk 001C,Other theft,Investigation complete; no suspect identified,
55b54efe9c6dd465fb9176d979ea12faad8c618e5875c5498698b65a18f12b95,2026-03,Suffolk Constabulary,Suffolk Constabulary,1.158619,52.345773,On or near The Street,E01030064,Mid Suffolk 001C,Violence and sexual offences,Action to be taken by another organisation,
7b6fdc49446b7d30de9f1efbfeb0c03d9f4faf5027f953f521e9d7b289b809c0,2026-03,Suffolk Constabulary,Suffolk Constabulary,1.157277,52.295004,On or near Cedars Close,E01030088,Mid Suffolk 001D,Violence and sexual offences,Unable to prosecute suspect,
4d8fcc0044e3f1cb5d2a5bcfdb9c16d38ea10c611940ee16bfcd1308740f1296,2026-03,Suffolk Constabulary,Suffolk Constabulary,1.133070,52.285190,On or near Fen View,E01030088,Mid Suffolk 001D,Violence and sexual offences,Action to be taken by another organisation,
ed22f2469714928e1eeb2c0e964debd9db017b9cbc575b9b9c2a0405fe10e42e,2026-03,Suffolk Constabulary,Suffolk Constabulary,1.025064,52.281317,On or near Russet Close,E01030039,Mid Suffolk 002A,Criminal damage and arson,Investigation complete; no suspect identified,
437d1ba7b7a793c799a7c4e57b2efba669928314fa4d6312f219ac2b2abb6fb7,2026-03,Suffolk Constabulary,Suffolk Constabulary,0.978578,52.270332,On or near Rectory Road,E01030039,Mid Suffolk 002A,Public order,Unable to prosecute suspect,
1409176258c7a246c7dae4b4355780525f9962896a411ff6dc53fd128315e4a6,2026-03,Suffolk Constabulary,Suffolk Constabulary,1.049095,52.346359,On or near Shepherds Lane,E01030054,Mid Suffolk 002B,Vehicle crime,Investigation complete; no suspect identified,
5b7dcdae71258584f66e40a39fb98024c3f69bd7ec19b27aba284eedce434b53,2026-03,Suffolk Constabulary,Suffolk Constabulary,1.029290,52.307568,On or near Little Green Close,E01030054,Mid Suffolk 002B,Violence and sexual offences,Under investigation,
8ac0b983be060b3b98389fde6a80ac45e4982cb0c41155decdcf40cf942584ae,2026-03,Suffolk Constabulary,Suffolk Constabulary,1.084977,52.329167,On or near Browns Acre,E01030055,Mid Suffolk 002C,Violence and sexual offences,Unable to prosecute suspect,
c0a41e1b2440ec60b8f3894edb14f7d16a0bea88e8c523b1ca38ac8e954bc28b,2026-03,Suffolk Constabulary,Suffolk Constabulary,1.041034,52.303165,On or near Martins Meadow,E01030055,Mid Suffolk 002C,Violence and sexual offences,Unable to prosecute suspect,
aba2ea57aa0063465c1ce2ed234b675c1cf7d3069cd4f293bdbcdf2b59a327a4,2026-03,Suffolk Constabulary,Suffolk Constabulary,1.084977,52.329167,On or near Browns Acre,E01030055,Mid Suffolk 002C,Violence and sexual offences,Unable to prosecute suspect,
c5f89a49d817887548aae5e34b68455176a95d0775b4ebc8e326e0c9c3efd18d,2026-03,Suffolk Constabulary,Suffolk Constabulary,1.069431,52.294399,On or near Clay Street,E01030055,Mid Suffolk 002C,Violence and sexual offences,Unable to prosecute suspect,
4485414326d3fc0588ba2b276a2f37a9e5cadb58b2ba06c285f464b56ec1b618,2026-03,Suffolk Constabulary,Suffolk Constabulary,1.084977,52.329167,On or near Browns Acre,E01030055,Mid Suffolk 002C,Violence and sexual offences,Unable to prosecute suspect,
aeee006a81f07103cc19b61cdb5aa5b96e95676b5ad1a59238e532b001f8920f,2026-03,Suffolk Constabulary,Suffolk Constabulary,1.045210,52.303516,On or near Saffron Close,E01030055,Mid Suffolk 002C,Violence and sexual offences,Under investigation,
11460220bd39a6e75636bd20a682ceef1bb9d9fb064ece6ba4ad7366d4139689,2026-03,Suffolk Constabulary,Suffolk Constabulary,1.041034,52.303165,On or near Martins Meadow,E01030055,Mid Suffolk 002C,Violence and sexual offences,Unable to prosecute suspect,
,2026-03,Suffolk Constabulary,Suffolk Constabulary,1.010002,52.344386,On or near Park View,E01030066,Mid Suffolk 002D,Anti-social behaviour,,
9705d972c12af7586347977f9153554e51de71c8dbe397e18173bab6231879a1,2026-03,Suffolk Constabulary,Suffolk Constabulary,1.010002,52.344386,On or near Park View,E01030066,Mid Suffolk 002D,Burglary,Investigation complete; no suspect identified,
5fbb9e8e93fb5dfdc582167bfcbb7365605f890d19c6adfc4d65143dc0d38975,2026-03,Suffolk Constabulary,Suffolk Constabulary,1.010324,52.358416,On or near Pye'S Lane,E01030066,Mid Suffolk 002D,Criminal damage and arson,Unable to prosecute suspect,
61e2da3b2d247532c8ce207b718487517e1f53bfde4ccc31cdc50c928b8d3249,2026-03,Suffolk Constabulary,Suffolk Constabulary,1.003023,52.343026,On or near Fen Lane,E01030066,Mid Suffolk 002D,Violence and sexual offences,Local resolution,
4f0b15ca2d40a814d703143265b12fe839263c96cfd90d35eb87138cd174521d,2026-03,Suffolk Constabulary,Suffolk Constabulary,0.994987,52.367278,On or near Hinderclay Road,E01030066,Mid Suffolk 002D,Violence and sexual offences,Under investigation,
,2026-03,Suffolk Constabulary,Suffolk Constabulary,0.992479,52.334534,On or near Rectory Hill,E01030067,Mid Suffolk 002E,Anti-social behaviour,,
,2026-03,Suffolk Constabulary,Suffolk Constabulary,1.001652,52.340560,On or near The Street,E01030067,Mid Suffolk 002E,Anti-social behaviour,,
,2026-03,Suffolk Constabulary,Suffolk Constabulary,1.005931,52.343042,On or near The Street,E01030067,Mid Suffolk 002E,Anti-social behaviour,,
,2026-03,Suffolk Constabulary,Suffolk Constabulary,1.001652,52.340560,On or near The Street,E01030067,Mid Suffolk 002E,Anti-social behaviour,,
,2026-03,Suffolk Constabulary,Suffolk Constabulary,1.001652,52.340560,On or near The Street,E01030067,Mid Suffolk 002E,Anti-social behaviour,,
9fd56393239941307fd8aa85673f61d642b1d793c293c0f519efe2beb6b97a63,2026-03,Suffolk Constabulary,Suffolk Constabulary,1.005931,52.343042,On or near The Street,E01030067,Mid Suffolk 002E,Criminal damage and arson,Investigation complete; no suspect identified,
eb1198c2337578afad3e725921c014d6671f3e2c432dc993be33f516ed79aaf6,2026-03,Suffolk Constabulary,Suffolk Constabulary,0.993136,52.333825,On or near Rectory Hill,E01030067,Mid Suffolk 002E,Criminal damage and arson,Investigation complete; no suspect identified,
e73538656978c906592e5682fd54a4a3be4c147b85174823ce99b4859242b229,2026-03,Suffolk Constabulary,Suffolk Constabulary,0.993136,52.333825,On or near Rectory Hill,E01030067,Mid Suffolk 002E,Criminal damage and arson,Investigation complete; no suspect identified,
,2026-03,Suffolk Constabulary,Suffolk Constabulary,0.934744,52.302897,On or near The Street,E01030068,Mid Suffolk 002F,Anti-social behaviour,,
d044a5dae658d54d07a0f6237473a71a02eec99bc55f6ce19d1534274fba1b1a,2026-03,Suffolk Constabulary,Suffolk Constabulary,0.946665,52.330407,On or near Bury Road,E01030068,Mid Suffolk 002F,Public order,Unable to prosecute suspect,
d09e3f38d599b078415f3c3164b5f4ac2ccb91b0ade1085eba7a371c9476e31d,2026-03,Suffolk Constabulary,Suffolk Constabulary,0.945412,52.331877,On or near Upper Street Lane,E01030068,Mid Suffolk 002F,Public order,Unable to prosecute suspect,
d9b988d5caca46a54f903eb509ef0c1d465af9a6131fec3a93cef591e9776e5b,2026-03,Suffolk Constabulary,Suffolk Constabulary,0.940924,52.302069,On or near Willow Close,E01030068,Mid Suffolk 002F,Shoplifting,Under investigation,
d2f081f43c6383879c6adb2ad56437e1e5bfae1989f8e87820cf02f1a54a4bef,2026-03,Suffolk Constabulary,Suffolk Constabulary,0.933084,52.298199,On or near The Causeway,E01030068,Mid Suffolk 002F,Violence and sexual offences,Investigation complete; no suspect identified,
ed9f2812e27235267e6143153e4d8cc7345cca638d49cb6b04c59de57133803c,2026-03,Suffolk Constabulary,Suffolk Constabulary,0.953714,52.332650,On or near Pottery Hill,E01030068,Mid Suffolk 002F,Violence and sexual offences,Unable to prosecute suspect,
db68a56a766eb7e70a4a6031679d6d4f8d72074fc7fc91541c909e9269cd53d1,2026-03,Suffolk Constabulary,Suffolk Constabulary,0.934744,52.302897,On or near The Street,E01030068,Mid Suffolk 002F,Violence and sexual offences,Under investigation,
19e2498cca0995e23c52b72e649a4cec2648463e69cf1fa7c4858119d8054366,2026-03,Suffolk Constabulary,Suffolk Constabulary,1.322467,52.278263,On or near The Thoroughfare,E01030090,Mid Suffolk 003C,Other theft,Investigation complete; no suspect identified,
dd506d8dad196887719633765d1f0240502ef3ff3919e51aa18925a68d0698a2,2026-03,Suffolk Constabulary,Suffolk Constabulary,1.267508,52.241671,On or near Sports/Recreation Area,E01030090,Mid Suffolk 003C,Violence and sexual offences,Under investigation,
260e9c7a480af67e14d635efb73d526d0a008706a57af271b89645024ea407db,2026-03,Suffolk Constabulary,Suffolk Constabulary,1.243323,52.272947,On or near Old Mill Close,E01030090,Mid Suffolk 003C,Violence and sexual offences,Under investigation,
0f908f81ce9f376077b861cf72013aad5460386f0add8e67970bbc4eacdedd7a,2026-03,Suffolk Constabulary,Suffolk Constabulary,1.243323,52.272947,On or near Old Mill Close,E01030090,Mid Suffolk 003C,Violence and sexual offences,Action to be taken by another organisation,
,2026-03,Suffolk Constabulary,Suffolk Constabulary,1.274059,52.322914,On or near Grove End,E01034570,Mid Suffolk 003D,Anti-social behaviour,,
20e8a0953994a3cd9d2f029b7e68a790d7c568d44b246ae6d76d62a1e5a7dc49,2026-03,Suffolk Constabulary,Suffolk Constabulary,1.296921,52.315136,On or near B1117,E01034570,Mid Suffolk 003D,Criminal damage and arson,Unable to prosecute suspect,
a993afabd66a6d2fa90fccfd5263b95b78edfc2671c02f975d2da321552c096d,2026-03,Suffolk Constabulary,Suffolk Constabulary,1.275520,52.319644,On or near Shelton Hill,E01034570,Mid Suffolk 003D,Criminal damage and arson,Unable to prosecute suspect,
dd054f71d05c4327c8e8113b41738a11b4fb12dc47e82fd910337905eee9598e,2026-03,Suffolk Constabulary,Suffolk Constabulary,1.272491,52.315789,On or near Farriers Close,E01034570,Mid Suffolk 003D,Other theft,Investigation complete; no suspect identified,
9acf815ff9d7d08968103d3a56ce5ddd191678b878a796b5d9abec61e7d2d5f0,2026-03,Suffolk Constabulary,Suffolk Constabulary,1.272491,52.315789,On or near Farriers Close,E01034570,Mid Suffolk 003D,Violence and sexual offences,Under investigation,
,2026-03,Suffolk Constabulary,Suffolk Constabulary,0.922538,52.286419,On or near The Broadway,E01030040,Mid Suffolk 004A,Anti-social behaviour,,
c3c220c9d6a1ca805f4e2e47f09e59d813deece0701ce07776998e832306a5ee,2026-03,Suffolk Constabulary,Suffolk Constabulary,0.918259,52.283116,On or near Orchard Way,E01030040,Mid Suffolk 004A,Violence and sexual offences,Under investigation,
ba58f6b69e839125da37c52968125c413ebd1a8f9eebedd464c8f53c34c5bc5e,2026-03,Suffolk Constabulary,Suffolk Constabulary,0.864540,52.263461,On or near Ixworth Road,E01030049,Mid Suffolk 004B,Criminal damage and arson,Investigation complete; no suspect identified,
f50c79ca62e922495671490f99d9589c2dc59df99c5b2156a3cd80d171ad0e1a,2026-03,Suffolk Constabulary,Suffolk Constabulary,0.866021,52.255978,On or near Ixworth Road,E01030049,Mid Suffolk 004B,Criminal damage and arson,Unable to prosecute suspect,
,2026-03,Suffolk Constabulary,Suffolk Constabulary,0.920615,52.235466,On or near Shopping Area,E01030050,Mid Suffolk 004C,Anti-social behaviour,,
,2026-03,Suffolk Constabulary,Suffolk Constabulary,0.917180,52.239463,On or near Blackbourne Road,E01030050,Mid Suffolk 004C,Anti-social behaviour,,
c8b70006d4209d44acd8ce93a655bcb6aa6e7b99cf90acdcfadb936af6fc1728,2026-03,Suffolk Constabulary,Suffolk Constabulary,0.917180,52.239463,On or near Blackbourne Road,E01030050,Mid Suffolk 004C,Burglary,Investigation complete; no suspect identified,
64cdf539c669d7924b63df02369abc83e6ad2a95e641f35136c5297c8f7cb76f,2026-03,Suffolk Constabulary,Suffolk Constabulary,0.909912,52.240776,On or near Lawn Drive,E01030050,Mid Suffolk 004C,Criminal damage and arson,Investigation complete; no suspect identified,
fb3d65c194d4616c7a5e2048b70f77a600dd4beb765db301176ba316c3e1d45f,2026-03,Suffolk Constabulary,Suffolk Constabulary,0.917514,52.240984,On or near Ropers Gardens,E01030050,Mid Suffolk 004C,Criminal damage and arson,Investigation complete; no suspect identified,
68098586f217ff151efa0fd394a9445ee5382ed9d375b896e7c6675ad2693db2,2026-03,Suffolk Constabulary,Suffolk Constabulary,0.919108,52.243840,On or near Ashfield Road,E01030050,Mid Suffolk 004C,Shoplifting,Investigation complete; no suspect identified,
8348cb0eccac76141af0591116ac2543477b64543a9646ef31cd31290e9d6c18,2026-03,Suffolk Constabulary,Suffolk Constabulary,0.919108,52.243840,On or near Ashfield Road,E01030050,Mid Suffolk 004C,Vehicle crime,Investigation complete; no suspect identified,
5a8be458d7ea74fa99f81435b827c722b6fb933e00ddc8539a6bc9ce655f134c,2026-03,Suffolk Constabulary,Suffolk Constabulary,0.919108,52.243840,On or near Ashfield Road,E01030050,Mid Suffolk 004C,Vehicle crime,Unable to prosecute suspect,
67e7e2e98f4990b984623593fae66dbec6c6d332b852d6280435011b40f55fba,2026-03,Suffolk Constabulary,Suffolk Constabulary,0.917180,52.239463,On or near Blackbourne Road,E01030050,Mid Suffolk 004C,Violence and sexual offences,Awaiting court outcome,
9360ce7af6270673fd54fbc49f42e283c4a2615f387c4639c239288d35d5b3cc,2026-03,Suffolk Constabulary,Suffolk Constabulary,0.917265,52.240306,On or near Blacksmiths Way,E01030050,Mid Suffolk 004C,Violence and sexual offences,Awaiting court outcome,
de6c7092c7eeb02dd96d79662e37de7f04efdd10d735301e9c66f02937e21089,2026-03,Suffolk Constabulary,Suffolk Constabulary,0.917895,52.236073,On or near William Armstrong Close,E01030050,Mid Suffolk 004C,Other crime,Unable to prosecute suspect,
e8a2cf789c4857429f35900444632813e95dd34363914879800172d517ccb8b6,2026-03,Suffolk Constabulary,Suffolk Constabulary,0.806618,52.261174,On or near Mill Lane,E01030084,Mid Suffolk 004D,Criminal damage and arson,Unable to prosecute suspect,
69bdef7fb982f4fa2beb6cf1f2332f66f88b3d62be7b8ddde57f9e50c372b124,2026-03,Suffolk Constabulary,Suffolk Constabulary,0.830162,52.249083,On or near Barrell'S Road,E01030084,Mid Suffolk 004D,Criminal damage and arson,Unable to prosecute suspect,
b7d08a70705992b45682d4733a30021575fabf5130c85ea3b1c3be0d6ce56669,2026-03,Suffolk Constabulary,Suffolk Constabulary,0.806618,52.261174,On or near Mill Lane,E01030084,Mid Suffolk 004D,Other theft,Investigation complete; no suspect identified,
6ab2752dc6d674b28259b1115322321f43ce25e9b6aa2a54933caf59cf594ac5,2026-03,Suffolk Constabulary,Suffolk Constabulary,0.809605,52.253243,On or near Wren Close,E01030084,Mid Suffolk 004D,Public order,Unable to prosecute suspect,
5254cda9471940ea85334b66208cc1923c61dbe28655e8a4a4fefbf2da7d726d,2026-03,Suffolk Constabulary,Suffolk Constabulary,0.807490,52.252008,On or near Blackbird Close,E01030084,Mid Suffolk 004D,Shoplifting,Investigation complete; no suspect identified,
1915c75d8aa756a544d6291a20c15fd5219a52cc6ab3d886a3ebb4cac16934e6,2026-03,Suffolk Constabulary,Suffolk Constabulary,0.827814,52.241873,On or near Hollow Lane,E01030084,Mid Suffolk 004D,Violence and sexual offences,Under investigation,
989062d9e10182bb156a68a6c82918f3685f8443aed8a6ca8cc5ad02bd42d125,2026-03,Suffolk Constabulary,Suffolk Constabulary,0.806095,52.253588,On or near Hazelwood Close,E01030084,Mid Suffolk 004D,Violence and sexual offences,Unable to prosecute suspect,
6bf225230c7cbcf124a85f44d356a7ecc8d22929cb9a6e76049b43acebb45f94,2026-03,Suffolk Constabulary,Suffolk Constabulary,0.806618,52.261174,On or near Mill Lane,E01030084,Mid Suffolk 004D,Violence and sexual offences,Under investigation,
c82132db452a6e2e34f6e5fe7dfb0790d23a0f9f4b492227177314e4c189ce3d,2026-03,Suffolk Constabulary,Suffolk Constabulary,0.806095,52.253588,On or near Hazelwood Close,E01030084,Mid Suffolk 004D,Violence and sexual offences,Action to be taken by another organisation,
63747fddd32fa5d6003be6dfe05ea5902a198aad9a8eb97fd81375a6474973c7,2026-03,Suffolk Constabulary,Suffolk Constabulary,0.804331,52.258378,On or near Mill Lane,E01030084,Mid Suffolk 004D,Violence and sexual offences,Offender given a caution,
b04a76bfa3899a7e6e5cba0ea128aa4190314d9cda7ec40a75793c14169c3cef,2026-03,Suffolk Constabulary,Suffolk Constabulary,0.806095,52.253588,On or near Hazelwood Close,E01030084,Mid Suffolk 004D,Violence and sexual offences,Further investigation is not in the public interest,
afca52e8425ba6a58821f86e6e92724858b0147e71e62700f66d925a553e17d9,2026-03,Suffolk Constabulary,Suffolk Constabulary,0.806867,52.253273,On or near Old Norton Road,E01030084,Mid Suffolk 004D,Violence and sexual offences,Unable to prosecute suspect,
bdc0881cb1c1f7c68fa2834751101a493586ea42bf0aa2630f876af5938022b3,2026-03,Suffolk Constabulary,Suffolk Constabulary,0.811332,52.256215,On or near Cedars Close,E01030084,Mid Suffolk 004D,Violence and sexual offences,Unable to prosecute suspect,
283a3dbda2b0ebf91d2ba6c4d6ce651f74fb83da11cc617a3df924707ff93e70,2026-03,Suffolk Constabulary,Suffolk Constabulary,0.814979,52.255499,On or near Meadow Lane,E01030084,Mid Suffolk 004D,Violence and sexual offences,Investigation complete; no suspect identified,
e31c2ba99d59163780178d98056240f9e742bbd7db63ec1e55f772a8308957a6,2026-03,Suffolk Constabulary,Suffolk Constabulary,0.814979,52.255499,On or near Meadow Lane,E01030084,Mid Suffolk 004D,Violence and sexual offences,Unable to prosecute suspect,
d5825b07f67a19131db84db511710fc2bcf38f6f29f2f16bf7c9c6e7d553af2c,2026-03,Suffolk Constabulary,Suffolk Constabulary,0.807490,52.252008,On or near Blackbird Close,E01030084,Mid Suffolk 004D,Other crime,Further investigation is not in the public interest,
,2026-03,Suffolk Constabulary,Suffolk Constabulary,0.814731,52.252510,On or near Sandpit Lane,E01030085,Mid Suffolk 004E,Anti-social behaviour,,
50fb99668ba6eb6019974f360ad568ae0ff3954fcd91d4562697e426fa79a799,2026-03,Suffolk Constabulary,Suffolk Constabulary,0.811496,52.250941,On or near Field View,E01030085,Mid Suffolk 004E,Criminal damage and arson,Investigation complete; no suspect identified,
c73470f79e321733417c0c623617b9e8a24f8817ecf0d4b124810e1500d5b36a,2026-03,Suffolk Constabulary,Suffolk Constabulary,0.814046,52.253255,On or near Cloverfields,E01030085,Mid Suffolk 004E,Possession of weapons,Local resolution,
7a73573eab10e2a8d7931a13c34b2b77667d148faffd99b826b2a8dd4b013b28,2026-03,Suffolk Constabulary,Suffolk Constabulary,0.809980,52.250251,On or near Supermarket,E01030085,Mid Suffolk 004E,Shoplifting,Awaiting court outcome,
0c78117caa3e89ab4fdf9b88a351a23029d96b0cf1f22b8b5fdbd844be1a2b17,2026-03,Suffolk Constabulary,Suffolk Constabulary,0.809980,52.250251,On or near Supermarket,E01030085,Mid Suffolk 004E,Shoplifting,Investigation complete; no suspect identified,
8bbcaeba0b0ef3821ddd8cfde31243007babfd45aecff876c683cdad9036b187,2026-03,Suffolk Constabulary,Suffolk Constabulary,0.810358,52.249628,On or near Royston Drive,E01030085,Mid Suffolk 004E,Shoplifting,Awaiting court outcome,
95ef0756151ed1362848499c85e459d0187673a08e44ef6bc86d5d759c181228,2026-03,Suffolk Constabulary,Suffolk Constabulary,0.811669,52.251585,On or near New Green Avenue,E01030085,Mid Suffolk 004E,Violence and sexual offences,Unable to prosecute suspect,
06e23b4e280be7708f76e351079942a786e2ba102960f0994c9e83d28bd2f265,2026-03,Suffolk Constabulary,Suffolk Constabulary,0.824261,52.248451,On or near Old Post Office Lane,E01030085,Mid Suffolk 004E,Violence and sexual offences,Unable to prosecute suspect,
05dcdd0b1ab0153d9cee31ee7909c37c3d2b87a59c79cb3ac02b5f8011cc2d81,2026-03,Suffolk Constabulary,Suffolk Constabulary,0.814731,52.252510,On or near Sandpit Lane,E01030085,Mid Suffolk 004E,Violence and sexual offences,Under investigation,
83845c04f9d277aec59721ec9784877e0b687ae729efaceb1e57c351b40abda5,2026-03,Suffolk Constabulary,Suffolk Constabulary,1.001910,52.223820,On or near Cross Green,E01030037,Mid Suffolk 005A,Burglary,Investigation complete; no suspect identified,
564b72b476c65e119696bb65cc7e8b6fb0ccc2f20f425d959d72a73fa0e1d013,2026-03,Suffolk Constabulary,Suffolk Constabulary,1.001910,52.223820,On or near Cross Green,E01030037,Mid Suffolk 005A,Violence and sexual offences,Action to be taken by another organisation,
b5f75df549966e2385eee109586622270c6d937912d8f4257b2bb1c2631a4c69,2026-03,Suffolk Constabulary,Suffolk Constabulary,1.081165,52.251302,On or near Braybrooke Close,E01030059,Mid Suffolk 005C,Violence and sexual offences,Local resolution,
c69bc7e3756ba98c2bd1738476b93eb120cb85310102d592248c67a67f1e9761,2026-03,Suffolk Constabulary,Suffolk Constabulary,1.029519,52.263648,On or near Miles Paddock,E01030059,Mid Suffolk 005C,Violence and sexual offences,Unable to prosecute suspect,
72a5bd4163df953ae51a6973acb8ad15a085c4bde6280a22a6311440343972ce,2026-03,Suffolk Constabulary,Suffolk Constabulary,1.071689,52.278062,On or near Thwaite Road,E01030059,Mid Suffolk 005C,Violence and sexual offences,Unable to prosecute suspect,
,2026-03,Suffolk Constabulary,Suffolk Constabulary,1.016095,52.196100,On or near Highfield Road,E01030081,Mid Suffolk 005D,Anti-social behaviour,,
231d9c2832adc704350a976113db10c10987a1c7a6c4201632e4ef8d6877b146,2026-03,Suffolk Constabulary,Suffolk Constabulary,1.038984,52.184936,On or near Creeting Lane,E01030081,Mid Suffolk 005D,Other theft,Investigation complete; no suspect identified,
68bc9ab04d99982795f426d4b7ccf02bbad37ef1858b10afb864fabf3e5279da,2026-03,Suffolk Constabulary,Suffolk Constabulary,1.024169,52.202926,On or near Gipping Road,E01030081,Mid Suffolk 005D,Robbery,Unable to prosecute suspect,
eb3ab51fc32264d952e88102f2b78b143796790f442e255068be1925b033bce2,2026-03,Suffolk Constabulary,Suffolk Constabulary,1.038984,52.184936,On or near Creeting Lane,E01030081,Mid Suffolk 005D,Vehicle crime,Investigation complete; no suspect identified,
1590e4dab782b5456ba8aecc94bc64042a6f3c938b21945fe7b0424fbec28ca8,2026-03,Suffolk Constabulary,Suffolk Constabulary,1.022920,52.203066,On or near Columbyne Close,E01030081,Mid Suffolk 005D,Violence and sexual offences,Under investigation,
6c27e1f552b2b6d8c29080767213c3c048ca4d52217fe17dd712df574d9d0441,2026-03,Suffolk Constabulary,Suffolk Constabulary,1.022920,52.203066,On or near Columbyne Close,E01030081,Mid Suffolk 005D,Violence and sexual offences,Under investigation,
50e0d6093d5e36a2094eb810900972ee01589de2c2f6453122119a4d527d7993,2026-03,Suffolk Constabulary,Suffolk Constabulary,1.024169,52.202926,On or near Gipping Road,E01030081,Mid Suffolk 005D,Violence and sexual offences,Under investigation,
1c7c31eb4aa3170e726c222f484e36e47e9d43451fdde1887d4c3f86beffd0a0,2026-03,Suffolk Constabulary,Suffolk Constabulary,1.020266,52.197819,On or near Hornbeam Road,E01030081,Mid Suffolk 005D,Violence and sexual offences,Action to be taken by another organisation,
e6291c127ccb3dd6865b26894e8a15fe8cf9d8709b58542c288449cf2c699109,2026-03,Suffolk Constabulary,Suffolk Constabulary,1.022920,52.203066,On or near Columbyne Close,E01030081,Mid Suffolk 005D,Violence and sexual offences,Under investigation,
260c8e1147cf280f3680d0c3ced0199bb27eaf3ab78a2d17561c3f01e7a3a177,2026-03,Suffolk Constabulary,Suffolk Constabulary,1.022920,52.203066,On or near Columbyne Close,E01030081,Mid Suffolk 005D,Violence and sexual offences,Offender given a caution,
257881c8d168db23af46e8705603a9abf0688370fce3a95f28b5785bc0a4bc03,2026-03,Suffolk Constabulary,Suffolk Constabulary,1.020266,52.197819,On or near Hornbeam Road,E01030081,Mid Suffolk 005D,Violence and sexual offences,Unable to prosecute suspect,
933c85fe1efc6c9a532681551fc126a4dc30b5b02f357a47d21f2c14d286982a,2026-03,Suffolk Constabulary,Suffolk Constabulary,0.918879,52.230985,On or near Lea Road,E01030051,Mid Suffolk 006A,Other theft,Investigation complete; no suspect identified,
8d41427f910757dc30672d3a238a2d365a67c87e8d780ef8f9ba1e72e806b441,2026-03,Suffolk Constabulary,Suffolk Constabulary,0.918893,52.231192,On or near Furlong Close,E01030051,Mid Suffolk 006A,Violence and sexual offences,Under investigation,
3e3b82045e190dbe1add4b2c189bfa2bf56c8247744c9e5496b9ddc6eea21532,2026-03,Suffolk Constabulary,Suffolk Constabulary,0.918893,52.231192,On or near Furlong Close,E01030051,Mid Suffolk 006A,Violence and sexual offences,Unable to prosecute suspect,
e2f28191e39455c18e340894984379f9c14bba4e41ec274dbfb589d7dfe1e5dc,2026-03,Suffolk Constabulary,Suffolk Constabulary,0.914463,52.233999,On or near Cooks Road,E01030051,Mid Suffolk 006A,Violence and sexual offences,Unable to prosecute suspect,
c5374f4bc57b7ca029a455ade43438fe6a3ea70588572bfef43eddd98f15181b,2026-03,Suffolk Constabulary,Suffolk Constabulary,0.919236,52.232847,On or near Laurel Court,E01030051,Mid Suffolk 006A,Violence and sexual offences,Investigation complete; no suspect identified,
b0ea2774f6a48b812ac9e4b6b6626a89a33ccdd5245703b0e7ff662e99674a3e,2026-03,Suffolk Constabulary,Suffolk Constabulary,0.908634,52.237579,On or near Farm Meadow,E01030051,Mid Suffolk 006A,Violence and sexual offences,Investigation complete; no suspect identified,
1b998c90694c7633e6c65b6e3009fce8f0852701658499ad6cddf8af06239f1e,2026-03,Suffolk Constabulary,Suffolk Constabulary,0.914463,52.233999,On or near Cooks Road,E01030051,Mid Suffolk 006A,Violence and sexual offences,Under investigation,
7bfa3d5eed43083b71b212919e97864aa2f72eb22a91e54d4651252e6579bde7,2026-03,Suffolk Constabulary,Suffolk Constabulary,0.914463,52.233999,On or near Cooks Road,E01030051,Mid Suffolk 006A,Violence and sexual offences,Unable to prosecute suspect,
ba17d4c697849567ce74e3919cb70c746a06895d81881fbea669437edeabdaaa,2026-03,Suffolk Constabulary,Suffolk Constabulary,0.907754,52.237348,On or near School Road,E01030051,Mid Suffolk 006A,Other crime,Under investigation,
85a787144b4b33621e9eec9c3f5e0dc661d4108b7abb632b50c752e7c6b91342,2026-03,Suffolk Constabulary,Suffolk Constabulary,0.966733,52.220276,On or near Old Street,E01030056,Mid Suffolk 006B,Other theft,Investigation complete; no suspect identified,
dafa5476a742981026deb8de42c51ea79eb1241ee20940073cf11de88914fee9,2026-03,Suffolk Constabulary,Suffolk Constabulary,0.972100,52.219737,On or near Station Road,E01030056,Mid Suffolk 006B,Public order,Unable to prosecute suspect,
65d29a215eab75254b5307debf4d298e3d962cc9514a7cac8b98192eb3ebf67f,2026-03,Suffolk Constabulary,Suffolk Constabulary,0.966733,52.220276,On or near Old Street,E01030056,Mid Suffolk 006B,Shoplifting,Unable to prosecute suspect,
d07d823a90eb2bfa8032d0353dc7d3326c8f2d3cb12825415b33d912294e28da,2026-03,Suffolk Constabulary,Suffolk Constabulary,0.972100,52.219737,On or near Station Road,E01030056,Mid Suffolk 006B,Violence and sexual offences,Unable to prosecute suspect,
66016417c79c54b1be4f3a20a08aa4fd1d73749683158907abde83c219feb54b,2026-03,Suffolk Constabulary,Suffolk Constabulary,0.970244,52.217382,On or near Fishponds Way,E01030056,Mid Suffolk 006B,Violence and sexual offences,Unable to prosecute suspect,
f6723f9db3e111b05fc7f2b06bf9b386da7a584d3edf3878ce00e23f2cc75789,2026-03,Suffolk Constabulary,Suffolk Constabulary,0.825896,52.233834,On or near Bury Road,E01030086,Mid Suffolk 006D,Burglary,Investigation complete; no suspect identified,
bcd7dea20a275268bf7d37b297a564b5e14e01fb687af86a90d0d14c5e96bdb4,2026-03,Suffolk Constabulary,Suffolk Constabulary,0.829227,52.236695,On or near Thurston Road,E01030086,Mid Suffolk 006D,Violence and sexual offences,Unable to prosecute suspect,
,2026-03,Suffolk Constabulary,Suffolk Constabulary,0.889775,52.224259,On or near Sports/Recreation Area,E01030089,Mid Suffolk 006E,Anti-social behaviour,,
,2026-03,Suffolk Constabulary,Suffolk Constabulary,0.901452,52.225390,On or near Southlands Row,E01030089,Mid Suffolk 006E,Anti-social behaviour,,
edaaf95b03b7277737ec87a8ed78fb335e4a6175fab271cb429ab0f74bdb3215,2026-03,Suffolk Constabulary,Suffolk Constabulary,0.891526,52.224312,On or near Petrol Station,E01030089,Mid Suffolk 006E,Other theft,Investigation complete; no suspect identified,
5821c1aa36345a0d0321b54b42144388fd2a3c493906fd0c3fc7c2bf92d97626,2026-03,Suffolk Constabulary,Suffolk Constabulary,0.894123,52.220794,On or near Roman Fields,E01030089,Mid Suffolk 006E,Public order,Local resolution,
fc47e9d35befc65032f516ef189a1f2d7fddc6337dbd056e153c3dbfdab33eab,2026-03,Suffolk Constabulary,Suffolk Constabulary,0.898247,52.225208,On or near Old Stowmarket Road,E01030089,Mid Suffolk 006E,Public order,Investigation complete; no suspect identified,
61f6a7376de045506f6c78e1803aa6754cc193092535466417a71b9417bdc462,2026-03,Suffolk Constabulary,Suffolk Constabulary,0.892929,52.220446,On or near Lanecroft,E01030089,Mid Suffolk 006E,Public order,Under investigation,
adbf2c564e5baf1d4a26c8816889fe36c0a3b60b6d5e63f374ef65e05e545643,2026-03,Suffolk Constabulary,Suffolk Constabulary,0.898247,52.225208,On or near Old Stowmarket Road,E01030089,Mid Suffolk 006E,Vehicle crime,Investigation complete; no suspect identified,
4105aaae7c15d1157d7af2ddd118fe5a7affb43daa578b11810fc1da298cf71a,2026-03,Suffolk Constabulary,Suffolk Constabulary,0.886139,52.226602,On or near Hay Barn Meadow,E01030089,Mid Suffolk 006E,Violence and sexual offences,Unable to prosecute suspect,
ac284eaa49efc851c5e5f4f7aac5366a7e2958849d267b24f4bd735a780a5c28,2026-03,Suffolk Constabulary,Suffolk Constabulary,0.886139,52.226602,On or near Hay Barn Meadow,E01030089,Mid Suffolk 006E,Violence and sexual offences,Unable to prosecute suspect,
a644284f3df6831233ba0e530fee619760d3029c8ad7adaea3c2317b3422f1f1,2026-03,Suffolk Constabulary,Suffolk Constabulary,0.882901,52.224091,On or near Mitre Close,E01030089,Mid Suffolk 006E,Violence and sexual offences,Unable to prosecute suspect,
c77233565329dcca1fef59222253b0c6f283c65e7caf9355101f0a37222d2416,2026-03,Suffolk Constabulary,Suffolk Constabulary,0.890720,52.223180,On or near Mill Lane,E01030089,Mid Suffolk 006E,Violence and sexual offences,Unable to prosecute suspect,
cbbebc808141828bf34a82385f163afb50abffd032284fb7b8f5cf7c7ffbbfff,2026-03,Suffolk Constabulary,Suffolk Constabulary,0.882385,52.226082,On or near Lower Broom Road,E01030089,Mid Suffolk 006E,Violence and sexual offences,Action to be taken by another organisation,
153e5d02f60c53e7a8a4a8e1727d518b72bd013614fc5e3b55ddb108016716f6,2026-03,Suffolk Constabulary,Suffolk Constabulary,0.894123,52.220794,On or near Roman Fields,E01030089,Mid Suffolk 006E,Violence and sexual offences,Investigation complete; no suspect identified,
,2026-03,Suffolk Constabulary,Suffolk Constabulary,1.180183,52.226756,On or near Chancery Lane,E01030048,Mid Suffolk 007A,Anti-social behaviour,,
,2026-03,Suffolk Constabulary,Suffolk Constabulary,1.183087,52.223539,On or near Cross Green,E01030048,Mid Suffolk 007A,Anti-social behaviour,,
618838078fae59af6527a30d946871515827d2b55169db854e14ea2271120d6f,2026-03,Suffolk Constabulary,Suffolk Constabulary,1.180627,52.227230,On or near Aspall Road,E01030048,Mid Suffolk 007A,Criminal damage and arson,Investigation complete; no suspect identified,
15fdf26faab822f8dfdf6c97a1951da2020b1000c690dc48c5615ae06193e223,2026-03,Suffolk Constabulary,Suffolk Constabulary,1.173749,52.223413,On or near Sackvylle Street,E01030048,Mid Suffolk 007A,Other theft,Unable to prosecute suspect,
50ab53d6b441346c0e6163e2181fb97fa7eac2cf657aa8678a87589de7f3017e,2026-03,Suffolk Constabulary,Suffolk Constabulary,1.176192,52.221944,On or near Raedwald Way,E01030048,Mid Suffolk 007A,Violence and sexual offences,Action to be taken by another organisation,
b8531aa6b7738b7584fca3be307bb796c4e23196234416aaa1578421f8e8e50a,2026-03,Suffolk Constabulary,Suffolk Constabulary,1.177908,52.222186,On or near Gardeners Road,E01030048,Mid Suffolk 007A,Violence and sexual offences,Action to be taken by another organisation,
181d31fedd455e19bb5b0a617ca539765e8e5395d94135074133dc8560761aaf,2026-03,Suffolk Constabulary,Suffolk Constabulary,1.181209,52.227178,On or near Coopersfield,E01030048,Mid Suffolk 007A,Violence and sexual offences,Under investigation,
c39a3b87b65f4fe5c2b0378869547ad1f72d8d0b14845e037ef0ba9c6efe0ff9,2026-03,Suffolk Constabulary,Suffolk Constabulary,1.190575,52.242592,On or near Bellwell Lane,E01030048,Mid Suffolk 007A,Other crime,Further investigation is not in the public interest,
,2026-03,Suffolk Constabulary,Suffolk Constabulary,1.223789,52.173884,On or near Park/Open Space,E01030057,Mid Suffolk 007B,Anti-social behaviour,,
c53e278a912defb11815221aaf7b4eb562464ae48ec99f72e55d9aa85bc056f5,2026-03,Suffolk Constabulary,Suffolk Constabulary,1.079675,52.147483,On or near Petrol Station,E01030057,Mid Suffolk 007B,Other theft,Investigation complete; no suspect identified,
0d9fa112560c362b5cefbc60e7de3410277ade4ddda29d348e36b4f008110df0,2026-03,Suffolk Constabulary,Suffolk Constabulary,1.158013,52.160789,On or near King'S Lane,E01030057,Mid Suffolk 007B,Other crime,Under investigation,
,2026-03,Suffolk Constabulary,Suffolk Constabulary,1.059511,52.160428,On or near Flordon Road,E01030083,Mid Suffolk 007C,Anti-social behaviour,,
0bf78b6006c253b6862ce7a580bdf22501f3c212fb010a8a8cc7ddc5c12e1e59,2026-03,Suffolk Constabulary,Suffolk Constabulary,1.135493,52.190944,On or near East End Road,E01030083,Mid Suffolk 007C,Burglary,Investigation complete; no suspect identified,
567a1018ad81623cfb4cba0dcf3b84f643fac15c4d6756e1be316b56e9e95b06,2026-03,Suffolk Constabulary,Suffolk Constabulary,1.099424,52.199821,On or near Norwich Road,E01030083,Mid Suffolk 007C,Drugs,Awaiting court outcome,
fdcac59765b9bbe172d1988d0875b4141e574ec9720452a98ab93b9d06c96ebc,2026-03,Suffolk Constabulary,Suffolk Constabulary,1.097408,52.189144,On or near Meadow Vale,E01030083,Mid Suffolk 007C,Other theft,Investigation complete; no suspect identified,
633607d55675a09f094b21956250d4ed153c80895a7af5fa8e76a4a1c353f866,2026-03,Suffolk Constabulary,Suffolk Constabulary,1.123586,52.191008,On or near Quoits Meadow,E01030083,Mid Suffolk 007C,Public order,Unable to prosecute suspect,
544159c8d8ae60c2cfd909f7e54a701f4d0d779286075479df87f25aecc4e6e4,2026-03,Suffolk Constabulary,Suffolk Constabulary,1.131588,52.188061,On or near Crowfield Road,E01030083,Mid Suffolk 007C,Shoplifting,Investigation complete; no suspect identified,
63036a46fc799d528646042024d8d3e456ef8a593667b09b38a1baf150875b56,2026-03,Suffolk Constabulary,Suffolk Constabulary,1.099424,52.199821,On or near Norwich Road,E01030083,Mid Suffolk 007C,Violence and sexual offences,Action to be taken by another organisation,
15d44302315556adf7c31b5a7acafe1031bb34f280105d737f974991867e5de6,2026-03,Suffolk Constabulary,Suffolk Constabulary,1.062958,52.179081,On or near Fen Lane,E01030083,Mid Suffolk 007C,Violence and sexual offences,Unable to prosecute suspect,
7670bbe21454b735475710ccb114e991b4d0ae3b23db67604c273fcaf31b01fa,2026-03,Suffolk Constabulary,Suffolk Constabulary,1.110740,52.299262,On or near Clay Lane,E01030087,Mid Suffolk 007D,Burglary,Investigation complete; no suspect identified,
8e70481ad700559dad180dcdd3c35834cbb3d9e3131cd8f597ef23d2eba4ea18,2026-03,Suffolk Constabulary,Suffolk Constabulary,1.110740,52.299262,On or near Clay Lane,E01030087,Mid Suffolk 007D,Burglary,Investigation complete; no suspect identified,
e2e15310a4727cc9754118026d9b766bdaac672de58defae43c1e3712d4700a6,2026-03,Suffolk Constabulary,Suffolk Constabulary,1.095331,52.271212,On or near Wickham Road,E01030087,Mid Suffolk 007D,Violence and sexual offences,Action to be taken by another organisation,
97f2d1644487f94ff1be53efba505d48e225f043de3229ae19aacc461afb150f,2026-03,Suffolk Constabulary,Suffolk Constabulary,1.095331,52.271212,On or near Wickham Road,E01030087,Mid Suffolk 007D,Violence and sexual offences,Offender given a caution,
3aaa37d0b96936814a59691b166286f0a7e27040a999a5e1118dbef2fd733cab,2026-03,Suffolk Constabulary,Suffolk Constabulary,1.114966,52.259165,On or near Church Street,E01030087,Mid Suffolk 007D,Violence and sexual offences,Action to be taken by another organisation,
55677d6cc8e83448e9eeb3b8191da1830052c014657e029ca31525b4e82ddeaa,2026-03,Suffolk Constabulary,Suffolk Constabulary,1.101931,52.259293,On or near The Street,E01030087,Mid Suffolk 007D,Violence and sexual offences,Investigation complete; no suspect identified,
5a6f11fb966a7926ddddb8ae2ee60089eb984862582bd0728930847ec2204e51,2026-03,Suffolk Constabulary,Suffolk Constabulary,1.115170,52.254348,On or near Hockey Hill,E01030087,Mid Suffolk 007D,Violence and sexual offences,Investigation complete; no suspect identified,
b1a1111b4c76fdd3f53e1634952a44c0de28ee8159f71f82991e50841fc8556e,2026-03,Suffolk Constabulary,Suffolk Constabulary,1.095331,52.271212,On or near Wickham Road,E01030087,Mid Suffolk 007D,Violence and sexual offences,Action to be taken by another organisation,
ae2fbaa141fc884e0db57d0470a2ac4f968286ad01cca48c357d077c0da19a0c,2026-03,Suffolk Constabulary,Suffolk Constabulary,1.095331,52.271212,On or near Wickham Road,E01030087,Mid Suffolk 007D,Violence and sexual offences,Action to be taken by another organisation,
57c29cc37c19fd8f2af3ba278c935801d6d381668dd673526815608c99a17452,2026-03,Suffolk Constabulary,Suffolk Constabulary,1.095331,52.271212,On or near Wickham Road,E01030087,Mid Suffolk 007D,Violence and sexual offences,Action to be taken by another organisation,
233f0536251aeafe1c003c03e110dc590b73d837a720fb6778825899bef959e1,2026-03,Suffolk Constabulary,Suffolk Constabulary,1.095331,52.271212,On or near Wickham Road,E01030087,Mid Suffolk 007D,Violence and sexual offences,Unable to prosecute suspect,
166c0ec34a21debbddb60e051f40b3a8abf84565c372d2d630959b1b70524bb3,2026-03,Suffolk Constabulary,Suffolk Constabulary,0.989037,52.188497,On or near B1115,E01030073,Mid Suffolk 008A,Criminal damage and arson,Local resolution,
64f43147b56cc37f688f624183aa97f900aa01b674a9e44c0c7f7a4cac2b7015,2026-03,Suffolk Constabulary,Suffolk Constabulary,0.991705,52.188133,On or near Kettlelea Court,E01030073,Mid Suffolk 008A,Drugs,Local resolution,
2514eec37b1513eee93c07d1143df20918cd616f0c33f3ff401e5f81c4bd6eb2,2026-03,Suffolk Constabulary,Suffolk Constabulary,0.985846,52.191977,On or near Lydgate Road,E01030073,Mid Suffolk 008A,Violence and sexual offences,Unable to prosecute suspect,
37d52dc73511982045f9a6657ff6965e1a59b45647133fe13e8e84ec72f37031,2026-03,Suffolk Constabulary,Suffolk Constabulary,0.987677,52.190042,On or near Recreation Road,E01030073,Mid Suffolk 008A,Violence and sexual offences,Unable to prosecute suspect,
ac57183f436e8a3c79462fa37b1f3a544eb1b3088324728905a1d440e59ddefb,2026-03,Suffolk Constabulary,Suffolk Constabulary,0.991705,52.188133,On or near Kettlelea Court,E01030073,Mid Suffolk 008A,Violence and sexual offences,Under investigation,
,2026-03,Suffolk Constabulary,Suffolk Constabulary,0.991992,52.191318,On or near Violet Hill Road,E01030077,Mid Suffolk 008B,Anti-social behaviour,,
f79719a8c1eb09d7d8cfa6caf15421d30213690ce2495513cb171fa5c48bf690,2026-03,Suffolk Constabulary,Suffolk Constabulary,0.984941,52.195715,On or near Delius Close,E01030077,Mid Suffolk 008B,Criminal damage and arson,Unable to prosecute suspect,
baa61d932fd340aa01454d4891998a736e33dc65f61cf108c9cad7054551e005,2026-03,Suffolk Constabulary,Suffolk Constabulary,0.991992,52.191318,On or near Violet Hill Road,E01030077,Mid Suffolk 008B,Criminal damage and arson,Unable to prosecute suspect,
3df15adc975eb55f369d78d2b511d2f9e2101f3286890c78f5aad35ddbe7d331,2026-03,Suffolk Constabulary,Suffolk Constabulary,0.990059,52.192608,On or near Police Station,E01030077,Mid Suffolk 008B,Criminal damage and arson,Unable to prosecute suspect,
7696d00f4393ae752a6b162027e01e5a1734935617f784efd6b06cb3c3e234f8,2026-03,Suffolk Constabulary,Suffolk Constabulary,0.984941,52.195715,On or near Delius Close,E01030077,Mid Suffolk 008B,Criminal damage and arson,Unable to prosecute suspect,
0db567887e9bd7bb156e535df47565e547877591fa3883b4e76b4ba5d17dff24,2026-03,Suffolk Constabulary,Suffolk Constabulary,0.992905,52.192716,On or near Orchard Court,E01030077,Mid Suffolk 008B,Other theft,Unable to prosecute suspect,
e8c92a1fe39cb2b8eee23c588474acde196b06f92bc7fabc27d27c0ea9a963b0,2026-03,Suffolk Constabulary,Suffolk Constabulary,0.991992,52.191318,On or near Violet Hill Road,E01030077,Mid Suffolk 008B,Violence and sexual offences,Action to be taken by another organisation,
6a64ff67f21fdb7179d0274cd109b42acbf4d4bbb58aaa458206db643937b1f5,2026-03,Suffolk Constabulary,Suffolk Constabulary,0.991992,52.191318,On or near Violet Hill Road,E01030077,Mid Suffolk 008B,Violence and sexual offences,Investigation complete; no suspect identified,
39c525f1a3588d5a9373b915168b1a4fa33669e95619c0faec040e6b41e26616,2026-03,Suffolk Constabulary,Suffolk Constabulary,0.991992,52.191318,On or near Violet Hill Road,E01030077,Mid Suffolk 008B,Violence and sexual offences,Unable to prosecute suspect,
54f68676d68f00a1ca6d7ac5dd9302b4e9ff9f3bcbfae0ac3133a32ffe7b29d1,2026-03,Suffolk Constabulary,Suffolk Constabulary,0.990973,52.189221,On or near Childer Road,E01030077,Mid Suffolk 008B,Violence and sexual offences,Under investigation,
428b34a3564a9c9d882ab70e3cc927655f1e263f40bf7b754e6a72e78641977d,2026-03,Suffolk Constabulary,Suffolk Constabulary,0.990059,52.192608,On or near Police Station,E01030077,Mid Suffolk 008B,Violence and sexual offences,Investigation complete; no suspect identified,
5a7e61fe99d40f051353b190cbe777a877e124cfb835fa5e9efb1f44317b8251,2026-03,Suffolk Constabulary,Suffolk Constabulary,0.984941,52.195715,On or near Delius Close,E01030077,Mid Suffolk 008B,Violence and sexual offences,Unable to prosecute suspect,
f8f9bd0e421eca9120576f4d1f7774af26bc82cf3f0d25d685f92db3e8cf0cd5,2026-03,Suffolk Constabulary,Suffolk Constabulary,0.987719,52.195896,On or near Margaret Road,E01030077,Mid Suffolk 008B,Violence and sexual offences,Unable to prosecute suspect,
a594297d0716b3ebbcdbbf5ade8a6d6c1128efcd46fa0b930802d1886d593a5e,2026-03,Suffolk Constabulary,Suffolk Constabulary,0.991141,52.194775,On or near Cherry Tree Road,E01030077,Mid Suffolk 008B,Violence and sexual offences,Under investigation,
896df6bd20c799457b8df7ad8c507f44b68472e5bd814d5a1a0c2e57506abb78,2026-03,Suffolk Constabulary,Suffolk Constabulary,0.984941,52.195715,On or near Delius Close,E01030077,Mid Suffolk 008B,Violence and sexual offences,Unable to prosecute suspect,
b944e4d24acfdfaa0e33cc3d60c4e581755e29e05b6f9d99725ffeb1c63b4982,2026-03,Suffolk Constabulary,Suffolk Constabulary,0.990059,52.192608,On or near Police Station,E01030077,Mid Suffolk 008B,Violence and sexual offences,Unable to prosecute suspect,
bea0640f543bf03679453175402f12b7ae4613b9a476a25fca7ed20459e1cbcb,2026-03,Suffolk Constabulary,Suffolk Constabulary,0.993420,52.191228,On or near Fairfield Hill,E01030077,Mid Suffolk 008B,Violence and sexual offences,Action to be taken by another organisation,
d52a2e254a519fc12b3a805e75db0d38522c7386d51b9d8920f4bf3c0d323280,2026-03,Suffolk Constabulary,Suffolk Constabulary,0.991992,52.191318,On or near Violet Hill Road,E01030077,Mid Suffolk 008B,Violence and sexual offences,Unable to prosecute suspect,
419d1e3d0332899a46556e512be2d1818130d798134084c24c8b9bef8373e0bc,2026-03,Suffolk Constabulary,Suffolk Constabulary,0.987719,52.195896,On or near Margaret Road,E01030077,Mid Suffolk 008B,Violence and sexual offences,Unable to prosecute suspect,
d85ab3437300aeac19b3d533c1fd3600e107a3efcd99d7bac59be590f5c709a6,2026-03,Suffolk Constabulary,Suffolk Constabulary,0.991992,52.191318,On or near Violet Hill Road,E01030077,Mid Suffolk 008B,Violence and sexual offences,Action to be taken by another organisation,
be6ebf2ee4207072761c9a89db4f6d400d5510f269500688382690b2562b3468,2026-03,Suffolk Constabulary,Suffolk Constabulary,0.984941,52.195715,On or near Delius Close,E01030077,Mid Suffolk 008B,Other crime,Awaiting court outcome,
,2026-03,Suffolk Constabulary,Suffolk Constabulary,0.995688,52.175126,On or near Hillside,E01030079,Mid Suffolk 008C,Anti-social behaviour,,
,2026-03,Suffolk Constabulary,Suffolk Constabulary,0.995688,52.175126,On or near Hillside,E01030079,Mid Suffolk 008C,Anti-social behaviour,,
47baafb90a0215449000d89531959aea865dca44eb36fdc58a57b1cd2bcba7fd,2026-03,Suffolk Constabulary,Suffolk Constabulary,0.992309,52.176219,On or near Hill Rise,E01030079,Mid Suffolk 008C,Criminal damage and arson,Unable to prosecute suspect,
4d15424ef1587bd645cf7c586f1c522fb3c12a3db0aa92f62b5527da69317578,2026-03,Suffolk Constabulary,Suffolk Constabulary,0.992309,52.176219,On or near Hill Rise,E01030079,Mid Suffolk 008C,Drugs,Offender given a caution,
d12139b979b13babf9857fa753ff10cabddefa0607235f9b3a3d6f450c18d0dd,2026-03,Suffolk Constabulary,Suffolk Constabulary,0.992309,52.176219,On or near Hill Rise,E01030079,Mid Suffolk 008C,Public order,Under investigation,
fee4a62afbde120855fe27b7599155e81a037e89a92163ff40b422093860d797,2026-03,Suffolk Constabulary,Suffolk Constabulary,0.991595,52.173863,On or near Church Road,E01030079,Mid Suffolk 008C,Vehicle crime,Investigation complete; no suspect identified,
344752b8342e2b7717159cc0ad6592d0b71188a01c25f91a19d118af8ae0ede2,2026-03,Suffolk Constabulary,Suffolk Constabulary,0.993679,52.173747,On or near Combs Wood Drive,E01030079,Mid Suffolk 008C,Violence and sexual offences,Unable to prosecute suspect,
69bafd25b5bcbb9666735220a349531edb1b40755d703dc0c1f88540a53262e2,2026-03,Suffolk Constabulary,Suffolk Constabulary,0.995688,52.175126,On or near Hillside,E01030079,Mid Suffolk 008C,Violence and sexual offences,Unable to prosecute suspect,
21c48e3d8ec9c01203d8dce3dd2d44d74b10f6709fb6c263122d7413565e02c7,2026-03,Suffolk Constabulary,Suffolk Constabulary,0.992309,52.176219,On or near Hill Rise,E01030079,Mid Suffolk 008C,Violence and sexual offences,Unable to prosecute suspect,
49aad2c347514023d8c7445a01494a8d8db6f7736ba9daf74385000aa5fcc58c,2026-03,Suffolk Constabulary,Suffolk Constabulary,0.988613,52.175638,On or near The Twinnings,E01030079,Mid Suffolk 008C,Violence and sexual offences,Unable to prosecute suspect,
17e8027bb7a618006a06bf364c4de0a2fd57a8d46a449150a76914edc5f7e608,2026-03,Suffolk Constabulary,Suffolk Constabulary,0.997900,52.179962,On or near The Square,E01030080,Mid Suffolk 008D,Criminal damage and arson,Awaiting court outcome,
a7883bc5e1f16573cb742e512ba0503bccf8a5d70fc78866fcc11e3ddb70c2e5,2026-03,Suffolk Constabulary,Suffolk Constabulary,0.997041,52.180253,On or near Supermarket,E01030080,Mid Suffolk 008D,Drugs,Awaiting court outcome,
5e27d2dba264c61fd7a7601b3d17441c21eaf11f966719e2a56416bd36641e17,2026-03,Suffolk Constabulary,Suffolk Constabulary,0.997041,52.180253,On or near Supermarket,E01030080,Mid Suffolk 008D,Other theft,Investigation complete; no suspect identified,
eb24e482cce7ef8b3d3e78f92c867425449bf10747ca82265565da2850b5d707,2026-03,Suffolk Constabulary,Suffolk Constabulary,0.997041,52.180253,On or near Supermarket,E01030080,Mid Suffolk 008D,Shoplifting,Investigation complete; no suspect identified,
d84b865bb588abde35e988f879df134da517d3c870e768840d5526a7cd96414d,2026-03,Suffolk Constabulary,Suffolk Constabulary,0.995451,52.178352,On or near Edgar Avenue,E01030080,Mid Suffolk 008D,Violence and sexual offences,Unable to prosecute suspect,
e527267097867490cc9460636d7659b0a819959bce53de70b39deffa5def85c3,2026-03,Suffolk Constabulary,Suffolk Constabulary,0.997041,52.180253,On or near Supermarket,E01030080,Mid Suffolk 008D,Violence and sexual offences,Unable to prosecute suspect,
7bb05566c9b80b02e3dc7c5982e031d759ebf9ad586e7586d5e54ccce4ac9e8a,2026-03,Suffolk Constabulary,Suffolk Constabulary,0.997900,52.179962,On or near The Square,E01030080,Mid Suffolk 008D,Violence and sexual offences,Investigation complete; no suspect identified,
400a4e74e4ac9b0c48608ecb5bbe324b903c9564916d73a2a4a0d354a4627808,2026-03,Suffolk Constabulary,Suffolk Constabulary,0.999682,52.178172,On or near Ford View Road,E01030080,Mid Suffolk 008D,Violence and sexual offences,Unable to prosecute suspect,
1c73a83055cbff4b61587513c2da562b0e2142ad9f87712c3b71c514d1aba686,2026-03,Suffolk Constabulary,Suffolk Constabulary,0.956426,52.197602,On or near Forest Road,E01030063,Mid Suffolk 009A,Other theft,Investigation complete; no suspect identified,
7307a4de5088858d268b7bfa93bb1f281429da8d3e1863a61536823b441ef4bb,2026-03,Suffolk Constabulary,Suffolk Constabulary,0.973315,52.198913,On or near Golding Way,E01030063,Mid Suffolk 009A,Robbery,Unable to prosecute suspect,
82de957c665039b7c440ae80d4e3bbda85c753590491772168a784578e51de7a,2026-03,Suffolk Constabulary,Suffolk Constabulary,0.944029,52.180106,On or near Middlefield Drive,E01030063,Mid Suffolk 009A,Vehicle crime,Investigation complete; no suspect identified,
24d07ce6eca6d638cd469fca2dd9636029ae137628e4d75222f11f771d3b4aaf,2026-03,Suffolk Constabulary,Suffolk Constabulary,0.973315,52.198913,On or near Golding Way,E01030063,Mid Suffolk 009A,Violence and sexual offences,Unable to prosecute suspect,
73464b05d87c5614c3f6facf4f1a9ee98dc0a0688bc3e965721965ed028c6aa0,2026-03,Suffolk Constabulary,Suffolk Constabulary,0.915504,52.180149,On or near Edmunds Road,E01030063,Mid Suffolk 009A,Violence and sexual offences,Unable to prosecute suspect,
5310ca184e7c035e180fa385f634fe3d5457ea5c2076e5c73903f475546de16e,2026-03,Suffolk Constabulary,Suffolk Constabulary,0.915504,52.180149,On or near Edmunds Road,E01030063,Mid Suffolk 009A,Violence and sexual offences,Unable to prosecute suspect,
9194a004092fc1a21a498ce5c2b19eb91bacf48125f49aa5506f7b420f59c2fd,2026-03,Suffolk Constabulary,Suffolk Constabulary,0.970176,52.163927,On or near Bildeston Road,E01030069,Mid Suffolk 009B,Violence and sexual offences,Unable to prosecute suspect,
a130ef82a61cdc85ed411f3270808a3f081bab0f138b93d06ad554f5640477e4,2026-03,Suffolk Constabulary,Suffolk Constabulary,0.970176,52.163927,On or near Bildeston Road,E01030069,Mid Suffolk 009B,Violence and sexual offences,Unable to prosecute suspect,
,2026-03,Suffolk Constabulary,Suffolk Constabulary,0.975379,52.190389,On or near Mallard Way,E01030072,Mid Suffolk 009C,Anti-social behaviour,,
f18a0add4b4b46f1f5dbe902c1e5a80ccb6c096c271414885fcbbdff82c142ec,2026-03,Suffolk Constabulary,Suffolk Constabulary,0.975129,52.190800,On or near Grebe Close,E01030072,Mid Suffolk 009C,Criminal damage and arson,Investigation complete; no suspect identified,
bfd3e4afe7ae8cd92fcc62eba47685fd0aa592c6cacf93c7673236bc6f97ee79,2026-03,Suffolk Constabulary,Suffolk Constabulary,0.975129,52.190800,On or near Grebe Close,E01030072,Mid Suffolk 009C,Violence and sexual offences,Unable to prosecute suspect,
78b0d483728ee33d1dfc36cffaf823dd0ebdf671190053c6a0431462339b6cfd,2026-03,Suffolk Constabulary,Suffolk Constabulary,0.982232,52.193508,On or near The Courtyard,E01030072,Mid Suffolk 009C,Violence and sexual offences,Unable to prosecute suspect,
15755625e3ec947bf32736f74205aff4d63286abc59bdc6e1ef73c2336318e6a,2026-03,Suffolk Constabulary,Suffolk Constabulary,0.982232,52.193508,On or near The Courtyard,E01030072,Mid Suffolk 009C,Violence and sexual offences,Unable to prosecute suspect,
366a75a18de5c2dd9956c0d3304d1672474ec3ed693eb426ec9a5d8b248d4658,2026-03,Suffolk Constabulary,Suffolk Constabulary,0.978991,52.188374,On or near Boulters Close,E01030072,Mid Suffolk 009C,Violence and sexual offences,Unable to prosecute suspect,
0cb56c1b35e3c2d75ffbd3029e6a3589ee55304d0aec36f2a05527eee3016f27,2026-03,Suffolk Constabulary,Suffolk Constabulary,0.982997,52.192913,On or near Constable Way,E01030072,Mid Suffolk 009C,Violence and sexual offences,Action to be taken by another organisation,
064e255d06dd720d42fe5aaf63c2b928aca790068eb75790e04926dfadd2ff6c,2026-03,Suffolk Constabulary,Suffolk Constabulary,0.983513,52.191668,On or near St Marys Close,E01030072,Mid Suffolk 009C,Violence and sexual offences,Unable to prosecute suspect,
7770e593f0bcf608c5e1983089c722b5ec220c0da880d21333a4bb611d3b1364,2026-03,Suffolk Constabulary,Suffolk Constabulary,0.983883,52.200463,On or near Bury Road,E01030075,Mid Suffolk 009D,Shoplifting,Investigation complete; no suspect identified,
4d62fca53d20ec25f351de42c0ac2d4b1ac4b378982d7605a9f325f2b9550c69,2026-03,Suffolk Constabulary,Suffolk Constabulary,0.976504,52.197358,On or near Sheridan Close,E01030075,Mid Suffolk 009D,Violence and sexual offences,Under investigation,
f58a1b4b397bfe52968f61aab6157683266bd842e0c4a9f4e5c45b29973a8825,2026-03,Suffolk Constabulary,Suffolk Constabulary,0.978683,52.195369,On or near Blake Road,E01030075,Mid Suffolk 009D,Violence and sexual offences,Unable to prosecute suspect,
e6ddd8f01748985468b9d1c55fae4d892943cd1d564b6b2155417c01c4962e1e,2026-03,Suffolk Constabulary,Suffolk Constabulary,0.978252,52.200956,On or near Shepherds Lane,E01030075,Mid Suffolk 009D,Violence and sexual offences,Unable to prosecute suspect,
a771ef1c3a8af51f67f126d0a87a53cf473b8dceec2b6594df33774962036aa4,2026-03,Suffolk Constabulary,Suffolk Constabulary,0.976421,52.200283,On or near Read Close,E01030075,Mid Suffolk 009D,Violence and sexual offences,Action to be taken by another organisation,
eacaf632934a793d1b343674d3d71726491de805f296f72796361d0de7aed50e,2026-03,Suffolk Constabulary,Suffolk Constabulary,0.978900,52.197513,On or near Kipling Way,E01030075,Mid Suffolk 009D,Violence and sexual offences,Unable to prosecute suspect,
,2026-03,Suffolk Constabulary,Suffolk Constabulary,1.045562,52.155951,On or near Gilbert Close,E01030060,Mid Suffolk 010A,Anti-social behaviour,,
,2026-03,Suffolk Constabulary,Suffolk Constabulary,1.045398,52.160407,On or near Gipsy Lane,E01030060,Mid Suffolk 010A,Anti-social behaviour,,
ca5ca104f70004f5f90c58eae1e0564e3dbb23ded1f08d80f46e949f283d3717,2026-03,Suffolk Constabulary,Suffolk Constabulary,1.046885,52.156915,On or near Cedar Walk,E01030060,Mid Suffolk 010A,Public order,Unable to prosecute suspect,
b4107c6f8546e8241968043480773a9d3fe83a3eae5576aa89e995c534c81a80,2026-03,Suffolk Constabulary,Suffolk Constabulary,1.045562,52.155951,On or near Gilbert Close,E01030060,Mid Suffolk 010A,Public order,Investigation complete; no suspect identified,
bd2c1c83352bb59ff2921763ce5443943a09eb559663225abd5db94c02532530,2026-03,Suffolk Constabulary,Suffolk Constabulary,1.046885,52.156915,On or near Cedar Walk,E01030060,Mid Suffolk 010A,Shoplifting,Awaiting court outcome,
aaa2ab1a1ea30d7b94c2ba9ad5042d62e6dcc6972b2240e412ae2c260f52dd08,2026-03,Suffolk Constabulary,Suffolk Constabulary,1.046885,52.156915,On or near Cedar Walk,E01030060,Mid Suffolk 010A,Shoplifting,Awaiting court outcome,
2a7c442d0f5066fe89d8e679610bdd84c77806d08af968986777e831caf4d4c2,2026-03,Suffolk Constabulary,Suffolk Constabulary,1.046885,52.156915,On or near Cedar Walk,E01030060,Mid Suffolk 010A,Shoplifting,Awaiting court outcome,
f39d10347876b02120a7129a939b92828948602b61e1d7fbe0ed9cc7abf8b0c4,2026-03,Suffolk Constabulary,Suffolk Constabulary,1.046885,52.156915,On or near Cedar Walk,E01030060,Mid Suffolk 010A,Shoplifting,Investigation complete; no suspect identified,
2e25d91e6af2963238bffc362f36e890b970012b0731608c8be3a56981e7063b,2026-03,Suffolk Constabulary,Suffolk Constabulary,1.046528,52.158534,On or near Stowmarket Road,E01030060,Mid Suffolk 010A,Violence and sexual offences,Under investigation,
e005dd30e217d53708d825239346a29973e595561a67236bbe2a5de75ec6f80b,2026-03,Suffolk Constabulary,Suffolk Constabulary,1.051125,52.156904,On or near Hawks Mill Street,E01030060,Mid Suffolk 010A,Violence and sexual offences,Unable to prosecute suspect,
226b4978003cff27cb1fee356f1c29152ac775282179bd0f69bc6ac0b9fad761,2026-03,Suffolk Constabulary,Suffolk Constabulary,1.044997,52.158169,On or near Ludbrook Close,E01030060,Mid Suffolk 010A,Violence and sexual offences,Action to be taken by another organisation,
7a4962c6389cae27bf49dbc1ebfadb1d87d3f1fddee4eb259a1968cc051f2391,2026-03,Suffolk Constabulary,Suffolk Constabulary,1.048966,52.157616,On or near Luff Meadow,E01030060,Mid Suffolk 010A,Other crime,Under investigation,
,2026-03,Suffolk Constabulary,Suffolk Constabulary,0.997659,52.187460,On or near Fox Court,E01030071,Mid Suffolk 010B,Anti-social behaviour,,
,2026-03,Suffolk Constabulary,Suffolk Constabulary,0.997659,52.187460,On or near Fox Court,E01030071,Mid Suffolk 010B,Anti-social behaviour,,
03fb188d49bf7b31fbecc9e8f208932a07c94830d11174df97b3482c6de3ec62,2026-03,Suffolk Constabulary,Suffolk Constabulary,0.995812,52.187736,On or near Theatre/Concert Hall,E01030071,Mid Suffolk 010B,Drugs,Offender given a caution,
8ac5f943b41212153a5162cbffb2907b5f1cb24c249fe235c5c9e4a81e8fbd04,2026-03,Suffolk Constabulary,Suffolk Constabulary,0.998586,52.185359,On or near Parking Area,E01030071,Mid Suffolk 010B,Other theft,Investigation complete; no suspect identified,
72a37290f8429661ee5f21800721ee7b0dbbea49f8288088d8c273ea0652f27a,2026-03,Suffolk Constabulary,Suffolk Constabulary,0.995009,52.187446,On or near Crowe Street,E01030071,Mid Suffolk 010B,Public order,Investigation complete; no suspect identified,
30ea9cf9757f133f397efc07b7a4abdfa3a6bf8b927da6479d2a5674065a7f08,2026-03,Suffolk Constabulary,Suffolk Constabulary,0.995812,52.187736,On or near Theatre/Concert Hall,E01030071,Mid Suffolk 010B,Robbery,Awaiting court outcome,
9fe5e156b29afd80600a49cc514a9e7f88edf96e8b168ff35c01c07704cfa566,2026-03,Suffolk Constabulary,Suffolk Constabulary,0.997659,52.187460,On or near Fox Court,E01030071,Mid Suffolk 010B,Shoplifting,Investigation complete; no suspect identified,
6bd5e28d4f9904b78374180188a3e2e5182af97563278a5ecab1b8370977d399,2026-03,Suffolk Constabulary,Suffolk Constabulary,0.995812,52.187736,On or near Theatre/Concert Hall,E01030071,Mid Suffolk 010B,Shoplifting,Investigation complete; no suspect identified,
bc0cb7d86f4397561c2f9fb3b1a5362a8608cb8b9355b8dd9ea524b9c7b25ff9,2026-03,Suffolk Constabulary,Suffolk Constabulary,0.995812,52.187736,On or near Theatre/Concert Hall,E01030071,Mid Suffolk 010B,Shoplifting,Investigation complete; no suspect identified,
5af0b955389b5573bafa221801df46ff3aa90a2e2702eb64f15b5213b90636e3,2026-03,Suffolk Constabulary,Suffolk Constabulary,0.994599,52.188311,On or near Tavern Street,E01030071,Mid Suffolk 010B,Shoplifting,Awaiting court outcome,
bcad707307761342667dba1867eb0ed30f68fccfb419f1b62ddd07d023389996,2026-03,Suffolk Constabulary,Suffolk Constabulary,0.995812,52.187736,On or near Theatre/Concert Hall,E01030071,Mid Suffolk 010B,Shoplifting,Investigation complete; no suspect identified,
b2ba88a98db05b86e97c30a4311fa2656e9dcbe55870ceb59aca65afc4e9d424,2026-03,Suffolk Constabulary,Suffolk Constabulary,1.000560,52.186001,On or near Gipping Way,E01030071,Mid Suffolk 010B,Shoplifting,Unable to prosecute suspect,
28d81ecc246ecc626d1da994a1ce2fb808c3157d5bd52945c2aad8c7e8704868,2026-03,Suffolk Constabulary,Suffolk Constabulary,0.995812,52.187736,On or near Theatre/Concert Hall,E01030071,Mid Suffolk 010B,Shoplifting,Investigation complete; no suspect identified,
b26a083ace852d2d08e87215891b576d0d703100e349a914a3171abf3c6fae7c,2026-03,Suffolk Constabulary,Suffolk Constabulary,0.995009,52.187446,On or near Crowe Street,E01030071,Mid Suffolk 010B,Shoplifting,Investigation complete; no suspect identified,
1ea59def5701022b4979fee7a19fc189dab431101943d5f3731b3d4d5bb91a3e,2026-03,Suffolk Constabulary,Suffolk Constabulary,0.995009,52.187446,On or near Crowe Street,E01030071,Mid Suffolk 010B,Shoplifting,Investigation complete; no suspect identified,
2f5679565cf57baede4ba1387f997a0c8d2a2a4da7b572936557b9e053a9e814,2026-03,Suffolk Constabulary,Suffolk Constabulary,0.995009,52.187446,On or near Crowe Street,E01030071,Mid Suffolk 010B,Shoplifting,Investigation complete; no suspect identified,
b26cac6e26a96209cf8b12d7048469325c2f75849363d0de82bbdfce910e29e8,2026-03,Suffolk Constabulary,Suffolk Constabulary,0.997659,52.187460,On or near Fox Court,E01030071,Mid Suffolk 010B,Shoplifting,Investigation complete; no suspect identified,
e052902005758d022e9ab054d53044537a8efba4c3d8dfe32f8efa3787e10956,2026-03,Suffolk Constabulary,Suffolk Constabulary,0.995812,52.187736,On or near Theatre/Concert Hall,E01030071,Mid Suffolk 010B,Shoplifting,Awaiting court outcome,
371f6de8b135c6cecff08aca837a4444762f0e4b8302dd4b4872abc921a8bc00,2026-03,Suffolk Constabulary,Suffolk Constabulary,0.995812,52.187736,On or near Theatre/Concert Hall,E01030071,Mid Suffolk 010B,Shoplifting,Investigation complete; no suspect identified,
6f1293f1b9a39e1606d783ad91a8b33dbfec50a74d163cc7deb210295fb24990,2026-03,Suffolk Constabulary,Suffolk Constabulary,0.995812,52.187736,On or near Theatre/Concert Hall,E01030071,Mid Suffolk 010B,Violence and sexual offences,Unable to prosecute suspect,
d0040268b9b389a448d2eeef9471c27c7fdb54fe2cc1f48629504d829fb4dcec,2026-03,Suffolk Constabulary,Suffolk Constabulary,1.000560,52.186001,On or near Gipping Way,E01030071,Mid Suffolk 010B,Violence and sexual offences,Unable to prosecute suspect,
2f04fe1f5f23fc36d21e0048ad3c6eb600b9a2420f7c90b3f424abf74f704668,2026-03,Suffolk Constabulary,Suffolk Constabulary,0.997816,52.186538,On or near Ipswich Street,E01030071,Mid Suffolk 010B,Violence and sexual offences,Offender given a caution,
91481382b30a328c880bb4761f58ae76f55269ecf29e8cf4af0d5dbd53e44347,2026-03,Suffolk Constabulary,Suffolk Constabulary,0.991751,52.195578,On or near Parking Area,E01030076,Mid Suffolk 010D,Criminal damage and arson,Investigation complete; no suspect identified,
9b7176f4aa409f1a8684148128932c2c65dbcdbcfbc8ab59829f868585853a0a,2026-03,Suffolk Constabulary,Suffolk Constabulary,0.991751,52.195578,On or near Parking Area,E01030076,Mid Suffolk 010D,Criminal damage and arson,Unable to prosecute suspect,
d0a19c0c0e8a0f12ee0bd19430545b9d0d18aa7435b794fa37461141accdd3ef,2026-03,Suffolk Constabulary,Suffolk Constabulary,0.991751,52.195578,On or near Parking Area,E01030076,Mid Suffolk 010D,Other theft,Investigation complete; no suspect identified,
6696e9ad520df62d92019f735da3536a6d7c9ac24dc86dba80fa2914541b2af5,2026-03,Suffolk Constabulary,Suffolk Constabulary,0.992106,52.195632,On or near Gipping Place,E01030076,Mid Suffolk 010D,Possession of weapons,Unable to prosecute suspect,
bad890850e80bc8b4e08ffda92e770fd8ab2af6ce2f36525047400868fad42e6,2026-03,Suffolk Constabulary,Suffolk Constabulary,0.994930,52.193006,On or near Pound Lane,E01030076,Mid Suffolk 010D,Public order,Unable to prosecute suspect,
c9fc93f36bd4740fd8f3c9aae0565eea3eb0586ccdc865575c7cccf7483b9f16,2026-03,Suffolk Constabulary,Suffolk Constabulary,0.989602,52.196910,On or near St Edmunds Close,E01030076,Mid Suffolk 010D,Vehicle crime,Investigation complete; no suspect identified,
c547c1b1151ba0b1df8aad3e578f13578e9082c4e44d9a54b5c2c4a09910295d,2026-03,Suffolk Constabulary,Suffolk Constabulary,0.992106,52.195632,On or near Gipping Place,E01030076,Mid Suffolk 010D,Violence and sexual offences,Unable to prosecute suspect,
332913d1047a8884efdc4c7fbefae7b5944976c34da5ce222602252f37f34c51,2026-03,Suffolk Constabulary,Suffolk Constabulary,0.992250,52.196703,On or near Sports/Recreation Area,E01030076,Mid Suffolk 010D,Violence and sexual offences,Unable to prosecute suspect,
4c458e16a3abf6f6c71fcbbea58be13a6e3f07d1629c676fadd62c780757163b,2026-03,Suffolk Constabulary,Suffolk Constabulary,0.997993,52.193504,On or near Cardinalls Road,E01030076,Mid Suffolk 010D,Violence and sexual offences,Unable to prosecute suspect,
ce3e5cbbf4f2a10d5c8d7a41316bd4bdbc12f20de802c9120a03bce231f3e44a,2026-03,Suffolk Constabulary,Suffolk Constabulary,1.013433,52.177731,On or near A1120,E01030078,Mid Suffolk 010E,Criminal damage and arson,Under investigation,
1cdd7c8cee962c10766715a112051c8efcba94e91e11414580806ae0ad3aea8e,2026-03,Suffolk Constabulary,Suffolk Constabulary,1.013433,52.177731,On or near A1120,E01030078,Mid Suffolk 010E,Criminal damage and arson,Under investigation,
2b187040c068655888ac126d38c7205035558e1741c963113a3fb097f771938e,2026-03,Suffolk Constabulary,Suffolk Constabulary,0.998336,52.174690,On or near Naughton Gardens,E01030078,Mid Suffolk 010E,Public order,Unable to prosecute suspect,
5931b1b96fcdb31df41a12a54eb62482b33c1a53a71c464d8c98027a9bf8542e,2026-03,Suffolk Constabulary,Suffolk Constabulary,1.001432,52.179180,On or near Wynton Rise,E01030078,Mid Suffolk 010E,Robbery,Unable to prosecute suspect,
39e6840381849882f54bac8b5cd9095aaa5d293ae2874a18e24477788ff80d5f,2026-03,Suffolk Constabulary,Suffolk Constabulary,1.006334,52.177679,On or near Melford Road,E01030078,Mid Suffolk 010E,Violence and sexual offences,Unable to prosecute suspect,
cd7c3179bc9431b42f347de6e6210be3332e443ecd862c597455124cb4c0f24a,2026-03,Suffolk Constabulary,Suffolk Constabulary,1.004418,52.177026,On or near Boxford Close,E01030078,Mid Suffolk 010E,Violence and sexual offences,Under investigation,
41efa84d5428c357dc8c277d9e8312dcc65bcd955b13332ffb51b76c10926f90,2026-03,Suffolk Constabulary,Suffolk Constabulary,1.008951,52.176578,On or near Needham Road,E01030078,Mid Suffolk 010E,Violence and sexual offences,Unable to prosecute suspect,
edb8454106c1a4a323e6b50d19e52bb73dd9543b0a981f46f3aebdb250836def,2026-03,Suffolk Constabulary,Suffolk Constabulary,1.013433,52.177731,On or near A1120,E01030078,Mid Suffolk 010E,Violence and sexual offences,Under investigation,
ab307f3961be10b72add6bb09b33b8a6ea24f162e0373359a082ad2be3068d5f,2026-03,Suffolk Constabulary,Suffolk Constabulary,1.005171,52.176045,On or near Hessett Close,E01030078,Mid Suffolk 010E,Violence and sexual offences,Under investigation,
,2026-03,Suffolk Constabulary,Suffolk Constabulary,1.007915,52.194159,On or near Eider Close,E01033316,Mid Suffolk 010F,Anti-social behaviour,,
c601e53b5e942985077dec61c4e116d8ad78beb7d7f427b223f5940345d203a2,2026-03,Suffolk Constabulary,Suffolk Constabulary,1.011940,52.187680,On or near Avocet Gardens,E01033316,Mid Suffolk 010F,Criminal damage and arson,Investigation complete; no suspect identified,
c9f4cceef7729f42701343408a96069b3dcbf18a6efbfa78e57f6d5a48df07f9,2026-03,Suffolk Constabulary,Suffolk Constabulary,1.010656,52.189674,On or near Kittiwake Court,E01033316,Mid Suffolk 010F,Violence and sexual offences,Local resolution,
c83253d96a7ef20b0dcadfb8844e5aa5a77af1364bd791c7e5ea7e145f611f26,2026-03,Suffolk Constabulary,Suffolk Constabulary,1.010542,52.191673,On or near Jackdaw Close,E01033316,Mid Suffolk 010F,Violence and sexual offences,Unable to prosecute suspect,
,2026-03,Suffolk Constabulary,Suffolk Constabulary,0.995639,52.189840,On or near Union Street West,E01033317,Mid Suffolk 010G,Anti-social behaviour,,
cd7459a3730a149d5c6e7488f32338a4526f2844bc8cbe514159d9ac1fba5e7b,2026-03,Suffolk Constabulary,Suffolk Constabulary,1.011231,52.186709,On or near Dotterel Way,E01033317,Mid Suffolk 010G,Other theft,Investigation complete; no suspect identified,
0963096513ea00ed142dcccdd3a24aaf92a9fdcecb7155a380eb1de659007376,2026-03,Suffolk Constabulary,Suffolk Constabulary,1.011231,52.186709,On or near Dotterel Way,E01033317,Mid Suffolk 010G,Robbery,Investigation complete; no suspect identified,
77abcd2ff43fc507c09d4d7d5dacb714689583e13acddf1252277444529823c0,2026-03,Suffolk Constabulary,Suffolk Constabulary,0.994304,52.190234,On or near Tydemans Court,E01033317,Mid Suffolk 010G,Violence and sexual offences,Action to be taken by another organisation,
b4b38b9bc3de8287e0c21068d5d6e918a766153c6acad2ef5f3c84dad00a6581,2026-03,Suffolk Constabulary,Suffolk Constabulary,1.013428,52.186968,On or near Puffin Court,E01033317,Mid Suffolk 010G,Violence and sexual offences,Action to be taken by another organisation,
05ebf1b703b2dbabdc53ec0ce85553c6d89facf997e424e935123e22636b2090,2026-03,Suffolk Constabulary,Suffolk Constabulary,0.997567,52.189576,On or near Navigation Place,E01033317,Mid Suffolk 010G,Violence and sexual offences,Unable to prosecute suspect,
28f56aa846aae5e63d25711a8459d41a9f8eab2a1b59c77f2e35a3d951334e11,2026-03,Suffolk Constabulary,Suffolk Constabulary,0.994304,52.190234,On or near Tydemans Court,E01033317,Mid Suffolk 010G,Violence and sexual offences,Action to be taken by another organisation,
84de05c1c0e863aaa0414f97dfc93c6b86a654140bc872bd1611fc8ca962bed8,2026-03,Suffolk Constabulary,Suffolk Constabulary,1.012685,52.186141,On or near Brambling Close,E01033317,Mid Suffolk 010G,Violence and sexual offences,Investigation complete; no suspect identified,
020edc5e706cdbaf88ffb0aaf6655e0042fd29e6c6a93b39f604ed8829cca5ff,2026-03,Suffolk Constabulary,Suffolk Constabulary,1.013469,52.187344,On or near Sheerwater Way,E01033317,Mid Suffolk 010G,Other crime,Further investigation is not in the public interest,
9c773a89ac6ecf966ad3c4ec7b154611d243cfd45466a8cf439cea967c1d6b80,2026-03,Suffolk Constabulary,Suffolk Constabulary,1.018457,52.184539,On or near Supermarket,E01033319,Mid Suffolk 010H,Shoplifting,Investigation complete; no suspect identified,
53262defb8f35a2e01489969fa934459ab8fcfa249f0a23e6690cc7b15b58ae7,2026-03,Suffolk Constabulary,Suffolk Constabulary,1.021329,52.186532,On or near Buzzard Rise,E01033319,Mid Suffolk 010H,Violence and sexual offences,Under investigation,
5d258f6ab044fd9bc3d18e0e7065c12533ea8d13e0c1fdcff41a7ca472924ec3,2026-03,Suffolk Constabulary,Suffolk Constabulary,1.018457,52.184539,On or near Supermarket,E01033319,Mid Suffolk 010H,Violence and sexual offences,Investigation complete; no suspect identified,
,2026-03,Suffolk Constabulary,Suffolk Constabulary,1.055768,52.117104,On or near Link Lane,E01030041,Mid Suffolk 011A,Anti-social behaviour,,
8834381bce1d6e186ba4908a4fe76c04a456a89d685ffe175e1ea633733f4820,2026-03,Suffolk Constabulary,Suffolk Constabulary,1.019398,52.134716,On or near Fox Meadow,E01030041,Mid Suffolk 011A,Violence and sexual offences,Action to be taken by another organisation,
dfc9fc311b601c468002a7b0c3824cc109273d1c6a8f41a078aff28b77144688,2026-03,Suffolk Constabulary,Suffolk Constabulary,1.069908,52.122600,On or near Church Lane,E01030041,Mid Suffolk 011A,Violence and sexual offences,Unable to prosecute suspect,
61a356e157989ab11082ddb4f6fd0ea048fb4e195a675edde486d236b68bda66,2026-03,Suffolk Constabulary,Suffolk Constabulary,1.060660,52.146053,On or near Flint Drive,E01030041,Mid Suffolk 011A,Violence and sexual offences,Unable to prosecute suspect,
5b3068ce496a57c88b3de3e9861d646340a52ba21871ab9c54fe6ff790d0c06b,2026-03,Suffolk Constabulary,Suffolk Constabulary,1.035127,52.144852,On or near The Causeway,E01030041,Mid Suffolk 011A,Violence and sexual offences,Unable to prosecute suspect,
40fcef46a8f5e44534ded63c49a44caaa8eb695255cf612eeb0815dac0b26d01,2026-03,Suffolk Constabulary,Suffolk Constabulary,1.061111,52.145169,On or near Park/Open Space,E01030041,Mid Suffolk 011A,Violence and sexual offences,Unable to prosecute suspect,
,2026-03,Suffolk Constabulary,Suffolk Constabulary,1.085693,52.114426,On or near Chalk Hill Lane,E01030043,Mid Suffolk 011B,Anti-social behaviour,,
,2026-03,Suffolk Constabulary,Suffolk Constabulary,1.097972,52.108438,On or near Portland Way,E01030043,Mid Suffolk 011B,Anti-social behaviour,,
,2026-03,Suffolk Constabulary,Suffolk Constabulary,1.091694,52.112704,On or near Wainwright Gardens,E01030043,Mid Suffolk 011B,Anti-social behaviour,,
55d6b5f5041df8cddbd7c697f672858f0f8bac4651e1b795f0a0f4a3f9d55dfe,2026-03,Suffolk Constabulary,Suffolk Constabulary,1.085693,52.114426,On or near Chalk Hill Lane,E01030043,Mid Suffolk 011B,Public order,Under investigation,
872bc7bc93d26fd7611d755369ba0f3a7046431b3ecd170e2cecd62d712d19a5,2026-03,Suffolk Constabulary,Suffolk Constabulary,1.097909,52.105220,On or near Lodge Lane,E01030043,Mid Suffolk 011B,Vehicle crime,Investigation complete; no suspect identified,
dfccf687b8594fc3852727ed7d2c2a44294179483c3ea07119ffd7c56a7c28f8,2026-03,Suffolk Constabulary,Suffolk Constabulary,1.097455,52.110664,On or near Brick Drive,E01030043,Mid Suffolk 011B,Violence and sexual offences,Under investigation,
e2025ebc62804da81843f9fed3056f25456b2f4b7ce8c13d29ccf04d9f104857,2026-03,Suffolk Constabulary,Suffolk Constabulary,1.090931,52.114757,On or near Kingfisher Drive,E01030043,Mid Suffolk 011B,Violence and sexual offences,Unable to prosecute suspect,
a1b69dc59355d8a54dd9fa8b5043af2a3f6e284f938cc2caf989d5201e11c9de,2026-03,Suffolk Constabulary,Suffolk Constabulary,1.092818,52.114797,On or near Mill Lane,E01030043,Mid Suffolk 011B,Violence and sexual offences,Action to be taken by another organisation,
,2026-03,Suffolk Constabulary,Suffolk Constabulary,1.051550,52.156057,On or near Constitution Hill,E01030061,Mid Suffolk 011C,Anti-social behaviour,,
,2026-03,Suffolk Constabulary,Suffolk Constabulary,1.052268,52.152234,On or near School Street,E01030061,Mid Suffolk 011C,Anti-social behaviour,,
a7dc2f070a8252e0a1ca2a2110325724f2fc4ccd5948af6dcc89fdf8aa31e833,2026-03,Suffolk Constabulary,Suffolk Constabulary,1.053455,52.154200,On or near Windsor Court,E01030061,Mid Suffolk 011C,Bicycle theft,Investigation complete; no suspect identified,
0de48832620697a7ff3b84273cb6070f938d33a5254a87b36ed77327d4d67f6b,2026-03,Suffolk Constabulary,Suffolk Constabulary,1.046378,52.152917,On or near Priestley Road,E01030061,Mid Suffolk 011C,Public order,Unable to prosecute suspect,
d1f8d41019123551e5e46ea6f6c4da265e3d3e4d6ebd4e093876a1bfdb8197f7,2026-03,Suffolk Constabulary,Suffolk Constabulary,1.046802,52.151638,On or near Quinton Road,E01030061,Mid Suffolk 011C,Vehicle crime,Investigation complete; no suspect identified,
69c66695af6683b08b3231a8169f1518ed3d9c8f3b016a31e8ac6472ec95c41e,2026-03,Suffolk Constabulary,Suffolk Constabulary,1.050699,52.155593,On or near Supermarket,E01030061,Mid Suffolk 011C,Vehicle crime,Investigation complete; no suspect identified,
cd0a383951adaa3730b4fe3abd079f7df35502d5b5853c9d44a2cd47cd15a999,2026-03,Suffolk Constabulary,Suffolk Constabulary,1.046802,52.151638,On or near Quinton Road,E01030061,Mid Suffolk 011C,Vehicle crime,Investigation complete; no suspect identified,
101c5e769e837a18fccb03a6d8f585b5c4fa67451b2fbbe821a524517b84ecbc,2026-03,Suffolk Constabulary,Suffolk Constabulary,1.051550,52.156057,On or near Constitution Hill,E01030061,Mid Suffolk 011C,Vehicle crime,Investigation complete; no suspect identified,
7653ff5faa5f2f22442b5b6b1fa3d50afcac4cf5f060e4a913d7dae24074df73,2026-03,Suffolk Constabulary,Suffolk Constabulary,1.051163,52.149978,On or near Chainhouse Road,E01030061,Mid Suffolk 011C,Violence and sexual offences,Unable to prosecute suspect,
fe6a9b68fff8e731c4645d2617c8e05d213fe2476274f1151d7e219179faa95f,2026-03,Suffolk Constabulary,Suffolk Constabulary,1.050493,52.155580,On or near King William Street,E01030061,Mid Suffolk 011C,Violence and sexual offences,Unable to prosecute suspect,
d894c312c6ccf27e849605cff59177be24f40cc86b0c0a327c978290d6709d9e,2026-03,Suffolk Constabulary,Suffolk Constabulary,1.054038,52.151612,On or near Pump Street,E01030062,Mid Suffolk 011D,Other theft,Awaiting court outcome,
c9a2801941653e16f4314f5484b0256cbceb6515fb482933a0fed705fc2f1727,2026-03,Suffolk Constabulary,Suffolk Constabulary,1.050449,52.146165,On or near Bluebell Grove,E01030062,Mid Suffolk 011D,Vehicle crime,Investigation complete; no suspect identified,
cda5ba14cc50ba006b6a85001abbfd72fe6d5aa7f56578a5d35b7adb7020b4a2,2026-03,Suffolk Constabulary,Suffolk Constabulary,1.054038,52.151612,On or near Pump Street,E01030062,Mid Suffolk 011D,Violence and sexual offences,Awaiting court outcome,
6c5da7f017980fd5c2dede056ae8cdb8dde0893bdbb4531e8efb9d9673447f84,2026-03,Suffolk Constabulary,Suffolk Constabulary,0.971570,52.126470,On or near Ash Avenue,E01030070,Mid Suffolk 011E,Vehicle crime,Investigation complete; no suspect identified,
12e53844de642ca4f4cfacd9add22c73688243168bc0bc7ae21ed8dc5e140116,2026-03,Suffolk Constabulary,Suffolk Constabulary,0.973404,52.121756,On or near The Paddocks,E01030070,Mid Suffolk 011E,Violence and sexual offences,Unable to prosecute suspect,
943f9009c1c21986eb15cdb904b8e8036075ecd4f13f5221df69bc24aa1b1a67,2026-03,Suffolk Constabulary,Suffolk Constabulary,1.093602,52.080978,On or near Kentons Road,E01030042,Mid Suffolk 012A,Criminal damage and arson,Unable to prosecute suspect,
2721f081d6d345729410f8693175a00240a717585c41ee18a8cf4e57afcb54f6,2026-03,Suffolk Constabulary,Suffolk Constabulary,1.094101,52.087079,On or near Park/Open Space,E01030042,Mid Suffolk 012A,Public order,Unable to prosecute suspect,
53890f1b0d5dd592089d6ea1c164fa4d7337d1836bcad5ba9c49496bc94a2ecc,2026-03,Suffolk Constabulary,Suffolk Constabulary,1.093602,52.080978,On or near Kentons Road,E01030042,Mid Suffolk 012A,Public order,Unable to prosecute suspect,
271e4a60643d53632ce881aaa84668da77b995765705cbd106d5d4d8dfe95a93,2026-03,Suffolk Constabulary,Suffolk Constabulary,1.041051,52.069602,On or near The Channel,E01030042,Mid Suffolk 012A,Violence and sexual offences,Unable to prosecute suspect,
cba5571cb72f623d0321365ea7d8cba3fc5728f7b7f11dee424d5d9deb5db1f7,2026-03,Suffolk Constabulary,Suffolk Constabulary,1.093602,52.080978,On or near Kentons Road,E01030042,Mid Suffolk 012A,Violence and sexual offences,Unable to prosecute suspect,
83d43a37a2ab122842e9b02fc2f505815acd2bfe219a3a26eeb0c97bbb57729f,2026-03,Suffolk Constabulary,Suffolk Constabulary,1.093602,52.080978,On or near Kentons Road,E01030042,Mid Suffolk 012A,Violence and sexual offences,Unable to prosecute suspect,
fa16737f71aaa298cd9a6968c234415b35305e88a58a225117dcf0f6ef023935,2026-03,Suffolk Constabulary,Suffolk Constabulary,1.094101,52.087079,On or near Park/Open Space,E01030042,Mid Suffolk 012A,Violence and sexual offences,Awaiting court outcome,
4814604fd37e809e346f41c3fc8046940ec883bd8cb63c80bd347e76994c74ed,2026-03,Suffolk Constabulary,Suffolk Constabulary,1.094101,52.087079,On or near Park/Open Space,E01030042,Mid Suffolk 012A,Violence and sexual offences,Unable to prosecute suspect,
ea7e90f69ea1fbff96281dc17b62dc5bad9307c58ad90115dff31bf8bb7e30e8,2026-03,Suffolk Constabulary,Suffolk Constabulary,1.041051,52.069602,On or near The Channel,E01030042,Mid Suffolk 012A,Violence and sexual offences,Unable to prosecute suspect,
bf17e33cd58602e4c58436c6905d101fe22e597773650811061e936c8a6ba468,2026-03,Suffolk Constabulary,Suffolk Constabulary,1.107783,52.078131,On or near Limes Avenue,E01030042,Mid Suffolk 012A,Violence and sexual offences,Investigation complete; no suspect identified,
711b84b49dd0439dc64c4241b168d4a7624a92714058046772522450ac8807ba,2026-03,Suffolk Constabulary,Suffolk Constabulary,1.097354,52.075698,On or near Supermarket,E01030044,Mid Suffolk 012B,Criminal damage and arson,Under investigation,
300c19de2095e0760e52354cf71d1e5b79cf3f0c518efbae47c628b2b8739193,2026-03,Suffolk Constabulary,Suffolk Constabulary,1.097354,52.075698,On or near Supermarket,E01030044,Mid Suffolk 012B,Shoplifting,Awaiting court outcome,
beaa2d24b23c678b7db4805b906bb96ece58ddf312d43a7f2425f1d32755770d,2026-03,Suffolk Constabulary,Suffolk Constabulary,1.094723,52.076712,On or near Angel Road,E01030044,Mid Suffolk 012B,Violence and sexual offences,Unable to prosecute suspect,
bb5dfb90e9be2aa192fc1c968b5fbab2fb4e5d9e3233e84622814252ef1b754b,2026-03,Suffolk Constabulary,Suffolk Constabulary,1.097354,52.075698,On or near Supermarket,E01030044,Mid Suffolk 012B,Violence and sexual offences,Under investigation,
674d074ee4376fe3812ddb523e619e4a7b1f15e2684685c9a7df4e804bfa0c28,2026-03,Suffolk Constabulary,Suffolk Constabulary,1.096280,52.076222,On or near Parking Area,E01030044,Mid Suffolk 012B,Violence and sexual offences,Action to be taken by another organisation,
f63d414923fc731dd0e5c77daccdb34c7ee806783f31458300616ef2cb1029b0,2026-03,Suffolk Constabulary,Suffolk Constabulary,1.122043,52.088987,On or near Old Norwich Road,E01030045,Mid Suffolk 012C,Burglary,Investigation complete; no suspect identified,
49eeffecf350eebb6235768840de2807627bfd7e18764f00c2ad9ac2ffbc403b,2026-03,Suffolk Constabulary,Suffolk Constabulary,1.122043,52.088987,On or near Old Norwich Road,E01030045,Mid Suffolk 012C,Violence and sexual offences,Awaiting court outcome,
2c749cf7ed4e7da594ffdebed4e6cbd8774b702321768d0f8494de01584ac288,2026-03,Suffolk Constabulary,Suffolk Constabulary,1.122043,52.088987,On or near Old Norwich Road,E01030045,Mid Suffolk 012C,Violence and sexual offences,Action to be taken by another organisation,
1eb5161a9b33ff31476b22d42712dcc8c1211a8cfb8abb1c10f0d9332cf9794e,2026-03,Suffolk Constabulary,Suffolk Constabulary,1.119972,52.109035,On or near Sports/Recreation Area,E01030045,Mid Suffolk 012C,Violence and sexual offences,Unable to prosecute suspect,
60d59a96db4ec29f392a930e2b954319b7ba643c817b05bfaf63371c5da5c5b0,2026-03,Suffolk Constabulary,Suffolk Constabulary,1.122043,52.088987,On or near Old Norwich Road,E01030045,Mid Suffolk 012C,Violence and sexual offences,Action to be taken by another organisation,
c5e109e1be51ec788cd004f83246bc4d04c5b1848fe564db2ac27aad93e17167,2026-03,Suffolk Constabulary,Suffolk Constabulary,1.116201,52.112418,On or near Glebe Way,E01030046,Mid Suffolk 012D,Criminal damage and arson,Unable to prosecute suspect,
135d1f2808b30b208e419bed36e5d0e0885ae9645a47bd6ff03023476ac1b684,2026-03,Suffolk Constabulary,Suffolk Constabulary,1.116201,52.112418,On or near Glebe Way,E01030046,Mid Suffolk 012D,Violence and sexual offences,Unable to prosecute suspect,
775d1065b3caa84e4ebcf98a32cb265b6d62098f93a87f88c56c7a9e8f5898db,2026-03,Suffolk Constabulary,Suffolk Constabulary,1.116201,52.112418,On or near Glebe Way,E01030046,Mid Suffolk 012D,Violence and sexual offences,Unable to prosecute suspect,
bf2b9a0117f3f2eb75816be67ffe50d0098f6d66db83123abc8517107849c4bf,2026-03,Suffolk Constabulary,Suffolk Constabulary,1.152687,52.117311,On or near Old Hall Close,E01030046,Mid Suffolk 012D,Violence and sexual offences,Unable to prosecute suspect,
007dd39decf464fd3555e81220a0afcbba965f45d10db0929dba501a713abd8d,2026-03,Suffolk Constabulary,Suffolk Constabulary,1.116201,52.112418,On or near Glebe Way,E01030046,Mid Suffolk 012D,Violence and sexual offences,Unable to prosecute suspect,
2f4494a88a48fa9a365acd1e4658f061c7d087dbb769e1ce8fa99dd34b24f234,2026-03,Suffolk Constabulary,Suffolk Constabulary,1.116201,52.112418,On or near Glebe Way,E01030046,Mid Suffolk 012D,Violence and sexual offences,Unable to prosecute suspect,
fb936578ae9b70993a81ebf24bf27b58a29a858e8d0e7931a359e11a47000f2a,2026-03,Suffolk Constabulary,Suffolk Constabulary,1.111998,52.106818,On or near Back Lane,E01030047,Mid Suffolk 012E,Robbery,Under investigation,
bcc289ac244e4e1e4a6aa8dfd097e90f3e0e2ad0bd1c786952ec69fb0df358d0,2026-03,Suffolk Constabulary,Suffolk Constabulary,1.110772,52.106617,On or near Greyhound Corner,E01030047,Mid Suffolk 012E,Violence and sexual offences,Unable to prosecute suspect,
265fa758826b7fe1b545f12b40c37938b96f2ab30e070e6085dc9ba45f753c73,2026-03,Suffolk Constabulary,Suffolk Constabulary,1.109135,52.111013,On or near Parking Area,E01030047,Mid Suffolk 012E,Violence and sexual offences,Investigation complete; no suspect identified,
710089acb03e14eb7bc5269dd03b77dc72f895ac5ac103f51bcca56d1143f6b5,2026-03,Suffolk Constabulary,Suffolk Constabulary,1.109135,52.111013,On or near Parking Area,E01030047,Mid Suffolk 012E,Violence and sexual offences,Unable to prosecute suspect,
b2f6c387b9c3220f5c523cdd006aff4ecdbfe458f2f9412884b9f8067efb06dc,2026-03,Suffolk Constabulary,Suffolk Constabulary,1.109135,52.111013,On or near Parking Area,E01030047,Mid Suffolk 012E,Violence and sexual offences,Unable to prosecute suspect,
6ac0a46948b60ecfc65a2f3beb52fcc4d6dbc8ec0a828b20d91d2d709239e8e2,2026-03,Suffolk Constabulary,Suffolk Constabulary,1.109135,52.111013,On or near Parking Area,E01030047,Mid Suffolk 012E,Violence and sexual offences,Action to be taken by another organisation,
109d733919834ce25207ee4505935efe6a2e3d401e79b68a061ca8aadc523ad3,2026-03,Suffolk Constabulary,Suffolk Constabulary,1.303445,52.612568,On or near Netherwood Green,E01026817,Norwich 013B,Other theft,Investigation complete; no suspect identified,
a68f907b61cb80b0809bd4d518ad6e29e3440f191d2c6ff906dc4415f9d32135,2026-03,Suffolk Constabulary,Suffolk Constabulary,0.217629,52.217359,On or near Church Road,E01018297,South Cambridgeshire 007D,Possession of weapons,Under investigation,
2b488ba6338d6a1811f56ef5c32b80b69887672cd864f83cdcb190492e82d796,2026-03,Suffolk Constabulary,Suffolk Constabulary,0.156646,52.148262,On or near Chalk Hill,E01018295,South Cambridgeshire 012D,Other crime,Under investigation,
ba5d92da5db3075534f7ee5c663b1bd47aba7364b871f16e04843116db463a75,2026-03,Suffolk Constabulary,Suffolk Constabulary,0.304949,52.132633,On or near Samworth Close,E01018219,South Cambridgeshire 016B,Violence and sexual offences,Unable to prosecute suspect,
3950a59acae751e912cef5e808fa6a1d1c6a241442b3af2dcb4d16b9a8948a50,2026-03,Suffolk Constabulary,Suffolk Constabulary,0.366681,52.092572,On or near Horseheath Green,E01018220,South Cambridgeshire 016C,Violence and sexual offences,Awaiting court outcome,
5d4e2dc1c41f113b12538ee8a238aa1e9cab73665018e7da9c1bcb951dbd6f95,2026-03,Suffolk Constabulary,Suffolk Constabulary,-0.203514,52.901651,On or near Summerson Close,E01026242,South Holland 001A,Violence and sexual offences,Under investigation,
f37273d07cdad30000dcac94597fd47341d08ecedd175c2399f6ac2fe8422bc5,2026-03,Suffolk Constabulary,Suffolk Constabulary,1.433298,52.455892,On or near Earsham Dam,E01026894,South Norfolk 012C,Criminal damage and arson,Unable to prosecute suspect,
acca8356624da671cf5b890285a453e6d0a222d910d86281d57f0bb5e4ddb6d7,2026-03,Suffolk Constabulary,Suffolk Constabulary,1.108148,52.372574,On or near Parking Area,E01026891,South Norfolk 015D,Vehicle crime,Investigation complete; no suspect identified,
7dc8928d05c0df6ceb3e89aeef0e0d599a47515712348324584b2a5efedc26ce,2026-03,Suffolk Constabulary,Suffolk Constabulary,-0.342235,51.806834,On or near Parking Area,E01023697,St Albans 005C,Violence and sexual offences,Under investigation,
7b9f1d5c50b6300baf265bf786b879ba2e43473f11bf2405c3c62a5132dc6992,2026-03,Suffolk Constabulary,Suffolk Constabulary,1.257741,51.926573,On or near Newport Close,E01022004,Tendring 004D,Violence and sexual offences,Unable to prosecute suspect,
5298cbdf047056c7787f98359c3a61ff4feaadb1362cd051d8030dcc965068e8,2026-03,Suffolk Constabulary,Suffolk Constabulary,0.967851,51.897434,On or near Wivenhoe Road,E01021972,Tendring 005B,Violence and sexual offences,Under investigation,
f03e3e9f4dccc47871299bf334f4e1a5603bf29a9a194e35c1b13f0fa0bc68d9,2026-03,Suffolk Constabulary,Suffolk Constabulary,0.967851,51.897434,On or near Wivenhoe Road,E01021972,Tendring 005B,Other crime,Under investigation,
fe0c1a717a75261c988464b1630e75974f93eeb253df9564a8185b5d60be89ec,2026-03,Suffolk Constabulary,Suffolk Constabulary,1.021757,51.809468,On or near Supermarket,E01021982,Tendring 011D,Drugs,Under investigation,
ea2190f9860e909ce03f7c3e9ddc6f8edc84cb79385b36dcc84d57570bad1cda,2026-03,Suffolk Constabulary,Suffolk Constabulary,1.154041,51.788075,On or near Parking Area,E01022025,Tendring 016B,Violence and sexual offences,Unable to prosecute suspect,
f8252a0dac1d616acaca51e3b47548c4a5dc2cac7d2ea44fe0416bac66dabe49,2026-03,Suffolk Constabulary,Suffolk Constabulary,-2.092026,51.999915,On or near Court Farm Close,E01032938,Tewkesbury 001F,Violence and sexual offences,Under investigation,
,2026-03,Suffolk Constabulary,Suffolk Constabulary,0.527693,52.416833,On or near Cemetery Road,E01029942,West Suffolk 001A,Anti-social behaviour,,
2c9827e544e336550813234f8ef6aab67f49eafb74d7ca008b22054c8f2b8830,2026-03,Suffolk Constabulary,Suffolk Constabulary,0.523319,52.416459,On or near Wings Road Close,E01029942,West Suffolk 001A,Criminal damage and arson,Investigation complete; no suspect identified,
de666c0b535c16a0c85539e56b0ca1e5fa36e9c5a5f922c9adf9045fdea1ba23,2026-03,Suffolk Constabulary,Suffolk Constabulary,0.524067,52.415409,On or near Lilac Drive,E01029942,West Suffolk 001A,Vehicle crime,Investigation complete; no suspect identified,
3ebcccc20115078343e1eb2faf36131c35bdb20500f7c8b0fd84129a35e74163,2026-03,Suffolk Constabulary,Suffolk Constabulary,0.524609,52.412016,On or near Magnolia Drive,E01029942,West Suffolk 001A,Violence and sexual offences,Action to be taken by another organisation,
376227f90a842fdce0b3cdf49834297071aaa389d778f7e7e8f11cc8d459e679,2026-03,Suffolk Constabulary,Suffolk Constabulary,0.523319,52.416459,On or near Wings Road Close,E01029942,West Suffolk 001A,Violence and sexual offences,Unable to prosecute suspect,
08809cae7e21445d75db5d4d1c1303083ae509a30d1cee9148de08bae3f5879e,2026-03,Suffolk Constabulary,Suffolk Constabulary,0.516218,52.424002,On or near Burrow Drive,E01029944,West Suffolk 001B,Criminal damage and arson,Unable to prosecute suspect,
745038477f69e983191616dde4d72fbedfd8672b35d1547561dec9425564a599,2026-03,Suffolk Constabulary,Suffolk Constabulary,0.524081,52.419761,On or near Wingfield Avenue,E01029944,West Suffolk 001B,Other theft,Unable to prosecute suspect,
bad28e15e7a0eccc6bf5a9f9bbf95b30db1f8cb8d7d249722aa884373f61b931,2026-03,Suffolk Constabulary,Suffolk Constabulary,0.538887,52.427609,On or near Crosswell Drove,E01034561,West Suffolk 001C,Burglary,Under investigation,
eab5938df37d838fa38907c6652918d1f169eb61fd54bf736e968262b53d6c4f,2026-03,Suffolk Constabulary,Suffolk Constabulary,0.494344,52.397624,On or near Park/Open Space,E01034561,West Suffolk 001C,Burglary,Investigation complete; no suspect identified,
8e1fd6cdc97bf5635f54196c6f79a48999c7e405eb6a1df629d5eb5cf46e232e,2026-03,Suffolk Constabulary,Suffolk Constabulary,0.530111,52.407699,On or near Gorse Close,E01034561,West Suffolk 001C,Criminal damage and arson,Investigation complete; no suspect identified,
1c56d897821085b77d8d5b72ec58555c1df8e2206083fbedda847a8f22a9d6ed,2026-03,Suffolk Constabulary,Suffolk Constabulary,0.528120,52.405530,On or near Avenue Road,E01034561,West Suffolk 001C,Criminal damage and arson,Investigation complete; no suspect identified,
e0a2dc433cc8c07364c20673f6f188a334ce9e0252c282662272020c25a9274d,2026-03,Suffolk Constabulary,Suffolk Constabulary,0.526920,52.407435,On or near Bell Trees,E01034561,West Suffolk 001C,Criminal damage and arson,Investigation complete; no suspect identified,
79702af6dca0ae0f37acf78a52f6a0f5366cd134ce45e4a766c05c208059485d,2026-03,Suffolk Constabulary,Suffolk Constabulary,0.460055,52.430517,On or near Sedgefen Road,E01034561,West Suffolk 001C,Drugs,Awaiting court outcome,
685bf605826afb508f1a60c729fee089f3e6bafc85eecac6320d5686b9c2fb3a,2026-03,Suffolk Constabulary,Suffolk Constabulary,0.526920,52.407435,On or near Bell Trees,E01034561,West Suffolk 001C,Public order,Under investigation,
cd70b79f63ab9c37f6fb4693fd02f69561361452a6849766ba0a5ef3b5d900a2,2026-03,Suffolk Constabulary,Suffolk Constabulary,0.468162,52.429484,On or near Poultry Road,E01034561,West Suffolk 001C,Vehicle crime,Investigation complete; no suspect identified,
577ad198b701c704b5a196575617e73ee2354318042fd55e2b392aba18168609,2026-03,Suffolk Constabulary,Suffolk Constabulary,0.529091,52.408108,On or near Roebuck Drive,E01034561,West Suffolk 001C,Violence and sexual offences,Unable to prosecute suspect,
735628e4529fa1e2de180cf6c395deb19e9f4ac8028fbdb68699814279d7a4ad,2026-03,Suffolk Constabulary,Suffolk Constabulary,0.527643,52.406709,On or near North Road,E01034561,West Suffolk 001C,Violence and sexual offences,Awaiting court outcome,
b1c203bb0118ed02483d28e0f787afc19909f525646fad68beaec9d70b830f2e,2026-03,Suffolk Constabulary,Suffolk Constabulary,0.491235,52.433254,On or near First Drove,E01034561,West Suffolk 001C,Violence and sexual offences,Under investigation,
f847e5dffef3cac3c86a409a41134b6bfee0f10abd4d5ee13c3d3ee07f981356,2026-03,Suffolk Constabulary,Suffolk Constabulary,0.543734,52.391212,On or near Windsor Circle,E01034562,West Suffolk 001D,Shoplifting,Local resolution,
df0062c0ff7665fe7798740e4d7113526bbf04c5fc2f5d1fb0a4cd74255e7bfb,2026-03,Suffolk Constabulary,Suffolk Constabulary,0.541902,52.385172,On or near Upper Heyford,E01034562,West Suffolk 001D,Violence and sexual offences,Under investigation,
0f4fd3adff995793dda90463fe01ce1f8bda4a1171f6a285403bfcb0c2ce095b,2026-03,Suffolk Constabulary,Suffolk Constabulary,0.543734,52.391212,On or near Windsor Circle,E01034562,West Suffolk 001D,Violence and sexual offences,Unable to prosecute suspect,
5c3f13c6dbc942457c2fee08a156a7e10b8a76745ba85c4562ce63d0c6007d5c,2026-03,Suffolk Constabulary,Suffolk Constabulary,0.624919,52.448498,On or near Lode Street,E01029927,West Suffolk 002B,Drugs,Local resolution,
25625f889bf7c31028c50ffde5f96aa0a51677d37dee6faf49a478257b4e580c,2026-03,Suffolk Constabulary,Suffolk Constabulary,0.623293,52.450845,On or near High Street,E01029927,West Suffolk 002B,Other theft,Unable to prosecute suspect,
df9b4707846f4f4488442c00c3324ea5acc86b698443f0a3cb97f144933eacbc,2026-03,Suffolk Constabulary,Suffolk Constabulary,0.620659,52.444915,On or near The Orchard,E01029927,West Suffolk 002B,Possession of weapons,Unable to prosecute suspect,
ba957df0e4aa53ca4f02d5120bde060a88672d8b771df5166be8be388c157d72,2026-03,Suffolk Constabulary,Suffolk Constabulary,0.624308,52.452325,On or near Riverside Way,E01029927,West Suffolk 002B,Possession of weapons,Unable to prosecute suspect,
d1cde0af673c3c73ea89d8c0f45065712202e591ef5447a0132041761eead855,2026-03,Suffolk Constabulary,Suffolk Constabulary,0.620659,52.444915,On or near The Orchard,E01029927,West Suffolk 002B,Possession of weapons,Unable to prosecute suspect,
b0d470a6cee1de7736860c2e00f0c098daf547daf1855cfece17c327cb14f3cc,2026-03,Suffolk Constabulary,Suffolk Constabulary,0.624537,52.449739,On or near Supermarket,E01029927,West Suffolk 002B,Shoplifting,Awaiting court outcome,
b84a37f9e2eeb11b790a8eb3143b48dae77340672a0032c7d362c846b3bd2553,2026-03,Suffolk Constabulary,Suffolk Constabulary,0.623293,52.450845,On or near High Street,E01029927,West Suffolk 002B,Violence and sexual offences,Unable to prosecute suspect,
2a585b787229c2b15736f0fb28ae0331c21807ad12e7a1e3d7d9815fa1a3b3c3,2026-03,Suffolk Constabulary,Suffolk Constabulary,0.623586,52.446379,On or near School Lane,E01029927,West Suffolk 002B,Violence and sexual offences,Awaiting court outcome,
10809932a396271cac4d65ec131ecc12a49f5a655a76a322db9b0a13a6883549,2026-03,Suffolk Constabulary,Suffolk Constabulary,0.623074,52.447163,On or near Stores Street,E01029927,West Suffolk 002B,Violence and sexual offences,Unable to prosecute suspect,
5dc226429707c7c6bd1100440d3b3cfc11dcba5522d2d3a8b96539a692cbcb5f,2026-03,Suffolk Constabulary,Suffolk Constabulary,0.624919,52.448498,On or near Lode Street,E01029927,West Suffolk 002B,Violence and sexual offences,Unable to prosecute suspect,
b361504bc2ccab7548f0dd89724f1d42fe104826e4f61623f4c3626dadaf29d2,2026-03,Suffolk Constabulary,Suffolk Constabulary,0.627764,52.441394,On or near Mount Road,E01029927,West Suffolk 002B,Violence and sexual offences,Unable to prosecute suspect,
4e625936eb6c31365ef335cad9e1e4bea8cd96da98061bc6d3475e7a1d4c53bf,2026-03,Suffolk Constabulary,Suffolk Constabulary,0.623074,52.447163,On or near Stores Street,E01029927,West Suffolk 002B,Violence and sexual offences,Unable to prosecute suspect,
d62c5d44a5d64be30e53e91d10fe6cc204a0ee7ad3da59dd964b5316c2fa2de8,2026-03,Suffolk Constabulary,Suffolk Constabulary,0.626798,52.443960,On or near Heath Road,E01029927,West Suffolk 002B,Other crime,Unable to prosecute suspect,
d0fd003dabcde76a49cf84204bc4b653bf1813ab74d4d3e74537fddceebdad6a,2026-03,Suffolk Constabulary,Suffolk Constabulary,0.631837,52.445296,On or near Robert Linge Crescent,E01029928,West Suffolk 002C,Burglary,Investigation complete; no suspect identified,
746987e4076588744ef468673ef1b87dfd9145c4a6182b2563fe9daaee76ae31,2026-03,Suffolk Constabulary,Suffolk Constabulary,0.642877,52.394449,On or near Park/Open Space,E01029928,West Suffolk 002C,Criminal damage and arson,Investigation complete; no suspect identified,
3e4f60bfdf5f7ee1f5b3e1193907c407a9101dfa1df6c89cf1879a8cdeeda085,2026-03,Suffolk Constabulary,Suffolk Constabulary,0.642877,52.394449,On or near Park/Open Space,E01029928,West Suffolk 002C,Other theft,Investigation complete; no suspect identified,
2e7de0bd876300e56ba3bdcf45244b87381f9cd3b86cca7a16b1055059980ba0,2026-03,Suffolk Constabulary,Suffolk Constabulary,0.679407,52.387925,On or near Parking Area,E01029928,West Suffolk 002C,Other theft,Investigation complete; no suspect identified,
cdfb585a9c1eae4fde895fe9584b3457cd313a371facaf325f5bbf660058ef81,2026-03,Suffolk Constabulary,Suffolk Constabulary,0.633590,52.443099,On or near Ash Close,E01029928,West Suffolk 002C,Possession of weapons,Unable to prosecute suspect,
d7cd0d8a7ae1e9090b231b3b53ba88f0e9562784c8f89ea35dacde4189f9e031,2026-03,Suffolk Constabulary,Suffolk Constabulary,0.646189,52.393790,On or near Park/Open Space,E01029928,West Suffolk 002C,Possession of weapons,Unable to prosecute suspect,
f6528abc1efdde99ef60ccfa632fdc949ff117058ff5c2de4c67c6cf3a17d792,2026-03,Suffolk Constabulary,Suffolk Constabulary,0.631246,52.442297,On or near Cherry Tree Close,E01029928,West Suffolk 002C,Robbery,Unable to prosecute suspect,
22be5e0565fe39b7de7d4a93a6a863a7905d587b84c01543995f8f0c30815e4e,2026-03,Suffolk Constabulary,Suffolk Constabulary,0.642877,52.394449,On or near Park/Open Space,E01029928,West Suffolk 002C,Shoplifting,Local resolution,
1fb63d5900701cf82aaeb5d72f3437d5e23485e667277460daac250d0473e224,2026-03,Suffolk Constabulary,Suffolk Constabulary,0.636233,52.443741,On or near Lingheath Road,E01029928,West Suffolk 002C,Violence and sexual offences,Under investigation,
efa129574485971a8c3605a23881d5d4d89567b15e8116b88740f55e1d8a774b,2026-03,Suffolk Constabulary,Suffolk Constabulary,0.631410,52.442581,On or near Yew Drive,E01029928,West Suffolk 002C,Violence and sexual offences,Under investigation,
feccdea6380ddab31350c6ab2dc920fb469cd058d0c25a2130d5a344548fbd36,2026-03,Suffolk Constabulary,Suffolk Constabulary,0.642877,52.394449,On or near Park/Open Space,E01029928,West Suffolk 002C,Violence and sexual offences,Unable to prosecute suspect,
,2026-03,Suffolk Constabulary,Suffolk Constabulary,0.615000,52.442046,On or near Parsons Close,E01029929,West Suffolk 002D,Anti-social behaviour,,
c850399e7fe28a38ad85dae184065a4c8c3f8f769e63172af42121eff2c47214,2026-03,Suffolk Constabulary,Suffolk Constabulary,0.615000,52.442046,On or near Parsons Close,E01029929,West Suffolk 002D,Bicycle theft,Investigation complete; no suspect identified,
f752c201b9029ce8d55b77ab3192ac698bf529d86277abd00fa285e0b7bcf608,2026-03,Suffolk Constabulary,Suffolk Constabulary,0.614396,52.441286,On or near Saffron Close,E01029929,West Suffolk 002D,Other theft,Investigation complete; no suspect identified,
2dc21087ee40827bf352e678021eb38efa64c51179d5abac434de923695ea20b,2026-03,Suffolk Constabulary,Suffolk Constabulary,0.618499,52.444639,On or near Petrol Station,E01029929,West Suffolk 002D,Other theft,Investigation complete; no suspect identified,
db444bba7ae096eff57f716ea24b1142dda2f7eb4146c8ce341209fde30d03ef,2026-03,Suffolk Constabulary,Suffolk Constabulary,0.618499,52.444639,On or near Petrol Station,E01029929,West Suffolk 002D,Shoplifting,Investigation complete; no suspect identified,
607abe203abb6f1a15bee09766de2885f10278fd26b82427146f45add3d26b0e,2026-03,Suffolk Constabulary,Suffolk Constabulary,0.610625,52.440479,On or near Shopping Area,E01029929,West Suffolk 002D,Shoplifting,Investigation complete; no suspect identified,
e5b48a64e8cc56fad6664ac6af9b65e8fafec0b6b72110a030283346b42d29f2,2026-03,Suffolk Constabulary,Suffolk Constabulary,0.608761,52.443290,On or near Princes Close,E01029929,West Suffolk 002D,Violence and sexual offences,Under investigation,
30a44f320739b4fe9c7b701b81399a29e294c7159f90760af69fbd6c54a28d75,2026-03,Suffolk Constabulary,Suffolk Constabulary,0.598914,52.443264,On or near Field Road,E01029929,West Suffolk 002D,Violence and sexual offences,Unable to prosecute suspect,
739de862c71d2c0fb86031e727741aadc4e8bf0b344a7ffc217d6cc37bf8e073,2026-03,Suffolk Constabulary,Suffolk Constabulary,0.614896,52.445007,On or near Church Road,E01029929,West Suffolk 002D,Violence and sexual offences,Local resolution,
8d1de008f77db62cbc4b74b1eccf5f79ec2e58d031b7070a22d6ed5eb3e99616,2026-03,Suffolk Constabulary,Suffolk Constabulary,0.611768,52.443880,On or near St Peter'S Approach,E01029929,West Suffolk 002D,Violence and sexual offences,Unable to prosecute suspect,
1b4d1afbb577819c2dbbe359eca55c4f70542c37d2d467424b6d8bd795b9e38b,2026-03,Suffolk Constabulary,Suffolk Constabulary,0.616168,52.443629,On or near London Road,E01029929,West Suffolk 002D,Violence and sexual offences,Unable to prosecute suspect,
5e27dcbde62bc3f3b0181c9f57373dc463c475700d17fb0c8386dddf3cf4ab22,2026-03,Suffolk Constabulary,Suffolk Constabulary,0.612664,52.443599,On or near Church Close,E01029929,West Suffolk 002D,Violence and sexual offences,Awaiting court outcome,
eacd834f78e3dbfb2029c69ae6b39293bbc5821de2a00919a92962bc3e6016e2,2026-03,Suffolk Constabulary,Suffolk Constabulary,0.603934,52.442551,On or near Pond Lane,E01029929,West Suffolk 002D,Violence and sexual offences,Under investigation,
54c02b5efb121d06981425d28f53d4bc908e3cfe8b1b7c45ee8e446cc9e6182b,2026-03,Suffolk Constabulary,Suffolk Constabulary,0.612664,52.443599,On or near Church Close,E01029929,West Suffolk 002D,Violence and sexual offences,Awaiting court outcome,
86e8bd2573df51739ec7b432426040281af708d515cbfcd2bb517258e5d30964,2026-03,Suffolk Constabulary,Suffolk Constabulary,0.612664,52.443599,On or near Church Close,E01029929,West Suffolk 002D,Violence and sexual offences,Awaiting court outcome,
db602d7b72deb6a7bcc17ea16b689afce50dd7bc8ff78b41aeb539acad6b867d,2026-03,Suffolk Constabulary,Suffolk Constabulary,0.612664,52.443599,On or near Church Close,E01029929,West Suffolk 002D,Other crime,Awaiting court outcome,
8c4f4fe75ea9950a7cbd0541d2d2e3b404ff736ab38fffe34705a4ffce8fd7be,2026-03,Suffolk Constabulary,Suffolk Constabulary,0.603651,52.436496,On or near Norwood Road,E01029930,West Suffolk 002E,Burglary,Investigation complete; no suspect identified,
a58d44b58f113b1011b5b59c32ea488cc1f60b53dcf1d7aaedda8fddb72a414c,2026-03,Suffolk Constabulary,Suffolk Constabulary,0.599388,52.438811,On or near Oaklands Drive,E01029930,West Suffolk 002E,Violence and sexual offences,Unable to prosecute suspect,
5917c12584f8a1a84cec6623e438fca8ba527824c2079c64d804d1cb9350e389,2026-03,Suffolk Constabulary,Suffolk Constabulary,0.583849,52.423712,On or near Parking Area,E01029930,West Suffolk 002E,Violence and sexual offences,Unable to prosecute suspect,
16572b9deff1c62dcf39e4cb53185faf7082d8487c9106f9d733d24e2ed18471,2026-03,Suffolk Constabulary,Suffolk Constabulary,0.599388,52.438811,On or near Oaklands Drive,E01029930,West Suffolk 002E,Violence and sexual offences,Under investigation,
fe40f3e1422235bac77e9ad6e20788341eed5d19d08c046a3723ba668db965e2,2026-03,Suffolk Constabulary,Suffolk Constabulary,0.606793,52.439880,On or near Petunia Way,E01029930,West Suffolk 002E,Violence and sexual offences,Under investigation,
4083fb1e61b7851f3bcf6f6963c96df4c5c81000668ffc0727071526f69656cf,2026-03,Suffolk Constabulary,Suffolk Constabulary,0.599388,52.438811,On or near Oaklands Drive,E01029930,West Suffolk 002E,Violence and sexual offences,Under investigation,
2246470aac70f0aef67fa98c49aa9108f1e73be4fb965cedcda28ddc2f055cc5,2026-03,Suffolk Constabulary,Suffolk Constabulary,0.599388,52.438811,On or near Oaklands Drive,E01029930,West Suffolk 002E,Other crime,Under investigation,
1634d60d068104927f387a23e9856c8760c0b93d2ef57f8a973fdbe1eef50c0b,2026-03,Suffolk Constabulary,Suffolk Constabulary,0.478784,52.333522,On or near Freckenham Road,E01029945,West Suffolk 003A,Burglary,Investigation complete; no suspect identified,
f471c25de546c6358ff0dfe9aadf1b46e71afe8f2e1c930690070e3449bb4aee,2026-03,Suffolk Constabulary,Suffolk Constabulary,0.518519,52.336332,On or near Church Meadow,E01029945,West Suffolk 003A,Burglary,Suspect charged as part of another case,
2dde53a61c431537a28c66a07feba5f307aa53ca700d0199704fe1770b9b37ba,2026-03,Suffolk Constabulary,Suffolk Constabulary,0.521660,52.334260,On or near Bell Lane,E01029945,West Suffolk 003A,Drugs,Awaiting court outcome,
9ea1aa182f2013a4a044873ed8e9f1e424236ef3f3aca4b96f2dc4a3fa0361e9,2026-03,Suffolk Constabulary,Suffolk Constabulary,0.478784,52.333522,On or near Freckenham Road,E01029945,West Suffolk 003A,Other theft,Investigation complete; no suspect identified,
5a13e6583010b30d07188a9c0de0f51740534f8cc1bcecbf217a0e7e62ae25fb,2026-03,Suffolk Constabulary,Suffolk Constabulary,0.441124,52.320162,On or near Sports/Recreation Area,E01029945,West Suffolk 003A,Other theft,Investigation complete; no suspect identified,
4744309068e3f60177b39c306f9be3af40f7d98485f4917121bfb1b35468b4b3,2026-03,Suffolk Constabulary,Suffolk Constabulary,0.492583,52.308988,On or near Newmarket Road,E01029945,West Suffolk 003A,Other theft,Investigation complete; no suspect identified,
04ad908421a894296e273d97754b93b1d4ad553167af3484906d4ad398390855,2026-03,Suffolk Constabulary,Suffolk Constabulary,0.520934,52.334671,On or near Wiggin Close,E01029945,West Suffolk 003A,Possession of weapons,Local resolution,
363fdb18d871bb79a8562ecee3bfd29922ebba481a53c3640cd505a08f55f007,2026-03,Suffolk Constabulary,Suffolk Constabulary,0.480005,52.335393,On or near Church Lane,E01029945,West Suffolk 003A,Violence and sexual offences,Action to be taken by another organisation,
a82e7034cb140c258973f38b67617724a27a67d7b3b92fa3206c932e9982c8f8,2026-03,Suffolk Constabulary,Suffolk Constabulary,0.521660,52.334260,On or near Bell Lane,E01029945,West Suffolk 003A,Violence and sexual offences,Unable to prosecute suspect,
2214774e57625d12795ebd1b68567066ca378fcbc222a3ab047e77e73cc46e5e,2026-03,Suffolk Constabulary,Suffolk Constabulary,0.502994,52.338281,On or near Mace Road,E01029945,West Suffolk 003A,Violence and sexual offences,Action to be taken by another organisation,
5644e50f42dd203a09f9dee2d9e99f67c18a5f2179718d77b995135d795747a1,2026-03,Suffolk Constabulary,Suffolk Constabulary,0.478764,52.373817,On or near Sycamore Drive,E01032523,West Suffolk 003B,Criminal damage and arson,Investigation complete; no suspect identified,
95911b95648e1edda980c02a3eaa5f05a0ec3437f6249e9c37ebf70845b8d876,2026-03,Suffolk Constabulary,Suffolk Constabulary,0.474888,52.371199,On or near Parking Area,E01032523,West Suffolk 003B,Possession of weapons,Awaiting court outcome,
da0c26590894d5b31a1e3c527a74bae619dc0b7cb3733942fca8d312956352c6,2026-03,Suffolk Constabulary,Suffolk Constabulary,0.480524,52.374562,On or near Cedar Court,E01032523,West Suffolk 003B,Violence and sexual offences,Action to be taken by another organisation,
cf1150c9a9ebd1a9e48a84af1df02ac5fc25c92b00d979c59dff45aef3de1f01,2026-03,Suffolk Constabulary,Suffolk Constabulary,0.480706,52.372292,On or near Jersey Court,E01032523,West Suffolk 003B,Violence and sexual offences,Under investigation,
af9e821a96591326fc805ba64164795e8796032024bbdb4a8bc69ccec6bc07d3,2026-03,Suffolk Constabulary,Suffolk Constabulary,0.482347,52.372743,On or near Pasture Way,E01032523,West Suffolk 003B,Violence and sexual offences,Unable to prosecute suspect,
ac3f2b9c2b667d8e9a6d6ed7352c6c667efefc515e26a1c256df7ff176d0d646,2026-03,Suffolk Constabulary,Suffolk Constabulary,0.482347,52.372743,On or near Pasture Way,E01032523,West Suffolk 003B,Violence and sexual offences,Unable to prosecute suspect,
270b208afec08667192f090b03067fe230961f1148460336155792b02257d601,2026-03,Suffolk Constabulary,Suffolk Constabulary,0.481552,52.371672,On or near Locks Lane,E01032523,West Suffolk 003B,Violence and sexual offences,Unable to prosecute suspect,
fcd5782c5e26352afd4363b3f98d5a13013cc55c44bfae617fe989f6339a2f2f,2026-03,Suffolk Constabulary,Suffolk Constabulary,0.480706,52.372292,On or near Jersey Court,E01032523,West Suffolk 003B,Violence and sexual offences,Under investigation,
73fdfeb202dcde33bd13cf1a64e8b455b45097bfc7423ae11946357ea73ea26b,2026-03,Suffolk Constabulary,Suffolk Constabulary,0.480524,52.374562,On or near Cedar Court,E01032523,West Suffolk 003B,Violence and sexual offences,Action to be taken by another organisation,
f5dce0500b38a8d21b705b8ef2ea5f7466d6dc2d36a87bfa05f11162125d47e4,2026-03,Suffolk Constabulary,Suffolk Constabulary,0.449099,52.391592,On or near Mildenhall Drove,E01032524,West Suffolk 003C,Burglary,Under investigation,
cb47d6975d0b7cd4fe8908491fd60acad330fe4199a17d7cd2c301d5db363272,2026-03,Suffolk Constabulary,Suffolk Constabulary,0.486010,52.372306,On or near Shrub House Close,E01032524,West Suffolk 003C,Burglary,Investigation complete; no suspect identified,
33299afa70012210500c2a3654594dd9fc457f225b369367ae4132011d0ade01,2026-03,Suffolk Constabulary,Suffolk Constabulary,0.484760,52.371245,On or near Farmers View,E01032524,West Suffolk 003C,Possession of weapons,Unable to prosecute suspect,
5f184760aaaeb4846de88674586e6f0898639cf8da981773b89f8f938d2754a5,2026-03,Suffolk Constabulary,Suffolk Constabulary,0.492531,52.372259,On or near Morley Close,E01032524,West Suffolk 003C,Violence and sexual offences,Action to be taken by another organisation,
140569204bab90835e29eaf55904e132a33eb5cb6f64914bfd337f6d5f8875b1,2026-03,Suffolk Constabulary,Suffolk Constabulary,0.488408,52.371060,On or near Holly Walk,E01032524,West Suffolk 003C,Other crime,Under investigation,
905ae9e49ff63fae1a2f0d03ab35ad3cd31ad304696c272573b7c2e18cb0f255,2026-03,Suffolk Constabulary,Suffolk Constabulary,0.453548,52.356520,On or near Manor Farm Road,E01032526,West Suffolk 003D,Other theft,Unable to prosecute suspect,
d885fcea4191976f396fa4ad70925168c54a8e0fd9225a82e49e00fd8187ac66,2026-03,Suffolk Constabulary,Suffolk Constabulary,0.456545,52.357861,On or near Beeches Road,E01032526,West Suffolk 003D,Public order,Unable to prosecute suspect,
97c241a540ad699aa2c81323f66143fcd44f1e2b3b39dbe61fbb654833baa236,2026-03,Suffolk Constabulary,Suffolk Constabulary,0.466648,52.348604,On or near Neve Gardens,E01032526,West Suffolk 003D,Violence and sexual offences,Unable to prosecute suspect,
fe35edef214b72b5a8f20d293f741bd3ff1646704f3dacf83abdca1aa9712315,2026-03,Suffolk Constabulary,Suffolk Constabulary,0.449930,52.359887,On or near Rolfe Close,E01032526,West Suffolk 003D,Violence and sexual offences,Under investigation,
8f283ee6dfb362c93e719e1fb69b1c8a3a6bdb31e5d0b27698cf642ef9524d7a,2026-03,Suffolk Constabulary,Suffolk Constabulary,0.463776,52.347657,On or near Bargate Lane,E01032526,West Suffolk 003D,Violence and sexual offences,Unable to prosecute suspect,
4f76a368182d94dce0926eb562fa22e00e4eb2f84ad4330b35a87674358adba7,2026-03,Suffolk Constabulary,Suffolk Constabulary,0.468701,52.347770,On or near Bagsham Lane,E01032526,West Suffolk 003D,Violence and sexual offences,Unable to prosecute suspect,
f5a70609710968107ebd5b99be18d9fc74ffa6c58d8b67dcc5467daa4e16954d,2026-03,Suffolk Constabulary,Suffolk Constabulary,0.508002,52.366051,On or near The Street,E01034564,West Suffolk 003E,Burglary,Investigation complete; no suspect identified,
41d213b0763b8c39cab8356de27c034ff420923824fd65c9d7c43b0446230e98,2026-03,Suffolk Constabulary,Suffolk Constabulary,0.529294,52.374652,On or near The Street,E01034564,West Suffolk 003E,Violence and sexual offences,Action to be taken by another organisation,
838c002cd666def9ae44922941b12e80206f616c1c2fac2de41d379e181f44ce,2026-03,Suffolk Constabulary,Suffolk Constabulary,0.497763,52.370737,On or near Aspal Lane,E01034565,West Suffolk 003F,Burglary,Suspect charged as part of another case,
e2b52b354272cdcfd49ddd58d10bf4b8ee1f47d2d4e4247ae1f6b0adf3f73fa7,2026-03,Suffolk Constabulary,Suffolk Constabulary,0.497289,52.374568,On or near Girling Way,E01034565,West Suffolk 003F,Burglary,Suspect charged as part of another case,
2c7d0036ade6b3d293684192b20753340a91c8e363ee355ef5d3ce8a717874c2,2026-03,Suffolk Constabulary,Suffolk Constabulary,0.496409,52.373823,On or near The Poplars,E01034565,West Suffolk 003F,Criminal damage and arson,Unable to prosecute suspect,
5685c19547b139e128e112e0d9390d96190a3cc4c585bf8d8f2cc9a44a687d62,2026-03,Suffolk Constabulary,Suffolk Constabulary,0.494496,52.371939,On or near Aspal Close,E01034565,West Suffolk 003F,Criminal damage and arson,Investigation complete; no suspect identified,
0bcc238ec50508978e0f67e155fceb4bef9cc1933f4b9ed1bd54dee30ddaf4c5,2026-03,Suffolk Constabulary,Suffolk Constabulary,0.498566,52.371169,On or near Lizards Way,E01034565,West Suffolk 003F,Other theft,Investigation complete; no suspect identified,
c6d99de0be4ca24f99132bb88e806156352acff1efa00d99922efc4814e33856,2026-03,Suffolk Constabulary,Suffolk Constabulary,0.499139,52.371949,On or near Hicfield Road,E01034565,West Suffolk 003F,Violence and sexual offences,Unable to prosecute suspect,
2d6a469092b31bd3a3f52d8a069f807eaf9caa6c070ad2ab158f9c71dbd7133a,2026-03,Suffolk Constabulary,Suffolk Constabulary,0.497289,52.374568,On or near Girling Way,E01034565,West Suffolk 003F,Violence and sexual offences,Under investigation,
,2026-03,Suffolk Constabulary,Suffolk Constabulary,0.519468,52.351230,On or near St John'S Close,E01029938,West Suffolk 004A,Anti-social behaviour,,
2948c919a7f8d19a3eb6c7ab0132c202f8c7e4f9759d94c35c764d9088f473b2,2026-03,Suffolk Constabulary,Suffolk Constabulary,0.518553,52.347778,On or near Emmanuel Close,E01029938,West Suffolk 004A,Criminal damage and arson,Unable to prosecute suspect,
715b9734016e11f81e4c6090d2075b1e63ca9081ef9ec9e48a5332b2afeafadd,2026-03,Suffolk Constabulary,Suffolk Constabulary,0.519468,52.351230,On or near St John'S Close,E01029938,West Suffolk 004A,Drugs,Local resolution,
c750334ad897f347d5f0ab702dcf59d4ce833ce32f4414e3b7a2e5989b1e5f90,2026-03,Suffolk Constabulary,Suffolk Constabulary,0.516984,52.350932,On or near Cavendish Close,E01029938,West Suffolk 004A,Other theft,Unable to prosecute suspect,
d9bc5b8e4a6908e2167bfcf210737e4249ea70bf0e840a5de05751b41bcf9988,2026-03,Suffolk Constabulary,Suffolk Constabulary,0.519468,52.351230,On or near St John'S Close,E01029938,West Suffolk 004A,Possession of weapons,Unable to prosecute suspect,
bdfa993580e0edebce581cf0b62f11d3ed8e2ebd5a2f659f44e10e31f28babb2,2026-03,Suffolk Constabulary,Suffolk Constabulary,0.518553,52.347778,On or near Emmanuel Close,E01029938,West Suffolk 004A,Public order,Unable to prosecute suspect,
c46152aee46d6d4379f66eba1c02a5756cf2b45e0e0b43717b4373f572571b1e,2026-03,Suffolk Constabulary,Suffolk Constabulary,0.518553,52.347778,On or near Emmanuel Close,E01029938,West Suffolk 004A,Violence and sexual offences,Action to be taken by another organisation,
add985008e175799657a436c314290aa99137f7bd4d03bdbfe1d1938907f22c4,2026-03,Suffolk Constabulary,Suffolk Constabulary,0.519468,52.351230,On or near St John'S Close,E01029938,West Suffolk 004A,Violence and sexual offences,Unable to prosecute suspect,
f1218714f56f7108a714101840b5f859b7fc5e60e76300370514f7160849b90f,2026-03,Suffolk Constabulary,Suffolk Constabulary,0.519468,52.351230,On or near St John'S Close,E01029938,West Suffolk 004A,Violence and sexual offences,Unable to prosecute suspect,
c9548c0a8ecc2940d3e5a857d61469bdbcc86119c9271b5afab8167b46071249,2026-03,Suffolk Constabulary,Suffolk Constabulary,0.518553,52.347778,On or near Emmanuel Close,E01029938,West Suffolk 004A,Violence and sexual offences,Under investigation,
6b113f5448778dbebd6362c0631e95764947a8cb56d68e0ebaf9ce045a8fd1db,2026-03,Suffolk Constabulary,Suffolk Constabulary,0.522245,52.347898,On or near Newnham Close,E01029938,West Suffolk 004A,Violence and sexual offences,Under investigation,
a78bef498b66784cd7878cb92f21f2b1288e751e5258106b1a1e5c84d9f16b68,2026-03,Suffolk Constabulary,Suffolk Constabulary,0.509108,52.346694,On or near Churchill Drive,E01029939,West Suffolk 004B,Burglary,Investigation complete; no suspect identified,
bfbbbdbd17223a01e78093c40b13ec803737c8c89959cecd2352e9569be67f4a,2026-03,Suffolk Constabulary,Suffolk Constabulary,0.510678,52.349520,On or near Field Walk,E01029939,West Suffolk 004B,Burglary,Suspect charged as part of another case,
4fd4c14be135730fd94e4e03b4dde85337cbb5c9f04f9c873d68ec22ca1702b1,2026-03,Suffolk Constabulary,Suffolk Constabulary,0.508079,52.348226,On or near Grosvenor House Court,E01029939,West Suffolk 004B,Criminal damage and arson,Investigation complete; no suspect identified,
029f5062b774d8317698eef503f5df9a5a8fdf7ecf61671f19e648dab614d60a,2026-03,Suffolk Constabulary,Suffolk Constabulary,0.504274,52.348972,On or near Boeing Way,E01029939,West Suffolk 004B,Criminal damage and arson,Unable to prosecute suspect,
b4e1ae6030dc1bdb21e96c25e9c545311e5999f3f869dbbb9f4dc480c7399a33,2026-03,Suffolk Constabulary,Suffolk Constabulary,0.508079,52.348226,On or near Grosvenor House Court,E01029939,West Suffolk 004B,Other theft,Unable to prosecute suspect,
143fd5098df6b7b75e97ce285694c2d466e2f2b31a4bd024635b6b28299e0d6d,2026-03,Suffolk Constabulary,Suffolk Constabulary,0.504274,52.348972,On or near Boeing Way,E01029939,West Suffolk 004B,Vehicle crime,Under investigation,
0397d25b013d83c507adf3d3e60098357f37e0df74eaeedfa4ffe8b365e74a59,2026-03,Suffolk Constabulary,Suffolk Constabulary,0.503030,52.346697,On or near Charles Melrose Close,E01029939,West Suffolk 004B,Violence and sexual offences,Under investigation,
007737d20a3326a996de429f5b3f5f8867f7b9ac3ed8d0c122444146d7e4e07a,2026-03,Suffolk Constabulary,Suffolk Constabulary,0.512410,52.351066,On or near Darwin Close,E01029940,West Suffolk 004C,Burglary,Investigation complete; no suspect identified,
4df710c8f83e4604ea576bd800c6d0f98c2259019cde9737940e496846b1d0e8,2026-03,Suffolk Constabulary,Suffolk Constabulary,0.512929,52.352961,On or near A1101,E01029940,West Suffolk 004C,Other theft,Investigation complete; no suspect identified,
c5d6c47326c3d62be2c9ce1665d76d1589ef8cb162ce3531f8d6491a73dabf71,2026-03,Suffolk Constabulary,Suffolk Constabulary,0.512725,52.348073,On or near Trinity Avenue,E01029940,West Suffolk 004C,Public order,Unable to prosecute suspect,
d598f1a49ee7e20509858da1b2c954fcbb1d8f63e35dbe71dae5246ea0282ef3,2026-03,Suffolk Constabulary,Suffolk Constabulary,0.513498,52.354190,On or near Field Road,E01029940,West Suffolk 004C,Public order,Investigation complete; no suspect identified,
c55eb666258853d66eb139e4281a8a8f90d82c4ec531402b57077a897529555a,2026-03,Suffolk Constabulary,Suffolk Constabulary,0.512929,52.352961,On or near A1101,E01029940,West Suffolk 004C,Vehicle crime,Investigation complete; no suspect identified,
0c3109a2f3f3bf4ad44eed805eb7aeab94a6f76779b72dba5427c11431b7d36c,2026-03,Suffolk Constabulary,Suffolk Constabulary,0.514723,52.349119,On or near Scott Avenue,E01029940,West Suffolk 004C,Violence and sexual offences,Local resolution,
2cb75b3862545391a7d063f97a658002f837a64c5e0de829d51e3e703a124043,2026-03,Suffolk Constabulary,Suffolk Constabulary,0.514760,52.353911,On or near Girton Close,E01029940,West Suffolk 004C,Violence and sexual offences,Unable to prosecute suspect,
103c99b8c853cc79a43d819f99dc8bfda68292dcada915621a14dda7efd57b44,2026-03,Suffolk Constabulary,Suffolk Constabulary,0.511087,52.346112,On or near North Place,E01029946,West Suffolk 004D,Burglary,Investigation complete; no suspect identified,
2c4c3da5525f20e1ee08cc6fd024c6966bf0f000bf32f76425ca380ea3723527,2026-03,Suffolk Constabulary,Suffolk Constabulary,0.523134,52.352420,On or near Conifer Close,E01029946,West Suffolk 004D,Burglary,Under investigation,
2accbdf6db08ea564b0b9a894ba2a3165294b707285c5d6b98eabb77e9c2be1c,2026-03,Suffolk Constabulary,Suffolk Constabulary,0.517123,52.345615,On or near Peterhouse Close,E01029946,West Suffolk 004D,Criminal damage and arson,Investigation complete; no suspect identified,
7e53d029570a1340f8b84824cf2945cf7a9aaeffbf7b7a56a4b5c372381e9b30,2026-03,Suffolk Constabulary,Suffolk Constabulary,0.513998,52.345915,On or near Hereward Avenue,E01029946,West Suffolk 004D,Criminal damage and arson,Unable to prosecute suspect,
b5b002d89abc7d2c9f765fa716ece905c7d0ce9ad75cee235f59084ae0de7e97,2026-03,Suffolk Constabulary,Suffolk Constabulary,0.523480,52.351540,On or near Evergreen Way,E01029946,West Suffolk 004D,Criminal damage and arson,Unable to prosecute suspect,
be67fd70c3e6654707cc9f296d1f90e8672377ca2b9488e202cb625b42d8695a,2026-03,Suffolk Constabulary,Suffolk Constabulary,0.514868,52.346760,On or near Fleming Avenue,E01029946,West Suffolk 004D,Public order,Unable to prosecute suspect,
a6274099e03d01bb8baac1e43c1e5a90e811ec64bf8f7bb9a9e74c65af0505aa,2026-03,Suffolk Constabulary,Suffolk Constabulary,0.513998,52.345915,On or near Hereward Avenue,E01029946,West Suffolk 004D,Public order,Unable to prosecute suspect,
1084913ed70d909fbf8380f6c6327f0b35bcd4274badf6b557bbdc5c346b0b20,2026-03,Suffolk Constabulary,Suffolk Constabulary,0.522804,52.351015,On or near Yew Tree Close,E01029946,West Suffolk 004D,Robbery,Unable to prosecute suspect,
8cc8aa7418ee2702f76d9d4dadfed2e1a8db48683e0291f16deb2077795e3fa2,2026-03,Suffolk Constabulary,Suffolk Constabulary,0.513998,52.345915,On or near Hereward Avenue,E01029946,West Suffolk 004D,Violence and sexual offences,Awaiting court outcome,
7888fb9ce9f088d98e9c823d551d84b08330443d6dc5261bd843761f60e28d18,2026-03,Suffolk Constabulary,Suffolk Constabulary,0.514868,52.346760,On or near Fleming Avenue,E01029946,West Suffolk 004D,Violence and sexual offences,Unable to prosecute suspect,
4bc3045f0512a1094d493678e282faf35e96af4eee935524c9ecc4fd51652f16,2026-03,Suffolk Constabulary,Suffolk Constabulary,0.513998,52.345915,On or near Hereward Avenue,E01029946,West Suffolk 004D,Violence and sexual offences,Unable to prosecute suspect,
0a21962af014033b9e8a1bec6ccc31c924cd96e48910fa0c1743e6318dd78412,2026-03,Suffolk Constabulary,Suffolk Constabulary,0.521550,52.345745,On or near Nursery Close,E01029946,West Suffolk 004D,Violence and sexual offences,Unable to prosecute suspect,
be5fef3e000c433e0744b136fdc394dad313e23069518960d53b16fbb045e912,2026-03,Suffolk Constabulary,Suffolk Constabulary,0.520985,52.346656,On or near Kings Close,E01029946,West Suffolk 004D,Other crime,Under investigation,
f7e5af164af11b66389d5949af2e695c6ae95babe5c3a786ab1cc48a192b1a44,2026-03,Suffolk Constabulary,Suffolk Constabulary,0.516847,52.344380,On or near Kingsway,E01029947,West Suffolk 004E,Burglary,Under investigation,
3cd748305d4953882b0a14bc9e5a930154d872b2276561db274f174377900fcd,2026-03,Suffolk Constabulary,Suffolk Constabulary,0.504894,52.345128,On or near Threshers Yard,E01029947,West Suffolk 004E,Criminal damage and arson,Unable to prosecute suspect,
182c6cb785914151766711458968d2017f1d6d4cefd4cbdb9df1ebb8fd7900f1,2026-03,Suffolk Constabulary,Suffolk Constabulary,0.516847,52.344380,On or near Kingsway,E01029947,West Suffolk 004E,Criminal damage and arson,Investigation complete; no suspect identified,
ed816a4d9254c7eacb8d224d52a6b94703c2b3b6723408b3d229346c4db1196f,2026-03,Suffolk Constabulary,Suffolk Constabulary,0.503838,52.341770,On or near Wamil Walk,E01029947,West Suffolk 004E,Other theft,Investigation complete; no suspect identified,
d206987bec67e4b924d4e62ad6b2bec9a20c3c667ecb1ccdfab42dfee9a54679,2026-03,Suffolk Constabulary,Suffolk Constabulary,0.504717,52.343828,On or near Bridewell Close,E01029947,West Suffolk 004E,Other theft,Under investigation,
6e969ccda1cfe25badca6601e56f7673ad0fb42bbe88edc0503ad0b57351ef63,2026-03,Suffolk Constabulary,Suffolk Constabulary,0.504894,52.345128,On or near Threshers Yard,E01029947,West Suffolk 004E,Other theft,Unable to prosecute suspect,
b9f4975e6ba9e06f01a858046754a02f9965fb3de542563c632a4d9349f48f89,2026-03,Suffolk Constabulary,Suffolk Constabulary,0.514311,52.345225,On or near Croft Place,E01029947,West Suffolk 004E,Possession of weapons,Under investigation,
c4a8fa63337d482c1e99ac7e0f1401bd769e7bf32aa8483c9ab96fd48bcdd548,2026-03,Suffolk Constabulary,Suffolk Constabulary,0.513164,52.342876,On or near Recreation Way,E01029947,West Suffolk 004E,Shoplifting,Unable to prosecute suspect,
75878d83f1031dcff64bab418be4a7a78de0bdb058f8469f298db29d47ed04ac,2026-03,Suffolk Constabulary,Suffolk Constabulary,0.511719,52.342450,On or near Shopping Area,E01029947,West Suffolk 004E,Shoplifting,Investigation complete; no suspect identified,
2945146fefb0a621709c8bdfb6726593b2f50b7a722176bfa438e696c5fee549,2026-03,Suffolk Constabulary,Suffolk Constabulary,0.511719,52.342450,On or near Shopping Area,E01029947,West Suffolk 004E,Shoplifting,Investigation complete; no suspect identified,
51b1d95592b6cb5c4cc878193e75ec6eff86f895c274fcdf40373965cfd7112b,2026-03,Suffolk Constabulary,Suffolk Constabulary,0.511719,52.342450,On or near Shopping Area,E01029947,West Suffolk 004E,Shoplifting,Investigation complete; no suspect identified,
d84dc4b755d98f00b9282861a92d86be65871681e9f75b44b91a1cff472c20ae,2026-03,Suffolk Constabulary,Suffolk Constabulary,0.508697,52.342017,On or near Aldrich Place,E01029947,West Suffolk 004E,Violence and sexual offences,Action to be taken by another organisation,
56b74f24197ad0ce909b0dd4530f306a7328b2be6bcd88f3b4a6776cddacf679,2026-03,Suffolk Constabulary,Suffolk Constabulary,0.509705,52.343228,On or near High Street,E01029947,West Suffolk 004E,Violence and sexual offences,Under investigation,
837794eb9f6d6767a42e55da040a25254bb18b72f5bee085dc1ce4b7a7f94645,2026-03,Suffolk Constabulary,Suffolk Constabulary,0.514311,52.345225,On or near Croft Place,E01029947,West Suffolk 004E,Violence and sexual offences,Under investigation,
62a361e380de590130d6b6e95d53e6d8de38f658f5f7de0054cfac337859be24,2026-03,Suffolk Constabulary,Suffolk Constabulary,0.506274,52.347203,On or near Birkdale Avenue,E01029947,West Suffolk 004E,Violence and sexual offences,Unable to prosecute suspect,
4bd40d2fe5a835d6abf25c2d809af7b163c97baf34c0e9b14086360d8c5f10e1,2026-03,Suffolk Constabulary,Suffolk Constabulary,0.503838,52.341770,On or near Wamil Walk,E01029947,West Suffolk 004E,Other crime,Investigation complete; no suspect identified,
3c0209a8b343b68df46dfab35e9fed69f2c3752d482ada7aabbeb0b2dee4f183,2026-03,Suffolk Constabulary,Suffolk Constabulary,0.850362,52.321377,On or near Knox Lane,E01030095,West Suffolk 005A,Other theft,Investigation complete; no suspect identified,
,2026-03,Suffolk Constabulary,Suffolk Constabulary,0.887548,52.355349,On or near Church Gardens,E01030096,West Suffolk 005B,Anti-social behaviour,,
cd0da183205160287906df6c274c9f8a341a33d2a5a52f065842788a05024f1b,2026-03,Suffolk Constabulary,Suffolk Constabulary,0.888610,52.355197,On or near Church Road,E01030096,West Suffolk 005B,Criminal damage and arson,Investigation complete; no suspect identified,
895025d24c720f620200c17f3cfe9c373c76ba5ce522707b4826c183ed0d0271,2026-03,Suffolk Constabulary,Suffolk Constabulary,0.951113,52.367654,On or near Mill Road,E01030096,West Suffolk 005B,Other theft,Investigation complete; no suspect identified,
6d41d71beaf365a3f24b36f41a7f373d4e01d0910d360f0a0309a082278af4fe,2026-03,Suffolk Constabulary,Suffolk Constabulary,0.951252,52.351013,On or near Fox'S Lane,E01030096,West Suffolk 005B,Other theft,Investigation complete; no suspect identified,
,2026-03,Suffolk Constabulary,Suffolk Constabulary,0.916454,52.366734,On or near Bury Road,E01030097,West Suffolk 005C,Anti-social behaviour,,
,2026-03,Suffolk Constabulary,Suffolk Constabulary,0.932153,52.378846,On or near Common Road,E01030097,West Suffolk 005C,Anti-social behaviour,,
,2026-03,Suffolk Constabulary,Suffolk Constabulary,0.916320,52.359129,On or near New Common Road,E01030097,West Suffolk 005C,Anti-social behaviour,,
dd38e28599ea033cbf57b58e7c75c31d1d478e8941c8f3f25c13d72a238b47d7,2026-03,Suffolk Constabulary,Suffolk Constabulary,0.884477,52.388680,On or near Norwich Lane,E01030097,West Suffolk 005C,Burglary,Investigation complete; no suspect identified,
636315fe774e05e0be34200c44c96165530526f7543afb9891d0eb51d00e0266,2026-03,Suffolk Constabulary,Suffolk Constabulary,0.918609,52.361312,On or near Church Road,E01030097,West Suffolk 005C,Criminal damage and arson,Under investigation,
a73174cef5bcbaee6efd21255366d421d1b30661f6e3bbece8ab4cffee657903,2026-03,Suffolk Constabulary,Suffolk Constabulary,0.928939,52.372253,On or near Thelnetham Road,E01030097,West Suffolk 005C,Other theft,Investigation complete; no suspect identified,
67532abca8adc56f909bf957c39ecbabc9e6fb3de83773d6b5206e6bf9f68d4c,2026-03,Suffolk Constabulary,Suffolk Constabulary,0.893077,52.355447,On or near Lingwood Close,E01030097,West Suffolk 005C,Other theft,Investigation complete; no suspect identified,
28c23ed929cdd516a8d784870f8ebaed08d8f670a789cdf2a2bba4d296af26cf,2026-03,Suffolk Constabulary,Suffolk Constabulary,0.884477,52.388680,On or near Norwich Lane,E01030097,West Suffolk 005C,Vehicle crime,Investigation complete; no suspect identified,
e8471251b70ec21d3f63a65179beb9a211381c6074d676ac7784075ee4c8bcc1,2026-03,Suffolk Constabulary,Suffolk Constabulary,0.884477,52.388680,On or near Norwich Lane,E01030097,West Suffolk 005C,Vehicle crime,Investigation complete; no suspect identified,
a3e8682de298df51abaec6017f86d0d592d0f161f00885f4a5b57f9c835a8897,2026-03,Suffolk Constabulary,Suffolk Constabulary,0.884477,52.388680,On or near Norwich Lane,E01030097,West Suffolk 005C,Vehicle crime,Investigation complete; no suspect identified,
90582b6c9b0989d29a64a64da685e3273eb1206c272e863d55a03529d857ce75,2026-03,Suffolk Constabulary,Suffolk Constabulary,0.893077,52.355447,On or near Lingwood Close,E01030097,West Suffolk 005C,Violence and sexual offences,Under investigation,
b9e9e4c10a30913766f48f5722a076aa63bd6b27ff47a6b74b31e0500214884b,2026-03,Suffolk Constabulary,Suffolk Constabulary,0.893077,52.355447,On or near Lingwood Close,E01030097,West Suffolk 005C,Violence and sexual offences,Action to be taken by another organisation,
8c3a5a29171e7dc34826ccd67d4d62b8d7e089b5075d0d45f42fac43a25c498d,2026-03,Suffolk Constabulary,Suffolk Constabulary,0.883856,52.325276,On or near Grundle Close,E01030145,West Suffolk 005D,Violence and sexual offences,Unable to prosecute suspect,
7a52e48f761c0d74e9ee4de631cd6e3f22e85373452d7ce05aee9882109359bb,2026-03,Suffolk Constabulary,Suffolk Constabulary,0.881400,52.333997,On or near Barningham Road,E01030145,West Suffolk 005D,Violence and sexual offences,Unable to prosecute suspect,
,2026-03,Suffolk Constabulary,Suffolk Constabulary,0.888908,52.323957,On or near Gilbert Road,E01030146,West Suffolk 005E,Anti-social behaviour,,
829c40fdd4ed981b42b6fbcfb4d97de1b72fcd36134bae8b8d1f8e5b51b0a403,2026-03,Suffolk Constabulary,Suffolk Constabulary,0.888577,52.322256,On or near Potter'S Lane,E01030146,West Suffolk 005E,Other theft,Investigation complete; no suspect identified,
55b7084f3622226b30ab4d89f6e02b35b9bf699f913f2870197acfa7609c8fe9,2026-03,Suffolk Constabulary,Suffolk Constabulary,0.907273,52.319999,On or near Grove Lane,E01030146,West Suffolk 005E,Public order,Unable to prosecute suspect,
48f47dc8f4f7bb1ee3637fb539c948cbfd8ac6efbfb0983d1e18c83c4fa70122,2026-03,Suffolk Constabulary,Suffolk Constabulary,0.905642,52.315263,On or near Upthorpe Road,E01030146,West Suffolk 005E,Vehicle crime,Investigation complete; no suspect identified,
d22a879ce9f5ece9d1ff361278c1bb43bf2bfd57151db8ee7bf2287af0b965fc,2026-03,Suffolk Constabulary,Suffolk Constabulary,0.886241,52.324481,On or near Horseshoe Rise,E01030146,West Suffolk 005E,Violence and sexual offences,Unable to prosecute suspect,
6964a06ee56e3f67e9faebe252e76c031da2c8e157045acbe6b54525e0dd872c,2026-03,Suffolk Constabulary,Suffolk Constabulary,0.809104,52.335809,On or near Sports/Recreation Area,E01030094,West Suffolk 006A,Other theft,Unable to prosecute suspect,
f20bf7e233d726aefe35b35844f7a4136b8093093c09d76d0ef77e1e1c984a99,2026-03,Suffolk Constabulary,Suffolk Constabulary,0.827405,52.393990,On or near Rushford Road,E01030094,West Suffolk 006A,Public order,Investigation complete; no suspect identified,
45bb257326c31853dd159dc1d8e898dd585d5ebeeed9f560032407077f3a3aed,2026-03,Suffolk Constabulary,Suffolk Constabulary,0.798198,52.358021,On or near Park Farm Lane,E01030094,West Suffolk 006A,Violence and sexual offences,Unable to prosecute suspect,
,2026-03,Suffolk Constabulary,Suffolk Constabulary,0.830663,52.302481,On or near Peddars Close,E01030121,West Suffolk 006B,Anti-social behaviour,,
c8fcea98dde87431502ca116275b5182f87c84758cdef251afcee98ae98cebd1,2026-03,Suffolk Constabulary,Suffolk Constabulary,0.833706,52.296148,On or near Peacock Rise,E01030121,West Suffolk 006B,Criminal damage and arson,Unable to prosecute suspect,
89d27b0970efbfca8d448e1d6ceab76531507dd62b4a875ba9bc9756a5553045,2026-03,Suffolk Constabulary,Suffolk Constabulary,0.841531,52.302444,On or near Coltsfoot Close,E01030121,West Suffolk 006B,Violence and sexual offences,Under investigation,
27a6b2d0b6849c15aa01b2135f5d3caab6705fd690b50ef4965f8ff00d525bd5,2026-03,Suffolk Constabulary,Suffolk Constabulary,0.819771,52.303281,On or near Clay Lane,E01030121,West Suffolk 006B,Violence and sexual offences,Unable to prosecute suspect,
65af052df7ff646eff184cab2669c2265487d94e96f4fce752b664c1be07e7d3,2026-03,Suffolk Constabulary,Suffolk Constabulary,0.841531,52.302444,On or near Coltsfoot Close,E01030121,West Suffolk 006B,Violence and sexual offences,Investigation complete; no suspect identified,
8cab3539f975a8459d4c2f11e42a91f9649991ed18d822309a5a5cd9478e3ff7,2026-03,Suffolk Constabulary,Suffolk Constabulary,0.836837,52.296945,On or near New Road,E01030121,West Suffolk 006B,Violence and sexual offences,Unable to prosecute suspect,
7d461c0bb6ccd0fa49757c36da15b80457e85155508d09421a6c709c6bf37b69,2026-03,Suffolk Constabulary,Suffolk Constabulary,0.836837,52.296945,On or near New Road,E01030121,West Suffolk 006B,Violence and sexual offences,Under investigation,
06fadc1ce06df4ee3410c5273d01d773f6f890384573742a01f06ae819d5d27b,2026-03,Suffolk Constabulary,Suffolk Constabulary,0.832895,52.299756,On or near Beeches Close,E01030121,West Suffolk 006B,Violence and sexual offences,Local resolution,
864cf00c21421d6c50a8459a7ac094fdec3c0a0624a3aa2e2add0d32c873b9d3,2026-03,Suffolk Constabulary,Suffolk Constabulary,0.836837,52.296945,On or near New Road,E01030121,West Suffolk 006B,Violence and sexual offences,Action to be taken by another organisation,
bf82f46354c5c6c68666abd993597943181e9df7a69a4f0fa8215db954077595,2026-03,Suffolk Constabulary,Suffolk Constabulary,0.836837,52.296945,On or near New Road,E01030121,West Suffolk 006B,Violence and sexual offences,Under investigation,
1cf6fd8e70c20eba47cf9bc2e62d442b02d24419ad790cceb8927f46c625939f,2026-03,Suffolk Constabulary,Suffolk Constabulary,0.801683,52.279125,On or near Parking Area,E01030133,West Suffolk 006D,Burglary,Investigation complete; no suspect identified,
a72e1f3070c1ac472dc45448cea772b8a339811c307d416bf43d60118f81a2f1,2026-03,Suffolk Constabulary,Suffolk Constabulary,0.545390,52.314731,On or near High Street,E01029941,West Suffolk 007A,Burglary,Suspect charged as part of another case,
1a0530bd6ff6cf740bcccf4a48c2154086c86b4bce9723f280272a4f787289aa,2026-03,Suffolk Constabulary,Suffolk Constabulary,0.541000,52.316732,On or near Tuddenham Road,E01029941,West Suffolk 007A,Violence and sexual offences,Under investigation,
cc8eaf171e0302f4136dfdee567fb9e555cf6f146e135608bb8c5d4a6c9bcbdb,2026-03,Suffolk Constabulary,Suffolk Constabulary,0.550061,52.312266,On or near Cavenham Road,E01029941,West Suffolk 007A,Violence and sexual offences,Investigation complete; no suspect identified,
454f2c5020872c59eee664a976f6d485cf9538a1f42a7c60dbd4b077e8d6f172,2026-03,Suffolk Constabulary,Suffolk Constabulary,0.579526,52.300727,On or near The Gap,E01029941,West Suffolk 007A,Violence and sexual offences,Unable to prosecute suspect,
f66ebb501439a2d4b45ed43da024c4558c631b66c07e1b5852b2e824b0f20498,2026-03,Suffolk Constabulary,Suffolk Constabulary,0.424960,52.256272,On or near B1506,E01029957,West Suffolk 007B,Burglary,Investigation complete; no suspect identified,
da7b875464fc19dcbe6792b775ee7be3bd936b6069e4aaecbb37eb6ffb935e2b,2026-03,Suffolk Constabulary,Suffolk Constabulary,0.502419,52.271659,On or near Jersey Meadow,E01029957,West Suffolk 007B,Vehicle crime,Investigation complete; no suspect identified,
1bccfa9ed70db947e4ee21155c2cf524ea4b850db5c332def5c2581956a0a4b0,2026-03,Suffolk Constabulary,Suffolk Constabulary,0.487951,52.269816,On or near Larnach Drive,E01029957,West Suffolk 007B,Violence and sexual offences,Under investigation,
32230976fcfa29e6df15b9a7d6a3f85e5423a97f19d7d1202fd4a353cc1b50a8,2026-03,Suffolk Constabulary,Suffolk Constabulary,0.491359,52.268638,On or near Anvil Way,E01029957,West Suffolk 007B,Violence and sexual offences,Unable to prosecute suspect,
24c2e6b46d7d16378697c23aefb61fc9cfb39ac61d4f57fdcaa0e4d2468f0bb5,2026-03,Suffolk Constabulary,Suffolk Constabulary,0.487951,52.269816,On or near Larnach Drive,E01029957,West Suffolk 007B,Violence and sexual offences,Unable to prosecute suspect,
bc1796bd3ca986506c33fcc786f15c80edb67acb9aa9a5022d7e616a67d77851,2026-03,Suffolk Constabulary,Suffolk Constabulary,0.489991,52.268550,On or near Jeddah Way,E01029957,West Suffolk 007B,Violence and sexual offences,Unable to prosecute suspect,
e3551b2b8e7e6c27c7904e21d5edf4d8386819a079fe1aa4bb0948481baadc60,2026-03,Suffolk Constabulary,Suffolk Constabulary,0.489991,52.268550,On or near Jeddah Way,E01029957,West Suffolk 007B,Other crime,Under investigation,
94b8c278878158f428d99a2cf4767ce18b49ae5940c84cb6226df32e86f4c242,2026-03,Suffolk Constabulary,Suffolk Constabulary,0.484028,52.300841,On or near Aster Close,E01033452,West Suffolk 007C,Criminal damage and arson,Unable to prosecute suspect,
659c5992bb1011c9f7214848b6f04f7fa0a43b38adb3e9eb7a6e30048adcbf18,2026-03,Suffolk Constabulary,Suffolk Constabulary,0.485649,52.299917,On or near White Mullein Drive,E01033452,West Suffolk 007C,Violence and sexual offences,Unable to prosecute suspect,
4794ca45c286b9aef0b1f766941440e3a83a5fb60fa1cd667088d22afcbf6efe,2026-03,Suffolk Constabulary,Suffolk Constabulary,0.496451,52.300031,On or near Hornbeam Avenue,E01033452,West Suffolk 007C,Violence and sexual offences,Unable to prosecute suspect,
7c63d360b5bdd7036380ccd259c944dc227da83906696bef818169753db3d674,2026-03,Suffolk Constabulary,Suffolk Constabulary,0.491199,52.300277,On or near Marigold Drive,E01033452,West Suffolk 007C,Other crime,Under investigation,
8d06dd4caa757870d21f9bb8f275a19c32024d37aa825ea0e484df8571f80c9a,2026-03,Suffolk Constabulary,Suffolk Constabulary,0.484058,52.306353,On or near Lily Close,E01033454,West Suffolk 007D,Violence and sexual offences,Action to be taken by another organisation,
59c5cfeb93c708920467ab4eeabaa27242d22eb6504ca6d8e348ab2ca1d4efce,2026-03,Suffolk Constabulary,Suffolk Constabulary,0.484058,52.306353,On or near Lily Close,E01033454,West Suffolk 007D,Violence and sexual offences,Action to be taken by another organisation,
8e5bf3a5d98f6d82fff8ab3b6bca7e87bf22b0992b33a38f0204ba3e9afb496c,2026-03,Suffolk Constabulary,Suffolk Constabulary,0.490476,52.306218,On or near Laburnum Close,E01033454,West Suffolk 007D,Violence and sexual offences,Under investigation,
5fb51c417b65b9958fbab870b4281a52948f785f6b657cf1e8e74a5f2ff1f774,2026-03,Suffolk Constabulary,Suffolk Constabulary,0.490476,52.306218,On or near Laburnum Close,E01033454,West Suffolk 007D,Violence and sexual offences,Under investigation,
c4f42e62bfec73d3f4ec34e13892b30333ab074eb884e7e81055b05803c7d513,2026-03,Suffolk Constabulary,Suffolk Constabulary,0.484058,52.306353,On or near Lily Close,E01033454,West Suffolk 007D,Violence and sexual offences,Unable to prosecute suspect,
ccbbe3310e6400354c8080322d689f45ab92104a204cd06741592f1ed7dd1af4,2026-03,Suffolk Constabulary,Suffolk Constabulary,0.497173,52.309484,On or near Damson Close,E01033454,West Suffolk 007D,Violence and sexual offences,Unable to prosecute suspect,
b68aa5ebf78eaf865442472334c0f9255882512e63ec71caed95545e572a1aeb,2026-03,Suffolk Constabulary,Suffolk Constabulary,0.490476,52.306218,On or near Laburnum Close,E01033454,West Suffolk 007D,Other crime,Under investigation,
,2026-03,Suffolk Constabulary,Suffolk Constabulary,0.497828,52.308086,On or near Harebell Road,E01034566,West Suffolk 007E,Anti-social behaviour,,
,2026-03,Suffolk Constabulary,Suffolk Constabulary,0.501728,52.306223,On or near Parsley Close,E01034566,West Suffolk 007E,Anti-social behaviour,,
,2026-03,Suffolk Constabulary,Suffolk Constabulary,0.501728,52.306223,On or near Parsley Close,E01034566,West Suffolk 007E,Anti-social behaviour,,
757306ae8480e8ed37c97edbafe237997d20e3939a99a1052335ecffca6315a6,2026-03,Suffolk Constabulary,Suffolk Constabulary,0.497909,52.303534,On or near Plantation Way,E01034566,West Suffolk 007E,Possession of weapons,Unable to prosecute suspect,
5a07fdcc90ec99db4b9867e99a4da9b54ba80fa6244a89e1cb51b34df0abc79c,2026-03,Suffolk Constabulary,Suffolk Constabulary,0.499636,52.308407,On or near Poppy Close,E01034566,West Suffolk 007E,Violence and sexual offences,Unable to prosecute suspect,
,2026-03,Suffolk Constabulary,Suffolk Constabulary,0.498957,52.299474,On or near Chamomile Close,E01034567,West Suffolk 007F,Anti-social behaviour,,
1a86b4671454af7afb527081262e5cbb61bdfdb62d305399273b1630b7587249,2026-03,Suffolk Constabulary,Suffolk Constabulary,0.502635,52.302535,On or near Linden Drive,E01034567,West Suffolk 007F,Other theft,Investigation complete; no suspect identified,
0df2deef34356bbc3e755b38733a858916d464064558db73787c97897372bb31,2026-03,Suffolk Constabulary,Suffolk Constabulary,0.500551,52.299917,On or near Daffodil Way,E01034567,West Suffolk 007F,Violence and sexual offences,Awaiting court outcome,
5da33e9acd0b4535b47cb778fceeef0becd89a4ac44909f958dd2d91497a1702,2026-03,Suffolk Constabulary,Suffolk Constabulary,0.501423,52.300816,On or near Primrose Drive,E01034567,West Suffolk 007F,Violence and sexual offences,Action to be taken by another organisation,
2afd7c755074f7dc8dfde6491e11cd7e0793e7eccf2bab5a3c286b3c5e68ed64,2026-03,Suffolk Constabulary,Suffolk Constabulary,0.364504,52.264863,On or near Plover Place,E01029937,West Suffolk 008A,Burglary,Investigation complete; no suspect identified,
b99d3aa967b73c9c59404d895c9c6e3082f4fef7191c8dba153ff4d9f413f8ab,2026-03,Suffolk Constabulary,Suffolk Constabulary,0.372525,52.265754,On or near Swan Grove,E01029937,West Suffolk 008A,Criminal damage and arson,Investigation complete; no suspect identified,
5eb991bfef094fec516ec31b807d36e301a319d10d6e1ad4fd40745bca8ab174,2026-03,Suffolk Constabulary,Suffolk Constabulary,0.366031,52.259959,On or near Heath Road,E01029937,West Suffolk 008A,Other theft,Investigation complete; no suspect identified,
faee0f5e84a700815d93cbc71cbf53b34642a37aad18e9e2d83aa91f3a66829e,2026-03,Suffolk Constabulary,Suffolk Constabulary,0.366031,52.259959,On or near Heath Road,E01029937,West Suffolk 008A,Other theft,Under investigation,
9960d15f033e9b0525d5da9987f684db542cdf0fcf87dd730c1753566bbfd54a,2026-03,Suffolk Constabulary,Suffolk Constabulary,0.360690,52.266441,On or near Tern Place,E01029937,West Suffolk 008A,Other theft,Under investigation,
ebf7c7266b83042c54c6ce3435fdb54605e116ca40f855fc1724d4f0e9dc3ab1,2026-03,Suffolk Constabulary,Suffolk Constabulary,0.368095,52.263798,On or near Sports/Recreation Area,E01029937,West Suffolk 008A,Public order,Unable to prosecute suspect,
3f35011e40d43db44219f8fadfbe4c818124acfa0907f7779b4541068c3a7318,2026-03,Suffolk Constabulary,Suffolk Constabulary,0.363900,52.265909,On or near Glebe Drive,E01029937,West Suffolk 008A,Public order,Investigation complete; no suspect identified,
84feb2c1f3c7ab0c8255dd23af07092847cbd79a6433b936bf11361d3c2dec7b,2026-03,Suffolk Constabulary,Suffolk Constabulary,0.363900,52.265909,On or near Glebe Drive,E01029937,West Suffolk 008A,Public order,Offender given a caution,
696f8eb0a894aee0634cc29a4338574a14dc77df910f81f50ac8010a6a77efb8,2026-03,Suffolk Constabulary,Suffolk Constabulary,0.366031,52.259959,On or near Heath Road,E01029937,West Suffolk 008A,Shoplifting,Local resolution,
8743c5ec6c57aec27f9196bf2398a25a62d44553516fca9d2e9ccf9be8a163e7,2026-03,Suffolk Constabulary,Suffolk Constabulary,0.366031,52.259959,On or near Heath Road,E01029937,West Suffolk 008A,Shoplifting,Investigation complete; no suspect identified,
40eb58f93b274877329d37c1468889f4827d7c20b19963a867b7313dcb8beb73,2026-03,Suffolk Constabulary,Suffolk Constabulary,0.366031,52.259959,On or near Heath Road,E01029937,West Suffolk 008A,Vehicle crime,Investigation complete; no suspect identified,
7404873ceaf86971af2a4fa2304c9ec00400a24214153bc3a1d42327738ecf7d,2026-03,Suffolk Constabulary,Suffolk Constabulary,0.398433,52.272748,On or near Snailwell Short Road,E01029937,West Suffolk 008A,Vehicle crime,Investigation complete; no suspect identified,
d2ba7001553db6a8e5188c6ae7dc6f13d99e4ba0397d2b111083f765d94c1ca4,2026-03,Suffolk Constabulary,Suffolk Constabulary,0.376207,52.263081,On or near Exning Road,E01029937,West Suffolk 008A,Vehicle crime,Investigation complete; no suspect identified,
fca1cf2d432c234600478a45e6ee145979bbcbd4e89ec4180c62946ba3343c32,2026-03,Suffolk Constabulary,Suffolk Constabulary,0.371810,52.261974,On or near Frogmore,E01029937,West Suffolk 008A,Vehicle crime,Investigation complete; no suspect identified,
919816fdd1a3465d57b40ad82b2ca1b4b7e478941594da5ed08953d8ea944c1d,2026-03,Suffolk Constabulary,Suffolk Constabulary,0.376207,52.263081,On or near Exning Road,E01029937,West Suffolk 008A,Vehicle crime,Investigation complete; no suspect identified,
b29beb2abbd6eb7f822787cb2f54648a6232f3e0b3cc9a20a15df5c694582109,2026-03,Suffolk Constabulary,Suffolk Constabulary,0.360690,52.266441,On or near Tern Place,E01029937,West Suffolk 008A,Violence and sexual offences,Investigation complete; no suspect identified,
af7e0ae1e9dbb225cb75c09130e92b569348c0ee4e1639077ada1480ea6fecb8,2026-03,Suffolk Constabulary,Suffolk Constabulary,0.398433,52.272748,On or near Snailwell Short Road,E01029937,West Suffolk 008A,Violence and sexual offences,Action to be taken by another organisation,
df72b4ffbf611b81b24021dc0f808b571e397708cc303d0532ef4ee194230ea7,2026-03,Suffolk Constabulary,Suffolk Constabulary,0.378618,52.267610,On or near George Gibson Close,E01029937,West Suffolk 008A,Violence and sexual offences,Action to be taken by another organisation,
3000b1e1adb70120c26bd8c2ffdb9c31c8a3e009ba2f3d55d5cd532d77c566b9,2026-03,Suffolk Constabulary,Suffolk Constabulary,0.369756,52.263301,On or near St Wendred'S Way,E01029937,West Suffolk 008A,Violence and sexual offences,Unable to prosecute suspect,
,2026-03,Suffolk Constabulary,Suffolk Constabulary,0.389922,52.256771,On or near Laureate Gardens,E01029953,West Suffolk 008B,Anti-social behaviour,,
,2026-03,Suffolk Constabulary,Suffolk Constabulary,0.393917,52.263470,On or near Persimmon Walk,E01029953,West Suffolk 008B,Anti-social behaviour,,
5b0404a8e253f05e28d8ab6ebed62b4344ad3e4f9c9445845654d11ffb1e979b,2026-03,Suffolk Constabulary,Suffolk Constabulary,0.395163,52.258849,On or near Willie Snaith Road,E01029953,West Suffolk 008B,Burglary,Investigation complete; no suspect identified,
f1640e70f105e2d743dcc2971e7ee5a9ae071b5c8ded269079376df84210ea04,2026-03,Suffolk Constabulary,Suffolk Constabulary,0.388722,52.263881,On or near Parkers Walk,E01029953,West Suffolk 008B,Criminal damage and arson,Unable to prosecute suspect,
2ea13b709777b126998a2bce7c8596f800e393b29e713352d807934c805e76f6,2026-03,Suffolk Constabulary,Suffolk Constabulary,0.396089,52.262285,On or near Supermarket,E01029953,West Suffolk 008B,Drugs,Local resolution,
522a090f434f51b2fd943815db242f8a70105b4623071e942b4933fceec2599d,2026-03,Suffolk Constabulary,Suffolk Constabulary,0.395163,52.258849,On or near Willie Snaith Road,E01029953,West Suffolk 008B,Other theft,Investigation complete; no suspect identified,
78e637f6d9f6545bca27fb64fe60ee9385fb1960eb66e15fbee0c6a98c836322,2026-03,Suffolk Constabulary,Suffolk Constabulary,0.395163,52.258849,On or near Willie Snaith Road,E01029953,West Suffolk 008B,Other theft,Under investigation,
1561be290cfb54fe172f70777417b9680205aca9e3034fc4cbbcb17cde0bbc97,2026-03,Suffolk Constabulary,Suffolk Constabulary,0.395416,52.256479,On or near Sam Alper Court,E01029953,West Suffolk 008B,Other theft,Unable to prosecute suspect,
71a27eb854751118cf6c74565ebe00f6c3cc368f96611f89762b2671f6e04a27,2026-03,Suffolk Constabulary,Suffolk Constabulary,0.397673,52.262998,On or near Petrol Station,E01029953,West Suffolk 008B,Other theft,Unable to prosecute suspect,
f2acc06415487b8bc330c7170185accb40ebfdd855b6cf1256eb56ea859d81ea,2026-03,Suffolk Constabulary,Suffolk Constabulary,0.395163,52.258849,On or near Willie Snaith Road,E01029953,West Suffolk 008B,Shoplifting,Investigation complete; no suspect identified,
a20a8cc8e4092ca89547ae4a8031c8bd51e0efc3a1ad976c47f38be6de82723c,2026-03,Suffolk Constabulary,Suffolk Constabulary,0.391093,52.261099,On or near Studlands Park Avenue,E01029953,West Suffolk 008B,Violence and sexual offences,Unable to prosecute suspect,
506749aa1378f83529d968395edfa147eea01dad43c5305ff194f5dffd623dd7,2026-03,Suffolk Constabulary,Suffolk Constabulary,0.396089,52.262285,On or near Supermarket,E01029953,West Suffolk 008B,Violence and sexual offences,Awaiting court outcome,
8772bb896125f9165900f8b38479cf3106e83afe3d455e0224eb49bc99f37bb7,2026-03,Suffolk Constabulary,Suffolk Constabulary,0.392404,52.255246,On or near Guineas Close,E01029953,West Suffolk 008B,Violence and sexual offences,Unable to prosecute suspect,
568f9eff2ceba7f40a25ef58be69f66e797538a48f0dafd76ff95f4f2fa5a301,2026-03,Suffolk Constabulary,Suffolk Constabulary,0.397666,52.255552,On or near Doug Smith Close,E01029953,West Suffolk 008B,Violence and sexual offences,Awaiting court outcome,
4bb80eac31d49e781ecb746875847a4908a3049ad462c3995d346bb527565615,2026-03,Suffolk Constabulary,Suffolk Constabulary,0.397673,52.262998,On or near Petrol Station,E01029953,West Suffolk 008B,Other crime,Investigation complete; no suspect identified,
87075249fc8bc5b159fda6fd9a3da6ec39470d2df0c7848deb588771af7d9897,2026-03,Suffolk Constabulary,Suffolk Constabulary,0.401334,52.256170,On or near Weston Way,E01029955,West Suffolk 008C,Criminal damage and arson,Investigation complete; no suspect identified,
df46848e4c05c7ded8be6fce6adc05287583a0fe0f591cb6462288ef38a6d251,2026-03,Suffolk Constabulary,Suffolk Constabulary,0.402908,52.256561,On or near A142,E01029955,West Suffolk 008C,Public order,Unable to prosecute suspect,
94212d14e6d7185e70912e897830a94371af5c4c68c8b3f0da6aad9eacacda72,2026-03,Suffolk Constabulary,Suffolk Constabulary,0.402908,52.256561,On or near A142,E01029955,West Suffolk 008C,Public order,Unable to prosecute suspect,
c0d820ed18109d2e357f1acbb0fcb07c5d1eddb32d499c4f9c02c7d60f22226e,2026-03,Suffolk Constabulary,Suffolk Constabulary,0.399227,52.254603,On or near Mat Dawson Close,E01029955,West Suffolk 008C,Vehicle crime,Investigation complete; no suspect identified,
bf4f7a7c4ed5ffffbfc563b7cce2310bcfe4e39582af4cfbc9fb1854df242d53,2026-03,Suffolk Constabulary,Suffolk Constabulary,0.401334,52.256170,On or near Weston Way,E01029955,West Suffolk 008C,Violence and sexual offences,Unable to prosecute suspect,
cbe127945dcf25faa23cd6c100855b2c725f60d1d9dbe60461c6630af977d8dc,2026-03,Suffolk Constabulary,Suffolk Constabulary,0.397132,52.252434,On or near Field Terrace Road,E01029955,West Suffolk 008C,Violence and sexual offences,Under investigation,
dd787ccb204e815e92269113487c7f9b7dee41d8d8ba85826a05278f055bd534,2026-03,Suffolk Constabulary,Suffolk Constabulary,0.393886,52.253921,On or near Griffin Gardens,E01029955,West Suffolk 008C,Violence and sexual offences,Unable to prosecute suspect,
d0ed6e9da97ff7c9f48b835ecd430ffead46da4678bacc6e8875ecd579df3acd,2026-03,Suffolk Constabulary,Suffolk Constabulary,0.404166,52.256796,On or near St Albans,E01029955,West Suffolk 008C,Violence and sexual offences,Action to be taken by another organisation,
c78ec4c60764c113cc576e23269bd51fce2df51a870cd627ef36223c1ba81f5d,2026-03,Suffolk Constabulary,Suffolk Constabulary,0.393886,52.253921,On or near Griffin Gardens,E01029955,West Suffolk 008C,Violence and sexual offences,Unable to prosecute suspect,
,2026-03,Suffolk Constabulary,Suffolk Constabulary,0.391958,52.264643,On or near Hyperion Way,E01029956,West Suffolk 008D,Anti-social behaviour,,
56088ce3becd91e1f0072dc043b53ad67a4afc1b81390bd1063ff492e7416e9e,2026-03,Suffolk Constabulary,Suffolk Constabulary,0.383976,52.263392,On or near Royal Palace Close,E01029956,West Suffolk 008D,Burglary,Investigation complete; no suspect identified,
5cc8bd0b7e5438c2f85340dc265af720d6281eceda4cbe4eaceddbb1033ea02f,2026-03,Suffolk Constabulary,Suffolk Constabulary,0.392793,52.266010,On or near Aureole Walk,E01029956,West Suffolk 008D,Criminal damage and arson,Investigation complete; no suspect identified,
4a5241910bbd2e82094a5ea6a320914cf5b300cbbb66d3ad6b7367bf18ec2047,2026-03,Suffolk Constabulary,Suffolk Constabulary,0.388328,52.260382,On or near Victoria Way,E01029956,West Suffolk 008D,Other theft,Unable to prosecute suspect,
44cf6b1c2735bf7c1dcf3129188148e38a18b5b3aa59dd4726fec51b50eb6ea8,2026-03,Suffolk Constabulary,Suffolk Constabulary,0.388328,52.260382,On or near Victoria Way,E01029956,West Suffolk 008D,Other theft,Unable to prosecute suspect,
74db4e667144af3dbb52828e76a1365b4bd0a5da3ffabffb03395e8ed61366c6,2026-03,Suffolk Constabulary,Suffolk Constabulary,0.392793,52.266010,On or near Aureole Walk,E01029956,West Suffolk 008D,Vehicle crime,Investigation complete; no suspect identified,
edece4ebc68d90c747500018cd37fea082980f1469f128e01ba3fed74575059d,2026-03,Suffolk Constabulary,Suffolk Constabulary,0.392793,52.266010,On or near Aureole Walk,E01029956,West Suffolk 008D,Vehicle crime,Investigation complete; no suspect identified,
e1ead3796036cf94825265724f24821843503ee9bd72265eccc48bfcaa4837f7,2026-03,Suffolk Constabulary,Suffolk Constabulary,0.392793,52.266010,On or near Aureole Walk,E01029956,West Suffolk 008D,Vehicle crime,Investigation complete; no suspect identified,
91d00d1fc020efdeb25fdd9bfc89bf7aa04684bc603491f2559312d74f17794d,2026-03,Suffolk Constabulary,Suffolk Constabulary,0.392793,52.266010,On or near Aureole Walk,E01029956,West Suffolk 008D,Vehicle crime,Investigation complete; no suspect identified,
09d0adf7d30ab347e37fab6f2966ad093ddcbc985924c414b59e97de3868633c,2026-03,Suffolk Constabulary,Suffolk Constabulary,0.383800,52.264205,On or near Highclere Close,E01029956,West Suffolk 008D,Vehicle crime,Investigation complete; no suspect identified,
7b19165601788abd827e5eb05262d9f0662e18b3192b62f34788d7a448f92b4b,2026-03,Suffolk Constabulary,Suffolk Constabulary,0.392793,52.266010,On or near Aureole Walk,E01029956,West Suffolk 008D,Vehicle crime,Investigation complete; no suspect identified,
024cf5d88148a73ee39917d97792b72a2c57cd67217e886139f2f2b04c45f2bc,2026-03,Suffolk Constabulary,Suffolk Constabulary,0.386133,52.262072,On or near Brickfields Avenue,E01029956,West Suffolk 008D,Violence and sexual offences,Under investigation,
5ef156e281865982bf09f64bbb85ca6c5f424131b240568c9a831c80b76e3a74,2026-03,Suffolk Constabulary,Suffolk Constabulary,0.394331,52.264630,On or near Nimbus Way,E01029956,West Suffolk 008D,Violence and sexual offences,Unable to prosecute suspect,
894ef288dfdde7a9489b5539fdd314bdc752a60dfd56b233eb799c81533fbd35,2026-03,Suffolk Constabulary,Suffolk Constabulary,0.388328,52.260382,On or near Victoria Way,E01029956,West Suffolk 008D,Violence and sexual offences,Unable to prosecute suspect,
4a4d1d767a9db2ad7e785392a1a3a87bf22efc4cf12046fe386e4c1432143cb7,2026-03,Suffolk Constabulary,Suffolk Constabulary,0.388328,52.260382,On or near Victoria Way,E01029956,West Suffolk 008D,Violence and sexual offences,Unable to prosecute suspect,
9dc7ccf3be6866de446e838d9fea41506d277c9d5cbc64be2434f3ff34481229,2026-03,Suffolk Constabulary,Suffolk Constabulary,0.389085,52.266814,On or near A14,E01029956,West Suffolk 008D,Violence and sexual offences,Unable to prosecute suspect,
c98caef3b2659331dc6c1091cd71bb668836b78c407ce9c4f2bc0c4efa9092fe,2026-03,Suffolk Constabulary,Suffolk Constabulary,0.405466,52.246689,On or near Exeter Road,E01034568,West Suffolk 008E,Criminal damage and arson,Unable to prosecute suspect,
e8de8c953a9ca39f2535e911798a11cb8271afb430afbba51619114b745d72f2,2026-03,Suffolk Constabulary,Suffolk Constabulary,0.405466,52.246689,On or near Exeter Road,E01034568,West Suffolk 008E,Criminal damage and arson,Unable to prosecute suspect,
a6bf229f8eaf78797bfcc3fa7acc01dcf948b00b6e3144526c4ca538fff1ef7a,2026-03,Suffolk Constabulary,Suffolk Constabulary,0.415031,52.261201,On or near Sports/Recreation Area,E01034568,West Suffolk 008E,Drugs,Under investigation,
d150b4b471a0ea40bdd23b589d3547bd71d628050bf5bc0568f9e7bd5d2c046a,2026-03,Suffolk Constabulary,Suffolk Constabulary,0.404475,52.244623,On or near Parking Area,E01034568,West Suffolk 008E,Public order,Under investigation,
805e14b72bca035f6f8b6a1c4bdc2e55c96991da758b78523fd09caa035e0857,2026-03,Suffolk Constabulary,Suffolk Constabulary,0.405018,52.244418,On or near Shopping Area,E01034568,West Suffolk 008E,Public order,Under investigation,
dab7104a55a62d628121717d6a5dc07c258d49102d9536ce84ab0413ca7413f9,2026-03,Suffolk Constabulary,Suffolk Constabulary,0.417092,52.251173,On or near Bury Road,E01034568,West Suffolk 008E,Public order,Investigation complete; no suspect identified,
3efe3dc0eba140fcdfea91ec7e6259d7405646ea493263ac374d514087ac56c5,2026-03,Suffolk Constabulary,Suffolk Constabulary,0.408142,52.246868,On or near Supermarket,E01034568,West Suffolk 008E,Theft from the person,Investigation complete; no suspect identified,
8953a6eef9a14213d57270fc9f40a2c757544e433928a193bda8de8596ce1356,2026-03,Suffolk Constabulary,Suffolk Constabulary,0.407865,52.254203,On or near Meynell Gardens,E01034568,West Suffolk 008E,Violence and sexual offences,Unable to prosecute suspect,
68789c0d6e89b6b9d80c86016c8a46d1584324db29ea5a6dd8364cf51feaa667,2026-03,Suffolk Constabulary,Suffolk Constabulary,0.408142,52.246868,On or near Supermarket,E01034568,West Suffolk 008E,Violence and sexual offences,Under investigation,
,2026-03,Suffolk Constabulary,Suffolk Constabulary,0.403667,52.249999,On or near Permian Close,E01034569,West Suffolk 008F,Anti-social behaviour,,
75baa4025b7498dea9ac4269ee26276e22c23489f612c09d75ec331e7ee001af,2026-03,Suffolk Constabulary,Suffolk Constabulary,0.399994,52.250892,On or near Hospital,E01034569,West Suffolk 008F,Other theft,Under investigation,
7ce661a5e6f0308e33a86d8d01fb1610ff1510fa6160817ee92a66239dae57d4,2026-03,Suffolk Constabulary,Suffolk Constabulary,0.402300,52.248561,On or near Skeaping Close,E01034569,West Suffolk 008F,Violence and sexual offences,Unable to prosecute suspect,
e31d66032bfdfc3279f4a0f68df639ac9e0edea2a78386a1e0c1b452fb04cfb6,2026-03,Suffolk Constabulary,Suffolk Constabulary,0.403575,52.249111,On or near Wilfred Sherman Close,E01034569,West Suffolk 008F,Violence and sexual offences,Under investigation,
494289017dd80a8d10af8bcf571c7091b29daf624d445a3fab51121d2a0e9ed6,2026-03,Suffolk Constabulary,Suffolk Constabulary,0.400559,52.252670,On or near Greville Starkey Avenue,E01034569,West Suffolk 008F,Violence and sexual offences,Under investigation,
4160728525cfdf865331f5e84ec6b05372043c83dab690c5f0fb4cabccf214d5,2026-03,Suffolk Constabulary,Suffolk Constabulary,0.403667,52.249999,On or near Permian Close,E01034569,West Suffolk 008F,Violence and sexual offences,Unable to prosecute suspect,
6aaaea0a59c908d87be4b2bbd8c5c72d53650b16b3e3192161aae415b749fd18,2026-03,Suffolk Constabulary,Suffolk Constabulary,0.400559,52.252670,On or near Greville Starkey Avenue,E01034569,West Suffolk 008F,Other crime,Under investigation,
92c68e84382298310c9566ab2f9f74dea5db276109221ee4f7a4a0f9632664e9,2026-03,Suffolk Constabulary,Suffolk Constabulary,0.706381,52.259388,On or near Tollgate Lane,E01030130,West Suffolk 009A,Criminal damage and arson,Unable to prosecute suspect,
baad91d54142042ac6fb1a43dcb4ee648fdcec4d21b00eb1ea7fa0197ba373f0,2026-03,Suffolk Constabulary,Suffolk Constabulary,0.707427,52.263798,On or near Wordsworth Road,E01030130,West Suffolk 009A,Criminal damage and arson,Unable to prosecute suspect,
f445acd54776023049a821288de1f4422f81cacfbbbe93b8b8fa0ee49605cc02,2026-03,Suffolk Constabulary,Suffolk Constabulary,0.707427,52.263798,On or near Wordsworth Road,E01030130,West Suffolk 009A,Criminal damage and arson,Awaiting court outcome,
d592df952e824bf8f90b8081b5607b318222465f17265af93248be6d500e9f06,2026-03,Suffolk Constabulary,Suffolk Constabulary,0.707427,52.263798,On or near Wordsworth Road,E01030130,West Suffolk 009A,Drugs,Awaiting court outcome,
0648281826d75c6439f5427ad2a873353ac48dfb7ea4b10da4ea6e0bd774440b,2026-03,Suffolk Constabulary,Suffolk Constabulary,0.707427,52.263798,On or near Wordsworth Road,E01030130,West Suffolk 009A,Drugs,Formal action is not in the public interest,
53115538254b8ae8b32bc18af1423bafc3fc7973586498ad2c068590690ffc9d,2026-03,Suffolk Constabulary,Suffolk Constabulary,0.710143,52.262432,On or near Friary Meadow,E01030130,West Suffolk 009A,Other theft,Investigation complete; no suspect identified,
68dc46fc6e36b70e1e3d70c838cba8d0ab60ed83964661e6f2873929321ba638,2026-03,Suffolk Constabulary,Suffolk Constabulary,0.709951,52.260636,On or near Petrol Station,E01030130,West Suffolk 009A,Violence and sexual offences,Investigation complete; no suspect identified,
,2026-03,Suffolk Constabulary,Suffolk Constabulary,0.705228,52.263318,On or near Bunbury Road,E01030131,West Suffolk 009B,Anti-social behaviour,,
9633e91584e86b534c74daf2048b13ead89fba162729f33a050d6de7e47bb320,2026-03,Suffolk Constabulary,Suffolk Constabulary,0.703509,52.264679,On or near Anselm Avenue,E01030131,West Suffolk 009B,Drugs,Awaiting court outcome,
a6077c5e93768c8330def28f77e89a00e1124bfa78a5e60279d0ad51e4a33c80,2026-03,Suffolk Constabulary,Suffolk Constabulary,0.703280,52.263578,On or near Lake Avenue,E01030131,West Suffolk 009B,Public order,Investigation complete; no suspect identified,
c74cc5ee6731257bac253fc57ddf2b302d4966cc24e80a6df21130c7f1183120,2026-03,Suffolk Constabulary,Suffolk Constabulary,0.703280,52.263578,On or near Lake Avenue,E01030131,West Suffolk 009B,Shoplifting,Investigation complete; no suspect identified,
797d712e3f159d463f481a66d5e7e192ff94d8e4b3ddff0933d401263b4ff0a4,2026-03,Suffolk Constabulary,Suffolk Constabulary,0.703280,52.263578,On or near Lake Avenue,E01030131,West Suffolk 009B,Shoplifting,Local resolution,
06503f13a6bc754713a96b637554c6405cbafd8ecfce1ad6eeffc2145ba08a24,2026-03,Suffolk Constabulary,Suffolk Constabulary,0.705228,52.263318,On or near Bunbury Road,E01030131,West Suffolk 009B,Violence and sexual offences,Awaiting court outcome,
0459bc1df92b38a387fad4f3858a2388bb680890d2f6ad971a153ba581544dcc,2026-03,Suffolk Constabulary,Suffolk Constabulary,0.703509,52.264679,On or near Anselm Avenue,E01030131,West Suffolk 009B,Violence and sexual offences,Unable to prosecute suspect,
331c628bfd6a783fbd04e49dbd38e053e39f4a9cbb0835268730d537d97c7e6f,2026-03,Suffolk Constabulary,Suffolk Constabulary,0.703509,52.264679,On or near Anselm Avenue,E01030131,West Suffolk 009B,Violence and sexual offences,Action to be taken by another organisation,
e6683c2257bcf4ff4bc2af5bd70270ac1d48ef533a34a9c682c80d30ef84ce57,2026-03,Suffolk Constabulary,Suffolk Constabulary,0.703280,52.263578,On or near Lake Avenue,E01030131,West Suffolk 009B,Violence and sexual offences,Unable to prosecute suspect,
,2026-03,Suffolk Constabulary,Suffolk Constabulary,0.692916,52.257250,On or near Wollaston Close,E01030139,West Suffolk 009C,Anti-social behaviour,,
5f808fc71db2896a3d4ed313d4446d27f579f3a22b01f49accc80524123a6d3a,2026-03,Suffolk Constabulary,Suffolk Constabulary,0.699764,52.259495,On or near Parking Area,E01030139,West Suffolk 009C,Criminal damage and arson,Unable to prosecute suspect,
36ed71cce71330df2a48c2c598186090ad55d84e8efe8b9f27ec56b8690ec83b,2026-03,Suffolk Constabulary,Suffolk Constabulary,0.692418,52.256533,On or near Firtree Close,E01030139,West Suffolk 009C,Other theft,Investigation complete; no suspect identified,
92e1151edd3607a801a2a7d86f457ba9465ecb1951c5f121bab3191860a5d8cb,2026-03,Suffolk Constabulary,Suffolk Constabulary,0.699764,52.259495,On or near Parking Area,E01030139,West Suffolk 009C,Theft from the person,Action to be taken by another organisation,
bd3937f1fe9f3e9090d6a5f6dfac3d0203cdff1df30ef7a5c799d26236632953,2026-03,Suffolk Constabulary,Suffolk Constabulary,0.698859,52.259237,On or near Sports/Recreation Area,E01030139,West Suffolk 009C,Violence and sexual offences,Unable to prosecute suspect,
0368988dc9849e852a56e4c689f3184fbde304e722d98089149cca4137e832da,2026-03,Suffolk Constabulary,Suffolk Constabulary,0.692418,52.256533,On or near Firtree Close,E01030139,West Suffolk 009C,Violence and sexual offences,Unable to prosecute suspect,
8a2262895c96aac7e14d38e6b19fd86a2484cbb5254e0477e7261b285e797a55,2026-03,Suffolk Constabulary,Suffolk Constabulary,0.699673,52.255109,On or near Beetons Way,E01030139,West Suffolk 009C,Violence and sexual offences,Unable to prosecute suspect,
9335d4a23a7bf262054e3b0f0e80dab7f150a9b69d93bb0f494029ef8231a112,2026-03,Suffolk Constabulary,Suffolk Constabulary,0.703492,52.260552,On or near Lancaster Avenue,E01030139,West Suffolk 009C,Violence and sexual offences,Unable to prosecute suspect,
2d4894a1f1ade6d43b8a1a1a22e6272d2d9687eca4af7597a0b0db46f8b53776,2026-03,Suffolk Constabulary,Suffolk Constabulary,0.699764,52.259495,On or near Parking Area,E01030139,West Suffolk 009C,Violence and sexual offences,Unable to prosecute suspect,
8a5093efe06551ade792f317b74aab64d1c109e4c403278da463988e3018209f,2026-03,Suffolk Constabulary,Suffolk Constabulary,0.703492,52.260552,On or near Lancaster Avenue,E01030139,West Suffolk 009C,Violence and sexual offences,Action to be taken by another organisation,
779db5151e92affc8e3d4cd0e5debb32d0969b984d04c3286881dc8a296894fd,2026-03,Suffolk Constabulary,Suffolk Constabulary,0.703492,52.260552,On or near Lancaster Avenue,E01030139,West Suffolk 009C,Violence and sexual offences,Unable to prosecute suspect,
a20fc6fb1f7b5a6437197d3116945612cea5eb5ad83c06957e45a580a834fca9,2026-03,Suffolk Constabulary,Suffolk Constabulary,0.698363,52.254527,On or near Oakes Close,E01030139,West Suffolk 009C,Other crime,Awaiting court outcome,
5510b85d1bf41b7e8daeb2340a30a912775ef43f92721f62cd2568cf59fcff52,2026-03,Suffolk Constabulary,Suffolk Constabulary,0.696812,52.257458,On or near St Olaves Road,E01030140,West Suffolk 009D,Criminal damage and arson,Investigation complete; no suspect identified,
a89af0179f1e493885c6086a0edce500ca24f6eebf72dba2c8db876263fca37c,2026-03,Suffolk Constabulary,Suffolk Constabulary,0.698250,52.255087,On or near Oakes Road,E01030140,West Suffolk 009D,Other theft,Unable to prosecute suspect,
4a6eba4cd37c2f85c8924a0a5c37acdfad260bc05352de5949352300c2a63419,2026-03,Suffolk Constabulary,Suffolk Constabulary,0.696812,52.257458,On or near St Olaves Road,E01030140,West Suffolk 009D,Other theft,Under investigation,
c8253c69c68104d5205d4c5b2b161a638432adcf4df0d0dd6df05794e18eebeb,2026-03,Suffolk Constabulary,Suffolk Constabulary,0.697514,52.255266,On or near Trevethan Close,E01030140,West Suffolk 009D,Public order,Investigation complete; no suspect identified,
e4efa092a674666b539349fab14622fb9e7000dc8c27f97f0aed5c221479559d,2026-03,Suffolk Constabulary,Suffolk Constabulary,0.698250,52.255087,On or near Oakes Road,E01030140,West Suffolk 009D,Violence and sexual offences,Action to be taken by another organisation,
d7d5f84ef822152f1c8a109a0167f30828a2ea43a2b6a1ed32a0cd1946cb976c,2026-03,Suffolk Constabulary,Suffolk Constabulary,0.696812,52.257458,On or near St Olaves Road,E01030140,West Suffolk 009D,Violence and sexual offences,Unable to prosecute suspect,
96942265353d56154a1eea09a118a4bba1b26a3213e7f6e32c8f17e780151656,2026-03,Suffolk Constabulary,Suffolk Constabulary,0.696812,52.257458,On or near St Olaves Road,E01030140,West Suffolk 009D,Violence and sexual offences,Unable to prosecute suspect,
445d0dd67e1c3b17297c95f2845e550f7193db4e48f6aae5c17d6cdf50ce09d4,2026-03,Suffolk Constabulary,Suffolk Constabulary,0.698946,52.260269,On or near Northumberland Avenue,E01030141,West Suffolk 009E,Criminal damage and arson,Unable to prosecute suspect,
88a8ac9160fc21878c28db7fd3c56cb658562c8c2cc2404b8d1b92f3bf9ff58f,2026-03,Suffolk Constabulary,Suffolk Constabulary,0.695770,52.261295,On or near Ion Road,E01030141,West Suffolk 009E,Criminal damage and arson,Investigation complete; no suspect identified,
353c1dc4e3b290bc68f6a52f933c9936082b8fbf3e5d333156633e2705ef9e16,2026-03,Suffolk Constabulary,Suffolk Constabulary,0.698946,52.260269,On or near Northumberland Avenue,E01030141,West Suffolk 009E,Violence and sexual offences,Action to be taken by another organisation,
c4515a13b829f89d4bc93bac8870eb6ad817b0f1da3407cc76ed3427c253044d,2026-03,Suffolk Constabulary,Suffolk Constabulary,0.584799,52.237106,On or near Simpson Way,E01030098,West Suffolk 010A,Other theft,Unable to prosecute suspect,
25d339ce2a2ba4003fe262b9875cb75f39faaf187a742444921385328e52a4ae,2026-03,Suffolk Constabulary,Suffolk Constabulary,0.566111,52.252378,On or near Coalpit Lane,E01030098,West Suffolk 010A,Other theft,Investigation complete; no suspect identified,
30866d099eb6b030ac7a4ce8f264027da5491b96cef7f629289a497230b44562,2026-03,Suffolk Constabulary,Suffolk Constabulary,0.564308,52.259720,On or near Coalpit Lane,E01030098,West Suffolk 010A,Possession of weapons,Formal action is not in the public interest,
975d7ed1f617b725575727286537a03870f155cef1108409bb2af66f632515e5,2026-03,Suffolk Constabulary,Suffolk Constabulary,0.577226,52.248737,On or near Church Road,E01030098,West Suffolk 010A,Public order,Under investigation,
42ca37af49d9859a91cbf7978799ff32c37896273c5ce4ce266e95358aac94b3,2026-03,Suffolk Constabulary,Suffolk Constabulary,0.568688,52.223186,On or near Barrow Road,E01030098,West Suffolk 010A,Violence and sexual offences,Under investigation,
c759f90474f401291adad54163689a534cd605a8c86187934cf62bfd0652ed32,2026-03,Suffolk Constabulary,Suffolk Constabulary,0.583269,52.243047,On or near Meadow Way,E01030098,West Suffolk 010A,Other crime,Further investigation is not in the public interest,
e2d0f275a6de3e3d0ce2ffd2a9409ac9ff56eb172ef65b0d28d382fac69abfcc,2026-03,Suffolk Constabulary,Suffolk Constabulary,0.609728,52.204390,On or near Mill Road,E01030100,West Suffolk 010B,Other theft,Action to be taken by another organisation,
fc2da14982cb12fd3b10ab1b3a8f10bf4b4b586995a768643bd2a3e8b95a66e5,2026-03,Suffolk Constabulary,Suffolk Constabulary,0.687860,52.166340,On or near Darney Lane,E01030100,West Suffolk 010B,Other theft,Investigation complete; no suspect identified,
6ca5cb5baaa653aa4fb603411c5383a0e4ea813ed4cc364d87c87973a39ea5d4,2026-03,Suffolk Constabulary,Suffolk Constabulary,0.622771,52.193498,On or near Kings Park,E01030100,West Suffolk 010B,Other theft,Under investigation,
26ae1d9cfa2a129aebe118154820a63ac966a2969415a1ca85e81fbb51d322f1,2026-03,Suffolk Constabulary,Suffolk Constabulary,0.622771,52.193498,On or near Kings Park,E01030100,West Suffolk 010B,Vehicle crime,Under investigation,
407c489f39260181413a0e7155a442c587a9b9e253952364b9e9ed8c15bc6f32,2026-03,Suffolk Constabulary,Suffolk Constabulary,0.704720,52.203662,On or near Church Road,E01030100,West Suffolk 010B,Violence and sexual offences,Unable to prosecute suspect,
0044796eebe906c4f147ef24ef0105872eaee62c4c2cfa435f76d0b66bf5212f,2026-03,Suffolk Constabulary,Suffolk Constabulary,0.704720,52.203662,On or near Church Road,E01030100,West Suffolk 010B,Violence and sexual offences,Unable to prosecute suspect,
04e6452f9d3366b401239fcc66ae13764c6dbbf391d79049e191db511ff9912d,2026-03,Suffolk Constabulary,Suffolk Constabulary,0.619563,52.187212,On or near Benwell Close,E01030100,West Suffolk 010B,Violence and sexual offences,Unable to prosecute suspect,
,2026-03,Suffolk Constabulary,Suffolk Constabulary,0.674440,52.228318,On or near Westley Lane,E01030119,West Suffolk 010C,Anti-social behaviour,,
76f61129c379b288ca61d289443c4fe06fe386ac6b823a4f97b4edb51309c4da,2026-03,Suffolk Constabulary,Suffolk Constabulary,0.725919,52.224064,On or near Fox And Pin Lane,E01030119,West Suffolk 010C,Other theft,Investigation complete; no suspect identified,
ba251057db942222a031479d3aeea68f2969c6b2a982b57426a68a38e101c4a7,2026-03,Suffolk Constabulary,Suffolk Constabulary,0.732077,52.228238,On or near Sicklesmere Road,E01030119,West Suffolk 010C,Violence and sexual offences,Action to be taken by another organisation,
2b2c8e631ad6f6fd7cf534e8358663b202b01ac70107725a7d09f1dcdc0e27d6,2026-03,Suffolk Constabulary,Suffolk Constabulary,0.732812,52.224961,On or near Sports/Recreation Area,E01030119,West Suffolk 010C,Violence and sexual offences,Under investigation,
82fd098fa8d8136b6b877a3ce244c25d1261bd2c42db10b379af202bc0a88396,2026-03,Suffolk Constabulary,Suffolk Constabulary,0.669643,52.222815,On or near College Close,E01030119,West Suffolk 010C,Violence and sexual offences,Unable to prosecute suspect,
7e8dd4465eb06a67f27bdf915abe7fbac7122beb8a584a02b641125504cf5538,2026-03,Suffolk Constabulary,Suffolk Constabulary,0.745396,52.211976,On or near Hawstead Lane,E01030119,West Suffolk 010C,Violence and sexual offences,Under investigation,
ded5ab3df66a04281e01227bd3fc3bb78cf65fe1374e18217d9e3f8984b3a2ce,2026-03,Suffolk Constabulary,Suffolk Constabulary,0.750311,52.205521,On or near Tutelina Road,E01030119,West Suffolk 010C,Violence and sexual offences,Unable to prosecute suspect,
6dc26abe2340c9a0194c53d10e06faaf4be2079336b23f83b7f9f34f87844c37,2026-03,Suffolk Constabulary,Suffolk Constabulary,0.630789,52.264056,On or near South Street,E01030134,West Suffolk 010D,Burglary,Investigation complete; no suspect identified,
f80f875ca8f0b628c33a29d9ea74d156d9d27e5ab3930cd361fa54fdd841c998,2026-03,Suffolk Constabulary,Suffolk Constabulary,0.620350,52.263246,On or near Newmarket Road,E01030134,West Suffolk 010D,Burglary,Investigation complete; no suspect identified,
e9f5872fc066769adbbeaf0a7f7181b0337e542296cb858c9e9f61799a06c971,2026-03,Suffolk Constabulary,Suffolk Constabulary,0.632068,52.268560,On or near Flempton Road,E01030134,West Suffolk 010D,Criminal damage and arson,Under investigation,
1bf7e321b60834628b205afa186d0e8fd96056a1a14cc4c5b78686c45e848a22,2026-03,Suffolk Constabulary,Suffolk Constabulary,0.623658,52.262668,On or near Newmarket Road,E01030134,West Suffolk 010D,Criminal damage and arson,Investigation complete; no suspect identified,
14c6f11d435f79d9bff37f0463eec4520d35e7ab8cbf5527533b6d29941b5a26,2026-03,Suffolk Constabulary,Suffolk Constabulary,0.635585,52.268554,On or near Hall Lane,E01030134,West Suffolk 010D,Other theft,Investigation complete; no suspect identified,
7ad81322391ae5a1e5fd29d611909112419ac47431951adf935abe7e756bf0d3,2026-03,Suffolk Constabulary,Suffolk Constabulary,0.630789,52.264056,On or near South Street,E01030134,West Suffolk 010D,Vehicle crime,Investigation complete; no suspect identified,
b98e8e2ed44090ed0926c94d4426481e151f5646c4b7050e01b388e934764db2,2026-03,Suffolk Constabulary,Suffolk Constabulary,0.620350,52.263246,On or near Newmarket Road,E01030134,West Suffolk 010D,Vehicle crime,Investigation complete; no suspect identified,
9d0c0c3d2b050a0f2e7e880994497f751877ed0a1d291674486f07971997457b,2026-03,Suffolk Constabulary,Suffolk Constabulary,0.632068,52.268560,On or near Flempton Road,E01030134,West Suffolk 010D,Violence and sexual offences,Unable to prosecute suspect,
a5a704139f4b96bb9052624d1c9f905718e818b13bc17b25722c635b0c6c52a7,2026-03,Suffolk Constabulary,Suffolk Constabulary,0.717951,52.303331,On or near Glebe Close,E01030135,West Suffolk 010E,Criminal damage and arson,Unable to prosecute suspect,
1c3a1227df2f1d04a9b59fb5c09bb0a43e6131e5617afb071611e058ad4304b7,2026-03,Suffolk Constabulary,Suffolk Constabulary,0.639810,52.311516,On or near Parking Area,E01030135,West Suffolk 010E,Other theft,Investigation complete; no suspect identified,
,2026-03,Suffolk Constabulary,Suffolk Constabulary,0.712078,52.246119,On or near Parking Area,E01030091,West Suffolk 011A,Anti-social behaviour,,
f6c78eed13415f0177e074082f2d8d069c7b993b443e81e7039ace65b32226c4,2026-03,Suffolk Constabulary,Suffolk Constabulary,0.712078,52.246119,On or near Parking Area,E01030091,West Suffolk 011A,Criminal damage and arson,Unable to prosecute suspect,
1610b26ae6ef45fbd0f17c06a80a21fb6f4a34947353268c105a6c2b491ed33f,2026-03,Suffolk Constabulary,Suffolk Constabulary,0.711527,52.240916,On or near A143,E01030091,West Suffolk 011A,Criminal damage and arson,Investigation complete; no suspect identified,
023ca5763fb4c465bc4161f55acc5be8428751240d3a91f824d1745d89bd6d03,2026-03,Suffolk Constabulary,Suffolk Constabulary,0.714048,52.244779,On or near Abbeygate Street,E01030091,West Suffolk 011A,Criminal damage and arson,Unable to prosecute suspect,
be0d391098f3e38ec3dcbee7176ad4b9681bead92219e42bf9d2ce5f742fe102,2026-03,Suffolk Constabulary,Suffolk Constabulary,0.710145,52.246613,On or near Merchants Place,E01030091,West Suffolk 011A,Criminal damage and arson,Unable to prosecute suspect,
df7515304089830277167a336fd0adffa28ce3bad516cd495f21cc082dc33037,2026-03,Suffolk Constabulary,Suffolk Constabulary,0.714048,52.244779,On or near Abbeygate Street,E01030091,West Suffolk 011A,Criminal damage and arson,Investigation complete; no suspect identified,
87c65b95323e1047834b5c587ae0992750ee4b5b5bea5609b8f23d67ae946f0a,2026-03,Suffolk Constabulary,Suffolk Constabulary,0.712078,52.246119,On or near Parking Area,E01030091,West Suffolk 011A,Drugs,Offender given a caution,
988c6c9e2268af153cc1bfd39b6706c22f1c31b8f28f139fb95caf906bef401d,2026-03,Suffolk Constabulary,Suffolk Constabulary,0.710847,52.244906,On or near Nightclub,E01030091,West Suffolk 011A,Drugs,Under investigation,
9893c95ce099cec8f113f4aa8066d2016e74b3af57d23c144acb6c4459cbeb86,2026-03,Suffolk Constabulary,Suffolk Constabulary,0.711527,52.240916,On or near A143,E01030091,West Suffolk 011A,Drugs,Local resolution,
008a4859d50572360c87101363a4e81c46977efe302981c70ee6b3a101c14b06,2026-03,Suffolk Constabulary,Suffolk Constabulary,0.709662,52.244095,On or near Shopping Area,E01030091,West Suffolk 011A,Drugs,Offender given a caution,
4a37fc7bf2553c3ddf507a3952728cc8d545726567fc91fec5d969ab0513621a,2026-03,Suffolk Constabulary,Suffolk Constabulary,0.707719,52.239969,On or near Out Westgate,E01030091,West Suffolk 011A,Other theft,Investigation complete; no suspect identified,
73d6aafa758c6d910e550d752200e24188d4dbe8cd3a0086fc64590fcda81436,2026-03,Suffolk Constabulary,Suffolk Constabulary,0.712641,52.245495,On or near Skinner Street,E01030091,West Suffolk 011A,Other theft,Investigation complete; no suspect identified,
1ca8e0ab3072104b7a5618b2bfa612a7e78b85bfc88b3e7a8082246e39727f53,2026-03,Suffolk Constabulary,Suffolk Constabulary,0.712641,52.245495,On or near Skinner Street,E01030091,West Suffolk 011A,Other theft,Unable to prosecute suspect,
b2ed16cd694c6b1f8f8af5aa96486112f1cf6c9120932398fa486cf8cf11c6fc,2026-03,Suffolk Constabulary,Suffolk Constabulary,0.711304,52.241829,On or near Thomas Lane,E01030091,West Suffolk 011A,Public order,Investigation complete; no suspect identified,
ce68644ef364060b6261030a530f49a3fbd2060caae09c7f717c3cc356425c58,2026-03,Suffolk Constabulary,Suffolk Constabulary,0.710145,52.246613,On or near Merchants Place,E01030091,West Suffolk 011A,Public order,Unable to prosecute suspect,
483fe767da93e56709e6c597bfc33f75120ce8e95d3ec201f7ea3cce613352c0,2026-03,Suffolk Constabulary,Suffolk Constabulary,0.712078,52.246119,On or near Parking Area,E01030091,West Suffolk 011A,Public order,Unable to prosecute suspect,
7c1fa094e1dcee265e83e7bb0d67d07c262e6a50403ac9585c37a12822445520,2026-03,Suffolk Constabulary,Suffolk Constabulary,0.712078,52.246119,On or near Parking Area,E01030091,West Suffolk 011A,Public order,Awaiting court outcome,
4dcd91e539ad71a83645bd920c73af0601231e8b82d3cbbb9ccfd0ad6a769238,2026-03,Suffolk Constabulary,Suffolk Constabulary,0.712707,52.246572,On or near Brentgovel Street,E01030091,West Suffolk 011A,Public order,Unable to prosecute suspect,
ef7edc0b6d04bc4f35ccd823f14d5b8c4aad7d089ccffb262e374195bbb3fee6,2026-03,Suffolk Constabulary,Suffolk Constabulary,0.718935,52.246123,On or near Mustow Street,E01030091,West Suffolk 011A,Robbery,Unable to prosecute suspect,
69ab3279b07b8bf60ba019d00d5874f253f8921049f70ca9fa726e40d9727e28,2026-03,Suffolk Constabulary,Suffolk Constabulary,0.712078,52.246119,On or near Parking Area,E01030091,West Suffolk 011A,Shoplifting,Unable to prosecute suspect,
6e27f6a29572cb2bcbbf695856a6050ee77735822fc3af3d098b51374843280f,2026-03,Suffolk Constabulary,Suffolk Constabulary,0.708794,52.243425,On or near Parking Area,E01030091,West Suffolk 011A,Shoplifting,Investigation complete; no suspect identified,
dd8529c816ec0895213d5706dceead7fb74e5650d659775fc51665b4a7815ad4,2026-03,Suffolk Constabulary,Suffolk Constabulary,0.709976,52.245511,On or near Gosnold Street,E01030091,West Suffolk 011A,Shoplifting,Investigation complete; no suspect identified,
9c7d4b24a321cbb7bf8dec7b687d452847a44f8471f9705f5155682963bdeeaa,2026-03,Suffolk Constabulary,Suffolk Constabulary,0.712078,52.246119,On or near Parking Area,E01030091,West Suffolk 011A,Shoplifting,Awaiting court outcome,
61347b5bf03b5a155472b797787a45308168647f37bbe37c761bc1e572e9dc97,2026-03,Suffolk Constabulary,Suffolk Constabulary,0.710145,52.246613,On or near Merchants Place,E01030091,West Suffolk 011A,Shoplifting,Investigation complete; no suspect identified,
07f1cd0ab1a4ac9e0f3350e1497fdaeb3de412adb9069740ae93416fb347d236,2026-03,Suffolk Constabulary,Suffolk Constabulary,0.709976,52.245511,On or near Gosnold Street,E01030091,West Suffolk 011A,Shoplifting,Awaiting court outcome,
29f7f8a1371e448740de2ad2a7dc75a1e6823dbd28c1d74d22b78e5c372f491a,2026-03,Suffolk Constabulary,Suffolk Constabulary,0.708794,52.243425,On or near Parking Area,E01030091,West Suffolk 011A,Shoplifting,Investigation complete; no suspect identified,
0f9c29f3d51f32256e8ca401161f38bb7a6f93d087b67a2ae03c741b03c78660,2026-03,Suffolk Constabulary,Suffolk Constabulary,0.708794,52.243425,On or near Parking Area,E01030091,West Suffolk 011A,Shoplifting,Investigation complete; no suspect identified,
e22d692bdf93822646bb88c18effc7e4172ab3291fd64eabc1862a3f0f5ec06f,2026-03,Suffolk Constabulary,Suffolk Constabulary,0.712078,52.246119,On or near Parking Area,E01030091,West Suffolk 011A,Shoplifting,Unable to prosecute suspect,
7acac527f155dcf7ac77ce3b5cd3cb049ace44444d3d9c1f83e054698cc34fa0,2026-03,Suffolk Constabulary,Suffolk Constabulary,0.712078,52.246119,On or near Parking Area,E01030091,West Suffolk 011A,Shoplifting,Awaiting court outcome,
7d5a74133f05c3237052d8bacfe1a8d67f1f665a9d709614c18ff35e37508754,2026-03,Suffolk Constabulary,Suffolk Constabulary,0.709976,52.245511,On or near Gosnold Street,E01030091,West Suffolk 011A,Shoplifting,Investigation complete; no suspect identified,
5dea76b885b499d5d38d9dc57448664d5f363f38083b92e6d82f47cbf0c0933b,2026-03,Suffolk Constabulary,Suffolk Constabulary,0.712078,52.246119,On or near Parking Area,E01030091,West Suffolk 011A,Shoplifting,Awaiting court outcome,
cd2420194daddbb1dc5520eec19d47ed2fdc793275de9cc99fbec3ec2e5452f4,2026-03,Suffolk Constabulary,Suffolk Constabulary,0.714048,52.244779,On or near Abbeygate Street,E01030091,West Suffolk 011A,Shoplifting,Investigation complete; no suspect identified,
334263ef9051fa6c94357407d6f0bc40c08da51bd5a194c4c79d50242b47ec0a,2026-03,Suffolk Constabulary,Suffolk Constabulary,0.713807,52.245881,On or near High Baxter Street,E01030091,West Suffolk 011A,Shoplifting,Investigation complete; no suspect identified,
a1bd02ec506d7cf10b1dd199f849deb9b66232d25bbaff26b1bc6436df33bdf2,2026-03,Suffolk Constabulary,Suffolk Constabulary,0.707719,52.239969,On or near Out Westgate,E01030091,West Suffolk 011A,Shoplifting,Local resolution,
f7e9b5c3bcf4b2760e755e5deaee35f31bfaccdc9e41dd3d8e3d714c163043ea,2026-03,Suffolk Constabulary,Suffolk Constabulary,0.712078,52.246119,On or near Parking Area,E01030091,West Suffolk 011A,Shoplifting,Unable to prosecute suspect,
9aab2b9e75fa7688ed01e0995fb66e845f035345856be08e117db25b7262a421,2026-03,Suffolk Constabulary,Suffolk Constabulary,0.708350,52.241187,On or near Cornwallis Court,E01030091,West Suffolk 011A,Theft from the person,Investigation complete; no suspect identified,
cc4165be34a056d6d5f14674384a8ee493ccded2935acf4181ed515c25d89675,2026-03,Suffolk Constabulary,Suffolk Constabulary,0.708941,52.245607,On or near Prospect Row,E01030091,West Suffolk 011A,Vehicle crime,Investigation complete; no suspect identified,
f014f45e88bf23b4c803632df0b23611132b092b7117add2f00800c581634a0a,2026-03,Suffolk Constabulary,Suffolk Constabulary,0.710145,52.246613,On or near Merchants Place,E01030091,West Suffolk 011A,Violence and sexual offences,Unable to prosecute suspect,
b1e89fba581d93ea0d7a7ec6dd9d6594f5c24c0b21244d80f79287efa17e1b07,2026-03,Suffolk Constabulary,Suffolk Constabulary,0.715851,52.244557,On or near Parking Area,E01030091,West Suffolk 011A,Violence and sexual offences,Investigation complete; no suspect identified,
0f92aa0226acb0304fa3ba7e75765ba42c51a4adbfa1b505d19db6c8e55e3bc7,2026-03,Suffolk Constabulary,Suffolk Constabulary,0.716152,52.244694,On or near Angel Hill,E01030091,West Suffolk 011A,Violence and sexual offences,Unable to prosecute suspect,
0ca27d36742b5db52f2366e1e163c02bd5f088aef4218b016e796126f5390c92,2026-03,Suffolk Constabulary,Suffolk Constabulary,0.707719,52.239969,On or near Out Westgate,E01030091,West Suffolk 011A,Violence and sexual offences,Under investigation,
88a97fdbf98203ef6ba21a5c37c7b5106dd8387b37a870cfbe10c513d916c365,2026-03,Suffolk Constabulary,Suffolk Constabulary,0.716204,52.242193,On or near Bridewell Lane,E01030091,West Suffolk 011A,Violence and sexual offences,Unable to prosecute suspect,
54c48eb5ae9bbaa0d5d36877f5fa446bf44778bb599fa1de29c51895b8785273,2026-03,Suffolk Constabulary,Suffolk Constabulary,0.711527,52.240916,On or near A143,E01030091,West Suffolk 011A,Violence and sexual offences,Under investigation,
8f510dd5121c22d4838a3065dabffe4264c8b8f83401505d53b89ea01d7da965,2026-03,Suffolk Constabulary,Suffolk Constabulary,0.710145,52.246613,On or near Merchants Place,E01030091,West Suffolk 011A,Violence and sexual offences,Unable to prosecute suspect,
c0535712e4d7f4a4edf90582a6246ca4ea11c603d2ed4600ea663b9b8a20c71d,2026-03,Suffolk Constabulary,Suffolk Constabulary,0.711527,52.240916,On or near A143,E01030091,West Suffolk 011A,Violence and sexual offences,Awaiting court outcome,
167f42c22e29c9c8e65357b475a1084d64b702597891ee7aa16c01717a25d731,2026-03,Suffolk Constabulary,Suffolk Constabulary,0.710847,52.244906,On or near Nightclub,E01030091,West Suffolk 011A,Violence and sexual offences,Awaiting court outcome,
697f6c7bf2e828ce802a3101f028d4c802943256e151829ffc673ccab26acd89,2026-03,Suffolk Constabulary,Suffolk Constabulary,0.710145,52.246613,On or near Merchants Place,E01030091,West Suffolk 011A,Violence and sexual offences,Unable to prosecute suspect,
59b7e62c6829b35bc9634f6c97ce4510e0e2b8f10fea2ee9f74d2ebbdf7daf8f,2026-03,Suffolk Constabulary,Suffolk Constabulary,0.711527,52.240916,On or near A143,E01030091,West Suffolk 011A,Violence and sexual offences,Unable to prosecute suspect,
2665487165f473bce19d9753b0c9040101b05096d1d05c92b43f0f341f492ceb,2026-03,Suffolk Constabulary,Suffolk Constabulary,0.713807,52.245881,On or near High Baxter Street,E01030091,West Suffolk 011A,Violence and sexual offences,Unable to prosecute suspect,
da98695046dd5b39867ea2bb0bd95016f7487ff10e8a1b8698369d3a41f27b4a,2026-03,Suffolk Constabulary,Suffolk Constabulary,0.714048,52.244779,On or near Abbeygate Street,E01030091,West Suffolk 011A,Violence and sexual offences,Investigation complete; no suspect identified,
,2026-03,Suffolk Constabulary,Suffolk Constabulary,0.720562,52.243028,On or near Parking Area,E01030093,West Suffolk 011B,Anti-social behaviour,,
628a249e0ebfdc7780ac0609f5c6a9c5ef5b3d00d9ae4b7c378981c080c88704,2026-03,Suffolk Constabulary,Suffolk Constabulary,0.711766,52.241486,On or near St Edmundsbury Mews,E01030093,West Suffolk 011B,Criminal damage and arson,Unable to prosecute suspect,
1dcee48737ef43781f459bead357ea714c771e6efac3f030f6998299ea5b4b2a,2026-03,Suffolk Constabulary,Suffolk Constabulary,0.715150,52.240994,On or near Westgate Street,E01030093,West Suffolk 011B,Drugs,Local resolution,
d056137b16db43d4c6ec9f1fa6568817687166384ba2a0e8be2b579dad3df59d,2026-03,Suffolk Constabulary,Suffolk Constabulary,0.721008,52.241219,On or near Raingate Street,E01030093,West Suffolk 011B,Public order,Awaiting court outcome,
de5170c2419bb2f858deaf5892fc7325fb562fedbea81b6471f803edbc6c9bd9,2026-03,Suffolk Constabulary,Suffolk Constabulary,0.721008,52.241219,On or near Raingate Street,E01030093,West Suffolk 011B,Public order,Unable to prosecute suspect,
7c9119ce60950941a30419ebce2a9abdc3379840239f9b3bdafccb4eedbc1807,2026-03,Suffolk Constabulary,Suffolk Constabulary,0.722868,52.238568,On or near Alicia Court,E01030093,West Suffolk 011B,Public order,Offender given a caution,
1ebe7185d88524333f4492e3316630d87112a3f23caa2651361fb0d2aaec9ba1,2026-03,Suffolk Constabulary,Suffolk Constabulary,0.728222,52.236790,On or near Petrol Station,E01030093,West Suffolk 011B,Shoplifting,Local resolution,
4031a1840c8257bb9e99d2d9c1445de3f7c63f31e4e276d45bad82b07165ac17,2026-03,Suffolk Constabulary,Suffolk Constabulary,0.728222,52.236790,On or near Petrol Station,E01030093,West Suffolk 011B,Shoplifting,Investigation complete; no suspect identified,
52566b79777d7d3f2e90a16b18d3f445a8377f78fcc489a31481b6da00ef335c,2026-03,Suffolk Constabulary,Suffolk Constabulary,0.717407,52.240614,On or near Theatre/Concert Hall,E01030093,West Suffolk 011B,Violence and sexual offences,Unable to prosecute suspect,
f8b98eb9c1f0648eb31591fc80b620e8b913c347cfa8733e621302001a0dc012,2026-03,Suffolk Constabulary,Suffolk Constabulary,0.725770,52.237333,On or near Sports/Recreation Area,E01030093,West Suffolk 011B,Violence and sexual offences,Unable to prosecute suspect,
16df1f6d42d855926cc6ca8e9ea4a7ecde591052f72028898bf0da126aee0b48,2026-03,Suffolk Constabulary,Suffolk Constabulary,0.715150,52.240994,On or near Westgate Street,E01030093,West Suffolk 011B,Violence and sexual offences,Unable to prosecute suspect,
0333ffaf045c524138148316f1c356409864feb3c9e04f4aac8e13141886b782,2026-03,Suffolk Constabulary,Suffolk Constabulary,0.712584,52.254408,On or near Malthouse Lane,E01030137,West Suffolk 011C,Criminal damage and arson,Investigation complete; no suspect identified,
92271e40afcb4e77168b45e48277c0d5716689ab567a98d98439e0cbf2fb62bd,2026-03,Suffolk Constabulary,Suffolk Constabulary,0.716695,52.254781,On or near Petrol Station,E01030137,West Suffolk 011C,Other theft,Unable to prosecute suspect,
05687d02cd717dfaece51ccfd4785ba3929c7055e83bbf30a754af76cc2e98f1,2026-03,Suffolk Constabulary,Suffolk Constabulary,0.703015,52.257289,On or near Klondyke,E01030137,West Suffolk 011C,Possession of weapons,Under investigation,
29c60471aca35a2df1ed687030476cb29ae720a9a12f1b8695346b60db2cc513,2026-03,Suffolk Constabulary,Suffolk Constabulary,0.703015,52.257289,On or near Klondyke,E01030137,West Suffolk 011C,Possession of weapons,Under investigation,
63c667a1fe52b29ae547f19439ae70dec439b4bf37b6dd4d463bd2a60b0ffc96,2026-03,Suffolk Constabulary,Suffolk Constabulary,0.715298,52.254128,On or near Supermarket,E01030137,West Suffolk 011C,Robbery,Awaiting court outcome,
66071461ee61079b5dc933f9bb4967251ac916e754ec1df87f92795eb4d2440b,2026-03,Suffolk Constabulary,Suffolk Constabulary,0.715298,52.254128,On or near Supermarket,E01030137,West Suffolk 011C,Shoplifting,Under investigation,
45fcd2eb4152d25126ef65208dbc86a0bececd73a6796373238c11736713715b,2026-03,Suffolk Constabulary,Suffolk Constabulary,0.715298,52.254128,On or near Supermarket,E01030137,West Suffolk 011C,Shoplifting,Awaiting court outcome,
43a80186bbf6ec1e4ff20a71fc7e6c1abec369183c99926b2c828fa93149eb5f,2026-03,Suffolk Constabulary,Suffolk Constabulary,0.715298,52.254128,On or near Supermarket,E01030137,West Suffolk 011C,Shoplifting,Investigation complete; no suspect identified,
eb3ef34a333f2d51b7e88dd97732b74ee47fbb5c962b09b3750994866b061d08,2026-03,Suffolk Constabulary,Suffolk Constabulary,0.703015,52.257289,On or near Klondyke,E01030137,West Suffolk 011C,Violence and sexual offences,Unable to prosecute suspect,
fe8fe9c25651027cd5b8079909898af4e61bb0fcd52a8e24e2303e1bb863855d,2026-03,Suffolk Constabulary,Suffolk Constabulary,0.711813,52.254731,On or near Maltings Way,E01030137,West Suffolk 011C,Violence and sexual offences,Under investigation,
ebdc59e19b07c0df24e5b18d72978c27a70ad304329f7069c2fd313877a2b47d,2026-03,Suffolk Constabulary,Suffolk Constabulary,0.712978,52.250784,On or near Ipswich Street,E01030137,West Suffolk 011C,Violence and sexual offences,Unable to prosecute suspect,
d940730966c5b7d156013af2918ffdc879e4ae80ef0d3ee688d625cd481ba7e6,2026-03,Suffolk Constabulary,Suffolk Constabulary,0.716489,52.252358,On or near Etna Road,E01030137,West Suffolk 011C,Violence and sexual offences,Awaiting court outcome,
e22680aca23212d9165b867f3c923e40f0e1145ad6464dd54632ddf9db1f403a,2026-03,Suffolk Constabulary,Suffolk Constabulary,0.712978,52.250784,On or near Ipswich Street,E01030137,West Suffolk 011C,Violence and sexual offences,Unable to prosecute suspect,
83d1325caaee37ca8e6ff35289b2a5f22ee23d8bc1ffa256c4a4dbd6ef1f331e,2026-03,Suffolk Constabulary,Suffolk Constabulary,0.713068,52.252499,On or near Station Hill,E01030137,West Suffolk 011C,Violence and sexual offences,Investigation complete; no suspect identified,
c2362122e1fcdc536b5c76003dba23ba30929c4f2df9c41684eda6c2d5145fcc,2026-03,Suffolk Constabulary,Suffolk Constabulary,0.712978,52.250784,On or near Ipswich Street,E01030137,West Suffolk 011C,Violence and sexual offences,Investigation complete; no suspect identified,
f08541eadbd3864278804d0b729a8a44e73bb7817637a9f09134bf21a027ba91,2026-03,Suffolk Constabulary,Suffolk Constabulary,0.703015,52.257289,On or near Klondyke,E01030137,West Suffolk 011C,Violence and sexual offences,Unable to prosecute suspect,
19fe3d004d2f4d165cbaa8ce1b6e448a9c6d8465cc878b0186f274cdead26cb9,2026-03,Suffolk Constabulary,Suffolk Constabulary,0.703015,52.257289,On or near Klondyke,E01030137,West Suffolk 011C,Other crime,Further investigation is not in the public interest,
,2026-03,Suffolk Constabulary,Suffolk Constabulary,0.704614,52.249132,On or near Durbar Terrace,E01033043,West Suffolk 011D,Anti-social behaviour,,
6e1a47bb42803d6ab01648cf19699c80923d1c36b597f31f11c9323778593925,2026-03,Suffolk Constabulary,Suffolk Constabulary,0.705557,52.248013,On or near Chancellery Mews,E01033043,West Suffolk 011D,Drugs,Awaiting court outcome,
58128b1c4c32a7cff4da122d4dbfbed7cf49239e031a27e23b675412c92058f5,2026-03,Suffolk Constabulary,Suffolk Constabulary,0.704893,52.250097,On or near Camberley Court,E01033043,West Suffolk 011D,Violence and sexual offences,Unable to prosecute suspect,
a03cfbfe52d486fc822260578d722d6ea6708cd527d5eaf1392a5086c0060b33,2026-03,Suffolk Constabulary,Suffolk Constabulary,0.707636,52.249674,On or near Trinity Mews,E01033043,West Suffolk 011D,Violence and sexual offences,Unable to prosecute suspect,
caa0397b99124a1968f9314f28d42bc41af83abed574483c527e42e39a1f7db7,2026-03,Suffolk Constabulary,Suffolk Constabulary,0.705215,52.248902,On or near Pudding Lane,E01033043,West Suffolk 011D,Violence and sexual offences,Unable to prosecute suspect,
,2026-03,Suffolk Constabulary,Suffolk Constabulary,0.710969,52.247862,On or near Bus/Coach Station,E01033046,West Suffolk 011E,Anti-social behaviour,,
b4c24e1de004a2bcc4131b3c912fa598f4901bdde680785dbb04708cb75bcfef,2026-03,Suffolk Constabulary,Suffolk Constabulary,0.713015,52.251862,On or near Hops Court,E01033046,West Suffolk 011E,Criminal damage and arson,Awaiting court outcome,
f10de450dff86f71bec15c8b788d3ad6e8d76c8c87c794c814124ec2afc550d8,2026-03,Suffolk Constabulary,Suffolk Constabulary,0.710969,52.247862,On or near Bus/Coach Station,E01033046,West Suffolk 011E,Drugs,Local resolution,
397822a697f8a60baf20defc7c721d2045b165f6773b87f29b14030a283b0623,2026-03,Suffolk Constabulary,Suffolk Constabulary,0.712069,52.248610,On or near St John'S Street,E01033046,West Suffolk 011E,Other theft,Unable to prosecute suspect,
b0d7552ae37621c2fd5f132360780888b4d88367dc560529711162c7674ab43f,2026-03,Suffolk Constabulary,Suffolk Constabulary,0.711229,52.248764,On or near St Andrew'S Street North,E01033046,West Suffolk 011E,Public order,Awaiting court outcome,
76be698aaaad45dfcd87103a5603991e7b4251308948bf0cbb6b0af6847c4965,2026-03,Suffolk Constabulary,Suffolk Constabulary,0.710969,52.247862,On or near Bus/Coach Station,E01033046,West Suffolk 011E,Shoplifting,Offender given a caution,
18f4e91da479876d93985fb427894a8f4f927f116d9f00b022eca09f4c7d92be,2026-03,Suffolk Constabulary,Suffolk Constabulary,0.713400,52.251215,On or near Ipswich Court,E01033046,West Suffolk 011E,Violence and sexual offences,Awaiting court outcome,
5713551e40739084c2eda706cacdf3a5e79a4f8736d111ba507f9c8aee1ed042,2026-03,Suffolk Constabulary,Suffolk Constabulary,0.710969,52.247862,On or near Bus/Coach Station,E01033046,West Suffolk 011E,Violence and sexual offences,Unable to prosecute suspect,
5cf10cd5bc5b45c0b3e8e5c6bd762f4988a8fbb4251b0af291d6c90087c95c02,2026-03,Suffolk Constabulary,Suffolk Constabulary,0.714902,52.250604,On or near Petch Close,E01033046,West Suffolk 011E,Violence and sexual offences,Unable to prosecute suspect,
64904d30af28f2f3ce1fbb2618107ea8f86773aa8c22c46f04571bcd18c4d951,2026-03,Suffolk Constabulary,Suffolk Constabulary,0.714902,52.250604,On or near Petch Close,E01033046,West Suffolk 011E,Violence and sexual offences,Investigation complete; no suspect identified,
e53536eaa8713eb9340cb2f468e21029110ac64fe0a22dbe2fdc51676bcca439,2026-03,Suffolk Constabulary,Suffolk Constabulary,0.710969,52.247862,On or near Bus/Coach Station,E01033046,West Suffolk 011E,Violence and sexual offences,Investigation complete; no suspect identified,
9fc6898fcfb98154d5add90ce96e97ad3c8c1426c1367e537d96821538d51495,2026-03,Suffolk Constabulary,Suffolk Constabulary,0.710969,52.247862,On or near Bus/Coach Station,E01033046,West Suffolk 011E,Violence and sexual offences,Unable to prosecute suspect,
e5397565c0196bac82b09ce0031a37e1642aa81bdb7c4a4f9ff54ae1d7c0eb92,2026-03,Suffolk Constabulary,Suffolk Constabulary,0.711461,52.249694,On or near St John'S Place,E01033046,West Suffolk 011E,Violence and sexual offences,Action to be taken by another organisation,
42b0f76556f2fa1293ddfe966f99a3701ddbe43bc4a4a102569b83e319906cae,2026-03,Suffolk Constabulary,Suffolk Constabulary,0.710969,52.247862,On or near Bus/Coach Station,E01033046,West Suffolk 011E,Violence and sexual offences,Investigation complete; no suspect identified,
99d3e2c75456f5890fc361f3f3a830a8a38c0fb25a15f03f0918230046e9e23f,2026-03,Suffolk Constabulary,Suffolk Constabulary,0.710969,52.247862,On or near Bus/Coach Station,E01033046,West Suffolk 011E,Violence and sexual offences,Offender given a caution,
c1a9e54f4945870ba7d42d2ba735aa7b1eaa269f28c84a93867d196e04ec418d,2026-03,Suffolk Constabulary,Suffolk Constabulary,0.710969,52.247862,On or near Bus/Coach Station,E01033046,West Suffolk 011E,Violence and sexual offences,Local resolution,
547010a882a9e392bcee095ee02a33ae8b23f949fe1517c4ab73437a1254e731,2026-03,Suffolk Constabulary,Suffolk Constabulary,0.710969,52.247862,On or near Bus/Coach Station,E01033046,West Suffolk 011E,Violence and sexual offences,Local resolution,
fd52882e5ee326262148cbe904ef1f1245242e72fb64055e421dc5d69ec85683,2026-03,Suffolk Constabulary,Suffolk Constabulary,0.700211,52.249242,On or near Further/Higher Educational Building,E01033047,West Suffolk 011F,Criminal damage and arson,Under investigation,
8a2ac026c30cd881a2219ee8da91987d8ad6c24a84e58caec5b3b51f95d264b6,2026-03,Suffolk Constabulary,Suffolk Constabulary,0.699335,52.252203,On or near Further/Higher Educational Building,E01033047,West Suffolk 011F,Other theft,Local resolution,
862d28833e1f57dd93003593ad530bc332a75e054feb2a870b818295df9e86b9,2026-03,Suffolk Constabulary,Suffolk Constabulary,0.702434,52.247356,On or near Supermarket,E01033047,West Suffolk 011F,Shoplifting,Awaiting court outcome,
a0e591bd56cda79be9f8e7a7cb93abc0da59c9ff48228498b3268521e3920f26,2026-03,Suffolk Constabulary,Suffolk Constabulary,0.702434,52.247356,On or near Supermarket,E01033047,West Suffolk 011F,Shoplifting,Investigation complete; no suspect identified,
8c853073b5487f57407962e26036e193244f17252d626d42fd9c8f9a41e7085f,2026-03,Suffolk Constabulary,Suffolk Constabulary,0.699029,52.248533,On or near Further/Higher Educational Building,E01033047,West Suffolk 011F,Violence and sexual offences,Local resolution,
5c1729518e37dd0d8827c314f56cb55f37c2b798ac79845f568e5165236928b6,2026-03,Suffolk Constabulary,Suffolk Constabulary,0.699335,52.252203,On or near Further/Higher Educational Building,E01033047,West Suffolk 011F,Violence and sexual offences,Unable to prosecute suspect,
179df6f63ebd4af6953855178b0c9982d852a75ec9496e26a9eb9d3ffaad582a,2026-03,Suffolk Constabulary,Suffolk Constabulary,0.699029,52.248533,On or near Further/Higher Educational Building,E01033047,West Suffolk 011F,Violence and sexual offences,Unable to prosecute suspect,
d2b59dc3f588ce55b388dd48a7ee49fe531198a665a733cd824b11ecd2e747e8,2026-03,Suffolk Constabulary,Suffolk Constabulary,0.699029,52.248533,On or near Further/Higher Educational Building,E01033047,West Suffolk 011F,Violence and sexual offences,Under investigation,
fb1e72cf2f803b9cd33b3dae061db98e83e117cb1ed2521d458b01ce4d808fff,2026-03,Suffolk Constabulary,Suffolk Constabulary,0.699350,52.250965,On or near Sports/Recreation Area,E01033047,West Suffolk 011F,Violence and sexual offences,Action to be taken by another organisation,
f7f73f1b083455f52279824629c0361a85f0ff807a357ac41144ca1b94fac2ad,2026-03,Suffolk Constabulary,Suffolk Constabulary,0.699350,52.250965,On or near Sports/Recreation Area,E01033047,West Suffolk 011F,Violence and sexual offences,Action to be taken by another organisation,
a0c03d70d2d876f68668cacb41848f1e4e25419e4303b2c45768572428ef8022,2026-03,Suffolk Constabulary,Suffolk Constabulary,0.697857,52.247398,On or near Prince Of Wales Close,E01033047,West Suffolk 011F,Violence and sexual offences,Awaiting court outcome,
2613435990c539a5ed0179c2f75f248ed75e330c1af35c7465f11c8203ad2958,2026-03,Suffolk Constabulary,Suffolk Constabulary,0.736369,52.251350,On or near Greenways Crescent,E01030127,West Suffolk 012A,Burglary,Investigation complete; no suspect identified,
2b5e4e754a3e37bd5cc49af72ee6a2c6ad9cf5702210b4068a7d2b5cedd9ab67,2026-03,Suffolk Constabulary,Suffolk Constabulary,0.740936,52.247233,On or near Downing Close,E01030127,West Suffolk 012A,Violence and sexual offences,Investigation complete; no suspect identified,
0ed44911aa3a3d359aa0670b346666a7de8532b641d2410046b236ecc6020c0e,2026-03,Suffolk Constabulary,Suffolk Constabulary,0.747512,52.247916,On or near Darby Close,E01030128,West Suffolk 012B,Violence and sexual offences,Unable to prosecute suspect,
941e77335eddec03d1b324e986110a679085519d51bbba31cd26cd067604f6ec,2026-03,Suffolk Constabulary,Suffolk Constabulary,0.743148,52.242253,On or near Browse Close,E01030129,West Suffolk 012C,Criminal damage and arson,Unable to prosecute suspect,
a5898e0fa26147e4e429ebe189c7d4f3d8e1e5d0501d11bf36aa086e82369142,2026-03,Suffolk Constabulary,Suffolk Constabulary,0.737631,52.239224,On or near Supermarket,E01030129,West Suffolk 012C,Public order,Investigation complete; no suspect identified,
9efeea786b2184bb46a398afd6b14d9b1558b8270db65a3bb5f4eed5feec30de,2026-03,Suffolk Constabulary,Suffolk Constabulary,0.741119,52.239370,On or near Shopping Area,E01030129,West Suffolk 012C,Shoplifting,Investigation complete; no suspect identified,
6bb0e6190767ef96286f651b776cf7d36ac959b3661f61eb938ae6ce47b64a84,2026-03,Suffolk Constabulary,Suffolk Constabulary,0.741119,52.239370,On or near Shopping Area,E01030129,West Suffolk 012C,Shoplifting,Investigation complete; no suspect identified,
635435a7976058a2007ab63bd2452ce55e55bd11f0ca661e1c5c38b83931318a,2026-03,Suffolk Constabulary,Suffolk Constabulary,0.741119,52.239370,On or near Shopping Area,E01030129,West Suffolk 012C,Shoplifting,Investigation complete; no suspect identified,
efdb7ee7793d53ea87b335b09ad9798d3079c6a4a60cc5e88040d32d2fc22101,2026-03,Suffolk Constabulary,Suffolk Constabulary,0.737631,52.239224,On or near Supermarket,E01030129,West Suffolk 012C,Shoplifting,Awaiting court outcome,
ace05e454ee4e3856e03ff8689a1bf5741be41c4c662594e4d1b3853662ba598,2026-03,Suffolk Constabulary,Suffolk Constabulary,0.737631,52.239224,On or near Supermarket,E01030129,West Suffolk 012C,Shoplifting,Unable to prosecute suspect,
b04952676930596b9960202a0148a1072ebe68e245e53cbf5110e1569c6563d1,2026-03,Suffolk Constabulary,Suffolk Constabulary,0.741119,52.239370,On or near Shopping Area,E01030129,West Suffolk 012C,Shoplifting,Investigation complete; no suspect identified,
0ce33456f04e5f41725cd35f0b1f1a8d0e8b9914657fd8593bafcee61725ea5d,2026-03,Suffolk Constabulary,Suffolk Constabulary,0.737631,52.239224,On or near Supermarket,E01030129,West Suffolk 012C,Shoplifting,Awaiting court outcome,
eb5cbee84f59a31e84d2b466929e6817db5c7f24b6e73e36a034f6ed73042a09,2026-03,Suffolk Constabulary,Suffolk Constabulary,0.745108,52.238637,On or near Cratfield Road,E01030129,West Suffolk 012C,Vehicle crime,Investigation complete; no suspect identified,
d5053ac64fbbf27a7222a148a8156bd3fc16d051fbda5227263a7d47f7345f99,2026-03,Suffolk Constabulary,Suffolk Constabulary,0.737631,52.239224,On or near Supermarket,E01030129,West Suffolk 012C,Violence and sexual offences,Under investigation,
3e4079df296b598602eb1e63221f517a6691cdc33f3ca3a7187e2670348c0ec6,2026-03,Suffolk Constabulary,Suffolk Constabulary,0.755655,52.248095,On or near Sycamore Drive,E01033044,West Suffolk 012D,Public order,Investigation complete; no suspect identified,
bfcb05bcef7cf4f9aaa64f104fff752eb0295cdbb2dbd6406db28de160f64e9b,2026-03,Suffolk Constabulary,Suffolk Constabulary,0.755655,52.248095,On or near Sycamore Drive,E01033044,West Suffolk 012D,Other crime,Further investigation is not in the public interest,
,2026-03,Suffolk Constabulary,Suffolk Constabulary,0.756866,52.244946,On or near Mortimer Road,E01033045,West Suffolk 012E,Anti-social behaviour,,
066741a744e5bac16ceb3ea601885d5f2f20bcb767afb7d4537f35aa9cbe5d09,2026-03,Suffolk Constabulary,Suffolk Constabulary,0.751988,52.248504,On or near Northern Rose Close,E01033045,West Suffolk 012E,Criminal damage and arson,Investigation complete; no suspect identified,
375e88750f5b15b1bb9d12dd31a976dea4efbbc9a21544c71e43cfa634773458,2026-03,Suffolk Constabulary,Suffolk Constabulary,0.756866,52.244946,On or near Mortimer Road,E01033045,West Suffolk 012E,Criminal damage and arson,Investigation complete; no suspect identified,
b7169726ec2520c7c366579ab1dc1ee37d09f88d001d0bc8f42c033913eafe97,2026-03,Suffolk Constabulary,Suffolk Constabulary,0.756866,52.244946,On or near Mortimer Road,E01033045,West Suffolk 012E,Criminal damage and arson,Investigation complete; no suspect identified,
a1b9301e4ff69d17675f8b1287ab6dc7e312fc8bb7aaa562812958732a3d4aae,2026-03,Suffolk Constabulary,Suffolk Constabulary,0.754688,52.247146,On or near Parking Area,E01033045,West Suffolk 012E,Other theft,Investigation complete; no suspect identified,
a91fb1dd2a21240b21a5b4eaf72a29702372896e98c56871853bee5df8803213,2026-03,Suffolk Constabulary,Suffolk Constabulary,0.754688,52.247146,On or near Parking Area,E01033045,West Suffolk 012E,Violence and sexual offences,Unable to prosecute suspect,
1ef3058a22af14a264d74a40455c5124d7ae3c7d0e4d6438f092ecbc3cf2f711,2026-03,Suffolk Constabulary,Suffolk Constabulary,0.754688,52.247146,On or near Parking Area,E01033045,West Suffolk 012E,Violence and sexual offences,Unable to prosecute suspect,
5b9d23ea9259031977ac95c688f975a9412df6f513c12d6aa4e3ef35d9868c3a,2026-03,Suffolk Constabulary,Suffolk Constabulary,0.754688,52.247146,On or near Parking Area,E01033045,West Suffolk 012E,Violence and sexual offences,Under investigation,
999a5fe0b2d3a427da3c72c3b782572bc3c2f451e224c7548f75f93d9f8df1cf,2026-03,Suffolk Constabulary,Suffolk Constabulary,0.756866,52.244946,On or near Mortimer Road,E01033045,West Suffolk 012E,Violence and sexual offences,Awaiting court outcome,
bde9397118433697e742f2f5054f4e24e30c7caaa8d540efbce0a064781f82fb,2026-03,Suffolk Constabulary,Suffolk Constabulary,0.754688,52.247146,On or near Parking Area,E01033045,West Suffolk 012E,Violence and sexual offences,Under investigation,
2aa42080329e4669aa0c6275a02cbb959e9fcc7469273a0c253f2e603bfe2705,2026-03,Suffolk Constabulary,Suffolk Constabulary,0.754688,52.247146,On or near Parking Area,E01033045,West Suffolk 012E,Violence and sexual offences,Under investigation,
77847858474065cae450ff500a08a8bb079611573a27991b7d401a89ee4d7f83,2026-03,Suffolk Constabulary,Suffolk Constabulary,0.756866,52.244946,On or near Mortimer Road,E01033045,West Suffolk 012E,Violence and sexual offences,Unable to prosecute suspect,
f005c5a26f456ea4ceff1d82652e9a074d1204a2a0abc9b843aca8b5c87baafc,2026-03,Suffolk Constabulary,Suffolk Constabulary,0.754688,52.247146,On or near Parking Area,E01033045,West Suffolk 012E,Violence and sexual offences,Unable to prosecute suspect,
4c2f3649865b68b94f4400bc834cb63fe199bc79dff3e78534fb0051df98f759,2026-03,Suffolk Constabulary,Suffolk Constabulary,0.756449,52.244362,On or near Primack Road,E01033045,West Suffolk 012E,Violence and sexual offences,Under investigation,
54d4da9f818cbeea5fc3dc3fa83e6a9f79592334347b01e4777f45c583490d82,2026-03,Suffolk Constabulary,Suffolk Constabulary,0.753815,52.248192,On or near Juniper Road,E01033045,West Suffolk 012E,Violence and sexual offences,Unable to prosecute suspect,
dfb422b71c725a8b0e06f4e738862fa20a020504ad50e8f12c0b2890948146f0,2026-03,Suffolk Constabulary,Suffolk Constabulary,0.752184,52.250253,On or near Kingfisher Road,E01033045,West Suffolk 012E,Violence and sexual offences,Investigation complete; no suspect identified,
83e3bdf9745c088cc102b6cfb24d2486b37ab91fff798c6f97474668c4e83b5f,2026-03,Suffolk Constabulary,Suffolk Constabulary,0.756866,52.244946,On or near Mortimer Road,E01033045,West Suffolk 012E,Violence and sexual offences,Unable to prosecute suspect,
fd34921852560bf19b4b489ccb79f7e991423edb0f85e268d68b6f01f047f861,2026-03,Suffolk Constabulary,Suffolk Constabulary,0.756866,52.244946,On or near Mortimer Road,E01033045,West Suffolk 012E,Violence and sexual offences,Unable to prosecute suspect,
69bcf28b3de99e274c2757c82dde08a67c39e76cb6e20714ace39d8f737ac0a8,2026-03,Suffolk Constabulary,Suffolk Constabulary,0.754688,52.247146,On or near Parking Area,E01033045,West Suffolk 012E,Violence and sexual offences,Under investigation,
fe2cb5f6d1ccd6dba10b09cb54deb08436d0a0c3e9ee1f37392217bcff426514,2026-03,Suffolk Constabulary,Suffolk Constabulary,0.753486,52.243119,On or near Skyliner Way,E01033050,West Suffolk 012F,Criminal damage and arson,Investigation complete; no suspect identified,
bbc80d21e8e5fdc6018d17d0f68b38afc5ad8d9d7ce78446406c8ae7003a1ab3,2026-03,Suffolk Constabulary,Suffolk Constabulary,0.747182,52.245181,On or near Bluebell Avenue,E01033050,West Suffolk 012F,Drugs,Local resolution,
5ffd1c1b611c14218b8f67964ba34f9357de823d6f1651a8c6dbf1ff1218cc6d,2026-03,Suffolk Constabulary,Suffolk Constabulary,0.748395,52.240386,On or near Boldero Road,E01033050,West Suffolk 012F,Other theft,Investigation complete; no suspect identified,
23951da4cae6f391cc5f22a5861fb4b83bf8df4d04a5dff4cb9e8f5dcfa6b839,2026-03,Suffolk Constabulary,Suffolk Constabulary,0.742276,52.244729,On or near Lawson Place,E01033050,West Suffolk 012F,Robbery,Local resolution,
73f306867eb2afa6df7aa643fefabb5dcf241bcbae3fd7b425e91dd7825b342c,2026-03,Suffolk Constabulary,Suffolk Constabulary,0.748395,52.240386,On or near Boldero Road,E01033050,West Suffolk 012F,Shoplifting,Investigation complete; no suspect identified,
deff7fb17f2b16a00c16c289dbb9bc1752aaa9144a54798c377e40d557e93d79,2026-03,Suffolk Constabulary,Suffolk Constabulary,0.748234,52.242288,On or near Bedingfeld Road,E01033050,West Suffolk 012F,Shoplifting,Investigation complete; no suspect identified,
488dc8bd39279aacad815c47328bc3529a769bc57f8622e94bae84260d2763e7,2026-03,Suffolk Constabulary,Suffolk Constabulary,0.748234,52.242288,On or near Bedingfeld Road,E01033050,West Suffolk 012F,Shoplifting,Local resolution,
ac260ad57beabef3ee49b2e5d734486df4e8df2c319d34c6014b526aaa9c62ff,2026-03,Suffolk Constabulary,Suffolk Constabulary,0.748395,52.240386,On or near Boldero Road,E01033050,West Suffolk 012F,Violence and sexual offences,Awaiting court outcome,
5b51fd1f9eca55823c00e011fc7f43c89eb7accea1d95442bfa6c38fbae404f3,2026-03,Suffolk Constabulary,Suffolk Constabulary,0.748395,52.240386,On or near Boldero Road,E01033050,West Suffolk 012F,Violence and sexual offences,Awaiting court outcome,
e0241294117c1dfc9db029ef9e95f8c856c32818ae7bdca4796f94d635c59cda,2026-03,Suffolk Constabulary,Suffolk Constabulary,0.742276,52.244729,On or near Lawson Place,E01033050,West Suffolk 012F,Violence and sexual offences,Unable to prosecute suspect,
2287771670c428b84b41bb66ed4186e5e92818d5512ea1ffaa4a6c07c0f408d9,2026-03,Suffolk Constabulary,Suffolk Constabulary,0.715318,52.227915,On or near Hardwick Park Gardens,E01030142,West Suffolk 013A,Criminal damage and arson,Investigation complete; no suspect identified,
74a1bdf9bf2181abe925839328af29e59424675fcccf584529ae8e84306b5c70,2026-03,Suffolk Constabulary,Suffolk Constabulary,0.709176,52.231662,On or near Hospital,E01030142,West Suffolk 013A,Other theft,Investigation complete; no suspect identified,
e543e79b48a6a7c0964c3118eacba37746c76d8174598d5e35900c7820bb16d3,2026-03,Suffolk Constabulary,Suffolk Constabulary,0.709176,52.231662,On or near Hospital,E01030142,West Suffolk 013A,Other theft,Investigation complete; no suspect identified,
0ebc8dd173ada64f44e3c93293aebbde3c528f6636af5bced760be9e9069491d,2026-03,Suffolk Constabulary,Suffolk Constabulary,0.709176,52.231662,On or near Hospital,E01030142,West Suffolk 013A,Public order,Unable to prosecute suspect,
f09c3119031c4eade4e53130db7e068c16652f4634ec6df5a30231b44b1e2684,2026-03,Suffolk Constabulary,Suffolk Constabulary,0.707480,52.229066,On or near Macmillan Way,E01030142,West Suffolk 013A,Public order,Awaiting court outcome,
294884ab8b8a075bb1fb401f90af0015fe47272a4297d02943d4b537d092c834,2026-03,Suffolk Constabulary,Suffolk Constabulary,0.707480,52.229066,On or near Macmillan Way,E01030142,West Suffolk 013A,Violence and sexual offences,Unable to prosecute suspect,
42fa9ee1a1430f9771280d1ebe9b836c1a52de8227a6437efac200d75a027e99,2026-03,Suffolk Constabulary,Suffolk Constabulary,0.719783,52.231238,On or near Heron Road,E01030142,West Suffolk 013A,Violence and sexual offences,Under investigation,
9a19187df8e368405766352991fae1b64842a1a7d5f0448113d4990095d38a7b,2026-03,Suffolk Constabulary,Suffolk Constabulary,0.709176,52.231662,On or near Hospital,E01030142,West Suffolk 013A,Violence and sexual offences,Awaiting court outcome,
e07bd71bead3f7f511ad56eddc4503afabf86208b1e4abec56d0dc1c5a9f8097,2026-03,Suffolk Constabulary,Suffolk Constabulary,0.707480,52.229066,On or near Macmillan Way,E01030142,West Suffolk 013A,Violence and sexual offences,Unable to prosecute suspect,
e4dfcb3427d894dc304fca8999e724576df8b6e76aa347e13c53a1ab257e6e5a,2026-03,Suffolk Constabulary,Suffolk Constabulary,0.718721,52.226802,On or near Riseway Close,E01030142,West Suffolk 013A,Violence and sexual offences,Under investigation,
915a98142facdf48701e015b3334d9de7c7c8dd17f34e04c3ef12af50207859a,2026-03,Suffolk Constabulary,Suffolk Constabulary,0.709176,52.231662,On or near Hospital,E01030142,West Suffolk 013A,Violence and sexual offences,Awaiting court outcome,
d2d61efa6905b2fddac71dc5d30f25c516fe1a1c5ba43f68e26abee57af8dc92,2026-03,Suffolk Constabulary,Suffolk Constabulary,0.709176,52.231662,On or near Hospital,E01030142,West Suffolk 013A,Violence and sexual offences,Awaiting court outcome,
cf9dd61dd952891440ca2e8c568955dccd4a00f71ef3efb5f25b27e39debca15,2026-03,Suffolk Constabulary,Suffolk Constabulary,0.718256,52.235024,On or near Abbots Gate,E01030142,West Suffolk 013A,Violence and sexual offences,Unable to prosecute suspect,
fc113665b3b1d31984401a6050b707a3aa2680cc4c241db1345a5d383a62beed,2026-03,Suffolk Constabulary,Suffolk Constabulary,0.718721,52.226802,On or near Riseway Close,E01030142,West Suffolk 013A,Violence and sexual offences,Action to be taken by another organisation,
d4c650c9529a4ca9b98a0292889f8900f04fe309f8557e73b12e353da5c7fb2c,2026-03,Suffolk Constabulary,Suffolk Constabulary,0.709176,52.231662,On or near Hospital,E01030142,West Suffolk 013A,Violence and sexual offences,Awaiting court outcome,
e62e2e680cd594dfdb3d2dd4a6975dd4ca8a17e323ce3226899348d1ae087cec,2026-03,Suffolk Constabulary,Suffolk Constabulary,0.718256,52.235024,On or near Abbots Gate,E01030142,West Suffolk 013A,Violence and sexual offences,Unable to prosecute suspect,
1b83fefe20799cbfacf24720015d3788d9541f1cb815b3715ca989adb8e5f70a,2026-03,Suffolk Constabulary,Suffolk Constabulary,0.709176,52.231662,On or near Hospital,E01030142,West Suffolk 013A,Violence and sexual offences,Unable to prosecute suspect,
fe85f447be4dcdeeb90447e9c7d9e59d846e80bb7e581c70ab172c159fe04043,2026-03,Suffolk Constabulary,Suffolk Constabulary,0.705009,52.238529,On or near Parking Area,E01030142,West Suffolk 013A,Violence and sexual offences,Action to be taken by another organisation,
e6aa8795f3c1c96b1a3c980fb567201330fea81bf2eba6b12cbd7ae1c27353ed,2026-03,Suffolk Constabulary,Suffolk Constabulary,0.709176,52.231662,On or near Hospital,E01030142,West Suffolk 013A,Violence and sexual offences,Awaiting court outcome,
ae8a4a785769d5ad3bbf6a65ea2f6be0a8f886ba11857ee607a01e2563927acc,2026-03,Suffolk Constabulary,Suffolk Constabulary,0.709176,52.231662,On or near Hospital,E01030142,West Suffolk 013A,Violence and sexual offences,Under investigation,
a6b952a98512edf4d4ec6529c89b69de4cab5fb964373898192ddac213767b3f,2026-03,Suffolk Constabulary,Suffolk Constabulary,0.724135,52.233431,On or near Bright Close,E01030143,West Suffolk 013B,Vehicle crime,Investigation complete; no suspect identified,
396f862142fea2734aa54fd05c9a20be3b8f7d3f619804e5fa77244991b382d2,2026-03,Suffolk Constabulary,Suffolk Constabulary,0.724135,52.233431,On or near Bright Close,E01030143,West Suffolk 013B,Violence and sexual offences,Unable to prosecute suspect,
69f4e81fc2433214209956b221177c3b4e2be18591f159271125d0174528f460,2026-03,Suffolk Constabulary,Suffolk Constabulary,0.721037,52.232307,On or near Shopping Area,E01030143,West Suffolk 013B,Violence and sexual offences,Unable to prosecute suspect,
62229aa3542872eb9e0867216fafdae0a941b47251959e240e42e329687702cc,2026-03,Suffolk Constabulary,Suffolk Constabulary,0.721523,52.230002,On or near Kestrel Road,E01030143,West Suffolk 013B,Violence and sexual offences,Action to be taken by another organisation,
96c128ad3c67415986ea28186241410296f7c9a07a9f1b5de5f10d4300e4e9e8,2026-03,Suffolk Constabulary,Suffolk Constabulary,0.721037,52.232307,On or near Shopping Area,E01030143,West Suffolk 013B,Violence and sexual offences,Under investigation,
63af8b50cde1b361c9410779919882f4427aca8efb99be915b055ba1d1b469c8,2026-03,Suffolk Constabulary,Suffolk Constabulary,0.729669,52.229103,On or near The Curlews,E01030144,West Suffolk 013C,Burglary,Investigation complete; no suspect identified,
1863ceef4fab14981a4a5ed65d2c75eb8ec8600dfda8d3a03790cef4305d51d0,2026-03,Suffolk Constabulary,Suffolk Constabulary,0.730746,52.236615,On or near River Lane,E01030144,West Suffolk 013C,Criminal damage and arson,Unable to prosecute suspect,
91e16d85a21a640667a63ec7ce09dc6121f709b2dca0e26c9b62331cf09438b3,2026-03,Suffolk Constabulary,Suffolk Constabulary,0.730746,52.236615,On or near River Lane,E01030144,West Suffolk 013C,Criminal damage and arson,Awaiting court outcome,
b7e4394b4dcabc68e9eb5da348f499b83948bbb219ecd95e7e240d13469ce38e,2026-03,Suffolk Constabulary,Suffolk Constabulary,0.730746,52.236615,On or near River Lane,E01030144,West Suffolk 013C,Drugs,Local resolution,
6eec2df5c26b4067f53b71880891a5863d28446aa3a10a6265634f41dc032345,2026-03,Suffolk Constabulary,Suffolk Constabulary,0.724933,52.228763,On or near Robin Road,E01030144,West Suffolk 013C,Other theft,Investigation complete; no suspect identified,
2348697ccbd9df5227a8499cabc08c4551bf1161a1bbb9042d50de05ad04b6ad,2026-03,Suffolk Constabulary,Suffolk Constabulary,0.734195,52.234349,On or near Rushbrooke Lane,E01030144,West Suffolk 013C,Public order,Investigation complete; no suspect identified,
ff29ff9fc6f0a2770b9a416054e6d3cd13ccf44d23f21cd2ca833a15eebee2f1,2026-03,Suffolk Constabulary,Suffolk Constabulary,0.734195,52.234349,On or near Rushbrooke Lane,E01030144,West Suffolk 013C,Vehicle crime,Investigation complete; no suspect identified,
3cb6cfaa92f3ccd9227bf49ab31e51beb1efb6aa53dd0841407ca73d329cf3e0,2026-03,Suffolk Constabulary,Suffolk Constabulary,0.730746,52.236615,On or near River Lane,E01030144,West Suffolk 013C,Violence and sexual offences,Under investigation,
369c7a810181a4d0a5d4a145c8b45ffbda6db6d2afb1289abc16c8a27b2327a7,2026-03,Suffolk Constabulary,Suffolk Constabulary,0.730746,52.236615,On or near River Lane,E01030144,West Suffolk 013C,Violence and sexual offences,Awaiting court outcome,
991bb91151c90b40002a8dfe9407600529ac8e7ad29570ad1eebb2bd477b29cd,2026-03,Suffolk Constabulary,Suffolk Constabulary,0.724933,52.228763,On or near Robin Road,E01030144,West Suffolk 013C,Violence and sexual offences,Unable to prosecute suspect,
fc50b6d8e7eff63aabb9c095ef4ffdbda19b71229382ac113a8d5078bae78f5b,2026-03,Suffolk Constabulary,Suffolk Constabulary,0.730746,52.236615,On or near River Lane,E01030144,West Suffolk 013C,Violence and sexual offences,Awaiting court outcome,
5e850f63421a4f7f74c0a05daa438bf477716fa0dc7d899400af17ea2487d9ff,2026-03,Suffolk Constabulary,Suffolk Constabulary,0.724933,52.228763,On or near Robin Road,E01030144,West Suffolk 013C,Violence and sexual offences,Unable to prosecute suspect,
c3c666ad0432d5d2231e24905828800dd119b377b4e9c273848ab9cfa689d06f,2026-03,Suffolk Constabulary,Suffolk Constabulary,0.698848,52.237897,On or near Longmeadow,E01030147,West Suffolk 013D,Violence and sexual offences,Action to be taken by another organisation,
ca72e65408894d04241f91fb71597b9bdbb2ec86fe9fabb36ee90c5db716d758,2026-03,Suffolk Constabulary,Suffolk Constabulary,0.700412,52.240020,On or near Chevington Close,E01030147,West Suffolk 013D,Other crime,Further investigation is not in the public interest,
,2026-03,Suffolk Constabulary,Suffolk Constabulary,0.722718,52.245928,On or near The Vinefields,E01033048,West Suffolk 013E,Anti-social behaviour,,
,2026-03,Suffolk Constabulary,Suffolk Constabulary,0.720411,52.246539,On or near The Broadway,E01033048,West Suffolk 013E,Anti-social behaviour,,
,2026-03,Suffolk Constabulary,Suffolk Constabulary,0.718963,52.248730,On or near Barwell Road,E01033048,West Suffolk 013E,Anti-social behaviour,,
,2026-03,Suffolk Constabulary,Suffolk Constabulary,0.719316,52.248014,On or near Parking Area,E01033048,West Suffolk 013E,Anti-social behaviour,,
b43bb0192e5ce331e88a3cbbdbb2a49758864418ede05965510cb0e1c2879d06,2026-03,Suffolk Constabulary,Suffolk Constabulary,0.723762,52.245156,On or near Sports/Recreation Area,E01033048,West Suffolk 013E,Criminal damage and arson,Under investigation,
6e301ba895b7789a210e8074eb83051fbaf34175a3b5ffeed118bb0fe204f1e8,2026-03,Suffolk Constabulary,Suffolk Constabulary,0.722718,52.245928,On or near The Vinefields,E01033048,West Suffolk 013E,Other theft,Under investigation,
f87c8507b5f632509e66b291b526f872f3e1cd349b2e9b403869b55a43df0ea9,2026-03,Suffolk Constabulary,Suffolk Constabulary,0.728395,52.253692,On or near Holderness Road,E01033048,West Suffolk 013E,Vehicle crime,Investigation complete; no suspect identified,
4d5960002324ecfd6d1370f6809845d6ec65e577dfc77901bd2f1ad12bfce2e7,2026-03,Suffolk Constabulary,Suffolk Constabulary,0.722718,52.245928,On or near The Vinefields,E01033048,West Suffolk 013E,Violence and sexual offences,Unable to prosecute suspect,
0d86168200f9766a9bb5179975aeec9f2715f654623d2bc9b378355520436cad,2026-03,Suffolk Constabulary,Suffolk Constabulary,0.722718,52.245928,On or near The Vinefields,E01033048,West Suffolk 013E,Violence and sexual offences,Awaiting court outcome,
340d361ca79c3a8cfcf71f9b4c84c3f814215e2c987c14f4bbda8ff34821ec40,2026-03,Suffolk Constabulary,Suffolk Constabulary,0.718731,52.249491,On or near Boughton Way,E01033048,West Suffolk 013E,Other crime,Unable to prosecute suspect,
8aa9f85e95145e2780d1798ff503ad9929033ddf0eb47ab9bbe12cb102e11f2d,2026-03,Suffolk Constabulary,Suffolk Constabulary,0.714200,52.249676,On or near Cannon Street,E01033049,West Suffolk 013F,Bicycle theft,Investigation complete; no suspect identified,
6569e1ee7715c732863d0d3529b14e365fe51c9199c6968f4425be5f720b7708,2026-03,Suffolk Constabulary,Suffolk Constabulary,0.704722,52.247061,On or near Chalk Road (North),E01030092,West Suffolk 014A,Criminal damage and arson,Investigation complete; no suspect identified,
9935e60c58a9b9959440091cff5a4a9062e018f40805e250f2735d749f08b38c,2026-03,Suffolk Constabulary,Suffolk Constabulary,0.704722,52.247061,On or near Chalk Road (North),E01030092,West Suffolk 014A,Criminal damage and arson,Investigation complete; no suspect identified,
206a23bd8e70350dcbc6ee0cb2022d1c742a25eece4913c6ac6ca2bb313fd820,2026-03,Suffolk Constabulary,Suffolk Constabulary,0.699965,52.241343,On or near Pinners Way,E01030092,West Suffolk 014A,Public order,Unable to prosecute suspect,
aa14032ae701430c811c75cfbbfd9f9b909975017ff9553eb96e881c5e58a16b,2026-03,Suffolk Constabulary,Suffolk Constabulary,0.706773,52.247527,On or near Risbygate Street,E01030092,West Suffolk 014A,Violence and sexual offences,Under investigation,
166793fbc0ab5d18ff8262c06935bd351f33e1f69c58aa44b0f4d65028dbd907,2026-03,Suffolk Constabulary,Suffolk Constabulary,0.705266,52.245394,On or near Chalk Road (South),E01030092,West Suffolk 014A,Violence and sexual offences,Unable to prosecute suspect,
ff5ded225b3c3ef92f66ac14acfa3b8e7624bb0f84b21237dec8fdff22b3850a,2026-03,Suffolk Constabulary,Suffolk Constabulary,0.704545,52.241247,On or near Euston Close,E01030092,West Suffolk 014A,Violence and sexual offences,Local resolution,
4f506e2cddf0b047a2712bc04540c7030db202a5dacd68e8f6c59b76e5d5821e,2026-03,Suffolk Constabulary,Suffolk Constabulary,0.705266,52.245394,On or near Chalk Road (South),E01030092,West Suffolk 014A,Violence and sexual offences,Unable to prosecute suspect,
22341abc9fd466a54c1c3cb929ed6e26456f7b86348e898a2f3e318b2a0e1e65,2026-03,Suffolk Constabulary,Suffolk Constabulary,0.704545,52.241247,On or near Euston Close,E01030092,West Suffolk 014A,Violence and sexual offences,Unable to prosecute suspect,
,2026-03,Suffolk Constabulary,Suffolk Constabulary,0.696427,52.242188,On or near Perry Barn Close,E01030123,West Suffolk 014B,Anti-social behaviour,,
80aa8bd2318c284f31370dc7a0a4297a662d32ef1eec0f037d00b6928d9ee117,2026-03,Suffolk Constabulary,Suffolk Constabulary,0.690453,52.241021,On or near Beaumont Close,E01030123,West Suffolk 014B,Bicycle theft,Unable to prosecute suspect,
42ddbd858a90311116beba0cd50ebfdd6f8d75647aae598039b67b9aed900169,2026-03,Suffolk Constabulary,Suffolk Constabulary,0.690730,52.243424,On or near Park Road,E01030123,West Suffolk 014B,Criminal damage and arson,Investigation complete; no suspect identified,
5753a3447f2b989ecd725a238468f14c0932d9eb70e21abd879ae06c50abf1a7,2026-03,Suffolk Constabulary,Suffolk Constabulary,0.695423,52.242535,On or near Prior'S Avenue,E01030123,West Suffolk 014B,Other theft,Investigation complete; no suspect identified,
9f5b86e6471ceca02d5f424d3ff68a9b371fb82bf3745b371aadf8b244764f40,2026-03,Suffolk Constabulary,Suffolk Constabulary,0.694407,52.243412,On or near Highbury Road,E01030123,West Suffolk 014B,Other theft,Investigation complete; no suspect identified,
55410d58a452d1824149a90ddffd7d9c7d38699346f00654eac4e095e9c4a3f5,2026-03,Suffolk Constabulary,Suffolk Constabulary,0.692714,52.241832,On or near Ashwell Road,E01030123,West Suffolk 014B,Public order,Unable to prosecute suspect,
a0cb1fa20e481c0dc862d77c87bd2a969ca39cc4f2402c0fb63461fbdab71cad,2026-03,Suffolk Constabulary,Suffolk Constabulary,0.695423,52.242535,On or near Prior'S Avenue,E01030123,West Suffolk 014B,Violence and sexual offences,Unable to prosecute suspect,
6594a230766bb02480967eb341b1938550b013dfa799b3d133319caaac0a889b,2026-03,Suffolk Constabulary,Suffolk Constabulary,0.694407,52.243412,On or near Highbury Road,E01030123,West Suffolk 014B,Other crime,Under investigation,
,2026-03,Suffolk Constabulary,Suffolk Constabulary,0.692024,52.251003,On or near Shopping Area,E01030124,West Suffolk 014C,Anti-social behaviour,,
,2026-03,Suffolk Constabulary,Suffolk Constabulary,0.692024,52.251003,On or near Shopping Area,E01030124,West Suffolk 014C,Anti-social behaviour,,
b3deca87698e298014d8726b69b932ceaaee30f9e8cd3b300efa9787eaedb002,2026-03,Suffolk Constabulary,Suffolk Constabulary,0.692024,52.251003,On or near Shopping Area,E01030124,West Suffolk 014C,Criminal damage and arson,Unable to prosecute suspect,
0b42a1a65bca589edb59f0441e438f7344179dfa3f4e3b9f1390b01e72a4f26b,2026-03,Suffolk Constabulary,Suffolk Constabulary,0.692853,52.251380,On or near Western Way,E01030124,West Suffolk 014C,Criminal damage and arson,Offender given a caution,
6a02dae8f24cb441b3415954cb5da6f07c3b146e90cca5332215e878bf323792,2026-03,Suffolk Constabulary,Suffolk Constabulary,0.690596,52.251845,On or near Supermarket,E01030124,West Suffolk 014C,Other theft,Investigation complete; no suspect identified,
2b46bda7faa8cca787f54a7976749bc5167844636ece2cb7a2a5348120d71906,2026-03,Suffolk Constabulary,Suffolk Constabulary,0.690314,52.248969,On or near Supermarket,E01030124,West Suffolk 014C,Shoplifting,Investigation complete; no suspect identified,
024b7123712dab977271386a33484968809616caf04d2e4a885d2988b9822985,2026-03,Suffolk Constabulary,Suffolk Constabulary,0.690596,52.251845,On or near Supermarket,E01030124,West Suffolk 014C,Violence and sexual offences,Unable to prosecute suspect,
6455dbf1aae618c51d926580295992dc3b03b6849fa25ff9e1ca8b78d8423903,2026-03,Suffolk Constabulary,Suffolk Constabulary,0.683279,52.249574,On or near Ridley Road,E01030125,West Suffolk 014D,Violence and sexual offences,Unable to prosecute suspect,
82466357b676f7e498b23f42f1d8c404ccf257d9dc972f36d48ebc01d85f75d9,2026-03,Suffolk Constabulary,Suffolk Constabulary,0.682116,52.243180,On or near Maltward Avenue,E01030125,West Suffolk 014D,Violence and sexual offences,Investigation complete; no suspect identified,
771df0cfe526a5a383ab3e1270322f0fd9ae26326e30dbf003fc46739f3c251c,2026-03,Suffolk Constabulary,Suffolk Constabulary,0.683279,52.249574,On or near Ridley Road,E01030125,West Suffolk 014D,Violence and sexual offences,Under investigation,
e5d813abc72341ea15826f404455c38d02bc9a0ad187596026f44b883dcdc42d,2026-03,Suffolk Constabulary,Suffolk Constabulary,0.683279,52.249574,On or near Ridley Road,E01030125,West Suffolk 014D,Violence and sexual offences,Unable to prosecute suspect,
634e8dcd6177f68c16d11e0321f0488ffe98265ff92fb0bffd3c442d462158f0,2026-03,Suffolk Constabulary,Suffolk Constabulary,0.694035,52.234374,On or near Thornton Road,E01030149,West Suffolk 014F,Criminal damage and arson,Investigation complete; no suspect identified,
70d682305e26ea287e9c782ab86332c9eb967878f7cc122f4661f80da7636cef,2026-03,Suffolk Constabulary,Suffolk Constabulary,0.401189,52.242091,On or near High Street,E01029925,West Suffolk 015A,Burglary,Awaiting court outcome,
a0410e2d100a74390b8fafac3e7024440c2897d292eac7ae8a29414386afa7b6,2026-03,Suffolk Constabulary,Suffolk Constabulary,0.405745,52.243455,On or near Kingston Passage,E01029925,West Suffolk 015A,Criminal damage and arson,Unable to prosecute suspect,
7021eda9369b9f36c6f6ab8e5a3f84dfdac49b27b58cc666a17da4324f7d1f19,2026-03,Suffolk Constabulary,Suffolk Constabulary,0.408192,52.241301,On or near Dick Perryman Court,E01029925,West Suffolk 015A,Drugs,Awaiting court outcome,
6805870091acf1df1b3e7d0d1cef3348ab659e66502d1d5fed46459da954e26a,2026-03,Suffolk Constabulary,Suffolk Constabulary,0.405745,52.243455,On or near Kingston Passage,E01029925,West Suffolk 015A,Drugs,Local resolution,
3cc35a8f627a7119edfbe708179f2e50a8ea63dcadb960261c9bd2e85b6939b8,2026-03,Suffolk Constabulary,Suffolk Constabulary,0.409682,52.244742,On or near Rous Road,E01029925,West Suffolk 015A,Drugs,Awaiting court outcome,
99858df675d5d12f5385faedc4d2a199d27a95d7d8ff210ff437772445da07c7,2026-03,Suffolk Constabulary,Suffolk Constabulary,0.406291,52.243525,On or near Sun Lane,E01029925,West Suffolk 015A,Other theft,Investigation complete; no suspect identified,
e82b7ab00482f00b7f610522266415a624ab1bf6ddadd75a3a04086573dd78be,2026-03,Suffolk Constabulary,Suffolk Constabulary,0.402608,52.242602,On or near High Street,E01029925,West Suffolk 015A,Other theft,Unable to prosecute suspect,
0c17d2fa43e333063b543e6f78963448ea39455d057dc0468ca0c68b877ef50a,2026-03,Suffolk Constabulary,Suffolk Constabulary,0.418990,52.242960,On or near Heath Road,E01029925,West Suffolk 015A,Other theft,Investigation complete; no suspect identified,
46c61578002ee847f98e419fc33155a3030e51aa0ec2e523007c14e8e825d631,2026-03,Suffolk Constabulary,Suffolk Constabulary,0.407587,52.244200,On or near Palace Street,E01029925,West Suffolk 015A,Public order,Unable to prosecute suspect,
da19a594275c5c5d1fcb9d6a97ecdb1d188208d00998c1ad1140fd372c8ad72f,2026-03,Suffolk Constabulary,Suffolk Constabulary,0.407587,52.244200,On or near Palace Street,E01029925,West Suffolk 015A,Shoplifting,Investigation complete; no suspect identified,
989b9051ac780bb0a504b0a755e9bccdfb015ae5a0fe5e996f46879a123499a6,2026-03,Suffolk Constabulary,Suffolk Constabulary,0.405745,52.243455,On or near Kingston Passage,E01029925,West Suffolk 015A,Shoplifting,Investigation complete; no suspect identified,
9fe3dd9f8a2f641e135783ead932752224d013b60ef98cdfac4f50ee7e77b578,2026-03,Suffolk Constabulary,Suffolk Constabulary,0.410506,52.246155,On or near Petrol Station,E01029925,West Suffolk 015A,Shoplifting,Investigation complete; no suspect identified,
6607ce513c60deef36033dcc4c9d94504b229f2ae08a015e8e41832f706c6669,2026-03,Suffolk Constabulary,Suffolk Constabulary,0.407587,52.244200,On or near Palace Street,E01029925,West Suffolk 015A,Shoplifting,Investigation complete; no suspect identified,
c10c477657fc2f2903aa338df9556aedb69f157827e796eb925d1375f52e42ae,2026-03,Suffolk Constabulary,Suffolk Constabulary,0.407587,52.244200,On or near Palace Street,E01029925,West Suffolk 015A,Shoplifting,Investigation complete; no suspect identified,
96a429ef7e05227eda91eef8c7e79da23475b0e0e45034062fdd5d6d1adcd5a5,2026-03,Suffolk Constabulary,Suffolk Constabulary,0.420669,52.240974,On or near Stanley Road,E01029925,West Suffolk 015A,Vehicle crime,Investigation complete; no suspect identified,
b509422dd39754688d4e7b2d67a393f0511110f048bfc970f715369c97f635a5,2026-03,Suffolk Constabulary,Suffolk Constabulary,0.397933,52.236313,On or near Dullingham Road,E01029925,West Suffolk 015A,Vehicle crime,Investigation complete; no suspect identified,
e7526b4e0621a35d38ddf7f4dec7a83732107bff2da04e7cdf3a353d94849ecb,2026-03,Suffolk Constabulary,Suffolk Constabulary,0.409682,52.244742,On or near Rous Road,E01029925,West Suffolk 015A,Violence and sexual offences,Unable to prosecute suspect,
c92add6fa0cd7fa90596777db0789df6bac3869057130336b1875af2592c7e18,2026-03,Suffolk Constabulary,Suffolk Constabulary,0.408072,52.242868,On or near Bunbury Terrace,E01029925,West Suffolk 015A,Violence and sexual offences,Action to be taken by another organisation,
0ca76fb191930acab265e743bf7f1a35a8a44356e9ee9a9ac6a1a7a233f07d63,2026-03,Suffolk Constabulary,Suffolk Constabulary,0.408072,52.242868,On or near Bunbury Terrace,E01029925,West Suffolk 015A,Violence and sexual offences,Unable to prosecute suspect,
91cb3c2df8063d5a2bd7ccdac70512a4ad55beb7d64bbab45ead0c0db12f08c7,2026-03,Suffolk Constabulary,Suffolk Constabulary,0.408192,52.241301,On or near Dick Perryman Court,E01029925,West Suffolk 015A,Violence and sexual offences,Unable to prosecute suspect,
9552802e0c38d5298749ff12d2e9db9f940a6ad17b3d336938a6fbc2c442d917,2026-03,Suffolk Constabulary,Suffolk Constabulary,0.408072,52.242868,On or near Bunbury Terrace,E01029925,West Suffolk 015A,Violence and sexual offences,Under investigation,
0583b7a29639ab2b0d3f749955eac530fcb649fadd1294deddde353f4b1bcf8d,2026-03,Suffolk Constabulary,Suffolk Constabulary,0.401189,52.242091,On or near High Street,E01029925,West Suffolk 015A,Violence and sexual offences,Awaiting court outcome,
8917040bd97f087530698ffc960d3e3f1ad2192995ad9492e1dc2b49127fbedf,2026-03,Suffolk Constabulary,Suffolk Constabulary,0.401189,52.242091,On or near High Street,E01029925,West Suffolk 015A,Violence and sexual offences,Awaiting court outcome,
b1c765e45d94218b761dd08d0dba75862d8b7ac1599851c54aa1a4cd5a650893,2026-03,Suffolk Constabulary,Suffolk Constabulary,0.407587,52.244200,On or near Palace Street,E01029925,West Suffolk 015A,Other crime,Under investigation,
36b7fe4f0c85862b5bfcf417a7d3c9db5519add0c508f78efc4d46c975a0b01c,2026-03,Suffolk Constabulary,Suffolk Constabulary,0.388052,52.246243,On or near Princess Way,E01029949,West Suffolk 015B,Burglary,Investigation complete; no suspect identified,
e63a6b2ee3809bb50ca8597dc936664e2e278093688777d8fadde2dd2623e03d,2026-03,Suffolk Constabulary,Suffolk Constabulary,0.397354,52.241603,On or near Petrol Station,E01029949,West Suffolk 015B,Other theft,Investigation complete; no suspect identified,
ee56364753e0c30b1de7e4728e5dca592d3ec0ab7232d02ed92ce56c5e04988b,2026-03,Suffolk Constabulary,Suffolk Constabulary,0.396478,52.243833,On or near Rowley Drive,E01029949,West Suffolk 015B,Public order,Unable to prosecute suspect,
96b3432a48a532d44feccca3e917b19e5e5e3a676c800d44cca5fc7675932a9e,2026-03,Suffolk Constabulary,Suffolk Constabulary,0.395347,52.242956,On or near The Rows,E01029949,West Suffolk 015B,Public order,Unable to prosecute suspect,
fadde3460fe33ec3948f273114adfdb92db1ccab4d9e43f6c5ec38f258a7230d,2026-03,Suffolk Constabulary,Suffolk Constabulary,0.392720,52.245869,On or near Bahram Close,E01029949,West Suffolk 015B,Public order,Unable to prosecute suspect,
f7f2f64f386e76e76f8422459d13ed9ee9229fd274e55b8494883de1b5f2ce71,2026-03,Suffolk Constabulary,Suffolk Constabulary,0.390794,52.241115,On or near Alycidon Mews,E01029949,West Suffolk 015B,Violence and sexual offences,Unable to prosecute suspect,
6b996af484e7b88a48a10d28418f6af338176265fd14bc0093fc3d00075c7a99,2026-03,Suffolk Constabulary,Suffolk Constabulary,0.400044,52.243418,On or near Doris Street,E01029949,West Suffolk 015B,Violence and sexual offences,Unable to prosecute suspect,
b28eecb1a8ff74b7b29f196514a1241bbcec8deae5d4e2c528a81e0e83fd083a,2026-03,Suffolk Constabulary,Suffolk Constabulary,0.389483,52.245332,On or near Charles Close,E01029949,West Suffolk 015B,Violence and sexual offences,Unable to prosecute suspect,
6e0febeadd1891579ce838db60e3006630fddceaa6adaa340a1a484b14f38766,2026-03,Suffolk Constabulary,Suffolk Constabulary,0.390794,52.241115,On or near Alycidon Mews,E01029949,West Suffolk 015B,Violence and sexual offences,Action to be taken by another organisation,
13d7524552be68ea2e7e7323f498269aab086f1a7f5368f204899af55658a737,2026-03,Suffolk Constabulary,Suffolk Constabulary,0.390794,52.241115,On or near Alycidon Mews,E01029949,West Suffolk 015B,Violence and sexual offences,Unable to prosecute suspect,
e9f6c819e6cc69dc0b9136372630b1f73877a45db6cdc8cc7b1447662108b28c,2026-03,Suffolk Constabulary,Suffolk Constabulary,0.389483,52.245332,On or near Charles Close,E01029949,West Suffolk 015B,Violence and sexual offences,Unable to prosecute suspect,
,2026-03,Suffolk Constabulary,Suffolk Constabulary,0.399117,52.249849,On or near B1103,E01029950,West Suffolk 015C,Anti-social behaviour,,
f7b07076c39290697591154cfaa99f3c3da2237b490ad92602d3c3783cd9621f,2026-03,Suffolk Constabulary,Suffolk Constabulary,0.404429,52.244318,On or near Wellington Street,E01029950,West Suffolk 015C,Burglary,Investigation complete; no suspect identified,
b79283847062cd32da581898ffc0e886393731f63de70d4839604669a9e12f5e,2026-03,Suffolk Constabulary,Suffolk Constabulary,0.401668,52.246083,On or near Icewell Hill,E01029950,West Suffolk 015C,Criminal damage and arson,Investigation complete; no suspect identified,
d5cc1a1d76f3fcecef17940cfeb8298a1ccf3d61b5a9de06f9b3d915a6d53383,2026-03,Suffolk Constabulary,Suffolk Constabulary,0.401668,52.246083,On or near Icewell Hill,E01029950,West Suffolk 015C,Criminal damage and arson,Investigation complete; no suspect identified,
6001f30a4cc6eda3ff8d3b897da09a1ce7d931127e13c4ade62df8cf9ece45bc,2026-03,Suffolk Constabulary,Suffolk Constabulary,0.401668,52.246083,On or near Icewell Hill,E01029950,West Suffolk 015C,Drugs,Under investigation,
7c10e591787f70b17be8ed16c8e3fc72779721ab528a7926357d62fbd6bb1d05,2026-03,Suffolk Constabulary,Suffolk Constabulary,0.400716,52.244727,On or near Lowther Street,E01029950,West Suffolk 015C,Public order,Investigation complete; no suspect identified,
5a3f05da1f3c9f5b7a59fb2e8d9b8e469d537f3488daedc8f97cd9f46baf22e5,2026-03,Suffolk Constabulary,Suffolk Constabulary,0.402359,52.246132,On or near Mill Hill,E01029950,West Suffolk 015C,Public order,Investigation complete; no suspect identified,
aba1d3178229cc13887b0db4e0507bf6ccfa0bd9a4bcac6ba58461a07fa9f7c9,2026-03,Suffolk Constabulary,Suffolk Constabulary,0.399117,52.249849,On or near B1103,E01029950,West Suffolk 015C,Violence and sexual offences,Unable to prosecute suspect,
a333530f6378baf952133bd6400787a8f54a62fe351828e398bc2e6d04675492,2026-03,Suffolk Constabulary,Suffolk Constabulary,0.400538,52.247680,On or near Tannersfield Way,E01029950,West Suffolk 015C,Violence and sexual offences,Action to be taken by another organisation,
0d44ace97c4436c98b589884ed1298264707fa51e7c9457e067ab52450842a24,2026-03,Suffolk Constabulary,Suffolk Constabulary,0.402359,52.246132,On or near Mill Hill,E01029950,West Suffolk 015C,Violence and sexual offences,Investigation complete; no suspect identified,
4baeebc046b79735b84d9c403d326512f2c396a8a44fccabc8c1ba220f61c6c2,2026-03,Suffolk Constabulary,Suffolk Constabulary,0.400538,52.247680,On or near Tannersfield Way,E01029950,West Suffolk 015C,Violence and sexual offences,Action to be taken by another organisation,
88382ea7b9269a91722830bd7bdb326b626749e01fbdfb7e24f75a8b11485cd3,2026-03,Suffolk Constabulary,Suffolk Constabulary,0.401668,52.246083,On or near Icewell Hill,E01029950,West Suffolk 015C,Violence and sexual offences,Unable to prosecute suspect,
fcbf93d5a63b86a53bee85bd3edc6c5676ab2526bdd811dacd1a86c9d062e319,2026-03,Suffolk Constabulary,Suffolk Constabulary,0.397516,52.247867,On or near Millbank,E01029950,West Suffolk 015C,Violence and sexual offences,Unable to prosecute suspect,
588df096aab15a28648a1767a65cd85b8d678ac94bd1df94eba939a5245ed1ed,2026-03,Suffolk Constabulary,Suffolk Constabulary,0.403817,52.244376,On or near New Cut,E01029950,West Suffolk 015C,Violence and sexual offences,Unable to prosecute suspect,
2fb8e4e5a4adf2f6e69344239a7e8a1450a0eaf8e86304205c49f1c51274fe60,2026-03,Suffolk Constabulary,Suffolk Constabulary,0.401668,52.246083,On or near Icewell Hill,E01029950,West Suffolk 015C,Violence and sexual offences,Unable to prosecute suspect,
53c6220f9bee3acfa21ee45a0db2247de40c911cc85ff3f859835ab9a0fe751e,2026-03,Suffolk Constabulary,Suffolk Constabulary,0.399200,52.247320,On or near Freshfields,E01029950,West Suffolk 015C,Violence and sexual offences,Unable to prosecute suspect,
,2026-03,Suffolk Constabulary,Suffolk Constabulary,0.389826,52.247897,On or near Edinburgh Road,E01029951,West Suffolk 015D,Anti-social behaviour,,
a6f7a33c31728ac7a4821a58d8815767ba2452c09b70cf0322ec5bb448336fc6,2026-03,Suffolk Constabulary,Suffolk Constabulary,0.382524,52.260076,On or near B1103,E01029951,West Suffolk 015D,Burglary,Investigation complete; no suspect identified,
40a9a7193a015e008ca21d59edd404765376a1435d8891ce819a626a9efcedab,2026-03,Suffolk Constabulary,Suffolk Constabulary,0.387941,52.248268,On or near Drinkwater Close,E01029951,West Suffolk 015D,Burglary,Under investigation,
16ef6ba55a14cf6bc62931be44861a4cdefb2591b4f4fe216b4e60302455d46c,2026-03,Suffolk Constabulary,Suffolk Constabulary,0.389826,52.247897,On or near Edinburgh Road,E01029951,West Suffolk 015D,Public order,Unable to prosecute suspect,
13c867f1e7de798f13f6cf0b899a936eb7714641d05b2b298e9473be6f1fc558,2026-03,Suffolk Constabulary,Suffolk Constabulary,0.389826,52.247897,On or near Edinburgh Road,E01029951,West Suffolk 015D,Public order,Unable to prosecute suspect,
4159a6695814b153aac992f3ad81c1469b31d9d59fec42cafc7e07d3739c1b9c,2026-03,Suffolk Constabulary,Suffolk Constabulary,0.389826,52.247897,On or near Edinburgh Road,E01029951,West Suffolk 015D,Public order,Unable to prosecute suspect,
c88634c1aca18dd1e23476574a317ab9f578a038fd9c958b780bf55478c9202f,2026-03,Suffolk Constabulary,Suffolk Constabulary,0.392280,52.249394,On or near Stirling Gardens,E01029951,West Suffolk 015D,Violence and sexual offences,Action to be taken by another organisation,
881fe992df6edbda4fe23b9d2a76f640aa7d3fdb1da13dd9c60d46bcb77f3da5,2026-03,Suffolk Constabulary,Suffolk Constabulary,0.392280,52.249394,On or near Stirling Gardens,E01029951,West Suffolk 015D,Violence and sexual offences,Action to be taken by another organisation,
,2026-03,Suffolk Constabulary,Suffolk Constabulary,0.390052,52.251283,On or near Elvedon Way,E01029952,West Suffolk 015E,Anti-social behaviour,,
0b5762163a6e381e3bd49c19b536699dafb97f3f4d371911bcd6a108cb41d96b,2026-03,Suffolk Constabulary,Suffolk Constabulary,0.390693,52.254219,On or near Supermarket,E01029952,West Suffolk 015E,Burglary,Investigation complete; no suspect identified,
589467bbed493c02d83f63ca3e84ca55484f066ad378fa699e7555b2fb5190a5,2026-03,Suffolk Constabulary,Suffolk Constabulary,0.393762,52.251612,On or near King Edward Vii Road,E01029952,West Suffolk 015E,Other theft,Investigation complete; no suspect identified,
f8a602e71c3ddec3dabbdbcca3c95c0c3ecd1b1861beb2ec9415365dafa7b00d,2026-03,Suffolk Constabulary,Suffolk Constabulary,0.390693,52.254219,On or near Supermarket,E01029952,West Suffolk 015E,Shoplifting,Unable to prosecute suspect,
20e6b6e06182aa72cf916b86354a1053ec23783b71834269b16e60b595d8d97d,2026-03,Suffolk Constabulary,Suffolk Constabulary,0.395848,52.250356,On or near St Fabians Close,E01029952,West Suffolk 015E,Violence and sexual offences,Unable to prosecute suspect,
a10b5ff5d1417b3607e8ce41628bfeaa1ec5fc1159cf7664f27942f7812c93d3,2026-03,Suffolk Constabulary,Suffolk Constabulary,0.395848,52.250356,On or near St Fabians Close,E01029952,West Suffolk 015E,Violence and sexual offences,Action to be taken by another organisation,
d8bf74892d67e1e9b7bad8d2c2db15b51282c06f152b98b4ed930f1369845c02,2026-03,Suffolk Constabulary,Suffolk Constabulary,0.393650,52.249537,On or near Melrose Gardens,E01029952,West Suffolk 015E,Violence and sexual offences,Action to be taken by another organisation,
1710410ab7d232c251f9333c01f08a0c7a781f7a3150decd74b46329bc9af8c0,2026-03,Suffolk Constabulary,Suffolk Constabulary,0.387537,52.253024,On or near Churchill Avenue,E01029952,West Suffolk 015E,Violence and sexual offences,Unable to prosecute suspect,
7a3931a167d05407f37e4472b5434442f117a311d6c1a43feca747a84be524e4,2026-03,Suffolk Constabulary,Suffolk Constabulary,0.412007,52.242770,On or near Nat Flatman Street,E01032612,West Suffolk 015F,Criminal damage and arson,Unable to prosecute suspect,
16edc92782ba939fd3a579b45391065204e6d7416776c75646964a8bf607f474,2026-03,Suffolk Constabulary,Suffolk Constabulary,0.409686,52.241846,On or near Park Avenue,E01032612,West Suffolk 015F,Criminal damage and arson,Investigation complete; no suspect identified,
0c12e962d64a9fa5d07246e93ceee79a6478cd40406d7a26a5a15c279de2d479,2026-03,Suffolk Constabulary,Suffolk Constabulary,0.412007,52.242770,On or near Nat Flatman Street,E01032612,West Suffolk 015F,Drugs,Local resolution,
6f37d1b0b2aa0a1d6f68dcb217994988857c519061cd719904fca24a35212df2,2026-03,Suffolk Constabulary,Suffolk Constabulary,0.411963,52.241152,On or near Malt Close,E01032612,West Suffolk 015F,Vehicle crime,Investigation complete; no suspect identified,
aad57292f1df2b0afb605edd7587690a4d77e494d9f679654a9bfc9441ed9dc8,2026-03,Suffolk Constabulary,Suffolk Constabulary,0.414159,52.239237,On or near New Cheveley Road,E01032612,West Suffolk 015F,Vehicle crime,Unable to prosecute suspect,
42680e4f244c2ade2a1f383c26d93895c909b70e321e071024c9cf8b02e162d9,2026-03,Suffolk Constabulary,Suffolk Constabulary,0.411963,52.241152,On or near Malt Close,E01032612,West Suffolk 015F,Violence and sexual offences,Under investigation,
8eff621f247431ea8d094a942ac7690cdb36ca9cba49bb9ea664ed2d9ccaccec,2026-03,Suffolk Constabulary,Suffolk Constabulary,0.412007,52.242770,On or near Nat Flatman Street,E01032612,West Suffolk 015F,Violence and sexual offences,Investigation complete; no suspect identified,
c56018b9169ea2a631445068649aafc839ecc3728588c31e5b10f4e8ccd358a6,2026-03,Suffolk Constabulary,Suffolk Constabulary,0.412007,52.242770,On or near Nat Flatman Street,E01032612,West Suffolk 015F,Violence and sexual offences,Under investigation,
,2026-03,Suffolk Constabulary,Suffolk Constabulary,0.775221,52.268851,On or near Cox Lane,E01030104,West Suffolk 016A,Anti-social behaviour,,
ddc667b39f4dba5a7513259bf35939b1d0eb06ce86b631c9b8a19b1205c9beca,2026-03,Suffolk Constabulary,Suffolk Constabulary,0.773417,52.270088,On or near Petrol Station,E01030104,West Suffolk 016A,Burglary,Investigation complete; no suspect identified,
780ac91acfaadb6ad6270344d2c2d8ca89bea635e6326fe3e4b2e208b62886a6,2026-03,Suffolk Constabulary,Suffolk Constabulary,0.763048,52.250836,On or near Cely Road,E01030104,West Suffolk 016A,Burglary,Investigation complete; no suspect identified,
1bf19812c5480d55cae51ea0aac808a1a05c028a92f1a2818319aa921e09d9a9,2026-03,Suffolk Constabulary,Suffolk Constabulary,0.758957,52.265410,On or near Fornham Road,E01030104,West Suffolk 016A,Violence and sexual offences,Awaiting court outcome,
1201e26dd4fbaf145edd489284326606c99c470667e7d86b31dae91e3895d517,2026-03,Suffolk Constabulary,Suffolk Constabulary,0.766535,52.274828,On or near Mill Road,E01030104,West Suffolk 016A,Violence and sexual offences,Unable to prosecute suspect,
75980600f06371f6f7977a04985b447fbc31ea26696e3252245be6cf9431c794,2026-03,Suffolk Constabulary,Suffolk Constabulary,0.791909,52.271281,On or near Mere Close,E01030104,West Suffolk 016A,Violence and sexual offences,Formal action is not in the public interest,
,2026-03,Suffolk Constabulary,Suffolk Constabulary,0.762430,52.249133,On or near Saltsman Road,E01030138,West Suffolk 016B,Anti-social behaviour,,
51f5f95506fdd11ec8245e8ba2b22911cf3cc663f664d8d0506d3a7a4a2208d8,2026-03,Suffolk Constabulary,Suffolk Constabulary,0.762430,52.249133,On or near Saltsman Road,E01030138,West Suffolk 016B,Criminal damage and arson,Investigation complete; no suspect identified,
37d8cdf069ceeaa8cff0cb296fc3edc8f18011c3aec60f8d9ec73de672ec9b88,2026-03,Suffolk Constabulary,Suffolk Constabulary,0.758851,52.173019,On or near Chapel Road,E01030138,West Suffolk 016B,Criminal damage and arson,Investigation complete; no suspect identified,
9fbdae125b6214561b51c497120cfc0afba3d8fd1ada649127606bac18d96870,2026-03,Suffolk Constabulary,Suffolk Constabulary,0.795089,52.178982,On or near Bury Road,E01030138,West Suffolk 016B,Other theft,Investigation complete; no suspect identified,
846fad0435218d96b013d0198c1a7f01c8a85f6e29764ae98cb51436f7a3cef9,2026-03,Suffolk Constabulary,Suffolk Constabulary,0.775812,52.243117,On or near Woodlands Road,E01030138,West Suffolk 016B,Other theft,Investigation complete; no suspect identified,
6d0ec6cbfca3949e1023e2315de88c338200e65083b11da6a7e484ca76567a50,2026-03,Suffolk Constabulary,Suffolk Constabulary,0.749337,52.181695,On or near Bury Road,E01030138,West Suffolk 016B,Other theft,Investigation complete; no suspect identified,
3009f70f8314273aea64abbcb755eafb3237672de64fb91a581e4485c89a4ee1,2026-03,Suffolk Constabulary,Suffolk Constabulary,0.822423,52.187180,On or near Felsham Road,E01030138,West Suffolk 016B,Public order,Investigation complete; no suspect identified,
0418828db891f225c757e2aac292f672b9e3c5ae0b428949cbadae17a7c531ee,2026-03,Suffolk Constabulary,Suffolk Constabulary,0.803694,52.219696,On or near Kingshall Street,E01030138,West Suffolk 016B,Violence and sexual offences,Under investigation,
577443687eefbb6a0633f5aa69b98da2482406aa83a94c7f0006090834845faf,2026-03,Suffolk Constabulary,Suffolk Constabulary,0.803235,52.235638,On or near Parking Area,E01030138,West Suffolk 016B,Violence and sexual offences,Action to be taken by another organisation,
5f69d349d938457be700a53214c22cbfa508fdb3bd5418e700a13e1911df8c4f,2026-03,Suffolk Constabulary,Suffolk Constabulary,0.782685,52.233056,On or near Sports/Recreation Area,E01030138,West Suffolk 016B,Violence and sexual offences,Unable to prosecute suspect,
b0d3b7b8c73372926caae6dc181dab0a6eb3bb8746f54d49907343af4396a4b8,2026-03,Suffolk Constabulary,Suffolk Constabulary,0.749337,52.181695,On or near Bury Road,E01030138,West Suffolk 016B,Violence and sexual offences,Investigation complete; no suspect identified,
3ed150a244674317fa2ef51ca212646f45af93c50e50f3db36239f54dd303610,2026-03,Suffolk Constabulary,Suffolk Constabulary,0.715251,52.269275,On or near The Drift,E01034572,West Suffolk 016C,Criminal damage and arson,Investigation complete; no suspect identified,
f3598b25fdce1c2ff798bc59dc35ae3f518eb0c0b09120b97a4b9f14ad22e842,2026-03,Suffolk Constabulary,Suffolk Constabulary,0.713834,52.271510,On or near Fornham House Close,E01034572,West Suffolk 016C,Violence and sexual offences,Unable to prosecute suspect,
,2026-03,Suffolk Constabulary,Suffolk Constabulary,0.694311,52.264790,On or near Windell Drive,E01034573,West Suffolk 016D,Anti-social behaviour,,
,2026-03,Suffolk Constabulary,Suffolk Constabulary,0.694311,52.264790,On or near Windell Drive,E01034573,West Suffolk 016D,Anti-social behaviour,,
,2026-03,Suffolk Constabulary,Suffolk Constabulary,0.690996,52.265720,On or near Redwood Drive,E01034573,West Suffolk 016D,Anti-social behaviour,,
1af348adc8ceb2e2f903ab66cb2f54e5f39ef704fc1d79049de62ca5783122c9,2026-03,Suffolk Constabulary,Suffolk Constabulary,0.690626,52.263723,On or near Silk Close,E01034573,West Suffolk 016D,Criminal damage and arson,Unable to prosecute suspect,
a57face7ef638eb897474cf9f540f030a96c3125d5d7dc4783dac38b88b3f764,2026-03,Suffolk Constabulary,Suffolk Constabulary,0.690261,52.263741,On or near Wool Road,E01034573,West Suffolk 016D,Other theft,Unable to prosecute suspect,
29b1e10ef5082b9f7accf97111ae660e845cda3d06bd94396917cf8f05edcde9,2026-03,Suffolk Constabulary,Suffolk Constabulary,0.632585,52.085393,On or near Poole Street,E01030099,West Suffolk 017A,Bicycle theft,Investigation complete; no suspect identified,
3a56feb1ac98607eed4ad4345617cc4b99c5d3f609934db5e7a489afc5a7de48,2026-03,Suffolk Constabulary,Suffolk Constabulary,0.597288,52.125331,On or near Upper Street,E01030099,West Suffolk 017A,Criminal damage and arson,Investigation complete; no suspect identified,
c5e33d20fca379fc5832c5cc6920f9c7bfdd054ccf908d2ece8d44cabf91d97d,2026-03,Suffolk Constabulary,Suffolk Constabulary,0.583130,52.105624,On or near The Street,E01030099,West Suffolk 017A,Vehicle crime,Investigation complete; no suspect identified,
810118546abce1bc72a58dab19c280419f6c222fe718ab8f6eb057f9415eccd3,2026-03,Suffolk Constabulary,Suffolk Constabulary,0.636218,52.087344,On or near High Street,E01030099,West Suffolk 017A,Violence and sexual offences,Unable to prosecute suspect,
f0c85299f7b52cdf56d0b178a7ec404a9305f8d4e2031e8e3bcb752193d2055b,2026-03,Suffolk Constabulary,Suffolk Constabulary,0.636218,52.087344,On or near High Street,E01030099,West Suffolk 017A,Violence and sexual offences,Further investigation is not in the public interest,
45385cb7d526839673038ab006b880f2865ce7ba1543cffdd2b068d4d16a3102,2026-03,Suffolk Constabulary,Suffolk Constabulary,0.569610,52.146819,On or near Water Lane,E01030099,West Suffolk 017A,Violence and sexual offences,Under investigation,
aa01dd58bddd714ea54ac324698713723be2b2afb8b6bc74e2302988cbc9d4dc,2026-03,Suffolk Constabulary,Suffolk Constabulary,0.569610,52.146819,On or near Water Lane,E01030099,West Suffolk 017A,Violence and sexual offences,Unable to prosecute suspect,
da6a7b52c3eb62280cd7f1f343660c7c1680b38d09435251923d69a3284ffeee,2026-03,Suffolk Constabulary,Suffolk Constabulary,0.636218,52.087344,On or near High Street,E01030099,West Suffolk 017A,Violence and sexual offences,Unable to prosecute suspect,
,2026-03,Suffolk Constabulary,Suffolk Constabulary,0.574741,52.073830,On or near The Granary,E01030101,West Suffolk 017B,Anti-social behaviour,,
ee627a2dfb076787cee1e3de586ede03dda53395d6f61b610dac5d0e232020f0,2026-03,Suffolk Constabulary,Suffolk Constabulary,0.582018,52.077798,On or near Station Road,E01030101,West Suffolk 017B,Criminal damage and arson,Investigation complete; no suspect identified,
0ece2b297b393ea54fc92fc79d12acb69e7356b6e1a88e8d8292d40fdbe82e35,2026-03,Suffolk Constabulary,Suffolk Constabulary,0.580818,52.076718,On or near Malting Lane,E01030101,West Suffolk 017B,Criminal damage and arson,Investigation complete; no suspect identified,
91971ee2c6058da644de813df4a60c79e90cedf691403bd666ca989f6a6000d8,2026-03,Suffolk Constabulary,Suffolk Constabulary,0.569923,52.072271,On or near Stoke Road,E01030101,West Suffolk 017B,Other theft,Investigation complete; no suspect identified,
ad331506b5272487cd36f3382d88c7df50877b3794b5121568b85e1829aa9d23,2026-03,Suffolk Constabulary,Suffolk Constabulary,0.581393,52.078081,On or near Market Hill,E01030101,West Suffolk 017B,Possession of weapons,Unable to prosecute suspect,
a2a41028800b6e3d7faa270f1255bb4318f73517bb1d72e55528d97a00b07064,2026-03,Suffolk Constabulary,Suffolk Constabulary,0.580818,52.076718,On or near Malting Lane,E01030101,West Suffolk 017B,Public order,Investigation complete; no suspect identified,
fc15bc0782fb498742b0ebed1a5885cc3c9d06ae24f9e94cdabeac35a310bf35,2026-03,Suffolk Constabulary,Suffolk Constabulary,0.588589,52.077852,On or near Highfield,E01030101,West Suffolk 017B,Public order,Unable to prosecute suspect,
57de65a6b93c64239a08a58f2b9510b82409b1205e550827fc466d815d14fa06,2026-03,Suffolk Constabulary,Suffolk Constabulary,0.580481,52.077202,On or near Half Moon Yard,E01030101,West Suffolk 017B,Shoplifting,Investigation complete; no suspect identified,
7fb38e1cda9e295427b006567b88f0844f44a8e59e519d892137437a991ef28f,2026-03,Suffolk Constabulary,Suffolk Constabulary,0.569923,52.072271,On or near Stoke Road,E01030101,West Suffolk 017B,Vehicle crime,Investigation complete; no suspect identified,
b5f2c3a1d340d92f0ae840bb90aa57b497938201fd56c323268efe187ba46dcd,2026-03,Suffolk Constabulary,Suffolk Constabulary,0.579861,52.088717,On or near Clare Road,E01030101,West Suffolk 017B,Violence and sexual offences,Unable to prosecute suspect,
7dd0322ac4b6e64bc340ea874953b06237b4e2fd8a445446c9da059c8d1d062a,2026-03,Suffolk Constabulary,Suffolk Constabulary,0.579861,52.088717,On or near Clare Road,E01030101,West Suffolk 017B,Violence and sexual offences,Unable to prosecute suspect,
828f1a1db36c8b81de91abe61ce0a50f58719eaa27360f746242499f7cf1a2df,2026-03,Suffolk Constabulary,Suffolk Constabulary,0.578266,52.085371,On or near De Burgh Place,E01030101,West Suffolk 017B,Violence and sexual offences,Unable to prosecute suspect,
c6cbc64782585137e6e03018cdbb843e992dfd96842565d44c2f5ba1fa5188eb,2026-03,Suffolk Constabulary,Suffolk Constabulary,0.588589,52.077852,On or near Highfield,E01030101,West Suffolk 017B,Violence and sexual offences,Unable to prosecute suspect,
8ae02b04a22180702581175ad52016991e87d3a77d7b3ed44e7f881d1a3b6461,2026-03,Suffolk Constabulary,Suffolk Constabulary,0.588589,52.077852,On or near Highfield,E01030101,West Suffolk 017B,Violence and sexual offences,Unable to prosecute suspect,
,2026-03,Suffolk Constabulary,Suffolk Constabulary,0.517744,52.191831,On or near Orchard Close,E01030150,West Suffolk 017C,Anti-social behaviour,,
ebe47329fb223149e5fbb3b1679e0f1b4d2f05c0878b7aa3ebb6c2a4814a0786,2026-03,Suffolk Constabulary,Suffolk Constabulary,0.490537,52.090621,On or near Rectory Road,E01030122,West Suffolk 018A,Other theft,Investigation complete; no suspect identified,
cb74738c56716af4802bf0ca89d68d6102829d7905eb05d70631cff72789f119,2026-03,Suffolk Constabulary,Suffolk Constabulary,0.491708,52.094356,On or near Dash End,E01030122,West Suffolk 018A,Violence and sexual offences,Local resolution,
7e24ae4108e1795e24d4a68987ed188faef02b51b043867d98acb31430848961,2026-03,Suffolk Constabulary,Suffolk Constabulary,0.481652,52.091528,On or near Dane Close,E01030122,West Suffolk 018A,Violence and sexual offences,Action to be taken by another organisation,
0d65d39786ffff609e448d337e51b0c10d1f157086d73453184d32623d42f632,2026-03,Suffolk Constabulary,Suffolk Constabulary,0.503966,52.123681,On or near Hall Road,E01030122,West Suffolk 018A,Violence and sexual offences,Unable to prosecute suspect,
6dd603d8ef7f454e522741e2d8c4007a5efd9ca773abe6edc88c4e6360fe2148,2026-03,Suffolk Constabulary,Suffolk Constabulary,0.503966,52.123681,On or near Hall Road,E01030122,West Suffolk 018A,Violence and sexual offences,Unable to prosecute suspect,
3af85f2e93a65249e83ec9a8766d7d86444b5caba3b0a8dca8fb7696232d2055,2026-03,Suffolk Constabulary,Suffolk Constabulary,0.452188,52.133772,On or near Church Road,E01030151,West Suffolk 018B,Other theft,Investigation complete; no suspect identified,
3396388e6a85844d612366888207a059d4f4dca3e82f5a555e4fed276d69c3f5,2026-03,Suffolk Constabulary,Suffolk Constabulary,0.446489,52.094044,On or near Shipp Close,E01030151,West Suffolk 018B,Possession of weapons,Unable to prosecute suspect,
928678d873ae07c962f32a9946668e4c99984acf4f6ff6cd90a4735cd24051ce,2026-03,Suffolk Constabulary,Suffolk Constabulary,0.405459,52.092605,On or near Fleming Way,E01030151,West Suffolk 018B,Public order,Investigation complete; no suspect identified,
2bff1e50f8d32a051628bc27475a52a8e1093488f8b0ce5b8edd6d2f2e29869a,2026-03,Suffolk Constabulary,Suffolk Constabulary,0.406470,52.092665,On or near Watson Place,E01030151,West Suffolk 018B,Violence and sexual offences,Awaiting court outcome,
41d8687274b0b5e015ddee1bfbac160ff78db87de1df8c0676e43ce04519a684,2026-03,Suffolk Constabulary,Suffolk Constabulary,0.448597,52.133576,On or near Thurlow Road,E01030151,West Suffolk 018B,Violence and sexual offences,Unable to prosecute suspect,
51e9a532092f88e00e53b93fa7bea5bebfa25e238e7245c858a038c3f161c41a,2026-03,Suffolk Constabulary,Suffolk Constabulary,0.446489,52.094044,On or near Shipp Close,E01030151,West Suffolk 018B,Violence and sexual offences,Action to be taken by another organisation,
ac14059bbdde2aafdc8ba0772520c139f38f8f006080fe2ff6c1fbf2a2b929f5,2026-03,Suffolk Constabulary,Suffolk Constabulary,0.487595,52.129837,On or near Bury Road,E01030151,West Suffolk 018B,Violence and sexual offences,Under investigation,
,2026-03,Suffolk Constabulary,Suffolk Constabulary,0.536289,52.110931,On or near North Street,E01034574,West Suffolk 018C,Anti-social behaviour,,
15c1f0630cc19ae140294fa3c1e69da4af466fa04ecbed28b8e0af992107e653,2026-03,Suffolk Constabulary,Suffolk Constabulary,0.536289,52.110931,On or near North Street,E01034574,West Suffolk 018C,Criminal damage and arson,Investigation complete; no suspect identified,
599b188facff10f685155fd3345b0a6767ad20f9be19d3f5494b2d82bc4fadc1,2026-03,Suffolk Constabulary,Suffolk Constabulary,0.517124,52.139408,On or near Chestnut Road,E01034574,West Suffolk 018C,Drugs,Local resolution,
49023ba92e4a67dc241255252687f1bdc01e51977492fe292258d5bb67ef9089,2026-03,Suffolk Constabulary,Suffolk Constabulary,0.517124,52.139408,On or near Chestnut Road,E01034574,West Suffolk 018C,Drugs,Local resolution,
50aa9ea2134f811e7f310bc8ec97093b7d4f711338e1ce3a30c5d3ab47d375c5,2026-03,Suffolk Constabulary,Suffolk Constabulary,0.517124,52.139408,On or near Chestnut Road,E01034574,West Suffolk 018C,Drugs,Under investigation,
344c02940e71b0b74ce49635e342172d79e14861b21a9c7500de0dbbe63571b8,2026-03,Suffolk Constabulary,Suffolk Constabulary,0.517124,52.139408,On or near Chestnut Road,E01034574,West Suffolk 018C,Public order,Under investigation,
0d349542359ac18207acfcfd9611feac13f921d6c639af2f8071b680e0a2c386,2026-03,Suffolk Constabulary,Suffolk Constabulary,0.517124,52.139408,On or near Chestnut Road,E01034574,West Suffolk 018C,Violence and sexual offences,Unable to prosecute suspect,
a234d87d95d9a9b65bb1d9b06ab99b9c12967c2d24e70a44a129d0f43ef0112c,2026-03,Suffolk Constabulary,Suffolk Constabulary,0.517124,52.139408,On or near Chestnut Road,E01034574,West Suffolk 018C,Violence and sexual offences,Action to be taken by another organisation,
76974ca5c99c8a9129d67b19aed4feaaf79fdc3d531e76a374c436c8a71fb854,2026-03,Suffolk Constabulary,Suffolk Constabulary,0.517124,52.139408,On or near Chestnut Road,E01034574,West Suffolk 018C,Violence and sexual offences,Unable to prosecute suspect,
96ea4c8435e432b9c875dc461821a330a1c45919f566418aa1d344d56f437ebf,2026-03,Suffolk Constabulary,Suffolk Constabulary,0.517124,52.139408,On or near Chestnut Road,E01034574,West Suffolk 018C,Violence and sexual offences,Awaiting court outcome,
a5587467904047d72022f11009c7e8e8c470664925776e216e75be0ce6fbdda4,2026-03,Suffolk Constabulary,Suffolk Constabulary,0.517124,52.139408,On or near Chestnut Road,E01034574,West Suffolk 018C,Violence and sexual offences,Under investigation,
06d88b0ef7dea598c34758a48ea54b749a547f6ea31408e304e02b3f21c3fbcc,2026-03,Suffolk Constabulary,Suffolk Constabulary,0.517124,52.139408,On or near Chestnut Road,E01034574,West Suffolk 018C,Violence and sexual offences,Under investigation,
e164fc3fe68530500af57e6f5b0787d1ef0948805c2f4dacbf50017d54f73406,2026-03,Suffolk Constabulary,Suffolk Constabulary,0.517124,52.139408,On or near Chestnut Road,E01034574,West Suffolk 018C,Violence and sexual offences,Under investigation,
31fd800173c5cfa59e2a625e292ccfe07bb007ff559abcee77bcffae25eacba6,2026-03,Suffolk Constabulary,Suffolk Constabulary,0.517124,52.139408,On or near Chestnut Road,E01034574,West Suffolk 018C,Violence and sexual offences,Unable to prosecute suspect,
98c0ad41d035c0ae3baf766f7fac00a32551c335f203ddcc853d1848574236c0,2026-03,Suffolk Constabulary,Suffolk Constabulary,0.517124,52.139408,On or near Chestnut Road,E01034574,West Suffolk 018C,Other crime,Under investigation,
d2a4f4a49a1150523ffbc055964b4d5195c97a3b908ca1f8202c7e92ea7cd279,2026-03,Suffolk Constabulary,Suffolk Constabulary,0.422024,52.085494,On or near Stirling Drive,E01030109,West Suffolk 019A,Criminal damage and arson,Investigation complete; no suspect identified,
5792aba1f98e2bd7b86fd9cfe68784e890ed54f8d630157acedd2b863928aadb,2026-03,Suffolk Constabulary,Suffolk Constabulary,0.424685,52.085035,On or near Balmoral Drive,E01030109,West Suffolk 019A,Other theft,Unable to prosecute suspect,
195061a159d84181f4481fada0501b992312414205a6176c18106a76a0431f47,2026-03,Suffolk Constabulary,Suffolk Constabulary,0.423783,52.085368,On or near Downton Drive,E01030109,West Suffolk 019A,Other theft,Unable to prosecute suspect,
320a67bd0ca2cf7f5dc7ec2155672669ffdbb74bd68a00fdf6ffa63d30f2fbeb,2026-03,Suffolk Constabulary,Suffolk Constabulary,0.426514,52.084583,On or near Allington Walk,E01030109,West Suffolk 019A,Public order,Unable to prosecute suspect,
19f52ebf095784f7282b5aede06dc2b39fca4cc10379edcfd92731e4c82b0354,2026-03,Suffolk Constabulary,Suffolk Constabulary,0.430248,52.082123,On or near Overchurch Close,E01030109,West Suffolk 019A,Violence and sexual offences,Action to be taken by another organisation,
be302b9963953a49758e5a38ce453908ab14a895f82743148ae220e91b19b4bd,2026-03,Suffolk Constabulary,Suffolk Constabulary,0.430248,52.082123,On or near Overchurch Close,E01030109,West Suffolk 019A,Violence and sexual offences,Further investigation is not in the public interest,
398a6b920aa88373865dd32c2481aa5b60a0bdcd8f71bcf3df09e2fc9972ba57,2026-03,Suffolk Constabulary,Suffolk Constabulary,0.425428,52.081512,On or near Burton Close,E01030109,West Suffolk 019A,Violence and sexual offences,Under investigation,
1a2205e30d4d2a79bad97e58470a0d820abd6edbfb01c574f7f0572eb46e5888,2026-03,Suffolk Constabulary,Suffolk Constabulary,0.431722,52.092857,On or near Forest Glade,E01030110,West Suffolk 019B,Criminal damage and arson,Unable to prosecute suspect,
e9eb08dbb104eb154941e7bcefeca94f3a8f9b286f6589e7c22615ea72ca80af,2026-03,Suffolk Constabulary,Suffolk Constabulary,0.430441,52.094268,On or near Billings Close,E01030110,West Suffolk 019B,Criminal damage and arson,Investigation complete; no suspect identified,
c27c9ca596c3402c52bd4558adc91efe6332c1e88263de18e412898c307350c4,2026-03,Suffolk Constabulary,Suffolk Constabulary,0.431722,52.092857,On or near Forest Glade,E01030110,West Suffolk 019B,Criminal damage and arson,Investigation complete; no suspect identified,
934de2657a2eddbe9298e4792f6020b4d1ae282c2b7506a4a21a573a99eec387,2026-03,Suffolk Constabulary,Suffolk Constabulary,0.427966,52.089274,On or near Pleasant Close,E01030110,West Suffolk 019B,Criminal damage and arson,Investigation complete; no suspect identified,
86ccb8c78a73314379f095cc9dd7e60bd26ee2fb30f0ec9edafb665a986a1053,2026-03,Suffolk Constabulary,Suffolk Constabulary,0.431722,52.092857,On or near Forest Glade,E01030110,West Suffolk 019B,Criminal damage and arson,Unable to prosecute suspect,
ce57bddb10237ee06d23e277228f1093f80f32352ab3ad85749cec6be2fdf156,2026-03,Suffolk Constabulary,Suffolk Constabulary,0.424273,52.094665,On or near Colbeck Road,E01030110,West Suffolk 019B,Criminal damage and arson,Investigation complete; no suspect identified,
a26cbee46d9ed677651aec3cdf136d7679c7a6587a6d24799e4afa949cb45dbc,2026-03,Suffolk Constabulary,Suffolk Constabulary,0.431555,52.086817,On or near Chestnut Close,E01030110,West Suffolk 019B,Drugs,Awaiting court outcome,
eb204c2720c88f166ab5be9b44407c7c870f6abfe8897f4da4d8649942c2c716,2026-03,Suffolk Constabulary,Suffolk Constabulary,0.426513,52.088873,On or near Cambridge Way,E01030110,West Suffolk 019B,Other theft,Unable to prosecute suspect,
7c823c7e234824119ed97905aee1c08a443a84bc4c6de6d43b9ba1dd340dfcc3,2026-03,Suffolk Constabulary,Suffolk Constabulary,0.429681,52.088070,On or near Ash Grove,E01030110,West Suffolk 019B,Other theft,Under investigation,
15f5a2cb20eef31c0ade946601eb1cc74135b5ad0d3730ca2274cd82b1c90493,2026-03,Suffolk Constabulary,Suffolk Constabulary,0.431826,52.091812,On or near Carlton Close,E01030110,West Suffolk 019B,Other theft,Investigation complete; no suspect identified,
88d58cb850018107cff5ca5d6d6032d6185dc56b73da54b2a7f37afc60011c9b,2026-03,Suffolk Constabulary,Suffolk Constabulary,0.431555,52.086817,On or near Chestnut Close,E01030110,West Suffolk 019B,Public order,Unable to prosecute suspect,
3ca368d0aa43879ec1f64df60fe8625dd0979b8533402924c7faeead59ae162d,2026-03,Suffolk Constabulary,Suffolk Constabulary,0.429097,52.085645,On or near Broadcroft Crescent,E01030110,West Suffolk 019B,Public order,Unable to prosecute suspect,
7830015a266af35f1130e5dc3187f846de7f293bd64cbf59e04bdbc143d91b2c,2026-03,Suffolk Constabulary,Suffolk Constabulary,0.428698,52.092011,On or near James Dunn Way,E01030110,West Suffolk 019B,Vehicle crime,Unable to prosecute suspect,
bcf145f3ed22bd8d9319fd43fef37785635e22c80e86cfbba22c5416c0caf00c,2026-03,Suffolk Constabulary,Suffolk Constabulary,0.431722,52.092857,On or near Forest Glade,E01030110,West Suffolk 019B,Violence and sexual offences,Awaiting court outcome,
a16ce3c35583124e4466e66d402af0a7e7cbca2d7a1f098f0a864cf5647e11cd,2026-03,Suffolk Constabulary,Suffolk Constabulary,0.429667,52.086200,On or near Eastern Avenue,E01030110,West Suffolk 019B,Violence and sexual offences,Action to be taken by another organisation,
c279328a7c2dc9707a0c18fad6b10e776ca019fd38f0e78ea4c1e4c5ede08a4f,2026-03,Suffolk Constabulary,Suffolk Constabulary,0.431722,52.092857,On or near Forest Glade,E01030110,West Suffolk 019B,Violence and sexual offences,Unable to prosecute suspect,
fde13674cf30520fe0cd87c3d140f09327f4af17a104920a8467e714ae384bf4,2026-03,Suffolk Constabulary,Suffolk Constabulary,0.434185,52.082842,On or near Edmund Close,E01030110,West Suffolk 019B,Violence and sexual offences,Under investigation,
bf08e84c029d878e2a6cd6466646974a316b73102613a95f4595fbd13988a4d1,2026-03,Suffolk Constabulary,Suffolk Constabulary,0.427668,52.088894,On or near Western Avenue,E01030110,West Suffolk 019B,Violence and sexual offences,Action to be taken by another organisation,
c0750641c9a3791ce0a04dcb40173d180b6a6a0990fe834f440cdca19ebb3aac,2026-03,Suffolk Constabulary,Suffolk Constabulary,0.429667,52.086200,On or near Eastern Avenue,E01030110,West Suffolk 019B,Violence and sexual offences,Action to be taken by another organisation,
8406c2569aa5f03085ec909e2c27dd53eba7e107cd2aa0905e75ccd85e80a2e2,2026-03,Suffolk Constabulary,Suffolk Constabulary,0.427668,52.088894,On or near Western Avenue,E01030110,West Suffolk 019B,Violence and sexual offences,Action to be taken by another organisation,
68ae370c09ac277a2fa5468c0371fe94c2237dd14e762c987d7c33eab3b4cd5d,2026-03,Suffolk Constabulary,Suffolk Constabulary,0.434185,52.082842,On or near Edmund Close,E01030110,West Suffolk 019B,Violence and sexual offences,Unable to prosecute suspect,
7d9af34af200bc6b021fb52b475fdda3ccd814868687270a6f87857ff56d2cf5,2026-03,Suffolk Constabulary,Suffolk Constabulary,0.431722,52.092857,On or near Forest Glade,E01030110,West Suffolk 019B,Violence and sexual offences,Unable to prosecute suspect,
2df766982867ad08b674b7b614e80ca71d2ca2f92db915e0af597ddc502f6b47,2026-03,Suffolk Constabulary,Suffolk Constabulary,0.427767,52.094764,On or near Hales Barn Road,E01030110,West Suffolk 019B,Other crime,Under investigation,
,2026-03,Suffolk Constabulary,Suffolk Constabulary,0.439123,52.093100,On or near Copellis Close,E01030111,West Suffolk 019C,Anti-social behaviour,,
,2026-03,Suffolk Constabulary,Suffolk Constabulary,0.432989,52.090115,On or near Blackmore Close,E01030111,West Suffolk 019C,Anti-social behaviour,,
4e1e72f01d34f6095931627c511fd454fb10e784ddffa41790a24159972dcefb,2026-03,Suffolk Constabulary,Suffolk Constabulary,0.439123,52.093100,On or near Copellis Close,E01030111,West Suffolk 019C,Criminal damage and arson,Unable to prosecute suspect,
1d0a67fe6f8142db9005781a60dc7aef69bd056f290f8cbfc4b0d57921a8e04c,2026-03,Suffolk Constabulary,Suffolk Constabulary,0.431095,52.091782,On or near Trundley Close,E01030111,West Suffolk 019C,Criminal damage and arson,Investigation complete; no suspect identified,
b543501634564f7ce56171f115d8a52bf2da23790f8f86df1fd7dc7d9bc4680a,2026-03,Suffolk Constabulary,Suffolk Constabulary,0.432989,52.090115,On or near Blackmore Close,E01030111,West Suffolk 019C,Criminal damage and arson,Investigation complete; no suspect identified,
e72bb4f86a07ef16cc233d7fb591a59dafbf2a0ac734c7084741e880b8e8a46c,2026-03,Suffolk Constabulary,Suffolk Constabulary,0.439123,52.093100,On or near Copellis Close,E01030111,West Suffolk 019C,Criminal damage and arson,Investigation complete; no suspect identified,
e4ab847b0043d05a9031ae82c759400a87c6c31abbca89ae6a842216056e05d8,2026-03,Suffolk Constabulary,Suffolk Constabulary,0.440476,52.092748,On or near Rowell Close,E01030111,West Suffolk 019C,Public order,Local resolution,
9823f0481c1266a3bdd3f50496b360f14c022589eaf2b057eb9b8ca4bdc054ce,2026-03,Suffolk Constabulary,Suffolk Constabulary,0.440476,52.092748,On or near Rowell Close,E01030111,West Suffolk 019C,Violence and sexual offences,Unable to prosecute suspect,
e6a6d435130f80c0c434bba26dbdca6621b21d9d38f93a474721132f0f4c1533,2026-03,Suffolk Constabulary,Suffolk Constabulary,0.440476,52.092748,On or near Rowell Close,E01030111,West Suffolk 019C,Violence and sexual offences,Local resolution,
58bfed14aff2f3e3d21f331288f4238aa7a12238cb933f5da8b630db5e5a5e20,2026-03,Suffolk Constabulary,Suffolk Constabulary,0.439123,52.093100,On or near Copellis Close,E01030111,West Suffolk 019C,Violence and sexual offences,Investigation complete; no suspect identified,
a32cf4f7419edc6f936e6ea11535a692f1f432d81cce7b0db0d568eed86401fa,2026-03,Suffolk Constabulary,Suffolk Constabulary,0.439123,52.093100,On or near Copellis Close,E01030111,West Suffolk 019C,Violence and sexual offences,Unable to prosecute suspect,
988fff8881f9aaae5896d9ddae0b3dca5051845a25c3bc7f51083cb2dd472666,2026-03,Suffolk Constabulary,Suffolk Constabulary,0.439123,52.093100,On or near Copellis Close,E01030111,West Suffolk 019C,Violence and sexual offences,Under investigation,
e0c9c51c4550c90414df1093837eda39d5d21b4d680ad4fbbf4fe125b899ce38,2026-03,Suffolk Constabulary,Suffolk Constabulary,0.434590,52.090019,On or near Friar Close,E01030111,West Suffolk 019C,Violence and sexual offences,Under investigation,
f22cc4bedf6d3374fbb0fb4ce7268c8f67c565184db21de589b6fe98f85b0411,2026-03,Suffolk Constabulary,Suffolk Constabulary,0.430454,52.091282,On or near Foxburrow Close,E01030111,West Suffolk 019C,Violence and sexual offences,Local resolution,
913f8d43232b031a8ecbc7f3b988be58ea8b9133135292adbd0d3d9740c9697a,2026-03,Suffolk Constabulary,Suffolk Constabulary,0.437140,52.084031,On or near Queen Street,E01030112,West Suffolk 019D,Burglary,Under investigation,
92009329bcf6a6407199c5e70025378af0b07f4b9953f3e43a1f49cf9e9c8abd,2026-03,Suffolk Constabulary,Suffolk Constabulary,0.446857,52.091959,On or near Haverhill Road,E01030112,West Suffolk 019D,Other theft,Under investigation,
56216489e24d804a029adab2e793d39470d7bf53fbca9f04d43665f56cd0ccbe,2026-03,Suffolk Constabulary,Suffolk Constabulary,0.436546,52.089214,On or near Canon Close,E01030112,West Suffolk 019D,Other theft,Investigation complete; no suspect identified,
318ecde49cbf5c69b4715683445c63a7faf0081243d6682b574ae48b6fcc9c23,2026-03,Suffolk Constabulary,Suffolk Constabulary,0.435812,52.084041,On or near Francis Close,E01030112,West Suffolk 019D,Possession of weapons,Unable to prosecute suspect,
c43ccd58e6d9f2f38003b50bf7405cb263e540c8b85b844f186298de75ebd88a,2026-03,Suffolk Constabulary,Suffolk Constabulary,0.438427,52.083555,On or near Murton Slade,E01030112,West Suffolk 019D,Public order,Investigation complete; no suspect identified,
17629249700d915fbfc0352eabd7991cd87f2898af240b9aac3afe2f7c52becd,2026-03,Suffolk Constabulary,Suffolk Constabulary,0.441056,52.087853,On or near Wratting Road,E01030112,West Suffolk 019D,Public order,Investigation complete; no suspect identified,
af8110d0a8eef7a6c039c50f7e9de440e6b28a59127492123cdecfcbff2272ee,2026-03,Suffolk Constabulary,Suffolk Constabulary,0.437140,52.084031,On or near Queen Street,E01030112,West Suffolk 019D,Violence and sexual offences,Unable to prosecute suspect,
45a52978b5c80d63b183fb745d0de5fe39844ea4813c6cf38e50041bb3546e73,2026-03,Suffolk Constabulary,Suffolk Constabulary,0.436426,52.083785,On or near Lower Downs Slade,E01030112,West Suffolk 019D,Violence and sexual offences,Unable to prosecute suspect,
43f0a091f0f92902841482c8d24d5eac098e48108267875db912837a27bff567,2026-03,Suffolk Constabulary,Suffolk Constabulary,0.435581,52.085970,On or near Broad Street,E01030112,West Suffolk 019D,Other crime,Further investigation is not in the public interest,
f995217cf0b7d47f21a2c90736637c1017f5f75ea7ffd4c62c47bd620a6f734e,2026-03,Suffolk Constabulary,Suffolk Constabulary,0.439212,52.090184,On or near Abbotts Road,E01030112,West Suffolk 019D,Other crime,Further investigation is not in the public interest,
eba29de5537190730fe89322fe2a211947ac109ad8985f63867327345b84e84b,2026-03,Suffolk Constabulary,Suffolk Constabulary,0.442559,52.081167,On or near Waveney Terrace,E01030105,West Suffolk 020A,Criminal damage and arson,Investigation complete; no suspect identified,
6bb87932ce9b4a1d81e7fbf53d13b1756ed32bbb0708a462e842d79c5fb01ac2,2026-03,Suffolk Constabulary,Suffolk Constabulary,0.441957,52.080829,On or near Eden Road,E01030105,West Suffolk 020A,Drugs,Unable to prosecute suspect,
d6ab5a21b8f41184d6300bcbfc2a1fba90804d682388170b9dbe176a6f66bf8a,2026-03,Suffolk Constabulary,Suffolk Constabulary,0.442559,52.081167,On or near Waveney Terrace,E01030105,West Suffolk 020A,Other theft,Investigation complete; no suspect identified,
14416d4e66c4a733ba2aaf64023924d9d8339959f2b93ccb5da93c961cc8880e,2026-03,Suffolk Constabulary,Suffolk Constabulary,0.442559,52.081167,On or near Waveney Terrace,E01030105,West Suffolk 020A,Public order,Awaiting court outcome,
98ec3bac76040476b04d8259e5c3b7df821516ede715b02527c6bb241a40876e,2026-03,Suffolk Constabulary,Suffolk Constabulary,0.442559,52.081167,On or near Waveney Terrace,E01030105,West Suffolk 020A,Public order,Awaiting court outcome,
5d5eb2e2abc7ff790829c90232981eac80fdb3f0131091c4449876112c453226,2026-03,Suffolk Constabulary,Suffolk Constabulary,0.441957,52.080829,On or near Eden Road,E01030105,West Suffolk 020A,Public order,Unable to prosecute suspect,
053f2d2ab22d23c7be3467966563dedf46409592f2d56aea646db2c22e3a1437,2026-03,Suffolk Constabulary,Suffolk Constabulary,0.442559,52.081167,On or near Waveney Terrace,E01030105,West Suffolk 020A,Public order,Unable to prosecute suspect,
0926d13e3b499e914dd386280c32a5040397cc8a1b1c36ecde42c20750af9224,2026-03,Suffolk Constabulary,Suffolk Constabulary,0.447914,52.081937,On or near Girton Road,E01030105,West Suffolk 020A,Vehicle crime,Investigation complete; no suspect identified,
a288afac02276242ea1a5d9d4b24349b2a2e583a8de08a03dd94986c19502cef,2026-03,Suffolk Constabulary,Suffolk Constabulary,0.442559,52.081167,On or near Waveney Terrace,E01030105,West Suffolk 020A,Violence and sexual offences,Unable to prosecute suspect,
9e4f64ab3c2e3f178bdebc836814b5929f3d713413254dba716ef25766530974,2026-03,Suffolk Constabulary,Suffolk Constabulary,0.447914,52.081937,On or near Girton Road,E01030105,West Suffolk 020A,Violence and sexual offences,Unable to prosecute suspect,
d8fb9c88529dcd122e6cd907b040e03dd7aef4e92523dda770d193dd1f12b869,2026-03,Suffolk Constabulary,Suffolk Constabulary,0.450390,52.082641,On or near Sandpiper Close,E01030105,West Suffolk 020A,Violence and sexual offences,Unable to prosecute suspect,
0b79a82b748abee8ab154196f337efaced8913e45e7247849fe24e6e7353e490,2026-03,Suffolk Constabulary,Suffolk Constabulary,0.448663,52.082821,On or near Millfields Way,E01030105,West Suffolk 020A,Violence and sexual offences,Unable to prosecute suspect,
,2026-03,Suffolk Constabulary,Suffolk Constabulary,0.447793,52.077782,On or near Shopping Area,E01030106,West Suffolk 020B,Anti-social behaviour,,
,2026-03,Suffolk Constabulary,Suffolk Constabulary,0.447793,52.077782,On or near Shopping Area,E01030106,West Suffolk 020B,Anti-social behaviour,,
7747341382f2648433520931f5a5a44d5f7584307f79eaf79ab25b902fcd3a53,2026-03,Suffolk Constabulary,Suffolk Constabulary,0.449680,52.081658,On or near Pentlow Hawke Close,E01030106,West Suffolk 020B,Criminal damage and arson,Unable to prosecute suspect,
050f6c45acad5d050c0c0cbd06176f87df39c5c3f9992b3769d667ad9531a0ef,2026-03,Suffolk Constabulary,Suffolk Constabulary,0.456293,52.083274,On or near Green Road,E01030106,West Suffolk 020B,Criminal damage and arson,Investigation complete; no suspect identified,
47ba870b9dfaa6b921cb72d66356522e49d3d8fce1e9ac247e086b096d79ca2d,2026-03,Suffolk Constabulary,Suffolk Constabulary,0.454438,52.080057,On or near Robin Close,E01030106,West Suffolk 020B,Drugs,Awaiting court outcome,
d5ad93766e865653a5a75dba2e50d012e432756d9dbd73086ae7476efa0e49d5,2026-03,Suffolk Constabulary,Suffolk Constabulary,0.451567,52.075890,On or near Coupals Close,E01030106,West Suffolk 020B,Other theft,Investigation complete; no suspect identified,
570b7cc006f7ed8000ef585a3135721df41494337cb2e774a91aeb735fd4fc7c,2026-03,Suffolk Constabulary,Suffolk Constabulary,0.447010,52.079016,On or near Petrol Station,E01030106,West Suffolk 020B,Other theft,Investigation complete; no suspect identified,
74bf4b40dc5b7133beb19c1885718b99fe59c9b92ad395b96a1d08858b7a278f,2026-03,Suffolk Constabulary,Suffolk Constabulary,0.452188,52.082955,On or near Gannet Close,E01030106,West Suffolk 020B,Possession of weapons,Unable to prosecute suspect,
58db85bb982bef60e91a79a8219a9b62befa7fd193164ba6099cc4511bf5dd90,2026-03,Suffolk Constabulary,Suffolk Constabulary,0.447793,52.077782,On or near Shopping Area,E01030106,West Suffolk 020B,Possession of weapons,Investigation complete; no suspect identified,
ecc037fc0633fa99d672f2843e8ec9faa9c3cce9396b7178c1b04b87031b8ff4,2026-03,Suffolk Constabulary,Suffolk Constabulary,0.452188,52.082955,On or near Gannet Close,E01030106,West Suffolk 020B,Public order,Unable to prosecute suspect,
38dd7b4602112c73f9127a51f3e0421e1d76fadc272ba5b6886bb27ad5ea9d7c,2026-03,Suffolk Constabulary,Suffolk Constabulary,0.452550,52.075178,On or near Petrol Station,E01030106,West Suffolk 020B,Shoplifting,Investigation complete; no suspect identified,
348e2279e65dc28d3d1f3e1fde5a0265d849ccf674c6b56752d9251a2c67892d,2026-03,Suffolk Constabulary,Suffolk Constabulary,0.447964,52.086307,On or near Parking Area,E01030106,West Suffolk 020B,Violence and sexual offences,Unable to prosecute suspect,
4382169c3ab55700a38ab44fde436e3770cbb85caeafa3caa9bb967f67d87743,2026-03,Suffolk Constabulary,Suffolk Constabulary,0.453135,52.081056,On or near Rosefinch Close,E01030106,West Suffolk 020B,Violence and sexual offences,Action to be taken by another organisation,
6bdf279743f5dff896266c4b518f8a46507537673f96f7bff281698571547134,2026-03,Suffolk Constabulary,Suffolk Constabulary,0.454765,52.077775,On or near Pipers Close,E01030106,West Suffolk 020B,Violence and sexual offences,Under investigation,
194f0fc4137b3e044b7ccac7dba9599bad597ef78e269a0ffe4bc2add51f93fb,2026-03,Suffolk Constabulary,Suffolk Constabulary,0.450449,52.080788,On or near Mustards Gapp,E01030106,West Suffolk 020B,Violence and sexual offences,Investigation complete; no suspect identified,
b18fa739bc1fa5f15da89eff1edcfc588b62849c9cbceec89e2a5da14864992c,2026-03,Suffolk Constabulary,Suffolk Constabulary,0.454765,52.077775,On or near Pipers Close,E01030106,West Suffolk 020B,Violence and sexual offences,Unable to prosecute suspect,
0f629ec14a648f28c6215a2d6ba40c2fedcbc659cd9b1de489ffe1726bcfb2df,2026-03,Suffolk Constabulary,Suffolk Constabulary,0.453135,52.081056,On or near Rosefinch Close,E01030106,West Suffolk 020B,Violence and sexual offences,Action to be taken by another organisation,
848f9c9a76476bfde45d16465798bbc3f2089cb6d0a714cae76dd40ad31629b3,2026-03,Suffolk Constabulary,Suffolk Constabulary,0.454765,52.077775,On or near Pipers Close,E01030106,West Suffolk 020B,Violence and sexual offences,Under investigation,
37f3b416e546f0e6178bc82b8cd9100b14fe1004b2b49781b4d7cc136beaeb1b,2026-03,Suffolk Constabulary,Suffolk Constabulary,0.453211,52.082439,On or near Kingfisher Close,E01030106,West Suffolk 020B,Violence and sexual offences,Unable to prosecute suspect,
f3b8183e686cf618a6265da462bfbc3e929aec45d56e963131010a2ad3adcc38,2026-03,Suffolk Constabulary,Suffolk Constabulary,0.451567,52.075890,On or near Coupals Close,E01030106,West Suffolk 020B,Violence and sexual offences,Unable to prosecute suspect,
1adb52c8b7f735c25643f706b8c36bf8a6189033080f558fca566d81b246ac3f,2026-03,Suffolk Constabulary,Suffolk Constabulary,0.447964,52.086307,On or near Parking Area,E01030106,West Suffolk 020B,Violence and sexual offences,Action to be taken by another organisation,
ebc6bb2b61e59d83bcbf749c8a500c88daf42cd044106f94825755a90388c564,2026-03,Suffolk Constabulary,Suffolk Constabulary,0.453135,52.081056,On or near Rosefinch Close,E01030106,West Suffolk 020B,Violence and sexual offences,Unable to prosecute suspect,
e53910e7ab36b96773b1a5814b41344e7ea17fdf3e0a3fbb8b482fb6a79f40c0,2026-03,Suffolk Constabulary,Suffolk Constabulary,0.459642,52.079688,On or near Shannon Close,E01030107,West Suffolk 020C,Bicycle theft,Investigation complete; no suspect identified,
9fe3c2fdbc7433c39e9374aa5c5420fa6e2bb3a313b7ce0a2ef19ae36ade6626,2026-03,Suffolk Constabulary,Suffolk Constabulary,0.457740,52.081715,On or near Shetland Road,E01030107,West Suffolk 020C,Vehicle crime,Investigation complete; no suspect identified,
4d8ffeb89ef02af5f5428ebdfecca0420b900af82ed22c3513a73c65b1b86c74,2026-03,Suffolk Constabulary,Suffolk Constabulary,0.456252,52.080946,On or near Redshank Close,E01030107,West Suffolk 020C,Violence and sexual offences,Unable to prosecute suspect,
94f22bbb28314e2b0095fab55349e8be740075e6f1b3f3333ca2cf754ba31161,2026-03,Suffolk Constabulary,Suffolk Constabulary,0.462401,52.077841,On or near Tiberius Close,E01030107,West Suffolk 020C,Violence and sexual offences,Under investigation,
3e71e870d7d5b3dfbc82dd87c8efe1259fce8a5973a92b11800568914f90d910,2026-03,Suffolk Constabulary,Suffolk Constabulary,0.457236,52.079720,On or near Stockley Close,E01030107,West Suffolk 020C,Violence and sexual offences,Investigation complete; no suspect identified,
48ca468f9932232a9135191d26db3e780d1369250f985369f7fe4203a2f8a8fb,2026-03,Suffolk Constabulary,Suffolk Constabulary,0.457236,52.079720,On or near Stockley Close,E01030107,West Suffolk 020C,Violence and sexual offences,Action to be taken by another organisation,
32770fd2c7b3386f1cdee4fc24b44634fa327eb25364eedd73976cd787e72986,2026-03,Suffolk Constabulary,Suffolk Constabulary,0.457236,52.079720,On or near Stockley Close,E01030107,West Suffolk 020C,Violence and sexual offences,Action to be taken by another organisation,
8fa8d7372a93353fe83dcc29faee24039a63e4f870029d24ad02e65a0bdac8d8,2026-03,Suffolk Constabulary,Suffolk Constabulary,0.459729,52.080459,On or near Rockall Close,E01030107,West Suffolk 020C,Violence and sexual offences,Awaiting court outcome,
9b70f060f238f5b1e1e36b6c1729eadbc2186f80ba9a144e399ec5f0fdd10cf9,2026-03,Suffolk Constabulary,Suffolk Constabulary,0.443815,52.084127,On or near Ingham Road,E01030108,West Suffolk 020D,Criminal damage and arson,Unable to prosecute suspect,
35d26c403a1adff73270e2deb55f271cb48cf45c0ffecf26324736b343926d56,2026-03,Suffolk Constabulary,Suffolk Constabulary,0.443172,52.087584,On or near Alde Road,E01030108,West Suffolk 020D,Public order,Investigation complete; no suspect identified,
3388bfbf16b63d86f7bda331e469367b61100cd7ac957dde6be9f50392ffccdc,2026-03,Suffolk Constabulary,Suffolk Constabulary,0.439548,52.085645,On or near Yeldham Place,E01030108,West Suffolk 020D,Shoplifting,Awaiting court outcome,
fe4ba5fb9e5f25d4a293d98e97dc97b358a826b6e78bf3b0bda59d9c0dbd056b,2026-03,Suffolk Constabulary,Suffolk Constabulary,0.441156,52.086214,On or near Wortham Place,E01030108,West Suffolk 020D,Vehicle crime,Investigation complete; no suspect identified,
8df66e05d886c91930349428724121210695e6dd1d2fda0352990dfd096685cd,2026-03,Suffolk Constabulary,Suffolk Constabulary,0.446474,52.090034,On or near Blenheim Close,E01030108,West Suffolk 020D,Violence and sexual offences,Unable to prosecute suspect,
0ad24fdfa295ca5c47cf735125d28aa3d4036fd23007f64af015e8cbbb1d399a,2026-03,Suffolk Constabulary,Suffolk Constabulary,0.446474,52.090034,On or near Blenheim Close,E01030108,West Suffolk 020D,Violence and sexual offences,Unable to prosecute suspect,
b014a5df5610dc4007ecabd6540fbfc9d04062c1c8e0104b044da74d43785bb6,2026-03,Suffolk Constabulary,Suffolk Constabulary,0.443172,52.087584,On or near Alde Road,E01030108,West Suffolk 020D,Violence and sexual offences,Unable to prosecute suspect,
462ab5e1d8aeae5d4bfd791eee1e0f3912221b40e41229233b81d5d5088a377a,2026-03,Suffolk Constabulary,Suffolk Constabulary,0.446474,52.090034,On or near Blenheim Close,E01030108,West Suffolk 020D,Violence and sexual offences,Unable to prosecute suspect,
46e3c729a352167fbb21be76fa216388a278f8bad4bf4a636d6f49c3bee21c52,2026-03,Suffolk Constabulary,Suffolk Constabulary,0.446474,52.090034,On or near Blenheim Close,E01030108,West Suffolk 020D,Violence and sexual offences,Unable to prosecute suspect,
5118534cd7985d996df61b8cfba8003671ebea9a0801e65e49b811b195b53324,2026-03,Suffolk Constabulary,Suffolk Constabulary,0.446474,52.090034,On or near Blenheim Close,E01030108,West Suffolk 020D,Violence and sexual offences,Unable to prosecute suspect,
9cdbe6cff0bacbb124128c94e99dcde9acf0193eca4713aa5d9847742bee14e6,2026-03,Suffolk Constabulary,Suffolk Constabulary,0.446474,52.090034,On or near Blenheim Close,E01030108,West Suffolk 020D,Violence and sexual offences,Unable to prosecute suspect,
32d7a5598a22241f1205e5a873b147673e19f2028af185b1228e299039debab6,2026-03,Suffolk Constabulary,Suffolk Constabulary,0.443815,52.084127,On or near Ingham Road,E01030108,West Suffolk 020D,Violence and sexual offences,Under investigation,
49353acf6248898fbd8bcd3b34e0c454e621b6396d512d21fa1c2852db289d14,2026-03,Suffolk Constabulary,Suffolk Constabulary,0.443815,52.084127,On or near Ingham Road,E01030108,West Suffolk 020D,Violence and sexual offences,Under investigation,
6f083eedba0d817d9870e55b944f42601d3443e1632cb27981cd29f6407aee02,2026-03,Suffolk Constabulary,Suffolk Constabulary,0.444367,52.084610,On or near Parking Area,E01030108,West Suffolk 020D,Violence and sexual offences,Unable to prosecute suspect,
607972a9a5f715c973f1fec451dd58762660b958b1476a368310561471a90802,2026-03,Suffolk Constabulary,Suffolk Constabulary,0.444367,52.084610,On or near Parking Area,E01030108,West Suffolk 020D,Violence and sexual offences,Under investigation,
cb5e53cee9e48e22ba49f0f246cb9c3e163ad9ebdaf3793de4c156b6f520ecd6,2026-03,Suffolk Constabulary,Suffolk Constabulary,0.446474,52.090034,On or near Blenheim Close,E01030108,West Suffolk 020D,Other crime,Further investigation is not in the public interest,
a2acfce713ad019961dece3d8ef252ef903e3322ad4aca7b242b206197d7a020,2026-03,Suffolk Constabulary,Suffolk Constabulary,0.446474,52.090034,On or near Blenheim Close,E01030108,West Suffolk 020D,Other crime,Unable to prosecute suspect,
,2026-03,Suffolk Constabulary,Suffolk Constabulary,0.439874,52.082788,On or near Parking Area,E01030113,West Suffolk 020E,Anti-social behaviour,,
70f1b78cb990f24867d6d5babe10db11b1c932474d1b68f93819d64c69bb8302,2026-03,Suffolk Constabulary,Suffolk Constabulary,0.439874,52.082788,On or near Parking Area,E01030113,West Suffolk 020E,Burglary,Investigation complete; no suspect identified,
627c74fe39b219893b35368eded5211a8cdffd7d382fb8842a22dacda6934c1e,2026-03,Suffolk Constabulary,Suffolk Constabulary,0.444056,52.076514,On or near Thompson Close,E01030113,West Suffolk 020E,Burglary,Investigation complete; no suspect identified,
7f18f7247be90c4e765f6ee2ba16d3ef2711158c2f69cf6768c8f3b5984628b1,2026-03,Suffolk Constabulary,Suffolk Constabulary,0.441848,52.075634,On or near Hollands Road,E01030113,West Suffolk 020E,Burglary,Investigation complete; no suspect identified,
13a2271b6904a6ed26314e3b11ca8117b45bdc2f1685efeb7e012949ae4b5aba,2026-03,Suffolk Constabulary,Suffolk Constabulary,0.440516,52.081174,On or near High Street,E01030113,West Suffolk 020E,Burglary,Investigation complete; no suspect identified,
fd0ea2ef633a405ec37ec815df0c1d904ed85852941e8c9b618e5616b82843fe,2026-03,Suffolk Constabulary,Suffolk Constabulary,0.439874,52.082788,On or near Parking Area,E01030113,West Suffolk 020E,Burglary,Investigation complete; no suspect identified,
4bca0688073b4a57bee0d4ef73d7b242c69d6abdac57a7dbbf03bffe353bf308,2026-03,Suffolk Constabulary,Suffolk Constabulary,0.445374,52.077116,On or near Croft Lane,E01030113,West Suffolk 020E,Criminal damage and arson,Under investigation,
879fa30486bd471e126b5d6952bf0d245d71dd76aeaad89bc1a4071b6d5ee6ea,2026-03,Suffolk Constabulary,Suffolk Constabulary,0.440443,52.080105,On or near Parking Area,E01030113,West Suffolk 020E,Criminal damage and arson,Unable to prosecute suspect,
bbf11123e3b6626789d220332ffaf4fcf705720c0167ce5d056e5999e137b305,2026-03,Suffolk Constabulary,Suffolk Constabulary,0.445374,52.077116,On or near Croft Lane,E01030113,West Suffolk 020E,Other theft,Investigation complete; no suspect identified,
c03e394bbdd51bded29de54f66a7d21c808a723f359b26f7452c89917750514d,2026-03,Suffolk Constabulary,Suffolk Constabulary,0.438487,52.080092,On or near Helions Park Avenue,E01030113,West Suffolk 020E,Other theft,Investigation complete; no suspect identified,
8f8d1e905673df45a0b4c00da4489496d77efa2c3acc588cec445db06f7b81f0,2026-03,Suffolk Constabulary,Suffolk Constabulary,0.439874,52.082788,On or near Parking Area,E01030113,West Suffolk 020E,Possession of weapons,Unable to prosecute suspect,
4420b1eb253567971e6af138bd98c152bd9099484db7080fd967f14f43af9fa8,2026-03,Suffolk Constabulary,Suffolk Constabulary,0.438447,52.082844,On or near Market Hill,E01030113,West Suffolk 020E,Public order,Unable to prosecute suspect,
cd0854cd7402a3f85fe6563cc74372fd6881e59532a911b68c071e7bdf798b99,2026-03,Suffolk Constabulary,Suffolk Constabulary,0.436760,52.081620,On or near Mill Road,E01030113,West Suffolk 020E,Shoplifting,Investigation complete; no suspect identified,
0f5c5e1b01730a8477e9abd7e25829e3cae9567e50ccb1b4664a1b642c58351b,2026-03,Suffolk Constabulary,Suffolk Constabulary,0.440516,52.081174,On or near High Street,E01030113,West Suffolk 020E,Shoplifting,Investigation complete; no suspect identified,
194492792659c948dcc2397ec5d175230ea9d540ca44d1981a3c096e283eb07b,2026-03,Suffolk Constabulary,Suffolk Constabulary,0.438447,52.082844,On or near Market Hill,E01030113,West Suffolk 020E,Shoplifting,Investigation complete; no suspect identified,
08df4269e2f993287c4988283560eed2f541454bb95eef99a5fc2d53097e6ae8,2026-03,Suffolk Constabulary,Suffolk Constabulary,0.438447,52.082844,On or near Market Hill,E01030113,West Suffolk 020E,Shoplifting,Unable to prosecute suspect,
e262d678f1eceff1eca0e38c5bb98ca10c3501fc75e3ff78d6a915798e2e9e45,2026-03,Suffolk Constabulary,Suffolk Constabulary,0.438447,52.082844,On or near Market Hill,E01030113,West Suffolk 020E,Shoplifting,Investigation complete; no suspect identified,
b2e50fda7111f4cc2b9994abc08683087a0439ebc5e1f90d97442bbfa89ceaa2,2026-03,Suffolk Constabulary,Suffolk Constabulary,0.447075,52.074869,On or near Beaumont Vale,E01030113,West Suffolk 020E,Vehicle crime,Investigation complete; no suspect identified,
d847cde83d95961a408d59b8ad7d34262d446532546cdccf2718ed72228d8f00,2026-03,Suffolk Constabulary,Suffolk Constabulary,0.438447,52.082844,On or near Market Hill,E01030113,West Suffolk 020E,Violence and sexual offences,Unable to prosecute suspect,
fbb58b032ca4caa961ecec117452880e00ee64b75678c9c975567efc49bfeff1,2026-03,Suffolk Constabulary,Suffolk Constabulary,0.440199,52.079903,On or near Helions Walk,E01030113,West Suffolk 020E,Violence and sexual offences,Unable to prosecute suspect,
0ce9ee1372f3a5ce329377a033c37a3f6e94f3d110d5dbff1137c9c59b463733,2026-03,Suffolk Constabulary,Suffolk Constabulary,0.435028,52.082519,On or near Camps Road,E01030113,West Suffolk 020E,Violence and sexual offences,Unable to prosecute suspect,
832eb01545cbc8e4800e73aab50e6fe88170066839f28b23840ffac3ce1fe869,2026-03,Suffolk Constabulary,Suffolk Constabulary,0.438447,52.082844,On or near Market Hill,E01030113,West Suffolk 020E,Other crime,Unable to prosecute suspect,
,2026-03,Suffolk Constabulary,Suffolk Constabulary,0.428721,52.077919,On or near Gloucester Road,E01030114,West Suffolk 020F,Anti-social behaviour,,
,2026-03,Suffolk Constabulary,Suffolk Constabulary,0.427796,52.076203,On or near Norton Road,E01030114,West Suffolk 020F,Anti-social behaviour,,
2742e614c0551df8cc2bcd766bd9dd6004e7c9f2996e80b3fff65082cff183d4,2026-03,Suffolk Constabulary,Suffolk Constabulary,0.430520,52.076371,On or near Orford Road,E01030114,West Suffolk 020F,Criminal damage and arson,Under investigation,
9efd14223f6e95eafb8f6398ee15b625dad2338695c8990578a8c652031ffc81,2026-03,Suffolk Constabulary,Suffolk Constabulary,0.425786,52.077620,On or near Holbrook Road,E01030114,West Suffolk 020F,Criminal damage and arson,Investigation complete; no suspect identified,
d595b5f2067f4dbfe0e8dfc96654c2484de60a82d9e322e60eb693c5e64aef9b,2026-03,Suffolk Constabulary,Suffolk Constabulary,0.429685,52.071209,On or near A1017,E01030114,West Suffolk 020F,Drugs,Unable to prosecute suspect,
88dbedb7e1209a83c5a9bd3c4d5ab931b208f8a8ce0a3e297479676232297e5c,2026-03,Suffolk Constabulary,Suffolk Constabulary,0.425786,52.077620,On or near Holbrook Road,E01030114,West Suffolk 020F,Other theft,Unable to prosecute suspect,
5d9fa53ba1636f79c6c5fe301c36e3fa589550998fed4885d3455dfe339f4fcf,2026-03,Suffolk Constabulary,Suffolk Constabulary,0.430520,52.076371,On or near Orford Road,E01030114,West Suffolk 020F,Other theft,Investigation complete; no suspect identified,
fce425f5eb0f7e13d205d0b8ca63bddabd0d5160f22a0d5012cf96666e049c8d,2026-03,Suffolk Constabulary,Suffolk Constabulary,0.427212,52.077537,On or near Buckingham Road,E01030114,West Suffolk 020F,Other theft,Investigation complete; no suspect identified,
49bdcd3bf54f1f8f2599f4d4352a1761022dff695c53e8e76c5c2e329b23b7b6,2026-03,Suffolk Constabulary,Suffolk Constabulary,0.429685,52.071209,On or near A1017,E01030114,West Suffolk 020F,Possession of weapons,Unable to prosecute suspect,
7baa968afde32aa383bf28174827c549fe39c85596a1b219cda44e7d435908f9,2026-03,Suffolk Constabulary,Suffolk Constabulary,0.424028,52.078304,On or near Ixworth Road,E01030114,West Suffolk 020F,Public order,Unable to prosecute suspect,
3de7d8040bdeec8d22eebda311e2829a5b5c9d596d1d52ad74e8f84920ae44da,2026-03,Suffolk Constabulary,Suffolk Constabulary,0.430193,52.077871,On or near Clarendon Road,E01030114,West Suffolk 020F,Violence and sexual offences,Unable to prosecute suspect,
e901a0b049d8dc58468d3470b8c526fd08ee4757712a6a54f29abf9dad796226,2026-03,Suffolk Constabulary,Suffolk Constabulary,0.430520,52.076371,On or near Orford Road,E01030114,West Suffolk 020F,Violence and sexual offences,Unable to prosecute suspect,
7a18abec1926e3442696588518b5ca7ce2ef9d9a0187036f2ca4c6da465823a2,2026-03,Suffolk Constabulary,Suffolk Constabulary,0.430193,52.077871,On or near Clarendon Road,E01030114,West Suffolk 020F,Violence and sexual offences,Under investigation,
895510c960daf8d5683fb48ab6cf342277fd1406d03d55b6c2a9ef68c80a4cae,2026-03,Suffolk Constabulary,Suffolk Constabulary,0.429685,52.071209,On or near A1017,E01030114,West Suffolk 020F,Violence and sexual offences,Unable to prosecute suspect,
4e60e885aee9c4ddcd4f2ac671303d325e3ebffd7a81e19cb2406ecf78667a89,2026-03,Suffolk Constabulary,Suffolk Constabulary,0.424028,52.078304,On or near Ixworth Road,E01030114,West Suffolk 020F,Violence and sexual offences,Unable to prosecute suspect,
532b9333e516451bfda13c052a2997511b713e3c59910c049782cc475c66e7a8,2026-03,Suffolk Constabulary,Suffolk Constabulary,0.425786,52.077620,On or near Holbrook Road,E01030114,West Suffolk 020F,Violence and sexual offences,Unable to prosecute suspect,
90b643a00fab89f251b66d0a211e451c5dc8cd98bd25d353b45e57c2a3b8f8bc,2026-03,Suffolk Constabulary,Suffolk Constabulary,0.430193,52.077871,On or near Clarendon Road,E01030114,West Suffolk 020F,Other crime,Unable to prosecute suspect,
a0a4254782857169b629088979e2a5eda5eb4a7121fa40d4793b16c38f18a279,2026-03,Suffolk Constabulary,Suffolk Constabulary,0.430193,52.077871,On or near Clarendon Road,E01030114,West Suffolk 020F,Other crime,Under investigation,
,2026-03,Suffolk Constabulary,Suffolk Constabulary,0.429351,52.080649,On or near Primrose Hill,E01030115,West Suffolk 021A,Anti-social behaviour,,
,2026-03,Suffolk Constabulary,Suffolk Constabulary,0.425518,52.080206,On or near Shaftesbury Court,E01030115,West Suffolk 021A,Anti-social behaviour,,
8685105ba100ef43d403192f8d41016ece2393aaf553860ecc888dcff02e0953,2026-03,Suffolk Constabulary,Suffolk Constabulary,0.427329,52.080241,On or near Harrow Road,E01030115,West Suffolk 021A,Criminal damage and arson,Awaiting court outcome,
677cce8c1d54fefa361fd610f6146e89140ced16a2af4fef330f8b9607620b8a,2026-03,Suffolk Constabulary,Suffolk Constabulary,0.425228,52.080527,On or near York Road,E01030115,West Suffolk 021A,Drugs,Local resolution,
e9cf684968559c810fa63361d2c093d299ad776514fc09fd411cc61c32c06b1d,2026-03,Suffolk Constabulary,Suffolk Constabulary,0.429351,52.080649,On or near Primrose Hill,E01030115,West Suffolk 021A,Drugs,Local resolution,
5e99573306d769a3c6549dcca358588cef40e9c7d0cfa2001d101565b8ec1449,2026-03,Suffolk Constabulary,Suffolk Constabulary,0.427329,52.080241,On or near Harrow Road,E01030115,West Suffolk 021A,Drugs,Local resolution,
37ebcc0dfe27ef6fa506cee34ec0c1929000706000e54b49b3898452f0998608,2026-03,Suffolk Constabulary,Suffolk Constabulary,0.428228,52.080933,On or near Layer Road,E01030115,West Suffolk 021A,Possession of weapons,Unable to prosecute suspect,
64c8e34231cb0a8c67f28c5af0354cba4321b0b31da432d6a30a52dc05b32751,2026-03,Suffolk Constabulary,Suffolk Constabulary,0.428228,52.080933,On or near Layer Road,E01030115,West Suffolk 021A,Possession of weapons,Unable to prosecute suspect,
2658002161e7523b5d6b9e36824a4b2f0e48feb7fb7e39bb34696efb7814c48e,2026-03,Suffolk Constabulary,Suffolk Constabulary,0.429351,52.080649,On or near Primrose Hill,E01030115,West Suffolk 021A,Public order,Unable to prosecute suspect,
6fb5867bb3805b5c7cc8ff420fa1bdeb9f0e0110013d0a1745af09df19bf191c,2026-03,Suffolk Constabulary,Suffolk Constabulary,0.425151,52.080718,On or near The Gardens,E01030115,West Suffolk 021A,Violence and sexual offences,Unable to prosecute suspect,
863c4d9d5f1a935805b39a48fae9e52dec8bba8e2b58fa2e319ca61389c9af5a,2026-03,Suffolk Constabulary,Suffolk Constabulary,0.418849,52.079696,On or near Boleyn Way,E01030115,West Suffolk 021A,Violence and sexual offences,Action to be taken by another organisation,
7bc0ec80c216f4f9f3b45f0a0dc1b57d7f4edb11dd2bd6eaa266cfee8d5c4f41,2026-03,Suffolk Constabulary,Suffolk Constabulary,0.427329,52.080241,On or near Harrow Road,E01030115,West Suffolk 021A,Violence and sexual offences,Investigation complete; no suspect identified,
e38b9da5242666ff1b1353fdbdf0edbd42d05780f48f8e75d2d8639ebf6f5473,2026-03,Suffolk Constabulary,Suffolk Constabulary,0.424396,52.079717,On or near Connaught Road,E01030115,West Suffolk 021A,Violence and sexual offences,Unable to prosecute suspect,
9fce2b348299e860d1754e8e8ab457da32374f16686d10f04fa0b88e42f193dc,2026-03,Suffolk Constabulary,Suffolk Constabulary,0.420712,52.080413,On or near Anglian Place,E01030115,West Suffolk 021A,Violence and sexual offences,Unable to prosecute suspect,
9f667ceb7ae3040b31da37d1a20f1760a58da4311ad65786ca04733e2a1dda85,2026-03,Suffolk Constabulary,Suffolk Constabulary,0.425518,52.080206,On or near Shaftesbury Court,E01030115,West Suffolk 021A,Violence and sexual offences,Under investigation,
28c8ea75f08d2fd24cb704029a0bffc48f2035a5cdadf7e36afc317e18f22d88,2026-03,Suffolk Constabulary,Suffolk Constabulary,0.427329,52.080241,On or near Harrow Road,E01030115,West Suffolk 021A,Violence and sexual offences,Under investigation,
64ed473b55fcdee040dd9f1cd1b0fbc79427f0f9860902a2df38c0788aafbfd7,2026-03,Suffolk Constabulary,Suffolk Constabulary,0.431899,52.080003,On or near Clements Lane,E01030115,West Suffolk 021A,Violence and sexual offences,Unable to prosecute suspect,
b5aafe9691a0293fd0a0fd8392ef4df63667521d0550953f2c1147a45d2f155c,2026-03,Suffolk Constabulary,Suffolk Constabulary,0.426680,52.079841,On or near Greenfields Way,E01030115,West Suffolk 021A,Violence and sexual offences,Under investigation,
b7b67b94a76a9722ca72ae6f34c7939624e11583f144ad4496fd7447057f2ee4,2026-03,Suffolk Constabulary,Suffolk Constabulary,0.429351,52.080649,On or near Primrose Hill,E01030115,West Suffolk 021A,Violence and sexual offences,Under investigation,
34dc5d85502ab0451866336e76a51fcbc6b6a146c3426cb339390785656f357d,2026-03,Suffolk Constabulary,Suffolk Constabulary,0.425151,52.080718,On or near The Gardens,E01030115,West Suffolk 021A,Violence and sexual offences,Unable to prosecute suspect,
111bd8d9e8fd7eddac74ebd0f7f617a93852cc3c20e5761f8c8e7900b7dd4985,2026-03,Suffolk Constabulary,Suffolk Constabulary,0.427329,52.080241,On or near Harrow Road,E01030115,West Suffolk 021A,Violence and sexual offences,Unable to prosecute suspect,
1f527688b5f57bb14d176a2f72d40623a9af31cebafc977bf1fbd977c17dafcc,2026-03,Suffolk Constabulary,Suffolk Constabulary,0.429351,52.080649,On or near Primrose Hill,E01030115,West Suffolk 021A,Violence and sexual offences,Under investigation,
d47089e0a04dd6962e2bf0a2cc0e901d6b376e07200e999e5e4ec173f8a5f77d,2026-03,Suffolk Constabulary,Suffolk Constabulary,0.418849,52.079696,On or near Boleyn Way,E01030115,West Suffolk 021A,Violence and sexual offences,Action to be taken by another organisation,
,2026-03,Suffolk Constabulary,Suffolk Constabulary,0.416071,52.083656,On or near Raine Avenue,E01030116,West Suffolk 021B,Anti-social behaviour,,
7b624e144faa26b0701c6018425b189081804e6539ce886ba7e96ee6ac8da293,2026-03,Suffolk Constabulary,Suffolk Constabulary,0.411764,52.084454,On or near Grenadier Road,E01030116,West Suffolk 021B,Burglary,Investigation complete; no suspect identified,
50eaed6d99896a1bd912f39d2ae8d895b5249484bad7b3bfb012f1cb301006ef,2026-03,Suffolk Constabulary,Suffolk Constabulary,0.410422,52.087171,On or near Garlands Close,E01030116,West Suffolk 021B,Other theft,Investigation complete; no suspect identified,
f55c4be23461cfc9bd753a7b59c03d238486f3b1ecbb188925fde7abab2d68cb,2026-03,Suffolk Constabulary,Suffolk Constabulary,0.411539,52.088119,On or near Apple Acre Road,E01030116,West Suffolk 021B,Robbery,Unable to prosecute suspect,
20aa2db0769bff754ada26afcc9db7ac9a5418624137109f793954251ce506d8,2026-03,Suffolk Constabulary,Suffolk Constabulary,0.411539,52.088119,On or near Apple Acre Road,E01030116,West Suffolk 021B,Theft from the person,Investigation complete; no suspect identified,
d41808bc215823b93d499eb7b459cbd238af40da7da940c4687d6a93a03e6c0a,2026-03,Suffolk Constabulary,Suffolk Constabulary,0.409440,52.088189,On or near Haycocks Road,E01030116,West Suffolk 021B,Violence and sexual offences,Action to be taken by another organisation,
fce980778729e9bec919b77602cb130d9dd874874b39dff794f0cc73c71cf692,2026-03,Suffolk Constabulary,Suffolk Constabulary,0.413346,52.084548,On or near White Caville,E01030116,West Suffolk 021B,Violence and sexual offences,Investigation complete; no suspect identified,
93df6760ae30d5b7ab3c35511d77b855a7133bc59d429fecd1d3db424c06dbd0,2026-03,Suffolk Constabulary,Suffolk Constabulary,0.407225,52.087173,On or near Pinhoe Drive,E01030116,West Suffolk 021B,Violence and sexual offences,Unable to prosecute suspect,
55effd9350e3ee7a07175379a2c8594382bf3c35b04f56b23d911c019c725659,2026-03,Suffolk Constabulary,Suffolk Constabulary,0.411539,52.088119,On or near Apple Acre Road,E01030116,West Suffolk 021B,Violence and sexual offences,Under investigation,
,2026-03,Suffolk Constabulary,Suffolk Constabulary,0.418458,52.092438,On or near A1307,E01030117,West Suffolk 021C,Anti-social behaviour,,
,2026-03,Suffolk Constabulary,Suffolk Constabulary,0.415721,52.090965,On or near Baines Coney,E01030117,West Suffolk 021C,Anti-social behaviour,,
0af2af7a0251d6e54ce71cbc075a3488cb49943d60cae813fec4c339de54aeda,2026-03,Suffolk Constabulary,Suffolk Constabulary,0.415721,52.090965,On or near Baines Coney,E01030117,West Suffolk 021C,Criminal damage and arson,Unable to prosecute suspect,
97e261b0681f05f60e3b438456223e13c802588f97ce6530a91b6ce6868c47fd,2026-03,Suffolk Constabulary,Suffolk Constabulary,0.410910,52.092170,On or near Petrol Station,E01030117,West Suffolk 021C,Criminal damage and arson,Unable to prosecute suspect,
2e5f6fbe61b411ecfc4e3d093755f3c04bf75523eba6aad81eae171ff2cd8038,2026-03,Suffolk Constabulary,Suffolk Constabulary,0.420331,52.091976,On or near Laurel Close,E01030117,West Suffolk 021C,Criminal damage and arson,Investigation complete; no suspect identified,
6c52c1db770a5756d5c696e989c3c579006636c983bd7da42044ff17c39e67cf,2026-03,Suffolk Constabulary,Suffolk Constabulary,0.419612,52.089752,On or near Lowry Close,E01030117,West Suffolk 021C,Other theft,Investigation complete; no suspect identified,
edbefa044da03c5f6e270ee5275535cfb0790853be18bf0a82b31256938de7a9,2026-03,Suffolk Constabulary,Suffolk Constabulary,0.410910,52.092170,On or near Petrol Station,E01030117,West Suffolk 021C,Shoplifting,Unable to prosecute suspect,
e616bb1db58d30b2d691798850c48044bdbbc6f27aa452bf8e877b9a5eac8adb,2026-03,Suffolk Constabulary,Suffolk Constabulary,0.410910,52.092170,On or near Petrol Station,E01030117,West Suffolk 021C,Shoplifting,Unable to prosecute suspect,
b1b4df520590610502965bca9581d476501c63b7a2593d1cbf5d9df001725cf3,2026-03,Suffolk Constabulary,Suffolk Constabulary,0.410910,52.092170,On or near Petrol Station,E01030117,West Suffolk 021C,Shoplifting,Investigation complete; no suspect identified,
216e855fba996afe947aa71f1d366d0d249a0c5b7996714363ed1f97ce60e9bc,2026-03,Suffolk Constabulary,Suffolk Constabulary,0.418699,52.090958,On or near Gainsborough Road,E01030117,West Suffolk 021C,Vehicle crime,Investigation complete; no suspect identified,
2ea7552e7f8c4dcdbd65899f518192eaf51048c21eb98060683be420c874b3e9,2026-03,Suffolk Constabulary,Suffolk Constabulary,0.410910,52.092170,On or near Petrol Station,E01030117,West Suffolk 021C,Vehicle crime,Investigation complete; no suspect identified,
c58ab120bf267757f035b3b7af505eac438f34282d9aa1c4ba4d6ce8023af815,2026-03,Suffolk Constabulary,Suffolk Constabulary,0.410910,52.092170,On or near Petrol Station,E01030117,West Suffolk 021C,Other crime,Unable to prosecute suspect,
7db08da27f4c1e84fe11c7a2527d082adb742b2eb0294d8226bf0d09d1ec03e1,2026-03,Suffolk Constabulary,Suffolk Constabulary,0.419637,52.090489,On or near Munnings Close,E01030117,West Suffolk 021C,Other crime,Under investigation,
aae59f9b04444a58e3c84552004f90f9e88befbe28f0857b1b69973576bc634a,2026-03,Suffolk Constabulary,Suffolk Constabulary,0.420424,52.087766,On or near Willow Close,E01030118,West Suffolk 021D,Criminal damage and arson,Investigation complete; no suspect identified,
f96e17424a18094669d12d2baf077fdb6559edaf5a74214387a3c20d1cef74ff,2026-03,Suffolk Constabulary,Suffolk Constabulary,0.422620,52.091929,On or near Bryony Close,E01030118,West Suffolk 021D,Criminal damage and arson,Action to be taken by another organisation,
afe20d38448f6ff9925dd21958d02a6595b18283f0b8e79e4e77162bce78b667,2026-03,Suffolk Constabulary,Suffolk Constabulary,0.415736,52.087188,On or near Chimswell Way,E01030118,West Suffolk 021D,Criminal damage and arson,Unable to prosecute suspect,
f128aa453c6b21049774fb665dc491a6a2cf8da4abf18b907818a38889cb5ff0,2026-03,Suffolk Constabulary,Suffolk Constabulary,0.425459,52.090162,On or near Cambridge Close,E01030118,West Suffolk 021D,Criminal damage and arson,Investigation complete; no suspect identified,
fca9ca79be18d329d3747c7af723abbe6e27dcaa743c8e5944840fc776e0743d,2026-03,Suffolk Constabulary,Suffolk Constabulary,0.420424,52.087766,On or near Willow Close,E01030118,West Suffolk 021D,Other theft,Unable to prosecute suspect,
0a4d0cc50770707fa6592077f55d398747e4f4adc3c014896f23b0702eae08fa,2026-03,Suffolk Constabulary,Suffolk Constabulary,0.423156,52.091037,On or near Rowan Close,E01030118,West Suffolk 021D,Public order,Unable to prosecute suspect,
87671de0cc480495d81c3a33fed20ca87d13050711b3252a1bcc2087f4bbc4dc,2026-03,Suffolk Constabulary,Suffolk Constabulary,0.415736,52.087188,On or near Chimswell Way,E01030118,West Suffolk 021D,Violence and sexual offences,Unable to prosecute suspect,
427e16c24186bf9b7cec7f9a3b7b9e9c48edd30bd0f869e39f41527040049538,2026-03,Suffolk Constabulary,Suffolk Constabulary,0.421714,52.089214,On or near Poplar Close,E01030118,West Suffolk 021D,Violence and sexual offences,Action to be taken by another organisation,
7ef47027b8b3a4d769cba50cef24c72faa6c9f6969191cd40864e3ca7422aecd,2026-03,Suffolk Constabulary,Suffolk Constabulary,0.423882,52.089880,On or near Meadowsweet Close,E01030118,West Suffolk 021D,Violence and sexual offences,Under investigation,
dc6db98b581e1c44e03d29447bf1b18e440fd1208033c626e517410558c8ccdb,2026-03,Suffolk Constabulary,Suffolk Constabulary,-2.191778,51.230625,On or near Biss Close,E01032054,Wiltshire 039B,Violence and sexual offences,Under investigation,
,2026-03,Suffolk Constabulary,Suffolk Constabulary,,,No Location,,,Anti-social behaviour,,
ad402b8607ffa98362554afa533ba788b0732619bed739e4e80d28b69dfd43f6,2026-03,Suffolk Constabulary,Suffolk Constabulary,,,No Location,,,Bicycle theft,Unable to prosecute suspect,
00b9aba55d75baf8c2a73f2fe60bdfd7619f4dc269b5b236a68a360e10cf37a9,2026-03,Suffolk Constabulary,Suffolk Constabulary,,,No Location,,,Burglary,Investigation complete; no suspect identified,
78fa3eea20b582148cdbdceb981a86f527a1752d343a7ef7f2877c5b8ae4c971,2026-03,Suffolk Constabulary,Suffolk Constabulary,,,No Location,,,Burglary,Investigation complete; no suspect identified,
167693407a39f522cf0aa8d6af368466534f6e4f4d837cd9e4dd8a5786c9e28b,2026-03,Suffolk Constabulary,Suffolk Constabulary,,,No Location,,,Criminal damage and arson,Investigation complete; no suspect identified,
0129013a5b3409cafd166855bbffae9c8bf832818f8a261a20562f57019e91df,2026-03,Suffolk Constabulary,Suffolk Constabulary,,,No Location,,,Criminal damage and arson,Unable to prosecute suspect,
e3f4d59924429e389eb42e710c16685bf4a942e720da611acf33ef92cdee14c3,2026-03,Suffolk Constabulary,Suffolk Constabulary,,,No Location,,,Other theft,Investigation complete; no suspect identified,
d5cb411dbba598651d5626d90f0aeb64f396ba2e79181d8fb3328c581d888e64,2026-03,Suffolk Constabulary,Suffolk Constabulary,,,No Location,,,Public order,Unable to prosecute suspect,
4e7175db64367d8b2b23ac6c7d238b0a633bcdb6841b62d11abb609a0b56b14f,2026-03,Suffolk Constabulary,Suffolk Constabulary,,,No Location,,,Public order,Unable to prosecute suspect,
5891306ae12d8dc8ca995420b9516f751462001b3cbca999712e118fc666dec9,2026-03,Suffolk Constabulary,Suffolk Constabulary,,,No Location,,,Shoplifting,Investigation complete; no suspect identified,
5488253edae5b1e1c5a35b9795c8a8f813bd04bf8cd54df9f3eb9ff3a3f67e46,2026-03,Suffolk Constabulary,Suffolk Constabulary,,,No Location,,,Shoplifting,Awaiting court outcome,
e9381a0d0eb11cd892328283f7a3dc56f411ed5fa020f3729cea235871b41e55,2026-03,Suffolk Constabulary,Suffolk Constabulary,,,No Location,,,Shoplifting,Investigation complete; no suspect identified,
3b51e8c263827a1a9a67fd54c4bb942986e5b6face3c796b8260ebb43c889712,2026-03,Suffolk Constabulary,Suffolk Constabulary,,,No Location,,,Theft from the person,Action to be taken by another organisation,
103add03b9b3314440708f7bb4acd698cc8bedfacdaa82ee2250870beaee7809,2026-03,Suffolk Constabulary,Suffolk Constabulary,,,No Location,,,Vehicle crime,Investigation complete; no suspect identified,
37c31d11b70e8ed9f6e9531cbbe645a7612a6dc85a31fa6b2b762af5dd1c939a,2026-03,Suffolk Constabulary,Suffolk Constabulary,,,No Location,,,Vehicle crime,Investigation complete; no suspect identified,
1873d89d1330efbb10b593c0714aadb4353525945b43b9e8b05c39303f90d1dd,2026-03,Suffolk Constabulary,Suffolk Constabulary,,,No Location,,,Vehicle crime,Investigation complete; no suspect identified,
a3496725d17ca9bd1d6ed6668124d9023979b0823a9f7bfa0a1210d3063a8099,2026-03,Suffolk Constabulary,Suffolk Constabulary,,,No Location,,,Violence and sexual offences,Unable to prosecute suspect,
ea9ea20462e93f64b286f53fd6f0c69085c03887b6be34cdbe55ddadf0235e70,2026-03,Suffolk Constabulary,Suffolk Constabulary,,,No Location,,,Violence and sexual offences,Under investigation,
fe26566afb86208c48416fc0574068f1c170af77b5b0d54da7af29c5dbe1efa7,2026-03,Suffolk Constabulary,Suffolk Constabulary,,,No Location,,,Violence and sexual offences,Under investigation,
7ba2d2bb65acf2e091b1daf72c6efcb355d24837d44ba729a2424ccfd7ebabf2,2026-03,Suffolk Constabulary,Suffolk Constabulary,,,No Location,,,Violence and sexual offences,Unable to prosecute suspect,
5d9127b2ec67e207dbe061c2573c79a230f6ae09be7f1ff20f839d9a0ddbfca7,2026-03,Suffolk Constabulary,Suffolk Constabulary,,,No Location,,,Violence and sexual offences,Under investigation,
00bc6fa659a73533cc179eba49dfc4d2d5b1757c29a529767499b6dd3d80f871,2026-03,Suffolk Constabulary,Suffolk Constabulary,,,No Location,,,Violence and sexual offences,Under investigation,
08dafa4814fe45415461309448f7333a673a6ffd91f433a6b44012dcd9bc89bd,2026-03,Suffolk Constabulary,Suffolk Constabulary,,,No Location,,,Violence and sexual offences,Unable to prosecute suspect,
d9339776d4f991f60319e34aff7579ec86193646575c6f6c1a62c9f56c242058,2026-03,Suffolk Constabulary,Suffolk Constabulary,,,No Location,,,Violence and sexual offences,Unable to prosecute suspect,
abe066569f7543c9624e1b08d8d8571d69f8aceb1acab793909ed29e13605f3a,2026-03,Suffolk Constabulary,Suffolk Constabulary,,,No Location,,,Violence and sexual offences,Unable to prosecute suspect,
818983289ba1bb8e14e21e96ed42028c739a55504a4e64c7b314b687238028fe,2026-03,Suffolk Constabulary,Suffolk Constabulary,,,No Location,,,Violence and sexual offences,Under investigation,
c70901d5af1b7d1335f1d802983c4c6be1f82b66a7758c5a2afd498732f14f10,2026-03,Suffolk Constabulary,Suffolk Constabulary,,,No Location,,,Violence and sexual offences,Local resolution,
565554820ebc9ea22e310a351f6dda9c385ccab4da7543f3348e839bc873ac91,2026-03,Suffolk Constabulary,Suffolk Constabulary,,,No Location,,,Violence and sexual offences,Unable to prosecute suspect,
a1d4a0bb8eb0acc076cbb8ff913993e5c87e52058a64a1c16fc0ceb505e5e4ff,2026-03,Suffolk Constabulary,Suffolk Constabulary,,,No Location,,,Violence and sexual offences,Local resolution,
