Crime ID,Month,Reported by,Falls within,Longitude,Latitude,Location,LSOA code,LSOA name,Crime type,Last outcome category,Context
4eab8eaf2d1c6ca56950fd6ecd18f3f47c4249008073a00c1beddb1afca2e29e,2026-06,Suffolk Constabulary,Suffolk Constabulary,0.910242,52.105832,On or near Smock Meadow,E01029876,Babergh 001A,Violence and sexual offences,Under investigation,
1600387428e9680f1f04a69c8eb1fc15bc59aa0042d44cda23fd227f42c67351,2026-06,Suffolk Constabulary,Suffolk Constabulary,0.868349,52.147131,On or near The Street,E01029876,Babergh 001A,Violence and sexual offences,Under investigation,
1ebdffc9397ba1d6b02df741fb8068b5ab55f1d3c00eefe6e960507840118376,2026-06,Suffolk Constabulary,Suffolk Constabulary,0.793741,52.103778,On or near Meadow Close,E01029898,Babergh 001B,Criminal damage and arson,Investigation complete; no suspect identified,
8185eafec4446a863327819f540d84911baaf907987b2dfef8f5a0177fc8ee30,2026-06,Suffolk Constabulary,Suffolk Constabulary,0.800193,52.109776,On or near Lower Road,E01029898,Babergh 001B,Other theft,Under investigation,
,2026-06,Suffolk Constabulary,Suffolk Constabulary,0.834615,52.094285,On or near Cundys Lane,E01029907,Babergh 001C,Anti-social behaviour,,
42886846022d9da91305490b409df8498f1ddcff2106e8afc2bde29f84291b30,2026-06,Suffolk Constabulary,Suffolk Constabulary,0.822575,52.126050,On or near Rookwood Lane,E01029907,Babergh 001C,Violence and sexual offences,Unable to prosecute suspect,
269afe379b664d930a2b8f8512a91f458d20284ca27609df1706335bb12199a6,2026-06,Suffolk Constabulary,Suffolk Constabulary,0.866778,52.094041,On or near Sports/Recreation Area,E01029907,Babergh 001C,Violence and sexual offences,Under investigation,
5948264ab678dfb3daf50b6cfcb60d05201f2364615edf33a341e5195bbcddf1,2026-06,Suffolk Constabulary,Suffolk Constabulary,0.822575,52.126050,On or near Rookwood Lane,E01029907,Babergh 001C,Violence and sexual offences,Unable to prosecute suspect,
b864f4ca11a5c479d3825562f19683f468e769f5b21d2475623b259d1c1433fc,2026-06,Suffolk Constabulary,Suffolk Constabulary,0.789564,52.158951,On or near Howe Lane,E01029907,Babergh 001C,Violence and sexual offences,Under investigation,
08634d026f88cf39def475e1bc994b9007cd069db390eec17be27b0b8af6130e,2026-06,Suffolk Constabulary,Suffolk Constabulary,0.735467,52.150919,On or near Shimpling Road,E01029881,Babergh 002A,Violence and sexual offences,Under investigation,
a0c7468a6acf35b8df11e56078b540c7b54c6ef962c753c3fe312bfc546e91aa,2026-06,Suffolk Constabulary,Suffolk Constabulary,0.712003,52.165598,On or near Bury Road,E01029881,Babergh 002A,Violence and sexual offences,Unable to prosecute suspect,
995dfc9cc027db2fc8665f97c7ef7b3bc65bfd76a2a61f202cdeff5a39690ae4,2026-06,Suffolk Constabulary,Suffolk Constabulary,0.706366,52.159937,On or near Hartest Lane,E01029881,Babergh 002A,Violence and sexual offences,Unable to prosecute suspect,
,2026-06,Suffolk Constabulary,Suffolk Constabulary,0.668441,52.093049,On or near New Cut,E01029884,Babergh 002B,Anti-social behaviour,,
,2026-06,Suffolk Constabulary,Suffolk Constabulary,0.667190,52.105838,On or near Crownfield Road,E01029884,Babergh 002B,Anti-social behaviour,,
63429f2d4f70324134d9b3fbb1ffd54694852981105bfbdaa59df6b65fbe1840,2026-06,Suffolk Constabulary,Suffolk Constabulary,0.664163,52.104800,On or near Hammond Croft,E01029884,Babergh 002B,Violence and sexual offences,Under investigation,
ed1617d81ca89cdb28b9f1830b74631a8127630e2a37357f979a35103aa20183,2026-06,Suffolk Constabulary,Suffolk Constabulary,0.668747,52.094741,On or near The Seabrooks,E01029884,Babergh 002B,Violence and sexual offences,Under investigation,
f516ea8cd22f4a9b81a2766f8dd6dbe3e85763f53e5f5a0d6213393989516ea4,2026-06,Suffolk Constabulary,Suffolk Constabulary,0.667218,52.102159,On or near Rectory Close,E01029884,Babergh 002B,Violence and sexual offences,Under investigation,
f953035d7df7a820b4b245c496180a1f98d5de63baedd12010cbbb2e8b9e9b6f,2026-06,Suffolk Constabulary,Suffolk Constabulary,0.668441,52.093049,On or near New Cut,E01029884,Babergh 002B,Violence and sexual offences,Unable to prosecute suspect,
0dafe55feb12a395d29c53f94543dab88ade742907f2afc2265fff088fbd2d70,2026-06,Suffolk Constabulary,Suffolk Constabulary,0.679550,52.107383,On or near Low Street,E01029885,Babergh 002C,Other theft,Under investigation,
614807324a3c3720ac4cf0283f7865bdac0b46e7cb5022cf986490f8b102ae8d,2026-06,Suffolk Constabulary,Suffolk Constabulary,0.675796,52.102981,On or near Churchgate,E01029885,Babergh 002C,Other theft,Under investigation,
79a1a5655cf32632c7d44aca94ba599dd15a114be2ba529abade2c6b3c716fd0,2026-06,Suffolk Constabulary,Suffolk Constabulary,0.674271,52.086765,On or near Stour Close,E01029885,Babergh 002C,Violence and sexual offences,Under investigation,
6a3a44c80396b64407a33909fd1f24c891da922c242cc4d3c3bb1a51f36e9b03,2026-06,Suffolk Constabulary,Suffolk Constabulary,0.721345,52.077952,On or near Sports/Recreation Area,E01029900,Babergh 003A,Violence and sexual offences,Unable to prosecute suspect,
ef858f8cd3b0a474c451040ce9a811734c3fa42fae89dfead2e4343fdcb72d96,2026-06,Suffolk Constabulary,Suffolk Constabulary,0.721345,52.077952,On or near Sports/Recreation Area,E01029900,Babergh 003A,Violence and sexual offences,Unable to prosecute suspect,
1aea39436318a0eff13782f74b4ed1a5be6d0026a25e04de866e0f31912eea21,2026-06,Suffolk Constabulary,Suffolk Constabulary,0.723793,52.077987,On or near Middle Way,E01029900,Babergh 003A,Violence and sexual offences,Under investigation,
,2026-06,Suffolk Constabulary,Suffolk Constabulary,0.732935,52.053224,On or near Supermarket,E01029901,Babergh 003B,Anti-social behaviour,,
,2026-06,Suffolk Constabulary,Suffolk Constabulary,0.741929,52.066684,On or near King'S Lane,E01029901,Babergh 003B,Anti-social behaviour,,
bf2987a516b4970a62d473800fbaafac9dd5b4bcb3f0bab85b4a53873f66252e,2026-06,Suffolk Constabulary,Suffolk Constabulary,0.716433,52.077194,On or near Supermarket,E01029901,Babergh 003B,Other theft,Investigation complete; no suspect identified,
507770c083d23a93e12ca05c335aea804056424b378a74ecabef52e987b6a7d5,2026-06,Suffolk Constabulary,Suffolk Constabulary,0.713429,52.066895,On or near Martyns Rise,E01029901,Babergh 003B,Public order,Under investigation,
4fb6f142b8dc8d37092bd59bd54cb814bac9432dd44176f11de9d9a51fcdc830,2026-06,Suffolk Constabulary,Suffolk Constabulary,0.718415,52.079307,On or near Smaley Lane,E01029901,Babergh 003B,Shoplifting,Under investigation,
7bc19cce4948dc730dcf587955d117280b154ff6cafe3835fc3754055a154506,2026-06,Suffolk Constabulary,Suffolk Constabulary,0.716270,52.073313,On or near Little St Mary'S,E01029901,Babergh 003B,Vehicle crime,Investigation complete; no suspect identified,
29e17dcbeeda2bf26b0038572cba018646bf8c3152a3453fdbcadfa9f217ee4c,2026-06,Suffolk Constabulary,Suffolk Constabulary,0.716596,52.072676,On or near Haywood Drive,E01029901,Babergh 003B,Violence and sexual offences,Under investigation,
b888c64c55e4f594218dd8f357bf7c7bb93b82f5bb16727a714851cb2f739a57,2026-06,Suffolk Constabulary,Suffolk Constabulary,0.717774,52.071651,On or near Cotswold Drive,E01029901,Babergh 003B,Violence and sexual offences,Under investigation,
7af635cf54d52b07b83e388711b7377a772da72e0ddd676ae86fce8516c62020,2026-06,Suffolk Constabulary,Suffolk Constabulary,0.720214,52.053923,On or near St Benedict'S Close,E01029917,Babergh 003C,Other theft,Under investigation,
76e37f9deac3f3b80102250a18fbb8c1d6e09ce8fcf9553278038c1920963769,2026-06,Suffolk Constabulary,Suffolk Constabulary,0.728247,52.048818,On or near Tudor Close,E01029917,Babergh 003C,Vehicle crime,Under investigation,
f239bebd6a336e74abdd92d193728bd8ddfffda080db43594ecaecda50408255,2026-06,Suffolk Constabulary,Suffolk Constabulary,0.728247,52.048818,On or near Tudor Close,E01029917,Babergh 003C,Vehicle crime,Under investigation,
cd2d69038c0fb7ed499cf7c2d364bad64d8e4c82d2a8240387fce7c249cd4427,2026-06,Suffolk Constabulary,Suffolk Constabulary,0.721919,52.053893,On or near Chantry Close,E01029917,Babergh 003C,Violence and sexual offences,Unable to prosecute suspect,
655d4ba16ab94d24ce6456cd7aa00dae2ceb6529ecd09dfe71f128cdc0bf8b76,2026-06,Suffolk Constabulary,Suffolk Constabulary,0.731312,52.048612,On or near Uplands Road,E01029917,Babergh 003C,Violence and sexual offences,Under investigation,
,2026-06,Suffolk Constabulary,Suffolk Constabulary,0.955198,52.047973,On or near Pykenham Way,E01029892,Babergh 004A,Anti-social behaviour,,
a742740d415cec4a69cb7e2120a616281b642f99762d0adde2329415cc3d1a8a,2026-06,Suffolk Constabulary,Suffolk Constabulary,0.954641,52.045730,On or near Spooners Lane,E01029892,Babergh 004A,Criminal damage and arson,Under investigation,
34b550d3d1238ca5a3e0dc98f59bc44b377cc4f8dba4f2801f9e7ef7709756cf,2026-06,Suffolk Constabulary,Suffolk Constabulary,0.953623,52.044883,On or near Parking Area,E01029892,Babergh 004A,Other theft,Under investigation,
b6477766cea0c5f44d64342fbfce08dfd05111e811631390223cf7f2b3812947,2026-06,Suffolk Constabulary,Suffolk Constabulary,0.954952,52.049328,On or near Supermarket,E01029892,Babergh 004A,Public order,Under investigation,
46e4b5a3970266d436cd837b5904ee831940104e3bdcc908342c862c2b20875a,2026-06,Suffolk Constabulary,Suffolk Constabulary,0.954952,52.049328,On or near Supermarket,E01029892,Babergh 004A,Shoplifting,Investigation complete; no suspect identified,
8d07b1de9be5e072e2114a429d4407626e631eae4aa86e81839e918e1491088a,2026-06,Suffolk Constabulary,Suffolk Constabulary,0.954952,52.049328,On or near Supermarket,E01029892,Babergh 004A,Shoplifting,Investigation complete; no suspect identified,
ec6b639284f3e512adb570e282d228b4f2a0c488b12e05707c3d645781f8da69,2026-06,Suffolk Constabulary,Suffolk Constabulary,0.954952,52.049328,On or near Supermarket,E01029892,Babergh 004A,Shoplifting,Investigation complete; no suspect identified,
056dd56af0bc86feecd6d20415d5cfe7f9f7522b48c1f8411bb79e7f21f43435,2026-06,Suffolk Constabulary,Suffolk Constabulary,0.958898,52.046576,On or near Long Bessels,E01029892,Babergh 004A,Violence and sexual offences,Under investigation,
9417d451ca1934c19005d6781bd26a993cf8049efe5f87f403806b0d920e1030,2026-06,Suffolk Constabulary,Suffolk Constabulary,0.955198,52.047973,On or near Pykenham Way,E01029892,Babergh 004A,Violence and sexual offences,Unable to prosecute suspect,
af638cc332296ec386ea86b0e0fa471618362416327675e5616fad537cbfbc17,2026-06,Suffolk Constabulary,Suffolk Constabulary,0.954965,52.044885,On or near Parking Area,E01029892,Babergh 004A,Violence and sexual offences,Under investigation,
95e14f0bc685142a60d26af659cf31b7aa18f59c53fd09712f6792b1463ce790,2026-06,Suffolk Constabulary,Suffolk Constabulary,0.959835,52.047947,On or near Ansell Close,E01029892,Babergh 004A,Violence and sexual offences,Under investigation,
450e9c91d3e2882b23003a32e6fe7cffdc47c26892d79246c6a2343ac45e05cf,2026-06,Suffolk Constabulary,Suffolk Constabulary,0.956688,52.045579,On or near Inkerman Terrace,E01029892,Babergh 004A,Violence and sexual offences,Under investigation,
0ff44627e227adb3030a43e5849fd7896c3857317c25e81e71788ce1b15922a3,2026-06,Suffolk Constabulary,Suffolk Constabulary,0.959547,52.041173,On or near Parking Area,E01029894,Babergh 004C,Violence and sexual offences,Unable to prosecute suspect,
7739546add8c52bf9e7977cb95ddf5f0d84f2e0dfbaf05b700cd46544594f833,2026-06,Suffolk Constabulary,Suffolk Constabulary,0.956765,52.043653,On or near Guthrum Road,E01029896,Babergh 004E,Criminal damage and arson,Local resolution,
a04811dadf1ca5383b86183af616017adebfc0ad8dcb8702c25052e352448d6b,2026-06,Suffolk Constabulary,Suffolk Constabulary,0.954541,52.041559,On or near Toppesfield Close,E01029896,Babergh 004E,Criminal damage and arson,Under investigation,
d17d0821af60cce5111a7bc9b54bf008c00cac39a4b6d5698c6f08e6765de007,2026-06,Suffolk Constabulary,Suffolk Constabulary,0.952962,52.041491,On or near Silk Mill Close,E01029896,Babergh 004E,Criminal damage and arson,Under investigation,
796867d063664deb34eaebacf1f3593bcf75a1a89adbe24956c6bbf7ce16e378,2026-06,Suffolk Constabulary,Suffolk Constabulary,0.955302,52.043366,On or near Magdalen Road,E01029896,Babergh 004E,Criminal damage and arson,Investigation complete; no suspect identified,
acdcb9c8457f7c6af1628e411270e390c368b60986bc6e77a66e66f138d30634,2026-06,Suffolk Constabulary,Suffolk Constabulary,0.960784,52.042679,On or near Yeoman Crescent,E01029896,Babergh 004E,Violence and sexual offences,Unable to prosecute suspect,
60626166b4edc61a1bbe4b1c9d7b35c42eafcc0038ed4a78d2b8fa49232f380e,2026-06,Suffolk Constabulary,Suffolk Constabulary,0.955302,52.043366,On or near Magdalen Road,E01029896,Babergh 004E,Violence and sexual offences,Under investigation,
6dc33b8aa23f17488cd3a365b4cc38aa60428035dc6c5f29efc98b8adb2f792d,2026-06,Suffolk Constabulary,Suffolk Constabulary,0.916035,52.060308,On or near The Street,E01029911,Babergh 004F,Burglary,Under investigation,
7254871efeec08d39f6f1f7eb9cd5699ef33961469e0d314b34541c2f7f430aa,2026-06,Suffolk Constabulary,Suffolk Constabulary,0.918013,52.057525,On or near Church Hill,E01029911,Babergh 004F,Criminal damage and arson,Under investigation,
09ca6a340dc8ae334404737288dab1768f2cadcdbaa40c64641343331068ac66,2026-06,Suffolk Constabulary,Suffolk Constabulary,0.957590,52.082187,On or near Church Farm Place,E01029911,Babergh 004F,Violence and sexual offences,Investigation complete; no suspect identified,
7fd8988183f7ae4ec56adce8f71d141946c05cc61aedb7defdd3130a04647657,2026-06,Suffolk Constabulary,Suffolk Constabulary,0.958880,52.082712,On or near Naughton Road,E01029911,Babergh 004F,Violence and sexual offences,Under investigation,
3bbc9d2d020d59daa94a9fdd8c5f5d74f021aac88404d02310938d53443d5ec5,2026-06,Suffolk Constabulary,Suffolk Constabulary,0.971016,52.050714,On or near Ann Strutt Close,E01034559,Babergh 004G,Criminal damage and arson,Under investigation,
2f50f5b18b4c80bb353e0b5877f5e277ac7fa88876a66f72805787bcaef19431,2026-06,Suffolk Constabulary,Suffolk Constabulary,0.970785,52.048318,On or near Emma Girling Close,E01034559,Babergh 004G,Criminal damage and arson,Under investigation,
b8a154594eb824f0faafa3fd981d23d68209e28cd8c5acae0bc56024e21f72cf,2026-06,Suffolk Constabulary,Suffolk Constabulary,0.966322,52.048988,On or near Brett Avenue,E01034559,Babergh 004G,Other theft,Under investigation,
3e0fec46bcf1a83d85e19b186922b07074cbd98ee094ca6bdf5241ee5c8632a6,2026-06,Suffolk Constabulary,Suffolk Constabulary,0.971016,52.050714,On or near Ann Strutt Close,E01034559,Babergh 004G,Public order,Unable to prosecute suspect,
73b6c0a90c7b384fb06cbef14b01c35509b6bee0d74eef5f281ddb8e516c1a76,2026-06,Suffolk Constabulary,Suffolk Constabulary,0.955215,52.052424,On or near Rampling Close,E01034559,Babergh 004G,Violence and sexual offences,Action to be taken by another organisation,
dae7c223528d46ed5f34eff19e77c3344c79714249209390d8388bf487cb7228,2026-06,Suffolk Constabulary,Suffolk Constabulary,0.971016,52.050714,On or near Ann Strutt Close,E01034559,Babergh 004G,Violence and sexual offences,Under investigation,
b05dbc34f607b3486f83cf4b84aca6d540f4a4a2c1e6c4890ad6fc6cde3c3b58,2026-06,Suffolk Constabulary,Suffolk Constabulary,0.969352,52.050909,On or near Alice Parkins Close,E01034559,Babergh 004G,Violence and sexual offences,Action to be taken by another organisation,
,2026-06,Suffolk Constabulary,Suffolk Constabulary,0.948568,52.047851,On or near Corks Lane,E01034560,Babergh 004H,Anti-social behaviour,,
9919c70d4706819a83d55c55ffea854d181a8f0de6dafd541b14777d1fd0010c,2026-06,Suffolk Constabulary,Suffolk Constabulary,0.949144,52.049078,On or near Ann Beaumont Way,E01034560,Babergh 004H,Violence and sexual offences,Unable to prosecute suspect,
243d9d539de270ba19d6edcad07ddf1e828484f83b79be9d0f094f22db20d06d,2026-06,Suffolk Constabulary,Suffolk Constabulary,0.945902,52.050796,On or near Gallows Hill,E01034560,Babergh 004H,Violence and sexual offences,Under investigation,
,2026-06,Suffolk Constabulary,Suffolk Constabulary,1.065829,52.012704,On or near Parking Area,E01029877,Babergh 005A,Anti-social behaviour,,
c07a6c1cae898fa129a75ad5efe86283b472dd321e8d0656fe275890aec6e801,2026-06,Suffolk Constabulary,Suffolk Constabulary,1.036591,52.049482,On or near Wilderness Hill,E01029877,Babergh 005A,Burglary,Investigation complete; no suspect identified,
ef36dc012cd5649d5cd609a90f6a2dbf26fb955dbb3a5d2b1a9163b599390c3e,2026-06,Suffolk Constabulary,Suffolk Constabulary,1.082316,52.029050,On or near Sports/Recreation Area,E01029877,Babergh 005A,Criminal damage and arson,Under investigation,
8ab1e3b1a4812335f2803c6b07c40fce76d2e3c37adbd347e489481ad82c5dc1,2026-06,Suffolk Constabulary,Suffolk Constabulary,1.075250,52.022342,On or near Parking Area,E01029877,Babergh 005A,Other theft,Investigation complete; no suspect identified,
f687bd3032014d1654271e1ff234a9d7ab4a6cd777972e4fe4ca3c392537dfe3,2026-06,Suffolk Constabulary,Suffolk Constabulary,1.082316,52.029050,On or near Sports/Recreation Area,E01029877,Babergh 005A,Violence and sexual offences,Under investigation,
ca4bce68277f3c13bb29c2a194b04ad9e81f5c8e364e8f636d03e98762c7b19a,2026-06,Suffolk Constabulary,Suffolk Constabulary,1.065418,52.022248,On or near Folly Lane,E01029877,Babergh 005A,Violence and sexual offences,Under investigation,
9384b5b967e89d1cf0a13daa336ca02c185714c1038562f79e3cddcfbbcdd56a,2026-06,Suffolk Constabulary,Suffolk Constabulary,1.082316,52.029050,On or near Sports/Recreation Area,E01029877,Babergh 005A,Violence and sexual offences,Under investigation,
39034908e85cf2e046598c30e546a7ba05560a1fa440768f2cd430dfcdd62ca1,2026-06,Suffolk Constabulary,Suffolk Constabulary,1.082316,52.029050,On or near Sports/Recreation Area,E01029877,Babergh 005A,Violence and sexual offences,Under investigation,
8c551d0744c020118607313cd2bca659da15df37740e1c095b85887935bebc14,2026-06,Suffolk Constabulary,Suffolk Constabulary,1.114704,52.063495,On or near Sproughton Road,E01029878,Babergh 005B,Other theft,Under investigation,
dc1362164e627a0445d6de66e4ea37e6f9df202e3780416637d96b109a384bc9,2026-06,Suffolk Constabulary,Suffolk Constabulary,1.097892,52.063039,On or near Lower Street,E01029878,Babergh 005B,Public order,Investigation complete; no suspect identified,
129b0edacaff1a1864d9d50d2d0096ad5d61418f84169ca8b24797e305711e4b,2026-06,Suffolk Constabulary,Suffolk Constabulary,1.111427,52.065048,On or near Farthing Road,E01029878,Babergh 005B,Vehicle crime,Under investigation,
8fc52d5d3c95936fa834b25a121fcf21e347e5e59aa0fd213bb8ec507bc9d72e,2026-06,Suffolk Constabulary,Suffolk Constabulary,1.099893,52.060756,On or near Samford Place,E01029878,Babergh 005B,Violence and sexual offences,Under investigation,
a6c742955d389fd7ee873eb248696e59f8eea445945e530adfb9d55df5349c26,2026-06,Suffolk Constabulary,Suffolk Constabulary,1.099920,52.059245,On or near Gorse Field Close,E01029878,Babergh 005B,Other crime,Unable to prosecute suspect,
,2026-06,Suffolk Constabulary,Suffolk Constabulary,1.101200,52.046566,On or near Poplar Lane,E01029879,Babergh 005C,Anti-social behaviour,,
,2026-06,Suffolk Constabulary,Suffolk Constabulary,1.101200,52.046566,On or near Poplar Lane,E01029879,Babergh 005C,Anti-social behaviour,,
,2026-06,Suffolk Constabulary,Suffolk Constabulary,1.101200,52.046566,On or near Poplar Lane,E01029879,Babergh 005C,Anti-social behaviour,,
,2026-06,Suffolk Constabulary,Suffolk Constabulary,1.140911,52.022542,On or near The Street,E01029879,Babergh 005C,Anti-social behaviour,,
,2026-06,Suffolk Constabulary,Suffolk Constabulary,1.101200,52.046566,On or near Poplar Lane,E01029879,Babergh 005C,Anti-social behaviour,,
,2026-06,Suffolk Constabulary,Suffolk Constabulary,1.149298,52.031717,On or near Bourne Hill,E01029879,Babergh 005C,Anti-social behaviour,,
a99e303180b874e4476e66ded00bbb13a2cef4de372f65bc85f993d08de4fe2d,2026-06,Suffolk Constabulary,Suffolk Constabulary,1.152916,52.031332,On or near B1456,E01029879,Babergh 005C,Other theft,Investigation complete; no suspect identified,
024dc86673d1086465a621a1c2542d2584b95989a176cefd9869f7bb2fcb74fa,2026-06,Suffolk Constabulary,Suffolk Constabulary,1.152916,52.031332,On or near B1456,E01029879,Babergh 005C,Other theft,Under investigation,
63c8558e64dba6fbdc74dcbd74cb6bb7cc780d21968fbde357f16a695afcfd33,2026-06,Suffolk Constabulary,Suffolk Constabulary,1.146633,52.029081,On or near Bourne Hill,E01029879,Babergh 005C,Possession of weapons,Local resolution,
b0752600707415b617d20342c3f5d86df93dd34b3f8871880a2dd155d0cc54b1,2026-06,Suffolk Constabulary,Suffolk Constabulary,1.094901,52.062839,On or near Loraine Way,E01029879,Babergh 005C,Violence and sexual offences,Under investigation,
9dcb99a73974975ceb28c1a48f6b7c1bdc5cd3173469fe289d44b30136f77182,2026-06,Suffolk Constabulary,Suffolk Constabulary,1.146633,52.029081,On or near Bourne Hill,E01029879,Babergh 005C,Violence and sexual offences,Under investigation,
a6531112f6f79cce209e116002bfc286df0f4d3d5081316da3233cbb2d4a677f,2026-06,Suffolk Constabulary,Suffolk Constabulary,1.071832,52.042659,On or near Spring Road,E01029879,Babergh 005C,Violence and sexual offences,Unable to prosecute suspect,
a8bb05926c717e6132b09e2a093d69c163da4c3de3b49fe8b5404801891f1d1e,2026-06,Suffolk Constabulary,Suffolk Constabulary,1.103334,52.047256,On or near Felchurch Road,E01029879,Babergh 005C,Violence and sexual offences,Unable to prosecute suspect,
ee41530e9b9a24792dea7b40ffe2e0d8f61fae2df85f0418f2a486cdf352e35d,2026-06,Suffolk Constabulary,Suffolk Constabulary,1.121150,52.032071,On or near Mayfly Close,E01029908,Babergh 005D,Other theft,Under investigation,
,2026-06,Suffolk Constabulary,Suffolk Constabulary,1.102291,52.038946,On or near Oldfield Road,E01029909,Babergh 005E,Anti-social behaviour,,
,2026-06,Suffolk Constabulary,Suffolk Constabulary,1.102291,52.038946,On or near Oldfield Road,E01029909,Babergh 005E,Anti-social behaviour,,
,2026-06,Suffolk Constabulary,Suffolk Constabulary,1.102291,52.038946,On or near Oldfield Road,E01029909,Babergh 005E,Anti-social behaviour,,
fca7f81ee0714d45bb15aa0a24df7005ecebaf0d8e9f5bb304897cff759f8426,2026-06,Suffolk Constabulary,Suffolk Constabulary,1.103248,52.041385,On or near Cherry Blossom Close,E01029909,Babergh 005E,Criminal damage and arson,Investigation complete; no suspect identified,
18440412db972b851a2ba6689c7e08b0356c73ecb4f969f0ebd9bf1e7302886a,2026-06,Suffolk Constabulary,Suffolk Constabulary,1.104098,52.044020,On or near Sports/Recreation Area,E01029909,Babergh 005E,Shoplifting,Investigation complete; no suspect identified,
22384f10f195ed704c8cffe90257113245962e560ae4bf878be59d7937ad7e58,2026-06,Suffolk Constabulary,Suffolk Constabulary,1.103248,52.041385,On or near Cherry Blossom Close,E01029909,Babergh 005E,Shoplifting,Investigation complete; no suspect identified,
a6f4cd205d174d3e25ff62e4ad3022c275b63e0bfea4ae028e69fee73137221e,2026-06,Suffolk Constabulary,Suffolk Constabulary,1.107722,52.038191,On or near Yewtree Rise,E01029909,Babergh 005E,Violence and sexual offences,Under investigation,
88155bd079c2830841f9942c6dee4134f04cfbb9bf3e5aab9107d8a691c2d969,2026-06,Suffolk Constabulary,Suffolk Constabulary,1.110781,52.040863,On or near Wilmslow Drive,E01029909,Babergh 005E,Violence and sexual offences,Under investigation,
,2026-06,Suffolk Constabulary,Suffolk Constabulary,1.112225,52.037506,On or near Appleby Close,E01029910,Babergh 005F,Anti-social behaviour,,
,2026-06,Suffolk Constabulary,Suffolk Constabulary,1.102786,52.040399,On or near Greenspire Grove,E01029910,Babergh 005F,Anti-social behaviour,,
6c58cd86a291d851fb5b566cd4b7f68723a4271b72c233540736993e32721101,2026-06,Suffolk Constabulary,Suffolk Constabulary,1.102786,52.040399,On or near Greenspire Grove,E01029910,Babergh 005F,Criminal damage and arson,Under investigation,
2feffad14aa6a96e368395852324206d9cd6597038036d2f0aee3735ae73079f,2026-06,Suffolk Constabulary,Suffolk Constabulary,1.110296,52.038501,On or near Pin Mill Close,E01029910,Babergh 005F,Public order,Under investigation,
37c6a4c8d3a54940c222e164a1fd3c747f74f5eb738cf06a2183c58d5de24bc9,2026-06,Suffolk Constabulary,Suffolk Constabulary,1.111776,52.039235,On or near Woolverstone Close,E01029910,Babergh 005F,Vehicle crime,Under investigation,
b9374f47c358b6d52e36fb3dd70bf65e4e45f07e80aac0bfa178212687188fb5,2026-06,Suffolk Constabulary,Suffolk Constabulary,1.112225,52.037506,On or near Appleby Close,E01029910,Babergh 005F,Violence and sexual offences,Unable to prosecute suspect,
97cce7741c1640deae24e4562b24f3a8146e6b7fb17b7845ac7d1617976b0426,2026-06,Suffolk Constabulary,Suffolk Constabulary,1.112225,52.037506,On or near Appleby Close,E01029910,Babergh 005F,Violence and sexual offences,Under investigation,
fd3be6df15473fa2a412d2423e23e360982490bd85b5038838b262885269e3b7,2026-06,Suffolk Constabulary,Suffolk Constabulary,1.112225,52.037506,On or near Appleby Close,E01029910,Babergh 005F,Violence and sexual offences,Under investigation,
80db57b48021576c01837d9651d23a9f4b6e3ba492414e56e973ff27b590395e,2026-06,Suffolk Constabulary,Suffolk Constabulary,1.112225,52.037506,On or near Appleby Close,E01029910,Babergh 005F,Violence and sexual offences,Unable to prosecute suspect,
2abef07e60656c84ca21e58fe62f3d020c5044fb8c63cafe4be7e7b00f7af761,2026-06,Suffolk Constabulary,Suffolk Constabulary,1.112225,52.037506,On or near Appleby Close,E01029910,Babergh 005F,Violence and sexual offences,Under investigation,
46700ee3c11b4599e7725090904a7c264e6a20b570f56f89273a0b88d474af73,2026-06,Suffolk Constabulary,Suffolk Constabulary,1.112225,52.037506,On or near Appleby Close,E01029910,Babergh 005F,Violence and sexual offences,Unable to prosecute suspect,
2f284494fba0148181b2111bc2726e05832f6da3710b4d79210e5fd1a0aef25f,2026-06,Suffolk Constabulary,Suffolk Constabulary,1.106117,52.041957,On or near Peacock Close,E01029910,Babergh 005F,Violence and sexual offences,Under investigation,
5acf9e4f2591b68c03fb81652c60e5ba45568a3449eb5e80958717e8e7a2e20e,2026-06,Suffolk Constabulary,Suffolk Constabulary,1.110296,52.038501,On or near Pin Mill Close,E01029910,Babergh 005F,Violence and sexual offences,Under investigation,
7ca88255ca2d2b43f0d7b08fb2c97139bb421fe2237c079115bc1c4242966f44,2026-06,Suffolk Constabulary,Suffolk Constabulary,1.112225,52.037506,On or near Appleby Close,E01029910,Babergh 005F,Violence and sexual offences,Unable to prosecute suspect,
ceb69eadb287783c4d093713223cf06b3e0d07e1d9f9807d2ffc56dc7aeb744c,2026-06,Suffolk Constabulary,Suffolk Constabulary,1.110296,52.038501,On or near Pin Mill Close,E01029910,Babergh 005F,Violence and sexual offences,Under investigation,
3264b694e20fc81043c330ce1dd90e4efe35d0767b0a03643f2a86e1bab8cca5,2026-06,Suffolk Constabulary,Suffolk Constabulary,1.110613,52.040327,On or near Shotley Close,E01029910,Babergh 005F,Violence and sexual offences,Under investigation,
,2026-06,Suffolk Constabulary,Suffolk Constabulary,0.779195,51.971220,On or near Claypits Avenue,E01029880,Babergh 006A,Anti-social behaviour,,
,2026-06,Suffolk Constabulary,Suffolk Constabulary,0.775979,51.971494,On or near The Waldegraves,E01029880,Babergh 006A,Anti-social behaviour,,
,2026-06,Suffolk Constabulary,Suffolk Constabulary,0.777116,51.970802,On or near Parking Area,E01029880,Babergh 006A,Anti-social behaviour,,
,2026-06,Suffolk Constabulary,Suffolk Constabulary,0.777116,51.970802,On or near Parking Area,E01029880,Babergh 006A,Anti-social behaviour,,
,2026-06,Suffolk Constabulary,Suffolk Constabulary,0.777116,51.970802,On or near Parking Area,E01029880,Babergh 006A,Anti-social behaviour,,
,2026-06,Suffolk Constabulary,Suffolk Constabulary,0.774950,51.972283,On or near Church Square,E01029880,Babergh 006A,Anti-social behaviour,,
5ed4bb9cd6622135620da9e6bf8f19d466de499d1e504e961f4c4daa2b8dcfe6,2026-06,Suffolk Constabulary,Suffolk Constabulary,0.778115,51.974016,On or near Apple Tree Mews,E01029880,Babergh 006A,Burglary,Under investigation,
8a3030d086fe1adb2ff7ddf0dffa894e6293599a61089d2af3966373a1da368d,2026-06,Suffolk Constabulary,Suffolk Constabulary,0.777116,51.970802,On or near Parking Area,E01029880,Babergh 006A,Criminal damage and arson,Under investigation,
b294c737c3afe0c0546f099c2c68fa02ff3eafd8cd25103fe56d73f484c0e37c,2026-06,Suffolk Constabulary,Suffolk Constabulary,0.777116,51.970802,On or near Parking Area,E01029880,Babergh 006A,Criminal damage and arson,Under investigation,
a4cd85806f7d91e7d21994481a231ebed8b2acf48e79867d3e28dc77caac3b44,2026-06,Suffolk Constabulary,Suffolk Constabulary,0.777452,52.003538,On or near Upper Road,E01029880,Babergh 006A,Vehicle crime,Under investigation,
cb278722fc8f23870c3c70addc40de872faa946b1c8591624a0945429d2c9d2a,2026-06,Suffolk Constabulary,Suffolk Constabulary,0.777750,51.972585,On or near Pikes Marsh,E01029880,Babergh 006A,Vehicle crime,Investigation complete; no suspect identified,
95c866df794500d396883b4c1fec18ffe7113836e335145cf332a807ff63421b,2026-06,Suffolk Constabulary,Suffolk Constabulary,0.778115,51.974016,On or near Apple Tree Mews,E01029880,Babergh 006A,Vehicle crime,Under investigation,
b786ad69542e31c8cf179d7929556ce42f48918fc0cb36cb79970cb4685b8646,2026-06,Suffolk Constabulary,Suffolk Constabulary,0.779424,51.971628,On or near Tawneys Ride,E01029880,Babergh 006A,Violence and sexual offences,Under investigation,
93eebcd044f9552b3b3160d44938e9784e7573200bafacd0e54d934fa8621d7a,2026-06,Suffolk Constabulary,Suffolk Constabulary,0.775979,51.971494,On or near The Waldegraves,E01029880,Babergh 006A,Violence and sexual offences,Under investigation,
,2026-06,Suffolk Constabulary,Suffolk Constabulary,0.748825,52.051397,On or near St Mary'S Close,E01029921,Babergh 006B,Anti-social behaviour,,
c1c75a73dc01a2f1f301d36864939b3fba7a252b2ec274a4e58668f2fd47e3ff,2026-06,Suffolk Constabulary,Suffolk Constabulary,0.753120,52.045559,On or near Church Field Road,E01029921,Babergh 006B,Drugs,Awaiting court outcome,
16c0b22e4ac840af81a2059e4bd5062fc5fe108f4b5ea98eec6eecff19cce2ec,2026-06,Suffolk Constabulary,Suffolk Constabulary,0.775978,52.058791,On or near The Heath,E01029921,Babergh 006B,Public order,Under investigation,
d94b97d95438522a0c17f1b44a1a5e706715203db4b3245c287bbceac70a87eb,2026-06,Suffolk Constabulary,Suffolk Constabulary,0.775594,52.055194,On or near Garrison Lane,E01029921,Babergh 006B,Vehicle crime,Under investigation,
a79dae78e251e16b53dafd0c12d8b44fdec02daff9dc2b3571b951235c336548,2026-06,Suffolk Constabulary,Suffolk Constabulary,0.776603,52.059451,On or near The Heath,E01029921,Babergh 006B,Violence and sexual offences,Unable to prosecute suspect,
b8663240c0c41fa324ccdd2aea44654f7ae569a45a8691b86ed6b200e428f470,2026-06,Suffolk Constabulary,Suffolk Constabulary,0.776603,52.059451,On or near The Heath,E01029921,Babergh 006B,Violence and sexual offences,Unable to prosecute suspect,
,2026-06,Suffolk Constabulary,Suffolk Constabulary,0.760962,52.072001,On or near Sports/Recreation Area,E01029922,Babergh 006C,Anti-social behaviour,,
a5ddf294944ede4dddfc40c3d88bc16321c321266a243280bdf4028126cdcd34,2026-06,Suffolk Constabulary,Suffolk Constabulary,0.782126,52.056767,On or near Overing Avenue,E01029922,Babergh 006C,Drugs,Under investigation,
2efa6910b241d74c79504db985608f5c376a3e5e8ea212baa63d3de1e401dae9,2026-06,Suffolk Constabulary,Suffolk Constabulary,0.778724,52.056496,On or near Badleys Close,E01029922,Babergh 006C,Violence and sexual offences,Unable to prosecute suspect,
66b0594690943b29d35702b98018fa4f1e1499cc893163c6f8fd480dce80e470,2026-06,Suffolk Constabulary,Suffolk Constabulary,0.778724,52.056496,On or near Badleys Close,E01029922,Babergh 006C,Violence and sexual offences,Under investigation,
73d6611ad7bc2b8d9b23c50d680b478f64f4e2e2ee10982b9c9a20fc594a5cd0,2026-06,Suffolk Constabulary,Suffolk Constabulary,0.779186,52.054534,On or near Kenyon Drive,E01029922,Babergh 006C,Violence and sexual offences,Under investigation,
597b5b61a3984457997fae1e563da3e65b1badb2e58004c0769b6425cb88ebef,2026-06,Suffolk Constabulary,Suffolk Constabulary,0.779063,52.055373,On or near Alexander Drive,E01029922,Babergh 006C,Violence and sexual offences,Action to be taken by another organisation,
1a0e84b2a47e47b0731297bafad236ee3eb4b8eeaf6b32daeb2af9f97fb662e4,2026-06,Suffolk Constabulary,Suffolk Constabulary,0.759374,52.071547,On or near Walnut Close,E01029923,Babergh 006D,Other theft,Unable to prosecute suspect,
bb6462f52a1379ea063005fc7b1bcbb03d712796a21fb32c0f8649eb3c65348a,2026-06,Suffolk Constabulary,Suffolk Constabulary,0.761094,52.067496,On or near Canon Pugh Drive,E01029923,Babergh 006D,Public order,Under investigation,
7d3e99024edeb74a0ab96ab2a22d2afd5b7be230ffd726cc235292c29c4e3d57,2026-06,Suffolk Constabulary,Suffolk Constabulary,0.759374,52.071547,On or near Walnut Close,E01029923,Babergh 006D,Vehicle crime,Under investigation,
c05070ffac6ce48fa4fbd53075e277316a092f28842a629b696827cb2873c15b,2026-06,Suffolk Constabulary,Suffolk Constabulary,0.762937,52.071104,On or near Gotsfield Close,E01029923,Babergh 006D,Vehicle crime,Under investigation,
bb9a8476a70bafc6ced8e2a629f5ce1b8fc60be7040c56925010a63510bfde83,2026-06,Suffolk Constabulary,Suffolk Constabulary,0.758609,52.068138,On or near Tamage Road,E01029923,Babergh 006D,Violence and sexual offences,Under investigation,
,2026-06,Suffolk Constabulary,Suffolk Constabulary,0.734124,52.041883,On or near Upper East Street,E01029912,Babergh 007A,Anti-social behaviour,,
4215dcb22b8737901ed9ec1e5c24242b5846a39c7c1e1b71869a19b56a37746a,2026-06,Suffolk Constabulary,Suffolk Constabulary,0.739883,52.049006,On or near Essex Avenue,E01029912,Babergh 007A,Criminal damage and arson,Under investigation,
518d31ceb9fea79afaedcab30cbb4961b044a3aa9ac329429d8e70f27eadd6e2,2026-06,Suffolk Constabulary,Suffolk Constabulary,0.739883,52.049006,On or near Essex Avenue,E01029912,Babergh 007A,Criminal damage and arson,Under investigation,
1288b9f8c9fa7350f0c610802753f1ba6adc497392b684bedb8217f2f1649cbe,2026-06,Suffolk Constabulary,Suffolk Constabulary,0.734124,52.041883,On or near Upper East Street,E01029912,Babergh 007A,Criminal damage and arson,Under investigation,
f33ad1f26c1912a61f1bf9751bcc913275a9dee5476f8d3608eb63d26bb73d18,2026-06,Suffolk Constabulary,Suffolk Constabulary,0.734124,52.041883,On or near Upper East Street,E01029912,Babergh 007A,Drugs,Under investigation,
89666264e5389fa287a331eec7769d47255f0675bdcc5177bab9a3b846407a8f,2026-06,Suffolk Constabulary,Suffolk Constabulary,0.734043,52.039834,On or near Cavendish Way,E01029912,Babergh 007A,Public order,Under investigation,
808dd68422d34949ac1f30437d5eb9c0094362eacbe73878dc47aecd41562bce,2026-06,Suffolk Constabulary,Suffolk Constabulary,0.734124,52.041883,On or near Upper East Street,E01029912,Babergh 007A,Vehicle crime,Under investigation,
8e532886ebf433c4baeab61af4e8a1e4bd9c652481d7d45234d7eb6e73c391a9,2026-06,Suffolk Constabulary,Suffolk Constabulary,0.742971,52.046794,On or near First Avenue,E01029912,Babergh 007A,Violence and sexual offences,Under investigation,
27093c48ca331af36db84310dae472babde269262f614ccce741a0c5f087da07,2026-06,Suffolk Constabulary,Suffolk Constabulary,0.734124,52.041883,On or near Upper East Street,E01029912,Babergh 007A,Violence and sexual offences,Unable to prosecute suspect,
530d0b54173fc175f1495312412b9b596ee994009ab7cd063aff64041b3e928f,2026-06,Suffolk Constabulary,Suffolk Constabulary,0.739883,52.049006,On or near Essex Avenue,E01029912,Babergh 007A,Violence and sexual offences,Under investigation,
93b44739bd1a1567f14c88c4b12df9f72faa1551e6a625438c2da74a34c559a9,2026-06,Suffolk Constabulary,Suffolk Constabulary,0.739883,52.049006,On or near Essex Avenue,E01029912,Babergh 007A,Violence and sexual offences,Action to be taken by another organisation,
9de87c3ab288ce82e6f2d6d226887e0891f0dad47cc68208faf4ddaff66fba2f,2026-06,Suffolk Constabulary,Suffolk Constabulary,0.749683,52.040900,On or near Curzon Road,E01029913,Babergh 007B,Drugs,Awaiting court outcome,
897b5a149feb2ee954144afd2e9a3ce71df4d45f960d5fde085fa6f42afe59ce,2026-06,Suffolk Constabulary,Suffolk Constabulary,0.743316,52.044097,On or near Landsdown Road,E01029913,Babergh 007B,Vehicle crime,Under investigation,
18cc993790a14628a2f4baf88504351c2ba424714a498bad65e7264515cd9d77,2026-06,Suffolk Constabulary,Suffolk Constabulary,0.743316,52.044097,On or near Landsdown Road,E01029913,Babergh 007B,Vehicle crime,Under investigation,
91fefff23d0812c33454b385f3d71c2521bb26a38d8a3f6406251f1bac8f5d68,2026-06,Suffolk Constabulary,Suffolk Constabulary,0.743316,52.044097,On or near Landsdown Road,E01029913,Babergh 007B,Vehicle crime,Under investigation,
d3eea42e83c6cc6b13f8c85d49478d6b7f2974b4be0c5da817d1d33e1676a145,2026-06,Suffolk Constabulary,Suffolk Constabulary,0.740998,52.044349,On or near Wheelers Close,E01029913,Babergh 007B,Vehicle crime,Under investigation,
12c34ed2b08943dbe7a512a1ec1c733a6a7912170d423396e49f7eeb1a55d082,2026-06,Suffolk Constabulary,Suffolk Constabulary,0.737268,52.042970,On or near Harp Close Road,E01029913,Babergh 007B,Violence and sexual offences,Unable to prosecute suspect,
,2026-06,Suffolk Constabulary,Suffolk Constabulary,0.745954,52.048577,On or near Trafalgar Road,E01029914,Babergh 007C,Anti-social behaviour,,
8cfe7426d8569dff4e5708d1eeb2258bae18aff07ed4199302e6f10701eab202,2026-06,Suffolk Constabulary,Suffolk Constabulary,0.743886,52.051494,On or near Herbert Close,E01029914,Babergh 007C,Criminal damage and arson,Investigation complete; no suspect identified,
501ea126f642934e6603afd66b999c85fd27f94e46e63daa9bf6eb6152a86633,2026-06,Suffolk Constabulary,Suffolk Constabulary,0.743886,52.051494,On or near Herbert Close,E01029914,Babergh 007C,Criminal damage and arson,Under investigation,
001cc9234916c5385095b8c72bdfcad0a7626b8eaf0b36d2a43bed4bd45845b3,2026-06,Suffolk Constabulary,Suffolk Constabulary,0.743886,52.051494,On or near Herbert Close,E01029914,Babergh 007C,Criminal damage and arson,Under investigation,
802e39e213d669a2f23447a996ccb85e8cbc4ee6fa3d3cb51d42b6124892d264,2026-06,Suffolk Constabulary,Suffolk Constabulary,0.742107,52.049593,On or near Raleigh Close,E01029914,Babergh 007C,Criminal damage and arson,Under investigation,
78434d8ea9472402687080aa4cf64551e6457ecc808f45443b4d6458a1d3200b,2026-06,Suffolk Constabulary,Suffolk Constabulary,0.745272,52.051498,On or near Rimmer Close,E01029914,Babergh 007C,Criminal damage and arson,Under investigation,
1ca2e4e69d7a55c6208fa126b4bbf75640e9567be0a9ba5d13ed27ecde5131be,2026-06,Suffolk Constabulary,Suffolk Constabulary,0.743886,52.051494,On or near Herbert Close,E01029914,Babergh 007C,Drugs,Local resolution,
4e4ba7d94dff1e3b5969d03f5de484a5baa44c822cd554c201e3a5865784d423,2026-06,Suffolk Constabulary,Suffolk Constabulary,0.744747,52.051025,On or near Rubens Walk,E01029914,Babergh 007C,Drugs,Local resolution,
82e4b2b32b972e936d9d6b6ac7ee011944d5f07dc857905addde955c44b1e872,2026-06,Suffolk Constabulary,Suffolk Constabulary,0.743886,52.051494,On or near Herbert Close,E01029914,Babergh 007C,Other theft,Under investigation,
cd93c3ed2b7455572fc48e2facf289bd48e371e4ae32d6dd1a584f1cb0283891,2026-06,Suffolk Constabulary,Suffolk Constabulary,0.742107,52.049593,On or near Raleigh Close,E01029914,Babergh 007C,Violence and sexual offences,Under investigation,
f9e909b95887b6263510d18405bc9b19d58fbeeeea21130e36a54e688845f23d,2026-06,Suffolk Constabulary,Suffolk Constabulary,0.743886,52.051494,On or near Herbert Close,E01029914,Babergh 007C,Violence and sexual offences,Under investigation,
249993bdf245dbe326465cb2e96b715f6da702e2930527660f2fbbbadf5da475,2026-06,Suffolk Constabulary,Suffolk Constabulary,0.744573,52.048897,On or near Drake Road,E01029914,Babergh 007C,Violence and sexual offences,Under investigation,
861cf13393be151ed625c3315ca3ff2bf27df40a1eee700efe3bdb3baafbbbcc,2026-06,Suffolk Constabulary,Suffolk Constabulary,0.743262,52.048928,On or near Beatty Road,E01029914,Babergh 007C,Violence and sexual offences,Under investigation,
8b729f7e91c860659d085587fb5ae3a6c21133a1ef2583b7f6c190595cdbcb9c,2026-06,Suffolk Constabulary,Suffolk Constabulary,0.741191,52.047501,On or near Second Avenue,E01029914,Babergh 007C,Violence and sexual offences,Under investigation,
18fe7e3d6e1ea5b048248989b16dce26bf7005b6a864d274894b798b50989196,2026-06,Suffolk Constabulary,Suffolk Constabulary,0.744689,52.047932,On or near Nelson Road,E01029914,Babergh 007C,Violence and sexual offences,Action to be taken by another organisation,
f7a5446a2f49ced5c0e0811d987404dbdf265232d1bef695ab1f47624d28790b,2026-06,Suffolk Constabulary,Suffolk Constabulary,0.741191,52.047501,On or near Second Avenue,E01029914,Babergh 007C,Violence and sexual offences,Under investigation,
ebccbb86a48f21a631dd5933c53b99efc2b341dcec8f1f9b5242bacc0f4f6021,2026-06,Suffolk Constabulary,Suffolk Constabulary,0.739092,52.050617,On or near Grenville Road,E01029914,Babergh 007C,Violence and sexual offences,Under investigation,
6feed82221e11912e84f8b288e80293d4a35496edbb9581a45ac92c5717c9f17,2026-06,Suffolk Constabulary,Suffolk Constabulary,0.743262,52.048928,On or near Beatty Road,E01029914,Babergh 007C,Violence and sexual offences,Under investigation,
93bc15226e373fdc21a5e04b198a4492f28612a78a7dbeefc60603d59cc0080d,2026-06,Suffolk Constabulary,Suffolk Constabulary,0.744689,52.047932,On or near Nelson Road,E01029914,Babergh 007C,Violence and sexual offences,Action to be taken by another organisation,
594d888c63999f07b1baf461b22744efae2935484a3c29746e9712c2ae1a2a5a,2026-06,Suffolk Constabulary,Suffolk Constabulary,0.729012,52.043899,On or near Queens Road,E01029915,Babergh 007D,Vehicle crime,Under investigation,
2c11489729d827542da3ebeafa00db7a59e89da0d44c88874800af5cf8704039,2026-06,Suffolk Constabulary,Suffolk Constabulary,0.733262,52.043288,On or near Jubilee Road,E01029915,Babergh 007D,Vehicle crime,Under investigation,
a3575ccbb9a7df1155d8cb44af7b968e92118379d5e6a7d978c99d30fb1b5db5,2026-06,Suffolk Constabulary,Suffolk Constabulary,0.729012,52.043899,On or near Queens Road,E01029915,Babergh 007D,Vehicle crime,Under investigation,
0fed8c3d762a82216b65403303231b48da0cc7e0b7461a71e70da0e6f46fcdb2,2026-06,Suffolk Constabulary,Suffolk Constabulary,0.733104,52.042608,On or near Moulton Close,E01029915,Babergh 007D,Violence and sexual offences,Under investigation,
a9fc6f7ee2a851e838239fed6ff36ad7830375403bacd3047962d7c7a82f2d64,2026-06,Suffolk Constabulary,Suffolk Constabulary,0.733104,52.042608,On or near Moulton Close,E01029915,Babergh 007D,Violence and sexual offences,Under investigation,
32849a06430fdc1cf2e26aca5fd21f65e3e2b31cab7c0173c5acd3241e08dcad,2026-06,Suffolk Constabulary,Suffolk Constabulary,0.727304,52.046753,On or near New Queens Road,E01029915,Babergh 007D,Violence and sexual offences,Under investigation,
37ad9bc4db09080239558cf7b93d08e3cc9d8cbe97723a7e12b8afc0308ba664,2026-06,Suffolk Constabulary,Suffolk Constabulary,0.733262,52.043288,On or near Jubilee Road,E01029915,Babergh 007D,Violence and sexual offences,Local resolution,
8081c248b31f34499febd091cee701d9d0b8b535eec4b3898e873e8e63c317e9,2026-06,Suffolk Constabulary,Suffolk Constabulary,0.733104,52.042608,On or near Moulton Close,E01029915,Babergh 007D,Violence and sexual offences,Under investigation,
6e911358dc781a0f604a619e5df87217f99af85517af13980384df5cb000ffe8,2026-06,Suffolk Constabulary,Suffolk Constabulary,0.730106,52.044872,On or near Clarence Road,E01029915,Babergh 007D,Other crime,Under investigation,
,2026-06,Suffolk Constabulary,Suffolk Constabulary,0.739045,52.051283,On or near Mountbatten Road,E01029916,Babergh 007E,Anti-social behaviour,,
,2026-06,Suffolk Constabulary,Suffolk Constabulary,0.739581,52.051226,On or near Mountbatten Close,E01029916,Babergh 007E,Anti-social behaviour,,
,2026-06,Suffolk Constabulary,Suffolk Constabulary,0.732760,52.048201,On or near Hitchcock Place,E01029916,Babergh 007E,Anti-social behaviour,,
,2026-06,Suffolk Constabulary,Suffolk Constabulary,0.732042,52.051266,On or near Richard Burn Way,E01029916,Babergh 007E,Anti-social behaviour,,
,2026-06,Suffolk Constabulary,Suffolk Constabulary,0.739581,52.051226,On or near Mountbatten Close,E01029916,Babergh 007E,Anti-social behaviour,,
4a14e7b78f3a55870916b4621d430744c25cbbbf9d33f58a5ea33418cc05f81f,2026-06,Suffolk Constabulary,Suffolk Constabulary,0.734579,52.050758,On or near Rosemary Gardens,E01029916,Babergh 007E,Burglary,Under investigation,
d978f0b4d6477806f537860213c3253f6104c0a3c0a5de9d9aac3b46d35f5b29,2026-06,Suffolk Constabulary,Suffolk Constabulary,0.732760,52.048201,On or near Hitchcock Place,E01029916,Babergh 007E,Criminal damage and arson,Under investigation,
255fe7a78cb77ef87fb5e2aa42b1bbf95091f925fd14075d7733f661a0169150,2026-06,Suffolk Constabulary,Suffolk Constabulary,0.739581,52.051226,On or near Mountbatten Close,E01029916,Babergh 007E,Criminal damage and arson,Unable to prosecute suspect,
f677202bb036d040aaca3096d5a2250e2065e8b174138e11c6551ae6bf84b522,2026-06,Suffolk Constabulary,Suffolk Constabulary,0.739581,52.051226,On or near Mountbatten Close,E01029916,Babergh 007E,Other theft,Investigation complete; no suspect identified,
2a014d8360e4e40e585c09206711d5d14b63c450b5db22340a9ed66f1983e621,2026-06,Suffolk Constabulary,Suffolk Constabulary,0.730035,52.047526,On or near Manor Road,E01029916,Babergh 007E,Vehicle crime,Investigation complete; no suspect identified,
3e9cd709ea19dcb0d06aa7ebf4626e470829c933419e91182342097df2beb36f,2026-06,Suffolk Constabulary,Suffolk Constabulary,0.732042,52.051266,On or near Richard Burn Way,E01029916,Babergh 007E,Vehicle crime,Under investigation,
982e85a6eadb44321df75276c9e68783e28b1c04090c487c0def473ce70d798b,2026-06,Suffolk Constabulary,Suffolk Constabulary,0.732668,52.051000,On or near Barker Road,E01029916,Babergh 007E,Vehicle crime,Investigation complete; no suspect identified,
6e6d7811866fcb3c0a9043724c4097a83bced4c620393103f19d8590255688a1,2026-06,Suffolk Constabulary,Suffolk Constabulary,0.731994,52.049756,On or near Hillcrest Road,E01029916,Babergh 007E,Vehicle crime,Under investigation,
5fb89136feae93d8a1187e71a3c1b9d1811e54a6be03c965d1f2c3848bd02e0e,2026-06,Suffolk Constabulary,Suffolk Constabulary,0.730963,52.043845,On or near York Road,E01029916,Babergh 007E,Vehicle crime,Under investigation,
05f7cdd5fc2d53bd5156c076e37bb12ede4579a7b90b638bef999cec2aeae6fe,2026-06,Suffolk Constabulary,Suffolk Constabulary,0.734579,52.050758,On or near Rosemary Gardens,E01029916,Babergh 007E,Violence and sexual offences,Local resolution,
3953ebb5d9c63758f5ad6fa6049ad9ce1c412a4a01d8e725be3e6be63abed3f1,2026-06,Suffolk Constabulary,Suffolk Constabulary,0.732747,52.044892,On or near Mount View,E01029916,Babergh 007E,Violence and sexual offences,Under investigation,
b9875a848141660ae3c8e92d109b50bbf65b358a75f69c953b64d7d7fffdfc69,2026-06,Suffolk Constabulary,Suffolk Constabulary,0.731890,52.044696,On or near York Close,E01029916,Babergh 007E,Violence and sexual offences,Under investigation,
,2026-06,Suffolk Constabulary,Suffolk Constabulary,0.733044,52.035649,On or near Parking Area,E01029918,Babergh 007F,Anti-social behaviour,,
c00130dc58d6863cefae8d10edb553e6350e36585fbc3c4ce4dcb3a1e292c84d,2026-06,Suffolk Constabulary,Suffolk Constabulary,0.743464,52.036989,On or near Elm Road,E01029918,Babergh 007F,Criminal damage and arson,Investigation complete; no suspect identified,
8fd350f8fc77d9c0bc92161553e7a0b35d92bb8b389668c0cea5d4aeed8a1ccc,2026-06,Suffolk Constabulary,Suffolk Constabulary,0.732271,52.037564,On or near Hamilton Road,E01029918,Babergh 007F,Criminal damage and arson,Under investigation,
492518ffc640835405fe9383be2e667942e5989e474473122a8dd1dcbeae7cf9,2026-06,Suffolk Constabulary,Suffolk Constabulary,0.734903,52.036001,On or near Parking Area,E01029918,Babergh 007F,Drugs,Local resolution,
5a461df26e980ea37f2de3d198c686d6ead21c008e495ee0e60b93d0ea601647,2026-06,Suffolk Constabulary,Suffolk Constabulary,0.741911,52.038060,On or near Newton Croft,E01029918,Babergh 007F,Other theft,Under investigation,
a2f4f3a143887a4e91964cf903a15ac8d98bdca28fc29caef3e0e64e6f2a1fe2,2026-06,Suffolk Constabulary,Suffolk Constabulary,0.732853,52.036103,On or near Parking Area,E01029918,Babergh 007F,Other theft,Investigation complete; no suspect identified,
aec7099f7026bbf89652f7e08f18b4776a7e1dc1116c280a98e651518a99a173,2026-06,Suffolk Constabulary,Suffolk Constabulary,0.739514,52.036056,On or near Petrol Station,E01029918,Babergh 007F,Shoplifting,Investigation complete; no suspect identified,
dfe6ef45d6553fe689c4f0acfea996764662276a1574f26be0e59fd199360706,2026-06,Suffolk Constabulary,Suffolk Constabulary,0.739514,52.036056,On or near Petrol Station,E01029918,Babergh 007F,Shoplifting,Investigation complete; no suspect identified,
dac376e3c3d9c262bbb0ad2fb0cb4bed388088545169528817e5439fee80bed0,2026-06,Suffolk Constabulary,Suffolk Constabulary,0.739514,52.036056,On or near Petrol Station,E01029918,Babergh 007F,Shoplifting,Under investigation,
ef6d9c88f283c647d13b4316fe705804dda21540e0bf894097fc619321ec3d35,2026-06,Suffolk Constabulary,Suffolk Constabulary,0.732903,52.037397,On or near Great Eastern Road,E01029918,Babergh 007F,Shoplifting,Under investigation,
315485357e7f5fd21a60b9231e218b1c986d1d90808a1c5a7d416fd2b1d9f1c8,2026-06,Suffolk Constabulary,Suffolk Constabulary,0.739514,52.036056,On or near Petrol Station,E01029918,Babergh 007F,Shoplifting,Under investigation,
488476bd0b02f838febba042d78b3204eac8bcc3b3d306a026fbd32f9711ef17,2026-06,Suffolk Constabulary,Suffolk Constabulary,0.739514,52.036056,On or near Petrol Station,E01029918,Babergh 007F,Shoplifting,Under investigation,
c23e18a792f15374bdce9b41956741704f6821462aad329402aaf4639a9df3cf,2026-06,Suffolk Constabulary,Suffolk Constabulary,0.741767,52.035473,On or near Chilton Court,E01029918,Babergh 007F,Violence and sexual offences,Under investigation,
520efdfacbfed840aea8eb9461e9d17059d56ad7e443fe668b69a76960974c62,2026-06,Suffolk Constabulary,Suffolk Constabulary,0.738014,52.037278,On or near Lucas Road,E01029918,Babergh 007F,Violence and sexual offences,Unable to prosecute suspect,
d4c2d5d31813358cc3d33632ffb9bdb8ab812d9e6e8189b7f1a04df76d358478,2026-06,Suffolk Constabulary,Suffolk Constabulary,0.732271,52.037564,On or near Hamilton Road,E01029918,Babergh 007F,Violence and sexual offences,Unable to prosecute suspect,
ebb797f2249bb6877ae8266b9edc4383e39906cfaa5b4156fe019d4e6ae47d61,2026-06,Suffolk Constabulary,Suffolk Constabulary,0.732271,52.037564,On or near Hamilton Road,E01029918,Babergh 007F,Violence and sexual offences,Under investigation,
07fb993a327c2a4a2f2fa686e6b7f20564486f081f0bbd41ec1465350e85088c,2026-06,Suffolk Constabulary,Suffolk Constabulary,0.732853,52.036103,On or near Parking Area,E01029918,Babergh 007F,Violence and sexual offences,Under investigation,
,2026-06,Suffolk Constabulary,Suffolk Constabulary,0.716143,52.030824,On or near Robin Way,E01029919,Babergh 007G,Anti-social behaviour,,
be856fb0dfcfe12ed048c6a0bde6756dacf4a4ed98f8ab40bb421f36ab596399,2026-06,Suffolk Constabulary,Suffolk Constabulary,0.724210,52.038578,On or near Walnut Tree Lane,E01029919,Babergh 007G,Burglary,Under investigation,
c7dc3fd2e7dd317007eaa8251084f9f07c6d00c84630fef8bb2b17efb8ff0c4b,2026-06,Suffolk Constabulary,Suffolk Constabulary,0.721910,52.030484,On or near Middleton Road,E01029919,Babergh 007G,Criminal damage and arson,Under investigation,
fe0d5d3027168430aed3d7c8ac32d385a591c6a83fdd316d18db85c3d024e7b7,2026-06,Suffolk Constabulary,Suffolk Constabulary,0.719668,52.034852,On or near Parking Area,E01029919,Babergh 007G,Other theft,Unable to prosecute suspect,
b67def7e427c55fff0f6c6395df5fc5d54581df595da09c9a446e4c7ee4f0ad2,2026-06,Suffolk Constabulary,Suffolk Constabulary,0.716600,52.033128,On or near Shopping Area,E01029919,Babergh 007G,Violence and sexual offences,Under investigation,
28df79295bfc52581a1927cad9a1ab8a488bf962e3c2e487d33b96cca54e8896,2026-06,Suffolk Constabulary,Suffolk Constabulary,0.725726,52.037842,On or near Parking Area,E01029919,Babergh 007G,Violence and sexual offences,Under investigation,
29efdbfab251a166b49e67a322edb79cda235e34833c438037d77fac877d9687,2026-06,Suffolk Constabulary,Suffolk Constabulary,0.722525,52.037484,On or near Garden Place,E01029919,Babergh 007G,Violence and sexual offences,Investigation complete; no suspect identified,
63ff27fbe58ffcab8fad563ff79b7ecbad40515b28bd76d74f25afef70ee80ae,2026-06,Suffolk Constabulary,Suffolk Constabulary,0.725726,52.037842,On or near Parking Area,E01029919,Babergh 007G,Violence and sexual offences,Under investigation,
,2026-06,Suffolk Constabulary,Suffolk Constabulary,0.730020,52.040827,On or near North Street,E01029920,Babergh 007H,Anti-social behaviour,,
,2026-06,Suffolk Constabulary,Suffolk Constabulary,0.732140,52.041632,On or near Queens Close,E01029920,Babergh 007H,Anti-social behaviour,,
17c292b2883e8e79caaf938ac2b3424daa552eabe4196633650a3e7c3b48f8bd,2026-06,Suffolk Constabulary,Suffolk Constabulary,0.730020,52.040827,On or near North Street,E01029920,Babergh 007H,Burglary,Investigation complete; no suspect identified,
d69314ae4806d6b14be4aa968bc187c86a76c82d75ed09676ce1b2860148b5ee,2026-06,Suffolk Constabulary,Suffolk Constabulary,0.728583,52.041175,On or near Prince Street,E01029920,Babergh 007H,Burglary,Under investigation,
2114a65dcc3ff124d95d2e48d9b09ad420fff79e59e272386e0adae52f625e8f,2026-06,Suffolk Constabulary,Suffolk Constabulary,0.724122,52.035451,On or near Blackfriars,E01029920,Babergh 007H,Burglary,Under investigation,
debd6056c471cddd387c22d33955a6f414ce7768deef5c8008a3ded0d23b3773,2026-06,Suffolk Constabulary,Suffolk Constabulary,0.724122,52.035451,On or near Blackfriars,E01029920,Babergh 007H,Criminal damage and arson,Investigation complete; no suspect identified,
a5110e5e785445a5234388fff856a64d7a02707ae1ba4308a5c2740b4a90e261,2026-06,Suffolk Constabulary,Suffolk Constabulary,0.725110,52.035392,On or near Priory Gardens,E01029920,Babergh 007H,Drugs,Under investigation,
71c12ec48ff9489292f8ebf4620ef25ff181c965832bb175a7b1954f747cf507,2026-06,Suffolk Constabulary,Suffolk Constabulary,0.732584,52.039589,On or near Nightclub,E01029920,Babergh 007H,Public order,Under investigation,
a61871d1ea61cdb862d59e8a740af772b1e61f25945226ad664226319b767bda,2026-06,Suffolk Constabulary,Suffolk Constabulary,0.730020,52.040827,On or near North Street,E01029920,Babergh 007H,Shoplifting,Under investigation,
3f60356e1cef82be514c323bbec62b8d2c236a9cf43c968d746afcae7b590e06,2026-06,Suffolk Constabulary,Suffolk Constabulary,0.731414,52.040246,On or near Parking Area,E01029920,Babergh 007H,Shoplifting,Under investigation,
d17cb0c49f324aa7446584f2d18b93d93358bac4ce64b85ebbcfaba0e927c819,2026-06,Suffolk Constabulary,Suffolk Constabulary,0.732584,52.039589,On or near Nightclub,E01029920,Babergh 007H,Shoplifting,Under investigation,
a408a7dc0683a8eed05f10bdef395d716b1df683e7b044256f6a40da487c601d,2026-06,Suffolk Constabulary,Suffolk Constabulary,0.731336,52.036102,On or near Edgworth Road,E01029920,Babergh 007H,Theft from the person,Under investigation,
47ba8b1db46a82dad2b3e70e36b1a5ab8d0fdebe0a8d8ca3f747ec4310d57586,2026-06,Suffolk Constabulary,Suffolk Constabulary,0.730020,52.040827,On or near North Street,E01029920,Babergh 007H,Vehicle crime,Investigation complete; no suspect identified,
362196c9d7546ebb9420a2fa9da6758021cc9244587b13e5cab604c491a8494b,2026-06,Suffolk Constabulary,Suffolk Constabulary,0.730538,52.041184,On or near Girling Street,E01029920,Babergh 007H,Vehicle crime,Under investigation,
9334de6850adf062c14acb29f89a7893e62f2f7f810da8368657ae172c72aea8,2026-06,Suffolk Constabulary,Suffolk Constabulary,0.726547,52.039109,On or near Gregory Street,E01029920,Babergh 007H,Violence and sexual offences,Under investigation,
6e0e9038a7861567e8eac15406e67ecee606c0f3bc14c2a2939fd38736451ff2,2026-06,Suffolk Constabulary,Suffolk Constabulary,0.732584,52.039589,On or near Nightclub,E01029920,Babergh 007H,Violence and sexual offences,Under investigation,
2c53a9e2a865d31393aa23d9ad6469789fd611eeb86f07db62adf4380d833ca5,2026-06,Suffolk Constabulary,Suffolk Constabulary,0.728583,52.041175,On or near Prince Street,E01029920,Babergh 007H,Violence and sexual offences,Under investigation,
f0085b8f509616953d8c6ed15072f8a3d19c29617d766e6b53fe2d0f7579f8dd,2026-06,Suffolk Constabulary,Suffolk Constabulary,0.728583,52.041175,On or near Prince Street,E01029920,Babergh 007H,Violence and sexual offences,Under investigation,
72f2933f229de68dc4f300fd81c92e75dc76547b6011eb55f098056cb6d810ea,2026-06,Suffolk Constabulary,Suffolk Constabulary,0.729783,52.039564,On or near Gaol Lane,E01029920,Babergh 007H,Violence and sexual offences,Under investigation,
51bae00b710347e1ccbc911ca4e3f58d090b48cbc141256fb87708141325761d,2026-06,Suffolk Constabulary,Suffolk Constabulary,0.732584,52.039589,On or near Nightclub,E01029920,Babergh 007H,Violence and sexual offences,Unable to prosecute suspect,
8972a3b25fe9126c8fca3c83a1440eca925060dca4001f4d1f591994eaf37537,2026-06,Suffolk Constabulary,Suffolk Constabulary,0.730363,52.038319,On or near Market Hill,E01029920,Babergh 007H,Violence and sexual offences,Under investigation,
d9b82c4e80470d30029301de765a0740a388927421589742602896d134145d72,2026-06,Suffolk Constabulary,Suffolk Constabulary,0.730363,52.038319,On or near Market Hill,E01029920,Babergh 007H,Violence and sexual offences,Investigation complete; no suspect identified,
f284f964983b4a33d36d03850278d923cb8d6f3b1d53b30e82a71874ea2065db,2026-06,Suffolk Constabulary,Suffolk Constabulary,0.729123,52.039022,On or near Burkitts Lane,E01029920,Babergh 007H,Violence and sexual offences,Under investigation,
f165768ae12c1d3fe3bc924e4f4d9f3de4d7f160f24b4ac0004299ec3e934263,2026-06,Suffolk Constabulary,Suffolk Constabulary,0.729701,52.036787,On or near Redhouse Lane,E01029920,Babergh 007H,Violence and sexual offences,Unable to prosecute suspect,
0947fd7ed4c2e8bdf01dd3b8497032749bf5d377255a99568e62237323e1d3ec,2026-06,Suffolk Constabulary,Suffolk Constabulary,0.732584,52.039589,On or near Nightclub,E01029920,Babergh 007H,Violence and sexual offences,Under investigation,
ee315845f00944d6872d428977ddc10d30f218cb313e1a430e429c48b550a48d,2026-06,Suffolk Constabulary,Suffolk Constabulary,0.726547,52.039109,On or near Gregory Street,E01029920,Babergh 007H,Violence and sexual offences,Unable to prosecute suspect,
85908b77fa680adffaea17910d8613d794256324f7baef1f17702b4d72fae974,2026-06,Suffolk Constabulary,Suffolk Constabulary,0.726547,52.039109,On or near Gregory Street,E01029920,Babergh 007H,Violence and sexual offences,Under investigation,
,2026-06,Suffolk Constabulary,Suffolk Constabulary,0.747928,52.035581,On or near Cherrytree Road,E01029886,Babergh 008A,Anti-social behaviour,,
a1f462636961546055d04873d024a6e18086fa356f65c630bafe808063f4fb2e,2026-06,Suffolk Constabulary,Suffolk Constabulary,0.748940,52.032590,On or near Cornerth Crescent,E01029886,Babergh 008A,Criminal damage and arson,Under investigation,
50b9287ec4d8cc969cd0c9190cadcd02be6b302e4cad28216a963202c7e7cae1,2026-06,Suffolk Constabulary,Suffolk Constabulary,0.747928,52.035581,On or near Cherrytree Road,E01029886,Babergh 008A,Criminal damage and arson,Under investigation,
20d4fc9aed33b406b2474b43640e62db5f814e1d443df70674be532e073bdff0,2026-06,Suffolk Constabulary,Suffolk Constabulary,0.748940,52.032590,On or near Cornerth Crescent,E01029886,Babergh 008A,Other theft,Under investigation,
be5f502cbddf8da3a55741a79c183f8c178c6a4f7c1f7521e5c85f0eb5ced88f,2026-06,Suffolk Constabulary,Suffolk Constabulary,0.747928,52.035581,On or near Cherrytree Road,E01029886,Babergh 008A,Shoplifting,Under investigation,
9384ac0e1d2f13e060055a930407a446cb73ae6d69550d4b1c9342e5261aed70,2026-06,Suffolk Constabulary,Suffolk Constabulary,0.747928,52.035581,On or near Cherrytree Road,E01029886,Babergh 008A,Violence and sexual offences,Under investigation,
274494bd62edf12254552d8c216aee1a912b65e0b9a9beb53462877fdd468571,2026-06,Suffolk Constabulary,Suffolk Constabulary,0.748466,52.033896,On or near Butt Road,E01029886,Babergh 008A,Violence and sexual offences,Under investigation,
c21fb5f719300fb6336119114d5568da6aa8cf093106ffc88e28e6edfca33598,2026-06,Suffolk Constabulary,Suffolk Constabulary,0.747928,52.035581,On or near Cherrytree Road,E01029886,Babergh 008A,Violence and sexual offences,Under investigation,
a631ed3835119c9aa198d077600434a2d0559e42e098c48cb3a360f6272ffab3,2026-06,Suffolk Constabulary,Suffolk Constabulary,0.742819,52.033596,On or near Kings Hill,E01029886,Babergh 008A,Other crime,Under investigation,
e9e5360a7669a52f47b19791f30f869b64172f5df43a23482be13de0d1d53e88,2026-06,Suffolk Constabulary,Suffolk Constabulary,0.751048,52.028691,On or near Recreation Walk,E01029887,Babergh 008B,Drugs,Local resolution,
17640d029e7446919e530549a181bb64778e53a4680df41f4834fe757db7fb71,2026-06,Suffolk Constabulary,Suffolk Constabulary,0.753207,52.030368,On or near Maple Road,E01029887,Babergh 008B,Drugs,Awaiting court outcome,
3f7281a3ef543c50cca2e1b1b90fdf05f3b612501603c5c564900558cbc83911,2026-06,Suffolk Constabulary,Suffolk Constabulary,0.742571,52.027396,On or near Dove House Meadow,E01029887,Babergh 008B,Violence and sexual offences,Under investigation,
16a366f63c87b349a002a5329da93b9eee1d4227c2e828ec97d66fc398702c47,2026-06,Suffolk Constabulary,Suffolk Constabulary,0.742571,52.027396,On or near Dove House Meadow,E01029887,Babergh 008B,Other crime,Under investigation,
cd6b07f2b52af9cd00afc2957d371bb82c4c7d1a580629b1d7fd4e41be2e8ec8,2026-06,Suffolk Constabulary,Suffolk Constabulary,0.745669,52.027036,On or near Phillips Field Road,E01029887,Babergh 008B,Other crime,Under investigation,
f49e2a619051669e517e5315ba2557f40b6888aa4a489a8b62fb19f08e3dcc2a,2026-06,Suffolk Constabulary,Suffolk Constabulary,0.750885,52.038867,On or near Maldon Court,E01029888,Babergh 008C,Violence and sexual offences,Under investigation,
cddfed74c47857036171df31f3a1ca65ddbd8472a8fb69205317f721dc885d56,2026-06,Suffolk Constabulary,Suffolk Constabulary,0.749345,52.039676,On or near Percy Ruse Close,E01029888,Babergh 008C,Violence and sexual offences,Under investigation,
23fff28dc9f133bd7d241582ff0af265111be875442c259556e1d9c404d97bb3,2026-06,Suffolk Constabulary,Suffolk Constabulary,0.755840,52.030279,On or near Supermarket,E01029889,Babergh 008D,Other theft,Under investigation,
304741157745654fc595a0abd68126c0e90d6ad527a373df0bdf51aeb56533c2,2026-06,Suffolk Constabulary,Suffolk Constabulary,0.761024,52.030877,On or near Sheepshead Hill,E01029889,Babergh 008D,Other theft,Investigation complete; no suspect identified,
6f78a0ea8596bfed8af84dbbd0f7b313e1b3dd302095e1d0384844a1592ccc34,2026-06,Suffolk Constabulary,Suffolk Constabulary,0.755840,52.030279,On or near Supermarket,E01029889,Babergh 008D,Shoplifting,Under investigation,
63bad518e1205874ac80c9a70906747c65893e8015618b258d2386ac80f328f7,2026-06,Suffolk Constabulary,Suffolk Constabulary,0.760764,52.029507,On or near Grace Farrant Road,E01029890,Babergh 008E,Criminal damage and arson,Under investigation,
a1716c84691448617121f050c1687c2f4d8d985e96b73afb281b94717b0984a8,2026-06,Suffolk Constabulary,Suffolk Constabulary,0.760764,52.029507,On or near Grace Farrant Road,E01029890,Babergh 008E,Other theft,Under investigation,
0c7862b111ec4e3b1ff05a73433163ae5694170295b410319935b64886a5d598,2026-06,Suffolk Constabulary,Suffolk Constabulary,0.760764,52.029507,On or near Grace Farrant Road,E01029890,Babergh 008E,Violence and sexual offences,Under investigation,
fb7b5be1aafca887e4970c54feba4c2db9dc6380cc600279cd468523ae292469,2026-06,Suffolk Constabulary,Suffolk Constabulary,0.760855,52.028147,On or near Brands Close,E01029890,Babergh 008E,Violence and sexual offences,Under investigation,
67247000d18cc4e5a6d8e57e18938e59275c8d47dc5f0d7ee60b4c0d2722b11e,2026-06,Suffolk Constabulary,Suffolk Constabulary,0.759085,52.026867,On or near Lionel Hurst Close,E01029890,Babergh 008E,Violence and sexual offences,Action to be taken by another organisation,
,2026-06,Suffolk Constabulary,Suffolk Constabulary,0.757016,52.026169,On or near Guy Cook Close,E01029891,Babergh 008F,Anti-social behaviour,,
,2026-06,Suffolk Constabulary,Suffolk Constabulary,0.747323,52.022870,On or near Grantham Avenue,E01029891,Babergh 008F,Anti-social behaviour,,
5272385194f5c1e4b2d2553d51fdac73b1fe42b75d2366bcc54ad632bf3a271e,2026-06,Suffolk Constabulary,Suffolk Constabulary,0.747323,52.022870,On or near Grantham Avenue,E01029891,Babergh 008F,Criminal damage and arson,Investigation complete; no suspect identified,
0261891b69b2bd1584bf36f690fe6a24f3de25d4dbeb3369936611c72f197cf6,2026-06,Suffolk Constabulary,Suffolk Constabulary,0.746942,52.021881,On or near Freestone Way,E01029891,Babergh 008F,Other theft,Under investigation,
2c0186719929f6bd7d0c211be959ba432c7a611867d1dbc922f8ddafb07c8343,2026-06,Suffolk Constabulary,Suffolk Constabulary,0.746942,52.021881,On or near Freestone Way,E01029891,Babergh 008F,Other theft,Unable to prosecute suspect,
9cb606e6b6a52aaa8cfd2ae1eae58da77052ac2304ec824624a211793a07554b,2026-06,Suffolk Constabulary,Suffolk Constabulary,0.747323,52.022870,On or near Grantham Avenue,E01029891,Babergh 008F,Public order,Unable to prosecute suspect,
200edc3a16bdc3a0ef45b216de0153c5b596adac07de091c6f506300d65a1d16,2026-06,Suffolk Constabulary,Suffolk Constabulary,0.747323,52.022870,On or near Grantham Avenue,E01029891,Babergh 008F,Violence and sexual offences,Under investigation,
d0bc3aaec201462f451c534694fee6406c6d701d72e0f778f901e84e83f6e696,2026-06,Suffolk Constabulary,Suffolk Constabulary,0.750781,52.026476,On or near Nursery Road,E01029891,Babergh 008F,Violence and sexual offences,Under investigation,
83b90e44f8cbb5af37851423b0c27d01cff532f3b049fa6423949ad766575a6c,2026-06,Suffolk Constabulary,Suffolk Constabulary,0.746234,52.021519,On or near Bures Road,E01029891,Babergh 008F,Violence and sexual offences,Under investigation,
,2026-06,Suffolk Constabulary,Suffolk Constabulary,0.855797,52.032268,On or near Partridge Close,E01029875,Babergh 009A,Anti-social behaviour,,
,2026-06,Suffolk Constabulary,Suffolk Constabulary,0.864113,52.028001,On or near Sand Hill,E01029875,Babergh 009A,Anti-social behaviour,,
d8b87d8da01eeb7883a7bcda3e64fbc210b918829c7eb6aa4b98bd58d5598e10,2026-06,Suffolk Constabulary,Suffolk Constabulary,0.862408,52.028024,On or near The Causeway,E01029875,Babergh 009A,Criminal damage and arson,Unable to prosecute suspect,
5a27160e71cc730faeddd536241c36852771855983f844ed6048a440bd8c5705,2026-06,Suffolk Constabulary,Suffolk Constabulary,0.863830,52.029510,On or near Fen Street,E01029875,Babergh 009A,Criminal damage and arson,Under investigation,
8e0a8b555538541ed4889e03cefa537eaf2bc8f91e9374e51cf35caafc8cdb82,2026-06,Suffolk Constabulary,Suffolk Constabulary,0.865963,52.028900,On or near Cox Hill,E01029875,Babergh 009A,Criminal damage and arson,Under investigation,
b2d41cb6d5eacfe1e5e092f40bb2407eaf98edd74a5fc718b0f321c1443b7943,2026-06,Suffolk Constabulary,Suffolk Constabulary,0.874646,52.022420,On or near Wash Lane,E01029875,Babergh 009A,Other theft,Investigation complete; no suspect identified,
b0c42c88d129493ada92b6666ae1f72531b7bd6b223a6525c58389c3440f3b26,2026-06,Suffolk Constabulary,Suffolk Constabulary,0.870554,52.040930,On or near Bulmer Lane,E01029875,Babergh 009A,Public order,Under investigation,
d56f36504b69aff9f99576c73a3062f5d3dcac92e59bb713c6ff1f35fd97db10,2026-06,Suffolk Constabulary,Suffolk Constabulary,0.855797,52.032268,On or near Partridge Close,E01029875,Babergh 009A,Public order,Under investigation,
31196feed39c95fc68cb08668ad39ecafba7ecd3da81c00d7a757dedc89d893e,2026-06,Suffolk Constabulary,Suffolk Constabulary,0.863830,52.029510,On or near Fen Street,E01029875,Babergh 009A,Violence and sexual offences,Under investigation,
f6d0ba606869a55b8f3f8b3148567d21b3f64fb94ceb46b644b57b51b6f12d3f,2026-06,Suffolk Constabulary,Suffolk Constabulary,0.816132,52.002214,On or near Sports/Recreation Area,E01029899,Babergh 009B,Criminal damage and arson,Under investigation,
25575cd3c93b7774cabcb0a9f706317f91496ba50fcded2ab486ee3e2b620687,2026-06,Suffolk Constabulary,Suffolk Constabulary,0.837604,51.992732,On or near Hawthorn Way,E01029899,Babergh 009B,Vehicle crime,Under investigation,
5be862552090de00a22fb0cdf5b2784e5062bcfba46630464fee2e0ee3d73554,2026-06,Suffolk Constabulary,Suffolk Constabulary,0.816132,52.002214,On or near Sports/Recreation Area,E01029899,Babergh 009B,Violence and sexual offences,Under investigation,
761e254409365b023f7541a2bdcc828712a53a5c84f22231218ec498bf730e11,2026-06,Suffolk Constabulary,Suffolk Constabulary,0.819528,52.001809,On or near Barracks Road,E01029899,Babergh 009B,Violence and sexual offences,Unable to prosecute suspect,
1d8434b880b358632ec0069cd0db2b92fdf5cc9b4334c9539808abe8d5880979,2026-06,Suffolk Constabulary,Suffolk Constabulary,0.816132,52.002214,On or near Sports/Recreation Area,E01029899,Babergh 009B,Violence and sexual offences,Under investigation,
587f3dad1d644b95a79ec3d38357fd853c0ba662816edaf04bf5f156837d3922,2026-06,Suffolk Constabulary,Suffolk Constabulary,0.816132,52.002214,On or near Sports/Recreation Area,E01029899,Babergh 009B,Violence and sexual offences,Unable to prosecute suspect,
890c2ea642df61f4373da4b44e9f510aa3265f8e8475422021efb4e6b7d173e0,2026-06,Suffolk Constabulary,Suffolk Constabulary,0.974611,52.011501,On or near Wade'S Lane,E01029902,Babergh 009C,Burglary,Under investigation,
e3618c0fd581846a5d0828fdacd1ca629a8e8f16c8b6b8c957e83b31b2baae35,2026-06,Suffolk Constabulary,Suffolk Constabulary,0.962980,52.026715,On or near Mill Lane,E01029902,Babergh 009C,Other theft,Under investigation,
dba9dd2391c83f929f33e2c3087fcb343913f0dd05a9ffc773e56b2075c4bdcc,2026-06,Suffolk Constabulary,Suffolk Constabulary,0.988358,52.005864,On or near Rectory Close,E01029902,Babergh 009C,Other theft,Under investigation,
421981d93606771c6de4c57e3498b6f78afa992a51346405594d889ecafe528e,2026-06,Suffolk Constabulary,Suffolk Constabulary,0.894517,52.017482,On or near Holt Road,E01029902,Babergh 009C,Other theft,Investigation complete; no suspect identified,
a53f0d6a0d0e3447995ed9ac4f3677c43df8e83b309aa4934a38b2e36471b7a6,2026-06,Suffolk Constabulary,Suffolk Constabulary,0.938819,52.002876,On or near Becketts Lane,E01029902,Babergh 009C,Vehicle crime,Under investigation,
f4ba7c74a22d977aac79776c3657c25e9c8843f31398dabfb1211b70afa7ce56,2026-06,Suffolk Constabulary,Suffolk Constabulary,1.004007,52.025405,On or near Woodlands Road,E01029902,Babergh 009C,Violence and sexual offences,Under investigation,
68d9579d2ab80a3acda7207c653a64c4a75475899b47ff0053f9c2aabb15e68f,2026-06,Suffolk Constabulary,Suffolk Constabulary,0.962980,52.026715,On or near Mill Lane,E01029902,Babergh 009C,Violence and sexual offences,Under investigation,
9927d88a274ebb1ce46686682d742000a01881a1c680ba65b5bdead9d51015d7,2026-06,Suffolk Constabulary,Suffolk Constabulary,0.969472,52.024348,On or near Upper Street,E01029902,Babergh 009C,Violence and sexual offences,Unable to prosecute suspect,
3580e34ddf98efbd52c02470a8486e8ad6a9f1c8a4790e6af4599ed3a9b8de07,2026-06,Suffolk Constabulary,Suffolk Constabulary,0.969472,52.024348,On or near Upper Street,E01029902,Babergh 009C,Violence and sexual offences,Under investigation,
f58acb024f1a80f0e4aefbee244f59674635ce18a574e67a6d08507b8623a1a4,2026-06,Suffolk Constabulary,Suffolk Constabulary,0.962980,52.026715,On or near Mill Lane,E01029902,Babergh 009C,Violence and sexual offences,Under investigation,
c21897666f82a54f8f0328ea783f2e927402ddfe09f524e2eaf4a9789a233477,2026-06,Suffolk Constabulary,Suffolk Constabulary,0.847129,51.967672,On or near Parking Area,E01029906,Babergh 009D,Violence and sexual offences,Action to be taken by another organisation,
,2026-06,Suffolk Constabulary,Suffolk Constabulary,1.065571,51.961185,On or near Pattern Bush Close,E01029870,Babergh 010A,Anti-social behaviour,,
a60a8ba66fac3952631f0c40003dc3a46c57c571d0ebf4adcd513a830d1240c5,2026-06,Suffolk Constabulary,Suffolk Constabulary,1.066375,51.960589,On or near Brooklands Road,E01029870,Babergh 010A,Criminal damage and arson,Under investigation,
6da398c56a0ae889cbc4558bbb3a5b65d168648e197dec57af0002e108b419ca,2026-06,Suffolk Constabulary,Suffolk Constabulary,1.058009,51.957029,On or near Bridge Place,E01029870,Babergh 010A,Drugs,Under investigation,
693671d50981cba66fe757b232556299dd5cbb86939e787122ce2c1e14f3db8f,2026-06,Suffolk Constabulary,Suffolk Constabulary,1.058009,51.957029,On or near Bridge Place,E01029870,Babergh 010A,Drugs,Under investigation,
568f368ab59abbfa857235df1ffebb37982aad4a6898cc280e40e94f050ded15,2026-06,Suffolk Constabulary,Suffolk Constabulary,1.063662,51.960308,On or near Brooklands Road,E01029870,Babergh 010A,Public order,Under investigation,
6904a608ff8e4591f40471a77b7c7945d8d69b2f3814a97fed3206cf7e5f8579,2026-06,Suffolk Constabulary,Suffolk Constabulary,1.063662,51.960308,On or near Brooklands Road,E01029870,Babergh 010A,Violence and sexual offences,Under investigation,
ce9db3324b28c8b5584e199358f6e20e4f9a6b57c6c19a26dbba17194b8b86a5,2026-06,Suffolk Constabulary,Suffolk Constabulary,1.061360,51.958992,On or near Hardy Close,E01029870,Babergh 010A,Violence and sexual offences,Unable to prosecute suspect,
18e0af1de7f2973d833fac4eaa9097bb7b8448f46c41f3487597856cf8a1c750,2026-06,Suffolk Constabulary,Suffolk Constabulary,1.061360,51.958992,On or near Hardy Close,E01029870,Babergh 010A,Violence and sexual offences,Unable to prosecute suspect,
d12fc986257f7cde48000e0ae88d5bca7ed84ad889657e0a4bca081dfd63a377,2026-06,Suffolk Constabulary,Suffolk Constabulary,1.065917,51.965610,On or near Birch Drive,E01029872,Babergh 010B,Violence and sexual offences,Under investigation,
b98e0648c7bfd5e1ba913f83f17c8249c2754f96fc4fbe8703682a066f426ed5,2026-06,Suffolk Constabulary,Suffolk Constabulary,1.087325,51.968216,On or near The Street,E01029872,Babergh 010B,Violence and sexual offences,Unable to prosecute suspect,
,2026-06,Suffolk Constabulary,Suffolk Constabulary,1.012811,51.976587,On or near Elm Road,E01029882,Babergh 010C,Anti-social behaviour,,
d3fe88940fa5e622333817d93a9e142fd6ef05c144d897ce4b7889440e825537,2026-06,Suffolk Constabulary,Suffolk Constabulary,1.012198,51.979607,On or near Collingwood Fields,E01029882,Babergh 010C,Violence and sexual offences,Under investigation,
489bf9307dde980e1bec18eae4b47a5f34fd9f40cddb7898e92f89ce24300444,2026-06,Suffolk Constabulary,Suffolk Constabulary,1.013149,51.979663,On or near Foxhall Close,E01029882,Babergh 010C,Violence and sexual offences,Under investigation,
1d78d4f161cd9b55acd321359a03f0a1cd282a1c84d489bc1d0a197efe14b60f,2026-06,Suffolk Constabulary,Suffolk Constabulary,1.012198,51.979607,On or near Collingwood Fields,E01029882,Babergh 010C,Violence and sexual offences,Unable to prosecute suspect,
9afc1c6dfe937b98468745f629db19910737ca361f540d979e46edf33e3f1264,2026-06,Suffolk Constabulary,Suffolk Constabulary,1.012198,51.979607,On or near Collingwood Fields,E01029882,Babergh 010C,Violence and sexual offences,Unable to prosecute suspect,
4cf564ece5822282c94da2850e5407569cc7f4571ca131a14a44cb2a162bfcaa,2026-06,Suffolk Constabulary,Suffolk Constabulary,1.012198,51.979607,On or near Collingwood Fields,E01029882,Babergh 010C,Violence and sexual offences,Unable to prosecute suspect,
48cf195eb4658ef5709a7a0fb17ad1e5f279a49eb32aa3447b271a0bf60494ac,2026-06,Suffolk Constabulary,Suffolk Constabulary,1.012198,51.979607,On or near Collingwood Fields,E01029882,Babergh 010C,Violence and sexual offences,Under investigation,
509f60ba4bf333ae165902a14b931c8065ed726a8276999454aea127697b8db0,2026-06,Suffolk Constabulary,Suffolk Constabulary,1.013845,51.978530,On or near Foxhall Fields,E01029882,Babergh 010C,Violence and sexual offences,Under investigation,
5b4cea6435f4ec0c2fd12bb5cd8229b314d800213b8ff7de463863777197097a,2026-06,Suffolk Constabulary,Suffolk Constabulary,1.012198,51.979607,On or near Collingwood Fields,E01029882,Babergh 010C,Violence and sexual offences,Unable to prosecute suspect,
feda0d95264bf1a2b34c39c2901ba5ace9ddb429b627c56cfb3db19f5a8de8c9,2026-06,Suffolk Constabulary,Suffolk Constabulary,1.025146,51.977656,On or near Heath Close,E01029883,Babergh 010D,Burglary,Under investigation,
df57268577fcfe1f22166cf9f062c09c7a1b31962fd2499c82869d98c8ab0844,2026-06,Suffolk Constabulary,Suffolk Constabulary,1.070777,51.989191,On or near Link Lane,E01029883,Babergh 010D,Criminal damage and arson,Unable to prosecute suspect,
827439548d4819f3f3f646d23049bb61b7fdba984498e5eab4be5f1045f9b506,2026-06,Suffolk Constabulary,Suffolk Constabulary,1.025146,51.977656,On or near Heath Close,E01029883,Babergh 010D,Other theft,Investigation complete; no suspect identified,
c634022c05f5e292aa4283bf05e8c41d7f2e406e55003e5be33052e784423d20,2026-06,Suffolk Constabulary,Suffolk Constabulary,1.054346,51.975732,On or near East End Road,E01029883,Babergh 010D,Public order,Under investigation,
1ee3fa724a4a40a46c42111b465c9ef9bbd3f5941ab2dbf69a1c27b718c4fa3c,2026-06,Suffolk Constabulary,Suffolk Constabulary,1.077776,51.991194,On or near Highfields,E01029883,Babergh 010D,Violence and sexual offences,Investigation complete; no suspect identified,
832bc5aacbe11e85fa7b49d91e1651f6e46622808575fc46f062c1732c3b2115,2026-06,Suffolk Constabulary,Suffolk Constabulary,1.025146,51.977656,On or near Heath Close,E01029883,Babergh 010D,Violence and sexual offences,Under investigation,
b499927e1b8e1b389428caedae33467613173afff99975ac70ef7e62b2ced86c,2026-06,Suffolk Constabulary,Suffolk Constabulary,1.061822,51.971536,On or near Broom Knoll,E01029883,Babergh 010D,Other crime,Under investigation,
84368d38ef5e235d31938ac620a4befd9801be9226d50f17c965661fc72884be,2026-06,Suffolk Constabulary,Suffolk Constabulary,1.045072,51.996607,On or near Parking Area,E01029903,Babergh 010E,Criminal damage and arson,Unable to prosecute suspect,
053a7f39788c34f9bbb3c1bdf1e68e92c7e506c6d0b5df047901599518038422,2026-06,Suffolk Constabulary,Suffolk Constabulary,1.057456,52.003485,On or near Petrol Station,E01029903,Babergh 010E,Other theft,Under investigation,
85d9d9b612ad4d833afd2dc7bf15e1545616896ab34292747059807f502d7120,2026-06,Suffolk Constabulary,Suffolk Constabulary,1.034770,52.007987,On or near Brook Lane,E01029903,Babergh 010E,Vehicle crime,Investigation complete; no suspect identified,
5f7380c2d8cd853007111b104dbfe83aeadf5bbed9ba0d54398bef54e6c50372,2026-06,Suffolk Constabulary,Suffolk Constabulary,1.057456,52.003485,On or near Petrol Station,E01029903,Babergh 010E,Vehicle crime,Investigation complete; no suspect identified,
98cdc7035822d7b42e81e33e76519ca41ea735649d9e19d99143e35c682ffe8b,2026-06,Suffolk Constabulary,Suffolk Constabulary,1.054051,52.005635,On or near Penn Close,E01029903,Babergh 010E,Violence and sexual offences,Under investigation,
6fdb46adcb4438a0623773a88f8543cdead2e77d29fda94bf6e9bac5c41f5a8e,2026-06,Suffolk Constabulary,Suffolk Constabulary,1.054051,52.005635,On or near Penn Close,E01029903,Babergh 010E,Violence and sexual offences,Under investigation,
250613975ace03d1f870d758d79269bd112fbc9b74c661145f7560137811deda,2026-06,Suffolk Constabulary,Suffolk Constabulary,1.054051,52.005635,On or near Penn Close,E01029903,Babergh 010E,Violence and sexual offences,Under investigation,
bdbcff6b0cf2a3c01afdb662c64153dd8543eff682ff8871bd411405ad0cb734,2026-06,Suffolk Constabulary,Suffolk Constabulary,1.050064,52.003796,On or near Supermarket,E01029904,Babergh 010F,Shoplifting,Under investigation,
71000c3f325ec008924173fa45614a92adc7146c9d33763bbb4eb683d6d2fbf5,2026-06,Suffolk Constabulary,Suffolk Constabulary,0.971980,51.965871,On or near The Street,E01029905,Babergh 010G,Violence and sexual offences,Unable to prosecute suspect,
,2026-06,Suffolk Constabulary,Suffolk Constabulary,1.136911,51.970601,On or near Holbrook Road,E01029871,Babergh 011A,Anti-social behaviour,,
719cb2ba5a35b97435ede1ea99f13e6fcb18570854709065de15aa07ac949018,2026-06,Suffolk Constabulary,Suffolk Constabulary,1.094413,51.979362,On or near Parking Area,E01029871,Babergh 011A,Burglary,Under investigation,
ac2083a695115a59819f7926f40af03c59f8a7d6da4ae19c4094a081f8b09bc2,2026-06,Suffolk Constabulary,Suffolk Constabulary,1.133035,51.968897,On or near Stutton Close,E01029871,Babergh 011A,Criminal damage and arson,Under investigation,
2825d3abc0025fec514a37ce89368424aea196954ce0f5de2d2ed3a65b77853c,2026-06,Suffolk Constabulary,Suffolk Constabulary,1.136911,51.970601,On or near Holbrook Road,E01029871,Babergh 011A,Other theft,Under investigation,
38d749fe9d2827c3fcb46d852c5d569eab7af1bc9770c5453efa8f08a46ceee0,2026-06,Suffolk Constabulary,Suffolk Constabulary,1.129487,51.967912,On or near Hyam'S Lane,E01029871,Babergh 011A,Theft from the person,Under investigation,
14dace8dd8ec11b60401cca302003eb7b4a55cb8a45fa5b98aa8ba13f069fce1,2026-06,Suffolk Constabulary,Suffolk Constabulary,1.133035,51.968897,On or near Stutton Close,E01029871,Babergh 011A,Violence and sexual offences,Under investigation,
e79ee61599d779853805ea9939e20750d42e7eaee32ba8194f150dfaaa99488f,2026-06,Suffolk Constabulary,Suffolk Constabulary,1.123489,51.971696,On or near Bentley Lane,E01029871,Babergh 011A,Violence and sexual offences,Under investigation,
20b931a8fa2f61e2116e1ddf0481a3bfeacd961f3cb4b2b866fa273f73952a38,2026-06,Suffolk Constabulary,Suffolk Constabulary,1.133035,51.968897,On or near Stutton Close,E01029871,Babergh 011A,Violence and sexual offences,Action to be taken by another organisation,
5f08a0ac11192d56d83dd7bcb7bfc1d4e8f45f2167d15260a416f19a2a90c709,2026-06,Suffolk Constabulary,Suffolk Constabulary,1.097031,51.987541,On or near Fredericks Close,E01029871,Babergh 011A,Violence and sexual offences,Under investigation,
d5a78578de6ab3d789b7b5238ada6ce02b7a47e7affeada3a61c141ceeb1d525,2026-06,Suffolk Constabulary,Suffolk Constabulary,1.133035,51.968897,On or near Stutton Close,E01029871,Babergh 011A,Violence and sexual offences,Action to be taken by another organisation,
,2026-06,Suffolk Constabulary,Suffolk Constabulary,1.185548,52.001574,On or near Nursery Lane,E01029873,Babergh 011B,Anti-social behaviour,,
680c2874293d85367b3764b8251c727743a565b8e175b90360dd9e91ae2a5047,2026-06,Suffolk Constabulary,Suffolk Constabulary,1.215742,51.988782,On or near The Old Stackyard,E01029873,Babergh 011B,Burglary,Under investigation,
ce0baf91297dbe3558f4364842ae486ba4e0ceeee31358a25f44b27f0a806884,2026-06,Suffolk Constabulary,Suffolk Constabulary,1.233298,51.980116,On or near Boot Drift,E01029873,Babergh 011B,Burglary,Under investigation,
cbbe68ac0cb4761cde30ade24ee18c39014862868a8a696ceb81aed2d53a3aa4,2026-06,Suffolk Constabulary,Suffolk Constabulary,1.185548,52.001574,On or near Nursery Lane,E01029873,Babergh 011B,Criminal damage and arson,Under investigation,
43f07db3636207601164a163494ed34b8b4b7197f518daa28df5c9d8450011e5,2026-06,Suffolk Constabulary,Suffolk Constabulary,1.205411,51.990988,On or near Woodlands,E01029873,Babergh 011B,Criminal damage and arson,Under investigation,
998861de875b8898ca28536ba9a4c13605e1ecaa6accb31255791e02cf3613bb,2026-06,Suffolk Constabulary,Suffolk Constabulary,1.207546,51.990696,On or near St Andrew'S Drive,E01029873,Babergh 011B,Criminal damage and arson,Unable to prosecute suspect,
bf908725563edc6da8a4a07d27517e3e1a9262576b6c0052f419e9336b9adb1f,2026-06,Suffolk Constabulary,Suffolk Constabulary,1.207546,51.990696,On or near St Andrew'S Drive,E01029873,Babergh 011B,Criminal damage and arson,Investigation complete; no suspect identified,
e64577a1f74ccc3f7c0d66f042e52cc9f0cc96ad82b94a4da5c774341d271069,2026-06,Suffolk Constabulary,Suffolk Constabulary,1.207846,51.991632,On or near Collimer Close,E01029873,Babergh 011B,Drugs,Under investigation,
874dcb095bfee09acea427cddf147bfd734d7ec3371a31f0e155e4ee214c1ac6,2026-06,Suffolk Constabulary,Suffolk Constabulary,1.251146,51.968047,On or near Sports/Recreation Area,E01029873,Babergh 011B,Other theft,Under investigation,
47c26b252fdb8af6065a4c093647d0bb93217d6ef93200532ef5827a0fc3b471,2026-06,Suffolk Constabulary,Suffolk Constabulary,1.251259,51.970492,On or near Garden Close,E01029873,Babergh 011B,Other theft,Under investigation,
afcf3185935d7187ef17b040efa181730e7cefe6404b204a6772ce1a832d6ba9,2026-06,Suffolk Constabulary,Suffolk Constabulary,1.180356,52.002542,On or near Main Road,E01029873,Babergh 011B,Public order,Under investigation,
2841ea05763065846d2ded1bc3a2b52b9aa32ef5a059607b094f0ec7afc69326,2026-06,Suffolk Constabulary,Suffolk Constabulary,1.250101,51.968581,On or near Queensland,E01029873,Babergh 011B,Theft from the person,Under investigation,
31bd88afe32086ca628e2905afc29e359c214d513cef744d2d6fb774f28675e8,2026-06,Suffolk Constabulary,Suffolk Constabulary,1.185486,52.001522,On or near Nursery Lane,E01029873,Babergh 011B,Violence and sexual offences,Under investigation,
a58a9f5d662ce90419c40e4a0658fd2ca2f81e57026328af9a1d8fa1219040f0,2026-06,Suffolk Constabulary,Suffolk Constabulary,1.204606,51.992773,On or near Church Lane,E01029873,Babergh 011B,Violence and sexual offences,Under investigation,
71e13f2f8a060795d8df960d677731a29398e0b826c39b350ef43ed63035f30e,2026-06,Suffolk Constabulary,Suffolk Constabulary,1.251146,51.968047,On or near Sports/Recreation Area,E01029873,Babergh 011B,Violence and sexual offences,Under investigation,
606e63a848988a3743924c25053d4ca2c3aec20537fdd753a0e2fbdf1ba56166,2026-06,Suffolk Constabulary,Suffolk Constabulary,1.251146,51.968047,On or near Sports/Recreation Area,E01029873,Babergh 011B,Violence and sexual offences,Under investigation,
26e2f2d4732707a01f93ecc20711421dfe1efb3ecfb24f17b1776fd960e14c15,2026-06,Suffolk Constabulary,Suffolk Constabulary,1.185548,52.001574,On or near Nursery Lane,E01029873,Babergh 011B,Violence and sexual offences,Under investigation,
,2026-06,Suffolk Constabulary,Suffolk Constabulary,1.263758,51.958543,On or near Lloyd Road,E01029874,Babergh 011C,Anti-social behaviour,,
d2b2efe5217365ec56e36e699d74ea5d23834d1b9429305869cdc966141b2bdb,2026-06,Suffolk Constabulary,Suffolk Constabulary,1.269801,51.956963,On or near School Road,E01029874,Babergh 011C,Burglary,Under investigation,
f9522e572c1419b2296fe625e5d975eb5834ddf235f04838ae6437d061da51e7,2026-06,Suffolk Constabulary,Suffolk Constabulary,1.268640,51.961016,On or near Marsh Lane,E01029874,Babergh 011C,Criminal damage and arson,Investigation complete; no suspect identified,
44465757a1c47f8bbd6e4ca1b8da543073d41c179cce032501618550472c490a,2026-06,Suffolk Constabulary,Suffolk Constabulary,1.268033,51.956671,On or near Bristol Hill,E01029874,Babergh 011C,Criminal damage and arson,Under investigation,
e16d80347a9edc2047a755d3c8f676b87fd3e3b13d44362e7951e940e6414959,2026-06,Suffolk Constabulary,Suffolk Constabulary,1.257191,51.969968,On or near Oldhall Road,E01029874,Babergh 011C,Public order,Under investigation,
b98e39804da3c78efab3efb3b2aff5103d474bfcaefa8f51c2820f51ceccbbc2,2026-06,Suffolk Constabulary,Suffolk Constabulary,1.159901,51.989368,On or near Wagstaff Close,E01029897,Babergh 011D,Other theft,Under investigation,
77981e35c9333e53c2cb71cc3150d34da68469d2f354cc6b7d16a36a039a04d3,2026-06,Suffolk Constabulary,Suffolk Constabulary,1.158973,51.990256,On or near Abbott Way,E01029897,Babergh 011D,Other theft,Under investigation,
d3e16a017d790f9f263e34ca2cfc835738f1b00183a8282b1a87f0e8153dc724,2026-06,Suffolk Constabulary,Suffolk Constabulary,1.185026,51.969398,On or near Church Lane,E01029897,Babergh 011D,Violence and sexual offences,Under investigation,
f461a35fdc3494e1ca6a515a76c1122755443c702408458c3be4d8e491319a9c,2026-06,Suffolk Constabulary,Suffolk Constabulary,1.153566,51.991274,On or near Woodlands Road,E01029897,Babergh 011D,Violence and sexual offences,Under investigation,
f03ef3b88518ccbd22171aec541edd97df22279d8053b56d1bad5e90153e2690,2026-06,Suffolk Constabulary,Suffolk Constabulary,1.156329,51.985145,On or near Supermarket,E01029897,Babergh 011D,Violence and sexual offences,Under investigation,
1f6173f07ac92ceac07346e820dcf7379ebef9af5867d4a61e768e849eb1833c,2026-06,Suffolk Constabulary,Suffolk Constabulary,1.156700,51.990263,On or near Clench Road,E01029897,Babergh 011D,Violence and sexual offences,Under investigation,
fa188ebad2af806c9d010e9af662c7c8b20610bc16d487146c24a0c91ceebe62,2026-06,Suffolk Constabulary,Suffolk Constabulary,1.179448,51.968767,On or near Holbrook Road,E01029897,Babergh 011D,Violence and sexual offences,Investigation complete; no suspect identified,
5e2a8247f8f8bf45f8230c286d4e3ee6e7e4c9a88f31130a8afe03577894133c,2026-06,Suffolk Constabulary,Suffolk Constabulary,1.150965,51.974570,On or near Parking Area,E01029897,Babergh 011D,Violence and sexual offences,Under investigation,
7922f3b5bd31e7de854d96a9a8e04da79d4e310d5989a61dd517c5a2373c2671,2026-06,Suffolk Constabulary,Suffolk Constabulary,0.156258,51.542979,On or near St Marks Place,E01000015,Barking and Dagenham 009A,Violence and sexual offences,Under investigation,
7d687123ba547b025bf026a685c484c8be7c4dcc420a4ff1355321efef816889,2026-06,Suffolk Constabulary,Suffolk Constabulary,0.575174,52.069198,On or near Ashen Road,E01021414,Braintree 001C,Other theft,Investigation complete; no suspect identified,
,2026-06,Suffolk Constabulary,Suffolk Constabulary,0.691666,52.023112,On or near Church Road,E01021406,Braintree 002B,Anti-social behaviour,,
05a1161c27f276b53977fc8a682fffb7726b99428c31bc394381feb8f0e6645f,2026-06,Suffolk Constabulary,Suffolk Constabulary,0.809655,52.568791,On or near Bridle Road,E01026489,Breckland 009D,Violence and sexual offences,Under investigation,
33e7b5fa9497a609ff36ba4ed51e2ef93c40ba966ef615d47a88f065e080c33d,2026-06,Suffolk Constabulary,Suffolk Constabulary,0.650761,52.512865,On or near Wissey View,E01026424,Breckland 012A,Vehicle crime,Under investigation,
243202097cec646de3473324291c9880961d22f74138c31d2003bafe1ae60d42,2026-06,Suffolk Constabulary,Suffolk Constabulary,0.624647,52.454062,On or near Parking Area,E01026493,Breckland 012D,Vehicle crime,Under investigation,
f29ccf1cea23b843afd6d5763015b7d6108a190caca827addc832b09d595c6e0,2026-06,Suffolk Constabulary,Suffolk Constabulary,0.748030,52.416537,On or near Claxton Close,E01026465,Breckland 015A,Public order,Under investigation,
195a5dd60bb520c1539eab35843cf2b12de2a6c79dd6035436100c97e2e0c61a,2026-06,Suffolk Constabulary,Suffolk Constabulary,0.728167,52.404974,On or near Burrell Way,E01026478,Breckland 017E,Violence and sexual offences,Under investigation,
601d9f950c6ba9776c8dcff113e485186e75cd7af2a4f131664f7c177700212b,2026-06,Suffolk Constabulary,Suffolk Constabulary,-2.562417,51.494516,On or near Hogarth Walk,E01014660,Bristol 014A,Other theft,Unable to prosecute suspect,
2522fbbcd3aa9fc0b093b5be85dbaf63486c037eefe0e9d66cf58b64dbb4a11c,2026-06,Suffolk Constabulary,Suffolk Constabulary,1.339278,52.659751,On or near Swan Lane,E01034765,Broadland 013F,Violence and sexual offences,Under investigation,
ada0d338326954f92d3c613cd4fec0d0ebde2d2da2cf572f653b09413dbd3fd5,2026-06,Suffolk Constabulary,Suffolk Constabulary,-3.256658,51.663941,On or near Aneurin Bevan Avenue,W01001414,Caerphilly 008A,Violence and sexual offences,Under investigation,
03b131cdf7eaf4913157ac278b01fa1cb8710b85bbbc5029f5741ede0a74e18c,2026-06,Suffolk Constabulary,Suffolk Constabulary,0.144815,52.220162,On or near Dalton Square,E01017974,Cambridge 003E,Other crime,Under investigation,
2dce92ee717450012d7bfb180bfe0ba6ab73a47c194ecac2fbcb69b77ee85ea8,2026-06,Suffolk Constabulary,Suffolk Constabulary,0.140458,52.199586,On or near Hazell Street,E01017990,Cambridge 008D,Violence and sexual offences,Under investigation,
6096846ef1081a401758b9d2d48a57f45a5f69053e5c97b7d1818e745ef7c611,2026-06,Suffolk Constabulary,Suffolk Constabulary,-4.325456,51.846177,On or near Coed Y Plas,W01000642,Carmarthenshire 008B,Violence and sexual offences,Under investigation,
d6d1e2a85296b1c7e33b8032ddad1ee9a0dad975df5804f86fffb7c5772c7eaa,2026-06,Suffolk Constabulary,Suffolk Constabulary,-0.501146,51.850329,On or near Ridgeway,E01017586,Central Bedfordshire 032C,Public order,Under investigation,
bc6d428efc6b4e1029c223358320d5c537b7036f28fa9928ff4ddf9c5ee74958,2026-06,Suffolk Constabulary,Suffolk Constabulary,0.851739,51.953221,On or near Sports/Recreation Area,E01021660,Colchester 003A,Violence and sexual offences,Under investigation,
739eed9e117737ad8c16b8ae44f1fa1d58ed21576410fbca51290f80b627a33e,2026-06,Suffolk Constabulary,Suffolk Constabulary,0.940801,51.887258,On or near Cyril Child Close,E01021700,Colchester 008E,Violence and sexual offences,Under investigation,
36fabae4d8a9842ecebf3b263a9f33c5d9991398a9e2f41854550e9d8b14ca18,2026-06,Suffolk Constabulary,Suffolk Constabulary,0.882622,51.890219,On or near New Kiln Road,E01021676,Colchester 009D,Violence and sexual offences,Under investigation,
bf7792080eacdaac45b7a7ccabd9705c3031d32619aa9d122fe7928b2603285b,2026-06,Suffolk Constabulary,Suffolk Constabulary,0.917392,51.884873,On or near Victor Road,E01021687,Colchester 011E,Violence and sexual offences,Under investigation,
cd262a1eb2e0628c2f275ef900ad48868306626dd60dd93a8ccfe831471e72a7,2026-06,Suffolk Constabulary,Suffolk Constabulary,0.924816,51.885067,On or near Farrington Close,E01035164,Colchester 011J,Violence and sexual offences,Under investigation,
d371b631372f6be930d4adbe1b4bb8ef0c6e551bbc420244ec6fe017b25df35e,2026-06,Suffolk Constabulary,Suffolk Constabulary,0.899221,51.859979,On or near Richard Nichols Cl.,E01021639,Colchester 018C,Violence and sexual offences,Under investigation,
84463e099e1b534a1f4e15f463ac79720fbf8ec3c5b8356a58cac9b8a05811bd,2026-06,Suffolk Constabulary,Suffolk Constabulary,0.900131,51.919467,On or near Cavell Avenue,E01035170,Colchester 023D,Violence and sexual offences,Unable to prosecute suspect,
9f2b681c02c5d9206c13fd55ef708a79550b3559125765d2a000f709efc6c9af,2026-06,Suffolk Constabulary,Suffolk Constabulary,-0.207393,51.105823,On or near Netherwood,E01031566,Crawley 006C,Violence and sexual offences,Under investigation,
5114c8cae515e59b779ff8b00274b440c5e3ac540e47855f76e04c2bb9701eba,2026-06,Suffolk Constabulary,Suffolk Constabulary,0.412435,52.430239,On or near Shippea Hill,E01018024,East Cambridgeshire 004A,Other theft,Investigation complete; no suspect identified,
4605c7b054c7e16d79f2d9565f7c9c14e81b806a271cdc1f0e566ce59784c674,2026-06,Suffolk Constabulary,Suffolk Constabulary,0.394597,52.379338,On or near Fen Bank Road,E01018041,East Cambridgeshire 007D,Other theft,Investigation complete; no suspect identified,
79e68f5e60302ef500a55857f17fcc53f55f46f3a007fe07892f4e7be0d103fc,2026-06,Suffolk Constabulary,Suffolk Constabulary,0.398500,52.198749,On or near Tea Kettle Lane,E01018023,East Cambridgeshire 011C,Drugs,Under investigation,
485f208794ffd053118936e4392d76c7215dfb58fa396149668ec2badb4b8706,2026-06,Suffolk Constabulary,Suffolk Constabulary,0.398500,52.198749,On or near Tea Kettle Lane,E01018023,East Cambridgeshire 011C,Possession of weapons,Under investigation,
2d81075db1355098c8ccf08166e7dda7e7c7476b7724a0ad773514095245d5de,2026-06,Suffolk Constabulary,Suffolk Constabulary,0.398500,52.198749,On or near Tea Kettle Lane,E01018023,East Cambridgeshire 011C,Violence and sexual offences,Under investigation,
01e56190b22e1cf0d6a1d0d5af21d64f1dae302790172de6dd89a0f44bca1d0d,2026-06,Suffolk Constabulary,Suffolk Constabulary,0.444738,52.235415,On or near Ashley Road,E01032611,East Cambridgeshire 011D,Drugs,Offender given a caution,
9041ee86c8912e56cd288a5d3652a0c5a1066c00ad632f7534a7d0e4ec52fae7,2026-06,Suffolk Constabulary,Suffolk Constabulary,1.754272,52.489097,On or near North Parade,E01030240,East Suffolk 001A,Vehicle crime,Under investigation,
fea7ae246350dfb23da8af9ddcd6aa3a92d8d679811b6a720069a78e27d4f642,2026-06,Suffolk Constabulary,Suffolk Constabulary,1.751780,52.491326,On or near Warren Road,E01030240,East Suffolk 001A,Vehicle crime,Under investigation,
2f14525c2fe5f0f2fdff90511d1e81a1e4e6434b5e9fa08893ef5ab5c43bc696,2026-06,Suffolk Constabulary,Suffolk Constabulary,1.752520,52.493092,On or near Heather Road,E01030240,East Suffolk 001A,Violence and sexual offences,Under investigation,
06f83be9dcc89b0bdbbc26ede429e07cc2862527b5893506adce287eb0026383,2026-06,Suffolk Constabulary,Suffolk Constabulary,1.754272,52.489097,On or near North Parade,E01030240,East Suffolk 001A,Violence and sexual offences,Unable to prosecute suspect,
9e79de146b8e8b01ae37551c4b178862f8a53f6d17750f48d8cb21f0db45293a,2026-06,Suffolk Constabulary,Suffolk Constabulary,1.734788,52.504160,On or near Park/Open Space,E01030241,East Suffolk 001B,Criminal damage and arson,Investigation complete; no suspect identified,
231b411e273ebc0265ee37b668f81bb9f501192523e4c031f69754852b8feeda,2026-06,Suffolk Constabulary,Suffolk Constabulary,1.732840,52.505526,On or near Gunton Avenue,E01030241,East Suffolk 001B,Other theft,Under investigation,
d6e4e8e5382c5adcaa295fa2ac06050ea753cf7bf98b7d91751cfae57172ef7b,2026-06,Suffolk Constabulary,Suffolk Constabulary,1.741692,52.516714,On or near Gladstone Road,E01030241,East Suffolk 001B,Other theft,Under investigation,
bb75c609da7b43fa7fe217bb1a3a24a017b03b68404f6a29b52f817d1f6a328e,2026-06,Suffolk Constabulary,Suffolk Constabulary,1.743033,52.516186,On or near Colman Road,E01030241,East Suffolk 001B,Vehicle crime,Investigation complete; no suspect identified,
52f251f1f3853a1bf6115efcfa55e6bef027088ffe06d42188f08f3a844b796d,2026-06,Suffolk Constabulary,Suffolk Constabulary,1.743033,52.516186,On or near Colman Road,E01030241,East Suffolk 001B,Vehicle crime,Investigation complete; no suspect identified,
7ea96eedf9c5f60610233940cd1b9bb8733bb76bd06185b7561bf78d2acb81f9,2026-06,Suffolk Constabulary,Suffolk Constabulary,1.743538,52.515010,On or near Douglas Close,E01030241,East Suffolk 001B,Violence and sexual offences,Under investigation,
43d0b5e2c944edcfc39ef910988e06f5ffe8237d966aeea631ca3895b6641e01,2026-06,Suffolk Constabulary,Suffolk Constabulary,1.742703,52.519588,On or near Church Lane,E01030241,East Suffolk 001B,Violence and sexual offences,Under investigation,
f1d20c0dca9da4b2b187aaace5b5f9bbc09c1515e5b308e53feab747c6dcce3c,2026-06,Suffolk Constabulary,Suffolk Constabulary,1.742703,52.519588,On or near Church Lane,E01030241,East Suffolk 001B,Violence and sexual offences,Awaiting court outcome,
,2026-06,Suffolk Constabulary,Suffolk Constabulary,1.751306,52.500641,On or near B1385,E01030242,East Suffolk 001C,Anti-social behaviour,,
a9e65190fca205ec4e14fb9d197beaed3e458de6499f4fee8d115f6d8c6c417b,2026-06,Suffolk Constabulary,Suffolk Constabulary,1.751436,52.499567,On or near B1385,E01030242,East Suffolk 001C,Criminal damage and arson,Under investigation,
0003ded9d3c2810230254607ee02ed91426bdfe5a0e62ed6540e2519e4385f45,2026-06,Suffolk Constabulary,Suffolk Constabulary,1.738070,52.502716,On or near Petrol Station,E01030242,East Suffolk 001C,Criminal damage and arson,Under investigation,
62b32c543b7d712b16291f044f6ec3a9f73ec52105017609c3e201eaf82b7f8d,2026-06,Suffolk Constabulary,Suffolk Constabulary,1.734777,52.500733,On or near Degas Gardens,E01030242,East Suffolk 001C,Criminal damage and arson,Under investigation,
8e9eaeb60662fde4f4579503a7fef16462931c5c11f673c4d018767f260554df,2026-06,Suffolk Constabulary,Suffolk Constabulary,1.747166,52.499963,On or near Hubbard'S Avenue,E01030242,East Suffolk 001C,Other theft,Investigation complete; no suspect identified,
c955be5c0ffa926dd69778f8c11fd5e3cf0529e4576b4421a8c374da6a337b83,2026-06,Suffolk Constabulary,Suffolk Constabulary,1.735241,52.503597,On or near Supermarket,E01030242,East Suffolk 001C,Other theft,Under investigation,
0e72c18b809e1a7b29433edb2a59b96573f75a15ec113ccf178f22e192e2cd20,2026-06,Suffolk Constabulary,Suffolk Constabulary,1.740201,52.499347,On or near Spencer Drive,E01030242,East Suffolk 001C,Other theft,Under investigation,
df331a7d201c2da9e34484d58e143ef035d208903460df6e2d83ca2ff82e9d52,2026-06,Suffolk Constabulary,Suffolk Constabulary,1.735241,52.503597,On or near Supermarket,E01030242,East Suffolk 001C,Public order,Under investigation,
c2671d48d03e1f01fffa924571c8f36a1683bfdc6f36192fac0ea51dc05a1de6,2026-06,Suffolk Constabulary,Suffolk Constabulary,1.734777,52.500733,On or near Degas Gardens,E01030242,East Suffolk 001C,Violence and sexual offences,Under investigation,
2f240f367b1aa293ce64835270769fbd21dbb3189b3c12fbb10154578fcac40d,2026-06,Suffolk Constabulary,Suffolk Constabulary,1.716063,52.512315,On or near Lowestoft Road,E01030259,East Suffolk 001D,Violence and sexual offences,Under investigation,
c4d5c37f235f0ddd59eee50887f26b1b5d0e7a81e2d5417c7d3aee9b32ae0408,2026-06,Suffolk Constabulary,Suffolk Constabulary,1.716063,52.512315,On or near Lowestoft Road,E01030259,East Suffolk 001D,Violence and sexual offences,Under investigation,
36a77cd357fb0dc11adc7882128023f8eddf3bb79362e00bd13aee0ad626016f,2026-06,Suffolk Constabulary,Suffolk Constabulary,1.705971,52.508548,On or near Park/Open Space,E01030260,East Suffolk 001E,Burglary,Under investigation,
600b3fd83e6cfcfb17c62c0487a443ebdb0cb1ca6d9681ca95370fc16de06c54,2026-06,Suffolk Constabulary,Suffolk Constabulary,1.678136,52.513618,On or near Blundeston Road,E01030260,East Suffolk 001E,Burglary,Under investigation,
78eb081dc00b27334a00fb1ba0c62406c690fea1e9afbbdb91ad360dcd7a4c14,2026-06,Suffolk Constabulary,Suffolk Constabulary,1.665195,52.539493,On or near The Avenue,E01030260,East Suffolk 001E,Criminal damage and arson,Under investigation,
1b2a0b32b3757f646c193e8c7a070f88a6a2d051e6402d6843e686ef0767f0b0,2026-06,Suffolk Constabulary,Suffolk Constabulary,1.660849,52.517420,On or near Policeman'S Loke,E01030260,East Suffolk 001E,Violence and sexual offences,Under investigation,
,2026-06,Suffolk Constabulary,Suffolk Constabulary,1.739338,52.481907,On or near A1144,E01030261,East Suffolk 002A,Anti-social behaviour,,
504bcbae63d2be26fa81ff1fe0e064720d2cd8dc72524df9a40fe80e7bbf56d0,2026-06,Suffolk Constabulary,Suffolk Constabulary,1.739869,52.482951,On or near Marham Road,E01030261,East Suffolk 002A,Burglary,Under investigation,
733cd9b5f1b45769bf34c83eb48bd152f9c5895ced63c514b914e88503c0cce0,2026-06,Suffolk Constabulary,Suffolk Constabulary,1.736443,52.483545,On or near Rose Court,E01030261,East Suffolk 002A,Robbery,Under investigation,
c43e349bc43b0d527fc5906ce881010006d7fdad04dd24014748506a1b2f50da,2026-06,Suffolk Constabulary,Suffolk Constabulary,1.743283,52.480477,On or near Lattens Square,E01030261,East Suffolk 002A,Vehicle crime,Under investigation,
bd911f3b108a4f35327dae7686acfc84f46e1646819268be339d4f7cbbd479cf,2026-06,Suffolk Constabulary,Suffolk Constabulary,1.741148,52.479619,On or near Halcyon Crescent,E01030261,East Suffolk 002A,Vehicle crime,Under investigation,
e4f87892afc2e73b93539303ae1a7b131412317a96b384520beaad669637d759,2026-06,Suffolk Constabulary,Suffolk Constabulary,1.736443,52.483545,On or near Rose Court,E01030261,East Suffolk 002A,Violence and sexual offences,Under investigation,
86632e218123ca9dbad20bf076f91f53b45880a2639c647a22059574438ec2b2,2026-06,Suffolk Constabulary,Suffolk Constabulary,1.736443,52.483545,On or near Rose Court,E01030261,East Suffolk 002A,Violence and sexual offences,Unable to prosecute suspect,
4ce0a2b0b8ff41bed2c41087d90bc0365c8bcaf27fe5a265e24b030d9cc934b9,2026-06,Suffolk Constabulary,Suffolk Constabulary,1.736443,52.483545,On or near Rose Court,E01030261,East Suffolk 002A,Violence and sexual offences,Under investigation,
35006b0913bdee2c0a194e706738eabd8899e731c0bfacb19e0a73e3f5a8bab8,2026-06,Suffolk Constabulary,Suffolk Constabulary,1.742037,52.482109,On or near Newson'S Meadow,E01030261,East Suffolk 002A,Violence and sexual offences,Investigation complete; no suspect identified,
a0438e6cac053c65c6600910850d95f7cb163a0bae3d1cd39c6927ebe0f5b68e,2026-06,Suffolk Constabulary,Suffolk Constabulary,1.744976,52.481323,On or near Yeovil Road,E01030261,East Suffolk 002A,Violence and sexual offences,Under investigation,
ef489e99ae3bbe93da0ed9b584640d698dfbd8973e6f411b155a1db79128a570,2026-06,Suffolk Constabulary,Suffolk Constabulary,1.744361,52.481199,On or near Nicholson Square,E01030261,East Suffolk 002A,Violence and sexual offences,Under investigation,
a5ac1037e83abd47a4134bdbb8cc7e68fe2319e6cb5d972731793a9121d66ea0,2026-06,Suffolk Constabulary,Suffolk Constabulary,1.736443,52.483545,On or near Rose Court,E01030261,East Suffolk 002A,Violence and sexual offences,Under investigation,
,2026-06,Suffolk Constabulary,Suffolk Constabulary,1.736165,52.484795,On or near Northgate,E01030262,East Suffolk 002B,Anti-social behaviour,,
,2026-06,Suffolk Constabulary,Suffolk Constabulary,1.741484,52.487568,On or near Mount Pleasant,E01030262,East Suffolk 002B,Anti-social behaviour,,
,2026-06,Suffolk Constabulary,Suffolk Constabulary,1.743977,52.484543,On or near Sports/Recreation Area,E01030262,East Suffolk 002B,Anti-social behaviour,,
,2026-06,Suffolk Constabulary,Suffolk Constabulary,1.741484,52.487568,On or near Mount Pleasant,E01030262,East Suffolk 002B,Anti-social behaviour,,
,2026-06,Suffolk Constabulary,Suffolk Constabulary,1.739758,52.485284,On or near Larch Road,E01030262,East Suffolk 002B,Anti-social behaviour,,
d89369374b6a2f1c5c4bc954d1403e000c69a7ff979fca5671a7a7d22ea998e6,2026-06,Suffolk Constabulary,Suffolk Constabulary,1.744070,52.487828,On or near Wensum Gardens,E01030262,East Suffolk 002B,Burglary,Under investigation,
8b67422e9ff58305b817ff2c2ae8ce81131bd42be26581259a2cccbaa165f5cf,2026-06,Suffolk Constabulary,Suffolk Constabulary,1.741484,52.487568,On or near Mount Pleasant,E01030262,East Suffolk 002B,Criminal damage and arson,Under investigation,
378cc4c3f1f5b28dbd0ac6afa990487fe683562e004d349954426a8e8c7192c5,2026-06,Suffolk Constabulary,Suffolk Constabulary,1.743977,52.484543,On or near Sports/Recreation Area,E01030262,East Suffolk 002B,Drugs,Offender given a caution,
85da7c6e11442f00f82960ce2938c245e767ecab140ebbf6ef2a3d1ff4984c15,2026-06,Suffolk Constabulary,Suffolk Constabulary,1.737036,52.485326,On or near Lilac Drive,E01030262,East Suffolk 002B,Other theft,Under investigation,
045f8ca0036db1e7b085e334e98a0e090cdf20335c50d35979da492b79b4bb4c,2026-06,Suffolk Constabulary,Suffolk Constabulary,1.744639,52.487415,On or near Somerton Avenue,E01030262,East Suffolk 002B,Other theft,Action to be taken by another organisation,
f38bdd56ae9d855fdaf60b353d4f3ceda94be9ecaa37dabbdea051d0a5b7eff1,2026-06,Suffolk Constabulary,Suffolk Constabulary,1.737036,52.485326,On or near Lilac Drive,E01030262,East Suffolk 002B,Possession of weapons,Unable to prosecute suspect,
bd57759f0aaa598e0db36e1141e8673e81e95984d62c5b742187bd1841f03b25,2026-06,Suffolk Constabulary,Suffolk Constabulary,1.736165,52.484795,On or near Northgate,E01030262,East Suffolk 002B,Possession of weapons,Under investigation,
a4f0f3019d49c872d47a8c5f898d55496af98cf09868f9236a5e79936f65157d,2026-06,Suffolk Constabulary,Suffolk Constabulary,1.737036,52.485326,On or near Lilac Drive,E01030262,East Suffolk 002B,Vehicle crime,Investigation complete; no suspect identified,
4265d2e4cc2051c730276251bec159f18d88bfdaaf05e9159d8aee044e56148e,2026-06,Suffolk Constabulary,Suffolk Constabulary,1.741484,52.487568,On or near Mount Pleasant,E01030262,East Suffolk 002B,Violence and sexual offences,Under investigation,
70eec5453033e750bb97de3763fa723fe3d4b516c7f07391efcc72d3f893d431,2026-06,Suffolk Constabulary,Suffolk Constabulary,1.747670,52.486671,On or near Kelly-Pain Court,E01030262,East Suffolk 002B,Violence and sexual offences,Action to be taken by another organisation,
f861d2ff91c31e39b2a858bfc2fe93fc978f48ec06c6ed89da64079c6882e5e1,2026-06,Suffolk Constabulary,Suffolk Constabulary,1.739758,52.485284,On or near Larch Road,E01030262,East Suffolk 002B,Violence and sexual offences,Under investigation,
410908bb7e7403f270557996fd9c49aafe272f3dfa42f638bc74aa20ac8897e3,2026-06,Suffolk Constabulary,Suffolk Constabulary,1.739758,52.485284,On or near Larch Road,E01030262,East Suffolk 002B,Violence and sexual offences,Investigation complete; no suspect identified,
64ed3efd006563f5a81bd07e2332772a4808b1b6838ed84a09ea082099f9821d,2026-06,Suffolk Constabulary,Suffolk Constabulary,1.741484,52.487568,On or near Mount Pleasant,E01030262,East Suffolk 002B,Violence and sexual offences,Under investigation,
b6468c7298fc0c059c345f76020b4d8ec8f53394312a6300a27059a943052595,2026-06,Suffolk Constabulary,Suffolk Constabulary,1.739758,52.485284,On or near Larch Road,E01030262,East Suffolk 002B,Violence and sexual offences,Under investigation,
305397f9a63db3d3dcf51596f3aa1c42002fd968b2996353e89084912f4c5f00,2026-06,Suffolk Constabulary,Suffolk Constabulary,1.747670,52.486671,On or near Kelly-Pain Court,E01030262,East Suffolk 002B,Violence and sexual offences,Under investigation,
288b551126ab089a246f9c8ce14f4cef8190f8668571ea4b0cb375663a6285a2,2026-06,Suffolk Constabulary,Suffolk Constabulary,1.737036,52.485326,On or near Lilac Drive,E01030262,East Suffolk 002B,Violence and sexual offences,Unable to prosecute suspect,
92c59aaa11b801b499c935036a2199ca5cecd3d008583690f9b9b28796c953c0,2026-06,Suffolk Constabulary,Suffolk Constabulary,1.739758,52.485284,On or near Larch Road,E01030262,East Suffolk 002B,Violence and sexual offences,Investigation complete; no suspect identified,
fe2061c4e2d4655547fca690a4f41fc61a5813dad43fc2f5e67a366a26393770,2026-06,Suffolk Constabulary,Suffolk Constabulary,1.739758,52.485284,On or near Larch Road,E01030262,East Suffolk 002B,Violence and sexual offences,Under investigation,
caac1139094e5ff4385ff6e80c704bca08a37702c836872a18a7d343322e846c,2026-06,Suffolk Constabulary,Suffolk Constabulary,1.739758,52.485284,On or near Larch Road,E01030262,East Suffolk 002B,Violence and sexual offences,Under investigation,
62ecf1d3af6362f4d34f07c8aa91ab8c4e71687bc062f72d255132a5fcf26409,2026-06,Suffolk Constabulary,Suffolk Constabulary,1.747670,52.486671,On or near Kelly-Pain Court,E01030262,East Suffolk 002B,Violence and sexual offences,Under investigation,
adb77734578f4c04d7c3bbd76b4a492447b22942de692938bd4b3f8761d9bdeb,2026-06,Suffolk Constabulary,Suffolk Constabulary,1.739651,52.491135,On or near Godetia Court,E01030277,East Suffolk 002C,Criminal damage and arson,Under investigation,
dad7c0187ee30963f58448116e9179210a0a0b826f03ea21b5e57ede26a1fd9a,2026-06,Suffolk Constabulary,Suffolk Constabulary,1.739651,52.491135,On or near Godetia Court,E01030277,East Suffolk 002C,Criminal damage and arson,Investigation complete; no suspect identified,
e73e8736a03f0bad8f81f17c65d8330f475adeaeaca99e32fe7fe8863c5c4db4,2026-06,Suffolk Constabulary,Suffolk Constabulary,1.739651,52.491135,On or near Godetia Court,E01030277,East Suffolk 002C,Robbery,Under investigation,
f124c25a77b5510671dbea531f28a857450d598ccdb09af6a607d32404456fbb,2026-06,Suffolk Constabulary,Suffolk Constabulary,1.745036,52.493465,On or near A47,E01030277,East Suffolk 002C,Violence and sexual offences,Under investigation,
d4e35121131c78269a37ae7e40bc395c52af5013d67f0fba48f2a141fd621efc,2026-06,Suffolk Constabulary,Suffolk Constabulary,1.741067,52.490118,On or near Hollingsworth Road,E01030277,East Suffolk 002C,Violence and sexual offences,Under investigation,
208d36463f208d02b530853685b038646d5672d6fc0a6e45c364a83fdc309801,2026-06,Suffolk Constabulary,Suffolk Constabulary,1.746744,52.490847,On or near Arnhem Court,E01030277,East Suffolk 002C,Violence and sexual offences,Under investigation,
1ab0862bb4439f18f74dde937f8014447dff877bd5629b39a238374069fb7c0b,2026-06,Suffolk Constabulary,Suffolk Constabulary,1.746744,52.490847,On or near Arnhem Court,E01030277,East Suffolk 002C,Violence and sexual offences,Action to be taken by another organisation,
bcf99f102944a015e225410d0217493982aeb8f0690a8356aaae5c9cdc693819,2026-06,Suffolk Constabulary,Suffolk Constabulary,1.741067,52.490118,On or near Hollingsworth Road,E01030277,East Suffolk 002C,Violence and sexual offences,Under investigation,
9d4f585b77b36cf3c3273a319e501d66829a63b5fbf53b3d5eba0f8d5f639366,2026-06,Suffolk Constabulary,Suffolk Constabulary,1.741067,52.490118,On or near Hollingsworth Road,E01030277,East Suffolk 002C,Violence and sexual offences,Under investigation,
97f1d9ba5389e4a4676b4b69687451001efe1e8fa7e3422696dfa10cf792ea7c,2026-06,Suffolk Constabulary,Suffolk Constabulary,1.742255,52.492131,On or near Mylodon Road,E01030277,East Suffolk 002C,Violence and sexual offences,Under investigation,
6bbb5772e9fd5d42d6b0a7ab2903556d46fd912f07f7bccbd000ea7f9881fbef,2026-06,Suffolk Constabulary,Suffolk Constabulary,1.746744,52.490847,On or near Arnhem Court,E01030277,East Suffolk 002C,Violence and sexual offences,Under investigation,
46ddaa6d55ae4b4820f3a3d1984d539ef268eb9d81dbe0c1de7159804076aeb6,2026-06,Suffolk Constabulary,Suffolk Constabulary,1.742255,52.492131,On or near Mylodon Road,E01030277,East Suffolk 002C,Violence and sexual offences,Under investigation,
eb44d466a94f51e050f0cbbc314f3feec20fc4502001630a5468b70b7f55d0dd,2026-06,Suffolk Constabulary,Suffolk Constabulary,1.742255,52.492131,On or near Mylodon Road,E01030277,East Suffolk 002C,Violence and sexual offences,Under investigation,
1c6160df2a60f096cc84f0d4049efcdad0ae2a3dc0fa12b159f026b44a695bec,2026-06,Suffolk Constabulary,Suffolk Constabulary,1.739540,52.489654,On or near Peddars Way,E01030277,East Suffolk 002C,Violence and sexual offences,Under investigation,
f2e38149e8bd670f28b5d4d86daffb1e52321fe620d497e2bb8ddece926aed91,2026-06,Suffolk Constabulary,Suffolk Constabulary,1.746744,52.490847,On or near Arnhem Court,E01030277,East Suffolk 002C,Violence and sexual offences,Under investigation,
32dec832a3351d5bd6f8083a3d59f4527f7871f63766efc00f6c40f5cc1ba03c,2026-06,Suffolk Constabulary,Suffolk Constabulary,1.746744,52.490847,On or near Arnhem Court,E01030277,East Suffolk 002C,Violence and sexual offences,Under investigation,
,2026-06,Suffolk Constabulary,Suffolk Constabulary,1.736805,52.491980,On or near Castleton Close,E01030279,East Suffolk 002D,Anti-social behaviour,,
29d557d2036a285858964d437ca2e172ba810eb7aeaf286e9e79f8925e6cb8b1,2026-06,Suffolk Constabulary,Suffolk Constabulary,1.734765,52.491730,On or near Tedder Road,E01030279,East Suffolk 002D,Criminal damage and arson,Investigation complete; no suspect identified,
46c6fc143268538c7aef7b3c482446b943f5c1ceae92a978ee670badcb537118,2026-06,Suffolk Constabulary,Suffolk Constabulary,1.736805,52.492160,On or near Mountbatten Road,E01030279,East Suffolk 002D,Drugs,Awaiting court outcome,
6b21317efd5f44898e3eb19796eb4891d1e5269d5032540ae9cf1488058d6afc,2026-06,Suffolk Constabulary,Suffolk Constabulary,1.737895,52.494761,On or near Spexhall Way,E01030279,East Suffolk 002D,Other theft,Unable to prosecute suspect,
effd74b2ac4a23d4bd6da6db212a4a335ac2b05e716d20c1063a098f3e41d69e,2026-06,Suffolk Constabulary,Suffolk Constabulary,1.739552,52.492919,On or near Telesia Court,E01030279,East Suffolk 002D,Public order,Investigation complete; no suspect identified,
c0010dfff3c4614ff586b70c2ed0287c3657569079b1781d67e101c505450494,2026-06,Suffolk Constabulary,Suffolk Constabulary,1.734823,52.494157,On or near Westhall Road,E01030279,East Suffolk 002D,Violence and sexual offences,Under investigation,
e8b3631df8407d9f11315aeb88b4a1b2fbb60f2f2ec60bfc94afb54c92731c26,2026-06,Suffolk Constabulary,Suffolk Constabulary,1.734765,52.491730,On or near Tedder Road,E01030279,East Suffolk 002D,Violence and sexual offences,Under investigation,
961d0bf138313f248cde6215f29587a5b3bb883afaa7a373557c9d17c9b80235,2026-06,Suffolk Constabulary,Suffolk Constabulary,1.739552,52.492919,On or near Telesia Court,E01030279,East Suffolk 002D,Violence and sexual offences,Under investigation,
31cda56a2b777e3669cd4511b548d90fe1d0edff85053ac002bf65aa5fcd0c30,2026-06,Suffolk Constabulary,Suffolk Constabulary,1.736805,52.492160,On or near Mountbatten Road,E01030279,East Suffolk 002D,Violence and sexual offences,Under investigation,
3d9b2d08377ecbd6c16171f9600aa89fb760d542a419350de516e45346b935f4,2026-06,Suffolk Constabulary,Suffolk Constabulary,1.739552,52.492919,On or near Telesia Court,E01030279,East Suffolk 002D,Violence and sexual offences,Under investigation,
dce376b2558c1519a635280a5b415207f6e5c81a6c2a40f2ce01cf33cdd22213,2026-06,Suffolk Constabulary,Suffolk Constabulary,1.734765,52.491730,On or near Tedder Road,E01030279,East Suffolk 002D,Violence and sexual offences,Under investigation,
3d88a381fe4710b1f213d38fd82737165896825cb35b2a02f7abf2848ec58b13,2026-06,Suffolk Constabulary,Suffolk Constabulary,1.736805,52.492160,On or near Mountbatten Road,E01030279,East Suffolk 002D,Other crime,Awaiting court outcome,
,2026-06,Suffolk Constabulary,Suffolk Constabulary,1.729074,52.498656,On or near Healey Close,E01030281,East Suffolk 002E,Anti-social behaviour,,
,2026-06,Suffolk Constabulary,Suffolk Constabulary,1.731782,52.497401,On or near Blyford Road,E01030281,East Suffolk 002E,Anti-social behaviour,,
,2026-06,Suffolk Constabulary,Suffolk Constabulary,1.724648,52.497563,On or near Fallowfields,E01030281,East Suffolk 002E,Anti-social behaviour,,
,2026-06,Suffolk Constabulary,Suffolk Constabulary,1.732893,52.495378,On or near Uggeshall Close,E01030281,East Suffolk 002E,Anti-social behaviour,,
f61c1e2d55a1a9cb23e59e859104ec08b63daf773f1af31ed1ae824166bb44e8,2026-06,Suffolk Constabulary,Suffolk Constabulary,1.732893,52.495378,On or near Uggeshall Close,E01030281,East Suffolk 002E,Criminal damage and arson,Unable to prosecute suspect,
4ee78309867dbf4c610d03a9b44e10d957b362da9695720f0e54b23d8f6a25fa,2026-06,Suffolk Constabulary,Suffolk Constabulary,1.729474,52.501818,On or near Howley Gardens,E01030281,East Suffolk 002E,Criminal damage and arson,Under investigation,
b5762586a463b65a57955ad60962fee7e1431c592f654c90441ea18909cc41bb,2026-06,Suffolk Constabulary,Suffolk Constabulary,1.732134,52.501545,On or near Foxes Walk,E01030281,East Suffolk 002E,Other theft,Investigation complete; no suspect identified,
43e8eabe1eb0cbd031961230fcf67650d5b8d7c09a97edd2ded7748202bcf817,2026-06,Suffolk Constabulary,Suffolk Constabulary,1.732807,52.500274,On or near Petrol Station,E01030281,East Suffolk 002E,Other theft,Investigation complete; no suspect identified,
945570d00c196d0208cc47401178041b364857f481df2acc1c316e4884004c87,2026-06,Suffolk Constabulary,Suffolk Constabulary,1.733820,52.496410,On or near Village Way,E01030281,East Suffolk 002E,Public order,Under investigation,
57b26b1d9968508c20541c16456c579822bacfbdaf8ea00824aeb3d8cfd9fc94,2026-06,Suffolk Constabulary,Suffolk Constabulary,1.732893,52.495378,On or near Uggeshall Close,E01030281,East Suffolk 002E,Shoplifting,Under investigation,
f86357497b4ef58e239bb28b467234d3c912d78429f9585002a5168752e86e39,2026-06,Suffolk Constabulary,Suffolk Constabulary,1.732893,52.495378,On or near Uggeshall Close,E01030281,East Suffolk 002E,Shoplifting,Investigation complete; no suspect identified,
5815e79ff568139cf1d136181cc7e9b41ecc741d7d9b2c5d5636aba07faf573e,2026-06,Suffolk Constabulary,Suffolk Constabulary,1.735781,52.495197,On or near Rumburgh Road,E01030281,East Suffolk 002E,Vehicle crime,Under investigation,
cb52dd03ab7ca6da4aad625b5c607a8c94a3b1aa2914e4b4e176ffbc76eccbd5,2026-06,Suffolk Constabulary,Suffolk Constabulary,1.724648,52.497563,On or near Fallowfields,E01030281,East Suffolk 002E,Violence and sexual offences,Under investigation,
bf2e75687a36101399ae2f8c9a295686c126c9bd2e00f9a44db8d8ab76f5d924,2026-06,Suffolk Constabulary,Suffolk Constabulary,1.731394,52.499257,On or near Reydon Mews,E01030281,East Suffolk 002E,Violence and sexual offences,Under investigation,
f040aee5b72ce3739cf7417379744eb8a16ddefe3cad8c0b25b7499c514c23d1,2026-06,Suffolk Constabulary,Suffolk Constabulary,1.728643,52.500711,On or near Underwood Close,E01030281,East Suffolk 002E,Violence and sexual offences,Under investigation,
9ec9517062c69083702038ac449094711f75c04474758745c9ed8c6fede3d7cb,2026-06,Suffolk Constabulary,Suffolk Constabulary,1.726757,52.493575,On or near Millennium Way,E01030281,East Suffolk 002E,Violence and sexual offences,Under investigation,
71bcdefcd8736abd48b0b3b7f4db0cd1da432009410c2a0e165395b2f964275b,2026-06,Suffolk Constabulary,Suffolk Constabulary,1.729474,52.501818,On or near Howley Gardens,E01030281,East Suffolk 002E,Violence and sexual offences,Under investigation,
,2026-06,Suffolk Constabulary,Suffolk Constabulary,1.715630,52.491469,On or near Green Fleet Drive,E01030266,East Suffolk 003A,Anti-social behaviour,,
0b181650e44c4613cb878019f0626aaff07540dd59750098da43a11a3ca0277b,2026-06,Suffolk Constabulary,Suffolk Constabulary,1.715695,52.497476,On or near Flixton View,E01030266,East Suffolk 003A,Burglary,Under investigation,
bd288a2ac6096ebcfea831f760245b7e7d612f7134e8b46770f1a633ff6fb6ad,2026-06,Suffolk Constabulary,Suffolk Constabulary,1.719570,52.496248,On or near North Field Close,E01030266,East Suffolk 003A,Criminal damage and arson,Investigation complete; no suspect identified,
790b8bdcec948569b9aba512a294545041acc4408fb910081e6ad3d4c4545d2a,2026-06,Suffolk Constabulary,Suffolk Constabulary,1.715695,52.497476,On or near Flixton View,E01030266,East Suffolk 003A,Criminal damage and arson,Under investigation,
4adedc2ef0cd0a670670ce5f58ff178936cec9389bc777d7bc398611479e96f5,2026-06,Suffolk Constabulary,Suffolk Constabulary,1.712396,52.491211,On or near South Leet Close,E01030266,East Suffolk 003A,Criminal damage and arson,Investigation complete; no suspect identified,
e8e8c2c1707876ab7b3d5dc2a3752ae74271c468d3c1f6c973811c058daf081a,2026-06,Suffolk Constabulary,Suffolk Constabulary,1.720735,52.496607,On or near Lothingland Close,E01030266,East Suffolk 003A,Criminal damage and arson,Under investigation,
8c14e1eb56114f41baf59d27df5a3fe63330cbe0a0df7b05c8bb761ec3bab61a,2026-06,Suffolk Constabulary,Suffolk Constabulary,1.715844,52.489988,On or near Stayngate Walk,E01030266,East Suffolk 003A,Other theft,Under investigation,
33d2ea1b2d7719ae826b8e648886c0f5397c2e599f1d9a33e7d7d9fa892aa78b,2026-06,Suffolk Constabulary,Suffolk Constabulary,1.722363,52.498777,On or near B1375,E01030266,East Suffolk 003A,Vehicle crime,Under investigation,
7902a29973b3aa110a40c8e4a9c60ffd8be737ef729a72bb820f1f866fd084dc,2026-06,Suffolk Constabulary,Suffolk Constabulary,1.719692,52.495596,On or near Red House Close,E01030266,East Suffolk 003A,Violence and sexual offences,Under investigation,
85ab4d803bf7c9b87a4d87fe075988a9caf213001a7b4d4724633c37de507e12,2026-06,Suffolk Constabulary,Suffolk Constabulary,1.723135,52.494489,On or near Melrose Close,E01030266,East Suffolk 003A,Violence and sexual offences,Under investigation,
,2026-06,Suffolk Constabulary,Suffolk Constabulary,1.710281,52.486232,On or near Maplesden Close,E01030267,East Suffolk 003B,Anti-social behaviour,,
,2026-06,Suffolk Constabulary,Suffolk Constabulary,1.703959,52.485513,On or near Birch Close,E01030267,East Suffolk 003B,Anti-social behaviour,,
e890fac5d94054799ec2cd006d725650dcb9fbbdd25e91566e66d00ec578f686,2026-06,Suffolk Constabulary,Suffolk Constabulary,1.717321,52.485489,On or near Blackberry Way,E01030267,East Suffolk 003B,Burglary,Under investigation,
9460051e1ef5341948d9cbc17530e9a97e196ba342c3fabd506ace3a6944506e,2026-06,Suffolk Constabulary,Suffolk Constabulary,1.710281,52.486232,On or near Maplesden Close,E01030267,East Suffolk 003B,Other theft,Under investigation,
b5b7fc51cffe8861482da9d049849c25b103164e9b66754cd286a596e2c8f440,2026-06,Suffolk Constabulary,Suffolk Constabulary,1.707208,52.485609,On or near Fuller Close,E01030267,East Suffolk 003B,Other theft,Under investigation,
9649bcb93036e5fec48f745e12841907b7e3654b3b748dda6eb396290646785b,2026-06,Suffolk Constabulary,Suffolk Constabulary,1.703010,52.483860,On or near Cutler Road,E01030267,East Suffolk 003B,Robbery,Under investigation,
a7e26296d1d662daccedba522cb4c215f5ea947c806557c26f387373e7959281,2026-06,Suffolk Constabulary,Suffolk Constabulary,1.707897,52.487836,On or near Dubordien Close,E01030267,East Suffolk 003B,Violence and sexual offences,Unable to prosecute suspect,
a3ec45f220b4ecda757bf017296085227fd1b60ed2ed41c1df47147582962803,2026-06,Suffolk Constabulary,Suffolk Constabulary,1.707897,52.487836,On or near Dubordien Close,E01030267,East Suffolk 003B,Violence and sexual offences,Under investigation,
dbedb1c893e7143bbfdd09d2fda2c9a32903f700d3dbf00dac0de38e21dd9732,2026-06,Suffolk Constabulary,Suffolk Constabulary,1.702782,52.484479,On or near Whiting Road,E01030267,East Suffolk 003B,Violence and sexual offences,Under investigation,
a95f6d1104a469eeefc7f6c85ef377ec247b8b142e90a0d8b334ade8496f00f9,2026-06,Suffolk Constabulary,Suffolk Constabulary,1.703959,52.485513,On or near Birch Close,E01030267,East Suffolk 003B,Violence and sexual offences,Unable to prosecute suspect,
5f782a61cfb7996be698a9da23bdbfe97f6ec9c055b9d15558b0f33872e050a7,2026-06,Suffolk Constabulary,Suffolk Constabulary,1.703959,52.485513,On or near Birch Close,E01030267,East Suffolk 003B,Violence and sexual offences,Unable to prosecute suspect,
98127923b8f8bec5daefa5a73a424e88b4dd5ed492ad8d1800fa02d63ffcd886,2026-06,Suffolk Constabulary,Suffolk Constabulary,1.713876,52.489717,On or near Hobart Way,E01030267,East Suffolk 003B,Violence and sexual offences,Under investigation,
026fb86606dcb7c2702309d811e8851d0fd3fec45ed267913c46294a3a118f4e,2026-06,Suffolk Constabulary,Suffolk Constabulary,1.725695,52.485549,On or near Kirby Cane Walk,E01030271,East Suffolk 003C,Violence and sexual offences,Under investigation,
b439ef79b504e9bf3e9ed1504ac17c9a72f64e553f5655a16bdcaf023b77c6a2,2026-06,Suffolk Constabulary,Suffolk Constabulary,1.719728,52.485737,On or near Woods Loke Ewst,E01030271,East Suffolk 003C,Violence and sexual offences,Under investigation,
,2026-06,Suffolk Constabulary,Suffolk Constabulary,1.735864,52.492873,On or near Spashett Road,E01030278,East Suffolk 003D,Anti-social behaviour,,
4612bec6bbb9c6626a654a667fe522bf5cfbea89c6a70a3f2b12435a19c8977e,2026-06,Suffolk Constabulary,Suffolk Constabulary,1.739046,52.488176,On or near Bourne Road,E01030278,East Suffolk 003D,Criminal damage and arson,Under investigation,
cd22d65fce2fc018aed9bbe50855f84b16351d1aea5f3688fdd55d663a85316a,2026-06,Suffolk Constabulary,Suffolk Constabulary,1.739206,52.487811,On or near Steeple View,E01030278,East Suffolk 003D,Vehicle crime,Under investigation,
1badfc7620c098bfa4c3cac04754de45ec97ed0c609d31387c0eda117752183c,2026-06,Suffolk Constabulary,Suffolk Constabulary,1.734065,52.488865,On or near Clovelly Rise,E01030278,East Suffolk 003D,Violence and sexual offences,Action to be taken by another organisation,
,2026-06,Suffolk Constabulary,Suffolk Constabulary,1.722844,52.492960,On or near Somerleyton Road,E01030280,East Suffolk 003E,Anti-social behaviour,,
44fc44c1e98f48bf525b5cad8952c8d029b7f859d07da1ee1d3817209b8ca339,2026-06,Suffolk Constabulary,Suffolk Constabulary,1.725559,52.490734,On or near Snape Drive,E01030280,East Suffolk 003E,Violence and sexual offences,Action to be taken by another organisation,
7909f9e6d3302cd1d9bdcdd8212ea399dd54fb366bcfcecbd17483140fdd960f,2026-06,Suffolk Constabulary,Suffolk Constabulary,1.722331,52.489505,On or near Gloucester Avenue,E01030280,East Suffolk 003E,Violence and sexual offences,Under investigation,
290a0f74503745cf9c68573f180377c1232face3c79e43f7514ffaf167f77172,2026-06,Suffolk Constabulary,Suffolk Constabulary,1.723559,52.491832,On or near Holton Avenue,E01030280,East Suffolk 003E,Violence and sexual offences,Unable to prosecute suspect,
508bd98ab89c4e02d95c3c167fd7ab67af2ad0e79f0fcde545844906ef298ecd,2026-06,Suffolk Constabulary,Suffolk Constabulary,1.728505,52.489328,On or near Pembrooke Way,E01030280,East Suffolk 003E,Other crime,Under investigation,
,2026-06,Suffolk Constabulary,Suffolk Constabulary,1.745512,52.482611,On or near Princes Road,E01030246,East Suffolk 004A,Anti-social behaviour,,
,2026-06,Suffolk Constabulary,Suffolk Constabulary,1.750169,52.483308,On or near Boston Road,E01030246,East Suffolk 004A,Anti-social behaviour,,
434d7817cf8c23217c9cbbed7398ba42c2501140504e432e72ad85e166fe17e7,2026-06,Suffolk Constabulary,Suffolk Constabulary,1.747744,52.484600,On or near Church Road,E01030246,East Suffolk 004A,Criminal damage and arson,Investigation complete; no suspect identified,
adcacbc9a4be844910499aaf79e948132f6b66bb8d9d51266dd5bc89cf27ed2a,2026-06,Suffolk Constabulary,Suffolk Constabulary,1.745512,52.482611,On or near Princes Road,E01030246,East Suffolk 004A,Criminal damage and arson,Under investigation,
5bb69f8b92cb862d430c5c29967ae4e7cf8a5c5b2138840f57ee51c6116f8234,2026-06,Suffolk Constabulary,Suffolk Constabulary,1.747744,52.484600,On or near Church Road,E01030246,East Suffolk 004A,Public order,Under investigation,
90c837031b24c005a30d668823a1a33a5e051aa9c2b62dffaa11da42965ae4f5,2026-06,Suffolk Constabulary,Suffolk Constabulary,1.751249,52.484749,On or near Cambridge Road,E01030246,East Suffolk 004A,Vehicle crime,Investigation complete; no suspect identified,
d49bc75c1c3d5b9221d5ed7235b1bed055473819aa65d6df42b2c7556b435c39,2026-06,Suffolk Constabulary,Suffolk Constabulary,1.745512,52.482611,On or near Princes Road,E01030246,East Suffolk 004A,Violence and sexual offences,Investigation complete; no suspect identified,
d6cf911d6b5fdb450ce4e8e5224f7db92d7870c0c80150bc004eec90a68484d6,2026-06,Suffolk Constabulary,Suffolk Constabulary,1.751249,52.484749,On or near Cambridge Road,E01030246,East Suffolk 004A,Violence and sexual offences,Under investigation,
a7db85e5c485070ca2a3814ba15a8848c31823ec7de8a5a01a8bcbced0aaadbf,2026-06,Suffolk Constabulary,Suffolk Constabulary,1.749048,52.483470,On or near Burton Street,E01030246,East Suffolk 004A,Violence and sexual offences,Under investigation,
562374d3a64c08f35117aa963dfe9d2fb977a3316b559c795ed562a74a65f426,2026-06,Suffolk Constabulary,Suffolk Constabulary,1.745512,52.482611,On or near Princes Road,E01030246,East Suffolk 004A,Violence and sexual offences,Under investigation,
4690c31b642c95fd118b2c6a78d4c570ccb990b88db6c7c868344324080f13b0,2026-06,Suffolk Constabulary,Suffolk Constabulary,1.753236,52.483346,On or near Dove Street,E01030246,East Suffolk 004A,Violence and sexual offences,Unable to prosecute suspect,
,2026-06,Suffolk Constabulary,Suffolk Constabulary,1.755002,52.485224,On or near Osborne Street,E01030248,East Suffolk 004B,Anti-social behaviour,,
71cfe9c971ac2aa06f7f673f17dab4aecfca71a772e3252f6194e0f5f7d3d836,2026-06,Suffolk Constabulary,Suffolk Constabulary,1.752491,52.487390,On or near Royal Avenue,E01030248,East Suffolk 004B,Burglary,Under investigation,
ed73311b8714f37dc46b00f097fab42623f594e0baf36b0cda24b6ac481eb073,2026-06,Suffolk Constabulary,Suffolk Constabulary,1.753783,52.485092,On or near Park Road,E01030248,East Suffolk 004B,Criminal damage and arson,Under investigation,
c5acc51d6d4bc00fd9ee581fe9d6abdbc71b2bc6824a69cb45b62939fb705740,2026-06,Suffolk Constabulary,Suffolk Constabulary,1.752941,52.486099,On or near Edinburgh Road,E01030248,East Suffolk 004B,Violence and sexual offences,Action to be taken by another organisation,
9a6837167e3f578bc0cd2a43bc0a19ef7586ec04e24003bc8994928b82522ffe,2026-06,Suffolk Constabulary,Suffolk Constabulary,1.753111,52.484474,On or near Parking Area,E01030248,East Suffolk 004B,Violence and sexual offences,Under investigation,
bbbd079db7db6fe7472e357ccbef7ae1748eb57b905a8b7ef640ece9b24d8e43,2026-06,Suffolk Constabulary,Suffolk Constabulary,1.751721,52.486488,On or near Tethys Place,E01030248,East Suffolk 004B,Violence and sexual offences,Under investigation,
e26b3e305549ec824d9f371321745f4870171e1c7e50c8d8d10ce21776c2aaf2,2026-06,Suffolk Constabulary,Suffolk Constabulary,1.752941,52.486099,On or near Edinburgh Road,E01030248,East Suffolk 004B,Violence and sexual offences,Action to be taken by another organisation,
2f32b384dea8aba919776cb27d3c48980593f1c4acc4ba7223e5a0d6ff8bfbff,2026-06,Suffolk Constabulary,Suffolk Constabulary,1.752941,52.486099,On or near Edinburgh Road,E01030248,East Suffolk 004B,Violence and sexual offences,Action to be taken by another organisation,
7d3470bf5c20a728eef29b2eea4b43aca91c396b2e332d3a18bec8e331a0ba0c,2026-06,Suffolk Constabulary,Suffolk Constabulary,1.752491,52.487390,On or near Royal Avenue,E01030248,East Suffolk 004B,Violence and sexual offences,Under investigation,
e98219b9aef586458f93f8f2cc78ebde904addad6180cb43c96c2dc4da002e00,2026-06,Suffolk Constabulary,Suffolk Constabulary,1.752941,52.486099,On or near Edinburgh Road,E01030248,East Suffolk 004B,Violence and sexual offences,Action to be taken by another organisation,
dbb430754474dd26023b91f457f686f02d0371f50dd2dd91fc5095bf3e5e5f15,2026-06,Suffolk Constabulary,Suffolk Constabulary,1.752941,52.486099,On or near Edinburgh Road,E01030248,East Suffolk 004B,Violence and sexual offences,Action to be taken by another organisation,
d4ba2590b9adb038b62efac97c87459333c7aba2a98a589ab5fc0d2c5b9eb062,2026-06,Suffolk Constabulary,Suffolk Constabulary,1.752941,52.486099,On or near Edinburgh Road,E01030248,East Suffolk 004B,Violence and sexual offences,Action to be taken by another organisation,
7579538b100a6d6483a3c613973af7e37e0119455f0586bcdbe4ad2e12c65750,2026-06,Suffolk Constabulary,Suffolk Constabulary,1.755002,52.485224,On or near Osborne Street,E01030248,East Suffolk 004B,Other crime,Under investigation,
,2026-06,Suffolk Constabulary,Suffolk Constabulary,1.748398,52.482753,On or near St Peter'S Street,E01030249,East Suffolk 004C,Anti-social behaviour,,
,2026-06,Suffolk Constabulary,Suffolk Constabulary,1.752853,52.476774,On or near Shopping Area,E01030249,East Suffolk 004C,Anti-social behaviour,,
,2026-06,Suffolk Constabulary,Suffolk Constabulary,1.750306,52.478006,On or near Katwijk Way,E01030249,East Suffolk 004C,Anti-social behaviour,,
6a6f30575a611f7991a6d4bedce738b993f0edd6fd1712bd82f7d03b6d52234d,2026-06,Suffolk Constabulary,Suffolk Constabulary,1.751187,52.479003,On or near Parking Area,E01030249,East Suffolk 004C,Burglary,Investigation complete; no suspect identified,
a38c45fde6b419282f6d459cb0c91093cb9f9f6f1f3e34f039ebf217f15a2d81,2026-06,Suffolk Constabulary,Suffolk Constabulary,1.750306,52.478006,On or near Katwijk Way,E01030249,East Suffolk 004C,Criminal damage and arson,Unable to prosecute suspect,
076c68003cb4f753251e9e06ac08070f910cd4a009bf6c1c25be2a0f5d7e29e6,2026-06,Suffolk Constabulary,Suffolk Constabulary,1.750306,52.478006,On or near Katwijk Way,E01030249,East Suffolk 004C,Criminal damage and arson,Under investigation,
b0fd8a147a5eab1561bb18f028c21e6b19d1cf99610473f4bc0654b553fb8747,2026-06,Suffolk Constabulary,Suffolk Constabulary,1.750311,52.480830,On or near Jacob'S Street,E01030249,East Suffolk 004C,Criminal damage and arson,Under investigation,
52c0ee3770b4f77d4ab6c4bf8a975dcc8b623c579e9adb0332ed0b9e5b64c864,2026-06,Suffolk Constabulary,Suffolk Constabulary,1.752853,52.476774,On or near Shopping Area,E01030249,East Suffolk 004C,Criminal damage and arson,Under investigation,
6c66d9fda69b709de7e34c6bc78706b51f9d08b71583241d38a2972f3d95007a,2026-06,Suffolk Constabulary,Suffolk Constabulary,1.751187,52.479003,On or near Parking Area,E01030249,East Suffolk 004C,Other theft,Under investigation,
409a7d04fdbeca7baa2192d39cc3748b0488f763d2876d46ebf86930dbd79bea,2026-06,Suffolk Constabulary,Suffolk Constabulary,1.754416,52.480070,On or near Artillery Way,E01030249,East Suffolk 004C,Other theft,Investigation complete; no suspect identified,
454318a0cfb5668ff15a4df705d27bca5e099b5712b110a62af70ab385f56efe,2026-06,Suffolk Constabulary,Suffolk Constabulary,1.750306,52.478006,On or near Katwijk Way,E01030249,East Suffolk 004C,Public order,Under investigation,
ab183afba7f2f14b2def4d8f34f9f5c75c90ef65001d54df8864698815079158,2026-06,Suffolk Constabulary,Suffolk Constabulary,1.753249,52.477094,On or near Gordon Road,E01030249,East Suffolk 004C,Robbery,Under investigation,
368b5457d95b9455d4f8e7031e8ddf412a77cb091293c0b7d63d7eee8b08c3e2,2026-06,Suffolk Constabulary,Suffolk Constabulary,1.752853,52.476774,On or near Shopping Area,E01030249,East Suffolk 004C,Shoplifting,Investigation complete; no suspect identified,
80910c98a4a1b5dda6d7c6d64a561c2f67c4ceafca5cbfbc7943f7e0ab8db983,2026-06,Suffolk Constabulary,Suffolk Constabulary,1.752853,52.476774,On or near Shopping Area,E01030249,East Suffolk 004C,Shoplifting,Under investigation,
a2bf8704b332aba5d1f54095c3cd3fbdab12efcadd00114c7659464e0544d95b,2026-06,Suffolk Constabulary,Suffolk Constabulary,1.752853,52.476774,On or near Shopping Area,E01030249,East Suffolk 004C,Shoplifting,Under investigation,
c3ad8eb06efa356d0e9826d09f3de927628acf559cb25e3ebb35f5d51544e21a,2026-06,Suffolk Constabulary,Suffolk Constabulary,1.752853,52.476774,On or near Shopping Area,E01030249,East Suffolk 004C,Shoplifting,Local resolution,
f62d7aa84c9455bb2ab470d3586463822d26636c4fd275214ddd42099f1c5c05,2026-06,Suffolk Constabulary,Suffolk Constabulary,1.753249,52.477094,On or near Gordon Road,E01030249,East Suffolk 004C,Shoplifting,Under investigation,
4334f0753590c7661826cf398dc9bb3c8213cd9e642cb011dc2e4f0cefffa90e,2026-06,Suffolk Constabulary,Suffolk Constabulary,1.752853,52.476774,On or near Shopping Area,E01030249,East Suffolk 004C,Shoplifting,Awaiting court outcome,
038a9d68255fb97993dd1d02192c216a7087e3e23c1464e54f78bb209fde1af9,2026-06,Suffolk Constabulary,Suffolk Constabulary,1.752853,52.476774,On or near Shopping Area,E01030249,East Suffolk 004C,Shoplifting,Investigation complete; no suspect identified,
84a1575d87eb148871770476a07d0bad406d04f2f39b5a09f0e47acd8b65da14,2026-06,Suffolk Constabulary,Suffolk Constabulary,1.752853,52.476774,On or near Shopping Area,E01030249,East Suffolk 004C,Shoplifting,Investigation complete; no suspect identified,
acbc5409e5a6a280c3717fa9881feda108618965883e88aab2cbb69cf25fb7d0,2026-06,Suffolk Constabulary,Suffolk Constabulary,1.752853,52.476774,On or near Shopping Area,E01030249,East Suffolk 004C,Shoplifting,Investigation complete; no suspect identified,
3a86497268404af742ccff0326f1a9d5b8ca8b265ba8c18b48dea3008471ece6,2026-06,Suffolk Constabulary,Suffolk Constabulary,1.752853,52.476774,On or near Shopping Area,E01030249,East Suffolk 004C,Shoplifting,Investigation complete; no suspect identified,
74d87a228d5841059a4afc37dc5086da3280d8b516b6938590df58074dd55b08,2026-06,Suffolk Constabulary,Suffolk Constabulary,1.750858,52.476181,On or near Parking Area,E01030249,East Suffolk 004C,Shoplifting,Under investigation,
89b197a77f84a7ceff78ef6b5bc9e9d27a26f83095aacc83ed928cc3bcd9ae38,2026-06,Suffolk Constabulary,Suffolk Constabulary,1.752853,52.476774,On or near Shopping Area,E01030249,East Suffolk 004C,Shoplifting,Investigation complete; no suspect identified,
eecba3ad06cdab24b76abcd60ad1fe11be9ed63bffec8b4b3c7ace412f9b48ba,2026-06,Suffolk Constabulary,Suffolk Constabulary,1.748398,52.482753,On or near St Peter'S Street,E01030249,East Suffolk 004C,Violence and sexual offences,Under investigation,
34013d273074379c73fde484d039e0b87db4673c88f3b367bf8276dafd0c1008,2026-06,Suffolk Constabulary,Suffolk Constabulary,1.751187,52.479003,On or near Parking Area,E01030249,East Suffolk 004C,Violence and sexual offences,Under investigation,
7d3bf05093a0c52380247f5736c717a1817e6b205ee84115a83f9d06faccebb1,2026-06,Suffolk Constabulary,Suffolk Constabulary,1.748398,52.482753,On or near St Peter'S Street,E01030249,East Suffolk 004C,Violence and sexual offences,Under investigation,
9ad0a79d30a48ea8b649f9e2afd64aa2359f5980d029d161b2a412703bc98c19,2026-06,Suffolk Constabulary,Suffolk Constabulary,1.753249,52.477094,On or near Gordon Road,E01030249,East Suffolk 004C,Violence and sexual offences,Unable to prosecute suspect,
b236069386eac07b5303d90edb808c5496602b59466a2041b3d8d02319a359e7,2026-06,Suffolk Constabulary,Suffolk Constabulary,1.750858,52.476181,On or near Parking Area,E01030249,East Suffolk 004C,Violence and sexual offences,Under investigation,
87520facc5aa1f6617f491c2f5fd95dfd5a4c5d2f28bfd4573d92b439f89f69e,2026-06,Suffolk Constabulary,Suffolk Constabulary,1.750879,52.480057,On or near Cathcart Street,E01030249,East Suffolk 004C,Violence and sexual offences,Under investigation,
e36773ace5db97686663ab767bae4b18022c64949d2f7b561b827b079f6b36bf,2026-06,Suffolk Constabulary,Suffolk Constabulary,1.752853,52.476774,On or near Shopping Area,E01030249,East Suffolk 004C,Violence and sexual offences,Under investigation,
7ccc335db5c8f5bee93e0e5ab36c032b43da40e6f9a2c8871f5f4c1942bbf2d0,2026-06,Suffolk Constabulary,Suffolk Constabulary,1.750858,52.476181,On or near Parking Area,E01030249,East Suffolk 004C,Violence and sexual offences,Under investigation,
1507c03d81e1122f9835dd1e782c5f28afba7176b7b1149e128182da0886717f,2026-06,Suffolk Constabulary,Suffolk Constabulary,1.750311,52.480830,On or near Jacob'S Street,E01030249,East Suffolk 004C,Violence and sexual offences,Under investigation,
,2026-06,Suffolk Constabulary,Suffolk Constabulary,1.750202,52.473665,On or near Station Square,E01030250,East Suffolk 004D,Anti-social behaviour,,
,2026-06,Suffolk Constabulary,Suffolk Constabulary,1.750043,52.476467,On or near Clapham Road South,E01030250,East Suffolk 004D,Anti-social behaviour,,
a08bf73e16d5e56f7eaf185581d1886765556d77ae9107842ab5dae873a86198,2026-06,Suffolk Constabulary,Suffolk Constabulary,1.750043,52.476467,On or near Clapham Road South,E01030250,East Suffolk 004D,Bicycle theft,Under investigation,
ccd356230b883697b1dc65908b644249a06d3be7860aac1751b10ab79bf8f47f,2026-06,Suffolk Constabulary,Suffolk Constabulary,1.747136,52.476928,On or near Stanley Street,E01030250,East Suffolk 004D,Criminal damage and arson,Under investigation,
7dd4b1789ef648abd66aa6942c9f574b879fa77d6ed465e59e120c7e9d811fc0,2026-06,Suffolk Constabulary,Suffolk Constabulary,1.747002,52.476393,On or near Alma Street,E01030250,East Suffolk 004D,Criminal damage and arson,Awaiting court outcome,
e7c100d0dddf3a1b2cf701621b147922aa54cefcd70854105cdd579aa5f78ee7,2026-06,Suffolk Constabulary,Suffolk Constabulary,1.749340,52.478945,On or near Raglan Road,E01030250,East Suffolk 004D,Criminal damage and arson,Under investigation,
d43a7f7eec3ee7077e3609e741ae70feb47a175ef4197e17a25e8b1a631ba6a5,2026-06,Suffolk Constabulary,Suffolk Constabulary,1.750043,52.476467,On or near Clapham Road South,E01030250,East Suffolk 004D,Criminal damage and arson,Under investigation,
1a8d95acaf065a96b3726e44a442d119feffc818d360d8e7cd6a2bfef615343e,2026-06,Suffolk Constabulary,Suffolk Constabulary,1.751131,52.475407,On or near Surrey Street,E01030250,East Suffolk 004D,Drugs,Local resolution,
fdfa45785f8fa34c26bae02341aaef46bf3148257940c22910339e8e225b9383,2026-06,Suffolk Constabulary,Suffolk Constabulary,1.749231,52.476790,On or near Rishton Road,E01030250,East Suffolk 004D,Drugs,Local resolution,
e1e36a9db1eb53d5f1b7c619f21ca3916b051a326580776689ed499c6f6f8fef,2026-06,Suffolk Constabulary,Suffolk Constabulary,1.752087,52.474352,On or near Suffolk Road,E01030250,East Suffolk 004D,Drugs,Under investigation,
c05c9c6f67454f3eabb5b8e5801bb9ecb3556d98e4c31427a0af970a8a8683b0,2026-06,Suffolk Constabulary,Suffolk Constabulary,1.752087,52.474352,On or near Suffolk Road,E01030250,East Suffolk 004D,Drugs,Awaiting court outcome,
28ea8eaa5c6dce6b963f34b41ca93ea1f5e92e01e2e4d1a38465d27f240f494e,2026-06,Suffolk Constabulary,Suffolk Constabulary,1.749935,52.475031,On or near Bevan Street East,E01030250,East Suffolk 004D,Drugs,Local resolution,
ab50429b60488ef045274672ca8674931afce44456caaf38e25178bd565ef63b,2026-06,Suffolk Constabulary,Suffolk Constabulary,1.750043,52.476467,On or near Clapham Road South,E01030250,East Suffolk 004D,Other theft,Investigation complete; no suspect identified,
379d28e110903fcaa9b048f653fa01a9c03755488cebd360f2fbf37b36afdb9c,2026-06,Suffolk Constabulary,Suffolk Constabulary,1.746716,52.475979,On or near Bevan Street West,E01030250,East Suffolk 004D,Other theft,Unable to prosecute suspect,
be332c2a56b5b83298d274f64c6846eb2549f86b0ec7cc7d8d466478b04c1efb,2026-06,Suffolk Constabulary,Suffolk Constabulary,1.746716,52.475979,On or near Bevan Street West,E01030250,East Suffolk 004D,Possession of weapons,Under investigation,
b6c143583b247312534b9c6f753ee14b68931c7edfd69e9e3b67407f01c7f1fe,2026-06,Suffolk Constabulary,Suffolk Constabulary,1.747061,52.480692,On or near Sports/Recreation Area,E01030250,East Suffolk 004D,Public order,Under investigation,
1445c9f9ac817471144989451c2000f1207540d2e8e59d337da7094442f698dd,2026-06,Suffolk Constabulary,Suffolk Constabulary,1.750537,52.478296,On or near Clapham Road Central,E01030250,East Suffolk 004D,Public order,Under investigation,
b20ac6f1b312e37623c9539150bcfff1d5fb53e8e80198aa23beaeb3a9b1f042,2026-06,Suffolk Constabulary,Suffolk Constabulary,1.750043,52.476467,On or near Clapham Road South,E01030250,East Suffolk 004D,Public order,Under investigation,
bce95eb02cab0ce807c5bc78cb43e99383b9b1bd24631d938082e39a4cea4fad,2026-06,Suffolk Constabulary,Suffolk Constabulary,1.747177,52.475506,On or near Tonning Street,E01030250,East Suffolk 004D,Robbery,Awaiting court outcome,
881a309bf50505dd7b38c4634370b3fa88b9ae4cff55fc494e1d087de39133e7,2026-06,Suffolk Constabulary,Suffolk Constabulary,1.752087,52.474352,On or near Suffolk Road,E01030250,East Suffolk 004D,Shoplifting,Under investigation,
8471c190276ee684acf964c480b841c25f20de712fe1fa76eebba0d53fcdb18e,2026-06,Suffolk Constabulary,Suffolk Constabulary,1.751131,52.475407,On or near Surrey Street,E01030250,East Suffolk 004D,Shoplifting,Under investigation,
ab0ecf72df394e0b3b58f5aec08e23b7b01134ea5d4072a42958cd61a1513ef5,2026-06,Suffolk Constabulary,Suffolk Constabulary,1.751131,52.475407,On or near Surrey Street,E01030250,East Suffolk 004D,Shoplifting,Investigation complete; no suspect identified,
a11267658b0c29dd858279d1dbc5ccb2c86ee9d75f26043270f81e0c4212cbf6,2026-06,Suffolk Constabulary,Suffolk Constabulary,1.746716,52.475979,On or near Bevan Street West,E01030250,East Suffolk 004D,Violence and sexual offences,Under investigation,
3c180a380df42878f14e9cecee8704cd864c4c92585f3aa1d6d2b8a539da4c05,2026-06,Suffolk Constabulary,Suffolk Constabulary,1.749231,52.476790,On or near Rishton Road,E01030250,East Suffolk 004D,Violence and sexual offences,Under investigation,
836dff966c6917b8ee0589ad151d3275dde1e4a8fb623000f4f741ffed8a6887,2026-06,Suffolk Constabulary,Suffolk Constabulary,1.753085,52.474824,On or near Beach Road,E01030250,East Suffolk 004D,Violence and sexual offences,Under investigation,
d2a2f3d4ff1ff55cf81d964bc8d0d0bbdb35d3b89682a5ad72a29fd736b5c3da,2026-06,Suffolk Constabulary,Suffolk Constabulary,1.746182,52.477147,On or near Walton Road,E01030250,East Suffolk 004D,Violence and sexual offences,Under investigation,
c3013ad327a1f3a069849ac243ce4e4ff15fa8d024db72f742fd6bd9c244e426,2026-06,Suffolk Constabulary,Suffolk Constabulary,1.749935,52.475031,On or near Bevan Street East,E01030250,East Suffolk 004D,Violence and sexual offences,Unable to prosecute suspect,
50f91d8936097fb2fdae8bbc65fce374618ca5264ae9c1bd9373b5809c987561,2026-06,Suffolk Constabulary,Suffolk Constabulary,1.746239,52.476426,On or near Alma Road,E01030250,East Suffolk 004D,Violence and sexual offences,Under investigation,
73f6ea9d37d8be5263b0f625eec62bbe57971396fa90b39b46fcb92cf498ef04,2026-06,Suffolk Constabulary,Suffolk Constabulary,1.748648,52.478257,On or near Camp Road,E01030250,East Suffolk 004D,Violence and sexual offences,Under investigation,
688edc9927937b23e09a02a6461a5d8eabebcb88af5d669e1ac8fbbabdef3002,2026-06,Suffolk Constabulary,Suffolk Constabulary,1.746716,52.475979,On or near Bevan Street West,E01030250,East Suffolk 004D,Violence and sexual offences,Under investigation,
279d4f0102c3f81f50074cef6d476a2ebb68d9dbbef714a17ebbfe818c862423,2026-06,Suffolk Constabulary,Suffolk Constabulary,1.747002,52.476393,On or near Alma Street,E01030250,East Suffolk 004D,Violence and sexual offences,Under investigation,
1b0ab8b462af8bafa85495a572e8e389a3f7147789c54180095023a0cd6dbba9,2026-06,Suffolk Constabulary,Suffolk Constabulary,1.748187,52.477165,On or near Summer Road,E01030250,East Suffolk 004D,Violence and sexual offences,Under investigation,
65b09f036da7407024c403d617f20d40745a7a00a10e2b31d304c599afcbd732,2026-06,Suffolk Constabulary,Suffolk Constabulary,1.743248,52.475037,On or near Denmark Road,E01030250,East Suffolk 004D,Violence and sexual offences,Under investigation,
46fdaab594c69d32dfe0a4cab9b3ec38fb545f89e6b4e92b2e4839a192de6830,2026-06,Suffolk Constabulary,Suffolk Constabulary,1.750202,52.473665,On or near Station Square,E01030250,East Suffolk 004D,Violence and sexual offences,Under investigation,
817761a6b80d75801470ff69b0fad71e12dd3c28d67310b5b3024f685989074b,2026-06,Suffolk Constabulary,Suffolk Constabulary,1.750202,52.473665,On or near Station Square,E01030250,East Suffolk 004D,Violence and sexual offences,Under investigation,
5dddbda56a9a276008ba070f4a244a0c6dbb15f038b3a0e7cf17b84d334ed53c,2026-06,Suffolk Constabulary,Suffolk Constabulary,1.747177,52.475506,On or near Tonning Street,E01030250,East Suffolk 004D,Violence and sexual offences,Under investigation,
b72a8447d5f59213ea6b1b6aa066047642e7389e24fb5db43dcb6e7d0277d27e,2026-06,Suffolk Constabulary,Suffolk Constabulary,1.747136,52.476928,On or near Stanley Street,E01030250,East Suffolk 004D,Violence and sexual offences,Under investigation,
debf4e155642e59577f6565b65f5b3314da3d03a593b13118178dd45fec0f2df,2026-06,Suffolk Constabulary,Suffolk Constabulary,1.749935,52.475031,On or near Bevan Street East,E01030250,East Suffolk 004D,Violence and sexual offences,Under investigation,
,2026-06,Suffolk Constabulary,Suffolk Constabulary,1.743375,52.479134,On or near May Road,E01030264,East Suffolk 004E,Anti-social behaviour,,
,2026-06,Suffolk Constabulary,Suffolk Constabulary,1.737621,52.479209,On or near Kent Road,E01030264,East Suffolk 004E,Anti-social behaviour,,
4a39dfc0eaeaea8d369ece8a9d84d5b3017c74d4013a9d6402457f4b3b20dd84,2026-06,Suffolk Constabulary,Suffolk Constabulary,1.740404,52.477969,On or near York Road,E01030264,East Suffolk 004E,Burglary,Under investigation,
c168f68dc0b86bf1029b3b4dc14cf2fe24a526c132ba371e3ff58438fb6cf259,2026-06,Suffolk Constabulary,Suffolk Constabulary,1.739399,52.478109,On or near The Croft,E01030264,East Suffolk 004E,Criminal damage and arson,Under investigation,
0c00799de5c2d19e22c8b8e0e83ac29824382c82fe3e1112ed2755f0d47dd6d1,2026-06,Suffolk Constabulary,Suffolk Constabulary,1.733249,52.477332,On or near North Quay Retail Park,E01030264,East Suffolk 004E,Shoplifting,Awaiting court outcome,
ad0ac7aabfa9d519eb86805d8391e1e5d11f0d1726d481b8982e075bdc03b1ac,2026-06,Suffolk Constabulary,Suffolk Constabulary,1.734997,52.478482,On or near Supermarket,E01030264,East Suffolk 004E,Shoplifting,Under investigation,
ed76837a87e58386c178a1c87176eeef518ac7d8640ed41f3beb70129210e7b2,2026-06,Suffolk Constabulary,Suffolk Constabulary,1.730648,52.476952,On or near Supermarket,E01030264,East Suffolk 004E,Shoplifting,Under investigation,
e728892c5ea9ad5fc6bd1352b99efef1519fb2e0aaee127d37caba8f216cba3d,2026-06,Suffolk Constabulary,Suffolk Constabulary,1.734418,52.478788,On or near Barnards Way,E01030264,East Suffolk 004E,Shoplifting,Under investigation,
ade145cac7325673752e3b2bad0d725aa360bffda2886000f4077774bdb78d6c,2026-06,Suffolk Constabulary,Suffolk Constabulary,1.734997,52.478482,On or near Supermarket,E01030264,East Suffolk 004E,Shoplifting,Under investigation,
b01b07a0511acb5df79f1190a34517d8618ef09ec0f9a2156f8b43db0ad39995,2026-06,Suffolk Constabulary,Suffolk Constabulary,1.734997,52.478482,On or near Supermarket,E01030264,East Suffolk 004E,Shoplifting,Under investigation,
2fa8fc8fdee38b28609659d5499028db0df148a7e1db973b4c51110227ca10b9,2026-06,Suffolk Constabulary,Suffolk Constabulary,1.734997,52.478482,On or near Supermarket,E01030264,East Suffolk 004E,Shoplifting,Investigation complete; no suspect identified,
72af5bba0e57b5762fcb32a01166de2974fd59c2908cea025ed230e7fbc69202,2026-06,Suffolk Constabulary,Suffolk Constabulary,1.745770,52.479058,On or near Ethel Road,E01030264,East Suffolk 004E,Vehicle crime,Investigation complete; no suspect identified,
36482c127cbcf3f40253fe055b0c2a6f45deede682695541bd4a4989dc23e3f5,2026-06,Suffolk Constabulary,Suffolk Constabulary,1.743946,52.478217,On or near Stanford Street,E01030264,East Suffolk 004E,Violence and sexual offences,Under investigation,
37613fdb9006321fb8da7e1e1f7d1e5eb4a51278a2c743c22f4aa041809d4480,2026-06,Suffolk Constabulary,Suffolk Constabulary,1.737621,52.479209,On or near Kent Road,E01030264,East Suffolk 004E,Violence and sexual offences,Under investigation,
77e6fd2fbb84c618a2317bedc96df973e2a860f1003cecce673135d3f8b91d2c,2026-06,Suffolk Constabulary,Suffolk Constabulary,1.743375,52.479134,On or near May Road,E01030264,East Suffolk 004E,Violence and sexual offences,Unable to prosecute suspect,
247ec9db30edafc11123a2469e20e5628d8fdf68ca3a148b9052c64682369f3d,2026-06,Suffolk Constabulary,Suffolk Constabulary,1.736348,52.477738,On or near Essex Road,E01030264,East Suffolk 004E,Violence and sexual offences,Under investigation,
,2026-06,Suffolk Constabulary,Suffolk Constabulary,1.741610,52.477256,On or near Norwich Road,E01030265,East Suffolk 004F,Anti-social behaviour,,
7b929d77c8f9c51e1a10d1de1010d299efa14abac1b1d4adac464e197bef6e72,2026-06,Suffolk Constabulary,Suffolk Constabulary,1.745418,52.478035,On or near Haward Street,E01030265,East Suffolk 004F,Criminal damage and arson,Under investigation,
7bebc1de0b32647ffbf3c5a5cd3ee0698ea022035cc87712da812c0865d2ffbe,2026-06,Suffolk Constabulary,Suffolk Constabulary,1.737704,52.477929,On or near Montana Place,E01030265,East Suffolk 004F,Criminal damage and arson,Under investigation,
0fa433ef086b64f586fb991c12236e91d72ac76b244f08d14f9737b2b94bd9f0,2026-06,Suffolk Constabulary,Suffolk Constabulary,1.743768,52.477683,On or near Beckham Road,E01030265,East Suffolk 004F,Violence and sexual offences,Under investigation,
793727c0a696d08ac9259c6447da7b8470fb1db1a115f9e510dbf5a3b6be50c6,2026-06,Suffolk Constabulary,Suffolk Constabulary,1.745418,52.478035,On or near Haward Street,E01030265,East Suffolk 004F,Violence and sexual offences,Under investigation,
a0ca5f15fe59a927f4a3a7768825b349c54ed671bdec18041ae45106ed4bdcce,2026-06,Suffolk Constabulary,Suffolk Constabulary,1.745472,52.475722,On or near Trafalgar Street,E01030265,East Suffolk 004F,Violence and sexual offences,Under investigation,
ce368a74e3c3ccdf8f43eb07636678faa0b7f216f9a3f94d0a50db912e116e14,2026-06,Suffolk Constabulary,Suffolk Constabulary,1.737704,52.477929,On or near Montana Place,E01030265,East Suffolk 004F,Violence and sexual offences,Under investigation,
7ad8aebc184db655b68f136b439e278a84e15e76450c59b54f9a02317c546ab1,2026-06,Suffolk Constabulary,Suffolk Constabulary,1.730938,52.469696,On or near Kimberley Road,E01030255,East Suffolk 005A,Criminal damage and arson,Investigation complete; no suspect identified,
9698e8407dd3a176cc0ef52df8fc9400681cc405f1c47c01cdd08a4fa3954c26,2026-06,Suffolk Constabulary,Suffolk Constabulary,1.736990,52.471943,On or near Riverside Road,E01030255,East Suffolk 005A,Vehicle crime,Under investigation,
0ad8e43263e6346a5d81f40c73304f71e9e0cd3a0b12ed780fc53e3d095d8a25,2026-06,Suffolk Constabulary,Suffolk Constabulary,1.729332,52.468991,On or near Notley Road,E01030255,East Suffolk 005A,Violence and sexual offences,Action to be taken by another organisation,
f0522234864b56a40a3119744e6a5ad23f593fa3043f7873759e070e418efbce,2026-06,Suffolk Constabulary,Suffolk Constabulary,1.730998,52.470405,On or near Waveney Crescent,E01030255,East Suffolk 005A,Violence and sexual offences,Unable to prosecute suspect,
dbfe6565e5b7d9ad737a62fa4cd6e3c821ee3e28dc01fedb71852869131b956a,2026-06,Suffolk Constabulary,Suffolk Constabulary,1.725782,52.471183,On or near Sports/Recreation Area,E01030255,East Suffolk 005A,Violence and sexual offences,Investigation complete; no suspect identified,
d6abafd587847a2fdb162294c06820fc96f1bbf3edde60b7d0fab1fa37fe91a9,2026-06,Suffolk Constabulary,Suffolk Constabulary,1.733726,52.470787,On or near Waveney Drive,E01030255,East Suffolk 005A,Violence and sexual offences,Under investigation,
e8e33851be9535501b8e0ffc79397c03f36de13783ae013696aa5bd715541ca4,2026-06,Suffolk Constabulary,Suffolk Constabulary,1.733726,52.470787,On or near Waveney Drive,E01030255,East Suffolk 005A,Violence and sexual offences,Under investigation,
53c9547bc178531a4ec3d7a8ca50aa2e4239fa9c27c454cac2232d980d38a0e7,2026-06,Suffolk Constabulary,Suffolk Constabulary,1.736990,52.471943,On or near Riverside Road,E01030255,East Suffolk 005A,Violence and sexual offences,Investigation complete; no suspect identified,
9e4aea410649f7145d1cc5031a76b428331cc6e47fccd145e474c9d34a1d17b7,2026-06,Suffolk Constabulary,Suffolk Constabulary,1.730938,52.469696,On or near Kimberley Road,E01030255,East Suffolk 005A,Violence and sexual offences,Under investigation,
0363aa67c813cc9f0535cb52f87529fe035e5b4b95add1485288cbebbc37f849,2026-06,Suffolk Constabulary,Suffolk Constabulary,1.730998,52.470405,On or near Waveney Crescent,E01030255,East Suffolk 005A,Violence and sexual offences,Unable to prosecute suspect,
30b73683fdb133cf1f2933ccc2f7139a88373d1740980c1673360c148ae7d269,2026-06,Suffolk Constabulary,Suffolk Constabulary,1.729332,52.468991,On or near Notley Road,E01030255,East Suffolk 005A,Violence and sexual offences,Unable to prosecute suspect,
3baff6e06131ec3a8de5d0499b0ae6cd9f1de4c1ae643d22fca4720c2db6660d,2026-06,Suffolk Constabulary,Suffolk Constabulary,1.730938,52.469696,On or near Kimberley Road,E01030255,East Suffolk 005A,Other crime,Under investigation,
,2026-06,Suffolk Constabulary,Suffolk Constabulary,1.728644,52.481228,On or near Parkside Drive,E01030263,East Suffolk 005B,Anti-social behaviour,,
,2026-06,Suffolk Constabulary,Suffolk Constabulary,1.735524,52.482621,On or near Garden Close,E01030263,East Suffolk 005B,Anti-social behaviour,,
,2026-06,Suffolk Constabulary,Suffolk Constabulary,1.728644,52.481228,On or near Parkside Drive,E01030263,East Suffolk 005B,Anti-social behaviour,,
,2026-06,Suffolk Constabulary,Suffolk Constabulary,1.732906,52.484584,On or near Greenacre Crescent,E01030263,East Suffolk 005B,Anti-social behaviour,,
a26d048d140117efde9839e781a7ede23ee038456e8e9b642493ab28b91eb9c3,2026-06,Suffolk Constabulary,Suffolk Constabulary,1.733764,52.483756,On or near High Beech,E01030263,East Suffolk 005B,Burglary,Investigation complete; no suspect identified,
55ffd90f87e0048c263d53d7b8e16b640eb82eb791ae0d94b5326b83fd0a2d84,2026-06,Suffolk Constabulary,Suffolk Constabulary,1.730001,52.483515,On or near Normanshurst Close,E01030263,East Suffolk 005B,Criminal damage and arson,Investigation complete; no suspect identified,
9478912bdd080c771c4c204192f7773e4afc7ab53b84d92a167a80049ca75cfe,2026-06,Suffolk Constabulary,Suffolk Constabulary,1.732906,52.484584,On or near Greenacre Crescent,E01030263,East Suffolk 005B,Criminal damage and arson,Under investigation,
364e43a8037c8e3da09ae315a7ec561f0dc4d5e8f651f18d5a648d4033b3b462,2026-06,Suffolk Constabulary,Suffolk Constabulary,1.734400,52.486389,On or near Supermarket,E01030263,East Suffolk 005B,Criminal damage and arson,Investigation complete; no suspect identified,
56e093261ea8585d0bf6ebad63ee706209405f110460c28fbb7d93009a69a0c7,2026-06,Suffolk Constabulary,Suffolk Constabulary,1.730001,52.483515,On or near Normanshurst Close,E01030263,East Suffolk 005B,Criminal damage and arson,Under investigation,
4503f2e918d270f64765f3473fd0ebce65e1ccdedbc4d8b48413b0c81daa988a,2026-06,Suffolk Constabulary,Suffolk Constabulary,1.724700,52.483026,On or near Monckton Avenue,E01030263,East Suffolk 005B,Other theft,Under investigation,
7c14a2f3ac303be442615d1770ef4bffa89e99302feca8881a8bc33d2b2aceef,2026-06,Suffolk Constabulary,Suffolk Constabulary,1.734400,52.486389,On or near Supermarket,E01030263,East Suffolk 005B,Violence and sexual offences,Under investigation,
cc5af6517e752695a66b1afb162fa010fb4569e28e106833d5f2a8a8f3b87af6,2026-06,Suffolk Constabulary,Suffolk Constabulary,1.728644,52.481228,On or near Parkside Drive,E01030263,East Suffolk 005B,Violence and sexual offences,Under investigation,
121132e38b62214978ba4db720125fd7dfc29431a4d09d4c540926345a2df61c,2026-06,Suffolk Constabulary,Suffolk Constabulary,1.732518,52.480701,On or near Drake'S Heath,E01030263,East Suffolk 005B,Violence and sexual offences,Unable to prosecute suspect,
eba680578771582089424229170b6846932a338a0fab90d73e4aecc26902c20f,2026-06,Suffolk Constabulary,Suffolk Constabulary,1.728644,52.481228,On or near Parkside Drive,E01030263,East Suffolk 005B,Violence and sexual offences,Under investigation,
,2026-06,Suffolk Constabulary,Suffolk Constabulary,1.714676,52.476145,On or near Sea Lake Road,E01030270,East Suffolk 005C,Anti-social behaviour,,
,2026-06,Suffolk Constabulary,Suffolk Constabulary,1.716792,52.476600,On or near Harbour Road,E01030270,East Suffolk 005C,Anti-social behaviour,,
,2026-06,Suffolk Constabulary,Suffolk Constabulary,1.720476,52.479066,On or near Mutford Close,E01030270,East Suffolk 005C,Anti-social behaviour,,
1bf64b297e9f621bf9c1ba30c1787c5b40567e784988742e19620c89ec2a8b8a,2026-06,Suffolk Constabulary,Suffolk Constabulary,1.712411,52.477233,On or near Commodore Road,E01030270,East Suffolk 005C,Burglary,Under investigation,
8718edf2d486cc00b978382f58a4c41606dab87180367f2d85fc1629faafcf0f,2026-06,Suffolk Constabulary,Suffolk Constabulary,1.712411,52.477233,On or near Commodore Road,E01030270,East Suffolk 005C,Burglary,Under investigation,
fa3910c98854310b8eb05c0f68191ba7b3b520498b032dc37546eebcb210ac6d,2026-06,Suffolk Constabulary,Suffolk Constabulary,1.720844,52.479405,On or near Lakeland Drive,E01030270,East Suffolk 005C,Criminal damage and arson,Unable to prosecute suspect,
bbd0227910761e6f01d99762a334a5a15dd9f6b9fa17e8b3608e3212e0e6424d,2026-06,Suffolk Constabulary,Suffolk Constabulary,1.716473,52.482781,On or near Bonds Meadow,E01030270,East Suffolk 005C,Criminal damage and arson,Unable to prosecute suspect,
aa368fb6f86447a501f7aa344b8c2ec649980751a927ad6fff80427ce2b149f5,2026-06,Suffolk Constabulary,Suffolk Constabulary,1.721625,52.478535,On or near Constable Close,E01030270,East Suffolk 005C,Drugs,Local resolution,
bf6a8ab450580ce19cf0ed5272ecaa5b1e0872133d821a0dc6baf4847511487b,2026-06,Suffolk Constabulary,Suffolk Constabulary,1.714005,52.477624,On or near Parking Area,E01030270,East Suffolk 005C,Other theft,Under investigation,
718e2f9c7b283b6cc732e44bcdb90a83df0230e1aed3728af8c00585a947dab7,2026-06,Suffolk Constabulary,Suffolk Constabulary,1.720844,52.479405,On or near Lakeland Drive,E01030270,East Suffolk 005C,Violence and sexual offences,Unable to prosecute suspect,
26392904d161d7de1256091ed30b487520a5860770a883fc0746a873e990e5d6,2026-06,Suffolk Constabulary,Suffolk Constabulary,1.715417,52.478290,On or near Holly Road,E01030270,East Suffolk 005C,Violence and sexual offences,Under investigation,
60e36e19d4baed482b70f111485738863143821d5ece98289dd04dd02bfcdb63,2026-06,Suffolk Constabulary,Suffolk Constabulary,1.716473,52.482781,On or near Bonds Meadow,E01030270,East Suffolk 005C,Violence and sexual offences,Awaiting court outcome,
f5d7f705eb4ddf7cb2336fea650af6196f938db51ec56227ddb32b8223c45ab2,2026-06,Suffolk Constabulary,Suffolk Constabulary,1.712411,52.477233,On or near Commodore Road,E01030270,East Suffolk 005C,Violence and sexual offences,Under investigation,
7c605e56588f6df3ea7e413fd36e264542107d8f9103d8a9b6a5aee2a5775458,2026-06,Suffolk Constabulary,Suffolk Constabulary,1.715417,52.478290,On or near Holly Road,E01030270,East Suffolk 005C,Violence and sexual offences,Under investigation,
14ef749c9fdbe2f979fd9da9d2fd452ae8228a47f0d78b4f91d57078e0cc5e3a,2026-06,Suffolk Constabulary,Suffolk Constabulary,1.715417,52.478290,On or near Holly Road,E01030270,East Suffolk 005C,Other crime,Under investigation,
,2026-06,Suffolk Constabulary,Suffolk Constabulary,1.708450,52.472536,On or near Parking Area,E01030289,East Suffolk 005D,Anti-social behaviour,,
,2026-06,Suffolk Constabulary,Suffolk Constabulary,1.712318,52.472109,On or near South Elmham Terrace,E01030289,East Suffolk 005D,Anti-social behaviour,,
938606d1258ea31612b349095ce48dd6459edf63648f1b3275d2e710224ba278,2026-06,Suffolk Constabulary,Suffolk Constabulary,1.708810,52.474009,On or near Parking Area,E01030289,East Suffolk 005D,Bicycle theft,Under investigation,
9802a00bdac07c5cd672c04a60d4a905390a41a33252c7f97a2123309d12f0e4,2026-06,Suffolk Constabulary,Suffolk Constabulary,1.725874,52.468336,On or near Privet Green,E01030289,East Suffolk 005D,Criminal damage and arson,Under investigation,
25c0c2d7ac3becf2f85f54cf38786456f6d4ae3bca36e4d13775aceb2814f2ab,2026-06,Suffolk Constabulary,Suffolk Constabulary,1.708810,52.474009,On or near Parking Area,E01030289,East Suffolk 005D,Criminal damage and arson,Under investigation,
6884534826b008a11e1520bdd0e9857300e41cd7ab3de4f305648cde15e4fc22,2026-06,Suffolk Constabulary,Suffolk Constabulary,1.708810,52.474009,On or near Parking Area,E01030289,East Suffolk 005D,Criminal damage and arson,Under investigation,
fb142f99979eb59149dc2871e08664a9108247913bf9e0acd61e7ca25b45272a,2026-06,Suffolk Constabulary,Suffolk Constabulary,1.718428,52.471377,On or near Nelson Wharf,E01030289,East Suffolk 005D,Criminal damage and arson,Investigation complete; no suspect identified,
be402e7fbd0453b201c49c1e7ccda301c2b14862dbd9ff292c40d5ba20843886,2026-06,Suffolk Constabulary,Suffolk Constabulary,1.716823,52.472606,On or near Lake View Terrace,E01030289,East Suffolk 005D,Drugs,Under investigation,
2e4087b794a977f4eeee8cc6f98f96da0fe1b35a2a41f5822fbbe49aa906c46f,2026-06,Suffolk Constabulary,Suffolk Constabulary,1.720641,52.471244,On or near School Road,E01030289,East Suffolk 005D,Drugs,Under investigation,
dabf42847ff54666eeaee245c0bca7a4b95481d32ea7f22b283eade3a93f440d,2026-06,Suffolk Constabulary,Suffolk Constabulary,1.722736,52.468156,On or near Maple Road,E01030289,East Suffolk 005D,Vehicle crime,Unable to prosecute suspect,
45821e343087a0a9239b82e2e59ef5bf90dd96111bdac633a95b7d8d533759f4,2026-06,Suffolk Constabulary,Suffolk Constabulary,1.708849,52.469043,On or near Sycamore Avenue,E01030289,East Suffolk 005D,Violence and sexual offences,Under investigation,
6e11c6f65834b155c5e791d4e25e28c11cae480c691d5253290ff561a4aeaf15,2026-06,Suffolk Constabulary,Suffolk Constabulary,1.716823,52.472606,On or near Lake View Terrace,E01030289,East Suffolk 005D,Violence and sexual offences,Under investigation,
cfabbfbb5341deb896c2bb266166e03d99d547dfc91e798e80afc087efe77e19,2026-06,Suffolk Constabulary,Suffolk Constabulary,1.708849,52.469043,On or near Sycamore Avenue,E01030289,East Suffolk 005D,Violence and sexual offences,Under investigation,
c01ae13400cd6ceee1aed7169935b31559d2b21e7467c1d868cd4b8b6f2b4216,2026-06,Suffolk Constabulary,Suffolk Constabulary,1.708810,52.474009,On or near Parking Area,E01030289,East Suffolk 005D,Violence and sexual offences,Under investigation,
61fbe4e1ceedcf0c4f73118b92510184895e1995f9f5aee897472a851b7e8e84,2026-06,Suffolk Constabulary,Suffolk Constabulary,1.708810,52.474009,On or near Parking Area,E01030289,East Suffolk 005D,Violence and sexual offences,Unable to prosecute suspect,
af938b7fe4714b1f11bda261a3f3f9b3aa9623ae16cfc63c28c327288e80af51,2026-06,Suffolk Constabulary,Suffolk Constabulary,1.708810,52.474009,On or near Parking Area,E01030289,East Suffolk 005D,Violence and sexual offences,Under investigation,
7e9feca0ab5674d84cb770b50889832ac1732bdbe3bd0958794e61684214daee,2026-06,Suffolk Constabulary,Suffolk Constabulary,1.708810,52.474009,On or near Parking Area,E01030289,East Suffolk 005D,Violence and sexual offences,Under investigation,
febec555248d0bf8f06f2eb9c93edb2f8696e4f4fb4afe9b20798e084cfe25b4,2026-06,Suffolk Constabulary,Suffolk Constabulary,1.715021,52.472024,On or near Crompton Road,E01030289,East Suffolk 005D,Violence and sexual offences,Under investigation,
911f59114c86874de99540cdb52e1eb448ce30ec93fcdaa34ee4a9bd99398549,2026-06,Suffolk Constabulary,Suffolk Constabulary,1.708810,52.474009,On or near Parking Area,E01030289,East Suffolk 005D,Violence and sexual offences,Unable to prosecute suspect,
19a7c1e40b0e4cc5e518a24c637723658764e84cab252a863433cf2d315ca0e7,2026-06,Suffolk Constabulary,Suffolk Constabulary,1.724512,52.470870,On or near Sunnyfields,E01030289,East Suffolk 005D,Violence and sexual offences,Unable to prosecute suspect,
f8d057723c24d4e86f4755343e58ec5f2c5deef0ceed8bf073e3e561a1b8bd36,2026-06,Suffolk Constabulary,Suffolk Constabulary,1.708450,52.472536,On or near Parking Area,E01030289,East Suffolk 005D,Violence and sexual offences,Unable to prosecute suspect,
c1dfb6212023b6b536fbbff12edb5633a2af6035128efd51fea0f76891960b35,2026-06,Suffolk Constabulary,Suffolk Constabulary,1.708849,52.469043,On or near Sycamore Avenue,E01030289,East Suffolk 005D,Other crime,Under investigation,
4e746aa4ef7622b90f591504c83b072b238b137743767d8b1916b1a198fb0e54,2026-06,Suffolk Constabulary,Suffolk Constabulary,1.723850,52.469488,On or near Hardy Close,E01030289,East Suffolk 005D,Other crime,Under investigation,
4d72159b978946fd4fedaa0728f79b57257ab1d7023ca0f5b80fe940eb56868a,2026-06,Suffolk Constabulary,Suffolk Constabulary,1.724808,52.469314,On or near Burnham Way,E01030289,East Suffolk 005D,Other crime,Under investigation,
319360b8a43e2b027546712c2275376a47216eed6da2337c0415d38b2c79e433,2026-06,Suffolk Constabulary,Suffolk Constabulary,1.715260,52.470316,On or near Dell Road,E01030290,East Suffolk 005E,Burglary,Under investigation,
547e5052406114c9562046d43410867c30abb06c283921addd67d90314b392a8,2026-06,Suffolk Constabulary,Suffolk Constabulary,1.718664,52.469463,On or near Skoulding Close,E01030290,East Suffolk 005E,Violence and sexual offences,Under investigation,
e59eff6f30564a90cb9d20ef0b67c7394651b3f5b14556f19fe3965bfcc32b81,2026-06,Suffolk Constabulary,Suffolk Constabulary,1.722981,52.468616,On or near Ashfield Crescent,E01030290,East Suffolk 005E,Violence and sexual offences,Under investigation,
,2026-06,Suffolk Constabulary,Suffolk Constabulary,1.754523,52.482882,On or near White Horse Street,E01030247,East Suffolk 006A,Anti-social behaviour,,
,2026-06,Suffolk Constabulary,Suffolk Constabulary,1.755831,52.483884,On or near Albany Road,E01030247,East Suffolk 006A,Anti-social behaviour,,
,2026-06,Suffolk Constabulary,Suffolk Constabulary,1.753286,52.476670,On or near Shopping Area,E01030247,East Suffolk 006A,Anti-social behaviour,,
,2026-06,Suffolk Constabulary,Suffolk Constabulary,1.753286,52.476670,On or near Shopping Area,E01030247,East Suffolk 006A,Anti-social behaviour,,
,2026-06,Suffolk Constabulary,Suffolk Constabulary,1.752609,52.482385,On or near Elim Terrace,E01030247,East Suffolk 006A,Anti-social behaviour,,
,2026-06,Suffolk Constabulary,Suffolk Constabulary,1.754523,52.482882,On or near White Horse Street,E01030247,East Suffolk 006A,Anti-social behaviour,,
,2026-06,Suffolk Constabulary,Suffolk Constabulary,1.756852,52.479093,On or near Herring Fishery Score,E01030247,East Suffolk 006A,Anti-social behaviour,,
,2026-06,Suffolk Constabulary,Suffolk Constabulary,1.756820,52.486839,On or near Lighthouse Score,E01030247,East Suffolk 006A,Anti-social behaviour,,
e1e87b297255406134a0b5658d9ab0f13766b54de285994629765910759a0e0c,2026-06,Suffolk Constabulary,Suffolk Constabulary,1.755831,52.483884,On or near Albany Road,E01030247,East Suffolk 006A,Burglary,Investigation complete; no suspect identified,
96f9098377cf676af997c73ef871d02bfdcb059b7303297dd1a6cf6783d50942,2026-06,Suffolk Constabulary,Suffolk Constabulary,1.755935,52.484671,On or near Petrol Station,E01030247,East Suffolk 006A,Burglary,Under investigation,
92c0c035ac496111af0f76e79e5c0ac987e5c68069474136a391ed85a76aa224,2026-06,Suffolk Constabulary,Suffolk Constabulary,1.758673,52.483173,On or near Whapload Road,E01030247,East Suffolk 006A,Burglary,Under investigation,
c92d25107c3c3325f803b6879601e9fac566b2725962d577b40790ef24df2286,2026-06,Suffolk Constabulary,Suffolk Constabulary,1.755215,52.480980,On or near Old Market Street,E01030247,East Suffolk 006A,Criminal damage and arson,Under investigation,
d6c6fc50ae38526b021dd20c501243e4cf661892d80dd5708ea053192f85452a,2026-06,Suffolk Constabulary,Suffolk Constabulary,1.754434,52.478208,On or near London Road North,E01030247,East Suffolk 006A,Criminal damage and arson,Under investigation,
c5d5c11dff23b0f3a2424f1ab1dccc2efdeaa82e6b0a7471658eb8163b27c952,2026-06,Suffolk Constabulary,Suffolk Constabulary,1.752609,52.482385,On or near Elim Terrace,E01030247,East Suffolk 006A,Criminal damage and arson,Investigation complete; no suspect identified,
05309386f3345f5c65bf49eb64d0f2fde47ff92a42f5cd5ecfdc6529661812c5,2026-06,Suffolk Constabulary,Suffolk Constabulary,1.753286,52.476670,On or near Shopping Area,E01030247,East Suffolk 006A,Criminal damage and arson,Investigation complete; no suspect identified,
6ab5d42f84f40c300cf35882087300810e1d2002a73c392790c71119df3a2858,2026-06,Suffolk Constabulary,Suffolk Constabulary,1.753387,52.475947,On or near Theatre/Concert Hall,E01030247,East Suffolk 006A,Criminal damage and arson,Under investigation,
1a629d78e3fcb0486b27661f516efcb13c70f5d8d3d9bbbee54310f0bd56736c,2026-06,Suffolk Constabulary,Suffolk Constabulary,1.751954,52.473825,On or near Waveney Road,E01030247,East Suffolk 006A,Drugs,Under investigation,
621a477eeb8b844a617401c21193eed27fdd926f5fc86b1749c7ad661ba0fc99,2026-06,Suffolk Constabulary,Suffolk Constabulary,1.755057,52.481543,On or near Dukes Head Street,E01030247,East Suffolk 006A,Drugs,Under investigation,
f74cbe239f6c6e8472efe5967e636ac8241a08efa19d1f6bcb049b1b56862f93,2026-06,Suffolk Constabulary,Suffolk Constabulary,1.752193,52.483199,On or near Crown Street West,E01030247,East Suffolk 006A,Drugs,Awaiting court outcome,
e8827ea543bb59c140e95dbfebe4c990d2f03f3cae90bfc06346c83dd967de90,2026-06,Suffolk Constabulary,Suffolk Constabulary,1.755057,52.481543,On or near Dukes Head Street,E01030247,East Suffolk 006A,Other theft,Under investigation,
b96707372efb063eb465e24217726c66c0ea80e991b266405f585dc953ae2b8b,2026-06,Suffolk Constabulary,Suffolk Constabulary,1.758148,52.477019,On or near Hamilton Road,E01030247,East Suffolk 006A,Other theft,Investigation complete; no suspect identified,
120bddf4713d2dbd003aa4924c2c896a0285c766b9f0dee4bea968c298937bce,2026-06,Suffolk Constabulary,Suffolk Constabulary,1.755935,52.484671,On or near Petrol Station,E01030247,East Suffolk 006A,Other theft,Investigation complete; no suspect identified,
a53c122b4390c676b98a72f4ef57c792d6dc602f02d5d318192126d85aa2ae86,2026-06,Suffolk Constabulary,Suffolk Constabulary,1.757943,52.488953,On or near Parking Area,E01030247,East Suffolk 006A,Other theft,Under investigation,
6295d7da7ff615d627031c3ea370b466f7ee455af62b0a93ae6fb3fbb651b374,2026-06,Suffolk Constabulary,Suffolk Constabulary,1.753762,52.487269,On or near Dawn Pointon Place,E01030247,East Suffolk 006A,Other theft,Investigation complete; no suspect identified,
59faf12ff52604c4661e45eed34fe1290d74d70d53014c03f1cdc707a3fe27e8,2026-06,Suffolk Constabulary,Suffolk Constabulary,1.753286,52.476670,On or near Shopping Area,E01030247,East Suffolk 006A,Possession of weapons,Local resolution,
64eafc0f202f28b4491fd05188a44b02cef900118aa31588faf94a10784138bc,2026-06,Suffolk Constabulary,Suffolk Constabulary,1.754900,52.484022,On or near Jubilee Way,E01030247,East Suffolk 006A,Public order,Unable to prosecute suspect,
864ddfe9452a7f056f4d3deb218cc100635be7b8ed5e6e208fd8675d4991c1a0,2026-06,Suffolk Constabulary,Suffolk Constabulary,1.755661,52.485167,On or near Belle Vue Close,E01030247,East Suffolk 006A,Public order,Under investigation,
3bd9ade04f22d1d34c4e5372853de51b6faa13d8c7762d6ac1318bfe8e8c78fb,2026-06,Suffolk Constabulary,Suffolk Constabulary,1.754434,52.478208,On or near London Road North,E01030247,East Suffolk 006A,Public order,Under investigation,
6f6abd20e1e87f8b945de07c103f44ae3f98cfe329c5d881905484e0e7fe1014,2026-06,Suffolk Constabulary,Suffolk Constabulary,1.753286,52.476670,On or near Shopping Area,E01030247,East Suffolk 006A,Public order,Offender given a caution,
ac1a89d6db654468b9a34721d53dbfd4ccaef93f42b0396abe9512159c16d199,2026-06,Suffolk Constabulary,Suffolk Constabulary,1.752193,52.483199,On or near Crown Street West,E01030247,East Suffolk 006A,Public order,Under investigation,
c6f593fa10465d97da3368dfedb3b7a9cf878b322fbf3393b135231df4bed616,2026-06,Suffolk Constabulary,Suffolk Constabulary,1.754707,52.480376,On or near Triangle Yard,E01030247,East Suffolk 006A,Public order,Under investigation,
4516dc4a83c030b6da545f97b1892667f06411d1ac89f0b0b0851d07ae691b8a,2026-06,Suffolk Constabulary,Suffolk Constabulary,1.753286,52.476670,On or near Shopping Area,E01030247,East Suffolk 006A,Public order,Under investigation,
7d2041b359502877c97b722aaa2abbfb21f50a9c967baa3664bfab408b663848,2026-06,Suffolk Constabulary,Suffolk Constabulary,1.755057,52.481543,On or near Dukes Head Street,E01030247,East Suffolk 006A,Robbery,Under investigation,
cea1595d8fa93a3e0124ff9677f54bca520f66c830cae688dd8936ad4ed72720,2026-06,Suffolk Constabulary,Suffolk Constabulary,1.752591,52.475775,On or near Shopping Area,E01030247,East Suffolk 006A,Shoplifting,Under investigation,
9ce19d470da23f21d32a217e064e547c2f82d44fd49d25a7680b94b08d1ca960,2026-06,Suffolk Constabulary,Suffolk Constabulary,1.752591,52.475775,On or near Shopping Area,E01030247,East Suffolk 006A,Shoplifting,Under investigation,
2623fcbdd9f1ef306db162d2ea172026b3b14a882f950725eb604bed055d4bfd,2026-06,Suffolk Constabulary,Suffolk Constabulary,1.752591,52.475775,On or near Shopping Area,E01030247,East Suffolk 006A,Shoplifting,Awaiting court outcome,
13d6622daade23a5412cbcdb68d078c34967c466f4ff36b6e87e307d5c0898da,2026-06,Suffolk Constabulary,Suffolk Constabulary,1.753387,52.475947,On or near Theatre/Concert Hall,E01030247,East Suffolk 006A,Shoplifting,Investigation complete; no suspect identified,
8cba5fe6b60eead1fc97a36a8ccceec50c662c6bff8b33ea2f9069c39251229d,2026-06,Suffolk Constabulary,Suffolk Constabulary,1.752591,52.475775,On or near Shopping Area,E01030247,East Suffolk 006A,Shoplifting,Under investigation,
c48fa1771674dfb14510db53d47de7df403472a64be240762fca0266f5f4973f,2026-06,Suffolk Constabulary,Suffolk Constabulary,1.752591,52.475775,On or near Shopping Area,E01030247,East Suffolk 006A,Shoplifting,Under investigation,
569474510cf3f4d4d272384893403ac3a0f3a6ef5227f0e5883621f3fb1a324a,2026-06,Suffolk Constabulary,Suffolk Constabulary,1.753387,52.475947,On or near Theatre/Concert Hall,E01030247,East Suffolk 006A,Shoplifting,Under investigation,
d676b5e9dc9af5daaa5295b538723c170add6f4778c10629bafd846da7a60a89,2026-06,Suffolk Constabulary,Suffolk Constabulary,1.753387,52.475947,On or near Theatre/Concert Hall,E01030247,East Suffolk 006A,Shoplifting,Investigation complete; no suspect identified,
22af6cd6a9b127de87f1440c615c167f1527e5d50e730069c85a0a1cef294ef5,2026-06,Suffolk Constabulary,Suffolk Constabulary,1.753387,52.475947,On or near Theatre/Concert Hall,E01030247,East Suffolk 006A,Shoplifting,Under investigation,
af9d1fcbf3868f3a3ae70d3ffced7550b0415234dc0e07c0d4d421323fc475a6,2026-06,Suffolk Constabulary,Suffolk Constabulary,1.752591,52.475775,On or near Shopping Area,E01030247,East Suffolk 006A,Shoplifting,Under investigation,
ab4b8b817dd3026c3307142638add5a94f1c8550553968423a64d7acdfae842c,2026-06,Suffolk Constabulary,Suffolk Constabulary,1.753387,52.475947,On or near Theatre/Concert Hall,E01030247,East Suffolk 006A,Shoplifting,Unable to prosecute suspect,
3bc50e1ab385ec12575a88968cda5b4ad37991afdfe49d321d6ab7967cf6389e,2026-06,Suffolk Constabulary,Suffolk Constabulary,1.752591,52.475775,On or near Shopping Area,E01030247,East Suffolk 006A,Shoplifting,Under investigation,
c0a81232a381504098359a1d431a1ba7a16e909ae61dba334d4c9b985fede292,2026-06,Suffolk Constabulary,Suffolk Constabulary,1.752591,52.475775,On or near Shopping Area,E01030247,East Suffolk 006A,Shoplifting,Under investigation,
829bac53cf6ee506dbf8d51b7fe89b60d1932d6a8be1826d1a2e1e5d83226cb1,2026-06,Suffolk Constabulary,Suffolk Constabulary,1.753928,52.481084,On or near Parking Area,E01030247,East Suffolk 006A,Vehicle crime,Under investigation,
48f37a7abad8744e0e91a2d8f46ac6b3ccf25825868da35bc10c6f49186ae20f,2026-06,Suffolk Constabulary,Suffolk Constabulary,1.757997,52.480253,On or near Cumberland Place,E01030247,East Suffolk 006A,Vehicle crime,Under investigation,
b502d2e42fffd604425978f1ae3560880eaccfbd88b3e3333c2700f29d67357a,2026-06,Suffolk Constabulary,Suffolk Constabulary,1.756820,52.486839,On or near Lighthouse Score,E01030247,East Suffolk 006A,Vehicle crime,Under investigation,
5ec9441fff09767960f88f731e8b8035d4a823aa6976994044fbae276c6b93ea,2026-06,Suffolk Constabulary,Suffolk Constabulary,1.755935,52.484671,On or near Petrol Station,E01030247,East Suffolk 006A,Vehicle crime,Under investigation,
07f2c370fcddb945c3cfb974588512a4d7086eec0181106a8d3652ab1c0cabbe,2026-06,Suffolk Constabulary,Suffolk Constabulary,1.755661,52.485167,On or near Belle Vue Close,E01030247,East Suffolk 006A,Violence and sexual offences,Under investigation,
acabf47e53905b7f981e3868b8507ca1247fc981602958b22f955c90b62f0b08,2026-06,Suffolk Constabulary,Suffolk Constabulary,1.756381,52.479963,On or near Spurgeon Score,E01030247,East Suffolk 006A,Violence and sexual offences,Under investigation,
b78c1d7cf14e86c0ee6fdb165c14d3b59526d51416a23f43e883fc3e20ed4626,2026-06,Suffolk Constabulary,Suffolk Constabulary,1.751954,52.473825,On or near Waveney Road,E01030247,East Suffolk 006A,Violence and sexual offences,Investigation complete; no suspect identified,
dc1c3947dcb2f3c4cbe430872a4d99eebe0485e471ac789bd6e9b5c933a6733b,2026-06,Suffolk Constabulary,Suffolk Constabulary,1.754668,52.488904,On or near The Ravine,E01030247,East Suffolk 006A,Violence and sexual offences,Under investigation,
abc768447204c62d21530528c529fe83254dea8ca3846d6940c7cb7b41a0e375,2026-06,Suffolk Constabulary,Suffolk Constabulary,1.755661,52.485167,On or near Belle Vue Close,E01030247,East Suffolk 006A,Violence and sexual offences,Under investigation,
aaff0677deb8117ed7f3142558a89e8358b5fbae4abdb7ba34960d257128c6cd,2026-06,Suffolk Constabulary,Suffolk Constabulary,1.754668,52.488904,On or near The Ravine,E01030247,East Suffolk 006A,Violence and sexual offences,Under investigation,
4fd103f1c011869d1a6f16faab6aceef3c04b016e1eeec423510f47595f4ed81,2026-06,Suffolk Constabulary,Suffolk Constabulary,1.753286,52.476670,On or near Shopping Area,E01030247,East Suffolk 006A,Violence and sexual offences,Under investigation,
5cdd23b625b040d67698b2cc4619bb221ec87c73c1d64ce9634c69eee1614185,2026-06,Suffolk Constabulary,Suffolk Constabulary,1.751954,52.473825,On or near Waveney Road,E01030247,East Suffolk 006A,Violence and sexual offences,Under investigation,
660518af28ad1a3b33b6cccfa65b3624c158972b1c6541361af5306dc869fec8,2026-06,Suffolk Constabulary,Suffolk Constabulary,1.755057,52.481543,On or near Dukes Head Street,E01030247,East Suffolk 006A,Violence and sexual offences,Unable to prosecute suspect,
65943d5a6744a59c1634c400763df93c48ce12d16e81dd78fffb1ccab2485919,2026-06,Suffolk Constabulary,Suffolk Constabulary,1.757997,52.480253,On or near Cumberland Place,E01030247,East Suffolk 006A,Violence and sexual offences,Awaiting court outcome,
efbb8984852695d76ae4755431648db4db961145bf5dd1d1fc6eb64441819161,2026-06,Suffolk Constabulary,Suffolk Constabulary,1.757997,52.480253,On or near Cumberland Place,E01030247,East Suffolk 006A,Violence and sexual offences,Awaiting court outcome,
e41b8be740d588e471d95519e9627c8e034d5a86547fa573910e1eb7c90cc016,2026-06,Suffolk Constabulary,Suffolk Constabulary,1.754585,52.475837,On or near Battery Green Road,E01030247,East Suffolk 006A,Violence and sexual offences,Investigation complete; no suspect identified,
73bc706161812c7819043e2847517d9c746afb8d2429078a7693b247027574a4,2026-06,Suffolk Constabulary,Suffolk Constabulary,1.754900,52.484022,On or near Jubilee Way,E01030247,East Suffolk 006A,Violence and sexual offences,Unable to prosecute suspect,
34eee4026b0cce0b1bc138c0d3b02f2b727be9660bbd304ffaed634cdfeaf185,2026-06,Suffolk Constabulary,Suffolk Constabulary,1.752591,52.475775,On or near Shopping Area,E01030247,East Suffolk 006A,Violence and sexual offences,Under investigation,
487642f10900352bf957f15aab539b0ddfacc8a4add3764ba809b6470adaf6ba,2026-06,Suffolk Constabulary,Suffolk Constabulary,1.753286,52.476670,On or near Shopping Area,E01030247,East Suffolk 006A,Violence and sexual offences,Under investigation,
1967b152541d4a4201f2666dfc2f17f68b100a5760bd3e78ca04ed7a1146703f,2026-06,Suffolk Constabulary,Suffolk Constabulary,1.752193,52.483199,On or near Crown Street West,E01030247,East Suffolk 006A,Violence and sexual offences,Under investigation,
4a8c70199a93f725789b936679fbd9ce73d2a5a916a84fe00ef032ec82cd5335,2026-06,Suffolk Constabulary,Suffolk Constabulary,1.754668,52.488904,On or near The Ravine,E01030247,East Suffolk 006A,Violence and sexual offences,Under investigation,
04e5873cd5c872546b511ada3fd7eef36328afb876cf92e95ef79d072463e411,2026-06,Suffolk Constabulary,Suffolk Constabulary,1.754523,52.482882,On or near White Horse Street,E01030247,East Suffolk 006A,Violence and sexual offences,Under investigation,
c16386704268e33c7908dbbc3f7c9903d7898ccab840efa7dfb930c131d97071,2026-06,Suffolk Constabulary,Suffolk Constabulary,1.755935,52.484671,On or near Petrol Station,E01030247,East Suffolk 006A,Other crime,Under investigation,
38ac35121138dda2d39d60eae0d2b544741ea8baa1a50fb77dfe542f4fcfc25f,2026-06,Suffolk Constabulary,Suffolk Constabulary,1.753286,52.476670,On or near Shopping Area,E01030247,East Suffolk 006A,Other crime,Under investigation,
,2026-06,Suffolk Constabulary,Suffolk Constabulary,1.739527,52.467464,On or near Payne Street,E01030254,East Suffolk 006B,Anti-social behaviour,,
,2026-06,Suffolk Constabulary,Suffolk Constabulary,1.738735,52.467849,On or near John Street,E01030254,East Suffolk 006B,Anti-social behaviour,,
,2026-06,Suffolk Constabulary,Suffolk Constabulary,1.740150,52.466994,On or near Beaconsfield Road,E01030254,East Suffolk 006B,Anti-social behaviour,,
3cc86cdc893d1663f0da11e13cd1c393dd79579b4d44dcac575656e84620dc71,2026-06,Suffolk Constabulary,Suffolk Constabulary,1.742948,52.466645,On or near Lawson Court,E01030254,East Suffolk 006B,Shoplifting,Under investigation,
ad788669f35be2c0c80512b296fa33b0a9343b272a10386610c028c6e917df93,2026-06,Suffolk Constabulary,Suffolk Constabulary,1.739527,52.467464,On or near Payne Street,E01030254,East Suffolk 006B,Violence and sexual offences,Under investigation,
d66091f303801cdf38ab0f38cb021247e03f77ba06831ef80f38967b79b66f99,2026-06,Suffolk Constabulary,Suffolk Constabulary,1.739472,52.466125,On or near Lorne Road,E01030254,East Suffolk 006B,Violence and sexual offences,Under investigation,
36565c868c7bba2ac0673ff71c070e3aac4c46c5d405712cccc630242e6f3601,2026-06,Suffolk Constabulary,Suffolk Constabulary,1.739115,52.465039,On or near Lovewell Road,E01030254,East Suffolk 006B,Violence and sexual offences,Under investigation,
,2026-06,Suffolk Constabulary,Suffolk Constabulary,1.740587,52.463122,On or near London Road South,E01030256,East Suffolk 006C,Anti-social behaviour,,
,2026-06,Suffolk Constabulary,Suffolk Constabulary,1.743236,52.464495,On or near Cliff Road,E01030256,East Suffolk 006C,Anti-social behaviour,,
cd30e6c9a6540dbfc007ddadd874182e4a9c2b27b0a36c2a208a76fd3441dbb4,2026-06,Suffolk Constabulary,Suffolk Constabulary,1.743236,52.464495,On or near Cliff Road,E01030256,East Suffolk 006C,Bicycle theft,Awaiting court outcome,
2728349e99a55bb87d0a0c73c124653fb96916da5f78b942ac03f61c46b5d0b5,2026-06,Suffolk Constabulary,Suffolk Constabulary,1.743236,52.464495,On or near Cliff Road,E01030256,East Suffolk 006C,Bicycle theft,Under investigation,
d112750a2a5641856cf15953d5fa42dc5e87bfa0f7902d91469c911ad6b6f778,2026-06,Suffolk Constabulary,Suffolk Constabulary,1.741899,52.465392,On or near Richmond Road,E01030256,East Suffolk 006C,Burglary,Under investigation,
2ae045c783dfe417bfe62c600c3dfa2ea18da31e6b43fa0bc9e367ee39100193,2026-06,Suffolk Constabulary,Suffolk Constabulary,1.737210,52.459766,On or near B1532,E01030256,East Suffolk 006C,Burglary,Under investigation,
43b75e6755f93ff85fb45b0fa79b9fcf0143e6985787ec91d5a812c8615d409e,2026-06,Suffolk Constabulary,Suffolk Constabulary,1.743477,52.464209,On or near Parking Area,E01030256,East Suffolk 006C,Criminal damage and arson,Under investigation,
9c6ef8f7f13e89c13304adf6e3d6d68ee87c0c6d8d3dc527357d306a93f9dd82,2026-06,Suffolk Constabulary,Suffolk Constabulary,1.743477,52.464209,On or near Parking Area,E01030256,East Suffolk 006C,Criminal damage and arson,Under investigation,
473b0fcafc471305246988e72a419e2ee94599bbf5fe97c7c9a48fd8509f413e,2026-06,Suffolk Constabulary,Suffolk Constabulary,1.743477,52.464209,On or near Parking Area,E01030256,East Suffolk 006C,Criminal damage and arson,Investigation complete; no suspect identified,
6a0f72bd89f888bbc266ffa40b488df4fc62f1700760fc88fd21ec875c0b7317,2026-06,Suffolk Constabulary,Suffolk Constabulary,1.740749,52.460526,On or near Park/Open Space,E01030256,East Suffolk 006C,Drugs,Under investigation,
f0c8ca622f930b6e5bd85582aa60aba00a25ca673bcad5809ad5f0afe10a0c73,2026-06,Suffolk Constabulary,Suffolk Constabulary,1.744680,52.465717,On or near Parking Area,E01030256,East Suffolk 006C,Other theft,Investigation complete; no suspect identified,
5b8b4320d7e509b080791ddd74e5403b8f84d04082afac711b6d986baa7e939c,2026-06,Suffolk Constabulary,Suffolk Constabulary,1.741899,52.465392,On or near Richmond Road,E01030256,East Suffolk 006C,Possession of weapons,Under investigation,
d458a025fad135d69a26ee4399cc545bcbb84394b3bd2484a79f2a2fa6cae185,2026-06,Suffolk Constabulary,Suffolk Constabulary,1.744680,52.465717,On or near Parking Area,E01030256,East Suffolk 006C,Public order,Under investigation,
21934c562abe5297a20f50ac8f477f2c2a7150a4c5529386687a55baa87426b4,2026-06,Suffolk Constabulary,Suffolk Constabulary,1.738398,52.461446,On or near Hill House Gardens,E01030256,East Suffolk 006C,Public order,Under investigation,
2bed7dc646927aafc4bf1bb64b717890f437d6d0f7bc0b0def6ca71abbf3393c,2026-06,Suffolk Constabulary,Suffolk Constabulary,1.743477,52.464209,On or near Parking Area,E01030256,East Suffolk 006C,Public order,Under investigation,
b07f0e86ee7f0a34f816ac9f717886d61e61b653f31db5ba394f8280f5544abb,2026-06,Suffolk Constabulary,Suffolk Constabulary,1.744680,52.465717,On or near Parking Area,E01030256,East Suffolk 006C,Public order,Under investigation,
69be53b560a3ca0665c6a45a4bd9cbd61b0575e36919a4e96c7a2e26c475010a,2026-06,Suffolk Constabulary,Suffolk Constabulary,1.741726,52.465442,On or near Richmond Place,E01030256,East Suffolk 006C,Vehicle crime,Under investigation,
1ae7614e30ddc63f29f5d3f554f79d4dadf0b4c6f751f558fd8401c84f3409a6,2026-06,Suffolk Constabulary,Suffolk Constabulary,1.743477,52.464209,On or near Parking Area,E01030256,East Suffolk 006C,Vehicle crime,Under investigation,
dfe1d80d1b9b68580af4d64cf49ee1602d5aec65ca5d15f6c89cccb72bfde620,2026-06,Suffolk Constabulary,Suffolk Constabulary,1.741726,52.465442,On or near Richmond Place,E01030256,East Suffolk 006C,Vehicle crime,Under investigation,
364d2017c1598dc92da9a8c9f340aa734d49264bb1d8a22dea77b987c5d61534,2026-06,Suffolk Constabulary,Suffolk Constabulary,1.744680,52.465717,On or near Parking Area,E01030256,East Suffolk 006C,Violence and sexual offences,Under investigation,
3a63a66ac078169bec4062a45dc6c41e277bdf55ae3321868128f1479cd8998c,2026-06,Suffolk Constabulary,Suffolk Constabulary,1.741201,52.462203,On or near Kirkley Cliff Road,E01030256,East Suffolk 006C,Violence and sexual offences,Unable to prosecute suspect,
6380628dbb7317566429abcff36a84fbbe402a8759a1fe28430c707a9baa2b9e,2026-06,Suffolk Constabulary,Suffolk Constabulary,1.743477,52.464209,On or near Parking Area,E01030256,East Suffolk 006C,Violence and sexual offences,Under investigation,
6dba12255cc60a6db20b0f8b98b3d1765c8dcc4be8be087a9a82859ee8e8eac5,2026-06,Suffolk Constabulary,Suffolk Constabulary,1.743477,52.464209,On or near Parking Area,E01030256,East Suffolk 006C,Violence and sexual offences,Under investigation,
8bd836607b6d3d4e1a04f02057d557429a38dda7adaa0c1390e3e261452bbde5,2026-06,Suffolk Constabulary,Suffolk Constabulary,1.741726,52.465442,On or near Richmond Place,E01030256,East Suffolk 006C,Violence and sexual offences,Unable to prosecute suspect,
c901b19d2d67ed64dce2e9cf43e75705d4d8c5855ee4d991cd2e15e1864a18aa,2026-06,Suffolk Constabulary,Suffolk Constabulary,1.741268,52.465943,On or near St Leonard'S Road,E01030256,East Suffolk 006C,Violence and sexual offences,Under investigation,
5c336d3585dca3f60ad898093be5bbdeb9303e8f048112e765d9312beba0f7ca,2026-06,Suffolk Constabulary,Suffolk Constabulary,1.741201,52.462203,On or near Kirkley Cliff Road,E01030256,East Suffolk 006C,Violence and sexual offences,Unable to prosecute suspect,
3ba4a1b327a9ecdd233ff9f6280fd643780350cc3ffed49882b06e5b12f1a306,2026-06,Suffolk Constabulary,Suffolk Constabulary,1.743236,52.464495,On or near Cliff Road,E01030256,East Suffolk 006C,Violence and sexual offences,Under investigation,
f611201db4b5fca35c264a1d8c6c437f231636a591b6672e4fc061d7f4fef123,2026-06,Suffolk Constabulary,Suffolk Constabulary,1.744680,52.465717,On or near Parking Area,E01030256,East Suffolk 006C,Violence and sexual offences,Under investigation,
2bf5f3f6b5a6075ef91ef4da51c920bf44c027941971a239142e5925efb829ba,2026-06,Suffolk Constabulary,Suffolk Constabulary,1.741201,52.462203,On or near Kirkley Cliff Road,E01030256,East Suffolk 006C,Violence and sexual offences,Unable to prosecute suspect,
c66abcf5a098a62bd951d5674da1725674461254e73f1a464c1eb2050be16955,2026-06,Suffolk Constabulary,Suffolk Constabulary,1.741201,52.462203,On or near Kirkley Cliff Road,E01030256,East Suffolk 006C,Violence and sexual offences,Under investigation,
3e274f546cd516df534a1f3f3f886d4ef97a2776e53e0be030dded71d05cdf1e,2026-06,Suffolk Constabulary,Suffolk Constabulary,1.740749,52.460526,On or near Park/Open Space,E01030256,East Suffolk 006C,Violence and sexual offences,Under investigation,
c8d491c67ee49c8cf433f3f2b8e405d6d8a3837f2c0aacdb5304688326b30d1b,2026-06,Suffolk Constabulary,Suffolk Constabulary,1.744680,52.465717,On or near Parking Area,E01030256,East Suffolk 006C,Violence and sexual offences,Under investigation,
63f3c35aabe69324194b89e705c717fd1679dc5201a3712ea236bb4b443cc09d,2026-06,Suffolk Constabulary,Suffolk Constabulary,1.738398,52.461446,On or near Hill House Gardens,E01030256,East Suffolk 006C,Violence and sexual offences,Action to be taken by another organisation,
25bde158e17dc04e96db592a58e88cd2f898a7344acd35e1375dee84e663832c,2026-06,Suffolk Constabulary,Suffolk Constabulary,1.744680,52.465717,On or near Parking Area,E01030256,East Suffolk 006C,Violence and sexual offences,Under investigation,
1e3284e001039dc82270da78d142f22fe4b52e54eae6aa4c96c8d1ae4ba73e72,2026-06,Suffolk Constabulary,Suffolk Constabulary,1.744680,52.465717,On or near Parking Area,E01030256,East Suffolk 006C,Violence and sexual offences,Under investigation,
d3ff69005fff998b54ef59b4f687ba9376d691def59236f164f23c0aac483350,2026-06,Suffolk Constabulary,Suffolk Constabulary,1.744680,52.465717,On or near Parking Area,E01030256,East Suffolk 006C,Violence and sexual offences,Under investigation,
edf636e61150b7c4bc8a719552a0a582641ecdb62ff7605ddbb2e52816514fc2,2026-06,Suffolk Constabulary,Suffolk Constabulary,1.743477,52.464209,On or near Parking Area,E01030256,East Suffolk 006C,Violence and sexual offences,Under investigation,
1661df72399e99b9684140ed51179727e1bb6953db80a9f6e4f221e533fed5a7,2026-06,Suffolk Constabulary,Suffolk Constabulary,1.741726,52.465442,On or near Richmond Place,E01030256,East Suffolk 006C,Violence and sexual offences,Unable to prosecute suspect,
,2026-06,Suffolk Constabulary,Suffolk Constabulary,1.752932,52.471815,On or near Port Of Lowestoft,E01030258,East Suffolk 006D,Anti-social behaviour,,
,2026-06,Suffolk Constabulary,Suffolk Constabulary,1.743994,52.465442,On or near Kirkley Cliff,E01030258,East Suffolk 006D,Anti-social behaviour,,
ab98c5d86736d5a84655a78be97f3c0d9dab4d23e580cd254e02738d717ec57d,2026-06,Suffolk Constabulary,Suffolk Constabulary,1.745662,52.469644,On or near Cleveland Road,E01030258,East Suffolk 006D,Burglary,Under investigation,
805111777a518024337dab615387d71819a323734d5f2558809d9f28b44e6161,2026-06,Suffolk Constabulary,Suffolk Constabulary,1.744681,52.466239,On or near Claremont Road,E01030258,East Suffolk 006D,Criminal damage and arson,Under investigation,
836196f35fd6ceb28d7762d9d254e5c4b24f0aa520e98a8ff845719017a0744a,2026-06,Suffolk Constabulary,Suffolk Constabulary,1.747884,52.469790,On or near Parking Area,E01030258,East Suffolk 006D,Criminal damage and arson,Under investigation,
207a8de2467a64fa2ef141df70e451de235d8b8d1b1c9881b5bff53dbe6a461f,2026-06,Suffolk Constabulary,Suffolk Constabulary,1.745401,52.470039,On or near Mill Road,E01030258,East Suffolk 006D,Criminal damage and arson,Under investigation,
9cf4e515c75ffea93b731d6a683285594c6acaf658f237634ef33c3bbed95fbd,2026-06,Suffolk Constabulary,Suffolk Constabulary,1.744681,52.466239,On or near Claremont Road,E01030258,East Suffolk 006D,Criminal damage and arson,Investigation complete; no suspect identified,
95745c48bb7f39152df02e32507550274000411247f6ff87c2dd098a8b5aee7c,2026-06,Suffolk Constabulary,Suffolk Constabulary,1.746534,52.470894,On or near St John'S Road,E01030258,East Suffolk 006D,Criminal damage and arson,Investigation complete; no suspect identified,
c43590775664ddf784a52857edbe09519c4324f65e6dac36dbfb6988d9bbed1f,2026-06,Suffolk Constabulary,Suffolk Constabulary,1.746534,52.470894,On or near St John'S Road,E01030258,East Suffolk 006D,Criminal damage and arson,Under investigation,
f4c48ebfc7f0b22a18af1aa425c2de6d9a871caa27282d2cbb3d39f5c5113cf6,2026-06,Suffolk Constabulary,Suffolk Constabulary,1.746534,52.470894,On or near St John'S Road,E01030258,East Suffolk 006D,Criminal damage and arson,Investigation complete; no suspect identified,
892922f158d29ee65a2628b6256a7fff6c8f0e833275a7c4698c370508f2c031,2026-06,Suffolk Constabulary,Suffolk Constabulary,1.742345,52.466664,On or near Lawson Road,E01030258,East Suffolk 006D,Criminal damage and arson,Investigation complete; no suspect identified,
ebd58d2659ae75fdcb87a3996490dd649a6ef45f7a1c7f4531b29409949e46e0,2026-06,Suffolk Constabulary,Suffolk Constabulary,1.746418,52.468145,On or near Victoria Terrace,E01030258,East Suffolk 006D,Criminal damage and arson,Unable to prosecute suspect,
c56746698a50c26a1c7f2f695ddb0903cd3520437ef555e404c8ac8d05d6200c,2026-06,Suffolk Constabulary,Suffolk Constabulary,1.746534,52.470894,On or near St John'S Road,E01030258,East Suffolk 006D,Drugs,Under investigation,
5f774428ad812f614a8530f39633a857d6ef53c581c67ce5562f76f2fd79ff53,2026-06,Suffolk Constabulary,Suffolk Constabulary,1.742345,52.466664,On or near Lawson Road,E01030258,East Suffolk 006D,Other theft,Under investigation,
008afee4df0f348e05af8b648bd0891c5cf969ccd5517525f4ebb6ac6fcc2d08,2026-06,Suffolk Constabulary,Suffolk Constabulary,1.743496,52.466682,On or near Supermarket,E01030258,East Suffolk 006D,Other theft,Investigation complete; no suspect identified,
62afdf33fc4e2161fc69614cd6f3d0083c89dd6b68711f788fe65cfe57416e68,2026-06,Suffolk Constabulary,Suffolk Constabulary,1.741249,52.471619,On or near Supermarket,E01030258,East Suffolk 006D,Other theft,Under investigation,
06192bff08306aab6d5e58e7159896ad942d70e7fd7b6c1844c26beb0b6945d7,2026-06,Suffolk Constabulary,Suffolk Constabulary,1.747884,52.469790,On or near Parking Area,E01030258,East Suffolk 006D,Other theft,Action to be taken by another organisation,
8f2eda41829506371896e862deecb130110e592ad5ce7f451392f88ab5e0ea3d,2026-06,Suffolk Constabulary,Suffolk Constabulary,1.735099,52.469088,On or near Durban Road,E01030258,East Suffolk 006D,Public order,Under investigation,
fe2ba4837140d62aa07aa1079988e5146ec0b9b5068e8ba1efb5761657119720,2026-06,Suffolk Constabulary,Suffolk Constabulary,1.749509,52.472445,On or near Pier Terrace,E01030258,East Suffolk 006D,Public order,Under investigation,
a1c48039f1f0b9c136c61c7ee072f8045bbfbf49fee4cc7d43924453ef53fe20,2026-06,Suffolk Constabulary,Suffolk Constabulary,1.744681,52.466239,On or near Claremont Road,E01030258,East Suffolk 006D,Public order,Under investigation,
59eb7b76790d4fb2feaa30aeb1dfc9e60b985e1b3a08d4aa44f85396aa166b81,2026-06,Suffolk Constabulary,Suffolk Constabulary,1.749509,52.472445,On or near Pier Terrace,E01030258,East Suffolk 006D,Public order,Awaiting court outcome,
0346926d6118d20b9f7986ae47afb865b519c59bd1ee2adda87f24e603c9ca7e,2026-06,Suffolk Constabulary,Suffolk Constabulary,1.745384,52.469140,On or near Grosvenor Road,E01030258,East Suffolk 006D,Public order,Under investigation,
405ae1eb824c100461c7299616e7ca03bffb6a3d5d76b76e1115eb256352c836,2026-06,Suffolk Constabulary,Suffolk Constabulary,1.742698,52.469603,On or near Kirkley Rise,E01030258,East Suffolk 006D,Public order,Under investigation,
0be180be14dc59c8ca04218b84a3566f281e320e12fc8c77264330f340484ef3,2026-06,Suffolk Constabulary,Suffolk Constabulary,1.748819,52.471604,On or near Parade Road North,E01030258,East Suffolk 006D,Robbery,Under investigation,
404c9e8736c29dab2bc808b35a2adf151ac6d8d450700c618db7e5a5880212e9,2026-06,Suffolk Constabulary,Suffolk Constabulary,1.742294,52.470911,On or near Petrol Station,E01030258,East Suffolk 006D,Shoplifting,Investigation complete; no suspect identified,
8956082bd2d352467db8db3599580dc6905a4dc75aa2260e1958dab2d82fc9b6,2026-06,Suffolk Constabulary,Suffolk Constabulary,1.742294,52.470911,On or near Petrol Station,E01030258,East Suffolk 006D,Shoplifting,Investigation complete; no suspect identified,
c4504dbe6c5e4f663fde5a1a1efa33a15eae3c326fd793ef71e8496098d216cb,2026-06,Suffolk Constabulary,Suffolk Constabulary,1.741249,52.471619,On or near Supermarket,E01030258,East Suffolk 006D,Shoplifting,Investigation complete; no suspect identified,
8aa90fe79b49f6e48eb969e5f0cee64bdb9a967e4044a31a1c9e187b4fbd40b5,2026-06,Suffolk Constabulary,Suffolk Constabulary,1.743496,52.466682,On or near Supermarket,E01030258,East Suffolk 006D,Shoplifting,Investigation complete; no suspect identified,
7d6393949889b96d4ab61db006df7cf274a455990e4b17d0420647d0299ed4c5,2026-06,Suffolk Constabulary,Suffolk Constabulary,1.741249,52.471619,On or near Supermarket,E01030258,East Suffolk 006D,Shoplifting,Under investigation,
bb9f22b8b2233d0c33868838ccf964800fe9b17eda2b3e8b4c07493b3cbc120c,2026-06,Suffolk Constabulary,Suffolk Constabulary,1.735099,52.469088,On or near Durban Road,E01030258,East Suffolk 006D,Vehicle crime,Under investigation,
0db10cdd00f852ab4fe4ea132dc95d71e68fc94faee841274820d11205963413,2026-06,Suffolk Constabulary,Suffolk Constabulary,1.735099,52.469088,On or near Durban Road,E01030258,East Suffolk 006D,Vehicle crime,Under investigation,
0a463c3c69be9da6463c745e7ddc249cc4b54bcfde18ce779f512bb43048c69d,2026-06,Suffolk Constabulary,Suffolk Constabulary,1.744681,52.466239,On or near Claremont Road,E01030258,East Suffolk 006D,Violence and sexual offences,Under investigation,
92024e632226a59fa22b444f8e5059ce4706d79ebad0dc944cbf372f5fc32f7e,2026-06,Suffolk Constabulary,Suffolk Constabulary,1.745401,52.470039,On or near Mill Road,E01030258,East Suffolk 006D,Violence and sexual offences,Under investigation,
2fe2350338b51704051226b988fca694f2535d233cbebddfdeec391d08d5f633,2026-06,Suffolk Constabulary,Suffolk Constabulary,1.743994,52.465442,On or near Kirkley Cliff,E01030258,East Suffolk 006D,Violence and sexual offences,Under investigation,
f663911d3d8b88b3132cb51e48ae8456a022b8d4e1332c381f4799d7964919f9,2026-06,Suffolk Constabulary,Suffolk Constabulary,1.743994,52.465442,On or near Kirkley Cliff,E01030258,East Suffolk 006D,Violence and sexual offences,Under investigation,
e856085ff9ee7007da19da911dab055750a6860bad9109fdd531a577a73c8b6a,2026-06,Suffolk Constabulary,Suffolk Constabulary,1.748299,52.470343,On or near Parking Area,E01030258,East Suffolk 006D,Violence and sexual offences,Under investigation,
82e9e90b119a37f66bc08923bc0eb98d5b16176a03cb0475da45630a3f25d9d8,2026-06,Suffolk Constabulary,Suffolk Constabulary,1.746418,52.468145,On or near Victoria Terrace,E01030258,East Suffolk 006D,Violence and sexual offences,Under investigation,
2fd74050d11e2c6d6cc1f18c7ac615ef6651cd159dcb5afaf63a350f9e33acd8,2026-06,Suffolk Constabulary,Suffolk Constabulary,1.743994,52.465442,On or near Kirkley Cliff,E01030258,East Suffolk 006D,Violence and sexual offences,Unable to prosecute suspect,
eb422e25bfe06d0df52e5d60c20bb8c3fe60c2a529af5b607d93e44568900b6c,2026-06,Suffolk Constabulary,Suffolk Constabulary,1.746418,52.468145,On or near Victoria Terrace,E01030258,East Suffolk 006D,Violence and sexual offences,Under investigation,
c018eab16f13445f5873f74978d485364796e7d7d94053bf4521db0bdb3e69b1,2026-06,Suffolk Constabulary,Suffolk Constabulary,1.747884,52.469790,On or near Parking Area,E01030258,East Suffolk 006D,Violence and sexual offences,Under investigation,
841c290e3ca6c131b03d14218b42cb5f9fb31b95108145d2113337f4b7ec253f,2026-06,Suffolk Constabulary,Suffolk Constabulary,1.746418,52.468145,On or near Victoria Terrace,E01030258,East Suffolk 006D,Violence and sexual offences,Under investigation,
0654ee248082ae2e23cefabf90924673fdd1a164e25de382cd3281ca22b78232,2026-06,Suffolk Constabulary,Suffolk Constabulary,1.745662,52.469644,On or near Cleveland Road,E01030258,East Suffolk 006D,Violence and sexual offences,Under investigation,
1186634bff0fcc114cb7bbf8c5f74e4ca86a9d844b2cca90210b89e63c6e9955,2026-06,Suffolk Constabulary,Suffolk Constabulary,1.745662,52.469644,On or near Cleveland Road,E01030258,East Suffolk 006D,Violence and sexual offences,Under investigation,
9431023984526a6ecfaca760d4ff50df2f3939050658d740765f5c4f805b1415,2026-06,Suffolk Constabulary,Suffolk Constabulary,1.735099,52.469088,On or near Durban Road,E01030258,East Suffolk 006D,Violence and sexual offences,Under investigation,
ee8758fa435b331c1502a4a389ee072475808d84ab6a8c72b758d1e7321a5f02,2026-06,Suffolk Constabulary,Suffolk Constabulary,1.748819,52.471604,On or near Parade Road North,E01030258,East Suffolk 006D,Violence and sexual offences,Under investigation,
2b04d0579dc328d6bf6fdb6a21831bfa362d04267edb76c563110028b7acf3e3,2026-06,Suffolk Constabulary,Suffolk Constabulary,1.746576,52.468617,On or near Parade Road South,E01030258,East Suffolk 006D,Violence and sexual offences,Under investigation,
23af9ac74f69f6edb4282f0f312ea3772970c443ef0d0e6869cea0f543d07d35,2026-06,Suffolk Constabulary,Suffolk Constabulary,1.749509,52.472445,On or near Pier Terrace,E01030258,East Suffolk 006D,Violence and sexual offences,Under investigation,
d79a9ac7f2c4b23624977bfc979bf2715ff5b4afc4131533243d494e8b82d779,2026-06,Suffolk Constabulary,Suffolk Constabulary,1.745401,52.470039,On or near Mill Road,E01030258,East Suffolk 006D,Violence and sexual offences,Unable to prosecute suspect,
68bbf0e6fe0a2ecab1c8fe699aa7f4fd4d2b4a8ceb091dc5bb9ecd01d512b4c5,2026-06,Suffolk Constabulary,Suffolk Constabulary,1.748819,52.471604,On or near Parade Road North,E01030258,East Suffolk 006D,Violence and sexual offences,Under investigation,
3d84ca8db0946dd0fb63a4c76754d0025373775d9a8e47bfe1da241fd91f43fb,2026-06,Suffolk Constabulary,Suffolk Constabulary,1.744681,52.466239,On or near Claremont Road,E01030258,East Suffolk 006D,Violence and sexual offences,Under investigation,
e78af6147d88c93d3e3fd7c8984786aea6642f27c0628ffc00f9640bc3d315d3,2026-06,Suffolk Constabulary,Suffolk Constabulary,1.735099,52.469088,On or near Durban Road,E01030258,East Suffolk 006D,Violence and sexual offences,Under investigation,
8df120b5b6e91e1c786f721d780754632f71434246c5ab87aa4f48272e27fec7,2026-06,Suffolk Constabulary,Suffolk Constabulary,1.743496,52.466682,On or near Supermarket,E01030258,East Suffolk 006D,Violence and sexual offences,Under investigation,
5a6b4f791cd5efb9a404e40376450b215c660bce6a92f48c93b1798e224d3a64,2026-06,Suffolk Constabulary,Suffolk Constabulary,1.745401,52.470039,On or near Mill Road,E01030258,East Suffolk 006D,Other crime,Under investigation,
,2026-06,Suffolk Constabulary,Suffolk Constabulary,1.735016,52.456291,On or near Theatre/Concert Hall,E01030276,East Suffolk 006E,Anti-social behaviour,,
c1b95c5fbb49f8ef02756f0e0f2091446d847c9053e578b1f15f1d2484d1b9c3,2026-06,Suffolk Constabulary,Suffolk Constabulary,1.735155,52.455153,On or near All Saints' Road,E01030276,East Suffolk 006E,Bicycle theft,Under investigation,
55808c142fffb4ffb2cf1a03d207de462272ea13d6f2427bf7a236539fddf066,2026-06,Suffolk Constabulary,Suffolk Constabulary,1.736650,52.457849,On or near Rochester Road,E01030276,East Suffolk 006E,Vehicle crime,Investigation complete; no suspect identified,
86d48a30d798374f0170980dcd44372764d317c397bbe1ab4e675806d894e112,2026-06,Suffolk Constabulary,Suffolk Constabulary,1.736455,52.457811,On or near Morton Road,E01030276,East Suffolk 006E,Violence and sexual offences,Under investigation,
21540ba9fd4c9acdfe00cb092972a399f2266f3c201b816010091fb499379468,2026-06,Suffolk Constabulary,Suffolk Constabulary,1.733990,52.456701,On or near Short Street,E01030276,East Suffolk 006E,Violence and sexual offences,Under investigation,
,2026-06,Suffolk Constabulary,Suffolk Constabulary,1.707374,52.464115,On or near Cotmer Road,E01030233,East Suffolk 007A,Anti-social behaviour,,
c3672e4266e94c8ee7aa58784f9aa73a1931e2ed2b17a6c3e2d051a31045ec10,2026-06,Suffolk Constabulary,Suffolk Constabulary,1.707374,52.464115,On or near Cotmer Road,E01030233,East Suffolk 007A,Violence and sexual offences,Under investigation,
f0f83dffef81a7c59664a7d6e426fd645a8f9f5cf734f527277184c492916b5d,2026-06,Suffolk Constabulary,Suffolk Constabulary,1.708698,52.462877,On or near Harrier Drive,E01030233,East Suffolk 007A,Violence and sexual offences,Under investigation,
820a952b0c3383317ed151a0404dc7e234170d3bd98ff54b2372519e00026e27,2026-06,Suffolk Constabulary,Suffolk Constabulary,1.707374,52.464115,On or near Cotmer Road,E01030233,East Suffolk 007A,Violence and sexual offences,Under investigation,
3d656a2ba498be421ea7386aa12a2593723af46e8aa8591b7acd06f7ff8ff6ec,2026-06,Suffolk Constabulary,Suffolk Constabulary,1.707374,52.464115,On or near Cotmer Road,E01030233,East Suffolk 007A,Violence and sexual offences,Under investigation,
ba68a8d1c75ae32b47057cb55925204dd161c957033d028182b7b0dcb7e7a0f4,2026-06,Suffolk Constabulary,Suffolk Constabulary,1.705431,52.468331,On or near Broadland Close,E01030235,East Suffolk 007B,Violence and sexual offences,Unable to prosecute suspect,
f2b9dc5f51000e21375462a9edb5de0033350f6177614138eef5cf013e460ced,2026-06,Suffolk Constabulary,Suffolk Constabulary,1.706859,52.469375,On or near Oulton Broad South,E01030235,East Suffolk 007B,Violence and sexual offences,Under investigation,
15fe1e125ab7ac9fafb53813cc80ac320a5eaab2b0f6a743fbf52d593db443c4,2026-06,Suffolk Constabulary,Suffolk Constabulary,1.700192,52.467326,On or near Smith'S Walk,E01030235,East Suffolk 007B,Violence and sexual offences,Under investigation,
73cf531496e51cd39f055ed197a6d5564f76cc91ba7e02e942acf6d56a88efed,2026-06,Suffolk Constabulary,Suffolk Constabulary,1.701033,52.462613,On or near Fulmar Way,E01030235,East Suffolk 007B,Violence and sexual offences,Under investigation,
c1c52e10db8cca0571407ac5d81c331dd94b3231e0cb87768c4c5465ee7c0fc3,2026-06,Suffolk Constabulary,Suffolk Constabulary,1.708905,52.482659,On or near Grange Road,E01030268,East Suffolk 007C,Violence and sexual offences,Under investigation,
,2026-06,Suffolk Constabulary,Suffolk Constabulary,1.699576,52.477357,On or near Borrow Road,E01030269,East Suffolk 007D,Anti-social behaviour,,
09a7ee776ed2133fe23051d0118eec2b4257f99a2d7df38ebd9b5d3946031c85,2026-06,Suffolk Constabulary,Suffolk Constabulary,1.710708,52.481154,On or near Chestnut Avenue,E01030269,East Suffolk 007D,Burglary,Under investigation,
f203c9fa9c09e2bbb3ae8d257bbb180d5e78393df62ca7a53263824d7f9c6334,2026-06,Suffolk Constabulary,Suffolk Constabulary,1.708931,52.480517,On or near Patricia Close,E01030269,East Suffolk 007D,Vehicle crime,Under investigation,
c10d3dded531752eb599d9f39242a20597d550513e7861324651f2f654f4d1be,2026-06,Suffolk Constabulary,Suffolk Constabulary,1.716820,52.462972,On or near Westwood Avenue,E01030288,East Suffolk 007E,Public order,Under investigation,
dd9915557676a7153b5469064de64feaec96c835651a537bcaf70dc17221f1a7,2026-06,Suffolk Constabulary,Suffolk Constabulary,1.716820,52.462972,On or near Westwood Avenue,E01030288,East Suffolk 007E,Shoplifting,Under investigation,
14dacdb5ff7432d88b137f017a3e4755541a62b380446f269c569056994de6f8,2026-06,Suffolk Constabulary,Suffolk Constabulary,1.716820,52.462972,On or near Westwood Avenue,E01030288,East Suffolk 007E,Shoplifting,Under investigation,
8c42ace28ee51fbaf87387690e58e8fa754f6c9f24d35c1984ab10c487f514ee,2026-06,Suffolk Constabulary,Suffolk Constabulary,1.716820,52.462972,On or near Westwood Avenue,E01030288,East Suffolk 007E,Shoplifting,Under investigation,
cdbb5246a802657d8cf3e23cd1e6e6282f832256a32cab900cbd32de0a031f8e,2026-06,Suffolk Constabulary,Suffolk Constabulary,1.714955,52.463031,On or near Pennygate Drive,E01030288,East Suffolk 007E,Violence and sexual offences,Under investigation,
7d5b2562fe17c48d24d3d59c2282f4f42ed0970b738eb97aff0688a4798e1304,2026-06,Suffolk Constabulary,Suffolk Constabulary,1.716820,52.462972,On or near Westwood Avenue,E01030288,East Suffolk 007E,Violence and sexual offences,Under investigation,
9c24834d60e2f29057ea294e91d36873a8f5e13d0d404e7f6258e746cd8186cb,2026-06,Suffolk Constabulary,Suffolk Constabulary,1.701397,52.460110,On or near Grove Road North,E01030234,East Suffolk 008A,Bicycle theft,Investigation complete; no suspect identified,
808662adb2c2dbf882cb325180b1da94af4c71f7f8a7884fcf50b50f3218c4d7,2026-06,Suffolk Constabulary,Suffolk Constabulary,1.696802,52.462386,On or near San Francisco Walk,E01030234,East Suffolk 008A,Criminal damage and arson,Under investigation,
9f0083b0123e68f05ab6c3b60da8e1137b14329baad4384794bca52ec5d7f012,2026-06,Suffolk Constabulary,Suffolk Constabulary,1.698114,52.460114,On or near Lily Way,E01030234,East Suffolk 008A,Public order,Under investigation,
510c95e8d78a9d02115b90a1d8a925fcbe9067cbb0b734d2d080d78328b55cc5,2026-06,Suffolk Constabulary,Suffolk Constabulary,1.698114,52.460114,On or near Lily Way,E01030234,East Suffolk 008A,Public order,Under investigation,
78225b2812cfada5d7b2e6485690dedd5bd6ed61ac524c7bb8f7fa3f3c26109a,2026-06,Suffolk Constabulary,Suffolk Constabulary,1.696802,52.462386,On or near San Francisco Walk,E01030234,East Suffolk 008A,Violence and sexual offences,Under investigation,
6c1bdeaf36aae9e0736f3191687c0e95a8f7930300517b94c789086d96efe839,2026-06,Suffolk Constabulary,Suffolk Constabulary,1.698114,52.460114,On or near Lily Way,E01030234,East Suffolk 008A,Violence and sexual offences,Unable to prosecute suspect,
915d3dd59cba7ca75cadd423ffde21b6f784deb5a6f4e026138b4ea1b343d224,2026-06,Suffolk Constabulary,Suffolk Constabulary,1.700255,52.461064,On or near Lucerne Close,E01030234,East Suffolk 008A,Violence and sexual offences,Action to be taken by another organisation,
88de599652fecf2ccbde0bd8b31f48c602f2503b1cd4c5dbaa9f5e30f2e4acf8,2026-06,Suffolk Constabulary,Suffolk Constabulary,1.698114,52.460114,On or near Lily Way,E01030234,East Suffolk 008A,Violence and sexual offences,Under investigation,
598dfb2619be3a1fdcba9004715a64d2e93f4ad4d13a8920447c5935284a6a9b,2026-06,Suffolk Constabulary,Suffolk Constabulary,1.692950,52.446991,On or near The Gardens,E01030236,East Suffolk 008B,Burglary,Under investigation,
92f693ce63f828f95e59e7100e716f889eaf7b15cdc86b4afb52d5b9fbbe0ef6,2026-06,Suffolk Constabulary,Suffolk Constabulary,1.699291,52.452738,On or near Colville Way,E01030236,East Suffolk 008B,Criminal damage and arson,Under investigation,
1b1876adf7271f3b71070f1abe301a6c8eab6d8a82f568882afd777d3440c171,2026-06,Suffolk Constabulary,Suffolk Constabulary,1.699291,52.452738,On or near Colville Way,E01030236,East Suffolk 008B,Criminal damage and arson,Under investigation,
4f14cd028c508a928a419648dbb7a5ddf1c38af41ce32e4de788ea8524320fc7,2026-06,Suffolk Constabulary,Suffolk Constabulary,1.699291,52.452738,On or near Colville Way,E01030236,East Suffolk 008B,Criminal damage and arson,Investigation complete; no suspect identified,
4eb115f7f55a7dd28762f76b3dfaca80573e471640252a177288447a652ea9ab,2026-06,Suffolk Constabulary,Suffolk Constabulary,1.699451,52.450079,On or near Low Farm Drive,E01030236,East Suffolk 008B,Violence and sexual offences,Under investigation,
6a180e9f603cff8f366d83479e612a24619049c708100ae6ccecd445bb49f728,2026-06,Suffolk Constabulary,Suffolk Constabulary,1.698887,52.449503,On or near Carlton Square,E01030236,East Suffolk 008B,Violence and sexual offences,Under investigation,
0a4275131d07fbbcd00032aa9a7404020e94587dac7c9ccb061815679de9f5c6,2026-06,Suffolk Constabulary,Suffolk Constabulary,1.699291,52.452738,On or near Colville Way,E01030236,East Suffolk 008B,Violence and sexual offences,Investigation complete; no suspect identified,
d2867f0ccc36727165cdfda8cd528a45bfdd8f5ae9fcde6a14d06c8e4f0b37d6,2026-06,Suffolk Constabulary,Suffolk Constabulary,1.699291,52.452738,On or near Colville Way,E01030236,East Suffolk 008B,Violence and sexual offences,Under investigation,
fa4156e5c0461d55c3b78f5aafd3785352391e5d603474a82fb852fbd2c87326,2026-06,Suffolk Constabulary,Suffolk Constabulary,1.699451,52.450079,On or near Low Farm Drive,E01030236,East Suffolk 008B,Other crime,Under investigation,
12fe38b74e4274911a4b63626e85014dd527b69d65ad2939424f806cfd5c51f2,2026-06,Suffolk Constabulary,Suffolk Constabulary,1.696160,52.448761,On or near Short Lane,E01030236,East Suffolk 008B,Other crime,Under investigation,
56975962a22c2490678808c0580597a71a39bdf2b30526c06f77eda9fc4398b5,2026-06,Suffolk Constabulary,Suffolk Constabulary,1.701531,52.451534,On or near Beech Road,E01030236,East Suffolk 008B,Other crime,Under investigation,
,2026-06,Suffolk Constabulary,Suffolk Constabulary,1.693840,52.466401,On or near Burnt Hill Lane,E01030237,East Suffolk 008C,Anti-social behaviour,,
873a9a8488b76674858b63957525d3ae799ecd7d3a45f8000e7ce71a865c5ea0,2026-06,Suffolk Constabulary,Suffolk Constabulary,1.693840,52.466401,On or near Burnt Hill Lane,E01030237,East Suffolk 008C,Public order,Under investigation,
46cb2089a0c31bd6898af9436914bbaeb57ef04799f034c7dd3bc6d08a966c6a,2026-06,Suffolk Constabulary,Suffolk Constabulary,1.693840,52.466401,On or near Burnt Hill Lane,E01030237,East Suffolk 008C,Vehicle crime,Under investigation,
1d818fc2cc14c5ff550fa975fb8d514aeecd8d311a5d742ecc04d86df7d3b76c,2026-06,Suffolk Constabulary,Suffolk Constabulary,1.692275,52.453524,On or near Fullers Teasel,E01030237,East Suffolk 008C,Violence and sexual offences,Under investigation,
dfbabaf609b8c2d86a0a35344310135c5155d2628e3bd1ca5f96d1b1fbe8697e,2026-06,Suffolk Constabulary,Suffolk Constabulary,1.692275,52.453524,On or near Fullers Teasel,E01030237,East Suffolk 008C,Violence and sexual offences,Under investigation,
715c13c6b1b593f353db1dc6e7f38768b3a0318639e1f2550f0b4451b1153fd6,2026-06,Suffolk Constabulary,Suffolk Constabulary,1.690395,52.455687,On or near Mast Close,E01030237,East Suffolk 008C,Violence and sexual offences,Action to be taken by another organisation,
473e983d2376a1c908e6d0268efe958ea7210cc6642fe4bd98a368706ac1bf16,2026-06,Suffolk Constabulary,Suffolk Constabulary,1.690395,52.455687,On or near Mast Close,E01030237,East Suffolk 008C,Violence and sexual offences,Action to be taken by another organisation,
525c6fcf8903ffd7c82b06472c348785ebd11dc80eca048a9b8b9a158877d159,2026-06,Suffolk Constabulary,Suffolk Constabulary,1.680832,52.459827,On or near Marsh Lane,E01030237,East Suffolk 008C,Violence and sexual offences,Unable to prosecute suspect,
1510b0f7b3f4ce5849ce34456b1cf482767aae84a75ee02756ff926bb1c02e92,2026-06,Suffolk Constabulary,Suffolk Constabulary,1.692358,52.448709,On or near Beverley Court,E01030237,East Suffolk 008C,Violence and sexual offences,Under investigation,
,2026-06,Suffolk Constabulary,Suffolk Constabulary,1.704010,52.457204,On or near Supermarket,E01030238,East Suffolk 008D,Anti-social behaviour,,
,2026-06,Suffolk Constabulary,Suffolk Constabulary,1.704010,52.457204,On or near Supermarket,E01030238,East Suffolk 008D,Anti-social behaviour,,
,2026-06,Suffolk Constabulary,Suffolk Constabulary,1.700560,52.454173,On or near The Homestead,E01030238,East Suffolk 008D,Anti-social behaviour,,
,2026-06,Suffolk Constabulary,Suffolk Constabulary,1.734061,52.465712,On or near Enstone Road,E01030257,East Suffolk 009A,Anti-social behaviour,,
,2026-06,Suffolk Constabulary,Suffolk Constabulary,1.726877,52.466924,On or near Petrol Station,E01030257,East Suffolk 009A,Anti-social behaviour,,
35d08af81be600db28a748b5bc051717eb2d7c13c174bb0dc6fce00f75ea53ab,2026-06,Suffolk Constabulary,Suffolk Constabulary,1.729843,52.465287,On or near Birds Lane,E01030257,East Suffolk 009A,Criminal damage and arson,Investigation complete; no suspect identified,
f7647450dbc8f289ea2fd9d056fe1ef9e3707ca59eafd1b4787186258cd34509,2026-06,Suffolk Constabulary,Suffolk Constabulary,1.729843,52.465287,On or near Birds Lane,E01030257,East Suffolk 009A,Criminal damage and arson,Under investigation,
9391229609f3c34817319a30829e73bb6656b686044833565e9c1de7f0302630,2026-06,Suffolk Constabulary,Suffolk Constabulary,1.736652,52.466385,On or near Martin'S Avenue,E01030257,East Suffolk 009A,Other theft,Under investigation,
bdc732e48c2be71ca9c2e76507dd9b85c842a7d3b672f32c060d7509b45dd063,2026-06,Suffolk Constabulary,Suffolk Constabulary,1.726877,52.466924,On or near Petrol Station,E01030257,East Suffolk 009A,Other theft,Investigation complete; no suspect identified,
54b80adcd18219fc8c7b1514838e96a5f6c8c9a554cfd45a015727476c5ced9d,2026-06,Suffolk Constabulary,Suffolk Constabulary,1.737562,52.466177,On or near Southwell Road,E01030257,East Suffolk 009A,Possession of weapons,Under investigation,
0cf3b26158bc0d26262497bf69676f171fe82ad77e47fcda24a098b015e31c8c,2026-06,Suffolk Constabulary,Suffolk Constabulary,1.735492,52.462950,On or near Apple Tree Close,E01030257,East Suffolk 009A,Vehicle crime,Under investigation,
9ab1bc0d558511a25972cd89317e06a7129635b6048bfcdab559ac40b269c244,2026-06,Suffolk Constabulary,Suffolk Constabulary,1.733772,52.463337,On or near Laurel Road,E01030257,East Suffolk 009A,Violence and sexual offences,Unable to prosecute suspect,
d3bd691b0e144e895f2eba1924189a877d50f10670dfe0faac00c9ad1774340a,2026-06,Suffolk Constabulary,Suffolk Constabulary,1.731155,52.462520,On or near Kirkley Gardens,E01030257,East Suffolk 009A,Violence and sexual offences,Unable to prosecute suspect,
7e9d5ac6f1fae92640b86d2a0542d40f9785444dfd76eda76e9fadac6b8d67ab,2026-06,Suffolk Constabulary,Suffolk Constabulary,1.731155,52.462520,On or near Kirkley Gardens,E01030257,East Suffolk 009A,Violence and sexual offences,Under investigation,
28a6bdd793642c7e014680398a308eaefbcdaba8ce8e629509c1b21fc85f2ab3,2026-06,Suffolk Constabulary,Suffolk Constabulary,1.735932,52.460849,On or near Badgerwood Close,E01030257,East Suffolk 009A,Violence and sexual offences,Unable to prosecute suspect,
0023a507fb1134f385ed100fdd9560a9f871b8a2aa13eb50596578eb8f2faab2,2026-06,Suffolk Constabulary,Suffolk Constabulary,1.735492,52.462950,On or near Apple Tree Close,E01030257,East Suffolk 009A,Violence and sexual offences,Action to be taken by another organisation,
8e5a5cf299384a6bb692e5d5c3facb0dc1266da8ec7bcf3508a3a5674e4b4af7,2026-06,Suffolk Constabulary,Suffolk Constabulary,1.735492,52.462950,On or near Apple Tree Close,E01030257,East Suffolk 009A,Violence and sexual offences,Under investigation,
,2026-06,Suffolk Constabulary,Suffolk Constabulary,1.717575,52.456733,On or near Aspinall Close,E01030274,East Suffolk 009B,Anti-social behaviour,,
,2026-06,Suffolk Constabulary,Suffolk Constabulary,1.721161,52.458914,On or near Links Close,E01030274,East Suffolk 009B,Anti-social behaviour,,
,2026-06,Suffolk Constabulary,Suffolk Constabulary,1.717157,52.455822,On or near Sports/Recreation Area,E01030274,East Suffolk 009B,Anti-social behaviour,,
86dfe4e538d0062a42416b78920ad95ae43e2e8dbbe9a5067dd6cb7f1c917f23,2026-06,Suffolk Constabulary,Suffolk Constabulary,1.714964,52.455628,On or near Velda Close,E01030274,East Suffolk 009B,Other theft,Under investigation,
24f690b5163ec8f95bf833978742b7a916e88dc71ed17fc9a6d96ce766d57af3,2026-06,Suffolk Constabulary,Suffolk Constabulary,1.716337,52.456889,On or near Aldwyck Way,E01030274,East Suffolk 009B,Public order,Under investigation,
b524f628848a5874e3eb3737c5414db3da762a00881a9e81949ea95366d32980,2026-06,Suffolk Constabulary,Suffolk Constabulary,1.720930,52.456178,On or near Laxfield Way,E01030274,East Suffolk 009B,Vehicle crime,Under investigation,
bdea0a9c3e08940862551dc84db6241a71ebe7de081b3a0ed6baa574b4367c4e,2026-06,Suffolk Constabulary,Suffolk Constabulary,1.716337,52.456889,On or near Aldwyck Way,E01030274,East Suffolk 009B,Violence and sexual offences,Local resolution,
b4960fc44b19b2a44124dfecd26712b09a22b235b21e3f218bbc7d9ae311c136,2026-06,Suffolk Constabulary,Suffolk Constabulary,1.716337,52.456889,On or near Aldwyck Way,E01030274,East Suffolk 009B,Violence and sexual offences,Under investigation,
bfac44a383cf2c73c67185826d70f45d22200aab4ac34dd20fc3139c96fd0a32,2026-06,Suffolk Constabulary,Suffolk Constabulary,1.716337,52.456889,On or near Aldwyck Way,E01030274,East Suffolk 009B,Violence and sexual offences,Under investigation,
4b00dcced9339c6c19801ad652cece08cf8ef2e4624ca896c7e915f3d99bec07,2026-06,Suffolk Constabulary,Suffolk Constabulary,1.717575,52.456733,On or near Aspinall Close,E01030274,East Suffolk 009B,Violence and sexual offences,Action to be taken by another organisation,
df06152cab378879b0011d10be79812c52344b5830d38e0e240b44e9807834e8,2026-06,Suffolk Constabulary,Suffolk Constabulary,1.717575,52.456733,On or near Aspinall Close,E01030274,East Suffolk 009B,Violence and sexual offences,Under investigation,
8ce78196dbcb9390201219ca6d24e021568bce97ff7c4ef02a1d1baf270e9af5,2026-06,Suffolk Constabulary,Suffolk Constabulary,1.727779,52.463527,On or near Fen Court,E01030275,East Suffolk 009C,Criminal damage and arson,Under investigation,
fac7f85f2dc649a5681747d2bb6ae838e1248d8c059c5e63d126b1e5ddaca23b,2026-06,Suffolk Constabulary,Suffolk Constabulary,1.729551,52.463408,On or near A12,E01030275,East Suffolk 009C,Criminal damage and arson,Investigation complete; no suspect identified,
d0f2d12efdf5d8caca3925185c285e2a61a10bd6aaaf6cd1a609c267e83a7eca,2026-06,Suffolk Constabulary,Suffolk Constabulary,1.731306,52.460825,On or near Miller Close,E01030275,East Suffolk 009C,Violence and sexual offences,Unable to prosecute suspect,
4213fe404fd9c5ee719333a40466afa0e68efc69e26a272ad7f889e7ebf0c5c6,2026-06,Suffolk Constabulary,Suffolk Constabulary,1.731306,52.460825,On or near Miller Close,E01030275,East Suffolk 009C,Violence and sexual offences,Under investigation,
a33b1889052dcbf9f2311de100a3606ee27351eb8bf41876a752e18d36578a5e,2026-06,Suffolk Constabulary,Suffolk Constabulary,1.729551,52.463408,On or near A12,E01030275,East Suffolk 009C,Violence and sexual offences,Under investigation,
,2026-06,Suffolk Constabulary,Suffolk Constabulary,1.719109,52.460607,On or near Thurne Road,E01030287,East Suffolk 009D,Anti-social behaviour,,
04c7cc55827590c839d8dd1b7eeb45dd2412931bb096654c045a5448bd851963,2026-06,Suffolk Constabulary,Suffolk Constabulary,1.723837,52.462527,On or near Rosewood,E01030287,East Suffolk 009D,Criminal damage and arson,Investigation complete; no suspect identified,
a0cc562cd37150bc9db5a982ab4eb86d27881824b0bbbb30a731bba020a268a8,2026-06,Suffolk Constabulary,Suffolk Constabulary,1.722835,52.462351,On or near Briarwood Road,E01030287,East Suffolk 009D,Violence and sexual offences,Action to be taken by another organisation,
ac5981d938072c3f00fa193f87233f941995f9ad47519c37200bfea4417ffb2e,2026-06,Suffolk Constabulary,Suffolk Constabulary,1.722835,52.462351,On or near Briarwood Road,E01030287,East Suffolk 009D,Violence and sexual offences,Under investigation,
,2026-06,Suffolk Constabulary,Suffolk Constabulary,1.720902,52.464751,On or near Southfield Gardens,E01030291,East Suffolk 009E,Anti-social behaviour,,
52d2ae1230972b94fd2d9c98a43d19c095954bed40d09d3d7e42436b2404e3de,2026-06,Suffolk Constabulary,Suffolk Constabulary,1.725901,52.465178,On or near Delius Close,E01030291,East Suffolk 009E,Criminal damage and arson,Investigation complete; no suspect identified,
f99f7a74355a3a7a4e01cb0f7a449da47c7203fe15e8beb13b60c5be3cd97cd9,2026-06,Suffolk Constabulary,Suffolk Constabulary,1.720902,52.464751,On or near Southfield Gardens,E01030291,East Suffolk 009E,Criminal damage and arson,Under investigation,
b651fc6c108a67c121c9170c500f2043228c55dfcbd79e2c4300ca13a3cbd071,2026-06,Suffolk Constabulary,Suffolk Constabulary,1.719632,52.463828,On or near Northwood Close,E01030291,East Suffolk 009E,Drugs,Local resolution,
d2fcee5cd3d69b053912acde30200ce77c23f8cd83abc052288709d72b0dfb24,2026-06,Suffolk Constabulary,Suffolk Constabulary,1.724206,52.464638,On or near Summerfield Gardens,E01030291,East Suffolk 009E,Other theft,Under investigation,
ecc0dc8eb73daeed9d92b4481d07b5c7f0d637edf5dac766aa4c8a5797dd0857,2026-06,Suffolk Constabulary,Suffolk Constabulary,1.722211,52.465942,On or near The Green,E01030291,East Suffolk 009E,Violence and sexual offences,Under investigation,
01807ac7899a4a5f7e2d785337c5d3b6715d904ab4e674d6263893f5fa46cd20,2026-06,Suffolk Constabulary,Suffolk Constabulary,1.725901,52.465178,On or near Delius Close,E01030291,East Suffolk 009E,Violence and sexual offences,Under investigation,
4c0aefacc8bc4320f0640dec656f002687185db9fccd78e29ed88c65774cf241,2026-06,Suffolk Constabulary,Suffolk Constabulary,1.722211,52.465942,On or near The Green,E01030291,East Suffolk 009E,Violence and sexual offences,Under investigation,
3d2ba6adf02de13f61b3ac420c1477061ef93a6bb866d92a3b5b04fea1ff27a9,2026-06,Suffolk Constabulary,Suffolk Constabulary,1.725901,52.465178,On or near Delius Close,E01030291,East Suffolk 009E,Violence and sexual offences,Under investigation,
a1d3c345e8c372d84be7e97578c72426fb9a271d611e7a10d67c536356ec33f2,2026-06,Suffolk Constabulary,Suffolk Constabulary,1.722211,52.465942,On or near The Green,E01030291,East Suffolk 009E,Violence and sexual offences,Under investigation,
,2026-06,Suffolk Constabulary,Suffolk Constabulary,1.568228,52.454350,On or near Kilbrack Gardens,E01030223,East Suffolk 010A,Anti-social behaviour,,
,2026-06,Suffolk Constabulary,Suffolk Constabulary,1.567668,52.452334,On or near Black Boy Meadow,E01030223,East Suffolk 010A,Anti-social behaviour,,
6d3db89de675ed4c5d4178f0d185338a37cdf17928988c0275c67ca06306002a,2026-06,Suffolk Constabulary,Suffolk Constabulary,1.570359,52.456300,On or near Petrol Station,E01030223,East Suffolk 010A,Other theft,Investigation complete; no suspect identified,
21a3c2e6a2dbb85987a6d695cf2f0525cc41f04bcb23ae0f01652fe6773ed46e,2026-06,Suffolk Constabulary,Suffolk Constabulary,1.566637,52.457429,On or near Fair Close,E01030223,East Suffolk 010A,Other theft,Under investigation,
31b915a07317486c5dfe4bfe852dd0f94df22db5bdc3c172fde71093e92d4d09,2026-06,Suffolk Constabulary,Suffolk Constabulary,1.570359,52.456300,On or near Petrol Station,E01030223,East Suffolk 010A,Other theft,Under investigation,
252b2575176b365d1d62f36ddcba9c39cb2118ba92420f9073582de6c427a71b,2026-06,Suffolk Constabulary,Suffolk Constabulary,1.568228,52.454350,On or near Kilbrack Gardens,E01030223,East Suffolk 010A,Public order,Under investigation,
322cdb7f2d973b89a0834eaeb28e9bc38aa752995ca2581e02aed1b40e7c55b7,2026-06,Suffolk Constabulary,Suffolk Constabulary,1.569880,52.449290,On or near Supermarket,E01030223,East Suffolk 010A,Shoplifting,Under investigation,
2839941e762231ab8b2b42540d3e1c8d8975f3703d80d2a37377b6d63affa6cb,2026-06,Suffolk Constabulary,Suffolk Constabulary,1.574003,52.454571,On or near Old Farm Road,E01030223,East Suffolk 010A,Violence and sexual offences,Under investigation,
7b49ea3ce757d8a0e2bc3bc0ed8760b21eca40ccf6c916b55079cc790459a7a6,2026-06,Suffolk Constabulary,Suffolk Constabulary,1.569212,52.454680,On or near Kilbrack,E01030223,East Suffolk 010A,Violence and sexual offences,Under investigation,
3cbfaed3b88288fcfc1ded3fbb7e2e2eb1075fe6078fac5faff8447a86fa28d9,2026-06,Suffolk Constabulary,Suffolk Constabulary,1.568094,52.453049,On or near Dukes Meadow,E01030223,East Suffolk 010A,Violence and sexual offences,Under investigation,
00ae640b830f0e9a6a4d5985295c0ee38282a25f64dfb3400a1b9aa5c3c58ecd,2026-06,Suffolk Constabulary,Suffolk Constabulary,1.571837,52.456372,On or near Goose Green West,E01030223,East Suffolk 010A,Violence and sexual offences,Under investigation,
d5c97c83730a4bdd5656c173dec70807e7e4e93fe9a07de9a8116bfa1bb35b3c,2026-06,Suffolk Constabulary,Suffolk Constabulary,1.571837,52.456372,On or near Goose Green West,E01030223,East Suffolk 010A,Violence and sexual offences,Under investigation,
2fd6020a601b36feb818f6324df6c6fd4bec5ae452ef0f737c37c0b940d2223d,2026-06,Suffolk Constabulary,Suffolk Constabulary,1.573314,52.452253,On or near Harris Way,E01030223,East Suffolk 010A,Violence and sexual offences,Under investigation,
4ac569436173495dc871e7ea58363a2822686b10f08b4fd1c67ea10987b7056a,2026-06,Suffolk Constabulary,Suffolk Constabulary,1.569212,52.454680,On or near Kilbrack,E01030223,East Suffolk 010A,Violence and sexual offences,Under investigation,
410b3dedcd7191572a781b5d663e3df5a97d5ca7318f8491429d851adae2bb36,2026-06,Suffolk Constabulary,Suffolk Constabulary,1.568228,52.454350,On or near Kilbrack Gardens,E01030223,East Suffolk 010A,Violence and sexual offences,Under investigation,
,2026-06,Suffolk Constabulary,Suffolk Constabulary,1.557436,52.454342,On or near Bungay Road,E01030224,East Suffolk 010B,Anti-social behaviour,,
e06c05cd0a42ac8408747944fe1e7dccb47c768be7d9c1cb01eb83c30d83dd69,2026-06,Suffolk Constabulary,Suffolk Constabulary,1.556783,52.448803,On or near South Close,E01030224,East Suffolk 010B,Criminal damage and arson,Investigation complete; no suspect identified,
40b402a2c59d80b6ca760d43d88d1f12160f631bb8263be94eaa15d38bbaf2d6,2026-06,Suffolk Constabulary,Suffolk Constabulary,1.555194,52.452836,On or near Nelson Way,E01030224,East Suffolk 010B,Violence and sexual offences,Unable to prosecute suspect,
160e3825df946fdac805cda5e7f7d6d10749c5eb43d8237a21773637572b3a20,2026-06,Suffolk Constabulary,Suffolk Constabulary,1.558512,52.451620,On or near White House Gardens,E01030224,East Suffolk 010B,Violence and sexual offences,Under investigation,
349b1c0d677560f12a3c3069b3faccf81589d047c09a2ce2466ad89f7a443e34,2026-06,Suffolk Constabulary,Suffolk Constabulary,1.555194,52.452836,On or near Nelson Way,E01030224,East Suffolk 010B,Violence and sexual offences,Unable to prosecute suspect,
36fc1e2f850b04a23cb14b21343d5b4ab7d9d39dd095818e69feefb1d08f3a55,2026-06,Suffolk Constabulary,Suffolk Constabulary,1.555194,52.452836,On or near Nelson Way,E01030224,East Suffolk 010B,Violence and sexual offences,Unable to prosecute suspect,
a782d7b554f805e8f611509618c9d5bbf7385e1bf7b3735c295794396f4c4221,2026-06,Suffolk Constabulary,Suffolk Constabulary,1.555194,52.452836,On or near Nelson Way,E01030224,East Suffolk 010B,Violence and sexual offences,Action to be taken by another organisation,
ef5ad9cd776f34b7268da773160f7c9a385af0a731b41f64ce6c2e2533f08755,2026-06,Suffolk Constabulary,Suffolk Constabulary,1.558512,52.451620,On or near White House Gardens,E01030224,East Suffolk 010B,Violence and sexual offences,Under investigation,
114ff6673cd6636f9e6587a9308d71cb254f72f572bc2763901af348cb03edc7,2026-06,Suffolk Constabulary,Suffolk Constabulary,1.566461,52.454889,On or near Temperance Place,E01030224,East Suffolk 010B,Violence and sexual offences,Unable to prosecute suspect,
653333db376b636e828a5df620e43de3e68d3e0955f6dc586af21a48d5357371,2026-06,Suffolk Constabulary,Suffolk Constabulary,1.555194,52.452836,On or near Nelson Way,E01030224,East Suffolk 010B,Violence and sexual offences,Action to be taken by another organisation,
,2026-06,Suffolk Constabulary,Suffolk Constabulary,1.563517,52.459637,On or near Old Market,E01030225,East Suffolk 010C,Anti-social behaviour,,
,2026-06,Suffolk Constabulary,Suffolk Constabulary,1.563517,52.459637,On or near Old Market,E01030225,East Suffolk 010C,Anti-social behaviour,,
,2026-06,Suffolk Constabulary,Suffolk Constabulary,1.563325,52.457799,On or near Supermarket,E01030225,East Suffolk 010C,Anti-social behaviour,,
,2026-06,Suffolk Constabulary,Suffolk Constabulary,1.563517,52.459637,On or near Old Market,E01030225,East Suffolk 010C,Anti-social behaviour,,
cfc0aa34cf76e708f51bf94124f4767d0c837ae00922d5d32184235645ab620f,2026-06,Suffolk Constabulary,Suffolk Constabulary,1.566647,52.462825,On or near Old Mill Terrace,E01030225,East Suffolk 010C,Bicycle theft,Investigation complete; no suspect identified,
3a623957995fd42e52cca10aff0c265fd770f5bdf53eddca533a212a76f22404,2026-06,Suffolk Constabulary,Suffolk Constabulary,1.565242,52.459366,On or near Supermarket,E01030225,East Suffolk 010C,Other theft,Under investigation,
ee3be1a95015744e2904a68c3d572efef7bcd5714abaa0edf3a4b2204c205aa4,2026-06,Suffolk Constabulary,Suffolk Constabulary,1.563977,52.457131,On or near Exchange Square,E01030225,East Suffolk 010C,Public order,Under investigation,
5d03f943924d617b00c1c8d5f294dbf71882f50d1288bad9060267312eafc89a,2026-06,Suffolk Constabulary,Suffolk Constabulary,1.563977,52.457131,On or near Exchange Square,E01030225,East Suffolk 010C,Public order,Unable to prosecute suspect,
635deb58e97ff5e6b1875d45f2991cc7ef0be8be303a4c89862162734fff3cad,2026-06,Suffolk Constabulary,Suffolk Constabulary,1.563736,52.456149,On or near Hungate,E01030225,East Suffolk 010C,Shoplifting,Under investigation,
d89078ad716c0d998408a2076ec0971204b055477900ffc85ea123434da94864,2026-06,Suffolk Constabulary,Suffolk Constabulary,1.568948,52.461245,On or near George Westwood Way,E01030225,East Suffolk 010C,Shoplifting,Under investigation,
661278b0f17129aaa9b62467cb039c6c675cf7202762d7383b66dbce5dc23af4,2026-06,Suffolk Constabulary,Suffolk Constabulary,1.563325,52.457799,On or near Supermarket,E01030225,East Suffolk 010C,Shoplifting,Investigation complete; no suspect identified,
d10ca89da3caf3212f7d23aa5bd39f29e43f6269082d82999773074b2ab0709b,2026-06,Suffolk Constabulary,Suffolk Constabulary,1.569042,52.462762,On or near Parking Area,E01030225,East Suffolk 010C,Shoplifting,Investigation complete; no suspect identified,
074d367e61299d1f827b922cb99cced70f94186be0491bba2fd11dd46acbde61,2026-06,Suffolk Constabulary,Suffolk Constabulary,1.569042,52.462762,On or near Parking Area,E01030225,East Suffolk 010C,Shoplifting,Investigation complete; no suspect identified,
d919d6fa9bd393305ec45a2b3e89b4086e1d156fd7ee1d05b1980cdfb5ade52f,2026-06,Suffolk Constabulary,Suffolk Constabulary,1.563325,52.457799,On or near Supermarket,E01030225,East Suffolk 010C,Shoplifting,Under investigation,
6b6dd3d4b36a3e1e9c3fd521268876d987fe621a7987151580298d954fade065,2026-06,Suffolk Constabulary,Suffolk Constabulary,1.569042,52.462762,On or near Parking Area,E01030225,East Suffolk 010C,Shoplifting,Under investigation,
29552f4bd9146494341cd3a49a24e6bd54a42d3da78f2a59f775fc3503c3eb88,2026-06,Suffolk Constabulary,Suffolk Constabulary,1.563325,52.457799,On or near Supermarket,E01030225,East Suffolk 010C,Shoplifting,Investigation complete; no suspect identified,
18425c896eb99377d507545726ea48ad082d167033ec6869feed7f13ede40fd7,2026-06,Suffolk Constabulary,Suffolk Constabulary,1.565242,52.459366,On or near Supermarket,E01030225,East Suffolk 010C,Shoplifting,Under investigation,
00f9894cefbecca04b7ec743c998488d655109c18ef02ec51311698f2553ba59,2026-06,Suffolk Constabulary,Suffolk Constabulary,1.569042,52.462762,On or near Parking Area,E01030225,East Suffolk 010C,Shoplifting,Investigation complete; no suspect identified,
44702ac3de639fc95188a7d6bb965203a53a92f59e635e36271bd2390de3fc98,2026-06,Suffolk Constabulary,Suffolk Constabulary,1.563325,52.457799,On or near Supermarket,E01030225,East Suffolk 010C,Shoplifting,Investigation complete; no suspect identified,
fa08eb7a48d7df086e160d00e4e85752f0557fdd13733d0c56fef799a5111ec1,2026-06,Suffolk Constabulary,Suffolk Constabulary,1.563517,52.459637,On or near Old Market,E01030225,East Suffolk 010C,Vehicle crime,Under investigation,
5a18e3391c8840fd19ae6b7d218a7a56563c750f0b2b935e31d88dcb378868bb,2026-06,Suffolk Constabulary,Suffolk Constabulary,1.563325,52.457799,On or near Supermarket,E01030225,East Suffolk 010C,Violence and sexual offences,Local resolution,
04954e95c7efc262827e199b30d8fb8737ddd2365f2282edf85295f7947d5e77,2026-06,Suffolk Constabulary,Suffolk Constabulary,1.563325,52.457799,On or near Supermarket,E01030225,East Suffolk 010C,Violence and sexual offences,Under investigation,
e34c26be01d901e2a9d76a2f45b6b16d17a4721677376596930cf309d5731ce3,2026-06,Suffolk Constabulary,Suffolk Constabulary,1.567802,52.458185,On or near Station Road,E01030225,East Suffolk 010C,Violence and sexual offences,Under investigation,
0efee41e93028b4029e2badd4939ef61bd221ad77dfe5b89842f71a8bf2c2161,2026-06,Suffolk Constabulary,Suffolk Constabulary,1.563040,52.457016,On or near Parking Area,E01030225,East Suffolk 010C,Other crime,Under investigation,
,2026-06,Suffolk Constabulary,Suffolk Constabulary,1.571384,52.448048,On or near Rigbourne Hill,E01030227,East Suffolk 010D,Anti-social behaviour,,
d00ef6445cf9087f5c09855c66b062678bc212126e6497e2980fb51ce06f60bc,2026-06,Suffolk Constabulary,Suffolk Constabulary,1.572974,52.448603,On or near Centre Close,E01030227,East Suffolk 010D,Criminal damage and arson,Under investigation,
f4d6d691392583f05c12069f84c517ad488b43319cc2d11801f5e9d3016de996,2026-06,Suffolk Constabulary,Suffolk Constabulary,1.578410,52.450462,On or near Ellough Road,E01030227,East Suffolk 010D,Violence and sexual offences,Under investigation,
c727cbc8349c1b6ed20203d763f9ef708ddea01df088cd7953d41c15f33a97e1,2026-06,Suffolk Constabulary,Suffolk Constabulary,1.572974,52.448603,On or near Centre Close,E01030227,East Suffolk 010D,Violence and sexual offences,Under investigation,
9f7ccda9f70b6255a0e1a33c49c0587bdc0440e8065aa7f5ee90910f68b32d07,2026-06,Suffolk Constabulary,Suffolk Constabulary,1.575760,52.450461,On or near Castle Hill,E01030227,East Suffolk 010D,Violence and sexual offences,Under investigation,
b858375eb3dc308389b11f1553cbdf49295bd1a30431f33f064acdd4a1400f6d,2026-06,Suffolk Constabulary,Suffolk Constabulary,1.574778,52.446875,On or near Endgate Close,E01030227,East Suffolk 010D,Violence and sexual offences,Action to be taken by another organisation,
3bf4747248d0cf7638f8bf4022da0b0d4bdaac6007a31f272c67fbe036663a26,2026-06,Suffolk Constabulary,Suffolk Constabulary,1.581601,52.450419,On or near Codlins Lane,E01030227,East Suffolk 010D,Violence and sexual offences,Unable to prosecute suspect,
71e6780149b2251c39f487c281e97ea51c376b3cd941e4dfc2a11fd144d9ee31,2026-06,Suffolk Constabulary,Suffolk Constabulary,1.580522,52.450542,On or near Leggett Walk,E01030227,East Suffolk 010D,Violence and sexual offences,Unable to prosecute suspect,
d8817142e28d288198d2c07f7076a371c9cf3df3324f442402eb0d7dd322bc0f,2026-06,Suffolk Constabulary,Suffolk Constabulary,1.572974,52.448603,On or near Centre Close,E01030227,East Suffolk 010D,Other crime,Under investigation,
907f22ab592ddf3ddd405b8915c4df32830c7354f8681d3778d0c3ab6b2fcd03,2026-06,Suffolk Constabulary,Suffolk Constabulary,1.567360,52.449627,On or near Shelton Place,E01030228,East Suffolk 010E,Violence and sexual offences,Unable to prosecute suspect,
b8eef390522c34868e47585fe882f61bd6d0cfeafbb761eb3811d4f34cd71838,2026-06,Suffolk Constabulary,Suffolk Constabulary,1.567360,52.449627,On or near Shelton Place,E01030228,East Suffolk 010E,Violence and sexual offences,Unable to prosecute suspect,
e89a3238df4f218dc87f1bdad331084250e744ccc27502bce72f20f980653db9,2026-06,Suffolk Constabulary,Suffolk Constabulary,1.561155,52.446252,On or near London Road,E01030228,East Suffolk 010E,Violence and sexual offences,Awaiting court outcome,
45781b5efcf68657dfe7292504a662c0c64260d9e8d466a332d211276b4083e4,2026-06,Suffolk Constabulary,Suffolk Constabulary,1.567360,52.449627,On or near Shelton Place,E01030228,East Suffolk 010E,Violence and sexual offences,Unable to prosecute suspect,
26ee946ae2f3daa987da9438c9b6805015271834c166a2fa3cab5076a65a132b,2026-06,Suffolk Constabulary,Suffolk Constabulary,1.566492,52.443627,On or near Meadowvale Close,E01030228,East Suffolk 010E,Violence and sexual offences,Under investigation,
7ce0cb419a2229aec85109896a19bf13e0cb0913b1d08f421c302c28512b5dca,2026-06,Suffolk Constabulary,Suffolk Constabulary,1.561155,52.446252,On or near London Road,E01030228,East Suffolk 010E,Violence and sexual offences,Under investigation,
,2026-06,Suffolk Constabulary,Suffolk Constabulary,1.573916,52.445327,On or near George Brown Way,E01030226,East Suffolk 011A,Anti-social behaviour,,
fb52a6ba7ff33d1ece927429a11e69f3cbc9642909b73e921a30de29ffbf4911,2026-06,Suffolk Constabulary,Suffolk Constabulary,1.576611,52.446433,On or near Queen Elizabeth Drive,E01030226,East Suffolk 011A,Other theft,Unable to prosecute suspect,
,2026-06,Suffolk Constabulary,Suffolk Constabulary,1.622665,52.428785,On or near Hulver Road,E01030286,East Suffolk 011B,Anti-social behaviour,,
,2026-06,Suffolk Constabulary,Suffolk Constabulary,1.552012,52.452437,On or near Pilgrims Way,E01030286,East Suffolk 011B,Anti-social behaviour,,
,2026-06,Suffolk Constabulary,Suffolk Constabulary,1.543634,52.430076,On or near Russell'S Green,E01030286,East Suffolk 011B,Anti-social behaviour,,
,2026-06,Suffolk Constabulary,Suffolk Constabulary,1.552012,52.452437,On or near Pilgrims Way,E01030286,East Suffolk 011B,Anti-social behaviour,,
75a728d77900d99aaa82eb6a7b1bed3dfcba087514c8555bced5dd1bcf1b034b,2026-06,Suffolk Constabulary,Suffolk Constabulary,1.629076,52.407426,On or near Park/Open Space,E01030286,East Suffolk 011B,Burglary,Under investigation,
d70272149dba60c2ebd7f7a087a34865ac1c2c4bf4412d6d6dcbc3700afad5bb,2026-06,Suffolk Constabulary,Suffolk Constabulary,1.622665,52.428785,On or near Hulver Road,E01030286,East Suffolk 011B,Criminal damage and arson,Under investigation,
3d72f1d7cd4f20f355a579a0683ea467b792515c30772db656f27c32000aa6ae,2026-06,Suffolk Constabulary,Suffolk Constabulary,1.543634,52.430076,On or near Russell'S Green,E01030286,East Suffolk 011B,Criminal damage and arson,Under investigation,
669b59bc8ea50db850a16babf638fe72dcb8e7c047518575f8169e999bb7b84b,2026-06,Suffolk Constabulary,Suffolk Constabulary,1.488746,52.459071,On or near Tallents Loke,E01030286,East Suffolk 011B,Public order,Under investigation,
c05a62340399cfbf7f850501f7ed08df64cb1446dc2b6acf6c5c10d74bd6007e,2026-06,Suffolk Constabulary,Suffolk Constabulary,1.577490,52.408980,On or near Spring Park,E01030286,East Suffolk 011B,Violence and sexual offences,Under investigation,
3ed0063432ed0d4350ebf8d4e48365cbfdff6e0c134dbf190ce9bd2b2a3deccc,2026-06,Suffolk Constabulary,Suffolk Constabulary,1.591219,52.426786,On or near Church Lane,E01030286,East Suffolk 011B,Violence and sexual offences,Under investigation,
d9be7e3f8bad9d23917fd84b46e0d8759d41cc2bee5070ec01e6c0bff747b970,2026-06,Suffolk Constabulary,Suffolk Constabulary,1.543634,52.430076,On or near Russell'S Green,E01030286,East Suffolk 011B,Violence and sexual offences,Under investigation,
948c9133f168f1769136725bef3e5819e56ec9b4ec8e226d9704a092fa6f72a2,2026-06,Suffolk Constabulary,Suffolk Constabulary,1.673842,52.443278,On or near Mutfordwood Lane,E01030286,East Suffolk 011B,Violence and sexual offences,Unable to prosecute suspect,
53b1c433919d9b8ca7c8e0f820a697ff68080be90aaedbc88d6e2ec98c1a803e,2026-06,Suffolk Constabulary,Suffolk Constabulary,1.590322,52.453374,On or near Oak Avenue,E01030292,East Suffolk 011C,Violence and sexual offences,Under investigation,
c80e48358a9e5ffb6a43f3c76fb373be28a38de3c73a1fe35c0c62fedf4495ea,2026-06,Suffolk Constabulary,Suffolk Constabulary,1.610965,52.441358,On or near Copland Way,E01030293,East Suffolk 011D,Burglary,Investigation complete; no suspect identified,
ede7c1c0a4acf8e1de5ba524838f26208cf66b8f204e870308b77a262f41bad0,2026-06,Suffolk Constabulary,Suffolk Constabulary,1.631309,52.448285,On or near Sports/Recreation Area,E01030293,East Suffolk 011D,Public order,Under investigation,
7c923d2f306cc90d14089f26ac5771671ca4007437185d9a752bfa680af637cf,2026-06,Suffolk Constabulary,Suffolk Constabulary,1.610965,52.441358,On or near Copland Way,E01030293,East Suffolk 011D,Robbery,Under investigation,
33d9f9faa443ddb287d6db9e275924985463b5129c4d76d1160a3ce421162b5d,2026-06,Suffolk Constabulary,Suffolk Constabulary,1.610965,52.441358,On or near Copland Way,E01030293,East Suffolk 011D,Violence and sexual offences,Under investigation,
869183d5073a5d5b80fae5911a7e6ffeccf2780ca63d710323b17b3c1cb43374,2026-06,Suffolk Constabulary,Suffolk Constabulary,1.628680,52.448254,On or near Marsh Lane,E01030293,East Suffolk 011D,Violence and sexual offences,Offender given a caution,
b6dda9208eaf82dd928ee656e4891d6e288916c3c9ef74a1599017e0bde1285e,2026-06,Suffolk Constabulary,Suffolk Constabulary,1.637406,52.448921,On or near School Close,E01030293,East Suffolk 011D,Violence and sexual offences,Under investigation,
5853bd71683a72744ddcc82ed6203cc8e20a058c7089e9e2a6cfd50f49698142,2026-06,Suffolk Constabulary,Suffolk Constabulary,1.594233,52.444288,On or near College Lane,E01030294,East Suffolk 011E,Violence and sexual offences,Under investigation,
37442c3e244b2b2653d4bdde9e1f7578d0662dbbd20e2a6d175165560f3a907e,2026-06,Suffolk Constabulary,Suffolk Constabulary,1.588986,52.448000,On or near Holly Close,E01030294,East Suffolk 011E,Violence and sexual offences,Unable to prosecute suspect,
35eed2c00d9e5ff77dbd238109cc73aab8d2e42f3a2c0d360eee5917bc3f46fa,2026-06,Suffolk Constabulary,Suffolk Constabulary,1.593986,52.451185,On or near Pine Tree Close,E01030294,East Suffolk 011E,Violence and sexual offences,Local resolution,
c81a8a0a8c9e57257e9c635c8b8bcb97e764e7c7b6644a413c0c6d397d9b0cfd,2026-06,Suffolk Constabulary,Suffolk Constabulary,1.713857,52.451228,On or near Coverdale,E01030239,East Suffolk 012A,Burglary,Under investigation,
5e65357f0725d3b8178632790ded761a71009f931248cb7058894bfcb7f17ad9,2026-06,Suffolk Constabulary,Suffolk Constabulary,1.709173,52.449621,On or near Matlock Dale,E01030239,East Suffolk 012A,Other theft,Investigation complete; no suspect identified,
07278cab0f4599c93bb93102c8473e62864bbb458bc710a9aee57b68c7e6202b,2026-06,Suffolk Constabulary,Suffolk Constabulary,1.715045,52.452738,On or near Ryedale,E01030239,East Suffolk 012A,Robbery,Under investigation,
c0d05c982482844d16c622007139f55ca49f499f4d237be6991a36258252db28,2026-06,Suffolk Constabulary,Suffolk Constabulary,1.714350,52.450088,On or near Gondree,E01030239,East Suffolk 012A,Vehicle crime,Under investigation,
dd73d2a67a283bfbecb410e77366b71c7250521a8ccb3919bea06167dc7b6057,2026-06,Suffolk Constabulary,Suffolk Constabulary,1.708622,52.448667,On or near Abbeydale,E01030239,East Suffolk 012A,Violence and sexual offences,Under investigation,
ea69f4ce9e8a25db04057c8258ee4b362374e9476fa535efa32f975aba979202,2026-06,Suffolk Constabulary,Suffolk Constabulary,1.715045,52.452738,On or near Ryedale,E01030239,East Suffolk 012A,Violence and sexual offences,Under investigation,
7b73abc83eba0829aa82ad5c85c489902a30f9aa6c113760028ec327f17b7585,2026-06,Suffolk Constabulary,Suffolk Constabulary,1.714350,52.450088,On or near Gondree,E01030239,East Suffolk 012A,Violence and sexual offences,Under investigation,
a3f6a13b5394be997109af459644cccb572c8af38ebe67f5a86155edff432b91,2026-06,Suffolk Constabulary,Suffolk Constabulary,1.725570,52.408799,On or near Holly Grange Road,E01030251,East Suffolk 012B,Other theft,Under investigation,
a585a2b8129ed8b4d64f29bc85d784c86b59319f41bc70d01d7828c9bf093e68,2026-06,Suffolk Constabulary,Suffolk Constabulary,1.725849,52.414025,On or near Bethel Drive,E01030251,East Suffolk 012B,Other theft,Local resolution,
227a1de34b7e2064ee94e282684cf4268ccba5adb8345f4f8887dfe3ddfb2575,2026-06,Suffolk Constabulary,Suffolk Constabulary,1.722802,52.428648,On or near Cliff Farm Lane,E01030251,East Suffolk 012B,Vehicle crime,Under investigation,
291c2a42531ac3eeaf7564b3eac0fb56296062cf56976006c47de1d953c284ee,2026-06,Suffolk Constabulary,Suffolk Constabulary,1.723654,52.414329,On or near Parking Area,E01030251,East Suffolk 012B,Violence and sexual offences,Under investigation,
935945b7772f5dbda937922e2ff6405937b6b8f4b3aaf834a418f5e5ff8125bd,2026-06,Suffolk Constabulary,Suffolk Constabulary,1.725570,52.408799,On or near Holly Grange Road,E01030251,East Suffolk 012B,Violence and sexual offences,Under investigation,
f3049a8893ecd41f6b3fbe5f27734c73288b29322d3d666a85471b2c3ad76295,2026-06,Suffolk Constabulary,Suffolk Constabulary,1.725570,52.408799,On or near Holly Grange Road,E01030251,East Suffolk 012B,Violence and sexual offences,Investigation complete; no suspect identified,
a80b70ef347d95e6f7b8642953953d149d14d64f7b382db93de9492049cc2bb1,2026-06,Suffolk Constabulary,Suffolk Constabulary,1.719057,52.417037,On or near Roynon Close,E01030251,East Suffolk 012B,Violence and sexual offences,Under investigation,
a47352ed5036f23a7fe0d8b22676817f51a79a43806119025219b36df08d7da7,2026-06,Suffolk Constabulary,Suffolk Constabulary,1.699017,52.437356,On or near Church Road,E01030252,East Suffolk 012C,Other theft,Investigation complete; no suspect identified,
061af2cfb50913ca6b2e1be2f39b1967c6f20a737a735e2bcd43996e41aa4d40,2026-06,Suffolk Constabulary,Suffolk Constabulary,1.711449,52.420685,On or near Petrol Station,E01030252,East Suffolk 012C,Other theft,Unable to prosecute suspect,
882dc12193b554f82b2a1155fd4e82a98dc17484b519e542f7c18872c2c84513,2026-06,Suffolk Constabulary,Suffolk Constabulary,1.707779,52.421484,On or near Heritage Green,E01030252,East Suffolk 012C,Public order,Under investigation,
e4170ab482e6c1427ca81c18be723d7d00bdd98818e4259f5e02c3cdc6ca1f25,2026-06,Suffolk Constabulary,Suffolk Constabulary,1.711449,52.420685,On or near Petrol Station,E01030252,East Suffolk 012C,Shoplifting,Investigation complete; no suspect identified,
1b7b8fb5c6106273d5c27998ae863c7e578f320ce23412e2b20833bc915a264d,2026-06,Suffolk Constabulary,Suffolk Constabulary,1.712779,52.421102,On or near Scotts Close,E01030252,East Suffolk 012C,Violence and sexual offences,Under investigation,
0ac284baf848db9642442cc97ab97fdffacc5cc361b2d4468fccc11290ad03a4,2026-06,Suffolk Constabulary,Suffolk Constabulary,1.708007,52.420866,On or near Amber Drive,E01030252,East Suffolk 012C,Violence and sexual offences,Under investigation,
dd6905b05e9984b1f2fa659d5e41a3fb00750a0f44b514e3fa60243380482022,2026-06,Suffolk Constabulary,Suffolk Constabulary,1.708007,52.420866,On or near Amber Drive,E01030252,East Suffolk 012C,Violence and sexual offences,Under investigation,
,2026-06,Suffolk Constabulary,Suffolk Constabulary,1.721866,52.421041,On or near Clare Road,E01030253,East Suffolk 012D,Anti-social behaviour,,
7c6e97ef33f5d2da93c39ab9583da82f0063e740705028c80449565ec47ff917,2026-06,Suffolk Constabulary,Suffolk Constabulary,1.724741,52.443951,On or near London Road,E01030253,East Suffolk 012D,Burglary,Investigation complete; no suspect identified,
c1d1ca794218c800143d154a0406e49d1c9070ea2608d95c45edd5c6751bf042,2026-06,Suffolk Constabulary,Suffolk Constabulary,1.724741,52.443951,On or near London Road,E01030253,East Suffolk 012D,Burglary,Investigation complete; no suspect identified,
617c60977a8eb859faefc5df58657a8db678a249ea82ef910e38f21306e69a9e,2026-06,Suffolk Constabulary,Suffolk Constabulary,1.723898,52.444256,On or near Shopping Area,E01030253,East Suffolk 012D,Other theft,Under investigation,
d9917020348f6feabb518e8b2295cbe2df9f811f99dfc67435e10a25fde90f61,2026-06,Suffolk Constabulary,Suffolk Constabulary,1.723898,52.444256,On or near Shopping Area,E01030253,East Suffolk 012D,Other theft,Under investigation,
9aa1c66ca666ef74e37458b25e8931bf27c7e90cc45fa8d80e7bcebcb7fe32a5,2026-06,Suffolk Constabulary,Suffolk Constabulary,1.723898,52.444256,On or near Shopping Area,E01030253,East Suffolk 012D,Other theft,Under investigation,
fa93749e3829f91bdda3766119509f280010f136363772c04d6c65eae38d9e2a,2026-06,Suffolk Constabulary,Suffolk Constabulary,1.723898,52.444256,On or near Shopping Area,E01030253,East Suffolk 012D,Other theft,Investigation complete; no suspect identified,
06287e9fb0b766ebcbc5b48c26a23fb8b9a4aa54e8c463735780ef56a6efdda2,2026-06,Suffolk Constabulary,Suffolk Constabulary,1.723898,52.444256,On or near Shopping Area,E01030253,East Suffolk 012D,Other theft,Under investigation,
9f2bfbdd2455734a5d3cb6b7f5ec25419e539cd09ce75060978f35431f9cfa23,2026-06,Suffolk Constabulary,Suffolk Constabulary,1.718568,52.448427,On or near Harvest Drive,E01030253,East Suffolk 012D,Other theft,Investigation complete; no suspect identified,
e4ed27857736acddf776f7b087165192b1b38b8af67b300ca6c50fe0e4948e38,2026-06,Suffolk Constabulary,Suffolk Constabulary,1.721017,52.447099,On or near Barley Way,E01030253,East Suffolk 012D,Other theft,Investigation complete; no suspect identified,
921db08741d22d5453560cf0ada9de10d31ead26233a4c85aec1bd2008bf755f,2026-06,Suffolk Constabulary,Suffolk Constabulary,1.718399,52.421627,On or near Francis Road,E01030253,East Suffolk 012D,Public order,Investigation complete; no suspect identified,
9c4bd9ed5d14001c9ee999cdd73aa39e11034e7701d79638e0fb145699a38843,2026-06,Suffolk Constabulary,Suffolk Constabulary,1.723898,52.444256,On or near Shopping Area,E01030253,East Suffolk 012D,Shoplifting,Investigation complete; no suspect identified,
394f0dc4391aa8247219a0ac9f0a3dfd876682b6090149bfd85f3a44a5ba585f,2026-06,Suffolk Constabulary,Suffolk Constabulary,1.723898,52.444256,On or near Shopping Area,E01030253,East Suffolk 012D,Shoplifting,Investigation complete; no suspect identified,
7175081c8c6d66dd88c7a0e16b13becf199adedc25d7ebe5a93ffd5183c6c051,2026-06,Suffolk Constabulary,Suffolk Constabulary,1.723898,52.444256,On or near Shopping Area,E01030253,East Suffolk 012D,Shoplifting,Investigation complete; no suspect identified,
7d4bc49ff1e826d26d65d0384102914389ca673892f591ac107414bcaf6da172,2026-06,Suffolk Constabulary,Suffolk Constabulary,1.722839,52.445469,On or near Supermarket,E01030253,East Suffolk 012D,Vehicle crime,Under investigation,
15ea6d56bfd1feafcc140bca7600c2a8b1794d320c2deb439e8111e80da6c456,2026-06,Suffolk Constabulary,Suffolk Constabulary,1.714404,52.423282,On or near London Road,E01030253,East Suffolk 012D,Violence and sexual offences,Action to be taken by another organisation,
020db821c2f055ee0de46735eee2228a37fba0194b51eb6b2cb4a32db88077da,2026-06,Suffolk Constabulary,Suffolk Constabulary,1.711488,52.422024,On or near Ryeburn Close,E01030253,East Suffolk 012D,Violence and sexual offences,Under investigation,
4ecfd825cb38171c77d933077bf1212d4ae12e8f664e64d1de17271b7c6d89e6,2026-06,Suffolk Constabulary,Suffolk Constabulary,1.714404,52.423282,On or near London Road,E01030253,East Suffolk 012D,Violence and sexual offences,Under investigation,
1a70a73439479e82b953b5aed66e6e1f06ea4f4a4e93a9e10463ba8a2c0c384e,2026-06,Suffolk Constabulary,Suffolk Constabulary,1.712457,52.448754,On or near Dale End,E01030253,East Suffolk 012D,Violence and sexual offences,Investigation complete; no suspect identified,
,2026-06,Suffolk Constabulary,Suffolk Constabulary,1.727448,52.452464,On or near Witney Green,E01030272,East Suffolk 012E,Anti-social behaviour,,
,2026-06,Suffolk Constabulary,Suffolk Constabulary,1.730123,52.453801,On or near Supermarket,E01030272,East Suffolk 012E,Anti-social behaviour,,
743b81ada873d1fe7305da79a015c2a6b03ee7b74bd550b0e19f2ed6169558eb,2026-06,Suffolk Constabulary,Suffolk Constabulary,1.728226,52.446170,On or near Jubilee Road,E01030272,East Suffolk 012E,Criminal damage and arson,Under investigation,
89ea214127e8967404847af9f095cdfaf98e7c99ea7b3db8da2968807a04bc42,2026-06,Suffolk Constabulary,Suffolk Constabulary,1.733031,52.450759,On or near Nightingale Road,E01030272,East Suffolk 012E,Criminal damage and arson,Investigation complete; no suspect identified,
932156e3a43b3ae11c5aa7557aa78ea74e722b83bffc1a7a2e9f81ea82bc17ff,2026-06,Suffolk Constabulary,Suffolk Constabulary,1.730123,52.453801,On or near Supermarket,E01030272,East Suffolk 012E,Other theft,Under investigation,
0cde5303d97d994aa835088e6243647667835abcaed53648111f433cad0fe190,2026-06,Suffolk Constabulary,Suffolk Constabulary,1.730123,52.453801,On or near Supermarket,E01030272,East Suffolk 012E,Robbery,Under investigation,
9733d0b4d879639d79f1dd390f3423b01e5496d51ed4de6cda491e20c8d259e5,2026-06,Suffolk Constabulary,Suffolk Constabulary,1.732241,52.447869,On or near Cliftonville,E01030272,East Suffolk 012E,Violence and sexual offences,Local resolution,
27af46a2b06bdf5c231e8179d1967035faf6710afa858d123dc27d6bb62f3c0c,2026-06,Suffolk Constabulary,Suffolk Constabulary,1.730123,52.453801,On or near Supermarket,E01030272,East Suffolk 012E,Violence and sexual offences,Under investigation,
9583aa8fbc985587f93ca700e9946bdb0fa6b550dbf3b41ec0e5e39c50309b6d,2026-06,Suffolk Constabulary,Suffolk Constabulary,1.722144,52.452766,On or near Merrifield Road,E01030273,East Suffolk 012F,Vehicle crime,Under investigation,
44074e48b1c61aa7735bf3abb67b2174bc1b19db3709e0bab7b2464598c1e027,2026-06,Suffolk Constabulary,Suffolk Constabulary,1.723547,52.453523,On or near Flora Road,E01030273,East Suffolk 012F,Violence and sexual offences,Under investigation,
3b996879ed2572bf2ba50d554f8beea88350f278a821f78fc512d770eeb67ffd,2026-06,Suffolk Constabulary,Suffolk Constabulary,1.723663,52.448788,On or near Foxglove Close,E01030273,East Suffolk 012F,Violence and sexual offences,Under investigation,
,2026-06,Suffolk Constabulary,Suffolk Constabulary,1.435246,52.456519,On or near Earsham Street,E01030230,East Suffolk 013A,Anti-social behaviour,,
d8f77cf1a5ccc7b3d6b62f5180e9877fccc7007260309b9ff66af6b7b85d84da,2026-06,Suffolk Constabulary,Suffolk Constabulary,1.435246,52.456519,On or near Earsham Street,E01030230,East Suffolk 013A,Burglary,Under investigation,
735ab9a68722e413a6c0fe70cf3a0722d8e276125f04f8f1b06edcfee0bb9f25,2026-06,Suffolk Constabulary,Suffolk Constabulary,1.440938,52.454932,On or near Staithe Close,E01030230,East Suffolk 013A,Criminal damage and arson,Investigation complete; no suspect identified,
864628bb7a02e5486951fe2bc06556527950518467aa193081bb3534d0f079b7,2026-06,Suffolk Constabulary,Suffolk Constabulary,1.437657,52.455909,On or near Cross Street,E01030230,East Suffolk 013A,Other theft,Investigation complete; no suspect identified,
5e1179736309311a906124812362b1f8347ce7fa9c1b3b6f71950b467e6e4a23,2026-06,Suffolk Constabulary,Suffolk Constabulary,1.434964,52.458002,On or near Broad Street,E01030230,East Suffolk 013A,Other theft,Under investigation,
4f911b57f6c117dbffac7081fea973403621e2e21968d236b99963d2093b7f71,2026-06,Suffolk Constabulary,Suffolk Constabulary,1.441154,52.447515,On or near Hillside Road West,E01030230,East Suffolk 013A,Other theft,Investigation complete; no suspect identified,
f5f0b3532e95af55d7bdae91438dee548daca93b889c3d8c0647267ca85f44b5,2026-06,Suffolk Constabulary,Suffolk Constabulary,1.437663,52.455046,On or near St Marys Street,E01030230,East Suffolk 013A,Shoplifting,Under investigation,
36bb73de8d785481d997bdb3d1da7acf1cbe27c26076815f3cc92f82ef8d1eff,2026-06,Suffolk Constabulary,Suffolk Constabulary,1.444741,52.448966,On or near St John'S Road,E01030230,East Suffolk 013A,Vehicle crime,Under investigation,
c9efad73dd4352b248f074e79816f22815eb3093606491a16bf25014551d5866,2026-06,Suffolk Constabulary,Suffolk Constabulary,1.434660,52.457121,On or near Chaucer Street,E01030230,East Suffolk 013A,Violence and sexual offences,Under investigation,
0a93f4b27119ec2096c86acae7ea749dcbf82aac238fcd924326f1299b5a260a,2026-06,Suffolk Constabulary,Suffolk Constabulary,1.437324,52.456171,On or near Market Place,E01030230,East Suffolk 013A,Violence and sexual offences,Under investigation,
08bad78154c5599fff3c17d8d539a916800150864fcda854451132203d20f437,2026-06,Suffolk Constabulary,Suffolk Constabulary,1.450351,52.450296,On or near Petrol Station,E01030231,East Suffolk 013B,Shoplifting,Investigation complete; no suspect identified,
1d4919543005b19dd7327aeb428ff36026a7187cfab07792b70f013dbc00bf64,2026-06,Suffolk Constabulary,Suffolk Constabulary,1.454044,52.452526,On or near Annis Hill Lane,E01030231,East Suffolk 013B,Vehicle crime,Investigation complete; no suspect identified,
266b7cfa89f97e9e9e94f948ff87495448abfe14aee140e7fd010266142b3fb6,2026-06,Suffolk Constabulary,Suffolk Constabulary,1.445853,52.452451,On or near Skinners View,E01030231,East Suffolk 013B,Violence and sexual offences,Unable to prosecute suspect,
,2026-06,Suffolk Constabulary,Suffolk Constabulary,1.442806,52.446999,On or near Duke'S Road,E01030232,East Suffolk 013C,Anti-social behaviour,,
44ce16770519a86d158f96d9a0e5bfbffdf5c004ca1df90903fc48c8deb2967e,2026-06,Suffolk Constabulary,Suffolk Constabulary,1.442806,52.446999,On or near Duke'S Road,E01030232,East Suffolk 013C,Other theft,Under investigation,
839df89f7ab1a1bc986cb10c8a430e536227456c5e5f9ab547436e7a299a5420,2026-06,Suffolk Constabulary,Suffolk Constabulary,1.445321,52.447159,On or near John Childs Way,E01030232,East Suffolk 013C,Other theft,Under investigation,
ae4ba39adf1373cd820fb66243cc6f8a66a59da4551ee03271ec0348a129fb49,2026-06,Suffolk Constabulary,Suffolk Constabulary,1.442407,52.445841,On or near Prince'S Road,E01030232,East Suffolk 013C,Public order,Under investigation,
0060d4e096f621887b460288148614e5e65f3a30793f99cc1b2b14daa4fbaf7b,2026-06,Suffolk Constabulary,Suffolk Constabulary,1.441157,52.446238,On or near Manor Road,E01030232,East Suffolk 013C,Vehicle crime,Under investigation,
ad01e7044babe05b2738af0a9b1bc99437b373341f348abb69dcc423f3ee19f7,2026-06,Suffolk Constabulary,Suffolk Constabulary,1.442407,52.445841,On or near Prince'S Road,E01030232,East Suffolk 013C,Violence and sexual offences,Under investigation,
e909ac8e5fb671c4f0ffde648adb12aae5efa206b9463200cafd93c1cf6aec27,2026-06,Suffolk Constabulary,Suffolk Constabulary,1.442806,52.446999,On or near Duke'S Road,E01030232,East Suffolk 013C,Violence and sexual offences,Under investigation,
959721ca513181759b293f0eee6eb73b41a60ce2000ede3e97f0705186f501a3,2026-06,Suffolk Constabulary,Suffolk Constabulary,1.442806,52.446999,On or near Duke'S Road,E01030232,East Suffolk 013C,Violence and sexual offences,Under investigation,
12b0c6c4b21c300612ade9df263a4dabcda5f0be814aad9c289e6736907f0ecf,2026-06,Suffolk Constabulary,Suffolk Constabulary,1.448003,52.446254,On or near Ethel Mann Road,E01030232,East Suffolk 013C,Violence and sexual offences,Under investigation,
dbe2cd80bfc1dfe619aec6ae6e34d5c50ab11e687870ac4271cfde8cda0815de,2026-06,Suffolk Constabulary,Suffolk Constabulary,1.441303,52.390820,On or near Park/Open Space,E01030285,East Suffolk 013D,Other theft,Under investigation,
f20f17153f12653274771b08dffc82d578e9e9610eb1df4c9e4bf31b5968664b,2026-06,Suffolk Constabulary,Suffolk Constabulary,1.398260,52.430894,On or near Church Road,E01030285,East Suffolk 013D,Violence and sexual offences,Unable to prosecute suspect,
dc1a03318ccac0b97eb8f37bbbc439b830e9ae94e5303e90c5e00d77dd98584a,2026-06,Suffolk Constabulary,Suffolk Constabulary,1.491693,52.424509,On or near Top Road,E01030285,East Suffolk 013D,Other crime,Under investigation,
f7a11a18f20b8aa9b38cfe661d7a192b2092cb425f8d5f42317553dcca43d593,2026-06,Suffolk Constabulary,Suffolk Constabulary,1.665210,52.342517,On or near Green Lane,E01030283,East Suffolk 014A,Criminal damage and arson,Awaiting court outcome,
9a4ce8ac8690b145a6ff63793401cc12eb3beb3e9a3b5181f0d92d18683b8920,2026-06,Suffolk Constabulary,Suffolk Constabulary,1.665210,52.342517,On or near Green Lane,E01030283,East Suffolk 014A,Drugs,Awaiting court outcome,
73370220668a5236418053a67afab8fee0d2da49b1129a571c5d22126b3b5f46,2026-06,Suffolk Constabulary,Suffolk Constabulary,1.672629,52.340424,On or near Mount Pleasant,E01030283,East Suffolk 014A,Public order,Unable to prosecute suspect,
96b9c462a914fdb169c3f40e8af2d470cdf26d4a405eb30c45170233c042fa06,2026-06,Suffolk Constabulary,Suffolk Constabulary,1.665201,52.342058,On or near Green Lane Close,E01030283,East Suffolk 014A,Robbery,Under investigation,
b109b12a0b2839f64cdb0e601e2b0d6af7b72cefcec32ce62eecd3ea020147ce,2026-06,Suffolk Constabulary,Suffolk Constabulary,1.675352,52.339970,On or near Moyse Avenue,E01030283,East Suffolk 014A,Violence and sexual offences,Under investigation,
ecb3e06e87698f8bf7287dcebc2ab8f46655ff8e09cc6371abcd249d8eb8fe2f,2026-06,Suffolk Constabulary,Suffolk Constabulary,1.675352,52.339970,On or near Moyse Avenue,E01030283,East Suffolk 014A,Violence and sexual offences,Under investigation,
3e24cb9113ba759150c73e9b432a1a56118b4916250f34016fe03c5873324292,2026-06,Suffolk Constabulary,Suffolk Constabulary,1.667091,52.341289,On or near Adamson Road,E01030283,East Suffolk 014A,Violence and sexual offences,Under investigation,
f56996738c244bacce58fc22cb218847cd02d5b3e8a10fbb34f56e0eb1c75782,2026-06,Suffolk Constabulary,Suffolk Constabulary,1.666740,52.342550,On or near Barbrook Green,E01030283,East Suffolk 014A,Other crime,Under investigation,
8fa472f73f262fc288966d486f5c86228a8e25a3f6da6c945f3b667dd88830db,2026-06,Suffolk Constabulary,Suffolk Constabulary,1.665210,52.342517,On or near Green Lane,E01030283,East Suffolk 014A,Other crime,Under investigation,
c1b91b097f1b392340f70e8481a9353e16421d5d084301aba62aaed6c28dce7e,2026-06,Suffolk Constabulary,Suffolk Constabulary,1.672358,52.384417,On or near Mill Lane,E01030295,East Suffolk 014B,Burglary,Under investigation,
20df2fc58ad9ad1b4e417d78ff82dc4fbd459e0b5fa6b9ece2a8d68655897b27,2026-06,Suffolk Constabulary,Suffolk Constabulary,1.632073,52.422236,On or near Sotterley Road,E01030295,East Suffolk 014B,Burglary,Under investigation,
7c4ad7946f841e49660d6d24c08a7f5cb64ed7ef73c0351e728a4491c740331c,2026-06,Suffolk Constabulary,Suffolk Constabulary,1.672323,52.385759,On or near Palmers Lane,E01030295,East Suffolk 014B,Criminal damage and arson,Under investigation,
983e90790320c4545ea8a540eb19b5578289e4af2b408d42db801635b6b92789,2026-06,Suffolk Constabulary,Suffolk Constabulary,1.579610,52.383776,On or near Woodside,E01030295,East Suffolk 014B,Public order,Local resolution,
9bde4886fcd812b8622c653ab95023ed84de8153b3dd58f96a5d7673799d4520,2026-06,Suffolk Constabulary,Suffolk Constabulary,1.675703,52.415615,On or near Toad Row,E01030295,East Suffolk 014B,Violence and sexual offences,Under investigation,
242eb8fc1b9f64603c16c24ff3b56772b2e9dfa4e12f1b71f6e949bf030e8bea,2026-06,Suffolk Constabulary,Suffolk Constabulary,1.675703,52.415615,On or near Toad Row,E01030295,East Suffolk 014B,Violence and sexual offences,Under investigation,
a8a9285222e7eeb0d812e1962f18bcc3f468778e72bfea8bdc77678c670c4894,2026-06,Suffolk Constabulary,Suffolk Constabulary,1.667528,52.383956,On or near Meadowlands,E01030295,East Suffolk 014B,Violence and sexual offences,Under investigation,
710b49a9e2746e0a56f7867a0f33a7507a33fdbbbbf1b87d80ca3355b8f9cf14,2026-06,Suffolk Constabulary,Suffolk Constabulary,1.667473,52.385774,On or near Chatten Close,E01030295,East Suffolk 014B,Violence and sexual offences,Action to be taken by another organisation,
ae0f7f4c3d41f8d73275268410cd2fb698e6b4ec241596b1fe1bbf78ae084923,2026-06,Suffolk Constabulary,Suffolk Constabulary,1.578774,52.383261,On or near Southwold Road,E01030295,East Suffolk 014B,Other crime,Under investigation,
,2026-06,Suffolk Constabulary,Suffolk Constabulary,1.666805,52.314781,On or near Parking Area,E01035154,East Suffolk 014C,Anti-social behaviour,,
,2026-06,Suffolk Constabulary,Suffolk Constabulary,1.678881,52.326143,On or near Shopping Area,E01035154,East Suffolk 014C,Anti-social behaviour,,
d47b5d0ad91fcc3a87c38f9817681dbfb049593a282205d22869694174857341,2026-06,Suffolk Constabulary,Suffolk Constabulary,1.675192,52.328489,On or near Spinners Lane,E01035154,East Suffolk 014C,Bicycle theft,Investigation complete; no suspect identified,
1b78088e7bc9b9083a11aedae7388db13df9ea9cdfbce5a9c96725cad6df518b,2026-06,Suffolk Constabulary,Suffolk Constabulary,1.667902,52.338853,On or near The Firs,E01035154,East Suffolk 014C,Violence and sexual offences,Under investigation,
a8d8e13ec358e8fa3060d845b430b1fc41e56ef6b56f58c28be47f9c30a37a76,2026-06,Suffolk Constabulary,Suffolk Constabulary,1.675212,52.329964,On or near Station Road,E01035154,East Suffolk 014C,Violence and sexual offences,Under investigation,
d64766e1437b4c364b1d3a1cf4b5996da51b4719f0219ab0162792b1be3d6be5,2026-06,Suffolk Constabulary,Suffolk Constabulary,1.678572,52.327637,On or near Bartholomew Green,E01035154,East Suffolk 014C,Violence and sexual offences,Investigation complete; no suspect identified,
1d4a4bb6906e86d234ba7f24c6c70bf75add4b711694f9a50f7c89c0728d9b37,2026-06,Suffolk Constabulary,Suffolk Constabulary,1.682287,52.327998,On or near Dunwich Road,E01035154,East Suffolk 014C,Other crime,Under investigation,
dee8ee6b8ab5345f61112c69696f3a218dd40b0ea9a3d2f96bd38ad75e3db6cb,2026-06,Suffolk Constabulary,Suffolk Constabulary,1.632152,52.361132,On or near Elms Lane,E01030229,East Suffolk 015A,Other theft,Under investigation,
98482df2c28bbd692712a7ba14873cc5bb8d74de6bf5239d2c0e3bb458393afd,2026-06,Suffolk Constabulary,Suffolk Constabulary,1.522217,52.345495,On or near Orchard Valley,E01030229,East Suffolk 015A,Other theft,Under investigation,
d7bd4bdbfb53ad295b10958e633739a43b3c68e090143254fe2e2d04e795409e,2026-06,Suffolk Constabulary,Suffolk Constabulary,1.523637,52.345245,On or near Valley Close,E01030229,East Suffolk 015A,Violence and sexual offences,Under investigation,
,2026-06,Suffolk Constabulary,Suffolk Constabulary,1.505049,52.349397,On or near Mount Pleasant,E01030243,East Suffolk 015B,Anti-social behaviour,,
30d3f15ee57e5e054fc2b01398dd8cfd4ae41e083c72ba36f0b8f9b39e7c125f,2026-06,Suffolk Constabulary,Suffolk Constabulary,1.504902,52.346424,On or near Station Road,E01030243,East Suffolk 015B,Other theft,Under investigation,
a5b0786ba3e4c5639a094b365502c9579eac3bcc66ab8b62aa38789b1c89960e,2026-06,Suffolk Constabulary,Suffolk Constabulary,1.505049,52.349397,On or near Mount Pleasant,E01030243,East Suffolk 015B,Possession of weapons,Under investigation,
4c55b409028ebe3c3aeb3ab8e76ee99cdb5a4ca7eca89a128e8ee24c08738484,2026-06,Suffolk Constabulary,Suffolk Constabulary,1.505049,52.349397,On or near Mount Pleasant,E01030243,East Suffolk 015B,Violence and sexual offences,Under investigation,
a00834c15094cfd3d23564cb0832e0de80b55ea21749dfb601acbdb459e20eb0,2026-06,Suffolk Constabulary,Suffolk Constabulary,1.504428,52.351361,On or near Sports/Recreation Area,E01030243,East Suffolk 015B,Violence and sexual offences,Unable to prosecute suspect,
5ebf7dbc4e417a53e2e1b19bbfb31061377d4170feaa92d91fc885a844e61230,2026-06,Suffolk Constabulary,Suffolk Constabulary,1.502034,52.349900,On or near Hillside Way,E01030243,East Suffolk 015B,Violence and sexual offences,Under investigation,
d58938e424dac9c04710e32f0408a9a32fbda71e6af1c19dabdcc47fb0b4fbe7,2026-06,Suffolk Constabulary,Suffolk Constabulary,1.511674,52.350693,On or near Huntley Court,E01030243,East Suffolk 015B,Violence and sexual offences,Under investigation,
,2026-06,Suffolk Constabulary,Suffolk Constabulary,1.502119,52.345031,On or near Bridge Street,E01030244,East Suffolk 015C,Anti-social behaviour,,
0d27a22c326bb7394b95944181e1c2726b87a116549bb3200d2f360f7420ef12,2026-06,Suffolk Constabulary,Suffolk Constabulary,1.501606,52.340492,On or near Petrol Station,E01030244,East Suffolk 015C,Burglary,Under investigation,
c5c68e7d6b6d534049ad9fb3320fd881925196a5d5956deb064d946eb9961e5f,2026-06,Suffolk Constabulary,Suffolk Constabulary,1.503193,52.342643,On or near Angel Link,E01030244,East Suffolk 015C,Drugs,Under investigation,
bfa89242cff4fb76ae8b05c01413d9bb3483114c4e81d392894983624a0f4038,2026-06,Suffolk Constabulary,Suffolk Constabulary,1.502416,52.343583,On or near Thoroughfare,E01030244,East Suffolk 015C,Public order,Under investigation,
730361f3e3ce5313cec7b8580c6f455249793662aad44c74398802fda5f29b62,2026-06,Suffolk Constabulary,Suffolk Constabulary,1.514406,52.343119,On or near Stead Drive,E01030244,East Suffolk 015C,Public order,Under investigation,
d693b6fa92f75de568b5e89b76366703111eae4f6ba529e6ea96e5d82040723a,2026-06,Suffolk Constabulary,Suffolk Constabulary,1.500871,52.342811,On or near Market Place,E01030244,East Suffolk 015C,Shoplifting,Under investigation,
606743ec901d945529b56f2f39a48286606feb7badde0023bfead8e73ab812d8,2026-06,Suffolk Constabulary,Suffolk Constabulary,1.498513,52.343070,On or near Bouchain Court,E01030244,East Suffolk 015C,Violence and sexual offences,Under investigation,
08ea7ebd50dbfd3d6c33ac1963a83392e14795433c909294cf6896bfd0a71639,2026-06,Suffolk Constabulary,Suffolk Constabulary,1.502064,52.339142,On or near Crabtree Close,E01030244,East Suffolk 015C,Violence and sexual offences,Under investigation,
6104c12f2e3cdc24f7b15eade7cec87f85098a0dc7c4b101cddff977bd84d5e3,2026-06,Suffolk Constabulary,Suffolk Constabulary,1.503674,52.345939,On or near New Cut,E01030244,East Suffolk 015C,Violence and sexual offences,Under investigation,
ff20e22640f6dfc5c3804755f79947e32ab327827b6fe40a35db2f1e9f689d60,2026-06,Suffolk Constabulary,Suffolk Constabulary,1.496076,52.340291,On or near Allington Road,E01030244,East Suffolk 015C,Violence and sexual offences,Under investigation,
,2026-06,Suffolk Constabulary,Suffolk Constabulary,1.496941,52.339347,On or near Constable Close,E01030245,East Suffolk 015D,Anti-social behaviour,,
410c539ab3b1564955ee3ec85a045cf705cb8e2be400945fd8f655981e072946,2026-06,Suffolk Constabulary,Suffolk Constabulary,1.494927,52.338571,On or near Jermyn Way,E01030245,East Suffolk 015D,Violence and sexual offences,Under investigation,
b1a305566e3e4661bbc1fe3138f370cb7b853556e5bfbbe66a4f914c2b088d6c,2026-06,Suffolk Constabulary,Suffolk Constabulary,1.496304,52.336677,On or near Queens Close,E01030245,East Suffolk 015D,Violence and sexual offences,Under investigation,
869dc1b1d9dd8024195e8a5f06faa57529de8df33f8ae602e72c32f84c6b4578,2026-06,Suffolk Constabulary,Suffolk Constabulary,1.494615,52.339830,On or near Daking'S Drift,E01030245,East Suffolk 015D,Violence and sexual offences,Under investigation,
,2026-06,Suffolk Constabulary,Suffolk Constabulary,1.419734,52.303429,On or near Barell'S Hill,E01030201,East Suffolk 016A,Anti-social behaviour,,
017da60af0ab7d5cfde76b655658baf2a1f14a13dfd3380e86b76d4050671fba,2026-06,Suffolk Constabulary,Suffolk Constabulary,1.448800,52.346053,On or near B1123,E01030201,East Suffolk 016A,Other theft,Under investigation,
23b575be1d34f0991e4df249d0af75417977f7a786261924eedc5ae3ca23764c,2026-06,Suffolk Constabulary,Suffolk Constabulary,1.460222,52.350135,On or near Park/Open Space,E01030201,East Suffolk 016A,Violence and sexual offences,Under investigation,
e017b58e0a05db0db09c67209b93efa5f1ac6178d95eee5448af9621ddc41625,2026-06,Suffolk Constabulary,Suffolk Constabulary,1.460222,52.350135,On or near Park/Open Space,E01030201,East Suffolk 016A,Violence and sexual offences,Action to be taken by another organisation,
c8f92511cfea454e63eb1b30b0c35a15c29d209402e8fac3cd1af8e8351b0107,2026-06,Suffolk Constabulary,Suffolk Constabulary,1.443834,52.272543,On or near Millfields,E01030201,East Suffolk 016A,Violence and sexual offences,Under investigation,
5ee5f73c1295555e4e7b260176bedc65470975d8126db3755a4da508fdd742db,2026-06,Suffolk Constabulary,Suffolk Constabulary,1.455592,52.272910,On or near Chapel Street,E01030201,East Suffolk 016A,Other crime,Under investigation,
56ce65a7f3b3a4529104d2934de4afeb39e3ea173436e15c78947a43f401c919,2026-06,Suffolk Constabulary,Suffolk Constabulary,1.599175,52.317313,On or near Dunwich Road,E01030219,East Suffolk 016B,Criminal damage and arson,Local resolution,
8edc9b28372f49c3262f88d207660ab4d16f360087608f00afb9dc005bf8da4c,2026-06,Suffolk Constabulary,Suffolk Constabulary,1.663273,52.313065,On or near Parking Area,E01030219,East Suffolk 016B,Criminal damage and arson,Under investigation,
c492b27ed2fa2f13194ef74717b2e0d893f57c93a9a9a051235b24b8f333dc44,2026-06,Suffolk Constabulary,Suffolk Constabulary,1.559563,52.321537,On or near Hammonds Walk,E01030219,East Suffolk 016B,Violence and sexual offences,Under investigation,
7b03e942bd7b7903c50279136a0d583d47a750eb9bd2b81c890325f36aceeaa1,2026-06,Suffolk Constabulary,Suffolk Constabulary,1.506510,52.310344,On or near Walpole Road,E01030219,East Suffolk 016B,Violence and sexual offences,Under investigation,
78df3ee0dcf9782eaf12fbc4639347a6248566c2ca964b53ab8bec0815393fa2,2026-06,Suffolk Constabulary,Suffolk Constabulary,1.651128,52.313333,On or near Short Lane,E01030219,East Suffolk 016B,Violence and sexual offences,Under investigation,
fbf77e1f7a55aaed678fd89dc3c127a222d639dd1024d3d2ad1b04d6d187fb66,2026-06,Suffolk Constabulary,Suffolk Constabulary,1.574338,52.264676,On or near Petrol Station,E01030222,East Suffolk 016C,Public order,Under investigation,
984aa041546a10de235fc0502a81d2c3b119e5dc89652f862ec09392c1ebb000,2026-06,Suffolk Constabulary,Suffolk Constabulary,1.523143,52.272755,On or near Parking Area,E01030222,East Suffolk 016C,Violence and sexual offences,Under investigation,
20b416cccefe04d9532d86919d5c24843fcd3f4e0f47692014e628c049a2952e,2026-06,Suffolk Constabulary,Suffolk Constabulary,1.578230,52.264216,On or near Baker'S Lane,E01030222,East Suffolk 016C,Violence and sexual offences,Unable to prosecute suspect,
adafa5bef2e028351ff99f48702941357cb4b90421f9b53a983a4fb960b39475,2026-06,Suffolk Constabulary,Suffolk Constabulary,1.256928,52.177749,On or near Travellers Road,E01030154,East Suffolk 017A,Criminal damage and arson,Unable to prosecute suspect,
8ed813a892158411b8c511d296d47f66d1752db28097453dbfc7e249cbdf6eec,2026-06,Suffolk Constabulary,Suffolk Constabulary,1.265810,52.220476,On or near Little Green,E01030154,East Suffolk 017A,Criminal damage and arson,Local resolution,
c20ab9bd53ffa6fabf90918df7ac16e3f3cbc3279f6cc73266eced1e78072dad,2026-06,Suffolk Constabulary,Suffolk Constabulary,1.315090,52.196733,On or near Church Field,E01030154,East Suffolk 017A,Violence and sexual offences,Under investigation,
96fd0d566130635f16a5b64104c09e2f89669179e6e213fc9f50260429a3428a,2026-06,Suffolk Constabulary,Suffolk Constabulary,1.341751,52.221398,On or near Albert Place,E01030172,East Suffolk 017B,Criminal damage and arson,Under investigation,
24784a40969cc704036ac1eeb52b55da16e0bfa9f70fe3e6ba9266fa2dada129,2026-06,Suffolk Constabulary,Suffolk Constabulary,1.337103,52.221322,On or near Warene Close,E01030172,East Suffolk 017B,Criminal damage and arson,Under investigation,
4d61d17863d455d4303c41a05d358ba482b61e81c89f6b853da55c220dfb657b,2026-06,Suffolk Constabulary,Suffolk Constabulary,1.337103,52.221322,On or near Warene Close,E01030172,East Suffolk 017B,Violence and sexual offences,Unable to prosecute suspect,
,2026-06,Suffolk Constabulary,Suffolk Constabulary,1.346518,52.216819,On or near Coopers Close,E01030173,East Suffolk 017C,Anti-social behaviour,,
ed2fa04fd92b1b6ae5729a2432f53191d30b40c958a502fa53857ff6c069fd91,2026-06,Suffolk Constabulary,Suffolk Constabulary,1.346405,52.218432,On or near Fairfield Crescent,E01030173,East Suffolk 017C,Violence and sexual offences,Action to be taken by another organisation,
a7bdc3eba4d033d870d0080f2743cf2bdc4c0f55cb62abc404763ed552ad458c,2026-06,Suffolk Constabulary,Suffolk Constabulary,1.342649,52.217361,On or near Walne Close,E01030173,East Suffolk 017C,Violence and sexual offences,Action to be taken by another organisation,
92aad437cef119f57bf08555811e81bc2a689a8d4ba049a7ae94a0d13fed97bd,2026-06,Suffolk Constabulary,Suffolk Constabulary,1.342649,52.217361,On or near Walne Close,E01030173,East Suffolk 017C,Violence and sexual offences,Action to be taken by another organisation,
747926b63637044bac873f9693931ce4bf1553d69ad300213b1b0c49e84d906a,2026-06,Suffolk Constabulary,Suffolk Constabulary,1.342493,52.216259,On or near Bibbys Way,E01030173,East Suffolk 017C,Violence and sexual offences,Under investigation,
5db50fef52950639bd4fc6770b01e4775d438f478faf182f5bcffd81e93e0b90,2026-06,Suffolk Constabulary,Suffolk Constabulary,1.346405,52.218432,On or near Fairfield Crescent,E01030173,East Suffolk 017C,Violence and sexual offences,Action to be taken by another organisation,
c66d5a05f915a0ed559cc1b8d64b288885bdd4df383b7bd06e94e3c2a02878a5,2026-06,Suffolk Constabulary,Suffolk Constabulary,1.295904,52.247152,On or near World'S End Road,E01030174,East Suffolk 017D,Burglary,Under investigation,
7a90fd4c54347fc3590f039a8e80c1f67a206d6f6e7e831af0b353519d62a162,2026-06,Suffolk Constabulary,Suffolk Constabulary,1.342436,52.253110,On or near Sports/Recreation Area,E01030174,East Suffolk 017D,Violence and sexual offences,Under investigation,
,2026-06,Suffolk Constabulary,Suffolk Constabulary,1.414357,52.171368,On or near Parking Area,E01030176,East Suffolk 017E,Anti-social behaviour,,
44bffc62917de1e05b5dc030c5893339cb41565c4a43b939b30fd297a7add92c,2026-06,Suffolk Constabulary,Suffolk Constabulary,1.388039,52.233073,On or near Bannocks Lane,E01030176,East Suffolk 017E,Criminal damage and arson,Under investigation,
1e374b5f64ebe4489710c01fb1b533e2a03112283a353a19306b1b6bd0266042,2026-06,Suffolk Constabulary,Suffolk Constabulary,1.374065,52.193117,On or near Main Road,E01030176,East Suffolk 017E,Criminal damage and arson,Under investigation,
1eeba693531a3eb34309086a40b6a82bf58e563bda9c37024e4598cc87558628,2026-06,Suffolk Constabulary,Suffolk Constabulary,1.380225,52.177677,On or near Marlesford Road,E01030176,East Suffolk 017E,Violence and sexual offences,Under investigation,
0e23831f32d6c38c8d3fbde08247c3008d259ef8b5e8557d3c0ca3d8fb3efa7f,2026-06,Suffolk Constabulary,Suffolk Constabulary,1.557899,52.194871,On or near School Road,E01030186,East Suffolk 018A,Criminal damage and arson,Investigation complete; no suspect identified,
47694c25c2d63aee5a8cd00c74369dd28882c1395d0aba73cf257abed6bf0b75,2026-06,Suffolk Constabulary,Suffolk Constabulary,1.570965,52.202841,On or near Beech Walk,E01030186,East Suffolk 018A,Other theft,Unable to prosecute suspect,
b7748342d1105273529643e32208f56fdc20d446843718eef678eae6f975bd45,2026-06,Suffolk Constabulary,Suffolk Constabulary,1.543846,52.209739,On or near Parking Area,E01030186,East Suffolk 018A,Public order,Local resolution,
ed14543594f151cfeca7e86fb5d25609e197b467646a8ce64ca6c4e629110e75,2026-06,Suffolk Constabulary,Suffolk Constabulary,1.582151,52.200315,On or near Foxglove End,E01030186,East Suffolk 018A,Violence and sexual offences,Under investigation,
130167801823e108c2d3eaac5109f19e9a65e5f65b5df702ef881f17c93356a6,2026-06,Suffolk Constabulary,Suffolk Constabulary,1.580488,52.199655,On or near Daisy Drive,E01030186,East Suffolk 018A,Violence and sexual offences,Under investigation,
eb24d9e79f4abd2b754643bf83ea5d4698b7c8f511af2f4e922076cbc4ffdb2d,2026-06,Suffolk Constabulary,Suffolk Constabulary,1.548549,52.224097,On or near Harrow Lane,E01030208,East Suffolk 018B,Other theft,Investigation complete; no suspect identified,
a5cc312ce238acd8835017f89c88fe4575896dd09713e29d32752ca3362b5143,2026-06,Suffolk Constabulary,Suffolk Constabulary,1.588190,52.238341,On or near Baker'S Hill,E01030208,East Suffolk 018B,Other theft,Under investigation,
935651c104383d597b9dfc763f36641712aeb71d1a879c8b0782707d2e101ed4,2026-06,Suffolk Constabulary,Suffolk Constabulary,1.494035,52.227434,On or near Low Road,E01030208,East Suffolk 018B,Other theft,Investigation complete; no suspect identified,
990b1befb417fd9b355c845ba4597f58a6c5be8921bde5388a707cad70e0208f,2026-06,Suffolk Constabulary,Suffolk Constabulary,1.492978,52.225910,On or near Spinney Close,E01030208,East Suffolk 018B,Violence and sexual offences,Under investigation,
ee7c7ae234ff0a526303f1489722bf14adf9b70c2f74851e2da29f5bdb74c598,2026-06,Suffolk Constabulary,Suffolk Constabulary,1.480927,52.227831,On or near Sandy Lane,E01030208,East Suffolk 018B,Violence and sexual offences,Under investigation,
5185be3f6c25d31189a72930d0de428ab86240d820280578f6cc7bfbd9e791f0,2026-06,Suffolk Constabulary,Suffolk Constabulary,1.492978,52.225910,On or near Spinney Close,E01030208,East Suffolk 018B,Violence and sexual offences,Unable to prosecute suspect,
f4d617f3641de88e0bcbdce978786b99acaabafbda8aca475525472fb7fb3eb2,2026-06,Suffolk Constabulary,Suffolk Constabulary,1.495060,52.231164,On or near Bridge Street,E01030208,East Suffolk 018B,Violence and sexual offences,Action to be taken by another organisation,
c948813a98d906228297a6d650dd60be1ec4ce680b9c813b2244036cdb68bc78,2026-06,Suffolk Constabulary,Suffolk Constabulary,1.567867,52.237231,On or near Leiston Road,E01030208,East Suffolk 018B,Violence and sexual offences,Under investigation,
14e81267f125f59fe905bc6cba88bc78597b51b00d1967c9460cb6ab025d85a6,2026-06,Suffolk Constabulary,Suffolk Constabulary,1.463331,52.233215,On or near Park/Open Space,E01030208,East Suffolk 018B,Violence and sexual offences,Under investigation,
cef660b4197609b12d768c2234696f0b17218ff90c9b9a0904a61ade97e3cd5b,2026-06,Suffolk Constabulary,Suffolk Constabulary,1.485724,52.227366,On or near Pear Tree Close,E01030208,East Suffolk 018B,Other crime,Awaiting court outcome,
,2026-06,Suffolk Constabulary,Suffolk Constabulary,1.493968,52.213729,On or near Fromus Square,E01030209,East Suffolk 018C,Anti-social behaviour,,
aabc528ec0dedc66af74389b90288befe3ae9d82ddd1cabaa9d72a67e2d485e8,2026-06,Suffolk Constabulary,Suffolk Constabulary,1.490065,52.214366,On or near New Cut,E01030209,East Suffolk 018C,Public order,Under investigation,
310723d8a371836ed65492b66a53d1d5552ece36393668fb6697790131421753,2026-06,Suffolk Constabulary,Suffolk Constabulary,1.491838,52.215312,On or near Back Of Market Place,E01030209,East Suffolk 018C,Shoplifting,Investigation complete; no suspect identified,
33e8c09e0de04dfe674300007945d05193ad0391dc8163ebcf904099c8711618,2026-06,Suffolk Constabulary,Suffolk Constabulary,1.495673,52.215297,On or near Warren Avenue,E01030209,East Suffolk 018C,Violence and sexual offences,Local resolution,
07e01cdfa35ca4ad81273983c643db8ed33838f51ccd9a956dc617a44585b1ee,2026-06,Suffolk Constabulary,Suffolk Constabulary,1.495673,52.215297,On or near Warren Avenue,E01030209,East Suffolk 018C,Violence and sexual offences,Local resolution,
f46a3b4af5aef5d4abb8cc8fcca1ebeb813e4a98264d576e399b2db6ccb9ffcc,2026-06,Suffolk Constabulary,Suffolk Constabulary,1.495673,52.215297,On or near Warren Avenue,E01030209,East Suffolk 018C,Violence and sexual offences,Unable to prosecute suspect,
d672240d1d4e5aff8777d47231a694dea4e610a736eb866263f2a087b2e657df,2026-06,Suffolk Constabulary,Suffolk Constabulary,1.495673,52.215297,On or near Warren Avenue,E01030209,East Suffolk 018C,Violence and sexual offences,Under investigation,
c7489679c572e50dd38744373427d87d0dd4ed0507dd7432b12161ed99024b56,2026-06,Suffolk Constabulary,Suffolk Constabulary,1.495673,52.215297,On or near Warren Avenue,E01030209,East Suffolk 018C,Violence and sexual offences,Action to be taken by another organisation,
1c028e06c0f94d62311c5f174f64b0dc01f86e7c56ab71755638ea602bc268b9,2026-06,Suffolk Constabulary,Suffolk Constabulary,1.495673,52.215297,On or near Warren Avenue,E01030209,East Suffolk 018C,Other crime,Investigation complete; no suspect identified,
1877b5be2970b7611a657933587fac26caebcd5e0f6bac651f67cd4e9d96364a,2026-06,Suffolk Constabulary,Suffolk Constabulary,1.483242,52.216987,On or near Saxon Road,E01030210,East Suffolk 018D,Vehicle crime,Under investigation,
77a6eec567fc63d140aaf6b7742bf20b15be7f2812b8ab25bb7549df1c29bcc6,2026-06,Suffolk Constabulary,Suffolk Constabulary,1.478417,52.217463,On or near Thurlow Close,E01030210,East Suffolk 018D,Violence and sexual offences,Unable to prosecute suspect,
b97e601095d9a9d6961a2214dfb568c3dc07d899ee165bb6f52809cbacc2910e,2026-06,Suffolk Constabulary,Suffolk Constabulary,1.482352,52.214045,On or near Seaman Avenue,E01030210,East Suffolk 018D,Violence and sexual offences,Investigation complete; no suspect identified,
a7713b754e8aeab22fb39d4e73bfc8850fee7e3fa99d26aacf920a6e5e936bc3,2026-06,Suffolk Constabulary,Suffolk Constabulary,1.483242,52.216987,On or near Saxon Road,E01030210,East Suffolk 018D,Violence and sexual offences,Action to be taken by another organisation,
04fe1fe5c147f3a72aed19de80196e604f267d7ad6e18288c006300fa507e311,2026-06,Suffolk Constabulary,Suffolk Constabulary,1.481679,52.214649,On or near Sports/Recreation Area,E01030210,East Suffolk 018D,Violence and sexual offences,Under investigation,
9f9c051b9b91895451cd9ef7168db5769cb29e64a25c373cebe8c7f735cb9eb2,2026-06,Suffolk Constabulary,Suffolk Constabulary,1.481188,52.212263,On or near Lincoln Avenue,E01030210,East Suffolk 018D,Violence and sexual offences,Investigation complete; no suspect identified,
79a61955bff2ac7c281ef9e8a911d1e73387c57e5303e4d0e66218a1c550c4f0,2026-06,Suffolk Constabulary,Suffolk Constabulary,1.484968,52.199955,On or near Forge Close,E01030212,East Suffolk 018E,Other theft,Investigation complete; no suspect identified,
eb59c99fee53c763d0fb3d9603a9e785a4e69a526cfd397956890a088df257b8,2026-06,Suffolk Constabulary,Suffolk Constabulary,1.497724,52.180661,On or near Farnham Road,E01030212,East Suffolk 018E,Other theft,Investigation complete; no suspect identified,
cc57c8be1b8dbcb2e232aaa048f4748eefce9ad1f844fa80f7b4bd837992ba5d,2026-06,Suffolk Constabulary,Suffolk Constabulary,1.467412,52.191622,On or near Parking Area,E01030212,East Suffolk 018E,Violence and sexual offences,Under investigation,
b4c63aa1b7be21b3b3500ebbac60793537e36b693b04fe2bf65f10e26a8ae09e,2026-06,Suffolk Constabulary,Suffolk Constabulary,1.488210,52.197053,On or near Aldecar Lane,E01030212,East Suffolk 018E,Violence and sexual offences,Under investigation,
10baa9394dca59cae404a31c099858bedfc8c97dc5168784fe832dac4bd61683,2026-06,Suffolk Constabulary,Suffolk Constabulary,1.589379,52.169225,On or near Leiston Road,E01030152,East Suffolk 019A,Other theft,Investigation complete; no suspect identified,
276b00127a9309df5f616712ba75f88bd59032719d03d6abd7cbf6d5e8865de8,2026-06,Suffolk Constabulary,Suffolk Constabulary,1.596351,52.153209,On or near Priors Way,E01030152,East Suffolk 019A,Violence and sexual offences,Under investigation,
592bd13be5f4e6e17fa530285e87f50911f2031c8eaf426e4dfbf89344575eb6,2026-06,Suffolk Constabulary,Suffolk Constabulary,1.589985,52.160959,On or near Fairfield Mews,E01030152,East Suffolk 019A,Violence and sexual offences,Under investigation,
0b56ff7fc7108810a3f9596844fa1630afa374d873b7a68505ec4b39f9f36029,2026-06,Suffolk Constabulary,Suffolk Constabulary,1.586187,52.160652,On or near Springfield Road,E01030153,East Suffolk 019B,Criminal damage and arson,Under investigation,
96de6b1a6b70003f289831a4cdfc5a68ead99e5f3bda51427dd33d3cfc66ebc7,2026-06,Suffolk Constabulary,Suffolk Constabulary,1.603422,52.157832,On or near Parking Area,E01030153,East Suffolk 019B,Robbery,Awaiting court outcome,
529d58583e481860b0c5a775ad2f9dad0ac15e60adbe212f2ac48b3c04962d15,2026-06,Suffolk Constabulary,Suffolk Constabulary,1.586187,52.160652,On or near Springfield Road,E01030153,East Suffolk 019B,Violence and sexual offences,Under investigation,
4fd1838987accd70e9923416ee571f6ee1a8b0820f9cfb0a04d004f73462743f,2026-06,Suffolk Constabulary,Suffolk Constabulary,1.601308,52.151762,On or near High Street,E01030153,East Suffolk 019B,Violence and sexual offences,Under investigation,
44a7abba4d7c3dc681d2f73df6395ae1080c4ae6be99845a72f519ab74fd38af,2026-06,Suffolk Constabulary,Suffolk Constabulary,1.601613,52.150467,On or near King Street,E01030153,East Suffolk 019B,Violence and sexual offences,Investigation complete; no suspect identified,
eea4f3ec07e2b49bb6801aaba67b7397dfbb3909cf6596e8aaddb4a64b6e9c52,2026-06,Suffolk Constabulary,Suffolk Constabulary,1.589123,52.206166,On or near King George'S Avenue,E01030187,East Suffolk 019C,Criminal damage and arson,Investigation complete; no suspect identified,
0828ab1ffda5c889bb1cc0f3cf0fa2ab6774b4b0b0ac4a33464d95428935b5fd,2026-06,Suffolk Constabulary,Suffolk Constabulary,1.589745,52.205346,On or near Heath View,E01030187,East Suffolk 019C,Other theft,Under investigation,
1870d6a50d8a49507b4c7e17d179ae557d7b942d422ebbdc48c596081bb8ae78,2026-06,Suffolk Constabulary,Suffolk Constabulary,1.589745,52.205346,On or near Heath View,E01030187,East Suffolk 019C,Vehicle crime,Investigation complete; no suspect identified,
a1d0f2fa4bdb1db63e3029e4fea9d68f1f4eafe7e764fbe8ccb00d95746ddb52,2026-06,Suffolk Constabulary,Suffolk Constabulary,1.592047,52.201948,On or near Grimsey'S Lane,E01030187,East Suffolk 019C,Violence and sexual offences,Under investigation,
dc215624c8ca51cde356f611f505c99d835604ad66813e5d7610711a42a4c7a4,2026-06,Suffolk Constabulary,Suffolk Constabulary,1.589745,52.205346,On or near Heath View,E01030187,East Suffolk 019C,Violence and sexual offences,Under investigation,
56dea01da65d6e67661dd61f50c3aeca4814be924719ff85a1c81a4fb48070da,2026-06,Suffolk Constabulary,Suffolk Constabulary,1.589745,52.205346,On or near Heath View,E01030187,East Suffolk 019C,Violence and sexual offences,Under investigation,
71c16764712a4cea872894735888ffb8df5def3aeda2ee97dff8bd595ab3a36c,2026-06,Suffolk Constabulary,Suffolk Constabulary,1.589745,52.205346,On or near Heath View,E01030187,East Suffolk 019C,Violence and sexual offences,Under investigation,
349c4fb3134a1e8f2b82a50b1757823fd5b310594a906fb062048616cc7244e0,2026-06,Suffolk Constabulary,Suffolk Constabulary,1.583102,52.203399,On or near South Close,E01030187,East Suffolk 019C,Violence and sexual offences,Under investigation,
2e08296454c7b6bb90127be0d5f191a67c38d6756edab2418457116f4fa57341,2026-06,Suffolk Constabulary,Suffolk Constabulary,1.621172,52.209233,On or near Parking Area,E01030187,East Suffolk 019C,Violence and sexual offences,Local resolution,
bb93e469e9c134aa56151a64bc6546b224eb3152f4724195bbbea16bd4ad4d5f,2026-06,Suffolk Constabulary,Suffolk Constabulary,1.583734,52.200888,On or near Perrett Way,E01030187,East Suffolk 019C,Violence and sexual offences,Under investigation,
cef3dd0c5d147c296626c07c4305617aa3726deb27dbe98f8c4aaac3d157bf97,2026-06,Suffolk Constabulary,Suffolk Constabulary,1.589745,52.205346,On or near Heath View,E01030187,East Suffolk 019C,Violence and sexual offences,Under investigation,
ea33accb2bc08400551d9f66d0218513166650af12f281321730a05d1c4cc689,2026-06,Suffolk Constabulary,Suffolk Constabulary,1.587111,52.204621,On or near Sports/Recreation Area,E01030187,East Suffolk 019C,Violence and sexual offences,Under investigation,
95bdb1ca6784987dc0c21fb27d3466cd20d97fbbfe5a947a223430c562135dd8,2026-06,Suffolk Constabulary,Suffolk Constabulary,1.579927,52.202506,On or near Andrew Close,E01030187,East Suffolk 019C,Violence and sexual offences,Under investigation,
6c861e84d3cabeed72c9269d06f664b52c5ff0e679d91dfa3e02978756108b43,2026-06,Suffolk Constabulary,Suffolk Constabulary,1.580018,52.204365,On or near Haven Road,E01030187,East Suffolk 019C,Violence and sexual offences,Under investigation,
5c5f9885c1f567306403d48baa22168a7395cf8e5b662af9be4526c0c8dce1b4,2026-06,Suffolk Constabulary,Suffolk Constabulary,1.580018,52.204365,On or near Haven Road,E01030187,East Suffolk 019C,Violence and sexual offences,Under investigation,
1afc2ff22ca125d27ca026cfa7007b6a05b9927f759d373cd18d1622bd97f6e9,2026-06,Suffolk Constabulary,Suffolk Constabulary,1.583102,52.203399,On or near South Close,E01030187,East Suffolk 019C,Violence and sexual offences,Under investigation,
,2026-06,Suffolk Constabulary,Suffolk Constabulary,1.578424,52.207489,On or near Long Row,E01030188,East Suffolk 019D,Anti-social behaviour,,
,2026-06,Suffolk Constabulary,Suffolk Constabulary,1.576265,52.205945,On or near Cross Street,E01030188,East Suffolk 019D,Anti-social behaviour,,
c0d626a698017c8382e124ab1a06bad17ac1a72bcb0c5e4912cd5efc6176933d,2026-06,Suffolk Constabulary,Suffolk Constabulary,1.573504,52.205651,On or near Victory Road,E01030188,East Suffolk 019D,Burglary,Under investigation,
d87000013b70bec6dc87e603aabcdd021a0adfacddb435f11b62c211d72a0190,2026-06,Suffolk Constabulary,Suffolk Constabulary,1.577661,52.205831,On or near High Street,E01030188,East Suffolk 019D,Criminal damage and arson,Under investigation,
6b53fc39817e94ba3d1d0c6b6b6ac3971454dede5071e041812bbfb7af6c16c5,2026-06,Suffolk Constabulary,Suffolk Constabulary,1.575751,52.207562,On or near Parking Area,E01030188,East Suffolk 019D,Criminal damage and arson,Awaiting court outcome,
9f23e1caeca7dff0ea741f8fc7da5c6c3a12aef6894abc8995d85434286f9989,2026-06,Suffolk Constabulary,Suffolk Constabulary,1.575751,52.207562,On or near Parking Area,E01030188,East Suffolk 019D,Criminal damage and arson,Under investigation,
8f8849515e4abc25c27b74b52dcd716ca1e009c58ecd74994c8300c8d2138661,2026-06,Suffolk Constabulary,Suffolk Constabulary,1.575751,52.207562,On or near Parking Area,E01030188,East Suffolk 019D,Criminal damage and arson,Awaiting court outcome,
c0fcf53a02332d4328577005e50d0998b313cda6896ed509a6a76bf2f4f7a9bd,2026-06,Suffolk Constabulary,Suffolk Constabulary,1.576446,52.206740,On or near Platers Walk,E01030188,East Suffolk 019D,Criminal damage and arson,Under investigation,
d1ddeb4fea616c9b7430aee6a6b555530e0930a8fa729cf11594a7ccdfb8410c,2026-06,Suffolk Constabulary,Suffolk Constabulary,1.574269,52.202785,On or near Friday'S Orchard,E01030188,East Suffolk 019D,Drugs,Awaiting court outcome,
f57399716f7bf6234bcab9d3281249eb0cb9374930833a033348d80135e68c92,2026-06,Suffolk Constabulary,Suffolk Constabulary,1.575707,52.203920,On or near Police Station,E01030188,East Suffolk 019D,Robbery,Under investigation,
884bf449b36e4203b9aeaab54ac32e8e65d981bc7cf52c3f34d7c31c5e8410e6,2026-06,Suffolk Constabulary,Suffolk Constabulary,1.579565,52.206375,On or near Urban Road,E01030188,East Suffolk 019D,Shoplifting,Under investigation,
e2fd3052a1d0fe4d9631e1854d62968204fa5b8d0188d7d678671e0436891e0b,2026-06,Suffolk Constabulary,Suffolk Constabulary,1.579714,52.206227,On or near Sizewell Road,E01030188,East Suffolk 019D,Vehicle crime,Under investigation,
89ec30a61056ef1ac328b139ea396590bfdff2b740687913b8cf52f93652ce7f,2026-06,Suffolk Constabulary,Suffolk Constabulary,1.576582,52.205153,On or near Central Road,E01030188,East Suffolk 019D,Violence and sexual offences,Under investigation,
6eee36d4bddd45a7863f6a896f4f209c8a2ea8280c1089e8de2ab9eb924ad94a,2026-06,Suffolk Constabulary,Suffolk Constabulary,1.574269,52.202785,On or near Friday'S Orchard,E01030188,East Suffolk 019D,Violence and sexual offences,Under investigation,
30fdce2f2184b62ac745f03379e08c7264804ed052cfa8156899b59fd23377f4,2026-06,Suffolk Constabulary,Suffolk Constabulary,1.579840,52.205432,On or near Eastward Ho,E01030188,East Suffolk 019D,Violence and sexual offences,Under investigation,
3348fccecb072a95104f72135b7b41c3b63b69f1309ec698335d3a8a5bedbf74,2026-06,Suffolk Constabulary,Suffolk Constabulary,1.578957,52.208831,On or near Valley Gardens,E01030188,East Suffolk 019D,Violence and sexual offences,Under investigation,
d11416206ee00aaf885f45567673129a470a3b91317409ea823b3a4e7cdd78a6,2026-06,Suffolk Constabulary,Suffolk Constabulary,1.568428,52.207712,On or near B1119,E01030188,East Suffolk 019D,Violence and sexual offences,Under investigation,
e18c66db16673bbce0efc20e42502a4a9f8599fe93810e1c6b1061a175efd5b1,2026-06,Suffolk Constabulary,Suffolk Constabulary,1.579840,52.205432,On or near Eastward Ho,E01030188,East Suffolk 019D,Violence and sexual offences,Under investigation,
06f5b2f88af7dca23a0b8da01c648512e7b5b487b536fdce20f3060e1e3b55c1,2026-06,Suffolk Constabulary,Suffolk Constabulary,1.575478,52.206895,On or near Old Foundry Place,E01030188,East Suffolk 019D,Violence and sexual offences,Under investigation,
8e0e06bf73904851dedf0eb47b8fb2eeefb4a56cdbb45b22248ef8bef338773e,2026-06,Suffolk Constabulary,Suffolk Constabulary,1.577661,52.205831,On or near High Street,E01030188,East Suffolk 019D,Violence and sexual offences,Investigation complete; no suspect identified,
8ff37eea9f659385b333c5291930f945fa82cc5566514b409291104dcd8841a3,2026-06,Suffolk Constabulary,Suffolk Constabulary,1.577661,52.205831,On or near High Street,E01030188,East Suffolk 019D,Violence and sexual offences,Under investigation,
c0a31f297482a815ac78049e3386e2c130d45f5a43bd7388e5b31c99191eb846,2026-06,Suffolk Constabulary,Suffolk Constabulary,1.568428,52.207712,On or near B1119,E01030188,East Suffolk 019D,Violence and sexual offences,Under investigation,
f8cc66d77e58d9a975cefbd72c523836deff27e625656171375b44b1457833ea,2026-06,Suffolk Constabulary,Suffolk Constabulary,1.578109,52.205025,On or near Parking Area,E01030188,East Suffolk 019D,Other crime,Under investigation,
,2026-06,Suffolk Constabulary,Suffolk Constabulary,1.572830,52.207650,On or near Mandor Mews,E01030189,East Suffolk 019E,Anti-social behaviour,,
,2026-06,Suffolk Constabulary,Suffolk Constabulary,1.563557,52.210332,On or near Harling Way,E01030189,East Suffolk 019E,Anti-social behaviour,,
,2026-06,Suffolk Constabulary,Suffolk Constabulary,1.563557,52.210332,On or near Harling Way,E01030189,East Suffolk 019E,Anti-social behaviour,,
bd83f77cc1dd363e0c4683c789f4d8802ac89e52ab9ca8901a9f318d7ce5da59,2026-06,Suffolk Constabulary,Suffolk Constabulary,1.571796,52.207538,On or near Parking Area,E01030189,East Suffolk 019E,Burglary,Investigation complete; no suspect identified,
4fb902df24587d0b3fc3d8cc05f530f3e88b66e5bfc78c89a2fe7831120d8a7e,2026-06,Suffolk Constabulary,Suffolk Constabulary,1.571796,52.207538,On or near Parking Area,E01030189,East Suffolk 019E,Criminal damage and arson,Investigation complete; no suspect identified,
e50f21aafce344a990ee234b14809836e976c84fac5e3ef5f671431d66a0394f,2026-06,Suffolk Constabulary,Suffolk Constabulary,1.574608,52.209557,On or near B1122,E01030189,East Suffolk 019E,Criminal damage and arson,Investigation complete; no suspect identified,
278a4d38c6d849de0614473e4eb78477300011c5f8b505823f629fe9b0c3d745,2026-06,Suffolk Constabulary,Suffolk Constabulary,1.566372,52.207799,On or near Petrol Station,E01030189,East Suffolk 019E,Other theft,Under investigation,
f45ac7cbf878c4cf2d06a297c6002712e4a0be83562fbc33587a1a9978081f71,2026-06,Suffolk Constabulary,Suffolk Constabulary,1.565867,52.209012,On or near St Margaret'S Crescent,E01030189,East Suffolk 019E,Other theft,Under investigation,
360de14dbd96da461023bdc41818bf619d3097942e2c2664a4249402664ab4ab,2026-06,Suffolk Constabulary,Suffolk Constabulary,1.572830,52.207650,On or near Mandor Mews,E01030189,East Suffolk 019E,Violence and sexual offences,Investigation complete; no suspect identified,
6ae193baf4019584ad97a1e22f5223f10b3c8366e63d1a9f7f92887b41f82d57,2026-06,Suffolk Constabulary,Suffolk Constabulary,1.575689,52.208796,On or near Dinsdale Road,E01030189,East Suffolk 019E,Violence and sexual offences,Under investigation,
83b99b5642adad619c23cd1ce3450817798f61e24b2495e4c7626360d22a0ed7,2026-06,Suffolk Constabulary,Suffolk Constabulary,1.563557,52.210332,On or near Harling Way,E01030189,East Suffolk 019E,Violence and sexual offences,Unable to prosecute suspect,
3f7d5e0b0c16d6c0d74b939c4fc3ad52d992bba4f5f977bb5d94cc017260a32f,2026-06,Suffolk Constabulary,Suffolk Constabulary,1.584874,52.210316,On or near Valley Road,E01030189,East Suffolk 019E,Violence and sexual offences,Under investigation,
0462aa1a92ef254374fbb71e831df2dbeeec797b358e9a392a3c6ec716ee9ed4,2026-06,Suffolk Constabulary,Suffolk Constabulary,1.563557,52.210332,On or near Harling Way,E01030189,East Suffolk 019E,Violence and sexual offences,Investigation complete; no suspect identified,
fd3dfef4a1b78c91dd925c5166d7f8fc10450c5e68dd1a22118a657a288e6a77,2026-06,Suffolk Constabulary,Suffolk Constabulary,1.353757,52.118549,On or near Lower Road,E01030193,East Suffolk 020A,Criminal damage and arson,Investigation complete; no suspect identified,
111cffdac33eaf9008f7fda963fed3a09a607f889a3d1496eac8c09cf0ce0591,2026-06,Suffolk Constabulary,Suffolk Constabulary,1.311821,52.106298,On or near Adams Close,E01030193,East Suffolk 020A,Violence and sexual offences,Local resolution,
6d73890212bc4652239dbd48afa99017b042873c2231f022c6a8b970fb33c2ad,2026-06,Suffolk Constabulary,Suffolk Constabulary,1.311180,52.106910,On or near Cale Road,E01030193,East Suffolk 020A,Violence and sexual offences,Offender given a caution,
,2026-06,Suffolk Constabulary,Suffolk Constabulary,1.333511,52.106289,On or near Old Forge Mews,E01030194,East Suffolk 020B,Anti-social behaviour,,
,2026-06,Suffolk Constabulary,Suffolk Constabulary,1.330680,52.105740,On or near The Street,E01030194,East Suffolk 020B,Anti-social behaviour,,
,2026-06,Suffolk Constabulary,Suffolk Constabulary,1.333511,52.106289,On or near Old Forge Mews,E01030194,East Suffolk 020B,Anti-social behaviour,,
e5051860862470622b65fc1ba4412bd6dbd5cf76777bfef91eecb742ee7b5fbb,2026-06,Suffolk Constabulary,Suffolk Constabulary,1.335255,52.105781,On or near St Andrew'S Close,E01030194,East Suffolk 020B,Burglary,Unable to prosecute suspect,
b587600962778ec242934a810ad5c7aef1de93c028e57dfeb4753e9e9094d420,2026-06,Suffolk Constabulary,Suffolk Constabulary,1.329859,52.107858,On or near Saddlemakers Lane,E01030194,East Suffolk 020B,Criminal damage and arson,Under investigation,
054ac119a112c13c9ef804b168b36393e1529cf1d8cfbdab103747ce256c0819,2026-06,Suffolk Constabulary,Suffolk Constabulary,1.326691,52.107876,On or near Churchman Close,E01030194,East Suffolk 020B,Criminal damage and arson,Under investigation,
6a2e6d086589960b17641f20f192999c56ea94caac8b9ffe2c8904d5fff3dc0b,2026-06,Suffolk Constabulary,Suffolk Constabulary,1.335255,52.105781,On or near St Andrew'S Close,E01030194,East Suffolk 020B,Criminal damage and arson,Unable to prosecute suspect,
4dd1f34c713c54b68a60b43de308e9df2ef2fbd4c3fbe75ac941a8ddefd929b3,2026-06,Suffolk Constabulary,Suffolk Constabulary,1.329859,52.107858,On or near Saddlemakers Lane,E01030194,East Suffolk 020B,Public order,Under investigation,
e02ea500b52c272665503ed0c5a6011853fcf0f9e01bc58670aba56ef191b3ad,2026-06,Suffolk Constabulary,Suffolk Constabulary,1.330680,52.105740,On or near The Street,E01030194,East Suffolk 020B,Violence and sexual offences,Unable to prosecute suspect,
1f91f83b199673ff89d939255ef675b84e257fa18ee8054f02abf22f272e5ddb,2026-06,Suffolk Constabulary,Suffolk Constabulary,1.335255,52.105781,On or near St Andrew'S Close,E01030194,East Suffolk 020B,Violence and sexual offences,Under investigation,
3d2f00a3d986ac054d9c7d25fa8732cbecd321ca7188c7deb26866fa22deedb2,2026-06,Suffolk Constabulary,Suffolk Constabulary,1.336442,52.106809,On or near St Andrew'S Place,E01030194,East Suffolk 020B,Violence and sexual offences,Under investigation,
a661fc0c7779dc6691c877671440f43a76cd6f31ace4fd63867aa5cf361ffa6d,2026-06,Suffolk Constabulary,Suffolk Constabulary,1.343742,52.102473,On or near Parking Area,E01030194,East Suffolk 020B,Violence and sexual offences,Awaiting court outcome,
cc3ad8362c17f5785cbe208bb7be0a6e921127c4c345111406e07a1e5741a2ad,2026-06,Suffolk Constabulary,Suffolk Constabulary,1.327103,52.106938,On or near Hall Farm Road,E01030194,East Suffolk 020B,Violence and sexual offences,Under investigation,
4f9def9294442d6681357914ad057936f9c9f028b3004cfb63aa14d1322e1506,2026-06,Suffolk Constabulary,Suffolk Constabulary,1.327103,52.106938,On or near Hall Farm Road,E01030194,East Suffolk 020B,Violence and sexual offences,Under investigation,
,2026-06,Suffolk Constabulary,Suffolk Constabulary,1.326821,52.105498,On or near Woods Lane,E01030195,East Suffolk 020C,Anti-social behaviour,,
,2026-06,Suffolk Constabulary,Suffolk Constabulary,1.316988,52.104291,On or near Bury Hill Close,E01030195,East Suffolk 020C,Anti-social behaviour,,
9d52ea63b93f788bb7a9b868a5adbca5200b4042331f79df015f3990f2e480d5,2026-06,Suffolk Constabulary,Suffolk Constabulary,1.316687,52.101808,On or near Saxon Way,E01030195,East Suffolk 020C,Violence and sexual offences,Under investigation,
5fd5f184492cc1e7c8f722dcac65450a204df6406a3ca7e1a36e1334e81b94a5,2026-06,Suffolk Constabulary,Suffolk Constabulary,1.326821,52.105498,On or near Woods Lane,E01030195,East Suffolk 020C,Other crime,Under investigation,
e9df142057bc47071b3bb515ff4c535346cdef816153df52283d836a11c7154b,2026-06,Suffolk Constabulary,Suffolk Constabulary,1.368052,52.155612,On or near King Edward Avenue,E01030220,East Suffolk 020D,Burglary,Under investigation,
aab6523a94ab3e59a62038e0548eab1939909b1b0055c71d25a40ad61dadcd94,2026-06,Suffolk Constabulary,Suffolk Constabulary,1.364843,52.148931,On or near Morris Road,E01030220,East Suffolk 020D,Violence and sexual offences,Investigation complete; no suspect identified,
b257c201b8176315944fe995314824bf0064163570c08f9f5e3fd957e6335c79,2026-06,Suffolk Constabulary,Suffolk Constabulary,1.367689,52.150990,On or near Mill Lane,E01030220,East Suffolk 020D,Violence and sexual offences,Unable to prosecute suspect,
b247f5c55303b1264b3d4a4984000ad4673c73d2c17ea789eae8072ace479560,2026-06,Suffolk Constabulary,Suffolk Constabulary,1.358972,52.156392,On or near Simon'S Cross,E01030220,East Suffolk 020D,Violence and sexual offences,Under investigation,
2668094b7123bea8f3201b5eb9ba3a699ce2de7286299b1b2e1ac6175a33e8d0,2026-06,Suffolk Constabulary,Suffolk Constabulary,1.364843,52.148931,On or near Morris Road,E01030220,East Suffolk 020D,Violence and sexual offences,Under investigation,
36778c971e0fba37f2504d91508193da71f8e505c13af70ffe2f72f50ae7410d,2026-06,Suffolk Constabulary,Suffolk Constabulary,1.367689,52.150990,On or near Mill Lane,E01030220,East Suffolk 020D,Violence and sexual offences,Unable to prosecute suspect,
4d748dc48ad0a6e7e61da4cafa0bbbf3ebe411e31a74489dee121420138caeb4,2026-06,Suffolk Constabulary,Suffolk Constabulary,1.358126,52.151380,On or near The Crescent,E01030220,East Suffolk 020D,Violence and sexual offences,Unable to prosecute suspect,
,2026-06,Suffolk Constabulary,Suffolk Constabulary,1.243695,52.107897,On or near Ipswich Road,E01030175,East Suffolk 021A,Anti-social behaviour,,
,2026-06,Suffolk Constabulary,Suffolk Constabulary,1.245788,52.109566,On or near Alice Driver Road,E01030175,East Suffolk 021A,Anti-social behaviour,,
2ed377e56a53ae7921abf0bc996ed82d98c571a4d0575dc0457a261c6256b975,2026-06,Suffolk Constabulary,Suffolk Constabulary,1.246221,52.108682,On or near Post Mill Gardens,E01030175,East Suffolk 021A,Criminal damage and arson,Under investigation,
0943e3b78d7e328e1880b30b211879054081156e6821077759723146f01bdae4,2026-06,Suffolk Constabulary,Suffolk Constabulary,1.244960,52.109220,On or near Charles Avenue,E01030175,East Suffolk 021A,Vehicle crime,Under investigation,
1711eb0a7e28e192246003419218952fa3cdfe506e591806fd8f6fffa3f83c29,2026-06,Suffolk Constabulary,Suffolk Constabulary,1.245713,52.107131,On or near Post Mill Close,E01030175,East Suffolk 021A,Violence and sexual offences,Unable to prosecute suspect,
bef8007606a8ca135e5b0fab361810a073a880843211d0256dd2eecae10ba634,2026-06,Suffolk Constabulary,Suffolk Constabulary,1.250308,52.112059,On or near Gurdon Road,E01030175,East Suffolk 021A,Violence and sexual offences,Under investigation,
2a3d1c0f96be9caf02e73643f1c9c10a8deb05ada38e81a067717431affcd480,2026-06,Suffolk Constabulary,Suffolk Constabulary,1.242329,52.114231,On or near Stoney Road,E01030175,East Suffolk 021A,Violence and sexual offences,Unable to prosecute suspect,
592809246ebdeffd7922af57e744ece3c3f3b25c752d0bf5ba213617cb562707,2026-06,Suffolk Constabulary,Suffolk Constabulary,1.249515,52.111595,On or near Thomas Walls Close,E01030175,East Suffolk 021A,Other crime,Under investigation,
,2026-06,Suffolk Constabulary,Suffolk Constabulary,1.218637,52.150550,On or near St Mary'S View,E01030200,East Suffolk 021B,Anti-social behaviour,,
,2026-06,Suffolk Constabulary,Suffolk Constabulary,1.218637,52.150550,On or near St Mary'S View,E01030200,East Suffolk 021B,Anti-social behaviour,,
437902759b1968299cffdfd8fc0a9e21b255f36e3dcb7947f4a614c351922204,2026-06,Suffolk Constabulary,Suffolk Constabulary,1.275760,52.105940,On or near Riverside,E01030200,East Suffolk 021B,Vehicle crime,Under investigation,
d0c7d9e71e3bce4a3d6eacc85c492ae05f63bfe6fb9cfc126112939f27b1793e,2026-06,Suffolk Constabulary,Suffolk Constabulary,1.314963,52.127373,On or near Robletts,E01030200,East Suffolk 021B,Other crime,Under investigation,
,2026-06,Suffolk Constabulary,Suffolk Constabulary,1.232786,52.085532,On or near Church Lane,E01030221,East Suffolk 021C,Anti-social behaviour,,
b5f2a1718d087d1ad23e39ec569086fcaacf42a0487e1070278eed15a0b88adc,2026-06,Suffolk Constabulary,Suffolk Constabulary,1.189550,52.109160,On or near Mow Hill,E01030221,East Suffolk 021C,Burglary,Investigation complete; no suspect identified,
984604f37d38e417c651d963ba1f283cd02165ac98a72c4922396c388ea8e1c1,2026-06,Suffolk Constabulary,Suffolk Constabulary,1.189550,52.109160,On or near Mow Hill,E01030221,East Suffolk 021C,Burglary,Under investigation,
097be7a661f638215154468bf78303b5a968cabbc440b9a455abaf37cef36464,2026-06,Suffolk Constabulary,Suffolk Constabulary,1.232786,52.085532,On or near Church Lane,E01030221,East Suffolk 021C,Other theft,Unable to prosecute suspect,
db2832240d955ad6c0db2c5d523653598a03bbd64a35a1191027c2a0274ef979,2026-06,Suffolk Constabulary,Suffolk Constabulary,1.193246,52.103250,On or near Tuddenham Lane,E01030221,East Suffolk 021C,Vehicle crime,Under investigation,
00100a7b9416d823beb3df0da114be8900309a58967778acda06caae59e764c8,2026-06,Suffolk Constabulary,Suffolk Constabulary,1.193270,52.089893,On or near Westerfield Lane,E01030221,East Suffolk 021C,Violence and sexual offences,Under investigation,
5d4d1b5f34ad2ae1d52bfdc0f67607b20c2cc9571c5e16bc7d4d7f0aff8de236,2026-06,Suffolk Constabulary,Suffolk Constabulary,1.185443,52.106870,On or near Hall Lane,E01030221,East Suffolk 021C,Other crime,Under investigation,
999a2d0e13d3e7c5e6d90a7ba62a05cb8adae55f2f84b1411fc228fab850e042,2026-06,Suffolk Constabulary,Suffolk Constabulary,1.301310,52.100252,On or near Tennyson Close,E01030155,East Suffolk 022A,Violence and sexual offences,Action to be taken by another organisation,
eff2c5acd39247aa24312c11ad8d1fcca5c40e9383cf7fde1855e13ca1645e64,2026-06,Suffolk Constabulary,Suffolk Constabulary,1.301310,52.100252,On or near Tennyson Close,E01030155,East Suffolk 022A,Violence and sexual offences,Under investigation,
a5bb07cce547177f69f4326b5dce14152c088289dbc0d3e553ed85f9061d5baa,2026-06,Suffolk Constabulary,Suffolk Constabulary,1.301310,52.100252,On or near Tennyson Close,E01030155,East Suffolk 022A,Violence and sexual offences,Under investigation,
2a22b28a4126ebaff2f849a76e9908695cb1ee008bb77e719084fa068ed285d7,2026-06,Suffolk Constabulary,Suffolk Constabulary,1.312772,52.102773,On or near Nelson Way,E01030155,East Suffolk 022A,Violence and sexual offences,Unable to prosecute suspect,
afd70565d33697d865673c756ed753d8cb046582fc1d12e8cbcd7b632707fa66,2026-06,Suffolk Constabulary,Suffolk Constabulary,1.312772,52.102773,On or near Nelson Way,E01030155,East Suffolk 022A,Violence and sexual offences,Under investigation,
,2026-06,Suffolk Constabulary,Suffolk Constabulary,1.306529,52.095582,On or near Burkitt Road,E01030185,East Suffolk 022B,Anti-social behaviour,,
e777387329a4820f8b295fcc5a468035715e0f21021a68fd01feebd30f48a120,2026-06,Suffolk Constabulary,Suffolk Constabulary,1.300151,52.091677,On or near Churchill Close,E01030185,East Suffolk 022B,Drugs,Local resolution,
9240c0378bc4ba8c5e78d5ff8b25a9326e3c2d233228a8ce8aac433d383007c3,2026-06,Suffolk Constabulary,Suffolk Constabulary,1.309931,52.094794,On or near B1079,E01030185,East Suffolk 022B,Other theft,Unable to prosecute suspect,
042f7c8a528b9106d34f4be594a1c7ae11709ddf3ef9140006814ecdf52914ff,2026-06,Suffolk Constabulary,Suffolk Constabulary,1.298725,52.095108,On or near Bilney Road,E01030185,East Suffolk 022B,Possession of weapons,Under investigation,
efbd38157816cc3ca015726703fe69f0fafe6a8614f0374d26a5a54740fdfe9b,2026-06,Suffolk Constabulary,Suffolk Constabulary,1.300753,52.092713,On or near St Edmunds Close,E01030185,East Suffolk 022B,Violence and sexual offences,Under investigation,
2c8118077428c8ea9fd55cdbab0a3a9100d5a0f30d7c41c5f8640ab69bb5ee15,2026-06,Suffolk Constabulary,Suffolk Constabulary,1.299083,52.092049,On or near Queens Avenue,E01030185,East Suffolk 022B,Violence and sexual offences,Action to be taken by another organisation,
7c2f16bf87ba74da48ffc6d885e02e68897b659b331a63cdb788128052721dcd,2026-06,Suffolk Constabulary,Suffolk Constabulary,1.300753,52.092713,On or near St Edmunds Close,E01030185,East Suffolk 022B,Violence and sexual offences,Under investigation,
e75ea3540e22161da39109370ff14ae9b3b425a5f670f5d924ccac4d221f3d8b,2026-06,Suffolk Constabulary,Suffolk Constabulary,1.302889,52.095729,On or near Conach Road,E01030185,East Suffolk 022B,Violence and sexual offences,Under investigation,
a04428729c48727427e73f837b7d9dc5e2541be1e0e000ed1b62e33878ef0f63,2026-06,Suffolk Constabulary,Suffolk Constabulary,1.299560,52.092575,On or near Downing Close,E01030185,East Suffolk 022B,Violence and sexual offences,Under investigation,
a43406038fa0cd7960432aeed559118d7f1c8501248b61759246727caf41c9cb,2026-06,Suffolk Constabulary,Suffolk Constabulary,1.299083,52.092049,On or near Queens Avenue,E01030185,East Suffolk 022B,Violence and sexual offences,Action to be taken by another organisation,
f4e281ceb34a1f2afbf8b9d33284eff77a078bb794851bc59b82633512b66816,2026-06,Suffolk Constabulary,Suffolk Constabulary,1.304754,52.096072,On or near Parking Area,E01030185,East Suffolk 022B,Violence and sexual offences,Unable to prosecute suspect,
f79e3f391d97c7f06a8d9de7e9851efb0d2d54f73cc26d14ca5e807620f7d060,2026-06,Suffolk Constabulary,Suffolk Constabulary,1.297840,52.099936,On or near Prentices Lane,E01030185,East Suffolk 022B,Other crime,Under investigation,
b9e9bf5854d1ca9556e2026048e06e3e74264fc8ac61994ec1048a91900b3110,2026-06,Suffolk Constabulary,Suffolk Constabulary,1.293077,52.085643,On or near Crane Close,E01030203,East Suffolk 022C,Other theft,Under investigation,
5c47829280ca60f557ed30eaf7ba3953669d77d980cdb8f2ec9c0a6b8ec8f270,2026-06,Suffolk Constabulary,Suffolk Constabulary,1.314977,52.088608,On or near The Avenue,E01030203,East Suffolk 022C,Public order,Under investigation,
4d35427033d0a9b07d1043865aeb869ef0e97acc9a7d69c937b6164e901f21f7,2026-06,Suffolk Constabulary,Suffolk Constabulary,1.317308,52.090305,On or near Parking Area,E01030203,East Suffolk 022C,Public order,Unable to prosecute suspect,
9003a097fb2dd684ee0910cd9c35bbe5d77924c437f3ea325a0fe3c90aa77e73,2026-06,Suffolk Constabulary,Suffolk Constabulary,1.295578,52.078188,On or near Park/Open Space,E01030203,East Suffolk 022C,Vehicle crime,Under investigation,
9712558a295d08239ed3d3b5d802e80cf631808b92b78a187c085c4fca224908,2026-06,Suffolk Constabulary,Suffolk Constabulary,1.295578,52.078188,On or near Park/Open Space,E01030203,East Suffolk 022C,Vehicle crime,Under investigation,
fbcc9db19007a3fdadc260aedd88a44b642ba05ddf092385b109bdd4185b0ba7,2026-06,Suffolk Constabulary,Suffolk Constabulary,1.295578,52.078188,On or near Park/Open Space,E01030203,East Suffolk 022C,Vehicle crime,Under investigation,
17c95e8f0d5515e70cd69e0c614d7f408670edd7d8c8ae87540795f0a6228bdd,2026-06,Suffolk Constabulary,Suffolk Constabulary,1.295578,52.078188,On or near Park/Open Space,E01030203,East Suffolk 022C,Vehicle crime,Under investigation,
3dadeecc3eb0215b6412945a68d281bf850f6f7fb9a96b2caad87e6c4c8ce08c,2026-06,Suffolk Constabulary,Suffolk Constabulary,1.315857,52.090229,On or near Parking Area,E01030203,East Suffolk 022C,Violence and sexual offences,Action to be taken by another organisation,
3b7ff123309eb4792ba76d080f49e1283674c068b0c3cc35da7fe1eb020ff78f,2026-06,Suffolk Constabulary,Suffolk Constabulary,1.315857,52.090229,On or near Parking Area,E01030203,East Suffolk 022C,Violence and sexual offences,Action to be taken by another organisation,
58222e61d714b60c7dfe8c509a1d2df9fa8ebc560faa44fe6d93b3683b951318,2026-06,Suffolk Constabulary,Suffolk Constabulary,1.312016,52.090022,On or near Morley Avenue,E01030203,East Suffolk 022C,Violence and sexual offences,Unable to prosecute suspect,
,2026-06,Suffolk Constabulary,Suffolk Constabulary,1.320052,52.093825,On or near The Thoroughfare,E01030211,East Suffolk 022D,Anti-social behaviour,,
a94d0778d64bdcfcc5459e9416f6db728a46ff7d5ea8b9e3067e395525ec2b43,2026-06,Suffolk Constabulary,Suffolk Constabulary,1.318879,52.093957,On or near Little St John'S Street,E01030211,East Suffolk 022D,Criminal damage and arson,Unable to prosecute suspect,
5def01fbbac5aa43570ffd244a6175c7de4a248803e767dd43a73cac01d67698,2026-06,Suffolk Constabulary,Suffolk Constabulary,1.318116,52.093511,On or near Parking Area,E01030211,East Suffolk 022D,Other theft,Under investigation,
5f1a19a2a34b947e0f93350af99f3ab1be65a7fc48ea9e713c5966a1ca7e0c47,2026-06,Suffolk Constabulary,Suffolk Constabulary,1.315572,52.092495,On or near Bakers Lane,E01030211,East Suffolk 022D,Other theft,Under investigation,
d566176ea8a0cd3f76fe094dc38b45a54c604dc0ca3c7c8a7e4e3da5ab69307d,2026-06,Suffolk Constabulary,Suffolk Constabulary,1.315572,52.092495,On or near Bakers Lane,E01030211,East Suffolk 022D,Theft from the person,Under investigation,
8a612803733d843efcd93f1efd36cc4bf9e95d7e1d23844b0c38e8c3ae6eaa1a,2026-06,Suffolk Constabulary,Suffolk Constabulary,1.317897,52.095280,On or near St John'S Terrace,E01030211,East Suffolk 022D,Violence and sexual offences,Under investigation,
4e9610332290dd978f7e9b0f54607aff1f7d38f6d3479f769dffe111214de4f1,2026-06,Suffolk Constabulary,Suffolk Constabulary,1.320405,52.095425,On or near Sun Lane,E01030211,East Suffolk 022D,Violence and sexual offences,Unable to prosecute suspect,
6c171efe110286f54b049c072387270721482fa7cf4cc217cc3a7313eee3ae4c,2026-06,Suffolk Constabulary,Suffolk Constabulary,1.318116,52.093511,On or near Parking Area,E01030211,East Suffolk 022D,Violence and sexual offences,Under investigation,
1b268d504eedf7cf68fdb06440e413c53333e44702ab14b44019fb17e34918e0,2026-06,Suffolk Constabulary,Suffolk Constabulary,1.316545,52.096353,On or near Victoria Road,E01030211,East Suffolk 022D,Other crime,Under investigation,
96f5df9aa0bb8f917d0e8dfc02495d01c2818be84d605975c68269da2b078497,2026-06,Suffolk Constabulary,Suffolk Constabulary,1.497701,52.163608,On or near Sports/Recreation Area,E01030199,East Suffolk 023A,Burglary,Under investigation,
dc99f9074fc1e460000bdf081f63ba050ec9060c715a43a6a1ef64205f3d4d88,2026-06,Suffolk Constabulary,Suffolk Constabulary,1.525586,52.149834,On or near Church Lane,E01030199,East Suffolk 023A,Vehicle crime,Unable to prosecute suspect,
da068f6b13cf2fe17a29ee19b59197d53b40c02644121e8e98e1f336b82096d1,2026-06,Suffolk Constabulary,Suffolk Constabulary,1.473543,52.168352,On or near Langham Road,E01030199,East Suffolk 023A,Violence and sexual offences,Under investigation,
ecb706e0f08d288b24d2358137aa8981d03de3ba1ea97da42b9169327610424a,2026-06,Suffolk Constabulary,Suffolk Constabulary,1.525586,52.149834,On or near Church Lane,E01030199,East Suffolk 023A,Violence and sexual offences,Unable to prosecute suspect,
18ab2741fe31afd4aafabe541d56aa9eb7a1c284533023b7e095515b5853678a,2026-06,Suffolk Constabulary,Suffolk Constabulary,1.383781,52.081911,On or near Shotley Mews,E01033443,East Suffolk 023B,Other theft,Unable to prosecute suspect,
b29fad3869352ee202146c85d8b2d95fbeaa1986b19af86dfc9fdfb32c39e66a,2026-06,Suffolk Constabulary,Suffolk Constabulary,1.384707,52.083332,On or near Sussex Croft,E01033443,East Suffolk 023B,Violence and sexual offences,Action to be taken by another organisation,
d0a94d2df77fe73172924ced38a58ab5617f78dbe9f92e355342892a244b2969,2026-06,Suffolk Constabulary,Suffolk Constabulary,1.412987,52.125968,On or near Welburn Close,E01033445,East Suffolk 023C,Violence and sexual offences,Under investigation,
406977380e1a7d2e12d6dc09a032dc280f4616bb0461de5bc0055f9aed70ccb6,2026-06,Suffolk Constabulary,Suffolk Constabulary,1.412987,52.125968,On or near Welburn Close,E01033445,East Suffolk 023C,Violence and sexual offences,Under investigation,
1fc2d78170bcca1d80f9244571549288557e70abeb520b42e95a683f960409d8,2026-06,Suffolk Constabulary,Suffolk Constabulary,1.412987,52.125968,On or near Welburn Close,E01033445,East Suffolk 023C,Violence and sexual offences,Unable to prosecute suspect,
034732fb340843a4a09bb69ab00ba5360c94e83d856bc563a8c17d46df50ac32,2026-06,Suffolk Constabulary,Suffolk Constabulary,1.412987,52.125968,On or near Welburn Close,E01033445,East Suffolk 023C,Violence and sexual offences,Unable to prosecute suspect,
7695593b54d4d29ca01e077bdf569a800e082d6e4164b477337f20a2b1508387,2026-06,Suffolk Constabulary,Suffolk Constabulary,1.454207,52.058023,On or near Sports/Recreation Area,E01033446,East Suffolk 023D,Public order,Under investigation,
618c7ec12697153a0504631efb647168c1a07504931facd2783f6fef4be13ea0,2026-06,Suffolk Constabulary,Suffolk Constabulary,1.454207,52.058023,On or near Sports/Recreation Area,E01033446,East Suffolk 023D,Violence and sexual offences,Under investigation,
bd556c69df013679f7f54a43c9c06e31d0a86202d9b24b125aabb790507d630e,2026-06,Suffolk Constabulary,Suffolk Constabulary,1.386188,52.118872,On or near White Womans Lane,E01033446,East Suffolk 023D,Violence and sexual offences,Unable to prosecute suspect,
11283dfaf2ee01db81c6e9ffc0850bd7cacd94e02d53646618d69e082ecd304f,2026-06,Suffolk Constabulary,Suffolk Constabulary,1.454207,52.058023,On or near Sports/Recreation Area,E01033446,East Suffolk 023D,Violence and sexual offences,Under investigation,
4afdc861b357c46743301431b33e48ba8869407d683932e94e5395b43843e8da,2026-06,Suffolk Constabulary,Suffolk Constabulary,1.454207,52.058023,On or near Sports/Recreation Area,E01033446,East Suffolk 023D,Other crime,Under investigation,
91f90031c57ae7254619460ac6b2b5673daa8b79a1073a557eb2001350d93a5e,2026-06,Suffolk Constabulary,Suffolk Constabulary,1.454207,52.058023,On or near Sports/Recreation Area,E01033446,East Suffolk 023D,Other crime,Under investigation,
f795a4f1904284e26e8e76b210dd799d733a4b2db87361cf9fecdc9209d31244,2026-06,Suffolk Constabulary,Suffolk Constabulary,1.454207,52.058023,On or near Sports/Recreation Area,E01033446,East Suffolk 023D,Other crime,Under investigation,
b9c37ac49be9c31f25871193aaddb29fbe5b6b82e1b0d01585cfcfc5a7dd344a,2026-06,Suffolk Constabulary,Suffolk Constabulary,1.454207,52.058023,On or near Sports/Recreation Area,E01033446,East Suffolk 023D,Other crime,Under investigation,
b0889b8a1a7b6d0ed397ddff002b681f88d667b226ed05a5b32d5066f616ea32,2026-06,Suffolk Constabulary,Suffolk Constabulary,1.454207,52.058023,On or near Sports/Recreation Area,E01033446,East Suffolk 023D,Other crime,Under investigation,
b98815af7430da46649fc291f0134bd9ba5804ce13d1cac13c2428a6c18ce2fc,2026-06,Suffolk Constabulary,Suffolk Constabulary,1.454207,52.058023,On or near Sports/Recreation Area,E01033446,East Suffolk 023D,Other crime,Under investigation,
c231dacc1a0e56bed01332917b3d042d5ae12a9cea58e30220662ccd878ace98,2026-06,Suffolk Constabulary,Suffolk Constabulary,1.454207,52.058023,On or near Sports/Recreation Area,E01033446,East Suffolk 023D,Other crime,Local resolution,
8c3f7119da8c34d7e6148455b47be3974ee647e95c08bb576155063c7b48f5b7,2026-06,Suffolk Constabulary,Suffolk Constabulary,1.379630,52.050748,On or near The Street,E01033448,East Suffolk 023E,Burglary,Under investigation,
55600e52b89197d5a0a10132e8bd44d8ef534794b1d11ed7a47d9f3e03c34537,2026-06,Suffolk Constabulary,Suffolk Constabulary,1.413345,52.017458,On or near Kiln Lane,E01033448,East Suffolk 023E,Burglary,Under investigation,
de4cf28aac0d9e7d1c676ce1bd8b908420c8df87223d3787ab88a359c59603dd,2026-06,Suffolk Constabulary,Suffolk Constabulary,1.365740,52.061975,On or near Woodbridge Road,E01033448,East Suffolk 023E,Burglary,Under investigation,
8316d3870fe0cfadc7dd1628670d128bda1395963007f15a9724dc7c82efe065,2026-06,Suffolk Constabulary,Suffolk Constabulary,1.416936,52.014277,On or near Manor Farm Gardens,E01033448,East Suffolk 023E,Burglary,Investigation complete; no suspect identified,
cef6d598a6559643f4e211bf1b9804b5cb9293f4d315c4d8c2acbdef3dd07adf,2026-06,Suffolk Constabulary,Suffolk Constabulary,1.362343,52.068035,On or near Methersgate Hall Drive,E01033448,East Suffolk 023E,Criminal damage and arson,Investigation complete; no suspect identified,
c78e32797cda294db1276315055aa07cf7ac128e4a2aa23bdd99121bace96462,2026-06,Suffolk Constabulary,Suffolk Constabulary,1.365740,52.061975,On or near Woodbridge Road,E01033448,East Suffolk 023E,Other theft,Under investigation,
49220c7e2198840ebd1c5ed0a50b03030f5ab531bc336af3c9068dff25b99895,2026-06,Suffolk Constabulary,Suffolk Constabulary,1.419263,52.012303,On or near Red House Farm Lane,E01033448,East Suffolk 023E,Violence and sexual offences,Under investigation,
4bd1bad1ac015d6040614ddfaac9fef6d40721ee348c326e9b696472528fca86,2026-06,Suffolk Constabulary,Suffolk Constabulary,1.376692,52.051632,On or near Ford Hill,E01033448,East Suffolk 023E,Violence and sexual offences,Unable to prosecute suspect,
,2026-06,Suffolk Constabulary,Suffolk Constabulary,1.416165,52.131974,On or near Garden Square,E01033449,East Suffolk 023F,Anti-social behaviour,,
,2026-06,Suffolk Constabulary,Suffolk Constabulary,1.416165,52.131974,On or near Garden Square,E01033449,East Suffolk 023F,Anti-social behaviour,,
,2026-06,Suffolk Constabulary,Suffolk Constabulary,1.416165,52.131974,On or near Garden Square,E01033449,East Suffolk 023F,Anti-social behaviour,,
,2026-06,Suffolk Constabulary,Suffolk Constabulary,1.414575,52.131634,On or near Peace Palace Gardens,E01033449,East Suffolk 023F,Anti-social behaviour,,
,2026-06,Suffolk Constabulary,Suffolk Constabulary,1.414575,52.131634,On or near Peace Palace Gardens,E01033449,East Suffolk 023F,Anti-social behaviour,,
,2026-06,Suffolk Constabulary,Suffolk Constabulary,1.416165,52.131974,On or near Garden Square,E01033449,East Suffolk 023F,Anti-social behaviour,,
bc8077363efd78c30fcc3c2fe14a1bca4b13ded66c27eddfd3b0453dd7d7afaa,2026-06,Suffolk Constabulary,Suffolk Constabulary,1.414425,52.130442,On or near Sycamore Drive,E01033449,East Suffolk 023F,Criminal damage and arson,Under investigation,
7dbe6a5d8a39a511478475477b2b27703bc4187402a6bb4d13a54b7a19518840,2026-06,Suffolk Constabulary,Suffolk Constabulary,1.417889,52.132923,On or near Jays Croft Road,E01033449,East Suffolk 023F,Other theft,Under investigation,
eb738f76dfcdde7b851f4a17b9be2bf913f248b477f8ffcfcc78f0d51bb133c0,2026-06,Suffolk Constabulary,Suffolk Constabulary,1.414425,52.130442,On or near Sycamore Drive,E01033449,East Suffolk 023F,Violence and sexual offences,Under investigation,
5ec8c1db0eb66dd786df15097d8e7aec0b8bf0c5aae0736d5103ee726a797bb8,2026-06,Suffolk Constabulary,Suffolk Constabulary,1.416165,52.131974,On or near Garden Square,E01033449,East Suffolk 023F,Violence and sexual offences,Under investigation,
1d9c41588dc5ce1cec4b9fe93f618dc70237573bf313b373ddc6fdac92067888,2026-06,Suffolk Constabulary,Suffolk Constabulary,1.406249,52.151986,On or near Ivy Lodge Road,E01033449,East Suffolk 023F,Violence and sexual offences,Action to be taken by another organisation,
2c61090b33d5ab3926f713babd7dac1853a41ac3676439d7dba24ec1bcf8e4ab,2026-06,Suffolk Constabulary,Suffolk Constabulary,1.411676,52.130234,On or near Mayhew Road,E01033449,East Suffolk 023F,Violence and sexual offences,Under investigation,
a87fdbcc07973ef02e1ec762378cdcae53e158554620735a4dc248bfdd3de69d,2026-06,Suffolk Constabulary,Suffolk Constabulary,1.391644,52.154521,On or near Ash Road,E01033449,East Suffolk 023F,Violence and sexual offences,Investigation complete; no suspect identified,
dffc223c69e9d32397747d7e397ce1bac84935cf4c638845cb83b0ad740b641a,2026-06,Suffolk Constabulary,Suffolk Constabulary,1.416997,52.130250,On or near Maple Close,E01033449,East Suffolk 023F,Violence and sexual offences,Under investigation,
,2026-06,Suffolk Constabulary,Suffolk Constabulary,1.240656,52.056535,On or near Hares Close,E01030179,East Suffolk 024A,Anti-social behaviour,,
66b9a555b1b24fda0a46f5306c165f99554bdf8f76d6f4371d9d3cfb28266ad5,2026-06,Suffolk Constabulary,Suffolk Constabulary,1.235798,52.057559,On or near Spalding Lane,E01030179,East Suffolk 024A,Other theft,Investigation complete; no suspect identified,
,2026-06,Suffolk Constabulary,Suffolk Constabulary,1.227644,52.062837,On or near Edmonton Road,E01030183,East Suffolk 024C,Anti-social behaviour,,
3eb06003419b916cf8651172ce52412b75071974a07a2a1800768d83d5223463,2026-06,Suffolk Constabulary,Suffolk Constabulary,1.226693,52.058159,On or near Penzance Road,E01030183,East Suffolk 024C,Violence and sexual offences,Under investigation,
e6687d39dc65182254fff57b9ca9e1011ff00989ab47f65f0ed2635acbec9838,2026-06,Suffolk Constabulary,Suffolk Constabulary,1.236671,52.063363,On or near Ferguson Way,E01030184,East Suffolk 024D,Violence and sexual offences,Action to be taken by another organisation,
c017df0693d95c7748f319df9bfb1b6f551c11f4a110a4bd124b8d21c20a302d,2026-06,Suffolk Constabulary,Suffolk Constabulary,1.236671,52.063363,On or near Ferguson Way,E01030184,East Suffolk 024D,Violence and sexual offences,Action to be taken by another organisation,
09c47d78321335211bccf36b64de1938302c57fb2d6d60bf09e1070b0db3bc4f,2026-06,Suffolk Constabulary,Suffolk Constabulary,1.233941,52.058104,On or near Bell Lane,E01030184,East Suffolk 024D,Violence and sexual offences,Under investigation,
6caf349fa69a57923e30868dcafc7bd7a90763af3a48904fb664eff66f92507b,2026-06,Suffolk Constabulary,Suffolk Constabulary,1.212615,52.073627,On or near Holly Lane,E01030207,East Suffolk 024E,Violence and sexual offences,Under investigation,
,2026-06,Suffolk Constabulary,Suffolk Constabulary,1.257511,52.059388,On or near Terry Gardens,E01030181,East Suffolk 025A,Anti-social behaviour,,
,2026-06,Suffolk Constabulary,Suffolk Constabulary,1.273424,52.072870,On or near Buckingham Close,E01030190,East Suffolk 025B,Anti-social behaviour,,
,2026-06,Suffolk Constabulary,Suffolk Constabulary,1.283361,52.077396,On or near Redwold Close,E01030190,East Suffolk 025B,Anti-social behaviour,,
b7519d528f4067f36d9d7b4f4c8589b22b3cc33804613c37044c40166681e3a8,2026-06,Suffolk Constabulary,Suffolk Constabulary,1.270960,52.071104,On or near Carol Avenue,E01030190,East Suffolk 025B,Criminal damage and arson,Investigation complete; no suspect identified,
196880591229376a2caf194befbc1dfecea751b224a9e9d054d539dc4e49ea6f,2026-06,Suffolk Constabulary,Suffolk Constabulary,1.278141,52.066613,On or near Supermarket,E01030190,East Suffolk 025B,Drugs,Under investigation,
98c4ac9060b403e8a6434401de4cff3ab86d848a54d80303e1fd6d3351d8b0b0,2026-06,Suffolk Constabulary,Suffolk Constabulary,1.278141,52.066613,On or near Supermarket,E01030190,East Suffolk 025B,Other theft,Under investigation,
acc6299550cf1809551d12291536fe037365f3e4ff45f58625bad52e1c2645b4,2026-06,Suffolk Constabulary,Suffolk Constabulary,1.278141,52.066613,On or near Supermarket,E01030190,East Suffolk 025B,Other theft,Under investigation,
040ce3577c64afc109486188800504525b43e5a3d558a524243bd1624704a755,2026-06,Suffolk Constabulary,Suffolk Constabulary,1.278141,52.066613,On or near Supermarket,E01030190,East Suffolk 025B,Shoplifting,Under investigation,
9a489ad87a9485983c358dcf6880e85d2aa4a6b32f027f8764b03ef7835f47bb,2026-06,Suffolk Constabulary,Suffolk Constabulary,1.278141,52.066613,On or near Supermarket,E01030190,East Suffolk 025B,Shoplifting,Investigation complete; no suspect identified,
1c460eb8ad9ea73677ea75eea2a715990e6c7c104672aaaed9cd663bc8c0c3cf,2026-06,Suffolk Constabulary,Suffolk Constabulary,1.294233,52.073990,On or near Church Lane,E01030190,East Suffolk 025B,Violence and sexual offences,Under investigation,
e48fd5a93eee5b4c813e3f2c28ed7bb46a7cf510e78b4a688873d5469efcdcfd,2026-06,Suffolk Constabulary,Suffolk Constabulary,1.270960,52.071104,On or near Carol Avenue,E01030190,East Suffolk 025B,Violence and sexual offences,Under investigation,
,2026-06,Suffolk Constabulary,Suffolk Constabulary,1.269367,52.059096,On or near Warren Lane,E01030191,East Suffolk 025C,Anti-social behaviour,,
c23667c9f3d5016b8ecd5f7935110edcceac8b033397abbb9ff94bd2c496f503,2026-06,Suffolk Constabulary,Suffolk Constabulary,1.270953,52.065420,On or near Peel Yard,E01030191,East Suffolk 025C,Criminal damage and arson,Under investigation,
5602e6b20bf758a4696da40b3ea8c97049f008233186c8c579af8f0a2bc636bb,2026-06,Suffolk Constabulary,Suffolk Constabulary,1.272534,52.065690,On or near The Paddocks,E01030191,East Suffolk 025C,Drugs,Under investigation,
9debac67f2d5c55823b998896ca7861d0632cde68843b896d1f6f2baea848c11,2026-06,Suffolk Constabulary,Suffolk Constabulary,1.270953,52.065420,On or near Peel Yard,E01030191,East Suffolk 025C,Other theft,Awaiting court outcome,
6923c4d5b4062a475606aef835dd431bc109023921d79bf0081409c93ee20077,2026-06,Suffolk Constabulary,Suffolk Constabulary,1.270953,52.065420,On or near Peel Yard,E01030191,East Suffolk 025C,Other theft,Investigation complete; no suspect identified,
8cad1107717810b4f69f8c337a9ffe0739cc372f7bbb5a54893149c3328ca4e5,2026-06,Suffolk Constabulary,Suffolk Constabulary,1.270953,52.065420,On or near Peel Yard,E01030191,East Suffolk 025C,Other theft,Under investigation,
77f447962dc3f1baa003e990b2135e01cd1b2919880891da15729d77bd19b846,2026-06,Suffolk Constabulary,Suffolk Constabulary,1.270953,52.065420,On or near Peel Yard,E01030191,East Suffolk 025C,Other theft,Under investigation,
1946665bcd9ebb8ab8c6c0e7b7940ece9dec55d1fa23b2c1e0a83bf3edf0d240,2026-06,Suffolk Constabulary,Suffolk Constabulary,1.278144,52.063987,On or near Martinsyde,E01030191,East Suffolk 025C,Other theft,Under investigation,
e94a72bb135f9a744af4b0aa83e4229439dec529156bd2feb3a4b7a85a6e95b7,2026-06,Suffolk Constabulary,Suffolk Constabulary,1.272534,52.065690,On or near The Paddocks,E01030191,East Suffolk 025C,Public order,Under investigation,
1c61b437cdd84d9702f5b36e21512104cee62ef9f40bce915dfbf0c98504ba1f,2026-06,Suffolk Constabulary,Suffolk Constabulary,1.270953,52.065420,On or near Peel Yard,E01030191,East Suffolk 025C,Public order,Under investigation,
476f4d5966fe5f2ac9b8e081beec0fb7fbee76592e1f3dea21d6d407ad40c919,2026-06,Suffolk Constabulary,Suffolk Constabulary,1.270953,52.065420,On or near Peel Yard,E01030191,East Suffolk 025C,Public order,Under investigation,
a6a3c99bd90999d84c5f2f310f6cc00c3d7576c5dfe5e9120cf8059e2e3f11d7,2026-06,Suffolk Constabulary,Suffolk Constabulary,1.270953,52.065420,On or near Peel Yard,E01030191,East Suffolk 025C,Robbery,Under investigation,
ec534a30be72194e3b1350476a2b79394c3175669574101ea3a87d1a713e0619,2026-06,Suffolk Constabulary,Suffolk Constabulary,1.278144,52.063987,On or near Martinsyde,E01030191,East Suffolk 025C,Shoplifting,Investigation complete; no suspect identified,
a9184f131514018fa4fe86c34f6b65f3b516650513c9b6dad26e9b743f534a2e,2026-06,Suffolk Constabulary,Suffolk Constabulary,1.278144,52.063987,On or near Martinsyde,E01030191,East Suffolk 025C,Shoplifting,Investigation complete; no suspect identified,
cb241dfab1ef2c47c28d5bf9160c402ee4dab7b66572c8269687e3963e039cec,2026-06,Suffolk Constabulary,Suffolk Constabulary,1.278144,52.063987,On or near Martinsyde,E01030191,East Suffolk 025C,Shoplifting,Under investigation,
9160644332f46930ab3dfd1341a190d392d7f8f5c128dec00b1d2700eeccb97a,2026-06,Suffolk Constabulary,Suffolk Constabulary,1.278144,52.063987,On or near Martinsyde,E01030191,East Suffolk 025C,Shoplifting,Under investigation,
b5dea74e0b7169c27c99d1ed29546b000e1a19fa8a1703892fbdff4c56fcf185,2026-06,Suffolk Constabulary,Suffolk Constabulary,1.278144,52.063987,On or near Martinsyde,E01030191,East Suffolk 025C,Shoplifting,Under investigation,
ebbded8b7d728cf974288111486fbfe081128b9398547dd1e82575a66fe96a57,2026-06,Suffolk Constabulary,Suffolk Constabulary,1.278144,52.063987,On or near Martinsyde,E01030191,East Suffolk 025C,Shoplifting,Under investigation,
89acad8fb6923a9428c2b02a7c62afda59ed6c9ce17a59bfa9e23b61da0f4d75,2026-06,Suffolk Constabulary,Suffolk Constabulary,1.278144,52.063987,On or near Martinsyde,E01030191,East Suffolk 025C,Shoplifting,Under investigation,
34f1ceed2d4d78034ec7d470716ea96a2af40a7b6947eb8b391866b85adf119f,2026-06,Suffolk Constabulary,Suffolk Constabulary,1.275138,52.060599,On or near Burgess Place,E01030191,East Suffolk 025C,Shoplifting,Under investigation,
4776789905bfb8e20ee8fff2db5c9043c47d791cc77c4befe3b91eda5703e859,2026-06,Suffolk Constabulary,Suffolk Constabulary,1.270953,52.065420,On or near Peel Yard,E01030191,East Suffolk 025C,Vehicle crime,Under investigation,
0b4db3f7b649f879bd6b353bdd0681afcf8bcb7803761dadc8cf09d9f638924e,2026-06,Suffolk Constabulary,Suffolk Constabulary,1.270953,52.065420,On or near Peel Yard,E01030191,East Suffolk 025C,Violence and sexual offences,Under investigation,
d08997dc0be1aa4a8dc595102360339a61590e62cbef177a988d847b1d30f927,2026-06,Suffolk Constabulary,Suffolk Constabulary,1.275138,52.060599,On or near Burgess Place,E01030191,East Suffolk 025C,Violence and sexual offences,Unable to prosecute suspect,
09268dd325b670d6b4e38f63e74e4d00429f3746ae3e240d6c2eeb44664b4575,2026-06,Suffolk Constabulary,Suffolk Constabulary,1.270953,52.065420,On or near Peel Yard,E01030191,East Suffolk 025C,Violence and sexual offences,Investigation complete; no suspect identified,
329cea306e5a2117a1054411b5b93e21d05afcb470330e614cdd3da9eae82786,2026-06,Suffolk Constabulary,Suffolk Constabulary,1.272574,52.061651,On or near Parking Area,E01030191,East Suffolk 025C,Violence and sexual offences,Action to be taken by another organisation,
bee0b2859549b209d5bdc31e2c76857a78475ea5037fffc810249a91b0f75f82,2026-06,Suffolk Constabulary,Suffolk Constabulary,1.270953,52.065420,On or near Peel Yard,E01030191,East Suffolk 025C,Violence and sexual offences,Unable to prosecute suspect,
e80ec907b10ae053209f5407bd2b4a9c96801376e48972c9e831468d7c4ede7e,2026-06,Suffolk Constabulary,Suffolk Constabulary,1.270953,52.065420,On or near Peel Yard,E01030191,East Suffolk 025C,Violence and sexual offences,Under investigation,
df7e9e6cdc5a59a3174f212602f0efaf671dd55b9d5c28cc2c4119e011c3173c,2026-06,Suffolk Constabulary,Suffolk Constabulary,1.270953,52.065420,On or near Peel Yard,E01030191,East Suffolk 025C,Violence and sexual offences,Under investigation,
87fa4d04b986a38c8f0cc6510d8bb556653581fc53c436cf0a007ea5eff6413e,2026-06,Suffolk Constabulary,Suffolk Constabulary,1.270953,52.065420,On or near Peel Yard,E01030191,East Suffolk 025C,Violence and sexual offences,Investigation complete; no suspect identified,
06d2ef6aa05adfa6bfb8f3a68d83f9048731a8d137998770e870d2e96c794033,2026-06,Suffolk Constabulary,Suffolk Constabulary,1.270953,52.065420,On or near Peel Yard,E01030191,East Suffolk 025C,Violence and sexual offences,Under investigation,
dbcc2d6e7468b0b086416b12a3e530fef12336a749bab377266c5216e62ff955,2026-06,Suffolk Constabulary,Suffolk Constabulary,1.267681,52.063784,On or near The Grove,E01030191,East Suffolk 025C,Violence and sexual offences,Under investigation,
2119c2054d28f21ae6df68e1d7d2b01c9ed1fc487e693bc8348d123def84237e,2026-06,Suffolk Constabulary,Suffolk Constabulary,1.270953,52.065420,On or near Peel Yard,E01030191,East Suffolk 025C,Violence and sexual offences,Investigation complete; no suspect identified,
a12ce48701ebce3421f8f855f65b3dbea1384d3e18cf2fd5071827d82d491e8a,2026-06,Suffolk Constabulary,Suffolk Constabulary,1.270953,52.065420,On or near Peel Yard,E01030191,East Suffolk 025C,Violence and sexual offences,Under investigation,
1ec03ceacede3da84999932afa64e268bc62f06b7cf44a40c45d7029a374aa18,2026-06,Suffolk Constabulary,Suffolk Constabulary,1.270953,52.065420,On or near Peel Yard,E01030191,East Suffolk 025C,Other crime,Investigation complete; no suspect identified,
3cc4f9e47e717c843b6d2ad85b5c0a51b7d46c20b35e727ffaacbe995bc059c2,2026-06,Suffolk Constabulary,Suffolk Constabulary,1.270953,52.065420,On or near Peel Yard,E01030191,East Suffolk 025C,Other crime,Under investigation,
2b5366953bc31b4b66e26602f2d44141672b28030a5085154a9582aa1a2fdbc7,2026-06,Suffolk Constabulary,Suffolk Constabulary,1.270953,52.065420,On or near Peel Yard,E01030191,East Suffolk 025C,Other crime,Under investigation,
088de7cb81698b3bc6ee59fe74e3d03f5dab3234f821a5abe02ae2c46b5d770c,2026-06,Suffolk Constabulary,Suffolk Constabulary,1.270953,52.065420,On or near Peel Yard,E01030191,East Suffolk 025C,Other crime,Under investigation,
728711affb4405bdbca9149175c3f128bf5f4306896b3af721f80f60727c9ad3,2026-06,Suffolk Constabulary,Suffolk Constabulary,1.270953,52.065420,On or near Peel Yard,E01030191,East Suffolk 025C,Other crime,Under investigation,
ea81c990499135c1782cc0d107fbd6e89f6fb4b44fe1062046b2467f9c24bb9a,2026-06,Suffolk Constabulary,Suffolk Constabulary,1.270953,52.065420,On or near Peel Yard,E01030191,East Suffolk 025C,Other crime,Investigation complete; no suspect identified,
d5c0d1aa0cc745486d26e8bb6974e5e44e7da0dad0e9e7c235e50b74e57a6764,2026-06,Suffolk Constabulary,Suffolk Constabulary,1.270953,52.065420,On or near Peel Yard,E01030191,East Suffolk 025C,Other crime,Under investigation,
baaf1b4c85b402bb0807b320b66f481e8da98c7a70b5c9a17e8e752c791b5122,2026-06,Suffolk Constabulary,Suffolk Constabulary,1.270953,52.065420,On or near Peel Yard,E01030191,East Suffolk 025C,Other crime,Under investigation,
38464c57e86f32c9b692b2f43f0fcba590c6db4b7881fa36a85033f3c0e1945b,2026-06,Suffolk Constabulary,Suffolk Constabulary,1.270953,52.065420,On or near Peel Yard,E01030191,East Suffolk 025C,Other crime,Under investigation,
218aeab9d4e41f12b1cbad5ad02550c4433fbb85b3fa8546ef5398e03819a4b0,2026-06,Suffolk Constabulary,Suffolk Constabulary,1.270953,52.065420,On or near Peel Yard,E01030191,East Suffolk 025C,Other crime,Under investigation,
,2026-06,Suffolk Constabulary,Suffolk Constabulary,1.277550,52.054281,On or near Parking Area,E01030192,East Suffolk 025D,Anti-social behaviour,,
,2026-06,Suffolk Constabulary,Suffolk Constabulary,1.275756,52.057875,On or near Coopers Road,E01030192,East Suffolk 025D,Anti-social behaviour,,
191c008185648026a5e3748cb6269338452e70a9a0132f8a8259e6058c98aff2,2026-06,Suffolk Constabulary,Suffolk Constabulary,1.273888,52.058664,On or near Swan Close,E01030192,East Suffolk 025D,Violence and sexual offences,Unable to prosecute suspect,
a59ccc7156897a612b317551fb7604d0cd410c23140549389411feaf64e2386d,2026-06,Suffolk Constabulary,Suffolk Constabulary,1.273888,52.058664,On or near Swan Close,E01030192,East Suffolk 025D,Violence and sexual offences,Under investigation,
ca86343fdcc0ba4b29d585a1ea08d11d440163d0fe33e9a011b352a19a2f90e4,2026-06,Suffolk Constabulary,Suffolk Constabulary,1.273888,52.058664,On or near Swan Close,E01030192,East Suffolk 025D,Violence and sexual offences,Under investigation,
,2026-06,Suffolk Constabulary,Suffolk Constabulary,1.313909,52.036183,On or near Mill Road,E01030198,East Suffolk 025E,Anti-social behaviour,,
e21a46c8694f8c657b94b013dc72261623a8bd49ab5a96453babcafb2a7d1b5e,2026-06,Suffolk Constabulary,Suffolk Constabulary,1.314051,52.040065,On or near The Street,E01030198,East Suffolk 025E,Violence and sexual offences,Under investigation,
e25e90f29af7b4525078217595350225609e35ad443655153822258341a4ee6f,2026-06,Suffolk Constabulary,Suffolk Constabulary,1.318585,52.055776,On or near Ipswich Road,E01030198,East Suffolk 025E,Violence and sexual offences,Under investigation,
203c0fd0de49079273c864a2ff2b95a0702041ab012f5e8f6847002d41e75cb6,2026-06,Suffolk Constabulary,Suffolk Constabulary,1.266935,52.027387,On or near Slip Ponds,E01030198,East Suffolk 025E,Violence and sexual offences,Investigation complete; no suspect identified,
ddeff076cf34f78e9ecb33b0a5f371a8288b347f0df3534df2124dbc1e777e15,2026-06,Suffolk Constabulary,Suffolk Constabulary,1.312540,52.040539,On or near Fenn Lane,E01030198,East Suffolk 025E,Violence and sexual offences,Under investigation,
805bbe762e7b9ca3b26806326d24f7d5296899f804a344598b5c70c9fccf55e4,2026-06,Suffolk Constabulary,Suffolk Constabulary,1.256744,52.061074,On or near Hartree Way,E01033442,East Suffolk 025F,Criminal damage and arson,Under investigation,
6ce097ddb7c17eea522c69a37b95e18634b96279e52b3af8d71e847fc4202795,2026-06,Suffolk Constabulary,Suffolk Constabulary,1.255441,52.062818,On or near Warren Chase,E01033442,East Suffolk 025F,Criminal damage and arson,Under investigation,
2d77902dfac0a489abc37657d62e576e13b3eda52cb58d04e4853ba463edc684,2026-06,Suffolk Constabulary,Suffolk Constabulary,1.256744,52.061074,On or near Hartree Way,E01033442,East Suffolk 025F,Criminal damage and arson,Unable to prosecute suspect,
08f960484c45ab09622b65e5a48364ac683f81e7f9a5b62885e09c252490e7c1,2026-06,Suffolk Constabulary,Suffolk Constabulary,1.251693,52.058443,On or near Thomas Crescent,E01033442,East Suffolk 025F,Criminal damage and arson,Investigation complete; no suspect identified,
5e72ff9502ed3cd354c2be75905068f0db74b9f9ee14da52f99faf0ec87a4c4d,2026-06,Suffolk Constabulary,Suffolk Constabulary,1.255362,52.061543,On or near Newman Drive,E01033442,East Suffolk 025F,Criminal damage and arson,Under investigation,
a80f0c7b4c86c57cc0ff80083990382c59db4566ed355b3b06932e367e2ce69e,2026-06,Suffolk Constabulary,Suffolk Constabulary,1.256744,52.061074,On or near Hartree Way,E01033442,East Suffolk 025F,Public order,Unable to prosecute suspect,
8d93effcae43a9e2f6602258c581f041bae55d08a877527b59d29b9604e37301,2026-06,Suffolk Constabulary,Suffolk Constabulary,1.255724,52.062307,On or near Bugsby Way,E01033442,East Suffolk 025F,Violence and sexual offences,Under investigation,
70f63d9c45894185f58a6642fa94b5c2cba0e9e7b5adeca4f5492f5deb7df41a,2026-06,Suffolk Constabulary,Suffolk Constabulary,1.255724,52.062307,On or near Bugsby Way,E01033442,East Suffolk 025F,Violence and sexual offences,Under investigation,
e04c03f7b275cd3ab096b9597d3b071f702803928f136c37fed6a6b7ff18dda0,2026-06,Suffolk Constabulary,Suffolk Constabulary,1.257641,52.060572,On or near Goodman Grove,E01033442,East Suffolk 025F,Violence and sexual offences,Unable to prosecute suspect,
e16b097777beb1c0a817811977da2f2592142281e31423f59d6adeb9bad3c47d,2026-06,Suffolk Constabulary,Suffolk Constabulary,1.255724,52.062307,On or near Bugsby Way,E01033442,East Suffolk 025F,Violence and sexual offences,Under investigation,
99f1e542aabd844e8d28e2af47be445f262f1049b546dce83b69ab1d8dcb3765,2026-06,Suffolk Constabulary,Suffolk Constabulary,1.255724,52.062307,On or near Bugsby Way,E01033442,East Suffolk 025F,Violence and sexual offences,Under investigation,
79a0257ded1c56bc391e274adc23752ebcb282e2ce75baa5f047a5be18b9aa67,2026-06,Suffolk Constabulary,Suffolk Constabulary,1.244621,52.057496,On or near Peart Grove,E01033442,East Suffolk 025F,Violence and sexual offences,Under investigation,
dc63c4c98929ee7d98f3c40ee43286297b4263e875c6274a1222ddb7c443ad69,2026-06,Suffolk Constabulary,Suffolk Constabulary,1.259085,52.061773,On or near Turing Court,E01033442,East Suffolk 025F,Violence and sexual offences,Under investigation,
044c27c3eff34e78ba0d9c0a02d619acda76a28d32b9cc19c7571138f357d12c,2026-06,Suffolk Constabulary,Suffolk Constabulary,1.256744,52.061074,On or near Hartree Way,E01033442,East Suffolk 025F,Violence and sexual offences,Unable to prosecute suspect,
059035ec1a2a531ab958c2c7dd4a7b18a6cc71978f2e3a31f8f3d66c09c4ffb6,2026-06,Suffolk Constabulary,Suffolk Constabulary,1.255724,52.062307,On or near Bugsby Way,E01033442,East Suffolk 025F,Violence and sexual offences,Under investigation,
233e7051fb657aa8ad2324cf8d94b9f39b56c6030d6461064186997d5c267d54,2026-06,Suffolk Constabulary,Suffolk Constabulary,1.255724,52.062307,On or near Bugsby Way,E01033442,East Suffolk 025F,Violence and sexual offences,Under investigation,
a57d7cd04b49e2a910ea61686945cb754452208207d4ba3076a2b7b6bdc34b9a,2026-06,Suffolk Constabulary,Suffolk Constabulary,1.255724,52.062307,On or near Bugsby Way,E01033442,East Suffolk 025F,Violence and sexual offences,Under investigation,
2d24311eb050f2782a4eea2d3370532e516565d4eebbd215904db9b41c9b5820,2026-06,Suffolk Constabulary,Suffolk Constabulary,1.255724,52.062307,On or near Bugsby Way,E01033442,East Suffolk 025F,Other crime,Under investigation,
653811d28d52d5458b73a6492ae29b5f701b5e46f85f4097419bbf28920e27bb,2026-06,Suffolk Constabulary,Suffolk Constabulary,1.245998,52.057971,On or near Quantrill Terrace,E01033444,East Suffolk 025G,Violence and sexual offences,Under investigation,
,2026-06,Suffolk Constabulary,Suffolk Constabulary,1.258442,52.067358,On or near East View,E01033447,East Suffolk 025H,Anti-social behaviour,,
,2026-06,Suffolk Constabulary,Suffolk Constabulary,1.208213,52.035855,On or near Petrol Station,E01030196,East Suffolk 026A,Anti-social behaviour,,
,2026-06,Suffolk Constabulary,Suffolk Constabulary,1.208213,52.035855,On or near Petrol Station,E01030196,East Suffolk 026A,Anti-social behaviour,,
,2026-06,Suffolk Constabulary,Suffolk Constabulary,1.208213,52.035855,On or near Petrol Station,E01030196,East Suffolk 026A,Anti-social behaviour,,
58a38ecce2d2fa22aaeb0bff28546488f08e6b23257272be72cecd20d0672b01,2026-06,Suffolk Constabulary,Suffolk Constabulary,1.205651,52.036528,On or near Supermarket,E01030196,East Suffolk 026A,Criminal damage and arson,Under investigation,
ee6c4b58261051cf28e1ca9e50a5827650fc3d7af3f15db72aee965e25f364b8,2026-06,Suffolk Constabulary,Suffolk Constabulary,1.205651,52.036528,On or near Supermarket,E01030196,East Suffolk 026A,Criminal damage and arson,Investigation complete; no suspect identified,
0b4320a4f7ca8a7fa0bd113d080182edde1c31b74a9b4da8eaf5348f23dfdd49,2026-06,Suffolk Constabulary,Suffolk Constabulary,1.205651,52.036528,On or near Supermarket,E01030196,East Suffolk 026A,Public order,Investigation complete; no suspect identified,
37ef758318cc7cd63340efc5e7524bd14e6ec8c998a3fcbbeacfd2dfd2215288,2026-06,Suffolk Constabulary,Suffolk Constabulary,1.208213,52.035855,On or near Petrol Station,E01030196,East Suffolk 026A,Shoplifting,Under investigation,
c72a7505bc6859871e8f85a17d14910fea40651e5f7d093272480689ad365435,2026-06,Suffolk Constabulary,Suffolk Constabulary,1.205651,52.036528,On or near Supermarket,E01030196,East Suffolk 026A,Shoplifting,Under investigation,
3ed4aa6c72e08ff085cb589224b1203a436ebce74ae758516076fd70303e855b,2026-06,Suffolk Constabulary,Suffolk Constabulary,1.208213,52.035855,On or near Petrol Station,E01030196,East Suffolk 026A,Shoplifting,Investigation complete; no suspect identified,
2d6fa2fc7c4e4dcea57ad886055c1838907647dfa0a3b885967dd5940afc6b77,2026-06,Suffolk Constabulary,Suffolk Constabulary,1.205651,52.036528,On or near Supermarket,E01030196,East Suffolk 026A,Shoplifting,Under investigation,
db2563cb892a2403ab8a58b0875d176f5b6eaf36283912d35e2944a0d80e902f,2026-06,Suffolk Constabulary,Suffolk Constabulary,1.205651,52.036528,On or near Supermarket,E01030196,East Suffolk 026A,Shoplifting,Under investigation,
78259404bec013e48e45400ff30721a7d26038bb2ff7914bf368d49d4bd0a95a,2026-06,Suffolk Constabulary,Suffolk Constabulary,1.208213,52.035855,On or near Petrol Station,E01030196,East Suffolk 026A,Shoplifting,Under investigation,
469663a4ee152840940f060c488f700012bde4c86bf7c2f7d8fa2dc7348d61d8,2026-06,Suffolk Constabulary,Suffolk Constabulary,1.208213,52.035855,On or near Petrol Station,E01030196,East Suffolk 026A,Shoplifting,Under investigation,
144b60b4910ada8c4195fc9c39dc0107689235d74fddbe244469421d94dcd4bd,2026-06,Suffolk Constabulary,Suffolk Constabulary,1.205651,52.036528,On or near Supermarket,E01030196,East Suffolk 026A,Violence and sexual offences,Under investigation,
364114d48b8132e007d6719022c71867f596fa9cec4c5dbffc5016e65ca72b39,2026-06,Suffolk Constabulary,Suffolk Constabulary,1.251664,52.005828,On or near Church Lane,E01030197,East Suffolk 026B,Burglary,Under investigation,
af3b78c5a6760762e081104d850e72a6f0993c31f6c31bbf7130d617a7662c4d,2026-06,Suffolk Constabulary,Suffolk Constabulary,1.230675,52.028630,On or near Elmham Drive,E01030197,East Suffolk 026B,Burglary,Investigation complete; no suspect identified,
18baaded5e62b6828d4850ad251deb6f6d8c5c22f336d896a28f105e9b623dad,2026-06,Suffolk Constabulary,Suffolk Constabulary,1.218441,52.034713,On or near Meadow Crescent,E01030197,East Suffolk 026B,Criminal damage and arson,Unable to prosecute suspect,
3b0b8b34ee49a0ef3b929269218cce070983918b51fd97dd756f9d82289b1cb4,2026-06,Suffolk Constabulary,Suffolk Constabulary,1.234297,52.015984,On or near The Street,E01030197,East Suffolk 026B,Other theft,Investigation complete; no suspect identified,
64ba95d7883df215f8d28eb93043df1ecb0e74a45a85f10560ca8fa6762344ed,2026-06,Suffolk Constabulary,Suffolk Constabulary,1.269160,52.003328,On or near Strattonhall Drift,E01030197,East Suffolk 026B,Other theft,Under investigation,
a5a193215b31ac95ded9c9bd2745443e09e7dc6d6995ffba5575c29edb49bdf1,2026-06,Suffolk Constabulary,Suffolk Constabulary,1.234297,52.015984,On or near The Street,E01030197,East Suffolk 026B,Theft from the person,Investigation complete; no suspect identified,
,2026-06,Suffolk Constabulary,Suffolk Constabulary,1.215579,52.056377,On or near Ditchingham Grove,E01030204,East Suffolk 026C,Anti-social behaviour,,
55184490b2a9806697e34f98d738e3de2ec946f21a6c829931f9a0d296f809d2,2026-06,Suffolk Constabulary,Suffolk Constabulary,1.216442,52.053772,On or near Shrubland Drive,E01030204,East Suffolk 026C,Criminal damage and arson,Local resolution,
ea6f831c6ec651ccd96f2b0db6b2940d4cc81e1d241aaa8eaed72ba6fec51516,2026-06,Suffolk Constabulary,Suffolk Constabulary,1.210349,52.051204,On or near Hardwick Close,E01030204,East Suffolk 026C,Other theft,Investigation complete; no suspect identified,
bb2af07ddc236cca19af95086a38b71c3d1ae2ae54ea1cb20a2839c36f38790c,2026-06,Suffolk Constabulary,Suffolk Constabulary,1.219939,52.052903,On or near Ickworth Crescent,E01030204,East Suffolk 026C,Violence and sexual offences,Under investigation,
f6d92aa674c8765805e8f5abffb1957a6bd3303cb69098ab938f6327373a24c7,2026-06,Suffolk Constabulary,Suffolk Constabulary,1.216283,52.050952,On or near The Pastures,E01030205,East Suffolk 026D,Criminal damage and arson,Investigation complete; no suspect identified,
c83c82273e418fcdcfdc0f2d457382bf69498c618ee22b57724ed1bebd0c8a84,2026-06,Suffolk Constabulary,Suffolk Constabulary,1.218047,52.051345,On or near Houghton Place,E01030205,East Suffolk 026D,Vehicle crime,Under investigation,
39f4b160723f64148016f28ded4c4fe2445c0bbab639ebb433f81a49ad35d441,2026-06,Suffolk Constabulary,Suffolk Constabulary,1.214888,52.050217,On or near Gwendoline Close,E01030205,East Suffolk 026D,Vehicle crime,Investigation complete; no suspect identified,
11b50f817fd14e04a6a37bb0baacaee806068f1252dcd73997e26f209d3d9b1e,2026-06,Suffolk Constabulary,Suffolk Constabulary,1.219348,52.048134,On or near Western Close,E01030206,East Suffolk 026E,Violence and sexual offences,Investigation complete; no suspect identified,
baa873c02981882388eac403f46391786a67b84ec2d6df15a82053cd92bc9bc4,2026-06,Suffolk Constabulary,Suffolk Constabulary,1.323678,51.963225,On or near Wickhambrook Court,E01030171,East Suffolk 027A,Burglary,Under investigation,
701d06b6857b9d36db59d5d40c4493f02db316b16f5d16646d957b45645d4e6a,2026-06,Suffolk Constabulary,Suffolk Constabulary,1.321641,51.950852,On or near Cold Store Road,E01030171,East Suffolk 027A,Criminal damage and arson,Local resolution,
37cf761c48c0d88a8a8ff6554b15764d44458e3720c5198ca3ec73ca4a2960a6,2026-06,Suffolk Constabulary,Suffolk Constabulary,1.324509,51.961663,On or near Ickworth Court,E01030171,East Suffolk 027A,Other theft,Investigation complete; no suspect identified,
15799671e78a47b3478cc49120a8922c93d8a07ef41badfd00aef6b6957fd0e4,2026-06,Suffolk Constabulary,Suffolk Constabulary,1.316614,51.961418,On or near Trinity Avenue,E01030171,East Suffolk 027A,Other theft,Under investigation,
b1ad51a327142a5a0fef01eb90f39c669cdc34d77886a480e3c8aaa9f860dbf4,2026-06,Suffolk Constabulary,Suffolk Constabulary,1.325259,51.958431,On or near Glemsford Close,E01030171,East Suffolk 027A,Public order,Investigation complete; no suspect identified,
cec211150741bbd67bd8d21e741b06ed3dd81eff62b07ce2fa35449a273752e0,2026-06,Suffolk Constabulary,Suffolk Constabulary,1.329058,51.959592,On or near Charlotte Close,E01030171,East Suffolk 027A,Violence and sexual offences,Under investigation,
fe3cada7e39c3cc99b2d9559084cbc2223a883241ada7578f2cfc8d1f2d1dd0d,2026-06,Suffolk Constabulary,Suffolk Constabulary,1.331605,51.958602,On or near Philip Avenue,E01030171,East Suffolk 027A,Violence and sexual offences,Under investigation,
06e1544dd4e19cdbb2e90700a21653c1e5abc7da7e03491a7f24794389fd9857,2026-06,Suffolk Constabulary,Suffolk Constabulary,1.330472,51.961386,On or near Yeoman Road,E01030171,East Suffolk 027A,Violence and sexual offences,Under investigation,
87e9d41db75f3f3369c83786fb12018bb8af694ae4abd210762c7e01a9784642,2026-06,Suffolk Constabulary,Suffolk Constabulary,1.319212,51.981393,On or near Brotherton Avenue,E01030214,East Suffolk 027B,Violence and sexual offences,Under investigation,
797baaf17948bb9aa33349d2a38a35c72cc7fdb00da9be262bf6aa39b6d54a63,2026-06,Suffolk Constabulary,Suffolk Constabulary,1.319212,51.981393,On or near Brotherton Avenue,E01030214,East Suffolk 027B,Violence and sexual offences,Under investigation,
fa9c13759a297d750406d20960e3aa017a04e7f37cc29af2afa70c604481fe81,2026-06,Suffolk Constabulary,Suffolk Constabulary,1.317191,51.984203,On or near Thurmans Lane,E01030215,East Suffolk 027C,Criminal damage and arson,Investigation complete; no suspect identified,
ac0cf1afc73e92132bdce8c937e86f060948c22b4d76945a546814a724319f51,2026-06,Suffolk Constabulary,Suffolk Constabulary,1.309313,51.987995,On or near Nigel Way,E01030215,East Suffolk 027C,Drugs,Under investigation,
e7561be92b54bdefded631a8df93dbcdda1f90775a642fe4f273ec3d31566538,2026-06,Suffolk Constabulary,Suffolk Constabulary,1.309313,51.987995,On or near Nigel Way,E01030215,East Suffolk 027C,Drugs,Under investigation,
03b4c6f9cf4a01a70b2d6d13211be19ea17df79db1dc35a5110f92502aaa241f,2026-06,Suffolk Constabulary,Suffolk Constabulary,1.309313,51.987995,On or near Nigel Way,E01030215,East Suffolk 027C,Violence and sexual offences,Under investigation,
c45dc97af8a6ae7e86f3c51561caaffabb0caa606ec123daf83744aa89436210,2026-06,Suffolk Constabulary,Suffolk Constabulary,1.315950,51.980226,On or near St Mary'S Close,E01030215,East Suffolk 027C,Violence and sexual offences,Under investigation,
4e897bd4574e80adc701505dcc6cd14572db556d9e9011038878d07159d80ec7,2026-06,Suffolk Constabulary,Suffolk Constabulary,1.317191,51.984203,On or near Thurmans Lane,E01030215,East Suffolk 027C,Violence and sexual offences,Awaiting court outcome,
59eb07ceed8e1ce09fb5f3b1ef7a9ff2181083f98dd5cfeecd7676f325c2faff,2026-06,Suffolk Constabulary,Suffolk Constabulary,1.317191,51.984203,On or near Thurmans Lane,E01030215,East Suffolk 027C,Violence and sexual offences,Local resolution,
806fec9903e38587655a08988b6201d5071168d98c3ecb3e82d5cd56f9eb5ba0,2026-06,Suffolk Constabulary,Suffolk Constabulary,1.317191,51.984203,On or near Thurmans Lane,E01030215,East Suffolk 027C,Violence and sexual offences,Under investigation,
4772be95eec961dda8c9eb13aa79c7ff3c7f50f155c994d8be520006eb146fa9,2026-06,Suffolk Constabulary,Suffolk Constabulary,1.315862,51.990662,On or near Jasmine Close,E01030215,East Suffolk 027C,Violence and sexual offences,Unable to prosecute suspect,
064731914290c988c23731c624b30bc38898cc3cdcc97237abea70cd7a79c99b,2026-06,Suffolk Constabulary,Suffolk Constabulary,1.320003,51.979095,On or near High Road,E01030216,East Suffolk 027D,Burglary,Under investigation,
b1a3b5a280831e9c1faa4b50a53597eefda78ad5b6b36ec88ff7182cd3beceb7,2026-06,Suffolk Constabulary,Suffolk Constabulary,1.320003,51.979095,On or near High Road,E01030216,East Suffolk 027D,Criminal damage and arson,Under investigation,
c25ab3161cda621cc4d9f2b91c2774907c5b4e5a7ab4ab585172aace74d9684c,2026-06,Suffolk Constabulary,Suffolk Constabulary,1.318447,51.967312,On or near Nicholas Road,E01030216,East Suffolk 027D,Violence and sexual offences,Under investigation,
42d65e2f7fa33038548eb7b2f7cdd6902d8da99d6819a7a4dea65ca2446e7d55,2026-06,Suffolk Constabulary,Suffolk Constabulary,1.296096,51.990493,On or near Park/Open Space,E01030218,East Suffolk 027F,Public order,Unable to prosecute suspect,
68623f153c8b120f81e147fc336e14addfd0ed5524ccadaa7976cf622ec6267b,2026-06,Suffolk Constabulary,Suffolk Constabulary,1.308368,51.991566,On or near High Hall Close,E01030218,East Suffolk 027F,Violence and sexual offences,Under investigation,
2abedd4855cb2e4b664e61d42924c9a5c8cdc7cf7fd66d5ae2ec1fc560ab41d3,2026-06,Suffolk Constabulary,Suffolk Constabulary,1.308368,51.991566,On or near High Hall Close,E01030218,East Suffolk 027F,Violence and sexual offences,Under investigation,
f5b57ea0fce686871d3e9ac299fcd0f4bfcc6254fe01992abb1e4e5013624ffe,2026-06,Suffolk Constabulary,Suffolk Constabulary,1.368971,51.977533,On or near Ranson Road,E01030158,East Suffolk 028A,Violence and sexual offences,Under investigation,
328663ba4e6173e30c576471d4de4064506ddcec6f353b45bea30e3bdca88af2,2026-06,Suffolk Constabulary,Suffolk Constabulary,1.345999,51.968510,On or near Candlet Grove,E01030159,East Suffolk 028B,Other theft,Under investigation,
3ae0210f971e999fa5c1fa4bb1e0c81883c1e443a7467f9edaba2431246c3d98,2026-06,Suffolk Constabulary,Suffolk Constabulary,1.344779,51.968158,On or near Devon Road,E01030159,East Suffolk 028B,Other theft,Investigation complete; no suspect identified,
e4a5e105db466f99b1ffcff59b7ad82b1f175901553ae76ba2960143852e97da,2026-06,Suffolk Constabulary,Suffolk Constabulary,1.341656,51.969821,On or near Graham Road,E01030159,East Suffolk 028B,Other theft,Under investigation,
3ba206c9d8456bdfe5dd08959290248ecd326bc7bc03ab8f548491b9e96e017e,2026-06,Suffolk Constabulary,Suffolk Constabulary,1.348040,51.967957,On or near High Road West,E01030159,East Suffolk 028B,Shoplifting,Under investigation,
3afc768c2d2bdd9b02c9658007c0eb761ac098bad6dbccd98a8f59986a7a673f,2026-06,Suffolk Constabulary,Suffolk Constabulary,1.342355,51.960240,On or near Bacton Road,E01030164,East Suffolk 028C,Violence and sexual offences,Investigation complete; no suspect identified,
46dd2c2d1c8114a907f7aef180394eb7de0d40a66ed7ec8b97218292fd78d78f,2026-06,Suffolk Constabulary,Suffolk Constabulary,1.346251,51.964851,On or near Eagles Close,E01030164,East Suffolk 028C,Violence and sexual offences,Investigation complete; no suspect identified,
0782ce98e5873955b659e274db82ed03aa1454b144135fc0f6e83883410f35b3,2026-06,Suffolk Constabulary,Suffolk Constabulary,1.353184,51.966642,On or near Shopping Area,E01030166,East Suffolk 028D,Other theft,Under investigation,
aa2e6e0c3aa697f8ecbf7fc4e5470abd2276953cf66549c7b419d0ef5eb7ba38,2026-06,Suffolk Constabulary,Suffolk Constabulary,1.353184,51.966642,On or near Shopping Area,E01030166,East Suffolk 028D,Violence and sexual offences,Under investigation,
d51cf6d97070e9e362fd55d203fd2db6e569ca1e7683940b48357a2f7007dd64,2026-06,Suffolk Constabulary,Suffolk Constabulary,1.359388,51.964315,On or near Bath Road,E01030166,East Suffolk 028D,Other crime,Under investigation,
,2026-06,Suffolk Constabulary,Suffolk Constabulary,1.367472,51.970947,On or near White Horse Close,E01033450,East Suffolk 028E,Anti-social behaviour,,
ccea1e00183387727bfefc2a861641fd0b81ca0465f7b7279c53d4e43a1872ca,2026-06,Suffolk Constabulary,Suffolk Constabulary,1.366233,51.971750,On or near Sports/Recreation Area,E01033450,East Suffolk 028E,Burglary,Under investigation,
84df7ccff49772abe43fc8c1657c5aca377243b3156b43d69e399f3be1f511b2,2026-06,Suffolk Constabulary,Suffolk Constabulary,1.366233,51.971750,On or near Sports/Recreation Area,E01033450,East Suffolk 028E,Other theft,Under investigation,
2f03f7c29e7d2d9e31b445348b4887dc23c858fb9804a8f11701d4f5977219a8,2026-06,Suffolk Constabulary,Suffolk Constabulary,1.371518,51.972468,On or near Monks Close,E01033450,East Suffolk 028E,Other theft,Investigation complete; no suspect identified,
6a6002729e3b725cc1a7c4c16fe713c7eb7616f13cda83689a4acaec6e5bce17,2026-06,Suffolk Constabulary,Suffolk Constabulary,1.359864,51.972423,On or near Colneis Road,E01033450,East Suffolk 028E,Violence and sexual offences,Under investigation,
0739db58f4992ff5112ee694f6a3098c1ebcc102571b21cd2c354baa055bb691,2026-06,Suffolk Constabulary,Suffolk Constabulary,1.356189,51.972546,On or near Links Avenue,E01033450,East Suffolk 028E,Violence and sexual offences,Under investigation,
,2026-06,Suffolk Constabulary,Suffolk Constabulary,1.342725,51.974018,On or near Candlet Road,E01030160,East Suffolk 029A,Anti-social behaviour,,
af258f4c46725e00c8722e4d5f5e29fb3a7bef441e5a18f802a67e5761c264e5,2026-06,Suffolk Constabulary,Suffolk Constabulary,1.337736,51.974492,On or near Ascot Drive,E01030160,East Suffolk 029A,Other theft,Under investigation,
1b36472f60a4d2a4ba3e567bb811ec958e2346a28cd1ddc67652049582345f37,2026-06,Suffolk Constabulary,Suffolk Constabulary,1.338335,51.975096,On or near Treetops,E01030160,East Suffolk 029A,Public order,Unable to prosecute suspect,
b4266aae4d4e8d5549a9c8d623b252608dc587462f0116328e591bf1f8a2570a,2026-06,Suffolk Constabulary,Suffolk Constabulary,1.338574,51.973029,On or near Falcon Street,E01030160,East Suffolk 029A,Public order,Unable to prosecute suspect,
4c4f696a24e58d4d728f42abe3aa7edee5169ce14b15dde4ccb0fe3cfc48d1d7,2026-06,Suffolk Constabulary,Suffolk Constabulary,1.337943,51.972373,On or near Supermarket,E01030160,East Suffolk 029A,Public order,Under investigation,
bbd0faca7325dd0036dfee9835c6e6e950c05472464648b53da4dc11e8a4f9cd,2026-06,Suffolk Constabulary,Suffolk Constabulary,1.342861,51.971531,On or near Recreation Lane,E01030160,East Suffolk 029A,Public order,Under investigation,
2c58f896cd19525a76b30c0882501033cff636959644655425c8afc519c03510,2026-06,Suffolk Constabulary,Suffolk Constabulary,1.340841,51.971202,On or near Supermarket,E01030160,East Suffolk 029A,Shoplifting,Under investigation,
5d5f3d57f6562817cb94ca436a5f669ed1be76fc5430f61b6e6c5a52c37764d8,2026-06,Suffolk Constabulary,Suffolk Constabulary,1.345532,51.971617,On or near Exmoor Road,E01030160,East Suffolk 029A,Violence and sexual offences,Action to be taken by another organisation,
68bb3921d17792191fb563e8798aa76fbe0f83c4ca4a54466f32922c68c192b8,2026-06,Suffolk Constabulary,Suffolk Constabulary,1.338574,51.973029,On or near Falcon Street,E01030160,East Suffolk 029A,Violence and sexual offences,Under investigation,
8d10008cc7fea6d2b74c5653d34f113e2f2ba60ce4edae0cc5089fade8cac528,2026-06,Suffolk Constabulary,Suffolk Constabulary,1.342725,51.974018,On or near Candlet Road,E01030160,East Suffolk 029A,Violence and sexual offences,Under investigation,
5f62b099a4c2be38e929c7a53644ad27333a7d240f221987831766e077e73c44,2026-06,Suffolk Constabulary,Suffolk Constabulary,1.342861,51.971531,On or near Recreation Lane,E01030160,East Suffolk 029A,Violence and sexual offences,Under investigation,
aa55d239bf11d99b173f1bbc61e32a9e0086c97fec65afd3d96b6cf0f6ba6f92,2026-06,Suffolk Constabulary,Suffolk Constabulary,1.337858,51.971035,On or near Crown Street,E01030160,East Suffolk 029A,Violence and sexual offences,Under investigation,
6a03c4ec701653be25252ea2acdc4ffc7d85c0776599d1b12916ca4ce934bc94,2026-06,Suffolk Constabulary,Suffolk Constabulary,1.337943,51.972373,On or near Supermarket,E01030160,East Suffolk 029A,Violence and sexual offences,Under investigation,
73be1abc2f057ec5cbfb9b60c25ee4a259f67e8841638d39b8e95797723872b9,2026-06,Suffolk Constabulary,Suffolk Constabulary,1.339888,51.970339,On or near Cage Lane,E01030160,East Suffolk 029A,Violence and sexual offences,Investigation complete; no suspect identified,
3138c98031bf139bb345b0e8840d49436ce84c0c5a43194aa3beefe8719d6239,2026-06,Suffolk Constabulary,Suffolk Constabulary,1.337943,51.972373,On or near Supermarket,E01030160,East Suffolk 029A,Violence and sexual offences,Under investigation,
57c13b9ba89bbaf1fe00b030e0ae9ce16a76e902ebde0cc26af01b14e40f78f8,2026-06,Suffolk Constabulary,Suffolk Constabulary,1.337943,51.972373,On or near Supermarket,E01030160,East Suffolk 029A,Violence and sexual offences,Under investigation,
209aaebd44ea09f1cfd5b07e9c0000a364cdd0aee0c53adfc505722887cfc613,2026-06,Suffolk Constabulary,Suffolk Constabulary,1.338574,51.973029,On or near Falcon Street,E01030160,East Suffolk 029A,Violence and sexual offences,Under investigation,
fbe31711d48b7e4a899019992d0ec95a54bf6f61aea75156869327dc53ede9b9,2026-06,Suffolk Constabulary,Suffolk Constabulary,1.337858,51.971035,On or near Crown Street,E01030160,East Suffolk 029A,Violence and sexual offences,Under investigation,
b962715b3610da2c301df99befb31e81d80fa677e72091a15fa679c612d0b42c,2026-06,Suffolk Constabulary,Suffolk Constabulary,1.338643,51.968459,On or near Sports/Recreation Area,E01030161,East Suffolk 029B,Criminal damage and arson,Investigation complete; no suspect identified,
7b68f47aac6cfccece5b38f4fc7b925461cce098befca5cc0f0aa67f64bd3c9f,2026-06,Suffolk Constabulary,Suffolk Constabulary,1.332173,51.974488,On or near Hawkes Lane,E01030161,East Suffolk 029B,Other theft,Investigation complete; no suspect identified,
dee26a97efb3bb538bfbc93ae8bfa81d5d002ea5b5a0d10b0e8dc1aaf7357f25,2026-06,Suffolk Constabulary,Suffolk Constabulary,1.330330,51.972813,On or near Walton Hall Drive,E01030161,East Suffolk 029B,Violence and sexual offences,Under investigation,
50029fb4a9d6a20ad4ba9db65ffbcd249574958b4881634377b2c1ca02095ee0,2026-06,Suffolk Constabulary,Suffolk Constabulary,1.332173,51.974488,On or near Hawkes Lane,E01030161,East Suffolk 029B,Violence and sexual offences,Unable to prosecute suspect,
88b1a0d84637f0d39cea252d0d336724f17746b4c72be9e55dea9cf4ce210c7c,2026-06,Suffolk Constabulary,Suffolk Constabulary,1.328997,51.972320,On or near Collett Road,E01030161,East Suffolk 029B,Violence and sexual offences,Awaiting court outcome,
f900b68a1a81816b7f3da842897d9a06e82d9b205195f980626ece0ced3c2a85,2026-06,Suffolk Constabulary,Suffolk Constabulary,1.336023,51.967903,On or near James Boden Close,E01030161,East Suffolk 029B,Violence and sexual offences,Under investigation,
dad8d04f6c62dbd9c8709acc8f69f34bb3f92a8e0b68ce431a5ac0c7a0e5671b,2026-06,Suffolk Constabulary,Suffolk Constabulary,1.326587,51.964366,On or near Petrol Station,E01030168,East Suffolk 029C,Shoplifting,Under investigation,
db405345014801d56afabff238ed0fa7e79aa0fc73954ae9022325709f7ae982,2026-06,Suffolk Constabulary,Suffolk Constabulary,1.326587,51.964366,On or near Petrol Station,E01030168,East Suffolk 029C,Violence and sexual offences,Unable to prosecute suspect,
1e2efe9008831bcdd428ebe911618289efee95c44d27078d92202d8c6cb7a341,2026-06,Suffolk Constabulary,Suffolk Constabulary,1.335131,51.965698,On or near Chestnut Close,E01030168,East Suffolk 029C,Violence and sexual offences,Under investigation,
5f93bccbc8f4d5e0c034147bec5fd44f893d90624486054e05ad48866ac71251,2026-06,Suffolk Constabulary,Suffolk Constabulary,1.333596,51.967774,On or near Beacon Field,E01030168,East Suffolk 029C,Violence and sexual offences,Under investigation,
6977e3f2ee97d6061dd94998fffc49376d444e5f6077b61603e012626e272f75,2026-06,Suffolk Constabulary,Suffolk Constabulary,1.334044,51.965369,On or near Selvale Way,E01030168,East Suffolk 029C,Violence and sexual offences,Under investigation,
3d13f67464cd59e719074b97bdf3816402b0fd8d2e8c43ff1e731c9cfe9c3084,2026-06,Suffolk Constabulary,Suffolk Constabulary,1.333838,51.964763,On or near Supermarket,E01030168,East Suffolk 029C,Other crime,Under investigation,
027cd4e2ed6d6b279acd765eeb754fbff021e05a543e36200898853e6bd3e7cb,2026-06,Suffolk Constabulary,Suffolk Constabulary,1.328543,51.970130,On or near Reedland Way,E01030169,East Suffolk 029D,Criminal damage and arson,Under investigation,
5e25aaf179dbda8a953c03dda2f666231536975a5f040dc836a26ebb9f426aea,2026-06,Suffolk Constabulary,Suffolk Constabulary,1.325364,51.969473,On or near Parking Area,E01030169,East Suffolk 029D,Criminal damage and arson,Under investigation,
3ea6673312e8e3ce3129272b7e8f7aa9da9149142156ed5421d897dfdbacac36,2026-06,Suffolk Constabulary,Suffolk Constabulary,1.324202,51.966565,On or near Brightwell Close,E01030169,East Suffolk 029D,Criminal damage and arson,Unable to prosecute suspect,
2646365cff1e1ef7c969fc350a84281c964676c15fa3579198bfdc4c3541f35e,2026-06,Suffolk Constabulary,Suffolk Constabulary,1.328007,51.971143,On or near Long Field,E01030169,East Suffolk 029D,Drugs,Under investigation,
7fae0fc5ecda687c276be6771f6bd49f09a640d15ac4e68d06c82004deb37a24,2026-06,Suffolk Constabulary,Suffolk Constabulary,1.328007,51.971143,On or near Long Field,E01030169,East Suffolk 029D,Violence and sexual offences,Under investigation,
635afc7788df814da00f7dc6eee2aa5c9438e6f0c06128ddf2b75d27012baf33,2026-06,Suffolk Constabulary,Suffolk Constabulary,1.331005,51.969358,On or near Bredfield Close,E01030169,East Suffolk 029D,Violence and sexual offences,Under investigation,
13eba452ac675cf61b67c659c8ea4c31387c5f13edbecf7f018835c1c4ea68cc,2026-06,Suffolk Constabulary,Suffolk Constabulary,1.325008,51.966839,On or near Hintlesham Drive,E01030169,East Suffolk 029D,Violence and sexual offences,Under investigation,
05f22d6f79e7eaa7061652612d9057a4e68b6121c593d7576ccaf275651d3579,2026-06,Suffolk Constabulary,Suffolk Constabulary,1.326144,51.966447,On or near Darsham Close,E01030169,East Suffolk 029D,Violence and sexual offences,Under investigation,
b90a27ba1dd3141d98bef1d6dc6fef01fad9c93ff23b3d772e8e3cdc92eddca9,2026-06,Suffolk Constabulary,Suffolk Constabulary,1.326144,51.966447,On or near Darsham Close,E01030169,East Suffolk 029D,Violence and sexual offences,Under investigation,
,2026-06,Suffolk Constabulary,Suffolk Constabulary,1.333583,51.959562,On or near Coronation Drive,E01030170,East Suffolk 029E,Anti-social behaviour,,
,2026-06,Suffolk Constabulary,Suffolk Constabulary,1.329941,51.958343,On or near Larksway,E01030170,East Suffolk 029E,Anti-social behaviour,,
c7217c04333f5ee77e2f8382013d04537ffaa3b9f9317f63221bcc01b631b301,2026-06,Suffolk Constabulary,Suffolk Constabulary,1.337055,51.961029,On or near Stour Avenue,E01030170,East Suffolk 029E,Other theft,Under investigation,
fdbf801a232af90206382bb1df2546cd88be4543ded5c717cd4dc6b69655dc3f,2026-06,Suffolk Constabulary,Suffolk Constabulary,1.331102,51.955558,On or near Oaklands,E01030170,East Suffolk 029E,Public order,Under investigation,
,2026-06,Suffolk Constabulary,Suffolk Constabulary,1.348893,51.959865,On or near Wolsey Gardens,E01030162,East Suffolk 030A,Anti-social behaviour,,
1306b194a595a899a1d1e97b881baf976800654b053ab9126ab8eec34023816c,2026-06,Suffolk Constabulary,Suffolk Constabulary,1.350858,51.960250,On or near Bent Hill,E01030162,East Suffolk 030A,Criminal damage and arson,Under investigation,
636e4013fe453ed302de05d70113608bccd57d35c5550bb92939d795fe4d489f,2026-06,Suffolk Constabulary,Suffolk Constabulary,1.348044,51.959412,On or near Convalescent Hill,E01030162,East Suffolk 030A,Criminal damage and arson,Investigation complete; no suspect identified,
6ab4e36dd887d2b9656f72e999115db51a3c007daa5e64db31f5a12a8848edb6,2026-06,Suffolk Constabulary,Suffolk Constabulary,1.350191,51.961267,On or near Stanley Road,E01030162,East Suffolk 030A,Criminal damage and arson,Unable to prosecute suspect,
a2f376832deb3e14476a92881aee42ddc164aa2655f78d62d04198de8c892582,2026-06,Suffolk Constabulary,Suffolk Constabulary,1.350497,51.961456,On or near B1082,E01030162,East Suffolk 030A,Criminal damage and arson,Awaiting court outcome,
250afc26b29571e61357ca0ebf8980c14f83ab1d22f8c0b25f918113624e6d57,2026-06,Suffolk Constabulary,Suffolk Constabulary,1.339162,51.958193,On or near Supermarket,E01030162,East Suffolk 030A,Criminal damage and arson,Investigation complete; no suspect identified,
df462bbaf8b9b40d91bbccebd6e5302e4ee971c0634e430fd5876fd2df4c2c18,2026-06,Suffolk Constabulary,Suffolk Constabulary,1.342071,51.957415,On or near Cavendish Road,E01030162,East Suffolk 030A,Drugs,Under investigation,
8fc1a6cc75dab88f560c38df2c03c04c2ff5a75ed49afa242d616ad272af0233,2026-06,Suffolk Constabulary,Suffolk Constabulary,1.348893,51.959865,On or near Wolsey Gardens,E01030162,East Suffolk 030A,Robbery,Under investigation,
2026663fa6c387c92875bbfd6b8e2c71c8b86ef70005220728e3a5d8df69c566,2026-06,Suffolk Constabulary,Suffolk Constabulary,1.339162,51.958193,On or near Supermarket,E01030162,East Suffolk 030A,Shoplifting,Under investigation,
44dd7544acd9b84f66ee9200590b5a7328ea0a3956d419e4d1e1d31695211c75,2026-06,Suffolk Constabulary,Suffolk Constabulary,1.339162,51.958193,On or near Supermarket,E01030162,East Suffolk 030A,Shoplifting,Local resolution,
b94bf09c913373e55d3d3b07dd0f92ad3bdc4b32dea86be486bc499717512b9e,2026-06,Suffolk Constabulary,Suffolk Constabulary,1.342071,51.957415,On or near Cavendish Road,E01030162,East Suffolk 030A,Violence and sexual offences,Action to be taken by another organisation,
b4804ae99d08367a56d8d0e8918c3663972f76959bd7e424cb01b1158e1db86a,2026-06,Suffolk Constabulary,Suffolk Constabulary,1.343151,51.957636,On or near Granville Road,E01030162,East Suffolk 030A,Violence and sexual offences,Under investigation,
4491a3c8587dacb8aedead27d84bfaef831befaca4af1dc8bc09ada66da8aef7,2026-06,Suffolk Constabulary,Suffolk Constabulary,1.350497,51.961456,On or near B1082,E01030162,East Suffolk 030A,Violence and sexual offences,Under investigation,
,2026-06,Suffolk Constabulary,Suffolk Constabulary,1.335872,51.952356,On or near Beach Station Road,E01030163,East Suffolk 030B,Anti-social behaviour,,
,2026-06,Suffolk Constabulary,Suffolk Constabulary,1.336936,51.953540,On or near Langer Road,E01030163,East Suffolk 030B,Anti-social behaviour,,
,2026-06,Suffolk Constabulary,Suffolk Constabulary,1.340993,51.954468,On or near Sea Road,E01030163,East Suffolk 030B,Anti-social behaviour,,
ce80cfdc5d1de9f0f978b4904ef4d95fc3751eaf8c509c798ad663a62437e903,2026-06,Suffolk Constabulary,Suffolk Constabulary,1.330136,51.944289,On or near Parking Area,E01030163,East Suffolk 030B,Criminal damage and arson,Under investigation,
01b2ab69e9bab178ca59564288700177b1264288d8410aac24dc13728f1a0498,2026-06,Suffolk Constabulary,Suffolk Constabulary,1.335651,51.951139,On or near Orford Road,E01030163,East Suffolk 030B,Possession of weapons,Under investigation,
fbe85d7780248e58c99d2bb95a649efe385e242fabfc39da222292633203ce76,2026-06,Suffolk Constabulary,Suffolk Constabulary,1.330136,51.944289,On or near Parking Area,E01030163,East Suffolk 030B,Possession of weapons,Awaiting court outcome,
d305ec8b6bd0260b3a88b29e9cdaa68ec9b8b555c1a8188ca61ca126d21ac68d,2026-06,Suffolk Constabulary,Suffolk Constabulary,1.346398,51.958434,On or near Parking Area,E01030163,East Suffolk 030B,Public order,Under investigation,
23c1bb73b83d9abdccae7e5a7911bbc9abd67ef5318bec6a181430bec5a3acc9,2026-06,Suffolk Constabulary,Suffolk Constabulary,1.344119,51.957536,On or near Parking Area,E01030163,East Suffolk 030B,Public order,Under investigation,
a3d6bcbbb4ad51e096f50cd6e3da11c708fbc798d1e788733dbce1715aaa8c7f,2026-06,Suffolk Constabulary,Suffolk Constabulary,1.346398,51.958434,On or near Parking Area,E01030163,East Suffolk 030B,Theft from the person,Under investigation,
372fb9ec53530586c009746701b71136ab1b555268f116362b895514a0b0727b,2026-06,Suffolk Constabulary,Suffolk Constabulary,1.336936,51.953540,On or near Langer Road,E01030163,East Suffolk 030B,Vehicle crime,Under investigation,
73d6a538052d8a55cefe696cc058cd22eaeea92839cc7b10ffc382e58acb64a5,2026-06,Suffolk Constabulary,Suffolk Constabulary,1.329893,51.947102,On or near Grebe Close,E01030163,East Suffolk 030B,Violence and sexual offences,Unable to prosecute suspect,
03981cd9dccd423b422deb4a35577676494dcc17c545cb890d8d20a022eae5ff,2026-06,Suffolk Constabulary,Suffolk Constabulary,1.329893,51.947102,On or near Grebe Close,E01030163,East Suffolk 030B,Violence and sexual offences,Unable to prosecute suspect,
9822e7d3431e2788a3adde2074c60080506fe4e89f4f5d1cc5c5e26c1d182c7e,2026-06,Suffolk Constabulary,Suffolk Constabulary,1.341249,51.956530,On or near Russell Road,E01030163,East Suffolk 030B,Violence and sexual offences,Under investigation,
892a956917f08bd0ad71578efa980b536ba0ad909a25d18f64c4f80e124b339a,2026-06,Suffolk Constabulary,Suffolk Constabulary,1.338525,51.953765,On or near St Edmund'S Road,E01030163,East Suffolk 030B,Violence and sexual offences,Under investigation,
6b372fbdf65df472426bb68256ce7beee758c9762242cdaadfa7380f80021dd2,2026-06,Suffolk Constabulary,Suffolk Constabulary,1.334769,51.952009,On or near Nacton Road,E01030163,East Suffolk 030B,Violence and sexual offences,Under investigation,
cce1a79f89486c19af0220c7480597f374c003b2302450fd1e73e112d28ecbcd,2026-06,Suffolk Constabulary,Suffolk Constabulary,1.330827,51.947336,On or near Bittern Close,E01030163,East Suffolk 030B,Violence and sexual offences,Under investigation,
d49d411076145188366960cc980442cc9f35c43b777767905b7ab96ac17d6979,2026-06,Suffolk Constabulary,Suffolk Constabulary,1.336936,51.953540,On or near Langer Road,E01030163,East Suffolk 030B,Violence and sexual offences,Under investigation,
1a57933ded4cc8bb312b0444acdd0fd41c5bfd94831c11dba2667e2201f4642e,2026-06,Suffolk Constabulary,Suffolk Constabulary,1.330827,51.947336,On or near Bittern Close,E01030163,East Suffolk 030B,Violence and sexual offences,Under investigation,
4423fbb7a78bc02ffab3d620080c4e07a84e6dfc255cd9026de199f004b089fc,2026-06,Suffolk Constabulary,Suffolk Constabulary,1.327188,51.947322,On or near Adastral Close,E01030163,East Suffolk 030B,Violence and sexual offences,Under investigation,
cbbf50591afc49ef81129d724b808063525ac13f9f6b382f99db1bcea4d6a5c7,2026-06,Suffolk Constabulary,Suffolk Constabulary,1.336936,51.953540,On or near Langer Road,E01030163,East Suffolk 030B,Violence and sexual offences,Under investigation,
df8bcb648ca964471174854b0af162e011c71df038dbfa229d8fee1d676c7bc1,2026-06,Suffolk Constabulary,Suffolk Constabulary,1.341249,51.956530,On or near Russell Road,E01030163,East Suffolk 030B,Violence and sexual offences,Under investigation,
e533b84b18d18b6290feebd71c300856ae0c8336ef6c3eac348fdda790afa77a,2026-06,Suffolk Constabulary,Suffolk Constabulary,1.344119,51.957536,On or near Parking Area,E01030163,East Suffolk 030B,Violence and sexual offences,Under investigation,
210d4feccb204ccf983859f2b23ec3b27b4e119192256dbfbca42f22d74fdbb4,2026-06,Suffolk Constabulary,Suffolk Constabulary,1.326526,51.948015,On or near Schneider Close,E01030163,East Suffolk 030B,Violence and sexual offences,Awaiting court outcome,
70b8532129769e512b8a15b26b85ca9ece00cd0dbf412b78d3c294f9ff364efe,2026-06,Suffolk Constabulary,Suffolk Constabulary,1.330136,51.944289,On or near Parking Area,E01030163,East Suffolk 030B,Violence and sexual offences,Unable to prosecute suspect,
c19d1081b64254406a7f287cff9bc76d6351547d34638c7c6a841afc2349954f,2026-06,Suffolk Constabulary,Suffolk Constabulary,1.335651,51.951139,On or near Orford Road,E01030163,East Suffolk 030B,Violence and sexual offences,Unable to prosecute suspect,
,2026-06,Suffolk Constabulary,Suffolk Constabulary,1.350871,51.964720,On or near Penfold Road,E01030165,East Suffolk 030C,Anti-social behaviour,,
5fb1c5ff472a886ee77c58773fc2fe0bcbababf3b9398d36014a990a733aed6d,2026-06,Suffolk Constabulary,Suffolk Constabulary,1.352090,51.962328,On or near Victoria Street,E01030165,East Suffolk 030C,Criminal damage and arson,Investigation complete; no suspect identified,
49b988ef47ef7fa3b46c403bd6217c6e688d2b36a0369147c8272746375e52c3,2026-06,Suffolk Constabulary,Suffolk Constabulary,1.350028,51.964933,On or near Cowley Road,E01030165,East Suffolk 030C,Other theft,Under investigation,
6afb1ce7c5cca241ce4f11f1e482cbb853f6e0bf9da9b4f8f49f0deac7637b2e,2026-06,Suffolk Constabulary,Suffolk Constabulary,1.351408,51.966054,On or near St Andrew'S Road,E01030165,East Suffolk 030C,Other theft,Under investigation,
94474e18e50546485876302e3b8427112d63a34f28424ea1e2b8427c521b0a10,2026-06,Suffolk Constabulary,Suffolk Constabulary,1.354294,51.965117,On or near Gainsborough Road,E01030165,East Suffolk 030C,Other theft,Under investigation,
9619eed0f2bdc14c6d1d28e92e3fedb1d1e0606575a8b89393160e221a13ad4f,2026-06,Suffolk Constabulary,Suffolk Constabulary,1.353645,51.962086,On or near Parking Area,E01030165,East Suffolk 030C,Other theft,Under investigation,
34f376c7b95e7b78ceeba6b3f8d9123a77bd680e92d2df661f9b7c3fc9aef5cb,2026-06,Suffolk Constabulary,Suffolk Constabulary,1.351739,51.963661,On or near Cobbold Road,E01030165,East Suffolk 030C,Other theft,Under investigation,
28a4c0763d3646f9ff97fc27175d338bd26560a5200ece485f321194fa1d09df,2026-06,Suffolk Constabulary,Suffolk Constabulary,1.351739,51.963661,On or near Cobbold Road,E01030165,East Suffolk 030C,Shoplifting,Investigation complete; no suspect identified,
15a50fc1f234fb2358742dfb273cef91664313b7defccd1e544a8751311dd1a3,2026-06,Suffolk Constabulary,Suffolk Constabulary,1.352090,51.962328,On or near Victoria Street,E01030165,East Suffolk 030C,Shoplifting,Under investigation,
24c432456d90d9ba15763c9a7b8b633afe5b102fa0ad2f15649896f9dd78c72d,2026-06,Suffolk Constabulary,Suffolk Constabulary,1.351739,51.963661,On or near Cobbold Road,E01030165,East Suffolk 030C,Shoplifting,Investigation complete; no suspect identified,
bacca915f92c88d2d58d8fd85464361db439da3809b42b2dac30efa49fba5545,2026-06,Suffolk Constabulary,Suffolk Constabulary,1.352090,51.962328,On or near Victoria Street,E01030165,East Suffolk 030C,Shoplifting,Under investigation,
a248c98b4605b8314617c7a1378b6c990c2204afa5ae6fea2da5ddb485b29ece,2026-06,Suffolk Constabulary,Suffolk Constabulary,1.351820,51.963973,On or near Hamilton Road,E01030165,East Suffolk 030C,Shoplifting,Investigation complete; no suspect identified,
edeef1844c3ee78fab77a28cc55c009cd1ba803ca4d5dccb3c999a26fe26e186,2026-06,Suffolk Constabulary,Suffolk Constabulary,1.351739,51.963661,On or near Cobbold Road,E01030165,East Suffolk 030C,Violence and sexual offences,Under investigation,
01425b0b0537a4150f53e2f66cbf0ba3700c06190491037264d8188036bb3986,2026-06,Suffolk Constabulary,Suffolk Constabulary,1.349855,51.962023,On or near Parking Area,E01030165,East Suffolk 030C,Violence and sexual offences,Under investigation,
,2026-06,Suffolk Constabulary,Suffolk Constabulary,1.359257,51.962367,On or near Bath Hill,E01030167,East Suffolk 030D,Anti-social behaviour,,
7dbc5c944330981409da32ea8fdf62e650a7571ec9a720b420d45a8603b07bca,2026-06,Suffolk Constabulary,Suffolk Constabulary,0.095278,52.579259,On or near Elm Road,E01018081,Fenland 005A,Violence and sexual offences,Under investigation,
4649f9bdb2f63458f57a011840eef18dc56fafd3885f90d843064a8d29900b8f,2026-06,Suffolk Constabulary,Suffolk Constabulary,-3.051189,53.210351,On or near Wepre Brook Gardens,W01000283,Flintshire 008E,Violence and sexual offences,Under investigation,
1ad1e6408d8cc1258c17c2266a12669849063fb0439fc5fc18277198d1469fcf,2026-06,Suffolk Constabulary,Suffolk Constabulary,1.737593,52.607867,On or near Theme/Adventure Park,E01026626,Great Yarmouth 006E,Violence and sexual offences,Under investigation,
15acc7f342a62cc15c49de1473d6035f47fa24a3c981cc0f5eceed5b6a052f4e,2026-06,Suffolk Constabulary,Suffolk Constabulary,1.716583,52.599044,On or near Thamesfield Way,E01026634,Great Yarmouth 007C,Drugs,Under investigation,
8633d5ab7867c64a9e2e35b688a2b6b1c2eb199db198c4eee5628e982d7c0f5b,2026-06,Suffolk Constabulary,Suffolk Constabulary,1.717980,52.561672,On or near Hospital,E01026617,Great Yarmouth 011A,Criminal damage and arson,Offender given a caution,
907ec95a2d1f0f213548e643bf6c453a80b02ef365ffff09576e4ae009ede238,2026-06,Suffolk Constabulary,Suffolk Constabulary,-1.557410,53.981242,On or near College Road,E01027717,Harrogate 020E,Violence and sexual offences,Under investigation,
02b41bb0a61e0e7f93bff7b0ce2705ab11176c0a3b1fa3b4d0c5052b951a25cc,2026-06,Suffolk Constabulary,Suffolk Constabulary,0.534583,50.875772,On or near Silvan Road,E01020996,Hastings 003D,Violence and sexual offences,Under investigation,
6b6df39ad8ecb4947a93077e4bfbfa1825d9e5bb2bd1ddd3d9ac72550029f50a,2026-06,Suffolk Constabulary,Suffolk Constabulary,0.215388,51.594917,On or near Yelverton Close,E01002310,Havering 006B,Violence and sexual offences,Under investigation,
0c20e95fa169994a9dcb5416433923d9c066cc120213564ce93d3908c0062548,2026-06,Suffolk Constabulary,Suffolk Constabulary,0.230521,51.554558,On or near Clement Way,E01002292,Havering 022C,Other crime,Under investigation,
dbd2b81c9762b81395c8a6d8b41efb5762b37847ae5f2fe932cda0a98983606f,2026-06,Suffolk Constabulary,Suffolk Constabulary,-2.972962,52.197011,On or near Fishpools,E01014056,Herefordshire 006E,Other theft,Under investigation,
46fe4bbbea323a59179a57ce269dc881b1af1994187de8b10da4ea4e79ebef3f,2026-06,Suffolk Constabulary,Suffolk Constabulary,-0.294331,52.492799,On or near Meadow Close,E01018201,Huntingdonshire 002D,Violence and sexual offences,Under investigation,
2b00c0c58b8720bd7127becc5483b0f0f76853aa983a210bc33c84e322d5c391,2026-06,Suffolk Constabulary,Suffolk Constabulary,1.132990,52.081025,On or near Arnold Close,E01030032,Ipswich 001A,Bicycle theft,Investigation complete; no suspect identified,
8d3b6ce8a8f58bd2f4133b9fbce210601069c198de3a7f01f2c6ce4ed0b82c24,2026-06,Suffolk Constabulary,Suffolk Constabulary,1.127437,52.082612,On or near Shakespeare Road,E01030032,Ipswich 001A,Criminal damage and arson,Local resolution,
f4a10f05d269e9895819185bf8957a494d2afbddf3b482ef68f5295fa9c92b3f,2026-06,Suffolk Constabulary,Suffolk Constabulary,1.128997,52.080295,On or near Burns Road,E01030032,Ipswich 001A,Violence and sexual offences,Under investigation,
2aaca5f1b210ad29203cf49c854fe4b397195675f2306b87990dd65762e22c12,2026-06,Suffolk Constabulary,Suffolk Constabulary,1.128997,52.080295,On or near Burns Road,E01030032,Ipswich 001A,Violence and sexual offences,Unable to prosecute suspect,
4bc4d241fb21ed63736895aa12189ca69cb31cd73e60a7b57946eb7b4b35653e,2026-06,Suffolk Constabulary,Suffolk Constabulary,1.128378,52.083540,On or near Goldsmith Road,E01030032,Ipswich 001A,Violence and sexual offences,Investigation complete; no suspect identified,
09515cae77ba1dcb3f9f83462d1660797425cbcc9c05bd99d2459762045b35df,2026-06,Suffolk Constabulary,Suffolk Constabulary,1.128997,52.080295,On or near Burns Road,E01030032,Ipswich 001A,Other crime,Further investigation is not in the public interest,
c12704e7a764c84fe8b4b6cf4f273dc6173f54653605a7dfec43f45cfed6e19a,2026-06,Suffolk Constabulary,Suffolk Constabulary,1.126138,52.080946,On or near Wordsworth Crescent,E01030032,Ipswich 001A,Other crime,Under investigation,
84bddc154269ed1fbf0566a96f2c3c24ded180862fbf4e18feb50c458e38f7f5,2026-06,Suffolk Constabulary,Suffolk Constabulary,1.143649,52.081065,On or near Palmcroft Close,E01030033,Ipswich 001B,Other theft,Unable to prosecute suspect,
cac9fb1096111ea67ef99598673d2ab3ac40fa8780c345f25f29b0d70ae325ee,2026-06,Suffolk Constabulary,Suffolk Constabulary,1.143649,52.081065,On or near Palmcroft Close,E01030033,Ipswich 001B,Violence and sexual offences,Unable to prosecute suspect,
9523b56993631cebc4ccbc1fa1374baab50c9b68c5210b159cdfc2f9694a3022,2026-06,Suffolk Constabulary,Suffolk Constabulary,1.142881,52.080114,On or near Congreve Road,E01030033,Ipswich 001B,Violence and sexual offences,Under investigation,
a209b95759553c99c8f7731a6aef9f7aa8a932980e3fe10219589f400a5a204e,2026-06,Suffolk Constabulary,Suffolk Constabulary,1.146071,52.082493,On or near Supermarket,E01030033,Ipswich 001B,Violence and sexual offences,Awaiting court outcome,
1199d89ba6229ece781e1536d5a18c9abcfd4019560164a65f510e78979d50dd,2026-06,Suffolk Constabulary,Suffolk Constabulary,1.145317,52.081740,On or near Palmcroft Road,E01030033,Ipswich 001B,Violence and sexual offences,Unable to prosecute suspect,
b909fcc6103865eb6530a8d36ae796944f3ff1ed567545dc4cf0a49904178e4b,2026-06,Suffolk Constabulary,Suffolk Constabulary,1.143649,52.081065,On or near Palmcroft Close,E01030033,Ipswich 001B,Other crime,Unable to prosecute suspect,
,2026-06,Suffolk Constabulary,Suffolk Constabulary,1.143056,52.089868,On or near Thurleston Lane,E01030034,Ipswich 001C,Anti-social behaviour,,
,2026-06,Suffolk Constabulary,Suffolk Constabulary,1.143056,52.089868,On or near Thurleston Lane,E01030034,Ipswich 001C,Anti-social behaviour,,
3d16b2336315db49ad6802f6d54a3c15bf051ed578823878ad2a67a375359578,2026-06,Suffolk Constabulary,Suffolk Constabulary,1.144587,52.084646,On or near Chepstow Road,E01030034,Ipswich 001C,Violence and sexual offences,Under investigation,
,2026-06,Suffolk Constabulary,Suffolk Constabulary,1.116143,52.085372,On or near Shopping Area,E01030035,Ipswich 001D,Anti-social behaviour,,
,2026-06,Suffolk Constabulary,Suffolk Constabulary,1.119681,52.086109,On or near Whitton Lane,E01030035,Ipswich 001D,Anti-social behaviour,,
,2026-06,Suffolk Constabulary,Suffolk Constabulary,1.122939,52.086140,On or near Old Norwich Road,E01030035,Ipswich 001D,Anti-social behaviour,,
,2026-06,Suffolk Constabulary,Suffolk Constabulary,1.129561,52.086054,On or near Whitton Church Lane,E01030035,Ipswich 001D,Anti-social behaviour,,
,2026-06,Suffolk Constabulary,Suffolk Constabulary,1.133115,52.086355,On or near Akenham Close,E01030035,Ipswich 001D,Anti-social behaviour,,
1ae69e48578f06c49006bb47139d059c3aa34ecfffbbca91b8ecbebf518dce00,2026-06,Suffolk Constabulary,Suffolk Constabulary,1.130678,52.085125,On or near Byron Road,E01030035,Ipswich 001D,Criminal damage and arson,Under investigation,
c03d0c2a1bfb01125d9e69939bb35bab21ec288aff32722bc8cd8a370d7dc811,2026-06,Suffolk Constabulary,Suffolk Constabulary,1.118882,52.086373,On or near Whitton Lane,E01030035,Ipswich 001D,Drugs,Unable to prosecute suspect,
b9f09b84b6fe033bd4cb1e455ce92a88c1e5504b16cdf6e87fe80c0ae26b267b,2026-06,Suffolk Constabulary,Suffolk Constabulary,1.118712,52.084983,On or near Shopping Area,E01030035,Ipswich 001D,Other theft,Under investigation,
377e473f7f9acddb63fce2b6e49d95610c81dacafdf5c4dbbfcdecb6b0332d78,2026-06,Suffolk Constabulary,Suffolk Constabulary,1.118712,52.084983,On or near Shopping Area,E01030035,Ipswich 001D,Other theft,Under investigation,
5c3bcab43cd65afce97282a773733a2c9b648f888275c76efcc18d930109413e,2026-06,Suffolk Constabulary,Suffolk Constabulary,1.122939,52.086140,On or near Old Norwich Road,E01030035,Ipswich 001D,Public order,Action to be taken by another organisation,
c0be605777663f71faf268dfd4616ea92c5d9b737d4a75ea1c8c83153a916653,2026-06,Suffolk Constabulary,Suffolk Constabulary,1.116769,52.084333,On or near Anglia Parkway South,E01030035,Ipswich 001D,Public order,Under investigation,
2c715c2e273d21585ceb98fc693d2bd7e198c9f44bfc7c6a4df069e350befe07,2026-06,Suffolk Constabulary,Suffolk Constabulary,1.118774,52.086286,On or near Anglia Parkway North,E01030035,Ipswich 001D,Public order,Under investigation,
e5bd14e009290069e4b0ea8e1b43e2797cef07904875a03ffd697c8c5c30ed32,2026-06,Suffolk Constabulary,Suffolk Constabulary,1.118712,52.084983,On or near Shopping Area,E01030035,Ipswich 001D,Shoplifting,Investigation complete; no suspect identified,
3adfd841b14fcfcd67e9a63d8b7cdaf1ff47eb98e0e560ed50830cd4e6ff02e1,2026-06,Suffolk Constabulary,Suffolk Constabulary,1.118712,52.084983,On or near Shopping Area,E01030035,Ipswich 001D,Shoplifting,Investigation complete; no suspect identified,
49e61c22189cba063b8f9849640f98cc28c1edf8b275755c62a1f7f3a896b5a2,2026-06,Suffolk Constabulary,Suffolk Constabulary,1.118712,52.084983,On or near Shopping Area,E01030035,Ipswich 001D,Shoplifting,Investigation complete; no suspect identified,
ea0e36c6f328377af3941142da6043aea3a4395488b3b1c4a24bf5994f397f07,2026-06,Suffolk Constabulary,Suffolk Constabulary,1.118712,52.084983,On or near Shopping Area,E01030035,Ipswich 001D,Shoplifting,Under investigation,
01927dd7ceca6041cf60d240c5800de06a5d385a05d61461e74b5bfdfb3833e6,2026-06,Suffolk Constabulary,Suffolk Constabulary,1.118712,52.084983,On or near Shopping Area,E01030035,Ipswich 001D,Shoplifting,Awaiting court outcome,
b6e00f9c02afc02732b8baa0e1478d82a520c1a5fb8bfdd59edd3b8f68d56d09,2026-06,Suffolk Constabulary,Suffolk Constabulary,1.118712,52.084983,On or near Shopping Area,E01030035,Ipswich 001D,Shoplifting,Under investigation,
04353c8ce4abe273b868a41ef994d714187b763971d71cb10c20ec22bcfd5e25,2026-06,Suffolk Constabulary,Suffolk Constabulary,1.118712,52.084983,On or near Shopping Area,E01030035,Ipswich 001D,Shoplifting,Under investigation,
a2fb52e40b9936164a1707d4839b6dcc7c1f5dc2226d05e1e89a4f487c7c0bff,2026-06,Suffolk Constabulary,Suffolk Constabulary,1.118712,52.084983,On or near Shopping Area,E01030035,Ipswich 001D,Shoplifting,Investigation complete; no suspect identified,
595416a12bf40921d3f9321f39f8b96260cb913851ade3dceb024f04fc73af64,2026-06,Suffolk Constabulary,Suffolk Constabulary,1.118712,52.084983,On or near Shopping Area,E01030035,Ipswich 001D,Violence and sexual offences,Under investigation,
aaf6e547e6b1a11ddb097b3c6ab8075645918db0fca2717f9cfae2b3ff38dc12,2026-06,Suffolk Constabulary,Suffolk Constabulary,1.125236,52.084748,On or near Ballater Close,E01030035,Ipswich 001D,Violence and sexual offences,Under investigation,
02b60821285a2a88095f5a94dabb3975835d48cd354d57c202bf0790483e2c16,2026-06,Suffolk Constabulary,Suffolk Constabulary,1.130678,52.085125,On or near Byron Road,E01030035,Ipswich 001D,Violence and sexual offences,Under investigation,
f01fd9160d13a55c5ebcc891424be65ba02c9f391d4714b8a3ea1addef08ac8f,2026-06,Suffolk Constabulary,Suffolk Constabulary,1.125236,52.084748,On or near Ballater Close,E01030035,Ipswich 001D,Violence and sexual offences,Under investigation,
76d0baa050b3336a4904e88ded9b52653be52a84715e479c340a4049d3f4896f,2026-06,Suffolk Constabulary,Suffolk Constabulary,1.133115,52.086355,On or near Akenham Close,E01030035,Ipswich 001D,Violence and sexual offences,Under investigation,
bde70ef0124df71ea1093e7c24a226e426d4e1f261a9d2f17c813255f0b99535,2026-06,Suffolk Constabulary,Suffolk Constabulary,1.130678,52.085125,On or near Byron Road,E01030035,Ipswich 001D,Violence and sexual offences,Investigation complete; no suspect identified,
3e9a6a7dbfea3d56010010fb5f568e7a338450bb70c406b060e6a39368eb6829,2026-06,Suffolk Constabulary,Suffolk Constabulary,1.134958,52.085775,On or near Carlyle Close,E01030035,Ipswich 001D,Violence and sexual offences,Under investigation,
87e4215ff3533351b82ad3ecc7fbb9d447c22de4f3fd5a9cb15c1028eed48f2a,2026-06,Suffolk Constabulary,Suffolk Constabulary,1.132379,52.084189,On or near Chaucer Road,E01030035,Ipswich 001D,Other crime,Under investigation,
,2026-06,Suffolk Constabulary,Suffolk Constabulary,1.136364,52.081259,On or near Burke Close,E01030036,Ipswich 001E,Anti-social behaviour,,
,2026-06,Suffolk Constabulary,Suffolk Constabulary,1.135901,52.081325,On or near Burke Road,E01030036,Ipswich 001E,Anti-social behaviour,,
,2026-06,Suffolk Constabulary,Suffolk Constabulary,1.135248,52.085327,On or near Homer Close,E01030036,Ipswich 001E,Anti-social behaviour,,
,2026-06,Suffolk Constabulary,Suffolk Constabulary,1.135248,52.085327,On or near Homer Close,E01030036,Ipswich 001E,Anti-social behaviour,,
77d7583e530c504b539ee6b87d07341d6a0a2de97aea201e6046a216f1c4625b,2026-06,Suffolk Constabulary,Suffolk Constabulary,1.135248,52.085327,On or near Homer Close,E01030036,Ipswich 001E,Criminal damage and arson,Unable to prosecute suspect,
8b523021aa2a09fa07c3d9e6ff069c83abafd4d20e7eb2aad8d0ab4e2ba6164d,2026-06,Suffolk Constabulary,Suffolk Constabulary,1.135248,52.085327,On or near Homer Close,E01030036,Ipswich 001E,Other theft,Under investigation,
d285844bca8bdc5c62a6eda46af5e61046c45df980a1ec25746ba2de33e77ddf,2026-06,Suffolk Constabulary,Suffolk Constabulary,1.139619,52.083133,On or near Heathercroft Road,E01030036,Ipswich 001E,Other theft,Investigation complete; no suspect identified,
e3463f0eb3a95c9d1ce45859730307897e4e6b142666d5e5bb4834627e33c425,2026-06,Suffolk Constabulary,Suffolk Constabulary,1.138271,52.082854,On or near Shenstone Drive,E01030036,Ipswich 001E,Other theft,Under investigation,
01e5f62167c568d782f4715075c9ac3deff3109c002cef29314373c12d0d3a4d,2026-06,Suffolk Constabulary,Suffolk Constabulary,1.135774,52.083469,On or near Parnell Road,E01030036,Ipswich 001E,Possession of weapons,Under investigation,
aa8aa35a9ff929b8cf4f535e7f1b0c6e07487b5ea91571109e809a9408f106f6,2026-06,Suffolk Constabulary,Suffolk Constabulary,1.135248,52.085327,On or near Homer Close,E01030036,Ipswich 001E,Robbery,Under investigation,
9609d173b2820d71fa808818c337f934f7f23e881588ba0fa0ed1a439b5a6f10,2026-06,Suffolk Constabulary,Suffolk Constabulary,1.135248,52.085327,On or near Homer Close,E01030036,Ipswich 001E,Shoplifting,Under investigation,
e8897c94adfd4acacea038601cd053be34537ad79344b8845f703a1a656ff93f,2026-06,Suffolk Constabulary,Suffolk Constabulary,1.138540,52.081696,On or near Kingsley Close,E01030036,Ipswich 001E,Violence and sexual offences,Under investigation,
004d0c94df2cb149c1fe1256422cdb604aeb39acf9aa89afd95a14d70ecb5b23,2026-06,Suffolk Constabulary,Suffolk Constabulary,1.137956,52.083771,On or near Limecroft Close,E01030036,Ipswich 001E,Violence and sexual offences,Under investigation,
0bd2afc2e2b6bca42edf38ae042e757a1e7d518e9be4062930b450c334b5954e,2026-06,Suffolk Constabulary,Suffolk Constabulary,1.135901,52.081325,On or near Burke Road,E01030036,Ipswich 001E,Violence and sexual offences,Unable to prosecute suspect,
42f7b007ec00d5246325aa136355a1dbdb3bb05d010115f9ec9dc53f1df928d3,2026-06,Suffolk Constabulary,Suffolk Constabulary,1.137956,52.083771,On or near Limecroft Close,E01030036,Ipswich 001E,Violence and sexual offences,Under investigation,
37e428deffd392b1bbbb63943fdcac51aade4d5d5df233106ee18bd3c5aec709,2026-06,Suffolk Constabulary,Suffolk Constabulary,1.137956,52.083771,On or near Limecroft Close,E01030036,Ipswich 001E,Violence and sexual offences,Under investigation,
cd1dce68a8de6f4b161c895ecd6854a7cb6a7d1eefc22e9292ef89f678f3ffb8,2026-06,Suffolk Constabulary,Suffolk Constabulary,1.137956,52.083771,On or near Limecroft Close,E01030036,Ipswich 001E,Violence and sexual offences,Under investigation,
91581af3ab1cf6f9de3bdab41981f73ccf7063dc5db45e939e14dd16525baa43,2026-06,Suffolk Constabulary,Suffolk Constabulary,1.137956,52.083771,On or near Limecroft Close,E01030036,Ipswich 001E,Violence and sexual offences,Under investigation,
5df1f59ca83411c8c751b4322a1b23c25fcf5c21d9c441dc016fed6dc7b039cf,2026-06,Suffolk Constabulary,Suffolk Constabulary,1.138540,52.081696,On or near Kingsley Close,E01030036,Ipswich 001E,Other crime,Unable to prosecute suspect,
a081ea0b6f86ab60d66fdf2799bf3b701436d50eaf8a262aa55678e4ad2e94d0,2026-06,Suffolk Constabulary,Suffolk Constabulary,1.138540,52.081696,On or near Kingsley Close,E01030036,Ipswich 001E,Other crime,Under investigation,
d4fba74725870bb18ef227aedc2ba6c47c853553d7212e2c2d69591b89f179b5,2026-06,Suffolk Constabulary,Suffolk Constabulary,1.147364,52.074112,On or near Supermarket,E01029973,Ipswich 002A,Shoplifting,Investigation complete; no suspect identified,
92f383964f748f04a2d2e77727e48d37d2da6a5f42195cb747c53039e3b7f009,2026-06,Suffolk Constabulary,Suffolk Constabulary,1.147364,52.074112,On or near Supermarket,E01029973,Ipswich 002A,Shoplifting,Awaiting court outcome,
c6d46abee2e262d6a32740f8e43f5fed00d4db1f5e54a502a9c7e94f7e16dd42,2026-06,Suffolk Constabulary,Suffolk Constabulary,1.147364,52.074112,On or near Supermarket,E01029973,Ipswich 002A,Shoplifting,Investigation complete; no suspect identified,
ea8c0e192e560d7d80fb4d20a9e342f254cbe18c43d516eef58016d0f4bdfc26,2026-06,Suffolk Constabulary,Suffolk Constabulary,1.147364,52.074112,On or near Supermarket,E01029973,Ipswich 002A,Shoplifting,Under investigation,
0a563a9fae744615abc677d68380d13d3a55604a777c014c5ad6ee502ba62d0a,2026-06,Suffolk Constabulary,Suffolk Constabulary,1.147364,52.074112,On or near Supermarket,E01029973,Ipswich 002A,Shoplifting,Under investigation,
2c83fff1c5b1c4be39424c1b4c62276677f42926cce3cb6810e9e3015bea2e4d,2026-06,Suffolk Constabulary,Suffolk Constabulary,1.147364,52.074112,On or near Supermarket,E01029973,Ipswich 002A,Shoplifting,Awaiting court outcome,
37671dd9426f57ca599b0d032947e1c3f6b28be3440b730a93e395b4187d22b7,2026-06,Suffolk Constabulary,Suffolk Constabulary,1.147364,52.074112,On or near Supermarket,E01029973,Ipswich 002A,Shoplifting,Investigation complete; no suspect identified,
336480d8974f888316e8d909db22ae43e9ade49e8f935ff3a51d94faa3fcc9ca,2026-06,Suffolk Constabulary,Suffolk Constabulary,1.147364,52.074112,On or near Supermarket,E01029973,Ipswich 002A,Shoplifting,Awaiting court outcome,
c1e15ccae9e2f91830a76be6c929ea643096cb520dd072792330e669c843423d,2026-06,Suffolk Constabulary,Suffolk Constabulary,1.147364,52.074112,On or near Supermarket,E01029973,Ipswich 002A,Shoplifting,Under investigation,
846d3713ed59ff212e4b92b688d1bd9c927ee60e5361554469ff5bb946b88f65,2026-06,Suffolk Constabulary,Suffolk Constabulary,1.136467,52.069825,On or near Lower Dales View Road,E01029974,Ipswich 002B,Criminal damage and arson,Investigation complete; no suspect identified,
9eda0ede36e8a595f450b4ea6c2641aa8d5118b0c3221d98365ef0a53dac45d6,2026-06,Suffolk Constabulary,Suffolk Constabulary,1.142513,52.074044,On or near Wharfedale Road,E01029974,Ipswich 002B,Drugs,Under investigation,
97f8c3887b559a98d229dc7270b17b966264ea591670fc52e0341c55f7738ea7,2026-06,Suffolk Constabulary,Suffolk Constabulary,1.135621,52.070666,On or near Mornington Avenue,E01029974,Ipswich 002B,Vehicle crime,Investigation complete; no suspect identified,
476eb35bb109c4038432e50b8bf7887b6897242065816e03a0114f7c34c23d55,2026-06,Suffolk Constabulary,Suffolk Constabulary,1.137517,52.070229,On or near Westholme Road,E01029974,Ipswich 002B,Violence and sexual offences,Under investigation,
b952600f313d798c5a3fb49be895dc82a80ddcb530a5aea99e3671a4d637a2a5,2026-06,Suffolk Constabulary,Suffolk Constabulary,1.137593,52.068815,On or near Kensington Road,E01029974,Ipswich 002B,Violence and sexual offences,Under investigation,
fcf11b6b30ac3ac541b9da5020fc3fb6a7173f909349e2b5a111f8253d752e03,2026-06,Suffolk Constabulary,Suffolk Constabulary,1.137909,52.077908,On or near Willowcroft Road,E01029975,Ipswich 002C,Other theft,Under investigation,
c996cfc2fe484c44ed84c98aa71983c31b471c29b9fbc0765d31800447d0eb5c,2026-06,Suffolk Constabulary,Suffolk Constabulary,1.143456,52.078327,On or near Rosecroft Road,E01029975,Ipswich 002C,Theft from the person,Under investigation,
3dc7e3d6e4db6206a6ceebcd238206979daa67961a68413f037b34ece85db94d,2026-06,Suffolk Constabulary,Suffolk Constabulary,1.136585,52.077332,On or near Pinecroft Road,E01029975,Ipswich 002C,Vehicle crime,Under investigation,
4ab0e5411d4b134869065f18cf2644ce0ad3a0aa17b4ac8ba891d66e1eea3331,2026-06,Suffolk Constabulary,Suffolk Constabulary,1.137817,52.076588,On or near Elmcroft Road,E01029975,Ipswich 002C,Violence and sexual offences,Under investigation,
e050ef5c74e40ccef40a671a085eaa7a0ebabc49895c95629849de25c80a7761,2026-06,Suffolk Constabulary,Suffolk Constabulary,1.138035,52.079901,On or near Supermarket,E01029975,Ipswich 002C,Violence and sexual offences,Under investigation,
b7d4b3e1245c2e8b31802d676ad10d5e0425894cbd7729434cc6b002fd8c081f,2026-06,Suffolk Constabulary,Suffolk Constabulary,1.126598,52.078438,On or near Petrol Station,E01029976,Ipswich 002D,Other theft,Under investigation,
72e98b8fc6261e52688589beae089b09f7c8ef183e418bf33d952dba8906914f,2026-06,Suffolk Constabulary,Suffolk Constabulary,1.127862,52.074290,On or near Castle Road,E01029976,Ipswich 002D,Other theft,Investigation complete; no suspect identified,
a36d7e2d147ca1788af5d676a3b46f36d52d78989ac39f5b3aa16b270071a9fa,2026-06,Suffolk Constabulary,Suffolk Constabulary,1.126598,52.078438,On or near Petrol Station,E01029976,Ipswich 002D,Other theft,Under investigation,
03938c793beda1be18178447bff21d6b73743e473e9a7228a5e340b91c295edd,2026-06,Suffolk Constabulary,Suffolk Constabulary,1.126598,52.078438,On or near Petrol Station,E01029976,Ipswich 002D,Public order,Under investigation,
a9bd9c1f3c357458153c68cfd11a3b0638525138362b2cf5cd02b4b45838689c,2026-06,Suffolk Constabulary,Suffolk Constabulary,1.126598,52.078438,On or near Petrol Station,E01029976,Ipswich 002D,Public order,Under investigation,
e75d749788d86f26d27eab127a0d41f70a7472ffff1e75be57e9b94abe9d3f70,2026-06,Suffolk Constabulary,Suffolk Constabulary,1.126865,52.078813,On or near Meredith Road,E01029976,Ipswich 002D,Shoplifting,Awaiting court outcome,
1d952cde90e65df0b99276e7f608d2d9d69065f33ad6793a1f52cacbfb86164e,2026-06,Suffolk Constabulary,Suffolk Constabulary,1.126865,52.078813,On or near Meredith Road,E01029976,Ipswich 002D,Shoplifting,Awaiting court outcome,
1e4e8bd2fbc29f57d6e554755581e9118c9faf8b10e82b63c35b631385161bc1,2026-06,Suffolk Constabulary,Suffolk Constabulary,1.126865,52.078813,On or near Meredith Road,E01029976,Ipswich 002D,Shoplifting,Under investigation,
f892ea1aec14efe10e9fab6c883d7debdbc867647cd87d350a7bc1ece0b5c814,2026-06,Suffolk Constabulary,Suffolk Constabulary,1.126865,52.078813,On or near Meredith Road,E01029976,Ipswich 002D,Shoplifting,Awaiting court outcome,
b71c31164cc63f9608454804b9fc1143b837ed8639fb4f7b22addc5aff616670,2026-06,Suffolk Constabulary,Suffolk Constabulary,1.126865,52.078813,On or near Meredith Road,E01029976,Ipswich 002D,Shoplifting,Awaiting court outcome,
1d144bdae4a1d2c6278fcfa9bf331015744bbc3d345d124ea38a658227f54aa2,2026-06,Suffolk Constabulary,Suffolk Constabulary,1.127872,52.078607,On or near Supermarket,E01029976,Ipswich 002D,Shoplifting,Offender given a caution,
f6feb7987052838129a96814ed3938cd9143d8af121a7a2f68d387efe0a2837b,2026-06,Suffolk Constabulary,Suffolk Constabulary,1.127872,52.078607,On or near Supermarket,E01029976,Ipswich 002D,Shoplifting,Under investigation,
9d5758e71258531fe81020794ba581bf07d5ff359780a9a91fef632d57998192,2026-06,Suffolk Constabulary,Suffolk Constabulary,1.126865,52.078813,On or near Meredith Road,E01029976,Ipswich 002D,Shoplifting,Awaiting court outcome,
cd5a4f9fd9a042b1364bc0fb205dae7fdee38aad973bec3cc38e36782197b0de,2026-06,Suffolk Constabulary,Suffolk Constabulary,1.130495,52.076244,On or near Mansfield Avenue,E01029976,Ipswich 002D,Violence and sexual offences,Under investigation,
34e57df4d0222725ffb7fe7bf2c3d9b1b828b91f7ac95b440dbe9cc1e69e075c,2026-06,Suffolk Constabulary,Suffolk Constabulary,1.130443,52.076964,On or near Chesterfield Drive,E01029976,Ipswich 002D,Violence and sexual offences,Under investigation,
015fa4871ae446dc4bd5a7105a598216f139bdf145b6e654a9f02f12efffdf1d,2026-06,Suffolk Constabulary,Suffolk Constabulary,1.130495,52.076244,On or near Mansfield Avenue,E01029976,Ipswich 002D,Violence and sexual offences,Under investigation,
937abc0c8d937876d9250019cd15a7b0f8d4219b5d7f6cf00c5cb94c0760cf3c,2026-06,Suffolk Constabulary,Suffolk Constabulary,1.126598,52.078438,On or near Petrol Station,E01029976,Ipswich 002D,Violence and sexual offences,Investigation complete; no suspect identified,
f49a946c36bda9e49e1b95500f81ba7e9a146f88d60e3bf8fd89356a790e1103,2026-06,Suffolk Constabulary,Suffolk Constabulary,1.126598,52.078438,On or near Petrol Station,E01029976,Ipswich 002D,Violence and sexual offences,Investigation complete; no suspect identified,
3001638d60f9ab4a9215c4d47850f7216de7b78966bd142f4c5150390ecf52d3,2026-06,Suffolk Constabulary,Suffolk Constabulary,1.126448,52.075991,On or near Broadway Lane,E01029976,Ipswich 002D,Violence and sexual offences,Under investigation,
c82f657e7db0054cf971e0b8800e7092576d85a9bdc66757ee38ae7c9fa8b5ab,2026-06,Suffolk Constabulary,Suffolk Constabulary,1.126448,52.075991,On or near Broadway Lane,E01029976,Ipswich 002D,Violence and sexual offences,Under investigation,
04ec629a0812725e07371a5ec9517c50c24e1b8528f34c6076dd64e4899342e6,2026-06,Suffolk Constabulary,Suffolk Constabulary,1.130495,52.076244,On or near Mansfield Avenue,E01029976,Ipswich 002D,Violence and sexual offences,Under investigation,
877714d8f2926158c08a278454648b7e0fbe81ada0b8f3cdd1e15b4bb51ecc65,2026-06,Suffolk Constabulary,Suffolk Constabulary,1.130495,52.076244,On or near Mansfield Avenue,E01029976,Ipswich 002D,Violence and sexual offences,Under investigation,
,2026-06,Suffolk Constabulary,Suffolk Constabulary,1.135150,52.076021,On or near Beechcroft Road,E01029977,Ipswich 002E,Anti-social behaviour,,
33e59714be69a0270fc6e7ad6fb8f4021c1ca240fc78c0d03d27415e261753e0,2026-06,Suffolk Constabulary,Suffolk Constabulary,1.137649,52.071700,On or near Silverdale Close,E01029977,Ipswich 002E,Burglary,Investigation complete; no suspect identified,
0fc344a01f229510fe8f1d83cecda0ce728793c1a5eea4f18fe65d12168a41e6,2026-06,Suffolk Constabulary,Suffolk Constabulary,1.137649,52.071700,On or near Silverdale Close,E01029977,Ipswich 002E,Violence and sexual offences,Under investigation,
82e8d9cca9ff25d7b74212c5973528678a7c2f34905b316bba7768b8b2a4cd2e,2026-06,Suffolk Constabulary,Suffolk Constabulary,1.133557,52.074121,On or near St Raphael Court,E01029977,Ipswich 002E,Other crime,Under investigation,
,2026-06,Suffolk Constabulary,Suffolk Constabulary,1.119592,52.066847,On or near Jovian Way,E01030027,Ipswich 003A,Anti-social behaviour,,
917aeabed6e4289030b6a6aac35a719b502cfa492e45e16bc58b3c501f69712d,2026-06,Suffolk Constabulary,Suffolk Constabulary,1.124301,52.066560,On or near Quentin Close,E01030027,Ipswich 003A,Possession of weapons,Under investigation,
f54fcf68bb37ebf44811fca793e0b1f96c9eeafc80f71fcb1d910eb439e5c090,2026-06,Suffolk Constabulary,Suffolk Constabulary,1.123741,52.067735,On or near B1067,E01030027,Ipswich 003A,Public order,Unable to prosecute suspect,
9314a3d0676d7f60e9531cc7115d8a1c490cf059dc7e20cd971ae30075bcd803,2026-06,Suffolk Constabulary,Suffolk Constabulary,1.126820,52.068364,On or near Brett Close,E01030027,Ipswich 003A,Public order,Under investigation,
9ff120b61de7054536e379c11eeda7b6d87af8a407b3cc1bd957be57513a6714,2026-06,Suffolk Constabulary,Suffolk Constabulary,1.122208,52.063971,On or near Boss Hall Road,E01030027,Ipswich 003A,Shoplifting,Under investigation,
254b9b0d0d6c28db55684f17b3b987c8ac0c24e2ff66b224dbea5a97fc5377b2,2026-06,Suffolk Constabulary,Suffolk Constabulary,1.120650,52.063392,On or near Supermarket,E01030027,Ipswich 003A,Shoplifting,Under investigation,
f063375e142bc055766b29ba1d7af0bbcb9065e10ff5669a1d4f472bff2f9e3f,2026-06,Suffolk Constabulary,Suffolk Constabulary,1.118113,52.066346,On or near Ganymede Close,E01030027,Ipswich 003A,Shoplifting,Awaiting court outcome,
9bda9dfe63671a1214aaa9f9ef7de1443308cae8bdab112aba498fdebef71a9d,2026-06,Suffolk Constabulary,Suffolk Constabulary,1.120650,52.063392,On or near Supermarket,E01030027,Ipswich 003A,Shoplifting,Investigation complete; no suspect identified,
cb54ba4aca89168e02794048576b14872369bf3f3aeb1b17077ea2eed5b052b0,2026-06,Suffolk Constabulary,Suffolk Constabulary,1.120650,52.063392,On or near Supermarket,E01030027,Ipswich 003A,Shoplifting,Investigation complete; no suspect identified,
2c062720f52d40207a8e727d236242e812a7d346b201b80789c1524655cc29cc,2026-06,Suffolk Constabulary,Suffolk Constabulary,1.118113,52.066346,On or near Ganymede Close,E01030027,Ipswich 003A,Shoplifting,Investigation complete; no suspect identified,
8424a8ed2a25c02cad852aa252e3bb46223fda66dd3ea995d491ab9db3764984,2026-06,Suffolk Constabulary,Suffolk Constabulary,1.120650,52.063392,On or near Supermarket,E01030027,Ipswich 003A,Shoplifting,Under investigation,
b0e178b0542f771450c8158de87cbeb68d55949aa9ef36d1cab83779170ea646,2026-06,Suffolk Constabulary,Suffolk Constabulary,1.118113,52.066346,On or near Ganymede Close,E01030027,Ipswich 003A,Shoplifting,Investigation complete; no suspect identified,
abf2c18350c1ce5963559b27f5c625bb6ad0e4eb36fb57fe6b81aaab8b2cc324,2026-06,Suffolk Constabulary,Suffolk Constabulary,1.115485,52.066542,On or near Europa Way,E01030027,Ipswich 003A,Violence and sexual offences,Unable to prosecute suspect,
1689177f7c762328b89e42b7fb6e1396221f82ae8ee03082520b2becfa5bdfd6,2026-06,Suffolk Constabulary,Suffolk Constabulary,1.115485,52.066542,On or near Europa Way,E01030027,Ipswich 003A,Violence and sexual offences,Unable to prosecute suspect,
12d35dcae1c39e2af542e56c8360fcf9b76aae3fc0e46294e964a804ccc9b814,2026-06,Suffolk Constabulary,Suffolk Constabulary,1.115485,52.066542,On or near Europa Way,E01030027,Ipswich 003A,Violence and sexual offences,Unable to prosecute suspect,
44cc400b01f805acdb6548ec543a8fb35d6325ba43d2dee5bb7684e7be3fa46f,2026-06,Suffolk Constabulary,Suffolk Constabulary,1.123616,52.067199,On or near Dandalan Close,E01030027,Ipswich 003A,Violence and sexual offences,Under investigation,
df7ebc8e43728a0c9f5a26faa46fa8661b41bc8be2733d446fe227aaeaf2f580,2026-06,Suffolk Constabulary,Suffolk Constabulary,1.115485,52.066542,On or near Europa Way,E01030027,Ipswich 003A,Violence and sexual offences,Unable to prosecute suspect,
ad679152f9cf12385a5f1e344601366a446f01030e2b745ec2a9efbcdd5594b9,2026-06,Suffolk Constabulary,Suffolk Constabulary,1.118599,52.066000,On or near Callisto Court,E01030027,Ipswich 003A,Violence and sexual offences,Under investigation,
c7183afab28656a7577e4387277b5403cdb28970253f1f9d700505480885e88f,2026-06,Suffolk Constabulary,Suffolk Constabulary,1.115485,52.066542,On or near Europa Way,E01030027,Ipswich 003A,Violence and sexual offences,Unable to prosecute suspect,
3ca2e87331cbd1cace92e1efb6c1d333bd3c8d6aa86523208ef990fb13e21b9c,2026-06,Suffolk Constabulary,Suffolk Constabulary,1.118599,52.066000,On or near Callisto Court,E01030027,Ipswich 003A,Violence and sexual offences,Under investigation,
49da43f63d0c96db59edd3a4c0c27c77c46c63cdd41ce47233d1206edcea29c4,2026-06,Suffolk Constabulary,Suffolk Constabulary,1.123741,52.067735,On or near B1067,E01030027,Ipswich 003A,Violence and sexual offences,Unable to prosecute suspect,
,2026-06,Suffolk Constabulary,Suffolk Constabulary,1.117938,52.069067,On or near Adair Road,E01030028,Ipswich 003B,Anti-social behaviour,,
85b1a0cd12959499c76ad0939a9d4dd99713dc27d1252b5b1306f8f5ed04ce89,2026-06,Suffolk Constabulary,Suffolk Constabulary,1.116131,52.077074,On or near Lovetofts Drive,E01030028,Ipswich 003B,Criminal damage and arson,Under investigation,
e4f2f89ac028e32053702975b3d41adf0e2a8dbfa820ae1fddcad02e00cadec8,2026-06,Suffolk Constabulary,Suffolk Constabulary,1.113984,52.074541,On or near Aston Close,E01030028,Ipswich 003B,Vehicle crime,Under investigation,
3e16a87a84a71ae70ee1f34795c5148e0bff521e3ee6503092f39add754b6fb6,2026-06,Suffolk Constabulary,Suffolk Constabulary,1.115269,52.070352,On or near Eldred Close,E01030028,Ipswich 003B,Violence and sexual offences,Under investigation,
dfc33260da30f28388ce51d2d6f2971c2a1b03172d74e52fccdb9a622822ac23,2026-06,Suffolk Constabulary,Suffolk Constabulary,1.115269,52.070352,On or near Eldred Close,E01030028,Ipswich 003B,Violence and sexual offences,Under investigation,
4e322863938e307dafc22128bc9b989ebb1bc99922143188664404d4e1d6fd36,2026-06,Suffolk Constabulary,Suffolk Constabulary,1.116131,52.077074,On or near Lovetofts Drive,E01030028,Ipswich 003B,Violence and sexual offences,Under investigation,
6c1ae609d428baf8137070386ab1e7938d5f021d2c1f4e48339829c52ffeb184,2026-06,Suffolk Constabulary,Suffolk Constabulary,1.112800,52.073673,On or near Lotus Close,E01030028,Ipswich 003B,Violence and sexual offences,Under investigation,
bc5bc8e708336269d53d3c3de98c23c810679fb648da6746e6b7a9c97ea0c93f,2026-06,Suffolk Constabulary,Suffolk Constabulary,1.116131,52.077074,On or near Lovetofts Drive,E01030028,Ipswich 003B,Violence and sexual offences,Under investigation,
ff88a966706b4bf1800b26fc3dc6a8a2180eb970dd9c59c2a54a29f224bab490,2026-06,Suffolk Constabulary,Suffolk Constabulary,1.116131,52.077074,On or near Lovetofts Drive,E01030028,Ipswich 003B,Violence and sexual offences,Under investigation,
6cda07b4c70b820a89976ed9f05e6e8e57f9f4c9a243aabbe174dec2961f9ed0,2026-06,Suffolk Constabulary,Suffolk Constabulary,1.116569,52.068896,On or near B1067,E01030028,Ipswich 003B,Violence and sexual offences,Under investigation,
6da0db5ff86ba330efa5eec1ba4aae552166d192128a9b2beaceeb361427cc1a,2026-06,Suffolk Constabulary,Suffolk Constabulary,1.116131,52.077074,On or near Lovetofts Drive,E01030028,Ipswich 003B,Violence and sexual offences,Under investigation,
,2026-06,Suffolk Constabulary,Suffolk Constabulary,1.121514,52.073055,On or near Galway Avenue,E01030029,Ipswich 003C,Anti-social behaviour,,
8497fddf21439886a28e0856e7dade592b65556ea159b4f795c35e50eb498ad3,2026-06,Suffolk Constabulary,Suffolk Constabulary,1.118528,52.076066,On or near Wexford Road,E01030029,Ipswich 003C,Criminal damage and arson,Investigation complete; no suspect identified,
8bb3e522a7ad2dac778e861168afd68cde642c425f28dab6da8a70aeb07e7280,2026-06,Suffolk Constabulary,Suffolk Constabulary,1.121514,52.073055,On or near Galway Avenue,E01030029,Ipswich 003C,Criminal damage and arson,Under investigation,
da75956007e874b8f429f75069d452b579e556e73076ecaeb70a9ea1a44c5192,2026-06,Suffolk Constabulary,Suffolk Constabulary,1.121514,52.073055,On or near Galway Avenue,E01030029,Ipswich 003C,Drugs,Under investigation,
7a081ecccf0463f25b0db1a1a6ad893e7bd11da07ed045d64ccd0268c77edcfe,2026-06,Suffolk Constabulary,Suffolk Constabulary,1.117922,52.075543,On or near Connaught Road,E01030029,Ipswich 003C,Other theft,Under investigation,
46c1386f3138e7ec949644f4a70808614d2745e82ca175fc344366b329a34a52,2026-06,Suffolk Constabulary,Suffolk Constabulary,1.118153,52.074457,On or near Supermarket,E01030029,Ipswich 003C,Other theft,Under investigation,
313c63b2dc05c46a31a9e66e8fdb72cfbb136f767cb694cc8af7bc6114a0e1ea,2026-06,Suffolk Constabulary,Suffolk Constabulary,1.129837,52.073725,On or near Rayleigh Road,E01030029,Ipswich 003C,Other theft,Investigation complete; no suspect identified,
ef2dcdbb2a735d6ad20f3094a74b2dd26c207f913aacc36f8de02f79e5756340,2026-06,Suffolk Constabulary,Suffolk Constabulary,1.131670,52.071769,On or near Deben Road,E01030029,Ipswich 003C,Other theft,Under investigation,
606e931a02a924d488a4d9bdd9307fb7c7d3b87925a6736a195aa6fc4da27015,2026-06,Suffolk Constabulary,Suffolk Constabulary,1.118153,52.074457,On or near Supermarket,E01030029,Ipswich 003C,Shoplifting,Under investigation,
21b7177f766958f3101f839a8ca2a805b6f6a75da38f2a3220dc67acb4193c02,2026-06,Suffolk Constabulary,Suffolk Constabulary,1.118153,52.074457,On or near Supermarket,E01030029,Ipswich 003C,Shoplifting,Under investigation,
6b6ff306dd38d6aedbe5175d54b3b8a827eee587ed1d4866528035c16b2a5d1b,2026-06,Suffolk Constabulary,Suffolk Constabulary,1.118153,52.074457,On or near Supermarket,E01030029,Ipswich 003C,Shoplifting,Awaiting court outcome,
0573a549d2148613b5ba059c8612d6fcc4a3722b66081c414fc23ac70e71b0ad,2026-06,Suffolk Constabulary,Suffolk Constabulary,1.121514,52.073055,On or near Galway Avenue,E01030029,Ipswich 003C,Violence and sexual offences,Under investigation,
314188577192a168b6e44e5238a6b83fb620467c7b79faa2a71f5d2b3957e07b,2026-06,Suffolk Constabulary,Suffolk Constabulary,1.116919,52.075605,On or near Kerry Avenue,E01030029,Ipswich 003C,Violence and sexual offences,Under investigation,
f83aefa8c6f2a3d24d2a519d8abcea480ee2e89719728e90d1baeb4dff8eb6c9,2026-06,Suffolk Constabulary,Suffolk Constabulary,1.116919,52.075605,On or near Kerry Avenue,E01030029,Ipswich 003C,Violence and sexual offences,Under investigation,
ec06736c1b6838527da8858bed157de6eb8f88a306136277593da354af5a7a60,2026-06,Suffolk Constabulary,Suffolk Constabulary,1.121514,52.073055,On or near Galway Avenue,E01030029,Ipswich 003C,Violence and sexual offences,Under investigation,
c0b9675d818fbf8d296b8fd0ee82a96ef14d7a933ea6d7b63821604aaa8b52f5,2026-06,Suffolk Constabulary,Suffolk Constabulary,1.121514,52.073055,On or near Galway Avenue,E01030029,Ipswich 003C,Violence and sexual offences,Under investigation,
1a2934721beb4a4979d3b84bd03ee22d0a18359389bdfa5b163194d0e23c0ceb,2026-06,Suffolk Constabulary,Suffolk Constabulary,1.121514,52.073055,On or near Galway Avenue,E01030029,Ipswich 003C,Violence and sexual offences,Under investigation,
75d0d29e6140cc87bf2e3122b6c20db3ddfaad65379c506d38b842bcee316c56,2026-06,Suffolk Constabulary,Suffolk Constabulary,1.121514,52.073055,On or near Galway Avenue,E01030029,Ipswich 003C,Violence and sexual offences,Under investigation,
176f553dc00b59d3ccf97e5954bf1213371e261ed92bddbfc3d3f759a5ef65ef,2026-06,Suffolk Constabulary,Suffolk Constabulary,1.118528,52.076066,On or near Wexford Road,E01030029,Ipswich 003C,Violence and sexual offences,Under investigation,
f887a3b8db3175d88d22811e007bd8b86c352c64333bd8c91256b536d252f149,2026-06,Suffolk Constabulary,Suffolk Constabulary,1.118528,52.076066,On or near Wexford Road,E01030029,Ipswich 003C,Violence and sexual offences,Under investigation,
b7e5e396320b5d186a38c874e9f31b9270b34dd270cc189887effbdbf5d41a39,2026-06,Suffolk Constabulary,Suffolk Constabulary,1.118153,52.074457,On or near Supermarket,E01030029,Ipswich 003C,Violence and sexual offences,Under investigation,
fac334885a1a2e930eb03473df89b8ea562a28f032a67e10fc81d1ec56a27ea1,2026-06,Suffolk Constabulary,Suffolk Constabulary,1.121514,52.073055,On or near Galway Avenue,E01030029,Ipswich 003C,Violence and sexual offences,Under investigation,
,2026-06,Suffolk Constabulary,Suffolk Constabulary,1.123432,52.069164,On or near Waveney Road,E01030030,Ipswich 003D,Anti-social behaviour,,
,2026-06,Suffolk Constabulary,Suffolk Constabulary,1.123432,52.069164,On or near Waveney Road,E01030030,Ipswich 003D,Anti-social behaviour,,
ab09195224ae10608fa0e02cdcc8fc435efcd751c208cf1b09b355a960dc755d,2026-06,Suffolk Constabulary,Suffolk Constabulary,1.120870,52.070725,On or near Bennett Road,E01030030,Ipswich 003D,Shoplifting,Under investigation,
e5a85279752173bc78130270ce6e4c9bd593fb62774d12987440b5d223738f8f,2026-06,Suffolk Constabulary,Suffolk Constabulary,1.120870,52.070725,On or near Bennett Road,E01030030,Ipswich 003D,Shoplifting,Under investigation,
608f39f937f51b9daf1992be20dd35d2ed3e676a077fd8e5fd4de840820e622d,2026-06,Suffolk Constabulary,Suffolk Constabulary,1.120870,52.070725,On or near Bennett Road,E01030030,Ipswich 003D,Shoplifting,Under investigation,
ccf71b695207cf3b82782919f9567e5ac585989da4ad53a961efa8c524b4739c,2026-06,Suffolk Constabulary,Suffolk Constabulary,1.123731,52.070307,On or near Mumford Road,E01030030,Ipswich 003D,Violence and sexual offences,Under investigation,
204520692e56d813649dc84e6dbe8c62daa1742543012fc98664563a36a80e42,2026-06,Suffolk Constabulary,Suffolk Constabulary,1.123731,52.070307,On or near Mumford Road,E01030030,Ipswich 003D,Violence and sexual offences,Under investigation,
81e4bc6c4e559ad74cb7ea9397a970b90c810b61a903b947542b1248ff9891dd,2026-06,Suffolk Constabulary,Suffolk Constabulary,1.123731,52.070307,On or near Mumford Road,E01030030,Ipswich 003D,Violence and sexual offences,Under investigation,
ab76c928a4e1783d180f80a9cebbf9df0c7b1cbb20a036555696b807d2a3f1ef,2026-06,Suffolk Constabulary,Suffolk Constabulary,1.117217,52.066891,On or near Titan Court,E01030030,Ipswich 003D,Violence and sexual offences,Under investigation,
702adfbefbab7816f098ef2e52eeebadadce7b5b3e1bacedb5b013dcf4ca2172,2026-06,Suffolk Constabulary,Suffolk Constabulary,1.123731,52.070307,On or near Mumford Road,E01030030,Ipswich 003D,Violence and sexual offences,Under investigation,
,2026-06,Suffolk Constabulary,Suffolk Constabulary,1.123159,52.079469,On or near Limerick Close,E01030031,Ipswich 003E,Anti-social behaviour,,
98f394b8097764bac8a7bd9c2fba6c7346622de43c6e4ba0c30850c7c18c3f51,2026-06,Suffolk Constabulary,Suffolk Constabulary,1.118587,52.079429,On or near Wicklow Road,E01030031,Ipswich 003E,Criminal damage and arson,Investigation complete; no suspect identified,
dfa2274f5672731fdf7108ea00c420d6b5aec743da8faf35939d782c7e5a8140,2026-06,Suffolk Constabulary,Suffolk Constabulary,1.118213,52.076992,On or near Kildare Avenue,E01030031,Ipswich 003E,Criminal damage and arson,Under investigation,
6c41bd170c89f73cd78dfde6c967ccf31e52c9c224e487999f69b81fe38496bc,2026-06,Suffolk Constabulary,Suffolk Constabulary,1.118526,52.078135,On or near Donegal Road,E01030031,Ipswich 003E,Public order,Under investigation,
c5b70f99c7b488e97e5fd3144d294cd258330c8615f6fcf9153e5cb44dde9946,2026-06,Suffolk Constabulary,Suffolk Constabulary,1.118526,52.078135,On or near Donegal Road,E01030031,Ipswich 003E,Public order,Unable to prosecute suspect,
71c6e6c9f79d34c910740cf68cb08ba8a09e0ec269f148873d6c3941c0f08e15,2026-06,Suffolk Constabulary,Suffolk Constabulary,1.118213,52.076992,On or near Kildare Avenue,E01030031,Ipswich 003E,Violence and sexual offences,Under investigation,
85677ac69742f518f3661cb64f253c458a0f45ad79899bd552387b3699160a82,2026-06,Suffolk Constabulary,Suffolk Constabulary,1.119987,52.078987,On or near Cavan Road,E01030031,Ipswich 003E,Other crime,Under investigation,
,2026-06,Suffolk Constabulary,Suffolk Constabulary,1.189653,52.070105,On or near Aberdeen Way,E01029998,Ipswich 004B,Anti-social behaviour,,
,2026-06,Suffolk Constabulary,Suffolk Constabulary,1.194242,52.071204,On or near Roxburgh Road,E01029998,Ipswich 004B,Anti-social behaviour,,
ef2d7f93813bee59a06187f69dffef3c7566feb3c27732a5a23e77854a27aed9,2026-06,Suffolk Constabulary,Suffolk Constabulary,1.189068,52.068439,On or near Melrose Gardens,E01029998,Ipswich 004B,Other theft,Investigation complete; no suspect identified,
77c1fdd8309c6a15daa4efa78937ac4c62e30f92af2758726f29c6c9df3e9422,2026-06,Suffolk Constabulary,Suffolk Constabulary,1.191862,52.072213,On or near Ayr Road,E01029998,Ipswich 004B,Vehicle crime,Under investigation,
87af572e2b4a75c5e024477576c67c4f0a5233c61ac638b7b90de4e05e97b650,2026-06,Suffolk Constabulary,Suffolk Constabulary,1.189653,52.070105,On or near Aberdeen Way,E01029998,Ipswich 004B,Vehicle crime,Under investigation,
8261949e66ff7b7cd88a16f60f967a766ca3c1b9086c331f47ad6b0bae2d752a,2026-06,Suffolk Constabulary,Suffolk Constabulary,1.189068,52.068439,On or near Melrose Gardens,E01029998,Ipswich 004B,Violence and sexual offences,Unable to prosecute suspect,
475648056ee3251d8750cc3b83faa494e6a34339ba1efc7b9b1dde816152fa40,2026-06,Suffolk Constabulary,Suffolk Constabulary,1.189692,52.069412,On or near Troon Gardens,E01029998,Ipswich 004B,Violence and sexual offences,Unable to prosecute suspect,
e0b32de838b291aeb749ca2a870732f2956d729b4fe8ad15b8bc0c4dd814a4bc,2026-06,Suffolk Constabulary,Suffolk Constabulary,1.189692,52.069412,On or near Troon Gardens,E01029998,Ipswich 004B,Violence and sexual offences,Unable to prosecute suspect,
0665d7675eb0902630a0b2aa0099f60202ca457e2d462dc7663a6ec7d5a50a68,2026-06,Suffolk Constabulary,Suffolk Constabulary,1.189692,52.069412,On or near Troon Gardens,E01029998,Ipswich 004B,Violence and sexual offences,Unable to prosecute suspect,
614dde02a3c38fb7edc31db5f257737ea5eae3fe9caa784378d8e34fe3726043,2026-06,Suffolk Constabulary,Suffolk Constabulary,1.196112,52.068986,On or near Dumfries Road,E01029998,Ipswich 004B,Violence and sexual offences,Under investigation,
c83a538ced6db805daac132bb69b476875f69a8f065f234b396a6b06833eff20,2026-06,Suffolk Constabulary,Suffolk Constabulary,1.188494,52.069192,On or near Gretna Gardens,E01029998,Ipswich 004B,Violence and sexual offences,Under investigation,
bc53a7503611ed52088a47b639f21ebf9645963b986d55319350907480cf6532,2026-06,Suffolk Constabulary,Suffolk Constabulary,1.196112,52.068986,On or near Dumfries Road,E01029998,Ipswich 004B,Violence and sexual offences,Under investigation,
0ae20e853f17c2360a1942a2e463acb2fd3e9185a4698c4e1ab9ccb336497e55,2026-06,Suffolk Constabulary,Suffolk Constabulary,1.185048,52.067936,On or near Colchester Road,E01029999,Ipswich 004C,Other theft,Under investigation,
16316038e0d75e5c845e79906aadb8ee0232d0c3c6ef052fd7d1701c3b8f88d3,2026-06,Suffolk Constabulary,Suffolk Constabulary,1.179909,52.063398,On or near Stradbroke Road,E01029999,Ipswich 004C,Public order,Under investigation,
aeb876a501736a06d9ad42393d457d18b9cb431cb7a043996695373c50e124b5,2026-06,Suffolk Constabulary,Suffolk Constabulary,1.189272,52.065574,On or near Glenhurst Avenue,E01029999,Ipswich 004C,Violence and sexual offences,Under investigation,
4611039d7e4db90f198128a3b910a3e797eba3ba464fd2f9f8e2fd410eb4b6b8,2026-06,Suffolk Constabulary,Suffolk Constabulary,1.182546,52.063543,On or near Roundwood Road,E01029999,Ipswich 004C,Violence and sexual offences,Under investigation,
d6a147df54f7f536f4ae9600cc5f7ce5af1a14d298957a158fd3e04d2dee773e,2026-06,Suffolk Constabulary,Suffolk Constabulary,1.185048,52.067936,On or near Colchester Road,E01029999,Ipswich 004C,Violence and sexual offences,Under investigation,
d02cecac02057e8a8c52a61cead22e66d515a720b6a7f9d00a4f51119d8851a3,2026-06,Suffolk Constabulary,Suffolk Constabulary,1.187941,52.064710,On or near Westbury Road,E01029999,Ipswich 004C,Violence and sexual offences,Action to be taken by another organisation,
e0a374a62ac10701deac8fe16bd858e62047cf56352d8889bc2c8943e1c1febe,2026-06,Suffolk Constabulary,Suffolk Constabulary,1.177236,52.062328,On or near Lombard Court,E01030000,Ipswich 004D,Criminal damage and arson,Investigation complete; no suspect identified,
3508671c093151244ab84bca6b8682470b204f61ca51382fa922ee94bdcaa816,2026-06,Suffolk Constabulary,Suffolk Constabulary,1.174437,52.061747,On or near Supermarket,E01030000,Ipswich 004D,Public order,Under investigation,
0d4f01ec93e5dde65ee590c4b153858c758895e2c4808705c1113fb5f0f18b2a,2026-06,Suffolk Constabulary,Suffolk Constabulary,1.173438,52.062062,On or near Parade Road,E01030000,Ipswich 004D,Violence and sexual offences,Under investigation,
30eb020e07d3a096c88636082e68e538248974caa26a53c65f0e55746943b576,2026-06,Suffolk Constabulary,Suffolk Constabulary,1.177236,52.062328,On or near Lombard Court,E01030000,Ipswich 004D,Violence and sexual offences,Under investigation,
f9cc93b3aa8f9e91e64d9f7ee27c67e81e6e2842834e8065b3e54cafe67cf6f2,2026-06,Suffolk Constabulary,Suffolk Constabulary,1.174437,52.061747,On or near Supermarket,E01030000,Ipswich 004D,Violence and sexual offences,Under investigation,
,2026-06,Suffolk Constabulary,Suffolk Constabulary,1.183224,52.069991,On or near Orkney Road,E01030001,Ipswich 004E,Anti-social behaviour,,
,2026-06,Suffolk Constabulary,Suffolk Constabulary,1.183224,52.069991,On or near Orkney Road,E01030001,Ipswich 004E,Anti-social behaviour,,
d50d6d6fa2abddce63482531b35c93dfe1211d379e5ce8b8d573cd0fa50e1052,2026-06,Suffolk Constabulary,Suffolk Constabulary,1.185869,52.074345,On or near Inverness Road,E01030001,Ipswich 004E,Criminal damage and arson,Investigation complete; no suspect identified,
0f5e00b37696812758c8be73eebd892090553fc22fc06786ccda5fac504380f7,2026-06,Suffolk Constabulary,Suffolk Constabulary,1.186186,52.073300,On or near Sports/Recreation Area,E01030001,Ipswich 004E,Other theft,Under investigation,
c394757584ff5343c6d7f896c7b63d344188fd330ccad15c752226c4309134bd,2026-06,Suffolk Constabulary,Suffolk Constabulary,1.180443,52.070912,On or near Alma Close,E01030001,Ipswich 004E,Violence and sexual offences,Under investigation,
d7d41f40947346f22ebf9459da2eadc064143b5f9005bb59edf41f6f81c26d4a,2026-06,Suffolk Constabulary,Suffolk Constabulary,1.181554,52.070315,On or near Griffiths Close,E01030001,Ipswich 004E,Violence and sexual offences,Under investigation,
fef02bdccfd22a13f18b39a8d342e7ff1db9b27de236ae7eaa38e2e43b79edcd,2026-06,Suffolk Constabulary,Suffolk Constabulary,1.184273,52.069145,On or near Shetland Close,E01030001,Ipswich 004E,Violence and sexual offences,Unable to prosecute suspect,
578670fc19d5f92de441a5efbf96049c882d026d3eb69fef268f83bc92149a45,2026-06,Suffolk Constabulary,Suffolk Constabulary,1.180983,52.070079,On or near Willis Crescent,E01030001,Ipswich 004E,Violence and sexual offences,Investigation complete; no suspect identified,
8718f402efc45fe6509fd7c7055c8964aff2a0ebeb6f78b2382bb5a7303c7f08,2026-06,Suffolk Constabulary,Suffolk Constabulary,1.184273,52.069145,On or near Shetland Close,E01030001,Ipswich 004E,Violence and sexual offences,Unable to prosecute suspect,
29f843c00d34219359c762b3a76f1ddc91699b1c419ffa78c02ea9eb330d70d8,2026-06,Suffolk Constabulary,Suffolk Constabulary,1.186059,52.072091,On or near Fairlight Close,E01030001,Ipswich 004E,Violence and sexual offences,Under investigation,
68add8e9b0a5e02dcd3720f8d3de568f3ae65b7e3b45ebfdc16ddf7418eb0e5e,2026-06,Suffolk Constabulary,Suffolk Constabulary,1.186059,52.072091,On or near Fairlight Close,E01030001,Ipswich 004E,Violence and sexual offences,Under investigation,
f21ffdd6b92e444b4bf8d433b715114d5bc9dcabd8b693253b139f9eac348be2,2026-06,Suffolk Constabulary,Suffolk Constabulary,1.177950,52.070323,On or near Supermarket,E01030001,Ipswich 004E,Violence and sexual offences,Under investigation,
24b17942aeb485821a1f9400e1d3331ac2e4d8469f3869cd0c628033ed38644b,2026-06,Suffolk Constabulary,Suffolk Constabulary,1.186186,52.073300,On or near Sports/Recreation Area,E01030001,Ipswich 004E,Other crime,Under investigation,
,2026-06,Suffolk Constabulary,Suffolk Constabulary,1.169128,52.061576,On or near Pearmain Lane,E01030007,Ipswich 005A,Anti-social behaviour,,
c8811188c56f3253249d03d7b2a714dad88acb4547310814a13f98352238eb40,2026-06,Suffolk Constabulary,Suffolk Constabulary,1.166428,52.060947,On or near Hayhill Road,E01030007,Ipswich 005A,Bicycle theft,Under investigation,
6e68a17c8230aed8610e7bd848d3721509e0349dc869ec9ee1bc81eb50f23a35,2026-06,Suffolk Constabulary,Suffolk Constabulary,1.170846,52.062555,On or near Braeburn Close,E01030007,Ipswich 005A,Other theft,Under investigation,
80245b636289c583296389f44fcd67caf55f866d91abed4339aa6be65703995e,2026-06,Suffolk Constabulary,Suffolk Constabulary,1.160207,52.063560,On or near Parkside Avenue,E01030007,Ipswich 005A,Public order,Under investigation,
f3f0bfebe96e9e93379f9ab88121966ce29108820ce7df0582545d474fce697e,2026-06,Suffolk Constabulary,Suffolk Constabulary,1.170846,52.062555,On or near Braeburn Close,E01030007,Ipswich 005A,Shoplifting,Under investigation,
44744478003441f9f0e223bc3c63bdd185a5a86d6ea0e6da4f89b4b42c78a6d7,2026-06,Suffolk Constabulary,Suffolk Constabulary,1.165500,52.063310,On or near Tuddenham Avenue,E01030007,Ipswich 005A,Violence and sexual offences,Under investigation,
42c46ac261534a93276f2ee6e275a06e105ba46d51c0c5014eb669e63241d51a,2026-06,Suffolk Constabulary,Suffolk Constabulary,1.166003,52.060301,On or near Finchley Road,E01030007,Ipswich 005A,Violence and sexual offences,Under investigation,
637f1172fa6070bc7d12ca23b437775c22faae1656cb09836ffd71be43a897d0,2026-06,Suffolk Constabulary,Suffolk Constabulary,1.164206,52.063579,On or near Vermont Crescent,E01030007,Ipswich 005A,Violence and sexual offences,Action to be taken by another organisation,
65f63d368ab9b16434bf6ed7c048b49d9fa6872ca601c2a4a6ba3664b89dcec9,2026-06,Suffolk Constabulary,Suffolk Constabulary,1.153533,52.068038,On or near Wootton Drive,E01030008,Ipswich 005B,Burglary,Under investigation,
,2026-06,Suffolk Constabulary,Suffolk Constabulary,1.140205,52.066533,On or near Westwood Avenue,E01030009,Ipswich 005C,Anti-social behaviour,,
5f4392bfffc532b1db4323b346cfd47abc332bdcbc5c1e89cccc157b116dcd18,2026-06,Suffolk Constabulary,Suffolk Constabulary,1.140205,52.066533,On or near Westwood Avenue,E01030009,Ipswich 005C,Public order,Under investigation,
2e0e7e3d481786fe07900bdc8d4bd86dd29e6521acacb12c66c2347da26f4cfa,2026-06,Suffolk Constabulary,Suffolk Constabulary,1.151435,52.063543,On or near Theatre/Concert Hall,E01030009,Ipswich 005C,Violence and sexual offences,Investigation complete; no suspect identified,
11231712c2b5c1050dff82554ff4daf0a1585cc927afad7143a13162934f4240,2026-06,Suffolk Constabulary,Suffolk Constabulary,1.140205,52.066533,On or near Westwood Avenue,E01030009,Ipswich 005C,Violence and sexual offences,Under investigation,
8863c682331123c2a08869a1276984b221aac2914d7aa51c2387419b827d137d,2026-06,Suffolk Constabulary,Suffolk Constabulary,1.151435,52.063543,On or near Theatre/Concert Hall,E01030009,Ipswich 005C,Violence and sexual offences,Under investigation,
5830ebb97d8d9ce8b768692b72b73a1858deae01341e47c370eaefe1efeac605,2026-06,Suffolk Constabulary,Suffolk Constabulary,1.140205,52.066533,On or near Westwood Avenue,E01030009,Ipswich 005C,Violence and sexual offences,Under investigation,
588888fcfd66ce4f0181491fa67cf066b1ce768f22c7e2113b455a398ea5685d,2026-06,Suffolk Constabulary,Suffolk Constabulary,1.151435,52.063543,On or near Theatre/Concert Hall,E01030009,Ipswich 005C,Violence and sexual offences,Under investigation,
16006146517a6c0d9a19725e747fe8217284c01ec6ba4b49314df73da13b1f00,2026-06,Suffolk Constabulary,Suffolk Constabulary,1.140205,52.066533,On or near Westwood Avenue,E01030009,Ipswich 005C,Violence and sexual offences,Under investigation,
,2026-06,Suffolk Constabulary,Suffolk Constabulary,1.160290,52.058332,On or near Cobden Place,E01030010,Ipswich 005D,Anti-social behaviour,,
4b8730dc0cf2cb51055f050c71e9274132119b5654642dae6d5a1d330f93a5c0,2026-06,Suffolk Constabulary,Suffolk Constabulary,1.160963,52.058368,On or near Tudor Place,E01030010,Ipswich 005D,Burglary,Under investigation,
fb5c92c2c7a4505af2f4f86121a6e8558e5d3ede646f0ac7fee186a553d9ccc1,2026-06,Suffolk Constabulary,Suffolk Constabulary,1.163044,52.058906,On or near Samuel Court,E01030010,Ipswich 005D,Criminal damage and arson,Investigation complete; no suspect identified,
4ae9862403cebcbd99988397bec38daac5cab0f1914c4a2f2d24cf05ab9dd1ce,2026-06,Suffolk Constabulary,Suffolk Constabulary,1.158597,52.058944,On or near St Margaret'S Green,E01030010,Ipswich 005D,Other theft,Investigation complete; no suspect identified,
20a97958ab17792d4e604eb6f28e13959821224076fe78c8d8b4141d81c13a25,2026-06,Suffolk Constabulary,Suffolk Constabulary,1.159379,52.060515,On or near Bolton Lane,E01030010,Ipswich 005D,Public order,Investigation complete; no suspect identified,
60e545528368546f143b60caadd64d0f8440059bbcfa9d302cf618339ac694c9,2026-06,Suffolk Constabulary,Suffolk Constabulary,1.165244,52.060718,On or near Cemetery Road,E01030010,Ipswich 005D,Public order,Under investigation,
a760030754251a7b5e5b543842a9a9c3b726082f7165a50f908ea295167adc63,2026-06,Suffolk Constabulary,Suffolk Constabulary,1.159379,52.060515,On or near Bolton Lane,E01030010,Ipswich 005D,Robbery,Under investigation,
03a9367987c6b7a804d73c25ff25b02e436f05eab77009d8f59562f7bd72ef29,2026-06,Suffolk Constabulary,Suffolk Constabulary,1.159379,52.060515,On or near Bolton Lane,E01030010,Ipswich 005D,Shoplifting,Investigation complete; no suspect identified,
da34775f3fb08ff2c1c6af68c4facc99b81f11e6547d862f43b316cdb514233a,2026-06,Suffolk Constabulary,Suffolk Constabulary,1.159379,52.060515,On or near Bolton Lane,E01030010,Ipswich 005D,Shoplifting,Investigation complete; no suspect identified,
f9401d010a59d3034db70433d0aba6100affb83d83c3a5dd20397e48fcc39b65,2026-06,Suffolk Constabulary,Suffolk Constabulary,1.159379,52.060515,On or near Bolton Lane,E01030010,Ipswich 005D,Shoplifting,Investigation complete; no suspect identified,
d5b81609d91bf31313f96c6101f4a2ce36ca63d6bf6df55775688aafd99030bf,2026-06,Suffolk Constabulary,Suffolk Constabulary,1.159379,52.060515,On or near Bolton Lane,E01030010,Ipswich 005D,Shoplifting,Under investigation,
106bb9f5c2a37170095bf59092431cb0d1af2a01bf4c5e1ef8383054f4aba79c,2026-06,Suffolk Constabulary,Suffolk Constabulary,1.163044,52.058906,On or near Samuel Court,E01030010,Ipswich 005D,Shoplifting,Under investigation,
9ca0f33911dc38da7569caf775649c92f99362e7fec6d2967cdefcfe0efb5f33,2026-06,Suffolk Constabulary,Suffolk Constabulary,1.159379,52.060515,On or near Bolton Lane,E01030010,Ipswich 005D,Vehicle crime,Under investigation,
bddcd5487dfae1497d3f395ec3e28ce40b23b538bd0230c6b6656f61f6b442f8,2026-06,Suffolk Constabulary,Suffolk Constabulary,1.163044,52.058906,On or near Samuel Court,E01030010,Ipswich 005D,Violence and sexual offences,Under investigation,
058f070499a9523e1d1b9378ef7e977357b458b68a8b3700968b6a95352a3822,2026-06,Suffolk Constabulary,Suffolk Constabulary,1.159379,52.060515,On or near Bolton Lane,E01030010,Ipswich 005D,Violence and sexual offences,Under investigation,
ba681427a0f1bc6350022c88d138347068a8a6449ea4bdd193d8050794610ca7,2026-06,Suffolk Constabulary,Suffolk Constabulary,1.163044,52.058906,On or near Samuel Court,E01030010,Ipswich 005D,Violence and sexual offences,Under investigation,
609022ecbd09ec1ba02a67edfd45aa944371696f9e72121da0e2afbf2a8db942,2026-06,Suffolk Constabulary,Suffolk Constabulary,1.163044,52.058906,On or near Samuel Court,E01030010,Ipswich 005D,Violence and sexual offences,Under investigation,
476a0c0a0e90b99da0110cb82cff2759b132333dd78131a628ba52ba62510f71,2026-06,Suffolk Constabulary,Suffolk Constabulary,1.163044,52.058906,On or near Samuel Court,E01030010,Ipswich 005D,Violence and sexual offences,Under investigation,
d5f7267f3c745019dc4b0ce9eeb0f58cebf320d2332cad86ef28a4912e691d17,2026-06,Suffolk Constabulary,Suffolk Constabulary,1.163044,52.058906,On or near Samuel Court,E01030010,Ipswich 005D,Violence and sexual offences,Under investigation,
133b9345f18ca515b1cce7fd0795f54113640d697837b3e851542eb9b533d7f3,2026-06,Suffolk Constabulary,Suffolk Constabulary,1.160963,52.058368,On or near Tudor Place,E01030010,Ipswich 005D,Violence and sexual offences,Under investigation,
338b72e201cd41f73be1e9cc6266306d224c246c9399b5f058802e8ebd7dffcf,2026-06,Suffolk Constabulary,Suffolk Constabulary,1.165244,52.060718,On or near Cemetery Road,E01030010,Ipswich 005D,Violence and sexual offences,Investigation complete; no suspect identified,
7a904490d24e56caeff2e22153db22c221a2b5f40868d42fde81938f7337563f,2026-06,Suffolk Constabulary,Suffolk Constabulary,1.160963,52.058368,On or near Tudor Place,E01030010,Ipswich 005D,Violence and sexual offences,Under investigation,
eb2cbaffc5a52c8a4b3b74655c3956c8cb85e5a5afa07e3a973f793483f1eb4b,2026-06,Suffolk Constabulary,Suffolk Constabulary,1.165244,52.060718,On or near Cemetery Road,E01030010,Ipswich 005D,Violence and sexual offences,Unable to prosecute suspect,
e899fd22f357f956319b2b0bf7a534174e13ed4108148597ea0a22a47623b5c1,2026-06,Suffolk Constabulary,Suffolk Constabulary,1.163044,52.058906,On or near Samuel Court,E01030010,Ipswich 005D,Violence and sexual offences,Under investigation,
1d06d11118d2c84f597a99dccbdc94a4f3175c139bc968c8cdd862c992eec238,2026-06,Suffolk Constabulary,Suffolk Constabulary,1.165244,52.060718,On or near Cemetery Road,E01030010,Ipswich 005D,Violence and sexual offences,Under investigation,
e4905cc6a753dc99acdadc51c5a8082cd404363f6713ebb13943d9c672c0445f,2026-06,Suffolk Constabulary,Suffolk Constabulary,1.160456,52.060693,On or near Withipoll Street,E01030010,Ipswich 005D,Violence and sexual offences,Under investigation,
,2026-06,Suffolk Constabulary,Suffolk Constabulary,1.139596,52.064300,On or near Providence Lane,E01030022,Ipswich 006A,Anti-social behaviour,,
22c5846692694dbedeacc552dfef185cd678b4658f0b600087934d16ee9510cc,2026-06,Suffolk Constabulary,Suffolk Constabulary,1.139596,52.064300,On or near Providence Lane,E01030022,Ipswich 006A,Bicycle theft,Under investigation,
410f0ce235a523a7a4c904322276cb07d7d615ec308139e9a2e079b40c0a494d,2026-06,Suffolk Constabulary,Suffolk Constabulary,1.137383,52.067075,On or near Supermarket,E01030022,Ipswich 006A,Bicycle theft,Under investigation,
5e7a974619ab587574b11c4fd673225a7b2d7ce4fb0e8448eb11e3239edc12cd,2026-06,Suffolk Constabulary,Suffolk Constabulary,1.137383,52.067075,On or near Supermarket,E01030022,Ipswich 006A,Bicycle theft,Investigation complete; no suspect identified,
19406ecb4b5eef70903c2b6c92bf0cda874b20a49aebcc4c6bf8cd55b3223b37,2026-06,Suffolk Constabulary,Suffolk Constabulary,1.139596,52.064300,On or near Providence Lane,E01030022,Ipswich 006A,Bicycle theft,Investigation complete; no suspect identified,
6e68283dddef33dcedca1e6b9a08c0481b0514474dab92b20bae0ef6fd662a36,2026-06,Suffolk Constabulary,Suffolk Constabulary,1.139596,52.064300,On or near Providence Lane,E01030022,Ipswich 006A,Bicycle theft,Investigation complete; no suspect identified,
10071c2f0901c6804dc25e85352a7d565331c500637873bc304173a101e91e40,2026-06,Suffolk Constabulary,Suffolk Constabulary,1.139596,52.064300,On or near Providence Lane,E01030022,Ipswich 006A,Bicycle theft,Investigation complete; no suspect identified,
86e5796343ba51374913b7ff52fe1b1476d30646b7be15ab5e45e4d4a6ce5cd7,2026-06,Suffolk Constabulary,Suffolk Constabulary,1.133601,52.062877,On or near Farina Close,E01030022,Ipswich 006A,Burglary,Under investigation,
9fd4b5933324ec06356edc67b3375d04535608349169cf318eec98802eec5df4,2026-06,Suffolk Constabulary,Suffolk Constabulary,1.139596,52.064300,On or near Providence Lane,E01030022,Ipswich 006A,Criminal damage and arson,Under investigation,
9a3bf5e028117acf29d223cda353abe5f8aee22d3bdc49c5256220df419ce68d,2026-06,Suffolk Constabulary,Suffolk Constabulary,1.132404,52.067037,On or near Supermarket,E01030022,Ipswich 006A,Criminal damage and arson,Under investigation,
b9df2b5eb44cb8cb315b63ec849a26558f654598e7c71e908268f443f96a740f,2026-06,Suffolk Constabulary,Suffolk Constabulary,1.137383,52.067075,On or near Supermarket,E01030022,Ipswich 006A,Criminal damage and arson,Awaiting court outcome,
0ce4263e2f9606ad9ad87a4acdbca77d185e695178c1c2ebd394aa31a93b498d,2026-06,Suffolk Constabulary,Suffolk Constabulary,1.138259,52.064381,On or near Waterloo Road,E01030022,Ipswich 006A,Criminal damage and arson,Under investigation,
e80ce263a08d8dfe2b797fa45ce4dcc0b85183fa7283afefacf479fec25d03ae,2026-06,Suffolk Constabulary,Suffolk Constabulary,1.139596,52.064300,On or near Providence Lane,E01030022,Ipswich 006A,Drugs,Under investigation,
58434026a040f7830eb0bf21f295bfdcf9a7937b116e2b05de9f41615ac1e126,2026-06,Suffolk Constabulary,Suffolk Constabulary,1.139596,52.064300,On or near Providence Lane,E01030022,Ipswich 006A,Drugs,Under investigation,
1fc992838f8cf7c9a1f1a80eb574fdbd7285339f29e75c219ed00cc5acb09b86,2026-06,Suffolk Constabulary,Suffolk Constabulary,1.137383,52.067075,On or near Supermarket,E01030022,Ipswich 006A,Drugs,Under investigation,
aeb470af4331d7f736c74f9868bc8fda2ac493b90efe90657539ab59c48bda46,2026-06,Suffolk Constabulary,Suffolk Constabulary,1.133441,52.066632,On or near Richmond Road,E01030022,Ipswich 006A,Drugs,Under investigation,
dc103fe21025e473004b2bf51101fd16f15c1fa0b0064a8e19f8587c2637856c,2026-06,Suffolk Constabulary,Suffolk Constabulary,1.138259,52.064381,On or near Waterloo Road,E01030022,Ipswich 006A,Drugs,Under investigation,
9e0feecff5c3e9d034f3557a1e2add4a1615a496ae5974f1c56f3b10c7d217be,2026-06,Suffolk Constabulary,Suffolk Constabulary,1.137383,52.067075,On or near Supermarket,E01030022,Ipswich 006A,Other theft,Under investigation,
f160343e504b96c69cf532f5689a401f1d09e25df912b9666419cebe52ff6737,2026-06,Suffolk Constabulary,Suffolk Constabulary,1.137873,52.064904,On or near Blenheim Road,E01030022,Ipswich 006A,Public order,Under investigation,
bd8888fc75b2a53dc83883ea1b16f6a34d23e0f58755ff59816cbec125b9c87d,2026-06,Suffolk Constabulary,Suffolk Constabulary,1.138259,52.064381,On or near Waterloo Road,E01030022,Ipswich 006A,Public order,Under investigation,
81d9b646a227b5311b2741a14a6b222ca7718744e5c644180bcc7f0b82fbf533,2026-06,Suffolk Constabulary,Suffolk Constabulary,1.131340,52.066229,On or near Surbiton Road,E01030022,Ipswich 006A,Public order,Under investigation,
fdafd5eccb298f93ab749525ff0a28dbe5bef8ae5b3cd4d10f8b9a1e407d442d,2026-06,Suffolk Constabulary,Suffolk Constabulary,1.137383,52.067075,On or near Supermarket,E01030022,Ipswich 006A,Public order,Under investigation,
bfc77bb191246bd57527af58e6570c40f47e8979463356b9ac317dc788596241,2026-06,Suffolk Constabulary,Suffolk Constabulary,1.132404,52.067037,On or near Supermarket,E01030022,Ipswich 006A,Public order,Under investigation,
5ec3a6ca7171f9bce28776e139d835dad328e79006a0e77299e9ddd11af33cac,2026-06,Suffolk Constabulary,Suffolk Constabulary,1.137383,52.067075,On or near Supermarket,E01030022,Ipswich 006A,Shoplifting,Under investigation,
38b94eb0555b7974686a4756d14f31ddb1c3cf73372a1ca77facd8219676ed2c,2026-06,Suffolk Constabulary,Suffolk Constabulary,1.132404,52.067037,On or near Supermarket,E01030022,Ipswich 006A,Shoplifting,Investigation complete; no suspect identified,
93dca7d3160dfbf05ccb627cbfb6ae0bdf1fed3dc0644bac48f2fae7b7b7b528,2026-06,Suffolk Constabulary,Suffolk Constabulary,1.132404,52.067037,On or near Supermarket,E01030022,Ipswich 006A,Shoplifting,Under investigation,
178690d68ddc9be668d1fc48e64d9d4fee58b0d4c332e5dd4ffdd5bd905365ce,2026-06,Suffolk Constabulary,Suffolk Constabulary,1.137383,52.067075,On or near Supermarket,E01030022,Ipswich 006A,Shoplifting,Awaiting court outcome,
aba3722d83677940006e2c588e928c132c1f54341bd74a0536a6ea535c0825fa,2026-06,Suffolk Constabulary,Suffolk Constabulary,1.132404,52.067037,On or near Supermarket,E01030022,Ipswich 006A,Shoplifting,Awaiting court outcome,
5f550b271fdbf1c52bdc0c82ac1f3290a3212a8766c7a92786e36b1e9ed353b7,2026-06,Suffolk Constabulary,Suffolk Constabulary,1.137383,52.067075,On or near Supermarket,E01030022,Ipswich 006A,Shoplifting,Under investigation,
9ce5713821d4589f5b4dd12460f94fe20a8948d4aca67317923316ffe9027d4c,2026-06,Suffolk Constabulary,Suffolk Constabulary,1.137383,52.067075,On or near Supermarket,E01030022,Ipswich 006A,Shoplifting,Under investigation,
4f35a80a9f9e0ab35c8f6da41b108751a187b148b6c6e67d03895d2f149ca8b6,2026-06,Suffolk Constabulary,Suffolk Constabulary,1.137383,52.067075,On or near Supermarket,E01030022,Ipswich 006A,Shoplifting,Under investigation,
425601559c1291ca0523cae01b1102d4e3ebb9c90b82fe64647dd5e63e43940a,2026-06,Suffolk Constabulary,Suffolk Constabulary,1.137383,52.067075,On or near Supermarket,E01030022,Ipswich 006A,Shoplifting,Under investigation,
7cac56d7d2ba23c1d3d11d08b7b8ef968ca41b2e3506d577f996c159f17ea49e,2026-06,Suffolk Constabulary,Suffolk Constabulary,1.137383,52.067075,On or near Supermarket,E01030022,Ipswich 006A,Shoplifting,Investigation complete; no suspect identified,
da9f59e665af3aa6a8001526ac9afa97c0b500189c6260144dad401b3dd482f5,2026-06,Suffolk Constabulary,Suffolk Constabulary,1.137383,52.067075,On or near Supermarket,E01030022,Ipswich 006A,Shoplifting,Under investigation,
dbf185158f77088c7ff0fceb193e29783f38913f74189cc1cf4a2e9ba8010872,2026-06,Suffolk Constabulary,Suffolk Constabulary,1.137383,52.067075,On or near Supermarket,E01030022,Ipswich 006A,Shoplifting,Under investigation,
cbf271ae1a45b52c191ed655fc62718b7456731f683a5874db1eaf6e24d68cec,2026-06,Suffolk Constabulary,Suffolk Constabulary,1.132404,52.067037,On or near Supermarket,E01030022,Ipswich 006A,Shoplifting,Investigation complete; no suspect identified,
da439c98a65cbd3fdccedefe39ffa84b85142f4efcc8a8dd4aebd456554d2c0f,2026-06,Suffolk Constabulary,Suffolk Constabulary,1.132404,52.067037,On or near Supermarket,E01030022,Ipswich 006A,Shoplifting,Under investigation,
1eee75c4f78da2695aea0d71c44cde513a7876eb410dfdb2789fa424c441dfed,2026-06,Suffolk Constabulary,Suffolk Constabulary,1.132404,52.067037,On or near Supermarket,E01030022,Ipswich 006A,Shoplifting,Under investigation,
4f3f985e361622e73cfd011c327d325bfbc7942b1c7fb6ab6d7ab3fad7d2c932,2026-06,Suffolk Constabulary,Suffolk Constabulary,1.132404,52.067037,On or near Supermarket,E01030022,Ipswich 006A,Shoplifting,Under investigation,
2820800a9c83792dfd8f18bfaa56cb17d37260914e9c5cc8db39a1fcb20e1378,2026-06,Suffolk Constabulary,Suffolk Constabulary,1.132124,52.063033,On or near Millers View,E01030022,Ipswich 006A,Vehicle crime,Under investigation,
5c7ec615b17c73ff06d6c15ceb70df9479893778b3012a7992564b7cebfb4d9d,2026-06,Suffolk Constabulary,Suffolk Constabulary,1.139596,52.064300,On or near Providence Lane,E01030022,Ipswich 006A,Violence and sexual offences,Under investigation,
3fd94ae587d4bc76c4998401e543db212a65b0ac67eda3bf1232be5f74d7eee7,2026-06,Suffolk Constabulary,Suffolk Constabulary,1.131340,52.066229,On or near Surbiton Road,E01030022,Ipswich 006A,Violence and sexual offences,Under investigation,
4602a7744af2c6c8bb603ba92472a2077d0ce569f3df24181138698dc91fb8bc,2026-06,Suffolk Constabulary,Suffolk Constabulary,1.138259,52.064381,On or near Waterloo Road,E01030022,Ipswich 006A,Violence and sexual offences,Under investigation,
38ef6cf55e4cb921d1aa51657da47aab040c0eee3a018b8f36aa0a134893a29d,2026-06,Suffolk Constabulary,Suffolk Constabulary,1.137383,52.067075,On or near Supermarket,E01030022,Ipswich 006A,Violence and sexual offences,Under investigation,
ff4b94950763009278d58144b1f5a7bc7d37cb5f4730397c788efc336ece7091,2026-06,Suffolk Constabulary,Suffolk Constabulary,1.133441,52.066632,On or near Richmond Road,E01030022,Ipswich 006A,Violence and sexual offences,Under investigation,
552e85ad9ffc5929a3fc0da149e7c320e5348bdf8fd89a3424796bdcff09e31b,2026-06,Suffolk Constabulary,Suffolk Constabulary,1.134751,52.064294,On or near Sallows Close,E01030022,Ipswich 006A,Violence and sexual offences,Under investigation,
d3acd998476c9a61b92111f9d971ee3d118b46a917d1afc8bbe33531a2e21c84,2026-06,Suffolk Constabulary,Suffolk Constabulary,1.136482,52.066092,On or near All Saints' Road,E01030022,Ipswich 006A,Violence and sexual offences,Under investigation,
1c49b9e8473f8642056a48d16b7be4348fcc0c98b5044fc8c0b6051eaf560257,2026-06,Suffolk Constabulary,Suffolk Constabulary,1.137383,52.067075,On or near Supermarket,E01030022,Ipswich 006A,Violence and sexual offences,Awaiting court outcome,
5e72cdf6f23e60a50d583b154336004901f317d82bc8c69276218842063082d7,2026-06,Suffolk Constabulary,Suffolk Constabulary,1.139596,52.064300,On or near Providence Lane,E01030022,Ipswich 006A,Violence and sexual offences,Under investigation,
98aa2c6eeab376a2784451b89410842fc60ea41b641e50f7f7864a7c2e8a6d89,2026-06,Suffolk Constabulary,Suffolk Constabulary,1.133441,52.066632,On or near Richmond Road,E01030022,Ipswich 006A,Violence and sexual offences,Under investigation,
,2026-06,Suffolk Constabulary,Suffolk Constabulary,1.139357,52.061519,On or near Stopford Court,E01030023,Ipswich 006B,Anti-social behaviour,,
,2026-06,Suffolk Constabulary,Suffolk Constabulary,1.138914,52.059777,On or near The Gates,E01030023,Ipswich 006B,Anti-social behaviour,,
53ccb54e2be84eb48309f29e72eda6f430de990ff0f3b04619393c2cc4c8c932,2026-06,Suffolk Constabulary,Suffolk Constabulary,1.137040,52.062812,On or near Theatre/Concert Hall,E01030023,Ipswich 006B,Criminal damage and arson,Investigation complete; no suspect identified,
53500bf73578d913769b733f000a5471642f5cd4fc019a054ca81681431ef406,2026-06,Suffolk Constabulary,Suffolk Constabulary,1.136579,52.059759,On or near Shopping Area,E01030023,Ipswich 006B,Criminal damage and arson,Investigation complete; no suspect identified,
3f87d2f1a06c68ee7587870cb032955d28e9c811dfcd2955c684b2d4d2fae392,2026-06,Suffolk Constabulary,Suffolk Constabulary,1.134998,52.061149,On or near Yarmouth Road,E01030023,Ipswich 006B,Other theft,Under investigation,
f977042f2f09359e770b795c45a9af86211e5c1852778b6c4172951fb400bc16,2026-06,Suffolk Constabulary,Suffolk Constabulary,1.137827,52.059680,On or near Surrey Road,E01030023,Ipswich 006B,Other theft,Investigation complete; no suspect identified,
2a5ffd2cbf09f412dfb127fbccd1ccba743c29d37400c254bf191783e5f618f8,2026-06,Suffolk Constabulary,Suffolk Constabulary,1.136579,52.059759,On or near Shopping Area,E01030023,Ipswich 006B,Other theft,Investigation complete; no suspect identified,
90a0b86e3c4287ac430360e49458d06109f99a9d5fb4ffce6681505b11186cea,2026-06,Suffolk Constabulary,Suffolk Constabulary,1.138679,52.062247,On or near Prospect Road,E01030023,Ipswich 006B,Other theft,Investigation complete; no suspect identified,
293084e18a3a57eb2adab3420a668f0d5a4a559111c8407cc4c5a61f34741324,2026-06,Suffolk Constabulary,Suffolk Constabulary,1.138679,52.062247,On or near Prospect Road,E01030023,Ipswich 006B,Public order,Unable to prosecute suspect,
a69e21340f454a883bb8414d0fc470ea394a01e6e399b6881f9d4e9763567d9a,2026-06,Suffolk Constabulary,Suffolk Constabulary,1.137827,52.059680,On or near Surrey Road,E01030023,Ipswich 006B,Robbery,Under investigation,
8bd53e5eb3623e35cab0196c2ba5b72279b4584a2b6ccc880bd3930c62a10cd5,2026-06,Suffolk Constabulary,Suffolk Constabulary,1.136579,52.059759,On or near Shopping Area,E01030023,Ipswich 006B,Robbery,Awaiting court outcome,
11c289a6a8e1f02908621fafba1b0f346acefa6084600d79d516aac5c899d68c,2026-06,Suffolk Constabulary,Suffolk Constabulary,1.136579,52.059759,On or near Shopping Area,E01030023,Ipswich 006B,Shoplifting,Awaiting court outcome,
bb72fbd72b220a4ddedf9df39a6be3671d0b1766d43acdc5454de1ce98001517,2026-06,Suffolk Constabulary,Suffolk Constabulary,1.136579,52.059759,On or near Shopping Area,E01030023,Ipswich 006B,Shoplifting,Under investigation,
19d19084a7da6c4c23a17c3ac785f935b49fd951c3ff63b2130f5f6476676b90,2026-06,Suffolk Constabulary,Suffolk Constabulary,1.136579,52.059759,On or near Shopping Area,E01030023,Ipswich 006B,Shoplifting,Under investigation,
7a94d23311d5a69be1d6dc98df42ba7b6c269eb2c32b671c10d67a6062a7c5ae,2026-06,Suffolk Constabulary,Suffolk Constabulary,1.136579,52.059759,On or near Shopping Area,E01030023,Ipswich 006B,Shoplifting,Awaiting court outcome,
56a65fdfa9e8333c4d875a22baf9630ed390c66295de6df3214814280d8416c6,2026-06,Suffolk Constabulary,Suffolk Constabulary,1.136579,52.059759,On or near Shopping Area,E01030023,Ipswich 006B,Shoplifting,Under investigation,
17f00cacc21becc1e5e53b20a77bcd26983ec3077fefe8186ef6ecb48659ab75,2026-06,Suffolk Constabulary,Suffolk Constabulary,1.136579,52.059759,On or near Shopping Area,E01030023,Ipswich 006B,Shoplifting,Investigation complete; no suspect identified,
02a521dac90114a5d8453565ef85435dbd4425256b08954a114941b7c7d1ac56,2026-06,Suffolk Constabulary,Suffolk Constabulary,1.136579,52.059759,On or near Shopping Area,E01030023,Ipswich 006B,Shoplifting,Under investigation,
8e1f80a41511a12ac7ee88548fda3265df93b0e45f986f8ed6e7429d936ff2cf,2026-06,Suffolk Constabulary,Suffolk Constabulary,1.138679,52.062247,On or near Prospect Road,E01030023,Ipswich 006B,Shoplifting,Investigation complete; no suspect identified,
a484f135ce78ba4bd7ccaa8fd599613cf545abf26d7ad520633d9ef9c116f502,2026-06,Suffolk Constabulary,Suffolk Constabulary,1.136579,52.059759,On or near Shopping Area,E01030023,Ipswich 006B,Shoplifting,Under investigation,
769730e4b4a36ce428ea6d758d9f6f6526103104cf222c0b981deec9592e463f,2026-06,Suffolk Constabulary,Suffolk Constabulary,1.136579,52.059759,On or near Shopping Area,E01030023,Ipswich 006B,Shoplifting,Under investigation,
a11b00354736428af0643b0399a016b9b9ce854d4572b5c7ef65b523ef8389af,2026-06,Suffolk Constabulary,Suffolk Constabulary,1.138679,52.062247,On or near Prospect Road,E01030023,Ipswich 006B,Violence and sexual offences,Under investigation,
e1ab0c5d4ebf107d0024642c1d0214855178f778b8675d5c5cd54616b2e669c4,2026-06,Suffolk Constabulary,Suffolk Constabulary,1.138679,52.062247,On or near Prospect Road,E01030023,Ipswich 006B,Violence and sexual offences,Under investigation,
73bcafd8ff840ab841f8f458b42174e29694f8aeaef59cd2bc3d78b7e2e62048,2026-06,Suffolk Constabulary,Suffolk Constabulary,1.137827,52.059680,On or near Surrey Road,E01030023,Ipswich 006B,Violence and sexual offences,Under investigation,
d85979d4f20040f65dffdabb8353050fc0a968f30de727355c2c9911ab418e86,2026-06,Suffolk Constabulary,Suffolk Constabulary,1.137827,52.059680,On or near Surrey Road,E01030023,Ipswich 006B,Violence and sexual offences,Under investigation,
2d1563245c38073a320c8f08c52016edfce09fa64fff130cea16b4ec7dfe3958,2026-06,Suffolk Constabulary,Suffolk Constabulary,1.138679,52.062247,On or near Prospect Road,E01030023,Ipswich 006B,Violence and sexual offences,Under investigation,
69d5c12d875ed4486fe6cca4e605761d619ef16e17bc93b8df5015f8fbb4ad42,2026-06,Suffolk Constabulary,Suffolk Constabulary,1.138679,52.062247,On or near Prospect Road,E01030023,Ipswich 006B,Violence and sexual offences,Unable to prosecute suspect,
7e0316bcf0169ced0f9f0cedde8f21896f80f6de08cf274de08bbd8a78df8153,2026-06,Suffolk Constabulary,Suffolk Constabulary,1.136579,52.059759,On or near Shopping Area,E01030023,Ipswich 006B,Violence and sexual offences,Awaiting court outcome,
,2026-06,Suffolk Constabulary,Suffolk Constabulary,1.140202,52.061496,On or near Rendlesham Road,E01030024,Ipswich 006C,Anti-social behaviour,,
,2026-06,Suffolk Constabulary,Suffolk Constabulary,1.146396,52.062023,On or near Newson Street,E01030024,Ipswich 006C,Anti-social behaviour,,
,2026-06,Suffolk Constabulary,Suffolk Constabulary,1.145917,52.061631,On or near Gymnasium Street,E01030024,Ipswich 006C,Anti-social behaviour,,
,2026-06,Suffolk Constabulary,Suffolk Constabulary,1.140202,52.061496,On or near Rendlesham Road,E01030024,Ipswich 006C,Anti-social behaviour,,
,2026-06,Suffolk Constabulary,Suffolk Constabulary,1.142842,52.061273,On or near Gaye Street,E01030024,Ipswich 006C,Anti-social behaviour,,
08eefbd3ab2ebd149c993d16d01fc81b64bfa69ffbae8f0286f1151757339055,2026-06,Suffolk Constabulary,Suffolk Constabulary,1.145639,52.060595,On or near Supermarket,E01030024,Ipswich 006C,Drugs,Under investigation,
d68ddccfe6bf401d8666069032ac353c5202852b47c9d6bea0b0a9bb6d1a6f50,2026-06,Suffolk Constabulary,Suffolk Constabulary,1.143819,52.061067,On or near Granville Street,E01030024,Ipswich 006C,Drugs,Awaiting court outcome,
21706f2a1491eed24f49f3a5a679c184f2ea452671ab6f62546b41fa2d8897c5,2026-06,Suffolk Constabulary,Suffolk Constabulary,1.143819,52.061067,On or near Granville Street,E01030024,Ipswich 006C,Drugs,Local resolution,
4b930b2722d21c8dcb1451c25e149ecd7b11444dad3195716e35e7344c0e33ae,2026-06,Suffolk Constabulary,Suffolk Constabulary,1.143727,52.060575,On or near Clarkson Street,E01030024,Ipswich 006C,Drugs,Under investigation,
28d1df5b0055a3b706618a783c063c4f47fce7416f0270564a5c996dc881238b,2026-06,Suffolk Constabulary,Suffolk Constabulary,1.144333,52.061737,On or near South Street,E01030024,Ipswich 006C,Other theft,Investigation complete; no suspect identified,
56a756bc488813b6e394d759e2673ea6aafa397390db1f0bd6d7af70bf1c3cb2,2026-06,Suffolk Constabulary,Suffolk Constabulary,1.143819,52.061067,On or near Granville Street,E01030024,Ipswich 006C,Public order,Under investigation,
28fb094a758e98b8de69d9dfa8bd963eea4593979b9b86eff8d554d1dba052d0,2026-06,Suffolk Constabulary,Suffolk Constabulary,1.142842,52.061273,On or near Gaye Street,E01030024,Ipswich 006C,Public order,Under investigation,
f9c8ac8b3d8f12c7ad9a5bce78dc1f817a59cfd168d81e23fe49fa03554da14c,2026-06,Suffolk Constabulary,Suffolk Constabulary,1.140202,52.061496,On or near Rendlesham Road,E01030024,Ipswich 006C,Public order,Under investigation,
74ed08b876713c18dd7ec8b280868685ad54399d2285d29f5a80686326e814f9,2026-06,Suffolk Constabulary,Suffolk Constabulary,1.145639,52.060595,On or near Supermarket,E01030024,Ipswich 006C,Shoplifting,Under investigation,
eccd63fd807ddf3b5f2b1ea3642d32f70a4b115cf14fd370b5841814047283f7,2026-06,Suffolk Constabulary,Suffolk Constabulary,1.146278,52.060551,On or near Barrack Lane,E01030024,Ipswich 006C,Theft from the person,Under investigation,
bd1b6acc0e4931e35fc1476612d539ff7ab2113518f64fc719f32c15fc02b8e1,2026-06,Suffolk Constabulary,Suffolk Constabulary,1.140202,52.061496,On or near Rendlesham Road,E01030024,Ipswich 006C,Vehicle crime,Investigation complete; no suspect identified,
fcb5f7543feb2dcb01073b7f78fffc65c8e249c2eb8aa562905bf045617ae07a,2026-06,Suffolk Constabulary,Suffolk Constabulary,1.142842,52.061273,On or near Gaye Street,E01030024,Ipswich 006C,Vehicle crime,Under investigation,
c86286e17d85bfdba1e45169e4b9add431d79a25060eb0eb98c47c9917e39871,2026-06,Suffolk Constabulary,Suffolk Constabulary,1.141173,52.060984,On or near Bulwer Road,E01030024,Ipswich 006C,Violence and sexual offences,Under investigation,
ea3efa921b791c978b5b9e0b497f478a8079ee546e8450768c590766ee4a3b5d,2026-06,Suffolk Constabulary,Suffolk Constabulary,1.140908,52.062826,On or near Beaufort Street,E01030024,Ipswich 006C,Violence and sexual offences,Under investigation,
524c138039bac5f73c9e049b8de681e0c0b21aa57004836cb766993df2f51386,2026-06,Suffolk Constabulary,Suffolk Constabulary,1.142842,52.061273,On or near Gaye Street,E01030024,Ipswich 006C,Violence and sexual offences,Under investigation,
59ee35cf8e7c83d00d6a612614552743c51705b228d6fc35cc1d7932acb5475f,2026-06,Suffolk Constabulary,Suffolk Constabulary,1.145917,52.061631,On or near Gymnasium Street,E01030024,Ipswich 006C,Violence and sexual offences,Unable to prosecute suspect,
6cfb795c02b616d3b78a16775166b2f74f4fb99c636f9c8336cb4f600de8208f,2026-06,Suffolk Constabulary,Suffolk Constabulary,1.140908,52.062826,On or near Beaufort Street,E01030024,Ipswich 006C,Violence and sexual offences,Under investigation,
cbba1ed581bdfc7d0885c4afdb23a9a96f16bbdc8d1fd21078d141484a0a40a2,2026-06,Suffolk Constabulary,Suffolk Constabulary,1.140202,52.061496,On or near Rendlesham Road,E01030024,Ipswich 006C,Violence and sexual offences,Under investigation,
f224f7ddd54963e27811cb76d82ded5ab148381e742b18c941eb861086ec4441,2026-06,Suffolk Constabulary,Suffolk Constabulary,1.140908,52.062826,On or near Beaufort Street,E01030024,Ipswich 006C,Violence and sexual offences,Unable to prosecute suspect,
cd1b4c37d863af7389e5acf46a9e090b0ac4383a01e164e009e2ebe18c1207b9,2026-06,Suffolk Constabulary,Suffolk Constabulary,1.140908,52.062826,On or near Beaufort Street,E01030024,Ipswich 006C,Violence and sexual offences,Under investigation,
19c4c4a5ba7c7a7e1ed26d7a3a2e01d0be89bb502c4370e41ee64096df358d6a,2026-06,Suffolk Constabulary,Suffolk Constabulary,1.140908,52.062826,On or near Beaufort Street,E01030024,Ipswich 006C,Violence and sexual offences,Awaiting court outcome,
ba30bdbeb6bf416b4428f9fb31269a0242bf61900343d9c277b189b886d9f9e0,2026-06,Suffolk Constabulary,Suffolk Constabulary,1.141173,52.060984,On or near Bulwer Road,E01030024,Ipswich 006C,Violence and sexual offences,Unable to prosecute suspect,
68db0964ffb2052a09914d1aa47913da91e5c3f88ea4ab95795b114595b8b135,2026-06,Suffolk Constabulary,Suffolk Constabulary,1.145639,52.060595,On or near Supermarket,E01030024,Ipswich 006C,Violence and sexual offences,Unable to prosecute suspect,
0c3d30c9a97e3cb7682c60dc9e517c1ef2b16f7dfb844bc5afac4a879234556a,2026-06,Suffolk Constabulary,Suffolk Constabulary,1.145639,52.060595,On or near Supermarket,E01030024,Ipswich 006C,Violence and sexual offences,Unable to prosecute suspect,
fa40c31095e733845d8429f0a43f8a7930501b2b26e6f4f53b9c55f338a6a09f,2026-06,Suffolk Constabulary,Suffolk Constabulary,1.145917,52.061631,On or near Gymnasium Street,E01030024,Ipswich 006C,Violence and sexual offences,Under investigation,
f3cc7df56f8389713d0b91e54359dc8aa1ad76fae0d3ae2608f4c5abe3a453b6,2026-06,Suffolk Constabulary,Suffolk Constabulary,1.143819,52.061067,On or near Granville Street,E01030024,Ipswich 006C,Violence and sexual offences,Under investigation,
0a2501d39f237e46b3dd278e0b566bb4b7643219cf88c2ee1933edaaed70ecbc,2026-06,Suffolk Constabulary,Suffolk Constabulary,1.140908,52.062826,On or near Beaufort Street,E01030024,Ipswich 006C,Violence and sexual offences,Unable to prosecute suspect,
25a241839e1afb0fd84218c5f2c617735d3d5b8f8aa9b2af9482d5545911b808,2026-06,Suffolk Constabulary,Suffolk Constabulary,1.146278,52.060551,On or near Barrack Lane,E01030024,Ipswich 006C,Violence and sexual offences,Under investigation,
602365f84ce18b1d3f10a74979a4a66addb972a094d984b749cca78b941fe94e,2026-06,Suffolk Constabulary,Suffolk Constabulary,1.141173,52.060984,On or near Bulwer Road,E01030024,Ipswich 006C,Violence and sexual offences,Under investigation,
3e2af24afa04028d20f7b1b056c4951a50c245dc0f04d7b5e4b123a8db38f479,2026-06,Suffolk Constabulary,Suffolk Constabulary,1.141173,52.060984,On or near Bulwer Road,E01030024,Ipswich 006C,Violence and sexual offences,Under investigation,
e96adb960176380d2806c95fe3386112a43324bdd437c489101cb6ef5786aec3,2026-06,Suffolk Constabulary,Suffolk Constabulary,1.142842,52.061273,On or near Gaye Street,E01030024,Ipswich 006C,Other crime,Under investigation,
,2026-06,Suffolk Constabulary,Suffolk Constabulary,1.149087,52.060242,On or near Bedford Street,E01030025,Ipswich 006D,Anti-social behaviour,,
27f57e65731632790c930a4ff9f19417065d2bbb8b6aafb34269eae89ac19f01,2026-06,Suffolk Constabulary,Suffolk Constabulary,1.153448,52.060216,On or near Fitzroy Street,E01030025,Ipswich 006D,Bicycle theft,Under investigation,
b21879f7d7f5e712738c53afc2cf6a527d1906790ae4b3812e07cacd577310a0,2026-06,Suffolk Constabulary,Suffolk Constabulary,1.148376,52.059677,On or near St Matthew'S Street,E01030025,Ipswich 006D,Criminal damage and arson,Investigation complete; no suspect identified,
2b56ea219a2fdfabb0bfb48147fe392a326f05166467c93a481bef09ecb4832d,2026-06,Suffolk Constabulary,Suffolk Constabulary,1.148376,52.059677,On or near St Matthew'S Street,E01030025,Ipswich 006D,Criminal damage and arson,Under investigation,
d5c887453da45a50d4b6b4118958ca04d79c4fdcc097c063608ddd1fa4d6b091,2026-06,Suffolk Constabulary,Suffolk Constabulary,1.148376,52.059677,On or near St Matthew'S Street,E01030025,Ipswich 006D,Drugs,Awaiting court outcome,
47cf4ec2504b354b4f648ec72fe835c18a5af94ad28ffca284285c237cde3dcd,2026-06,Suffolk Constabulary,Suffolk Constabulary,1.154540,52.059971,On or near William Street,E01030025,Ipswich 006D,Other theft,Under investigation,
3698b84d9184f165c66ac351fe98353d42831926abd9a3c31a2d9a08c0184ec1,2026-06,Suffolk Constabulary,Suffolk Constabulary,1.154540,52.059971,On or near William Street,E01030025,Ipswich 006D,Other theft,Under investigation,
083c83b42927e1e6f377a156244e9fea8b5b2b94c1d4881fa60fca84fa310f2d,2026-06,Suffolk Constabulary,Suffolk Constabulary,1.147750,52.062590,On or near Geneva Road,E01030025,Ipswich 006D,Public order,Under investigation,
e3283800f2db4fe78e46d12a5ad8bf29cad3acdd56c82a699a5d8fcee0ee22b9,2026-06,Suffolk Constabulary,Suffolk Constabulary,1.148376,52.059677,On or near St Matthew'S Street,E01030025,Ipswich 006D,Public order,Awaiting court outcome,
a46b54f2dc698ffe976c3693d3e9ff3545bdb7a277cafb8ac937a86e8811aa76,2026-06,Suffolk Constabulary,Suffolk Constabulary,1.150960,52.060111,On or near High Street,E01030025,Ipswich 006D,Public order,Under investigation,
ff4c7678ac78994c814bca2032efc9a7b91ecb110111faa8f8c2aaa3e0f15d0f,2026-06,Suffolk Constabulary,Suffolk Constabulary,1.148940,52.061263,On or near Berners Street,E01030025,Ipswich 006D,Public order,Under investigation,
d5efce0846abaeb8da2ab7c228ab9d67e6b558d902e43d5806643c6e56486dbf,2026-06,Suffolk Constabulary,Suffolk Constabulary,1.148376,52.059677,On or near St Matthew'S Street,E01030025,Ipswich 006D,Robbery,Investigation complete; no suspect identified,
7311a1e2522846785e519e7f2f0abd798beecb63410a14cb21a99f398501fe6d,2026-06,Suffolk Constabulary,Suffolk Constabulary,1.148376,52.059677,On or near St Matthew'S Street,E01030025,Ipswich 006D,Shoplifting,Awaiting court outcome,
3462f648da4e5c415dd53f087154e43aa07d8504a4666fa69db2f36191ce5977,2026-06,Suffolk Constabulary,Suffolk Constabulary,1.148376,52.059677,On or near St Matthew'S Street,E01030025,Ipswich 006D,Shoplifting,Awaiting court outcome,
10b604ee98a0c6cb8bb601e06172eea50fca9a2cafa7f9011999ccb4e3359543,2026-06,Suffolk Constabulary,Suffolk Constabulary,1.148376,52.059677,On or near St Matthew'S Street,E01030025,Ipswich 006D,Shoplifting,Under investigation,
1c1554cbf3a320629039c4b3347217b58de98113e72310f8a889b2d27e3851d9,2026-06,Suffolk Constabulary,Suffolk Constabulary,1.153448,52.060216,On or near Fitzroy Street,E01030025,Ipswich 006D,Violence and sexual offences,Under investigation,
98a446138accb49df8b3113d54f57bb88200c12284dd809a4e63fef2f7996e11,2026-06,Suffolk Constabulary,Suffolk Constabulary,1.149156,52.059557,On or near Shopping Area,E01030025,Ipswich 006D,Violence and sexual offences,Under investigation,
bd4c575567fd7cebaa708abc9b1c5c7f7d6f195d2d16fa3b18ad824788b84c2c,2026-06,Suffolk Constabulary,Suffolk Constabulary,1.149087,52.060242,On or near Bedford Street,E01030025,Ipswich 006D,Violence and sexual offences,Unable to prosecute suspect,
5f5c09a93ee316749adb35db737f6a072fa2dc02c78e6a42f3c429004bedb4e0,2026-06,Suffolk Constabulary,Suffolk Constabulary,1.148376,52.059677,On or near St Matthew'S Street,E01030025,Ipswich 006D,Violence and sexual offences,Under investigation,
e9a264599a276106737779d74b2f8738da790849fddbbc099f92cad420bfddc4,2026-06,Suffolk Constabulary,Suffolk Constabulary,1.148376,52.059677,On or near St Matthew'S Street,E01030025,Ipswich 006D,Violence and sexual offences,Investigation complete; no suspect identified,
8d545d59928681df657bc56ba2f31ae8217f35aa38c3d01dd382ae89603ebf81,2026-06,Suffolk Constabulary,Suffolk Constabulary,1.155115,52.059856,On or near Navarre Street,E01030025,Ipswich 006D,Violence and sexual offences,Under investigation,
,2026-06,Suffolk Constabulary,Suffolk Constabulary,1.129435,52.064436,On or near Riverside Road,E01030026,Ipswich 006E,Anti-social behaviour,,
f3e6d0d7ec31ee027142939299fe6225072793351ba03b91ecb16d93196239ae,2026-06,Suffolk Constabulary,Suffolk Constabulary,1.133346,52.068613,On or near Springfield Lane,E01030026,Ipswich 006E,Burglary,Under investigation,
b90a08a639c6daf49f271e782214dd4e0a34fd7d068b67208fd0b7e74a6684d5,2026-06,Suffolk Constabulary,Suffolk Constabulary,1.131133,52.068681,On or near Matson Road,E01030026,Ipswich 006E,Criminal damage and arson,Under investigation,
2e3e71e942528bc548971e9468b980ede4e627c99d1babd016cd02d6fa7345d1,2026-06,Suffolk Constabulary,Suffolk Constabulary,1.133346,52.068613,On or near Springfield Lane,E01030026,Ipswich 006E,Criminal damage and arson,Unable to prosecute suspect,
97df5acf672c3df5e85ceece528b4e5a609feca36aeffa3f39203904ca1c1377,2026-06,Suffolk Constabulary,Suffolk Constabulary,1.128581,52.065583,On or near Bayswater Close,E01030026,Ipswich 006E,Criminal damage and arson,Under investigation,
2acfca5a87a1d8dc8bd87fb79f72e06bd0b51a337f553d78d2a75750f985020f,2026-06,Suffolk Constabulary,Suffolk Constabulary,1.133346,52.068613,On or near Springfield Lane,E01030026,Ipswich 006E,Criminal damage and arson,Under investigation,
cece0b59c9045f460ed8100df8f64089f4a520d0cab0517907ed5623b71d7ac3,2026-06,Suffolk Constabulary,Suffolk Constabulary,1.130892,52.067743,On or near Putney Close,E01030026,Ipswich 006E,Drugs,Under investigation,
4c06739631a67873dfd468039e091e44dc277aa3bf5a24bd212c3cfbaad81daa,2026-06,Suffolk Constabulary,Suffolk Constabulary,1.133507,52.069445,On or near Brookfield Road,E01030026,Ipswich 006E,Violence and sexual offences,Under investigation,
4845672a74f9d15bc5c9081bb0de8c51a7a34825ea6166b0e576c7b03b0bd409,2026-06,Suffolk Constabulary,Suffolk Constabulary,1.130175,52.066251,On or near Wesley Way,E01030026,Ipswich 006E,Violence and sexual offences,Local resolution,
eb173f1f8b7cc964f87d6d6c6752a6bed1877e3cab2837959cc6a986f90b418d,2026-06,Suffolk Constabulary,Suffolk Constabulary,1.133346,52.068613,On or near Springfield Lane,E01030026,Ipswich 006E,Violence and sexual offences,Under investigation,
53d88b41639d689ddf1758fdd9c750c657c712c2c334b70c94b66b1693c06421,2026-06,Suffolk Constabulary,Suffolk Constabulary,1.129435,52.064436,On or near Riverside Road,E01030026,Ipswich 006E,Violence and sexual offences,Under investigation,
6d1a1f44b84b69e446295354c547119c3bb00d00b7d74341c0d74c85342f6583,2026-06,Suffolk Constabulary,Suffolk Constabulary,1.129716,52.067207,On or near Kingston Road,E01030026,Ipswich 006E,Violence and sexual offences,Under investigation,
c59ba72c1d79faa0a9765fa29b89157ed75a743efb54bd25ae59f143b310ef00,2026-06,Suffolk Constabulary,Suffolk Constabulary,1.129716,52.067207,On or near Kingston Road,E01030026,Ipswich 006E,Violence and sexual offences,Under investigation,
b672f27c4ae299440ce67e789751aa31de76b694c0f9015b1acb831a604bcc6c,2026-06,Suffolk Constabulary,Suffolk Constabulary,1.180877,52.059154,On or near Spring Road,E01029958,Ipswich 007A,Other theft,Under investigation,
6d32685e9016b808adfd39ea1d1b90b0ff96f3a93188ac5529b208edaaabd3f4,2026-06,Suffolk Constabulary,Suffolk Constabulary,1.180767,52.058222,On or near Upland Road,E01029958,Ipswich 007A,Other theft,Under investigation,
7884e8bba3c0253aa0293834ca9ab7fe3e5368568cf95b25d320ac6f8d396587,2026-06,Suffolk Constabulary,Suffolk Constabulary,1.180767,52.058222,On or near Upland Road,E01029958,Ipswich 007A,Public order,Under investigation,
e10e7c6b184364b99009f93adda26cb981c2b86ca4214c8d26e61a03e5aba1af,2026-06,Suffolk Constabulary,Suffolk Constabulary,1.182401,52.054328,On or near Derby Close,E01029958,Ipswich 007A,Public order,Investigation complete; no suspect identified,
987d49ed894831d2a48e0d2cdb65270921c89e7f143c39597c0ca6d6c70c4ac6,2026-06,Suffolk Constabulary,Suffolk Constabulary,1.182728,52.058717,On or near Supermarket,E01029958,Ipswich 007A,Shoplifting,Investigation complete; no suspect identified,
9d4de829bcf06de1e18683fc52b18696a6cdfd420dba12aab0eb33c0a1cc5642,2026-06,Suffolk Constabulary,Suffolk Constabulary,1.176911,52.057750,On or near Cornwallis Terrace,E01029958,Ipswich 007A,Violence and sexual offences,Action to be taken by another organisation,
ebcbcdeea5f5e25f1a5fea3dd385cb232ed21682f8edd8397fac7c210edb110f,2026-06,Suffolk Constabulary,Suffolk Constabulary,1.171783,52.057457,On or near Bartholomew Street,E01029960,Ipswich 007C,Criminal damage and arson,Awaiting court outcome,
318c87c88ce577a4aa6e3596fea9145e289deed82da05931e3c35637a3fd6796,2026-06,Suffolk Constabulary,Suffolk Constabulary,1.170450,52.056350,On or near Grange Road,E01029960,Ipswich 007C,Criminal damage and arson,Under investigation,
edee441aad50392828480b694d31130f40f8b4e7e014d53b36a2f8ab214dcaa2,2026-06,Suffolk Constabulary,Suffolk Constabulary,1.166359,52.059366,On or near Lacey Street,E01029960,Ipswich 007C,Criminal damage and arson,Investigation complete; no suspect identified,
b856ce8e7b1fc94466a248a9065d7d6f6002f01969caddbc4e88fa30b24d0c10,2026-06,Suffolk Constabulary,Suffolk Constabulary,1.171783,52.057457,On or near Bartholomew Street,E01029960,Ipswich 007C,Criminal damage and arson,Under investigation,
a178eeb7111924adf4c3163d2a3c0452c9256c9e03fb185b459f2b0a1c3e1059,2026-06,Suffolk Constabulary,Suffolk Constabulary,1.171783,52.057457,On or near Bartholomew Street,E01029960,Ipswich 007C,Public order,Unable to prosecute suspect,
f86e0499a81881f6e0fcf48468f903f9510b30cf08dc13108e2899f4cae58bbb,2026-06,Suffolk Constabulary,Suffolk Constabulary,1.171783,52.057457,On or near Bartholomew Street,E01029960,Ipswich 007C,Violence and sexual offences,Under investigation,
acac033f5d2932ad234280c7591cc27e5c1e86a44adf78960fb748ebeec1247d,2026-06,Suffolk Constabulary,Suffolk Constabulary,1.170594,52.061473,On or near Tydeman Close,E01029960,Ipswich 007C,Violence and sexual offences,Unable to prosecute suspect,
408cbe257715eb905e020a68aeb99db1065d09c6b258b60dde727666703660e6,2026-06,Suffolk Constabulary,Suffolk Constabulary,1.170450,52.056350,On or near Grange Road,E01029960,Ipswich 007C,Violence and sexual offences,Under investigation,
2a82932aff00e45931f3e5eee1ac8d2d578e6241ca9b0afc4fcd91d7138fdfb6,2026-06,Suffolk Constabulary,Suffolk Constabulary,1.171410,52.059391,On or near Belle Vue Road,E01029960,Ipswich 007C,Violence and sexual offences,Under investigation,
999acfe393d4f38bc9aceb7e187d2bc96325a787b5e08117497d44ce9a88147c,2026-06,Suffolk Constabulary,Suffolk Constabulary,1.169945,52.057668,On or near Nottidge Road,E01029960,Ipswich 007C,Violence and sexual offences,Action to be taken by another organisation,
75589de0527090a10104475acfefa71787b5d85efee0a49c23f0fd62605e0b53,2026-06,Suffolk Constabulary,Suffolk Constabulary,1.170450,52.056350,On or near Grange Road,E01029960,Ipswich 007C,Violence and sexual offences,Under investigation,
a05feca8efe21da0aaf80c1d9048c2bfe03c7345181cbd11ab04397f8e4a3b3e,2026-06,Suffolk Constabulary,Suffolk Constabulary,1.175843,52.057104,On or near Springhurst Close,E01029960,Ipswich 007C,Violence and sexual offences,Under investigation,
db1f2dd600d117c24bfd08a4fea6381f2d7e2e7d0d4e51ae8acc61ab67d2e23f,2026-06,Suffolk Constabulary,Suffolk Constabulary,1.170594,52.061473,On or near Tydeman Close,E01029960,Ipswich 007C,Violence and sexual offences,Under investigation,
643416833ba99885eb110e67d2d900c92294921af8f9e61b16cb5830febedd45,2026-06,Suffolk Constabulary,Suffolk Constabulary,1.170189,52.061934,On or near Russet Road,E01029960,Ipswich 007C,Violence and sexual offences,Under investigation,
cf6da2667932e8d94092c907349be18505664350b0cbf6f431537e5fcba30dbf,2026-06,Suffolk Constabulary,Suffolk Constabulary,1.171715,52.055678,On or near Finbars Walk,E01029960,Ipswich 007C,Violence and sexual offences,Unable to prosecute suspect,
2fc2772b943fb4442437dc8f01a9d681c5e44f06092df1a7898200ec6a2666c8,2026-06,Suffolk Constabulary,Suffolk Constabulary,1.166359,52.059366,On or near Lacey Street,E01029960,Ipswich 007C,Violence and sexual offences,Under investigation,
,2026-06,Suffolk Constabulary,Suffolk Constabulary,1.180212,52.053911,On or near Fuchsia Lane,E01029961,Ipswich 007D,Anti-social behaviour,,
f43cbc0af6579a91096cd4d78ae25c143d4ffaa69619e6d8493b73134a755ee4,2026-06,Suffolk Constabulary,Suffolk Constabulary,1.176217,52.053326,On or near Ruskin Road,E01029961,Ipswich 007D,Criminal damage and arson,Under investigation,
eebc93c7c872e466a6a374060059e6867292b7c67d8020cb97ef59f145003995,2026-06,Suffolk Constabulary,Suffolk Constabulary,1.173608,52.055213,On or near Melville Road,E01029961,Ipswich 007D,Criminal damage and arson,Under investigation,
f9844964a063242d0b43456830d7dd493c36a1c7c492aae75597d8c620af5e9e,2026-06,Suffolk Constabulary,Suffolk Constabulary,1.176309,52.054825,On or near Wellesley Road,E01029961,Ipswich 007D,Violence and sexual offences,Under investigation,
bf8818d2042fb5e5b2e2a49adc8c5fe82ca5bbd28f18b06801ac543d6382b15f,2026-06,Suffolk Constabulary,Suffolk Constabulary,1.178195,52.053650,On or near Faraday Road,E01029961,Ipswich 007D,Violence and sexual offences,Action to be taken by another organisation,
496953a7129adabb354f7545a5bd8543a82069e6737ed2630e4fef911c464943,2026-06,Suffolk Constabulary,Suffolk Constabulary,1.176309,52.054825,On or near Wellesley Road,E01029961,Ipswich 007D,Violence and sexual offences,Under investigation,
c39c1755246bb77ea7db3207a938e9d8d6810985f801c62c397e8c450e8afba7,2026-06,Suffolk Constabulary,Suffolk Constabulary,1.176309,52.054825,On or near Wellesley Road,E01029961,Ipswich 007D,Violence and sexual offences,Under investigation,
6fc6286da02008b4f4bd30d43e0c1d30cca061aa06a3a8ff670005abe7a901ad,2026-06,Suffolk Constabulary,Suffolk Constabulary,1.163426,52.057709,On or near Argyle Street,E01029962,Ipswich 007E,Criminal damage and arson,Local resolution,
3012f55548d4f3996abf4be285ca002a9216f030037423170a872a1b88905faf,2026-06,Suffolk Constabulary,Suffolk Constabulary,1.167805,52.057528,On or near Lancaster Road,E01029962,Ipswich 007E,Criminal damage and arson,Under investigation,
aa79bffb4b77dd5a6c983f18e651dba07f1a520bab605b14989e869d10ede677,2026-06,Suffolk Constabulary,Suffolk Constabulary,1.163426,52.057709,On or near Argyle Street,E01029962,Ipswich 007E,Drugs,Local resolution,
107d1e2eb50ed65adf913a87dd9167711dd9ea30211a1307837ea35790bbb856,2026-06,Suffolk Constabulary,Suffolk Constabulary,1.163426,52.057709,On or near Argyle Street,E01029962,Ipswich 007E,Other theft,Investigation complete; no suspect identified,
a6b99a94e65ce9730073195f19dd8eab6bf660bec0ac0d934863110a389c0807,2026-06,Suffolk Constabulary,Suffolk Constabulary,1.162863,52.057580,On or near Clench Close,E01029962,Ipswich 007E,Theft from the person,Investigation complete; no suspect identified,
e76a4ebf349fff6f50237482f3fc17c225ef27b7fafbf23761eb6f85a5b460a3,2026-06,Suffolk Constabulary,Suffolk Constabulary,1.169970,52.054924,On or near Grove Lane,E01029962,Ipswich 007E,Vehicle crime,Investigation complete; no suspect identified,
74ef6ab2f95592f797955b19a98e5b6d832b53d5b10d7992c5b1ebb830e24aab,2026-06,Suffolk Constabulary,Suffolk Constabulary,1.163426,52.057709,On or near Argyle Street,E01029962,Ipswich 007E,Violence and sexual offences,Under investigation,
f49be3f17e57e86f871cf7770385fc881529e53c9ef2d39d92fd6cff0c0d3a75,2026-06,Suffolk Constabulary,Suffolk Constabulary,1.163426,52.057709,On or near Argyle Street,E01029962,Ipswich 007E,Violence and sexual offences,Under investigation,
7d138cb5fb878210f87024f3a97fade7768de74fa3fdff9034ab04bbba119dc3,2026-06,Suffolk Constabulary,Suffolk Constabulary,1.163426,52.057709,On or near Argyle Street,E01029962,Ipswich 007E,Violence and sexual offences,Awaiting court outcome,
bb55141b9eb5452b50f5d53bf0f87cade3a160696f98b7f50bf6306ba3aace6e,2026-06,Suffolk Constabulary,Suffolk Constabulary,1.163426,52.057709,On or near Argyle Street,E01029962,Ipswich 007E,Violence and sexual offences,Under investigation,
,2026-06,Suffolk Constabulary,Suffolk Constabulary,1.154017,52.054624,On or near Parking Area,E01033124,Ipswich 007F,Anti-social behaviour,,
,2026-06,Suffolk Constabulary,Suffolk Constabulary,1.155089,52.052446,On or near Foundry Lane,E01033124,Ipswich 007F,Anti-social behaviour,,
,2026-06,Suffolk Constabulary,Suffolk Constabulary,1.156432,52.053075,On or near Parking Area,E01033124,Ipswich 007F,Anti-social behaviour,,
,2026-06,Suffolk Constabulary,Suffolk Constabulary,1.153744,52.054479,On or near Rose Lane,E01033124,Ipswich 007F,Anti-social behaviour,,
,2026-06,Suffolk Constabulary,Suffolk Constabulary,1.155089,52.052446,On or near Foundry Lane,E01033124,Ipswich 007F,Anti-social behaviour,,
5478a4fc4ce4fd6810be16e8df91978b301ba71afedbcfbbde745073e91c708f,2026-06,Suffolk Constabulary,Suffolk Constabulary,1.154017,52.054624,On or near Parking Area,E01033124,Ipswich 007F,Burglary,Investigation complete; no suspect identified,
d32e1ed4a5fd3e380994b308083daccae997798cb74381097591218a173eafd7,2026-06,Suffolk Constabulary,Suffolk Constabulary,1.153744,52.054479,On or near Rose Lane,E01033124,Ipswich 007F,Criminal damage and arson,Investigation complete; no suspect identified,
ad013dee190b80972d74e68130a0035c2fbd6ee1d1c69ba6d59fbb715bddee16,2026-06,Suffolk Constabulary,Suffolk Constabulary,1.153744,52.054479,On or near Rose Lane,E01033124,Ipswich 007F,Criminal damage and arson,Investigation complete; no suspect identified,
8642d61d96e8a945856d42967d95812097a52397e717d6f997b4084da78eb9a6,2026-06,Suffolk Constabulary,Suffolk Constabulary,1.163459,52.052392,On or near Further/Higher Educational Building,E01033124,Ipswich 007F,Drugs,Local resolution,
aa3b7214cb6888121931e4cbc8e350ce0085d5f205651e6f531753d8609be4dd,2026-06,Suffolk Constabulary,Suffolk Constabulary,1.152132,52.053541,On or near Greyfriars Road,E01033124,Ipswich 007F,Other theft,Under investigation,
32d7c786fb402e0ecf1ae1d387358ee4ec79d7e0621bc1208a783a414b508a33,2026-06,Suffolk Constabulary,Suffolk Constabulary,1.159070,52.052636,On or near Common Quay,E01033124,Ipswich 007F,Other theft,Under investigation,
31316ae2606638f06e904b0a5f97c763c0c702c42c18dc415e2b09459cb0667f,2026-06,Suffolk Constabulary,Suffolk Constabulary,1.159070,52.052636,On or near Common Quay,E01033124,Ipswich 007F,Other theft,Investigation complete; no suspect identified,
23f8ef3a20e7ecf24a5a925367810f1f3e98b2aa192647d0e0348bf25ac2e52b,2026-06,Suffolk Constabulary,Suffolk Constabulary,1.150707,52.052779,On or near Parking Area,E01033124,Ipswich 007F,Other theft,Investigation complete; no suspect identified,
2491ee531d2209257c98458474a7143602f104bb07bc27cd0c0c244b252797ed,2026-06,Suffolk Constabulary,Suffolk Constabulary,1.161532,52.053199,On or near Fore Street,E01033124,Ipswich 007F,Public order,Under investigation,
7e7d6e25fc0843d80c56aef5f34b5560fe09b9dd3665e10311c8fff2db9bf3cf,2026-06,Suffolk Constabulary,Suffolk Constabulary,1.161532,52.053199,On or near Fore Street,E01033124,Ipswich 007F,Violence and sexual offences,Under investigation,
0dfbda3023df78f41d9ffaa4012bad3eaad4faff2a9378c0a19bfc57074bc48b,2026-06,Suffolk Constabulary,Suffolk Constabulary,1.152252,52.055247,On or near Cromwell Square,E01033124,Ipswich 007F,Violence and sexual offences,Under investigation,
c6dd849db496bd7fcce0e15a05b01c803266d521c33ec682d443ee130ecbcaea,2026-06,Suffolk Constabulary,Suffolk Constabulary,1.161532,52.053199,On or near Fore Street,E01033124,Ipswich 007F,Violence and sexual offences,Investigation complete; no suspect identified,
d0addb06beafac9349ea9a60fcb2d7019ce693ad4882b0c9a4e6c01d9d3a9a75,2026-06,Suffolk Constabulary,Suffolk Constabulary,1.154017,52.054624,On or near Parking Area,E01033124,Ipswich 007F,Violence and sexual offences,Under investigation,
26bc5df4a4786e7efd0283b0e00bda54d6b796e13bbc996a457250dceb0a87fb,2026-06,Suffolk Constabulary,Suffolk Constabulary,1.154017,52.054624,On or near Parking Area,E01033124,Ipswich 007F,Violence and sexual offences,Under investigation,
2e5b6fdb021d8ce72bc48c55a7a1224c905b2c8f8a19796be9854a2160e47554,2026-06,Suffolk Constabulary,Suffolk Constabulary,1.154017,52.054624,On or near Parking Area,E01033124,Ipswich 007F,Violence and sexual offences,Awaiting court outcome,
17b7caddec967ed1924a429e3a7883f868b557adedb92c4a6472275abeebab32,2026-06,Suffolk Constabulary,Suffolk Constabulary,1.153744,52.054479,On or near Rose Lane,E01033124,Ipswich 007F,Violence and sexual offences,Under investigation,
5f5db88b602d9aade8ef0b76977e60594b565956c1f7a4642f1e60f45641966b,2026-06,Suffolk Constabulary,Suffolk Constabulary,1.152219,52.052712,On or near Parking Area,E01033124,Ipswich 007F,Violence and sexual offences,Under investigation,
f130c276b8b0854b646a40649c0430f1a3c3fd534bc496de287b2cce36accc66,2026-06,Suffolk Constabulary,Suffolk Constabulary,1.159070,52.052636,On or near Common Quay,E01033124,Ipswich 007F,Violence and sexual offences,Under investigation,
14bab475f4824a26568e46d8d87d976302007122b956f674e8a7b0ed35cb3b40,2026-06,Suffolk Constabulary,Suffolk Constabulary,1.163459,52.052392,On or near Further/Higher Educational Building,E01033124,Ipswich 007F,Violence and sexual offences,Under investigation,
,2026-06,Suffolk Constabulary,Suffolk Constabulary,1.157778,52.053750,On or near Pleasant Row,E01033125,Ipswich 007G,Anti-social behaviour,,
,2026-06,Suffolk Constabulary,Suffolk Constabulary,1.153011,52.058357,On or near Lloyds Avenue,E01033125,Ipswich 007G,Anti-social behaviour,,
,2026-06,Suffolk Constabulary,Suffolk Constabulary,1.154850,52.055349,On or near Bus/Coach Station,E01033125,Ipswich 007G,Anti-social behaviour,,
,2026-06,Suffolk Constabulary,Suffolk Constabulary,1.151803,52.057373,On or near King Street,E01033125,Ipswich 007G,Anti-social behaviour,,
,2026-06,Suffolk Constabulary,Suffolk Constabulary,1.157778,52.053750,On or near Pleasant Row,E01033125,Ipswich 007G,Anti-social behaviour,,
,2026-06,Suffolk Constabulary,Suffolk Constabulary,1.156197,52.056571,On or near Upper Brook Street,E01033125,Ipswich 007G,Anti-social behaviour,,
,2026-06,Suffolk Constabulary,Suffolk Constabulary,1.150752,52.058597,On or near Westgate Street,E01033125,Ipswich 007G,Anti-social behaviour,,
3355c23aa2ecb0d2f3afbea419e4c63dac961a33986aa86ecde10a1232cb1e4a,2026-06,Suffolk Constabulary,Suffolk Constabulary,1.155761,52.055981,On or near Dogs Head Street,E01033125,Ipswich 007G,Bicycle theft,Under investigation,
1edc292565809e3efc46505c6847942a893fb0e4afe524938e54acd71c724324,2026-06,Suffolk Constabulary,Suffolk Constabulary,1.152581,52.056605,On or near Queen Street,E01033125,Ipswich 007G,Bicycle theft,Under investigation,
5f9b0b0385716cb1992194e86f35b34281e5aadbdf821070dd6c79693c4cc45f,2026-06,Suffolk Constabulary,Suffolk Constabulary,1.148408,52.057436,On or near Parking Area,E01033125,Ipswich 007G,Burglary,Awaiting court outcome,
dca51e7ddf50c44d0d48dab3a713b1d1ab92428afcdd3feb0d1b4922ba87c87e,2026-06,Suffolk Constabulary,Suffolk Constabulary,1.157098,52.054047,On or near Parking Area,E01033125,Ipswich 007G,Burglary,Under investigation,
e8aabedc1cbe196b37ee29c1229f22a3a384fc0e76b4752db16dcc24f048f338,2026-06,Suffolk Constabulary,Suffolk Constabulary,1.156197,52.056571,On or near Upper Brook Street,E01033125,Ipswich 007G,Criminal damage and arson,Under investigation,
fda1f3cfff7b323608b6f4ebc1ddc21d6c834a6775db7f4bf67f5600026e16ed,2026-06,Suffolk Constabulary,Suffolk Constabulary,1.153271,52.059150,On or near Tower Ramparts,E01033125,Ipswich 007G,Criminal damage and arson,Investigation complete; no suspect identified,
b25431e616bf4f9406cdc77d18800f018b8f1c4a8b3c20b1a13b45029f987ffd,2026-06,Suffolk Constabulary,Suffolk Constabulary,1.156197,52.056571,On or near Upper Brook Street,E01033125,Ipswich 007G,Criminal damage and arson,Investigation complete; no suspect identified,
608c34715bd39e3c4e4f1a93b7eb7954fcaf5441c5b28a6bb9d0a11eb0e97a1f,2026-06,Suffolk Constabulary,Suffolk Constabulary,1.157098,52.054047,On or near Parking Area,E01033125,Ipswich 007G,Criminal damage and arson,Investigation complete; no suspect identified,
3da710a4120677e70329f6d4507ba9e757e143eb0071b98458b8a2a21f9964b4,2026-06,Suffolk Constabulary,Suffolk Constabulary,1.156197,52.056571,On or near Upper Brook Street,E01033125,Ipswich 007G,Criminal damage and arson,Under investigation,
51499278628bdb41946723ab978ada97de41181372aae4c629fbcca88faacfd7,2026-06,Suffolk Constabulary,Suffolk Constabulary,1.155792,52.054550,On or near Lower Brook Street,E01033125,Ipswich 007G,Criminal damage and arson,Under investigation,
7cf13cb583114aa052ea31af9dfce6e4c58ac519625c8d34856f6d44a3d0dd99,2026-06,Suffolk Constabulary,Suffolk Constabulary,1.151803,52.057373,On or near King Street,E01033125,Ipswich 007G,Criminal damage and arson,Under investigation,
dc87438e8c598ceabb54071c8ad703062241da75aa5b2517bc9f48a2cc46c087,2026-06,Suffolk Constabulary,Suffolk Constabulary,1.148003,52.058931,On or near Theatre/Concert Hall,E01033125,Ipswich 007G,Criminal damage and arson,Under investigation,
001a00afd40c21553c541379a2b001d7a7e63857e7d0f245b6e3bdc53e1bbd38,2026-06,Suffolk Constabulary,Suffolk Constabulary,1.155761,52.055981,On or near Dogs Head Street,E01033125,Ipswich 007G,Drugs,Under investigation,
f0a75ed6123797d04c92db58404ce85a32e1d9a19a718016b216b62c38980ea5,2026-06,Suffolk Constabulary,Suffolk Constabulary,1.149399,52.057824,On or near Black Horse Lane,E01033125,Ipswich 007G,Drugs,Under investigation,
cd3579ce367d12327966e05b3057e3185bff6f5a9f179c9583411bc4f6dfbbcb,2026-06,Suffolk Constabulary,Suffolk Constabulary,1.153011,52.058357,On or near Lloyds Avenue,E01033125,Ipswich 007G,Drugs,Awaiting court outcome,
22e41a52c4adcc158b643b85b7be8467478d1e6a21a8ac8c1cf5c189c4f73d39,2026-06,Suffolk Constabulary,Suffolk Constabulary,1.155761,52.055981,On or near Dogs Head Street,E01033125,Ipswich 007G,Other theft,Unable to prosecute suspect,
59f90ca22ff5257c27939a4ab0e46b9c1ab02afbda23ece2d73cf279ec20bbc6,2026-06,Suffolk Constabulary,Suffolk Constabulary,1.149950,52.056955,On or near Elm Street,E01033125,Ipswich 007G,Other theft,Under investigation,
e56a80ec0b70d9309970eec2615f9e81a27321885225e9097e2ef5f36d037b39,2026-06,Suffolk Constabulary,Suffolk Constabulary,1.156234,52.057101,On or near B1076,E01033125,Ipswich 007G,Other theft,Unable to prosecute suspect,
eeb90a77c3cdd47a0e52290c47815cb4c90e3da4582618b4df2b3afb24fcbb2d,2026-06,Suffolk Constabulary,Suffolk Constabulary,1.158349,52.053366,On or near Star Lane,E01033125,Ipswich 007G,Other theft,Under investigation,
654c9edf806af4e49d15593de9ea7bb0964cfcdc63ceb3e74f0a0782e560b1f3,2026-06,Suffolk Constabulary,Suffolk Constabulary,1.156197,52.056571,On or near Upper Brook Street,E01033125,Ipswich 007G,Other theft,Under investigation,
b747df5c6f2b6c2d478b6a8315f8d6d038aa4a146df25be926351a3bc715b01f,2026-06,Suffolk Constabulary,Suffolk Constabulary,1.155761,52.055981,On or near Dogs Head Street,E01033125,Ipswich 007G,Other theft,Under investigation,
01d0169ca520c34b8c7731a053fe4b9d5f51fa89536a7f4d7d351b514b74845a,2026-06,Suffolk Constabulary,Suffolk Constabulary,1.156234,52.057101,On or near B1076,E01033125,Ipswich 007G,Possession of weapons,Under investigation,
919ae66fd9c937253700f610d1ef03509869e4b97f51c223cefa52c842073f7e,2026-06,Suffolk Constabulary,Suffolk Constabulary,1.156234,52.057101,On or near B1076,E01033125,Ipswich 007G,Possession of weapons,Under investigation,
decbde506eee41eb614e442c79bb083abb577fb18659f42ece9a58f609a69377,2026-06,Suffolk Constabulary,Suffolk Constabulary,1.155761,52.055981,On or near Dogs Head Street,E01033125,Ipswich 007G,Public order,Under investigation,
3c0d7e8f687a4131271b3fe59b79be9cd5c4c43bcb5668d0267635031a315b07,2026-06,Suffolk Constabulary,Suffolk Constabulary,1.153697,52.055253,On or near Silent Street,E01033125,Ipswich 007G,Public order,Local resolution,
95c34524ab57c86c74f65059806caa0cd125870af72f5db841defc90c8a5548e,2026-06,Suffolk Constabulary,Suffolk Constabulary,1.153011,52.058357,On or near Lloyds Avenue,E01033125,Ipswich 007G,Public order,Unable to prosecute suspect,
1f5e54ead2474d0bdc767c0dd8a78d5c50703c0965e6c03947445d8eec6a3844,2026-06,Suffolk Constabulary,Suffolk Constabulary,1.155761,52.055981,On or near Dogs Head Street,E01033125,Ipswich 007G,Public order,Under investigation,
90fd800f7f52ae56b363025567a14056d3b29f6e6ec10e4863e24e4c78668d25,2026-06,Suffolk Constabulary,Suffolk Constabulary,1.156234,52.057101,On or near B1076,E01033125,Ipswich 007G,Public order,Under investigation,
d6738c528da0e497a8c11a61cb772ebd1fc3d389765db87b8af3e52b074e7209,2026-06,Suffolk Constabulary,Suffolk Constabulary,1.149950,52.056955,On or near Elm Street,E01033125,Ipswich 007G,Public order,Under investigation,
79cd51a57fa4816482476fe39df55ad2a908653a554b8e030040e38d75b9ee5c,2026-06,Suffolk Constabulary,Suffolk Constabulary,1.151547,52.058495,On or near Providence Street,E01033125,Ipswich 007G,Public order,Awaiting court outcome,
7719433ad83e9ad6611813826b43c5993e5bec77ddff54a08c3d414065bce36d,2026-06,Suffolk Constabulary,Suffolk Constabulary,1.154850,52.055349,On or near Bus/Coach Station,E01033125,Ipswich 007G,Public order,Under investigation,
82e73f45d43ddccc2f52ddc6b2558d76ba61845b0500b78897fb8de4742971df,2026-06,Suffolk Constabulary,Suffolk Constabulary,1.153011,52.058357,On or near Lloyds Avenue,E01033125,Ipswich 007G,Public order,Unable to prosecute suspect,
b66e29fe57018ff4d5a54af56174832d388a56453fe80f9b4c08b92d4f11a065,2026-06,Suffolk Constabulary,Suffolk Constabulary,1.151547,52.058495,On or near Providence Street,E01033125,Ipswich 007G,Public order,Under investigation,
e2fbbd9413a5e23592092afcfa5767269bdd76624c91af8b790749e600b6e121,2026-06,Suffolk Constabulary,Suffolk Constabulary,1.151684,52.059281,On or near Parking Area,E01033125,Ipswich 007G,Public order,Under investigation,
b93a3f65f47fd292f740a77e627d3fa860c0f62dbf85037a0ad2c1795949d53b,2026-06,Suffolk Constabulary,Suffolk Constabulary,1.154850,52.055349,On or near Bus/Coach Station,E01033125,Ipswich 007G,Public order,Unable to prosecute suspect,
3837babfc2a2c2e937c1d8b6f67c75e64f4725d5682d3f91fe41d38deb15f8ac,2026-06,Suffolk Constabulary,Suffolk Constabulary,1.155761,52.055981,On or near Dogs Head Street,E01033125,Ipswich 007G,Public order,Under investigation,
a71bcf2f68053dfcd892a118251a3ec4eaaf631fe38f6b7680233978825144b9,2026-06,Suffolk Constabulary,Suffolk Constabulary,1.151803,52.057373,On or near King Street,E01033125,Ipswich 007G,Robbery,Under investigation,
67b7e11f83d558b9ba84f3379843c14b520954b7a939e7ff6740b87ca77e4084,2026-06,Suffolk Constabulary,Suffolk Constabulary,1.156234,52.057101,On or near B1076,E01033125,Ipswich 007G,Robbery,Under investigation,
ad7947f9625f1a8fd00a666b4d5d98e55b389be8116f79ef3a61cbba6e5b28ee,2026-06,Suffolk Constabulary,Suffolk Constabulary,1.156234,52.057101,On or near B1076,E01033125,Ipswich 007G,Robbery,Under investigation,
0a63bf8cedafa8767017d8e7cc2be7a3c12c7e29b6d65b30a93915d7a12246f9,2026-06,Suffolk Constabulary,Suffolk Constabulary,1.153861,52.059449,On or near Crown Street,E01033125,Ipswich 007G,Shoplifting,Awaiting court outcome,
f1d26116909a147620e5c6e03c7022680c63f471769832bb06d00f19a9c5dc1a,2026-06,Suffolk Constabulary,Suffolk Constabulary,1.153861,52.059449,On or near Crown Street,E01033125,Ipswich 007G,Shoplifting,Awaiting court outcome,
2a590b3dd90ff60751f91da1988c7bb270524cf4caeaa75c020cbe3ab40f7de8,2026-06,Suffolk Constabulary,Suffolk Constabulary,1.156197,52.056571,On or near Upper Brook Street,E01033125,Ipswich 007G,Shoplifting,Under investigation,
f25c1828e292df04ee1823938b0e7f0cb8e94c10785a524ea08e849e9806fccc,2026-06,Suffolk Constabulary,Suffolk Constabulary,1.156197,52.056571,On or near Upper Brook Street,E01033125,Ipswich 007G,Shoplifting,Investigation complete; no suspect identified,
12543ed94d5aabc180baf6806936895ef066df329599d7e56d1b3c04bce16cce,2026-06,Suffolk Constabulary,Suffolk Constabulary,1.153011,52.058357,On or near Lloyds Avenue,E01033125,Ipswich 007G,Shoplifting,Under investigation,
c6a24bf94f931ffcd66e88b747bd75bc380f0af95404797bb91522df48e6a191,2026-06,Suffolk Constabulary,Suffolk Constabulary,1.153271,52.059150,On or near Tower Ramparts,E01033125,Ipswich 007G,Shoplifting,Under investigation,
ec12e8ca1407a30da7e91f85ebbdafd54459c8d91b82a5931b26ba0667f623ac,2026-06,Suffolk Constabulary,Suffolk Constabulary,1.151547,52.058495,On or near Providence Street,E01033125,Ipswich 007G,Shoplifting,Under investigation,
4f9c0a3f6bea2e267f25b7f6f204f5f19b039259f2bd1c17bcee14f2c747c178,2026-06,Suffolk Constabulary,Suffolk Constabulary,1.156197,52.056571,On or near Upper Brook Street,E01033125,Ipswich 007G,Shoplifting,Investigation complete; no suspect identified,
44e6705f6b0ef436154e72e8ec29bff88d9f4423b30dda9d838dffdd6be39d4a,2026-06,Suffolk Constabulary,Suffolk Constabulary,1.153011,52.058357,On or near Lloyds Avenue,E01033125,Ipswich 007G,Shoplifting,Investigation complete; no suspect identified,
c384b557e21b2791d5b636c77e5cf692e5513e4473e5592e857c11d9ab397d6f,2026-06,Suffolk Constabulary,Suffolk Constabulary,1.151547,52.058495,On or near Providence Street,E01033125,Ipswich 007G,Shoplifting,Under investigation,
6dfa34a01eeec60835d29704468deec29cafd5c3a4da3b7a29f4597aad74580b,2026-06,Suffolk Constabulary,Suffolk Constabulary,1.156234,52.057101,On or near B1076,E01033125,Ipswich 007G,Shoplifting,Under investigation,
604ff625f5ccd3fd5f1bd9c78b02604ed7616ac49d293e1b22e2a18a3c8a2c44,2026-06,Suffolk Constabulary,Suffolk Constabulary,1.151547,52.058495,On or near Providence Street,E01033125,Ipswich 007G,Shoplifting,Under investigation,
27f688ee2d2ec07a6c4f9d75fc61429eaf1e123247ce8082e98ec91af6552535,2026-06,Suffolk Constabulary,Suffolk Constabulary,1.156234,52.057101,On or near B1076,E01033125,Ipswich 007G,Shoplifting,Awaiting court outcome,
a5849759e22894a758786aa46dd8490af907d60ced6ae9294d9817de747b7e78,2026-06,Suffolk Constabulary,Suffolk Constabulary,1.153271,52.059150,On or near Tower Ramparts,E01033125,Ipswich 007G,Shoplifting,Under investigation,
c4ac720f586cc706b4d9bdf7e13efbe8c62849d6e60dbef300008ef90db8a2c7,2026-06,Suffolk Constabulary,Suffolk Constabulary,1.153011,52.058357,On or near Lloyds Avenue,E01033125,Ipswich 007G,Shoplifting,Under investigation,
70db7dc8ddf26079537b646b1a83fdd08793fe6edf5a8ebb12551ade95745fb1,2026-06,Suffolk Constabulary,Suffolk Constabulary,1.156234,52.057101,On or near B1076,E01033125,Ipswich 007G,Shoplifting,Awaiting court outcome,
f673ecd068bd2f0f4445c7d767ba010e0b860341ac3b8ec012c50817f1269fbe,2026-06,Suffolk Constabulary,Suffolk Constabulary,1.156197,52.056571,On or near Upper Brook Street,E01033125,Ipswich 007G,Shoplifting,Investigation complete; no suspect identified,
7986f5e13bc7d7186d577e49a5a3d1701f5fd0d73cc7c2ed89dca60e8faf4850,2026-06,Suffolk Constabulary,Suffolk Constabulary,1.153271,52.059150,On or near Tower Ramparts,E01033125,Ipswich 007G,Shoplifting,Under investigation,
a38d19e0ac754d4234ced225ba3a811c04b6d15d9790b68f5e9dc23a024503e3,2026-06,Suffolk Constabulary,Suffolk Constabulary,1.155761,52.055981,On or near Dogs Head Street,E01033125,Ipswich 007G,Shoplifting,Under investigation,
981c7db7a64d8894b317b77930ec6ba1dd761199e4927527455036789b6c1ce4,2026-06,Suffolk Constabulary,Suffolk Constabulary,1.153011,52.058357,On or near Lloyds Avenue,E01033125,Ipswich 007G,Shoplifting,Under investigation,
fb3500725e2e998611146c2eb928c34f395d9b4c51d865ff29983be5ddd5d207,2026-06,Suffolk Constabulary,Suffolk Constabulary,1.153861,52.059449,On or near Crown Street,E01033125,Ipswich 007G,Shoplifting,Awaiting court outcome,
1ad3c5bcc5438a684de69e66ce5410d044404e4c028db6a915c0e1e2e77bb4d6,2026-06,Suffolk Constabulary,Suffolk Constabulary,1.151547,52.058495,On or near Providence Street,E01033125,Ipswich 007G,Shoplifting,Under investigation,
965a15098299a15157dcdbfe1e6cccfc1a1bd4eb0d00f965a9ae0182afc96745,2026-06,Suffolk Constabulary,Suffolk Constabulary,1.156197,52.056571,On or near Upper Brook Street,E01033125,Ipswich 007G,Shoplifting,Investigation complete; no suspect identified,
c7b7df2ab87ffa150a5c791e7bebb99c6a025a6077d3afed10e3781e4070145f,2026-06,Suffolk Constabulary,Suffolk Constabulary,1.156197,52.056571,On or near Upper Brook Street,E01033125,Ipswich 007G,Shoplifting,Investigation complete; no suspect identified,
31354ba1b519fad85f2c9e3b945c5e19287a2e9a0cbf5e8a9ebc0e0ea5918409,2026-06,Suffolk Constabulary,Suffolk Constabulary,1.153011,52.058357,On or near Lloyds Avenue,E01033125,Ipswich 007G,Shoplifting,Under investigation,
0c4a5d2f244a84750d66150704278d2193b547057f1392ac7e7bea150448b335,2026-06,Suffolk Constabulary,Suffolk Constabulary,1.156197,52.056571,On or near Upper Brook Street,E01033125,Ipswich 007G,Shoplifting,Investigation complete; no suspect identified,
3b310301629bb50ffc5e235a9d308a54376673df687be3131d8b88ab111c047e,2026-06,Suffolk Constabulary,Suffolk Constabulary,1.153011,52.058357,On or near Lloyds Avenue,E01033125,Ipswich 007G,Shoplifting,Investigation complete; no suspect identified,
7241cb6965d8bfbcbfb942434379dad3ae1b0600915be86d50a159144e398c0b,2026-06,Suffolk Constabulary,Suffolk Constabulary,1.156197,52.056571,On or near Upper Brook Street,E01033125,Ipswich 007G,Shoplifting,Investigation complete; no suspect identified,
0cbd116009cfb1a047dc488b7346830469070f86dbe073e198489baf033bdc77,2026-06,Suffolk Constabulary,Suffolk Constabulary,1.156234,52.057101,On or near B1076,E01033125,Ipswich 007G,Shoplifting,Under investigation,
024d8f4c089c5bf1a5daafd3d1187d25a394d5d638587039d0021882aeb3d0b6,2026-06,Suffolk Constabulary,Suffolk Constabulary,1.153271,52.059150,On or near Tower Ramparts,E01033125,Ipswich 007G,Shoplifting,Under investigation,
fd65d6dba94a1ab74860f6f5de1d68f0a08fab5eefc9e6728f1d78f193c53b2d,2026-06,Suffolk Constabulary,Suffolk Constabulary,1.156197,52.056571,On or near Upper Brook Street,E01033125,Ipswich 007G,Shoplifting,Investigation complete; no suspect identified,
272ad53eb74d7e721ade9b30f289a4aa756d37261115a76ce4192f4e2c1aec1c,2026-06,Suffolk Constabulary,Suffolk Constabulary,1.156197,52.056571,On or near Upper Brook Street,E01033125,Ipswich 007G,Shoplifting,Awaiting court outcome,
13a3fc94f6ef1152aa584791ae550ccb7bf391c3a8fc84fdbb13f77469e63309,2026-06,Suffolk Constabulary,Suffolk Constabulary,1.151547,52.058495,On or near Providence Street,E01033125,Ipswich 007G,Shoplifting,Under investigation,
b72ac270e76fdade06ecff56ad36b4e1fd272cc68ab6c075027518edbf66957c,2026-06,Suffolk Constabulary,Suffolk Constabulary,1.153861,52.059449,On or near Crown Street,E01033125,Ipswich 007G,Shoplifting,Under investigation,
cbee69aa38e4ca23005b2930ac5fc790f9985cd4ba4982ff6dc9df22f7c8b85f,2026-06,Suffolk Constabulary,Suffolk Constabulary,1.156197,52.056571,On or near Upper Brook Street,E01033125,Ipswich 007G,Shoplifting,Awaiting court outcome,
54c5cac352cd079c05810191e54c5db02f2ca3e3617dd8afd3aff7e97ae48468,2026-06,Suffolk Constabulary,Suffolk Constabulary,1.155761,52.055981,On or near Dogs Head Street,E01033125,Ipswich 007G,Vehicle crime,Under investigation,
0171f69a92bc465ca05fbb59b0db20701f47f573154fb2916d578206aadf45d8,2026-06,Suffolk Constabulary,Suffolk Constabulary,1.149950,52.056955,On or near Elm Street,E01033125,Ipswich 007G,Violence and sexual offences,Under investigation,
1704ba5772e6d211c800012e3aa7662709832d7bd34b1e816800fe8e12fb8670,2026-06,Suffolk Constabulary,Suffolk Constabulary,1.152581,52.056605,On or near Queen Street,E01033125,Ipswich 007G,Violence and sexual offences,Under investigation,
df33b29c0be824f1bd00719fa05deb23eaff560b5e65278f3b5912e94290a113,2026-06,Suffolk Constabulary,Suffolk Constabulary,1.155761,52.055981,On or near Dogs Head Street,E01033125,Ipswich 007G,Violence and sexual offences,Awaiting court outcome,
157cea4a67895c703c65a1a179f87e8e53adebc2160e8fb1e65a613146f2c3b5,2026-06,Suffolk Constabulary,Suffolk Constabulary,1.149950,52.056955,On or near Elm Street,E01033125,Ipswich 007G,Violence and sexual offences,Unable to prosecute suspect,
fe4800f559ee039d3264135534e4d665bbfa04a3fda49233c10c288efb4a3e7f,2026-06,Suffolk Constabulary,Suffolk Constabulary,1.155761,52.055981,On or near Dogs Head Street,E01033125,Ipswich 007G,Violence and sexual offences,Awaiting court outcome,
6ea54158da8acf15be19d284b174c2b0ab66b5773e6af947c2673b510cfd22a9,2026-06,Suffolk Constabulary,Suffolk Constabulary,1.154850,52.055349,On or near Bus/Coach Station,E01033125,Ipswich 007G,Violence and sexual offences,Under investigation,
e0d992118098e233e9e14c998a6d8e4d3fd0fda2dd1071728896d60f0f5b8ac7,2026-06,Suffolk Constabulary,Suffolk Constabulary,1.153697,52.055253,On or near Silent Street,E01033125,Ipswich 007G,Violence and sexual offences,Unable to prosecute suspect,
c78e2be1e0c4c1c5a64bd320e109094a47a074635c21df2b9bfae07bd1bebefe,2026-06,Suffolk Constabulary,Suffolk Constabulary,1.154850,52.055349,On or near Bus/Coach Station,E01033125,Ipswich 007G,Violence and sexual offences,Under investigation,
475dd62df476ae1f4ce0770dc059201b395f01a579b9b25a801570e3ef31a1b6,2026-06,Suffolk Constabulary,Suffolk Constabulary,1.148003,52.058931,On or near Theatre/Concert Hall,E01033125,Ipswich 007G,Violence and sexual offences,Under investigation,
bd6ab8d0e04bdf66f4b61b591ac9041a27939fc9f07eb0f41e9b24e1ce810d02,2026-06,Suffolk Constabulary,Suffolk Constabulary,1.149213,52.056435,On or near Curriers' Lane,E01033125,Ipswich 007G,Violence and sexual offences,Under investigation,
79fd917665e2e7c55484c8550e621d38326443f872e96a93c4c85ed8431a9212,2026-06,Suffolk Constabulary,Suffolk Constabulary,1.151547,52.058495,On or near Providence Street,E01033125,Ipswich 007G,Violence and sexual offences,Unable to prosecute suspect,
deb7a6ac893c2ce1d7c458606b2c2c4ae866ae249094e4b162f910400cc99dc1,2026-06,Suffolk Constabulary,Suffolk Constabulary,1.155761,52.055981,On or near Dogs Head Street,E01033125,Ipswich 007G,Violence and sexual offences,Under investigation,
6b45a1ef8b3696039ec6a799c07daaf598c022b49a957ceb6da2a8c9158f873b,2026-06,Suffolk Constabulary,Suffolk Constabulary,1.151547,52.058495,On or near Providence Street,E01033125,Ipswich 007G,Violence and sexual offences,Awaiting court outcome,
c10346ea7ac0fba34c2b686e90922a88cfdbd1484b5339a5c7a2ae88eeb85aa5,2026-06,Suffolk Constabulary,Suffolk Constabulary,1.155761,52.055981,On or near Dogs Head Street,E01033125,Ipswich 007G,Violence and sexual offences,Under investigation,
4f4270286912a18759114182db8901b8f24fc77a583ef13ae8ad8197e6f9949b,2026-06,Suffolk Constabulary,Suffolk Constabulary,1.155761,52.055981,On or near Dogs Head Street,E01033125,Ipswich 007G,Violence and sexual offences,Under investigation,
2ca77a376bdb8d36c6bf29eabcf82b33452b27ada3035854037bcb3efd14fd29,2026-06,Suffolk Constabulary,Suffolk Constabulary,1.149950,52.056955,On or near Elm Street,E01033125,Ipswich 007G,Violence and sexual offences,Under investigation,
325a0beada9de93a3039876cdda3f767b13c9a0d76dd53767fd21826475d0d1a,2026-06,Suffolk Constabulary,Suffolk Constabulary,1.155761,52.055981,On or near Dogs Head Street,E01033125,Ipswich 007G,Violence and sexual offences,Under investigation,
670b4a92924be164d373b3e33de2d94752d68aec2f05f0e87b4641b5052494a8,2026-06,Suffolk Constabulary,Suffolk Constabulary,1.155761,52.055981,On or near Dogs Head Street,E01033125,Ipswich 007G,Violence and sexual offences,Under investigation,
3a7120f06d59af7c383fdd9e5182870bdae1d094eec84da4f759c8b99808d81e,2026-06,Suffolk Constabulary,Suffolk Constabulary,1.155761,52.055981,On or near Dogs Head Street,E01033125,Ipswich 007G,Violence and sexual offences,Under investigation,
7ce37a1cd01894fca02268b37e6a8b72dfa7647a074d7d2b488ea9383738f7df,2026-06,Suffolk Constabulary,Suffolk Constabulary,1.149950,52.056955,On or near Elm Street,E01033125,Ipswich 007G,Violence and sexual offences,Under investigation,
3f37a2fddce50a53953afa70c57dfdfa745240e3b21c82321a02c5cf2ef24678,2026-06,Suffolk Constabulary,Suffolk Constabulary,1.149950,52.056955,On or near Elm Street,E01033125,Ipswich 007G,Violence and sexual offences,Under investigation,
b56b8aff3f6a5be64d085a2950fb85fd9e35c82d5e291d99d82d04996f7242fa,2026-06,Suffolk Constabulary,Suffolk Constabulary,1.156234,52.057101,On or near B1076,E01033125,Ipswich 007G,Violence and sexual offences,Under investigation,
489a69ef814cc1184681e37476aaf1c074707e5293c084e0ecc439c264542621,2026-06,Suffolk Constabulary,Suffolk Constabulary,1.150752,52.058597,On or near Westgate Street,E01033125,Ipswich 007G,Violence and sexual offences,Under investigation,
c3204f114192fd25f4488948de59104195cc7efe1b43f4b1acfcf6d8f06ffbf5,2026-06,Suffolk Constabulary,Suffolk Constabulary,1.152961,52.056199,On or near Nightclub,E01033125,Ipswich 007G,Violence and sexual offences,Under investigation,
3ca99b156a6900a7c0c04519402013d8d3a0e66850fdef0865a00c1d73621660,2026-06,Suffolk Constabulary,Suffolk Constabulary,1.151547,52.058495,On or near Providence Street,E01033125,Ipswich 007G,Violence and sexual offences,Under investigation,
094e86280d016fbb5a84653a6bad8722195b75f9debfa8b15f50d17244ffd3d9,2026-06,Suffolk Constabulary,Suffolk Constabulary,1.153011,52.058357,On or near Lloyds Avenue,E01033125,Ipswich 007G,Violence and sexual offences,Unable to prosecute suspect,
2756f08acc7fbdf43c16a10c954b078029df409695477fd8234dbdbe96d3fab8,2026-06,Suffolk Constabulary,Suffolk Constabulary,1.149399,52.057824,On or near Black Horse Lane,E01033125,Ipswich 007G,Violence and sexual offences,Investigation complete; no suspect identified,
87bcd42ff2f56f200e1f356977a2da97fc224df19d3b0e4b826e436fc9a7d069,2026-06,Suffolk Constabulary,Suffolk Constabulary,1.155761,52.055981,On or near Dogs Head Street,E01033125,Ipswich 007G,Violence and sexual offences,Under investigation,
0ab3d0d447d93c373f5324b50d0dc7702b52b1b27ea3d38086df2662b83a4410,2026-06,Suffolk Constabulary,Suffolk Constabulary,1.155761,52.055981,On or near Dogs Head Street,E01033125,Ipswich 007G,Violence and sexual offences,Under investigation,
24aa27c6adc3de166eed68fb4e1ac1dc8afc0549374289c0a67d5ed9e670762a,2026-06,Suffolk Constabulary,Suffolk Constabulary,1.151547,52.058495,On or near Providence Street,E01033125,Ipswich 007G,Violence and sexual offences,Under investigation,
a71bd5f6f8b1de2b42e149b5230ee7ade2e5b19921ab38b044da457268666336,2026-06,Suffolk Constabulary,Suffolk Constabulary,1.155761,52.055981,On or near Dogs Head Street,E01033125,Ipswich 007G,Violence and sexual offences,Under investigation,
17f587b9511d592d867e25347bed6c04c0a06fe84bbc958c26e11446ed1cd2b4,2026-06,Suffolk Constabulary,Suffolk Constabulary,1.152492,52.055340,On or near St Nicholas Street,E01033125,Ipswich 007G,Violence and sexual offences,Under investigation,
b451a291bb0713073b9ddcdb9c6cfa68579d932045739b0eadc425876f0534c3,2026-06,Suffolk Constabulary,Suffolk Constabulary,1.156234,52.057101,On or near B1076,E01033125,Ipswich 007G,Violence and sexual offences,Under investigation,
0ac83ae763c6ca4282286c732639554c66c4c98823072b5907bf8de9e0b22dee,2026-06,Suffolk Constabulary,Suffolk Constabulary,1.153697,52.055253,On or near Silent Street,E01033125,Ipswich 007G,Violence and sexual offences,Under investigation,
e17cae28f4e711366bdc06cd8fe01075dd780e2db47d27ee8280f42f09eb7672,2026-06,Suffolk Constabulary,Suffolk Constabulary,1.151803,52.057373,On or near King Street,E01033125,Ipswich 007G,Violence and sexual offences,Under investigation,
358ccfd7a015806a657cbc10e197ca99db8a1e13bf33ac1546229c085cd8a142,2026-06,Suffolk Constabulary,Suffolk Constabulary,1.150752,52.058597,On or near Westgate Street,E01033125,Ipswich 007G,Violence and sexual offences,Unable to prosecute suspect,
0c0c08c7521d6320124c2c91c2a17a52e2259c30606d5f0b835b38e4fb7f4b89,2026-06,Suffolk Constabulary,Suffolk Constabulary,1.155761,52.055981,On or near Dogs Head Street,E01033125,Ipswich 007G,Violence and sexual offences,Under investigation,
9a73fa60c1527e42e282b8d443a24063a16ce62cf14a57a08e5adae2349f878d,2026-06,Suffolk Constabulary,Suffolk Constabulary,1.153011,52.058357,On or near Lloyds Avenue,E01033125,Ipswich 007G,Violence and sexual offences,Under investigation,
a21c3033e8e496ae7d9249b3d67d3744c189d14dc55dcf21de5d097f11932fd5,2026-06,Suffolk Constabulary,Suffolk Constabulary,1.153011,52.058357,On or near Lloyds Avenue,E01033125,Ipswich 007G,Violence and sexual offences,Awaiting court outcome,
00bdb47ad61bee33697e09e7c859dbf0e87f7dc393302a1594d086e36c190c57,2026-06,Suffolk Constabulary,Suffolk Constabulary,1.149399,52.057824,On or near Black Horse Lane,E01033125,Ipswich 007G,Violence and sexual offences,Unable to prosecute suspect,
6957ed13a8bc3bdf64b322a845b5721e515f4e957a4eb8f78823295a4a26d974,2026-06,Suffolk Constabulary,Suffolk Constabulary,1.149399,52.057824,On or near Black Horse Lane,E01033125,Ipswich 007G,Violence and sexual offences,Unable to prosecute suspect,
1775984d44873008ab1fbd38dbbe175c1241aa5692d6e31e3f89459cf734c559,2026-06,Suffolk Constabulary,Suffolk Constabulary,1.156234,52.057101,On or near B1076,E01033125,Ipswich 007G,Other crime,Unable to prosecute suspect,
,2026-06,Suffolk Constabulary,Suffolk Constabulary,1.158142,52.058463,On or near Parking Area,E01033129,Ipswich 007H,Anti-social behaviour,,
,2026-06,Suffolk Constabulary,Suffolk Constabulary,1.169622,52.053719,On or near Hill House Road,E01033129,Ipswich 007H,Anti-social behaviour,,
,2026-06,Suffolk Constabulary,Suffolk Constabulary,1.161938,52.057083,On or near Newton Street,E01033129,Ipswich 007H,Anti-social behaviour,,
,2026-06,Suffolk Constabulary,Suffolk Constabulary,1.158142,52.058463,On or near Parking Area,E01033129,Ipswich 007H,Anti-social behaviour,,
26f3d2bda12734f132c6e706a630cc57427a0faa927fdf1245e51f61a80543c7,2026-06,Suffolk Constabulary,Suffolk Constabulary,1.156353,52.058159,On or near Northgate Street,E01033129,Ipswich 007H,Bicycle theft,Under investigation,
37840188ffd73b1a04ae87425e37d9912055c61826a514d39eab8e6edd151cb9,2026-06,Suffolk Constabulary,Suffolk Constabulary,1.160898,52.053927,On or near Parking Area,E01033129,Ipswich 007H,Bicycle theft,Investigation complete; no suspect identified,
e75374129f9e623d963201676081922b3e78e1915cc65afb8d97822dbd9a41e4,2026-06,Suffolk Constabulary,Suffolk Constabulary,1.160612,52.056282,On or near Bond Street,E01033129,Ipswich 007H,Criminal damage and arson,Unable to prosecute suspect,
ebd56150e815d5207f5f47f5afe1e7899648f83274577cf7f0aec18ab116fcd4,2026-06,Suffolk Constabulary,Suffolk Constabulary,1.160326,52.057405,On or near Theatre/Concert Hall,E01033129,Ipswich 007H,Criminal damage and arson,Under investigation,
4668c5962c5841e1a2235d9b518f2654ec744af301d24594aadcf94b5748e4e1,2026-06,Suffolk Constabulary,Suffolk Constabulary,1.158359,52.057440,On or near Shopping Area,E01033129,Ipswich 007H,Criminal damage and arson,Under investigation,
ba49a5fc52bf487039c80b5c30ed370afe61846f138425cbec5d7606d28e3320,2026-06,Suffolk Constabulary,Suffolk Constabulary,1.158017,52.057548,On or near Shopping Area,E01033129,Ipswich 007H,Criminal damage and arson,Under investigation,
a53a956807dfed6b7f7b561f38d911030a71292784afe24e63119e12d0757c5c,2026-06,Suffolk Constabulary,Suffolk Constabulary,1.156353,52.058159,On or near Northgate Street,E01033129,Ipswich 007H,Drugs,Local resolution,
6b4578b335c334dd53f6205bc5f2ab8c1c1f8fa8fe03833686a316ffaf7962eb,2026-06,Suffolk Constabulary,Suffolk Constabulary,1.160326,52.057405,On or near Theatre/Concert Hall,E01033129,Ipswich 007H,Drugs,Local resolution,
4bf1746796461fa9b3ca8e26e651010875f4cf39f71d861ed4e0571dfb1e52cf,2026-06,Suffolk Constabulary,Suffolk Constabulary,1.160326,52.057405,On or near Theatre/Concert Hall,E01033129,Ipswich 007H,Drugs,Awaiting court outcome,
63d6f0c78698410346f9c95f73d7f96293866ec2a44527a4a29fb2f41164a7cc,2026-06,Suffolk Constabulary,Suffolk Constabulary,1.156353,52.058159,On or near Northgate Street,E01033129,Ipswich 007H,Drugs,Local resolution,
88e6b324bd77d8e780f44320eed3b745314aded409e5257108dabe44dce88485,2026-06,Suffolk Constabulary,Suffolk Constabulary,1.156353,52.058159,On or near Northgate Street,E01033129,Ipswich 007H,Other theft,Under investigation,
1fb429e62aa4e6a278425537f0fb746a243d07083335530a52e0f134861a9464,2026-06,Suffolk Constabulary,Suffolk Constabulary,1.163852,52.057121,On or near Wells Close,E01033129,Ipswich 007H,Other theft,Under investigation,
d4568a5e2a18d6674a80fad5f550f9380c1580282417135a1b780975c517b73a,2026-06,Suffolk Constabulary,Suffolk Constabulary,1.160326,52.057405,On or near Theatre/Concert Hall,E01033129,Ipswich 007H,Possession of weapons,Awaiting court outcome,
6d36ca8fb64bdc641c9a00e3c1cb7b4259eb0f39436ec46cd0a9764e050ae62e,2026-06,Suffolk Constabulary,Suffolk Constabulary,1.160612,52.056282,On or near Bond Street,E01033129,Ipswich 007H,Possession of weapons,Under investigation,
f301a7b263dd16db963701d176e02d934d2ee388c09c7fc5c44e9705b8a59b2c,2026-06,Suffolk Constabulary,Suffolk Constabulary,1.158128,52.057266,On or near Shopping Area,E01033129,Ipswich 007H,Possession of weapons,Under investigation,
68f44d67e683e011e0519d3535738291b0a35cf15f10b5f1a72c8e1ed73f21e5,2026-06,Suffolk Constabulary,Suffolk Constabulary,1.158359,52.057440,On or near Shopping Area,E01033129,Ipswich 007H,Possession of weapons,Under investigation,
21c1f3c1bb4328c9ecb5265634aa6cb4ac18f6725375346cd799a623c763b442,2026-06,Suffolk Constabulary,Suffolk Constabulary,1.157321,52.056577,On or near Parking Area,E01033129,Ipswich 007H,Public order,Under investigation,
43720bd9860b1ec96fc8528a6c18399c771c714b00ad362ee870c30841e65260,2026-06,Suffolk Constabulary,Suffolk Constabulary,1.158017,52.057548,On or near Shopping Area,E01033129,Ipswich 007H,Public order,Under investigation,
9b0a1b9a68aad5e456c2fcbdf1f558d1d28ba830af4b3001c5883d51337f5c27,2026-06,Suffolk Constabulary,Suffolk Constabulary,1.158128,52.057266,On or near Shopping Area,E01033129,Ipswich 007H,Public order,Awaiting court outcome,
9e0445abb549f6b4b4556fbf836b1f735916335494be9531b51c1e62f008baf7,2026-06,Suffolk Constabulary,Suffolk Constabulary,1.157321,52.056577,On or near Parking Area,E01033129,Ipswich 007H,Robbery,Under investigation,
b4e888149f9ac9736cf1524a4650db7dbd92e1a83d003a1c4ee96ca7fb6680cb,2026-06,Suffolk Constabulary,Suffolk Constabulary,1.158359,52.057440,On or near Shopping Area,E01033129,Ipswich 007H,Shoplifting,Investigation complete; no suspect identified,
25b5b00243ce983127c61e4b0638fbb6083058488eb21bebadcb8f3a98f9dfec,2026-06,Suffolk Constabulary,Suffolk Constabulary,1.158359,52.057440,On or near Shopping Area,E01033129,Ipswich 007H,Shoplifting,Awaiting court outcome,
77819b82d124c5371e611b015604ab73bc41a521d7fa8b95afb73cf6d36904ec,2026-06,Suffolk Constabulary,Suffolk Constabulary,1.158359,52.057440,On or near Shopping Area,E01033129,Ipswich 007H,Shoplifting,Under investigation,
770bb16445586100e49afc60b473bb5c514acca69bc953946a3615b8360187f0,2026-06,Suffolk Constabulary,Suffolk Constabulary,1.158359,52.057440,On or near Shopping Area,E01033129,Ipswich 007H,Shoplifting,Awaiting court outcome,
6436389bbf4a5166fa6e8df4839861936b848aca37de66a73e6a8bd1e3a67f94,2026-06,Suffolk Constabulary,Suffolk Constabulary,1.158359,52.057440,On or near Shopping Area,E01033129,Ipswich 007H,Shoplifting,Awaiting court outcome,
99366a432113afc6dec0dd94a1c63421f2fafca83201dd7f7ff0c3e27448c6f2,2026-06,Suffolk Constabulary,Suffolk Constabulary,1.156353,52.058159,On or near Northgate Street,E01033129,Ipswich 007H,Shoplifting,Awaiting court outcome,
99807740322de4954a902bdd64be1c7dbd7b60aae7fb7e1c0df6af5c4e14b4df,2026-06,Suffolk Constabulary,Suffolk Constabulary,1.158017,52.057548,On or near Shopping Area,E01033129,Ipswich 007H,Shoplifting,Under investigation,
ef23f4f53b42469541f7c955c1e3828815d5d0e5cd6513faab4c055adf2101b1,2026-06,Suffolk Constabulary,Suffolk Constabulary,1.158359,52.057440,On or near Shopping Area,E01033129,Ipswich 007H,Theft from the person,Investigation complete; no suspect identified,
063b21ab51bf9133bc3aa2779a426b924b1d97faf01a35ace77a789d898484d5,2026-06,Suffolk Constabulary,Suffolk Constabulary,1.163852,52.057121,On or near Wells Close,E01033129,Ipswich 007H,Theft from the person,Under investigation,
3c7616ccc147ff753ed47168f978143562f36e3ab605faacc9df9440cc041d16,2026-06,Suffolk Constabulary,Suffolk Constabulary,1.160326,52.057405,On or near Theatre/Concert Hall,E01033129,Ipswich 007H,Violence and sexual offences,Under investigation,
723e5929eae1f8756397e03083b2ad32b13b3b30c34aae583a3aba0649f2fa43,2026-06,Suffolk Constabulary,Suffolk Constabulary,1.161606,52.055284,On or near Woodhouse Square,E01033129,Ipswich 007H,Violence and sexual offences,Under investigation,
8835c49e60e4d0399dc739d62f64274b07578ce660ebf72555a563060495d146,2026-06,Suffolk Constabulary,Suffolk Constabulary,1.158128,52.057266,On or near Shopping Area,E01033129,Ipswich 007H,Violence and sexual offences,Under investigation,
b28ef00b8ddb57a3b6c76229b84d1397b806e34a125c3a3bf8d38bcf78fe6855,2026-06,Suffolk Constabulary,Suffolk Constabulary,1.158128,52.057266,On or near Shopping Area,E01033129,Ipswich 007H,Violence and sexual offences,Under investigation,
9435cb9ddd1b69c5e7aefd8c2b310d46eb2884dda5510185e6be0f73a4b601c7,2026-06,Suffolk Constabulary,Suffolk Constabulary,1.156353,52.058159,On or near Northgate Street,E01033129,Ipswich 007H,Violence and sexual offences,Under investigation,
90929dbf1b741cc96d270c9cb9d8c56b8283be2789ebdc482eea1ccfd172eb8b,2026-06,Suffolk Constabulary,Suffolk Constabulary,1.160326,52.057405,On or near Theatre/Concert Hall,E01033129,Ipswich 007H,Violence and sexual offences,Under investigation,
130358c2bb39b2d1717118ed0351d88f060a57f7e0536326b7f4ca8bb308171a,2026-06,Suffolk Constabulary,Suffolk Constabulary,1.156353,52.058159,On or near Northgate Street,E01033129,Ipswich 007H,Violence and sexual offences,Awaiting court outcome,
a99fafb9f38cfbbe417482c8453eca6e256f1418fc6287720e281a47ba933b48,2026-06,Suffolk Constabulary,Suffolk Constabulary,1.158359,52.057440,On or near Shopping Area,E01033129,Ipswich 007H,Violence and sexual offences,Under investigation,
90226d28a3388fcc43fa678638d46e0bd2a85ce4753ddfc8b73032082c3d68b0,2026-06,Suffolk Constabulary,Suffolk Constabulary,1.160612,52.056282,On or near Bond Street,E01033129,Ipswich 007H,Violence and sexual offences,Awaiting court outcome,
c641817ee2178734d8482adc2014c27ad6d1af97e6b75153c9ead857f137a816,2026-06,Suffolk Constabulary,Suffolk Constabulary,1.161938,52.057083,On or near Newton Street,E01033129,Ipswich 007H,Violence and sexual offences,Under investigation,
6ff214904de091ac6a4b4bc545b4a872b015720951fba408299d9cf6d1d07c76,2026-06,Suffolk Constabulary,Suffolk Constabulary,1.158142,52.058463,On or near Parking Area,E01033129,Ipswich 007H,Violence and sexual offences,Investigation complete; no suspect identified,
02b1e11eefc02ee51b0dc3f8e823df167fa5986a3c8480ddea6e23edd216d65e,2026-06,Suffolk Constabulary,Suffolk Constabulary,1.158142,52.058463,On or near Parking Area,E01033129,Ipswich 007H,Violence and sexual offences,Under investigation,
1f3fdf43d214030f07c2bc68676849fbcf7a00134f941d09beeed16b465461dd,2026-06,Suffolk Constabulary,Suffolk Constabulary,1.161938,52.057083,On or near Newton Street,E01033129,Ipswich 007H,Violence and sexual offences,Under investigation,
13884d175bc07cabf5417e467a4e6ffb1152f1164e91e358a71ca7bc4e320f2e,2026-06,Suffolk Constabulary,Suffolk Constabulary,1.158017,52.057548,On or near Shopping Area,E01033129,Ipswich 007H,Violence and sexual offences,Under investigation,
df31098a5b227f0470e99c0715b59a5073db3a01706b27f5f0ea6637855b7acc,2026-06,Suffolk Constabulary,Suffolk Constabulary,1.158142,52.058463,On or near Parking Area,E01033129,Ipswich 007H,Violence and sexual offences,Under investigation,
,2026-06,Suffolk Constabulary,Suffolk Constabulary,1.183768,52.060821,On or near Kirby Close,E01030002,Ipswich 008A,Anti-social behaviour,,
4e37630465ed5d649a2467e1b79ddb3018ca8fb611856301c02381acdffe7459,2026-06,Suffolk Constabulary,Suffolk Constabulary,1.177264,52.060871,On or near Cauldwell Avenue,E01030002,Ipswich 008A,Criminal damage and arson,Investigation complete; no suspect identified,
0a5d64414ffeaf67918c83f00195de4caa7c31be26850a8650b4c84b293ec20e,2026-06,Suffolk Constabulary,Suffolk Constabulary,1.183768,52.060821,On or near Kirby Close,E01030002,Ipswich 008A,Public order,Under investigation,
898699201d8b89e238d8f8db9875b8e2a2f4ecfb91c3b163c8fed6a9a0f79418,2026-06,Suffolk Constabulary,Suffolk Constabulary,1.182694,52.061731,On or near Woodbridge Road,E01030002,Ipswich 008A,Shoplifting,Investigation complete; no suspect identified,
6abe720399217dd71fd6e6ba0bb61aa71de9f4f23e25d0049474914a569b15e6,2026-06,Suffolk Constabulary,Suffolk Constabulary,1.182694,52.061731,On or near Woodbridge Road,E01030002,Ipswich 008A,Shoplifting,Investigation complete; no suspect identified,
415121b501f49cd7881c508b90b7f5c3f34436050b51aa2bdcc4603564ea4902,2026-06,Suffolk Constabulary,Suffolk Constabulary,1.178998,52.059196,On or near Oakstead Close,E01030002,Ipswich 008A,Violence and sexual offences,Under investigation,
1308772e57ee10dbfd3139968b1496db828513eb3eec165e940c036f6649f64b,2026-06,Suffolk Constabulary,Suffolk Constabulary,1.178998,52.059196,On or near Oakstead Close,E01030002,Ipswich 008A,Violence and sexual offences,Under investigation,
c87210915280716c81b5c1bf5ce1530a3578a7d96be733146ebdf49de59436f4,2026-06,Suffolk Constabulary,Suffolk Constabulary,1.178998,52.059196,On or near Oakstead Close,E01030002,Ipswich 008A,Violence and sexual offences,Under investigation,
0ad2c7163b897a368f111d75e03c83a0ac685a71fc439fadd2bbf52fce656697,2026-06,Suffolk Constabulary,Suffolk Constabulary,1.178998,52.059196,On or near Oakstead Close,E01030002,Ipswich 008A,Violence and sexual offences,Under investigation,
14c5115b713eb341e6ba10657174f01ad4a66e6b0822ebb29ef81f31e97bd29b,2026-06,Suffolk Constabulary,Suffolk Constabulary,1.178998,52.059196,On or near Oakstead Close,E01030002,Ipswich 008A,Violence and sexual offences,Under investigation,
b6b885c8ead86e247dbe78791aab03b1d85afecc71c555fd317f8ea320e90b92,2026-06,Suffolk Constabulary,Suffolk Constabulary,1.187291,52.059898,On or near Crozier Mews,E01030003,Ipswich 008B,Criminal damage and arson,Under investigation,
0d83810fc24bb65e460b330a3efaeaf3f8fbcf00c9fc65f0b766fe938ac67500,2026-06,Suffolk Constabulary,Suffolk Constabulary,1.185489,52.058553,On or near Mandy Close,E01030003,Ipswich 008B,Criminal damage and arson,Under investigation,
24da7b50d8321afeac2802e6a8d13a7676fcb6cf861da4ef9f5e80b0400c2084,2026-06,Suffolk Constabulary,Suffolk Constabulary,1.187291,52.059898,On or near Crozier Mews,E01030003,Ipswich 008B,Violence and sexual offences,Unable to prosecute suspect,
7d20e055eb1c1d28a08de3325dbcf6fb7477a2e842604359113d9e0246a7733e,2026-06,Suffolk Constabulary,Suffolk Constabulary,1.185489,52.058553,On or near Mandy Close,E01030003,Ipswich 008B,Violence and sexual offences,Unable to prosecute suspect,
d3a18d3d568ea8c95b7c3c72fe691e8a859051bbbea5857ce5255b60aedefac4,2026-06,Suffolk Constabulary,Suffolk Constabulary,1.184212,52.053937,On or near Kemball Street,E01030003,Ipswich 008B,Violence and sexual offences,Unable to prosecute suspect,
539740645aa6a5951afae91ef40b7ac4c29106c6261e794c5d1c9d45c1ae9d28,2026-06,Suffolk Constabulary,Suffolk Constabulary,1.189288,52.059571,On or near Petrol Station,E01030003,Ipswich 008B,Other crime,Unable to prosecute suspect,
,2026-06,Suffolk Constabulary,Suffolk Constabulary,1.193598,52.058108,On or near Goring Road,E01030004,Ipswich 008C,Anti-social behaviour,,
39d1bc2b241bcd4f24249fd6466fc3b8cb3abb3b0d895c289f61dc29680317a5,2026-06,Suffolk Constabulary,Suffolk Constabulary,1.195024,52.058249,On or near Lattice Avenue,E01030004,Ipswich 008C,Violence and sexual offences,Under investigation,
cfa2e73438bf5b1d4b7ab02463e01f9046dcad1d3d82fd634ac2d1ed65ab2945,2026-06,Suffolk Constabulary,Suffolk Constabulary,1.192930,52.055689,On or near Newbury Road,E01030004,Ipswich 008C,Violence and sexual offences,Under investigation,
2a6114ff0f5b3d8841e1e5012e99ffa0d7c0eebbf73240d80af0796082bf1d9b,2026-06,Suffolk Constabulary,Suffolk Constabulary,1.195024,52.058249,On or near Lattice Avenue,E01030004,Ipswich 008C,Violence and sexual offences,Unable to prosecute suspect,
203902a4db86d04b9f06cf4a76158000741cbcb6b8288d88b9112aac7ef7bf37,2026-06,Suffolk Constabulary,Suffolk Constabulary,1.192930,52.055689,On or near Newbury Road,E01030004,Ipswich 008C,Violence and sexual offences,Under investigation,
4192b626d092c28fafbc73720471f1909c5c4e1f516a55ca64fe1614a07bbc99,2026-06,Suffolk Constabulary,Suffolk Constabulary,1.195024,52.058249,On or near Lattice Avenue,E01030004,Ipswich 008C,Violence and sexual offences,Unable to prosecute suspect,
,2026-06,Suffolk Constabulary,Suffolk Constabulary,1.192769,52.049964,On or near Blackheath Avenue,E01030005,Ipswich 008D,Anti-social behaviour,,
d38350a9f553b67f2efb5c1760d680797538b85992452fb832d3bffcab0f0e30,2026-06,Suffolk Constabulary,Suffolk Constabulary,1.189278,52.051534,On or near The Pippins,E01030005,Ipswich 008D,Other theft,Investigation complete; no suspect identified,
1153fec780bac188bdf3b3dff4e91ff432b4093bca6c7fb9c0b67a0004386f44,2026-06,Suffolk Constabulary,Suffolk Constabulary,1.186152,52.050449,On or near Prentice Way,E01030005,Ipswich 008D,Possession of weapons,Under investigation,
ee44f1ef51efa5285c47a6e6ad98567dbeae204829621856fbc0ce585b6702c2,2026-06,Suffolk Constabulary,Suffolk Constabulary,1.191751,52.052258,On or near Roy Avenue,E01030005,Ipswich 008D,Vehicle crime,Investigation complete; no suspect identified,
da2a2c63241e53ca5e85152c16afd7cfe4482c6e8a5a80446e5ea81186efe0fc,2026-06,Suffolk Constabulary,Suffolk Constabulary,1.191751,52.052258,On or near Roy Avenue,E01030005,Ipswich 008D,Violence and sexual offences,Unable to prosecute suspect,
9f12b89d9d8415e9553a077eaf76aff8d3dc399020e5ce934a64fe090003531f,2026-06,Suffolk Constabulary,Suffolk Constabulary,1.191751,52.052258,On or near Roy Avenue,E01030005,Ipswich 008D,Violence and sexual offences,Under investigation,
7c996b145747e42a329e7653bc147a2dda4d1802c52d37419e464fe359ffd642,2026-06,Suffolk Constabulary,Suffolk Constabulary,1.183872,52.051419,On or near Pearce Road,E01030005,Ipswich 008D,Violence and sexual offences,Awaiting court outcome,
0d2683b6b09f55d9c8d7a6a72a755c54ba864254ec4988a14caa4ea6c167d62c,2026-06,Suffolk Constabulary,Suffolk Constabulary,1.191751,52.052258,On or near Roy Avenue,E01030005,Ipswich 008D,Violence and sexual offences,Under investigation,
2427658fe4ce00897dc24f58ff93f41d08ecfce9bf1d397414657c94aa3a9731,2026-06,Suffolk Constabulary,Suffolk Constabulary,1.186152,52.050449,On or near Prentice Way,E01030005,Ipswich 008D,Violence and sexual offences,Under investigation,
e3bec0893b570aa77aa978682a36443f44ac872c28fad250669e2309aff4a56d,2026-06,Suffolk Constabulary,Suffolk Constabulary,1.195006,52.050029,On or near Brightwell Close,E01030005,Ipswich 008D,Violence and sexual offences,Under investigation,
71d087151aa4eb11207117a074b0c979f3976b4b0619c38496586ecdd678543b,2026-06,Suffolk Constabulary,Suffolk Constabulary,1.195006,52.050029,On or near Brightwell Close,E01030005,Ipswich 008D,Violence and sexual offences,Under investigation,
a9be7a9ece68b6a98bdd63cc58f004d231f6c9c86d731dbd8a403f4352d29ecd,2026-06,Suffolk Constabulary,Suffolk Constabulary,1.188184,52.050511,On or near Camden Road,E01030005,Ipswich 008D,Violence and sexual offences,Under investigation,
eaf174eacb77e58303ed5c9fd12733b3a0332bf6cbab5338ae9659b92f8c0bda,2026-06,Suffolk Constabulary,Suffolk Constabulary,1.194276,52.050022,On or near Ribbans Park Road,E01030005,Ipswich 008D,Other crime,Under investigation,
,2026-06,Suffolk Constabulary,Suffolk Constabulary,1.186023,52.051514,On or near Celestion Drive,E01030006,Ipswich 008E,Anti-social behaviour,,
e9cac79cc414c946755a01c99c339bf6b486df93fe40efc9f37f32d5a6beaab2,2026-06,Suffolk Constabulary,Suffolk Constabulary,1.190512,52.055952,On or near Britannia Road,E01030006,Ipswich 008E,Criminal damage and arson,Under investigation,
4dc1b7f4980a77950351893e870a946ea8ca8474f1ccf50a1fd4e0f44fc9adac,2026-06,Suffolk Constabulary,Suffolk Constabulary,1.185474,52.053427,On or near Chartwell Close,E01030006,Ipswich 008E,Other theft,Investigation complete; no suspect identified,
0e0e65f40dc2b2f2c3b3fbc9cb9d0def889cbe5f1db0882ace5518ebe8b3d0bf,2026-06,Suffolk Constabulary,Suffolk Constabulary,1.187102,52.051701,On or near Supermarket,E01030006,Ipswich 008E,Shoplifting,Awaiting court outcome,
f61ead584a827d8f5cfa2e8956100a6bed05fc311f8d0ec07d55b3cfbaff3421,2026-06,Suffolk Constabulary,Suffolk Constabulary,1.187102,52.051701,On or near Supermarket,E01030006,Ipswich 008E,Shoplifting,Awaiting court outcome,
82c85ad8526477ce210bc4b98fdc1b45669d2cc6af8a72b8148865389f209996,2026-06,Suffolk Constabulary,Suffolk Constabulary,1.187102,52.051701,On or near Supermarket,E01030006,Ipswich 008E,Shoplifting,Under investigation,
292e7e2b18c11f4aaa2feda3a79a326e09e726c1e2a151197a38602c88447bf8,2026-06,Suffolk Constabulary,Suffolk Constabulary,1.187102,52.051701,On or near Supermarket,E01030006,Ipswich 008E,Shoplifting,Awaiting court outcome,
c58a9a49f4a7b62aa33ba8913e74dd4cb22a98db4ffae149e1fd1916beac7dc0,2026-06,Suffolk Constabulary,Suffolk Constabulary,1.185474,52.053427,On or near Chartwell Close,E01030006,Ipswich 008E,Violence and sexual offences,Under investigation,
d953671e02298ad35cf802ddf59eeed1441878ff2c209ec486faf7eb5a5cca36,2026-06,Suffolk Constabulary,Suffolk Constabulary,1.198722,52.061612,On or near Supermarket,E01029963,Ipswich 009A,Bicycle theft,Investigation complete; no suspect identified,
08a46e99ed4a80517b7dbdf26ad09ff944d717364d5cb7274afc6f7c6b1b9ef9,2026-06,Suffolk Constabulary,Suffolk Constabulary,1.195074,52.065281,On or near East Lawn,E01029963,Ipswich 009A,Burglary,Under investigation,
ccda23199dfa293a0caabdf96177433d15dc22212b2bf06a9b4cbbf3aa478efd,2026-06,Suffolk Constabulary,Suffolk Constabulary,1.203388,52.060541,On or near Glenavon Road,E01029963,Ipswich 009A,Criminal damage and arson,Under investigation,
79985fe53e7f5cf5104195c47f1156cf08e3575b17c42af7e4b79d95452e3207,2026-06,Suffolk Constabulary,Suffolk Constabulary,1.203388,52.060541,On or near Glenavon Road,E01029963,Ipswich 009A,Criminal damage and arson,Under investigation,
77c5d32ad53515fc62225bffd79c63281b5e215e9704bef7add73616b26c16d9,2026-06,Suffolk Constabulary,Suffolk Constabulary,1.201674,52.059841,On or near Melbourne Road,E01029963,Ipswich 009A,Violence and sexual offences,Under investigation,
a51a4f5640eff9bfdf8fd0973973f66cfa2c673053dd24e7ce10e7cb34946406,2026-06,Suffolk Constabulary,Suffolk Constabulary,1.198118,52.063571,On or near Ladywood Road,E01029963,Ipswich 009A,Violence and sexual offences,Under investigation,
74516aa79e290300e0a49951af13aca8cb3d00733ae1e6954ad800666cc7feda,2026-06,Suffolk Constabulary,Suffolk Constabulary,1.199285,52.061120,On or near Woodbridge Road East,E01029963,Ipswich 009A,Violence and sexual offences,Under investigation,
39b3c439b4a1073feacf1f74c1385d27dba789091b90505a780e89c434e870c3,2026-06,Suffolk Constabulary,Suffolk Constabulary,1.194546,52.065458,On or near The Lawns,E01029963,Ipswich 009A,Violence and sexual offences,Under investigation,
3efaf0217e2943900373bde315ccb9fa139f647a1f74ddf6abe293882a4217bc,2026-06,Suffolk Constabulary,Suffolk Constabulary,1.191476,52.061700,On or near Cherry Lane Gardens,E01029964,Ipswich 009B,Criminal damage and arson,Under investigation,
943c565f87b1be146d7de5b0834a66ece3d270477b9de78e5dbc0f7960f2b5d1,2026-06,Suffolk Constabulary,Suffolk Constabulary,1.197915,52.056849,On or near Hospital,E01029965,Ipswich 009C,Drugs,Under investigation,
60eade63ab940eb9ba9fd9c92ab2d8ef300a6f56bc4301d835d3a8a5fca9ebe3,2026-06,Suffolk Constabulary,Suffolk Constabulary,1.197915,52.056849,On or near Hospital,E01029965,Ipswich 009C,Other theft,Investigation complete; no suspect identified,
31b50109d73debe544ef01b4b47b5e17b1bdcbbeb6c4c2c3229007301a9a644e,2026-06,Suffolk Constabulary,Suffolk Constabulary,1.199887,52.056471,On or near Hospital,E01029965,Ipswich 009C,Public order,Under investigation,
88cd82f37cb5a6eb18cc815be839faa4540ff8546b9c42f9bfb6c0a9e1519259,2026-06,Suffolk Constabulary,Suffolk Constabulary,1.197915,52.056849,On or near Hospital,E01029965,Ipswich 009C,Public order,Under investigation,
b062c76098312dc536e9754e9e2b63bccd0d15d6cf81e901ad9546bda5977c64,2026-06,Suffolk Constabulary,Suffolk Constabulary,1.197915,52.056849,On or near Hospital,E01029965,Ipswich 009C,Public order,Under investigation,
6d917514a109871c76922cce909a944e8aa5cdf98fe9495867d0111f96c3a809,2026-06,Suffolk Constabulary,Suffolk Constabulary,1.197915,52.056849,On or near Hospital,E01029965,Ipswich 009C,Violence and sexual offences,Unable to prosecute suspect,
4c01d13cef219abbae5fcc0fb28dc0242994c34214286b05b71a5197136714bb,2026-06,Suffolk Constabulary,Suffolk Constabulary,1.197915,52.056849,On or near Hospital,E01029965,Ipswich 009C,Violence and sexual offences,Unable to prosecute suspect,
f63b9dc3ebe9387233fadd6499dd997a78cbbcb64147fe407a87002ac5d3c1d7,2026-06,Suffolk Constabulary,Suffolk Constabulary,1.197915,52.056849,On or near Hospital,E01029965,Ipswich 009C,Violence and sexual offences,Under investigation,
c3378da9a62f6687f2156eb792c94863a9a5c491ec2e22f8a6924d8dccd6ed38,2026-06,Suffolk Constabulary,Suffolk Constabulary,1.197915,52.056849,On or near Hospital,E01029965,Ipswich 009C,Violence and sexual offences,Under investigation,
9a751f2bbc7a94dcbcf27be0db358f291e4da33f943e798bc96ca6ea473bf87f,2026-06,Suffolk Constabulary,Suffolk Constabulary,1.199887,52.056471,On or near Hospital,E01029965,Ipswich 009C,Violence and sexual offences,Under investigation,
57cea97b204be48b44fc8f530696e3539086a951595c48a020b12ce8d77cd869,2026-06,Suffolk Constabulary,Suffolk Constabulary,1.197915,52.056849,On or near Hospital,E01029965,Ipswich 009C,Violence and sexual offences,Unable to prosecute suspect,
d120d2a961faa48db49487c52b2d7b3e43576b5bf05827c1e90ba120f4a746bc,2026-06,Suffolk Constabulary,Suffolk Constabulary,1.197915,52.056849,On or near Hospital,E01029965,Ipswich 009C,Violence and sexual offences,Unable to prosecute suspect,
4f02315fbaf861f0ec1b00c1dd7c2b571423b9e8b2d065fecb4504b4fdd505b4,2026-06,Suffolk Constabulary,Suffolk Constabulary,1.197915,52.056849,On or near Hospital,E01029965,Ipswich 009C,Violence and sexual offences,Under investigation,
e203b9cd7172db83fb1ebeec979c9b13c93494358ac706b0440c57e8befc3b4d,2026-06,Suffolk Constabulary,Suffolk Constabulary,1.197915,52.056849,On or near Hospital,E01029965,Ipswich 009C,Violence and sexual offences,Under investigation,
3985a47beb5e0d9f13105991e7f2885aa03f06132dca8d4e3dbe3a52273b67ea,2026-06,Suffolk Constabulary,Suffolk Constabulary,1.197915,52.056849,On or near Hospital,E01029965,Ipswich 009C,Violence and sexual offences,Investigation complete; no suspect identified,
630c49655f3c6dfd9d5bcc7f5f185e2e680e59d805a52fa93de95da5065eec48,2026-06,Suffolk Constabulary,Suffolk Constabulary,1.197915,52.056849,On or near Hospital,E01029965,Ipswich 009C,Violence and sexual offences,Unable to prosecute suspect,
c26fe30d5ceb99176d37312f52cd88f445382233d2c7b9fda553e62224c8fa00,2026-06,Suffolk Constabulary,Suffolk Constabulary,1.197915,52.056849,On or near Hospital,E01029965,Ipswich 009C,Violence and sexual offences,Under investigation,
a04fdfe85f9954ecad5277c4d62382e94e1a617267cb0d1bae3b2e77132148cc,2026-06,Suffolk Constabulary,Suffolk Constabulary,1.203453,52.050852,On or near Foxberry Gardens,E01029965,Ipswich 009C,Other crime,Under investigation,
635465288fb16654ece544a469a1f5b7e3055fe3d5f2dd4bfe614eb22a627f71,2026-06,Suffolk Constabulary,Suffolk Constabulary,1.199371,52.044164,On or near A1189,E01029966,Ipswich 009D,Burglary,Under investigation,
3a753b9fc16d2688bc65e2385725160e99ae968cfa4f6267091fe57ee5d581a7,2026-06,Suffolk Constabulary,Suffolk Constabulary,1.198050,52.051386,On or near Foxhall Road,E01029966,Ipswich 009D,Criminal damage and arson,Under investigation,
880a68816c83f3c9934bbdbad3c039a49c063061fe08ab9ef4df530df9b6c8cc,2026-06,Suffolk Constabulary,Suffolk Constabulary,1.122938,52.054355,On or near Milden Road,E01029984,Ipswich 010A,Burglary,Under investigation,
583c5682e10f9b4497bfe611422f92ca8bd1c1ef426a583504931eb8caf2883c,2026-06,Suffolk Constabulary,Suffolk Constabulary,1.128227,52.052596,On or near Poppy Close,E01029984,Ipswich 010A,Other theft,Under investigation,
e707f45be834e94f9634486ef005928b4c21dbba988d87ddd1db990d0c26e45a,2026-06,Suffolk Constabulary,Suffolk Constabulary,1.126016,52.053311,On or near Columbine Gardens,E01029984,Ipswich 010A,Public order,Investigation complete; no suspect identified,
548302280cab3d815fc215d92e331973245707f9601b408a68d721daf419e8f0,2026-06,Suffolk Constabulary,Suffolk Constabulary,1.128227,52.052596,On or near Poppy Close,E01029984,Ipswich 010A,Public order,Investigation complete; no suspect identified,
9b2a8d731e256d847cc8f3c99746423fb83379cbefd7e49c0035638259bc9bc2,2026-06,Suffolk Constabulary,Suffolk Constabulary,1.128227,52.052596,On or near Poppy Close,E01029984,Ipswich 010A,Violence and sexual offences,Under investigation,
dc532afb2242f4a8e5657cb66f169f42985277c02161c98700a32bdf4a99f54e,2026-06,Suffolk Constabulary,Suffolk Constabulary,1.128227,52.052596,On or near Poppy Close,E01029984,Ipswich 010A,Violence and sexual offences,Under investigation,
,2026-06,Suffolk Constabulary,Suffolk Constabulary,1.127256,52.055401,On or near Dombey Road,E01029985,Ipswich 010B,Anti-social behaviour,,
ce4af8a7c118e8307e6de4072307aab2a14619705c30be086625a428b5b53f98,2026-06,Suffolk Constabulary,Suffolk Constabulary,1.146707,52.050260,On or near Parking Area,E01029985,Ipswich 010B,Burglary,Under investigation,
80270fe3c533841bd62dd66224aab3497505c2d564556a52dc9e16e552a0a280,2026-06,Suffolk Constabulary,Suffolk Constabulary,1.142424,52.050131,On or near Gippeswyk Road,E01029985,Ipswich 010B,Criminal damage and arson,Under investigation,
ad0a33c631fc4b1017221fc2dce3445d4b7c41d4fdc7be06a4fb874653264a82,2026-06,Suffolk Constabulary,Suffolk Constabulary,1.133917,52.057805,On or near Petrol Station,E01029985,Ipswich 010B,Other theft,Under investigation,
4ba802051458b0d548cbe0800bceef9fc225c1a2f6b5f49e2c48bc3b0f2e5837,2026-06,Suffolk Constabulary,Suffolk Constabulary,1.142424,52.050131,On or near Gippeswyk Road,E01029985,Ipswich 010B,Other theft,Under investigation,
f453d2b74d78b0d21d29d3859ea380cd166b72dbc822cfbbe6998fe628521b2f,2026-06,Suffolk Constabulary,Suffolk Constabulary,1.127943,52.059385,On or near Dunlop Road,E01029985,Ipswich 010B,Other theft,Under investigation,
7ec12f6b5e337ab0d7d1cc71d817b8fb90be907fa1cdb7fb106e75ba53fd76f4,2026-06,Suffolk Constabulary,Suffolk Constabulary,1.142424,52.050131,On or near Gippeswyk Road,E01029985,Ipswich 010B,Public order,Under investigation,
783f4a6d39b6b2f6a98a10bd317e426d963e1787dba713b7cf5b0c1da8d5164d,2026-06,Suffolk Constabulary,Suffolk Constabulary,1.137745,52.052676,On or near Ranelagh Road,E01029985,Ipswich 010B,Public order,Under investigation,
ecefda0fda33dd09cd083c9c7746330749f3d4773f5e7f74b141fde35f2dca45,2026-06,Suffolk Constabulary,Suffolk Constabulary,1.142424,52.050131,On or near Gippeswyk Road,E01029985,Ipswich 010B,Public order,Under investigation,
8b858622478ce447fa01d1d6bcadb85cdb26fd6f63b7572f4fded3878bdcc28b,2026-06,Suffolk Constabulary,Suffolk Constabulary,1.145084,52.052489,On or near Chancery Road,E01029985,Ipswich 010B,Public order,Under investigation,
0afd488167f49e2d4745f6df9619468bb7700493d1daeb50db2d80b1f7c90fc6,2026-06,Suffolk Constabulary,Suffolk Constabulary,1.145084,52.052489,On or near Chancery Road,E01029985,Ipswich 010B,Public order,Under investigation,
7113f8c628a4cba12168685ff98ba8791b9e11fd7ebc2da4f016f5d8fd4c90fb,2026-06,Suffolk Constabulary,Suffolk Constabulary,1.131952,52.058910,On or near Supermarket,E01029985,Ipswich 010B,Robbery,Under investigation,
2bd365e8131c20adc4e2c497c7d9eeaeb36e654315723cb95ecd2d9085591c1b,2026-06,Suffolk Constabulary,Suffolk Constabulary,1.131952,52.058910,On or near Supermarket,E01029985,Ipswich 010B,Shoplifting,Local resolution,
38badd3c5b89d7b28a235413143016d3233ef32c392ee51986cebe102cd878f9,2026-06,Suffolk Constabulary,Suffolk Constabulary,1.131952,52.058910,On or near Supermarket,E01029985,Ipswich 010B,Shoplifting,Under investigation,
0bdd494bacbe224021fad58e7753fe545749dd3673e9b4d7550647967332e974,2026-06,Suffolk Constabulary,Suffolk Constabulary,1.131952,52.058910,On or near Supermarket,E01029985,Ipswich 010B,Shoplifting,Under investigation,
16ab284879ae4548806fe2048ef5faa65a17da9d2318d24601109943afaacc44,2026-06,Suffolk Constabulary,Suffolk Constabulary,1.131952,52.058910,On or near Supermarket,E01029985,Ipswich 010B,Shoplifting,Under investigation,
eadd6fe0fbdca8bea8d78e16d9a7551554d24e7ef96b31bc48f13360321fd28e,2026-06,Suffolk Constabulary,Suffolk Constabulary,1.133294,52.056447,On or near Shopping Area,E01029985,Ipswich 010B,Shoplifting,Unable to prosecute suspect,
f78fc4fdf2a43769b70098bc649fbd4845e505f8d19af86b361704f850ad2e20,2026-06,Suffolk Constabulary,Suffolk Constabulary,1.139520,52.053438,On or near Reavell Place,E01029985,Ipswich 010B,Vehicle crime,Under investigation,
24c84972d2fe9851f72bb626768cc4136376443b15075aa2dd7cc7a5ff9866db,2026-06,Suffolk Constabulary,Suffolk Constabulary,1.138493,52.053357,On or near Gaskell Place,E01029985,Ipswich 010B,Vehicle crime,Under investigation,
4d20e747871460a8cc5b4cc2f1491bd1a13420c18de112a344f30baa08af5180,2026-06,Suffolk Constabulary,Suffolk Constabulary,1.140223,52.050154,On or near Gippeswyk Avenue,E01029985,Ipswich 010B,Vehicle crime,Under investigation,
33f42f5609d070a5b097144e811c9e91a40232974efaedf992fce3245990dbc3,2026-06,Suffolk Constabulary,Suffolk Constabulary,1.142424,52.050131,On or near Gippeswyk Road,E01029985,Ipswich 010B,Vehicle crime,Investigation complete; no suspect identified,
64d7300d2e037fa0e54ab92a64317dcbe99ce768351fb5b4ac12c3dd89045971,2026-06,Suffolk Constabulary,Suffolk Constabulary,1.141731,52.048783,On or near Kesteven Road,E01029985,Ipswich 010B,Vehicle crime,Investigation complete; no suspect identified,
2aaa98d6c8adb4e43fe75d0217b94f4ce74b1e2796eb3799f8664d2a2771d5b1,2026-06,Suffolk Constabulary,Suffolk Constabulary,1.137867,52.053374,On or near Broomwade Close,E01029985,Ipswich 010B,Violence and sexual offences,Under investigation,
73e34cf38a7d18f725556abb5599ce6b4cd7302de29e979f2cf159775efe1f98,2026-06,Suffolk Constabulary,Suffolk Constabulary,1.130380,52.057710,On or near Allenby Road,E01029985,Ipswich 010B,Violence and sexual offences,Under investigation,
90eebfdb24185a32a2912d992b6be1023f91014d0f70bfe91153c87a00a063f7,2026-06,Suffolk Constabulary,Suffolk Constabulary,1.132279,52.055456,On or near Paul'S Road,E01029985,Ipswich 010B,Violence and sexual offences,Under investigation,
264282e4b016cf6fca9662dc56757572cdd77911a2a9e622d3909fac77e0fe3e,2026-06,Suffolk Constabulary,Suffolk Constabulary,1.127256,52.055401,On or near Dombey Road,E01029985,Ipswich 010B,Violence and sexual offences,Under investigation,
dc8a42ff33e6ec66b104087bc00ff52e549cde3e3211124b53001ebe6a1d8ed9,2026-06,Suffolk Constabulary,Suffolk Constabulary,1.148779,52.050267,On or near Willoughby Road,E01029985,Ipswich 010B,Violence and sexual offences,Action to be taken by another organisation,
886db5cf7f90d6931236f91e389b624bc75b7ae0332067c9fec919c4adcc1f79,2026-06,Suffolk Constabulary,Suffolk Constabulary,1.130380,52.057710,On or near Allenby Road,E01029985,Ipswich 010B,Violence and sexual offences,Under investigation,
a2e86312f8462758c5f46d71e7952460b8ca98a5b2aec9ee122dbc7597cb0768,2026-06,Suffolk Constabulary,Suffolk Constabulary,1.130380,52.057710,On or near Allenby Road,E01029985,Ipswich 010B,Violence and sexual offences,Under investigation,
e3ae90d53c6527f96818e462b543026e5a16de6f1130c719e2872d9e4a7de447,2026-06,Suffolk Constabulary,Suffolk Constabulary,1.127256,52.055401,On or near Dombey Road,E01029985,Ipswich 010B,Violence and sexual offences,Under investigation,
6d4700f2a241c6913c474892e630b77491a92d619f8a6aa726609269dcbb8e9f,2026-06,Suffolk Constabulary,Suffolk Constabulary,1.127000,52.055911,On or near Copperfield Road,E01029985,Ipswich 010B,Violence and sexual offences,Under investigation,
997165c7b1a79e14beaa6c183e490b0175e016549fc115ee3090546d44ba7013,2026-06,Suffolk Constabulary,Suffolk Constabulary,1.148779,52.050267,On or near Willoughby Road,E01029985,Ipswich 010B,Violence and sexual offences,Action to be taken by another organisation,
18a4358a2b5e95eeef296aa8903c866db9beaed7084d98f2dd351a77815d9cbd,2026-06,Suffolk Constabulary,Suffolk Constabulary,1.141913,52.052412,On or near Parking Area,E01029985,Ipswich 010B,Violence and sexual offences,Investigation complete; no suspect identified,
eefe0613804db1d6271f9d367fc1fc3a5d9d39feeee5537bd0d9708bbf1f7ee8,2026-06,Suffolk Constabulary,Suffolk Constabulary,1.140208,52.052232,On or near Enterprise Drive,E01029985,Ipswich 010B,Violence and sexual offences,Under investigation,
cf4d6f0256a288ddba6afc386f43aa88403d62b81503017bbd9d0590a166d0ed,2026-06,Suffolk Constabulary,Suffolk Constabulary,1.137867,52.053374,On or near Broomwade Close,E01029985,Ipswich 010B,Violence and sexual offences,Under investigation,
,2026-06,Suffolk Constabulary,Suffolk Constabulary,1.131483,52.046996,On or near Jasmine Close,E01029986,Ipswich 010C,Anti-social behaviour,,
,2026-06,Suffolk Constabulary,Suffolk Constabulary,1.130074,52.052502,On or near Waller'S Grove,E01029986,Ipswich 010C,Anti-social behaviour,,
,2026-06,Suffolk Constabulary,Suffolk Constabulary,1.134125,52.047861,On or near Maple Close,E01029986,Ipswich 010C,Anti-social behaviour,,
9b00624b24b13162b14af58b54e47435b1c983abc4d0a3f996ab780b088a0704,2026-06,Suffolk Constabulary,Suffolk Constabulary,1.134125,52.047861,On or near Maple Close,E01029986,Ipswich 010C,Burglary,Under investigation,
abb7e7260053b3279b4e504d4577a85a86533be6129d5186224ef45427b30548,2026-06,Suffolk Constabulary,Suffolk Constabulary,1.125849,52.051544,On or near Coltsfoot Road,E01029986,Ipswich 010C,Violence and sexual offences,Under investigation,
4aac08774d1cb7b02a9985ded5c70f97b05bc1ffb76b41819766911b8d1e5493,2026-06,Suffolk Constabulary,Suffolk Constabulary,1.137134,52.049382,On or near Talmash Gardens,E01029986,Ipswich 010C,Violence and sexual offences,Under investigation,
e3ba57183442f9b6bb28b14aefb41de524290e5b578477c27ba2bde0a005e7cf,2026-06,Suffolk Constabulary,Suffolk Constabulary,1.136440,52.048834,On or near Birkfield Close,E01029986,Ipswich 010C,Violence and sexual offences,Investigation complete; no suspect identified,
010b94d294b59ffe85eec5f4cb78e524d05b4d1a8a85d739d661067f40b65d74,2026-06,Suffolk Constabulary,Suffolk Constabulary,1.125849,52.051544,On or near Coltsfoot Road,E01029986,Ipswich 010C,Violence and sexual offences,Under investigation,
325ebdba47ac6bfd653b2c3fb0140dc9641c421e2504c55f0303b8bb6aebb196,2026-06,Suffolk Constabulary,Suffolk Constabulary,1.130080,52.047168,On or near Sorrel Close,E01029986,Ipswich 010C,Violence and sexual offences,Under investigation,
6ffdc21f65e1babf9a859c21e71edc293d09472c141c30a398da40384e13eede,2026-06,Suffolk Constabulary,Suffolk Constabulary,1.125849,52.051544,On or near Coltsfoot Road,E01029986,Ipswich 010C,Violence and sexual offences,Under investigation,
,2026-06,Suffolk Constabulary,Suffolk Constabulary,1.124092,52.047489,On or near Daffodil Close,E01029987,Ipswich 010D,Anti-social behaviour,,
40f027f83bd0647606ff9a1aa9cc6f1d913fd856ded4c5e327d7e4bf0af6bf0e,2026-06,Suffolk Constabulary,Suffolk Constabulary,1.127986,52.049976,On or near Crocus Close,E01029987,Ipswich 010D,Vehicle crime,Investigation complete; no suspect identified,
a31ca1d5efe98637a376b22e08255df0f2434a31d7d449ec30f1e53c08df2d56,2026-06,Suffolk Constabulary,Suffolk Constabulary,1.126382,52.049155,On or near Cornflower Close,E01029987,Ipswich 010D,Violence and sexual offences,Under investigation,
83cedd12b6e4f49cf7f1c24a03fb51765f282dc091a99938249437f7f6c1dab1,2026-06,Suffolk Constabulary,Suffolk Constabulary,1.133791,52.049543,On or near Campion Road,E01029987,Ipswich 010D,Violence and sexual offences,Under investigation,
,2026-06,Suffolk Constabulary,Suffolk Constabulary,1.141592,52.059058,On or near Dillwyn Street West,E01029988,Ipswich 010E,Anti-social behaviour,,
,2026-06,Suffolk Constabulary,Suffolk Constabulary,1.139456,52.058773,On or near Gibbons Street,E01029988,Ipswich 010E,Anti-social behaviour,,
,2026-06,Suffolk Constabulary,Suffolk Constabulary,1.139153,52.057567,On or near Firmin Close,E01029988,Ipswich 010E,Anti-social behaviour,,
,2026-06,Suffolk Constabulary,Suffolk Constabulary,1.147122,52.055537,On or near Parking Area,E01029988,Ipswich 010E,Anti-social behaviour,,
0bbabf7dc3c9a1b5ce8e701ffa655f33185d4bd830b78a2b85088a0339d65d8e,2026-06,Suffolk Constabulary,Suffolk Constabulary,1.136909,52.057608,On or near Supermarket,E01029988,Ipswich 010E,Bicycle theft,Awaiting court outcome,
fa98f518b663b8c0c3b07e4e02f73ff0eaf2e39af4fc2991f90927d2c23d6e55,2026-06,Suffolk Constabulary,Suffolk Constabulary,1.143017,52.055458,On or near Sir Alf Ramsey Way,E01029988,Ipswich 010E,Drugs,Awaiting court outcome,
682288ac99239477b9291b4475322832d33dd849d0be685de5ce2d29c6647ee5,2026-06,Suffolk Constabulary,Suffolk Constabulary,1.141525,52.058106,On or near Dillwyn Street,E01029988,Ipswich 010E,Other theft,Under investigation,
bb3ad63e989f2d712dab61a9e98f078376ec02176a2b6e321dd973afcb98df2f,2026-06,Suffolk Constabulary,Suffolk Constabulary,1.139153,52.057567,On or near Firmin Close,E01029988,Ipswich 010E,Other theft,Investigation complete; no suspect identified,
8609f9729f9b1da8a6f0e359acf2defd8bae93ff64722c03b27d84df221d0e77,2026-06,Suffolk Constabulary,Suffolk Constabulary,1.143017,52.055458,On or near Sir Alf Ramsey Way,E01029988,Ipswich 010E,Other theft,Under investigation,
e1689d905727f52e0568326014a4b333deb3e39186b3d510bdb3fbd16151ad3c,2026-06,Suffolk Constabulary,Suffolk Constabulary,1.141525,52.058106,On or near Dillwyn Street,E01029988,Ipswich 010E,Other theft,Under investigation,
e132853d710d0febb07e47379f5c812a112f67649d468705976de4f074d652bb,2026-06,Suffolk Constabulary,Suffolk Constabulary,1.141592,52.059058,On or near Dillwyn Street West,E01029988,Ipswich 010E,Possession of weapons,Under investigation,
7aeebafad8d54f75c518d0f69aaff3df499f822a3e5536186864d4f19667e827,2026-06,Suffolk Constabulary,Suffolk Constabulary,1.136909,52.057608,On or near Supermarket,E01029988,Ipswich 010E,Public order,Investigation complete; no suspect identified,
965c49c1e1307769ce562c0ffeda5fb7edfaf6a7a1feb2890c507c948dc4d34e,2026-06,Suffolk Constabulary,Suffolk Constabulary,1.148207,52.054987,On or near Princes Street,E01029988,Ipswich 010E,Public order,Unable to prosecute suspect,
4af086bc4629ed18d38ad997189844701b7d6538d73b9106ffb25073c5786bb5,2026-06,Suffolk Constabulary,Suffolk Constabulary,1.144638,52.054236,On or near Sports/Recreation Area,E01029988,Ipswich 010E,Public order,Unable to prosecute suspect,
d8d35b0affe60f2bc8b391d1e3848d4e9c5331878d622253f07009caf49dd385,2026-06,Suffolk Constabulary,Suffolk Constabulary,1.136909,52.057608,On or near Supermarket,E01029988,Ipswich 010E,Robbery,Under investigation,
0b7a3a888f0857e15ad3e42d2557b351fc1362beacf8ec2ce989f6322036e611,2026-06,Suffolk Constabulary,Suffolk Constabulary,1.148238,52.055220,On or near Friars Bridge Road,E01029988,Ipswich 010E,Shoplifting,Unable to prosecute suspect,
e605eec9e06770652be57f2ff34ee0f46c1c9d48c364d5d3f0eb58f820f8dfed,2026-06,Suffolk Constabulary,Suffolk Constabulary,1.148238,52.055220,On or near Friars Bridge Road,E01029988,Ipswich 010E,Shoplifting,Under investigation,
a8d26a3a7fcf5421d6b7941fbbb06d38c70d2bf3715886e428f89ce420419ee9,2026-06,Suffolk Constabulary,Suffolk Constabulary,1.136909,52.057608,On or near Supermarket,E01029988,Ipswich 010E,Shoplifting,Unable to prosecute suspect,
81abab5afdd4ea942c418ce6e563d28249494fe3990f83746004f45068195228,2026-06,Suffolk Constabulary,Suffolk Constabulary,1.146713,52.054703,On or near Parking Area,E01029988,Ipswich 010E,Theft from the person,Under investigation,
abcd10a5c74fd2eff23cb048f268c45ff309c43eeb6b82b9f22e910d993726dd,2026-06,Suffolk Constabulary,Suffolk Constabulary,1.144638,52.054236,On or near Sports/Recreation Area,E01029988,Ipswich 010E,Vehicle crime,Investigation complete; no suspect identified,
2c553541aa08dfd41e1f328a445de6e9a565f27b83a893e0249a18f79085a784,2026-06,Suffolk Constabulary,Suffolk Constabulary,1.141525,52.058106,On or near Dillwyn Street,E01029988,Ipswich 010E,Violence and sexual offences,Under investigation,
cad59f24890d583a761aaea5efe4f1d6beda8e4e210be385868e624c0a01b330,2026-06,Suffolk Constabulary,Suffolk Constabulary,1.143017,52.055458,On or near Sir Alf Ramsey Way,E01029988,Ipswich 010E,Violence and sexual offences,Awaiting court outcome,
7e483bfd0fdeccbf795409862f57092184123d5e6e0f0e9f49cd719662b4d498,2026-06,Suffolk Constabulary,Suffolk Constabulary,1.136909,52.057608,On or near Supermarket,E01029988,Ipswich 010E,Violence and sexual offences,Unable to prosecute suspect,
0f8c2a27906b562bfbcb0c9c8591e91ec99ce2acc9a983d1b5e74a8729df5762,2026-06,Suffolk Constabulary,Suffolk Constabulary,1.137676,52.057111,On or near Woollards Close,E01029988,Ipswich 010E,Violence and sexual offences,Under investigation,
a63dcf88cfaab748478f41ae7d3fc7d0d90e5733e27296a39f1a22d4b8c7a756,2026-06,Suffolk Constabulary,Suffolk Constabulary,1.140239,52.058707,On or near Elliott Street,E01029988,Ipswich 010E,Violence and sexual offences,Under investigation,
41b2a384d251c414492bae1a1be7420cf62cbaac9c28f59d7059bde43f32290f,2026-06,Suffolk Constabulary,Suffolk Constabulary,1.144638,52.054236,On or near Sports/Recreation Area,E01029988,Ipswich 010E,Violence and sexual offences,Unable to prosecute suspect,
606b07dd5f343a3002843aac7dff9904acd6c0979fd41afd0f27508c57e8570f,2026-06,Suffolk Constabulary,Suffolk Constabulary,1.145594,52.056010,On or near Parking Area,E01029988,Ipswich 010E,Violence and sexual offences,Under investigation,
8b2c25ef199f3eb15ad3bf09ecb3227d3d2b5497ab3a78306f94fd3b8f7aa71d,2026-06,Suffolk Constabulary,Suffolk Constabulary,1.146713,52.054703,On or near Parking Area,E01029988,Ipswich 010E,Violence and sexual offences,Under investigation,
65540858a6b652c9e96dcaac9b2a645b3fdaa7bd99657ac2f42e89c4aac3e67d,2026-06,Suffolk Constabulary,Suffolk Constabulary,1.142641,52.057797,On or near Handford Road,E01029988,Ipswich 010E,Violence and sexual offences,Under investigation,
9c801b9b8c084f685049990e4360050af8b244ab2679d168089314288e11df4b,2026-06,Suffolk Constabulary,Suffolk Constabulary,1.144638,52.054236,On or near Sports/Recreation Area,E01029988,Ipswich 010E,Violence and sexual offences,Unable to prosecute suspect,
d340a1a13b2c898d0e4dd1f60abac522b697230f0ed53105517fe8c5a8acb042,2026-06,Suffolk Constabulary,Suffolk Constabulary,1.144638,52.054236,On or near Sports/Recreation Area,E01029988,Ipswich 010E,Violence and sexual offences,Awaiting court outcome,
7a3fa30d684ad66c9c81199fc9f53e86d3c3250f0689d27290ccf21e6bc03cc1,2026-06,Suffolk Constabulary,Suffolk Constabulary,1.137676,52.057111,On or near Woollards Close,E01029988,Ipswich 010E,Violence and sexual offences,Action to be taken by another organisation,
d62cfb5ee8e739adfb59927ac5ebe76ff0ad0625b54d53cfa1c785f844d99320,2026-06,Suffolk Constabulary,Suffolk Constabulary,1.143628,52.058967,On or near Burlington Road,E01029988,Ipswich 010E,Violence and sexual offences,Under investigation,
1f1e02f1ac6727913e059187bc00ef4639c7acf69430c0ad25aec847a87a5fb6,2026-06,Suffolk Constabulary,Suffolk Constabulary,1.139153,52.057567,On or near Firmin Close,E01029988,Ipswich 010E,Violence and sexual offences,Under investigation,
169df8d6f40b8a25d5bd3490f622ed24f604855e0e06b63496a172b146fe78a9,2026-06,Suffolk Constabulary,Suffolk Constabulary,1.146995,52.057249,On or near Little Gipping Street,E01029988,Ipswich 010E,Violence and sexual offences,Under investigation,
9e849f388afb1355122a21ffa0e10084cdf653b995d9b9d80ca4158ca67ce212,2026-06,Suffolk Constabulary,Suffolk Constabulary,1.144638,52.054236,On or near Sports/Recreation Area,E01029988,Ipswich 010E,Violence and sexual offences,Under investigation,
6c52a824b0be2a591badc58145de320f26578a92faad3115e625ba7ab5061798,2026-06,Suffolk Constabulary,Suffolk Constabulary,1.181141,52.051376,On or near Tomline Road,E01029990,Ipswich 011B,Vehicle crime,Investigation complete; no suspect identified,
da41131c8231921343272defbf9f92e689928774a0aea121e2054c456eb336cb,2026-06,Suffolk Constabulary,Suffolk Constabulary,1.182101,52.050100,On or near Derby Road,E01029990,Ipswich 011B,Vehicle crime,Under investigation,
f2a80a606f2ab411c4ab92eda31d56f908a9bc4a58887ebe9980f9f72dd3a698,2026-06,Suffolk Constabulary,Suffolk Constabulary,1.181141,52.051376,On or near Tomline Road,E01029990,Ipswich 011B,Violence and sexual offences,Under investigation,
cb35324a24384723a375bc751a762348702e56cfe8ed5c023fb1663b082dbe91,2026-06,Suffolk Constabulary,Suffolk Constabulary,1.179299,52.051534,On or near Upper Cavendish Street,E01029990,Ipswich 011B,Violence and sexual offences,Action to be taken by another organisation,
3758a20c20d25b79a80573cd0e9a09c57b73782f761dba93d3f58afdda6fd996,2026-06,Suffolk Constabulary,Suffolk Constabulary,1.178518,52.047715,On or near Salisbury Road,E01029992,Ipswich 011D,Burglary,Under investigation,
3463bde217f94cb4b1481e7dc303cc62a38ee7816a19d958e50fba825595c1e8,2026-06,Suffolk Constabulary,Suffolk Constabulary,1.178984,52.047711,On or near Osborne Road,E01029992,Ipswich 011D,Criminal damage and arson,Under investigation,
6262e11ce35384622a6f2adc69c793d9883fdcac92b9aaf0dd4a6257a589e869,2026-06,Suffolk Constabulary,Suffolk Constabulary,1.178518,52.047715,On or near Salisbury Road,E01029992,Ipswich 011D,Vehicle crime,Investigation complete; no suspect identified,
4c28a92fc1ed35aecbe5e43f505368632124942d054a4fdba8de6bb44ddcb882,2026-06,Suffolk Constabulary,Suffolk Constabulary,1.176996,52.045804,On or near Beech Grove,E01029992,Ipswich 011D,Violence and sexual offences,Under investigation,
7a9b6de97ac8ac489ff0625a93168dfa74d383257b367b6579b8d5d2897a5204,2026-06,Suffolk Constabulary,Suffolk Constabulary,1.176996,52.045804,On or near Beech Grove,E01029992,Ipswich 011D,Violence and sexual offences,Under investigation,
d8222a4bef5f8c3ee58603ec270259936b5e2d82cd188003654324dfda0fd959,2026-06,Suffolk Constabulary,Suffolk Constabulary,1.178984,52.047711,On or near Osborne Road,E01029992,Ipswich 011D,Violence and sexual offences,Under investigation,
ce4d92a19cbbd188f6c7378146eb871d9db76e47698b5e8d71504cd050beb69f,2026-06,Suffolk Constabulary,Suffolk Constabulary,1.176996,52.045804,On or near Beech Grove,E01029992,Ipswich 011D,Other crime,Under investigation,
,2026-06,Suffolk Constabulary,Suffolk Constabulary,1.169758,52.050910,On or near White Elm Street,E01033123,Ipswich 011E,Anti-social behaviour,,
,2026-06,Suffolk Constabulary,Suffolk Constabulary,1.168369,52.053124,On or near Back Hamlet,E01033123,Ipswich 011E,Anti-social behaviour,,
591473d6dbadfca3b5fe41ebb11286376b8dee7fafa5797f6612ce3157ee1d95,2026-06,Suffolk Constabulary,Suffolk Constabulary,1.173234,52.053433,On or near Supermarket,E01033123,Ipswich 011E,Bicycle theft,Unable to prosecute suspect,
a73afaa808f279a0d3fbdc8c02a2b39869dde5169c3b2661dc96d3cbda11752d,2026-06,Suffolk Constabulary,Suffolk Constabulary,1.174812,52.049964,On or near Sandhurst Avenue,E01033123,Ipswich 011E,Criminal damage and arson,Investigation complete; no suspect identified,
14729062c31f8d5e90c25484c4a342715662a167c22a75a690a2ca253b517228,2026-06,Suffolk Constabulary,Suffolk Constabulary,1.168369,52.053124,On or near Back Hamlet,E01033123,Ipswich 011E,Criminal damage and arson,Under investigation,
90f6fc0aa3199417b653fcc5cbed5984742813b79de862ac2f7e8c96c41aaf73,2026-06,Suffolk Constabulary,Suffolk Constabulary,1.168369,52.053124,On or near Back Hamlet,E01033123,Ipswich 011E,Other theft,Investigation complete; no suspect identified,
4d5ac2011f7226a4e41f57193c9033936c0ed804d123f3b455bd30afcc96da73,2026-06,Suffolk Constabulary,Suffolk Constabulary,1.173234,52.053433,On or near Supermarket,E01033123,Ipswich 011E,Shoplifting,Under investigation,
9eaccded147e6cad8365f8875a724c363b36067da680103e58882fc881e966de,2026-06,Suffolk Constabulary,Suffolk Constabulary,1.173234,52.053433,On or near Supermarket,E01033123,Ipswich 011E,Shoplifting,Under investigation,
ca9d24a6113bfb6dc14ff0c597ac0ab65aceff0fe844f44e991f6210bdda92c2,2026-06,Suffolk Constabulary,Suffolk Constabulary,1.173234,52.053433,On or near Supermarket,E01033123,Ipswich 011E,Shoplifting,Under investigation,
bb5715fabe999196fcad2da3d46f6a5131f80346059bb3b4a75c8ac87157d7fe,2026-06,Suffolk Constabulary,Suffolk Constabulary,1.173234,52.053433,On or near Supermarket,E01033123,Ipswich 011E,Shoplifting,Under investigation,
8b719a7d5371833772835b8b7afbec5c1dbd9a847c072388ac50459e8a74db76,2026-06,Suffolk Constabulary,Suffolk Constabulary,1.173234,52.053433,On or near Supermarket,E01033123,Ipswich 011E,Shoplifting,Under investigation,
d9b9abccb9ec7672f64698ecee539d23ce3652a806d722ce786b7ab726c7916f,2026-06,Suffolk Constabulary,Suffolk Constabulary,1.173234,52.053433,On or near Supermarket,E01033123,Ipswich 011E,Shoplifting,Investigation complete; no suspect identified,
75bd0626aea71c964bd4d55340df4dfc6659fd4f53da881df42d7afb877a3004,2026-06,Suffolk Constabulary,Suffolk Constabulary,1.173234,52.053433,On or near Supermarket,E01033123,Ipswich 011E,Shoplifting,Under investigation,
6469f2cd96c867b4da876f8d6464cf9f8e787ddab6710aee562cdb762567b198,2026-06,Suffolk Constabulary,Suffolk Constabulary,1.173234,52.053433,On or near Supermarket,E01033123,Ipswich 011E,Shoplifting,Under investigation,
a94b1d4a466042fbc2906f19be3a32ef8a283446d8733b0feb878b5fa6b48604,2026-06,Suffolk Constabulary,Suffolk Constabulary,1.173234,52.053433,On or near Supermarket,E01033123,Ipswich 011E,Shoplifting,Under investigation,
a160f751adde614240ba0b04ccf73ae48e7a84500f755f480b45667a8510b9fb,2026-06,Suffolk Constabulary,Suffolk Constabulary,1.173234,52.053433,On or near Supermarket,E01033123,Ipswich 011E,Shoplifting,Under investigation,
7971d387a093b692284d0262c0fb271ba01b65ab1fc575e4e335847f7a53e684,2026-06,Suffolk Constabulary,Suffolk Constabulary,1.173234,52.053433,On or near Supermarket,E01033123,Ipswich 011E,Violence and sexual offences,Unable to prosecute suspect,
4478795bb30b7f6f1628ee5db62730fc2943597e874f9a13d63ee3de12eb4cf8,2026-06,Suffolk Constabulary,Suffolk Constabulary,1.174812,52.049964,On or near Sandhurst Avenue,E01033123,Ipswich 011E,Violence and sexual offences,Under investigation,
b148867558906dd097f45fcddc5c9347717e5617a99652291e3b26a9c75ef88d,2026-06,Suffolk Constabulary,Suffolk Constabulary,1.171512,52.053012,On or near Devonshire Road,E01033123,Ipswich 011E,Violence and sexual offences,Under investigation,
083ccbc003650744f4626db6a02b46e3a6cd853fbd3fd423a1f2bec5a1c08197,2026-06,Suffolk Constabulary,Suffolk Constabulary,1.169315,52.050625,On or near A1156,E01033123,Ipswich 011E,Violence and sexual offences,Under investigation,
fddf37c9208b7ec12498f49feff280bd6cc887d2acaa94f2306e656fc9aec0fe,2026-06,Suffolk Constabulary,Suffolk Constabulary,1.169315,52.050625,On or near A1156,E01033123,Ipswich 011E,Violence and sexual offences,Under investigation,
ee103ad58c6951c3f2c9066b6a80c697d9494ef2a7df4951795e2c40120577db,2026-06,Suffolk Constabulary,Suffolk Constabulary,1.172605,52.051759,On or near Cavendish Street,E01033123,Ipswich 011E,Violence and sexual offences,Unable to prosecute suspect,
a175be57d82b461a2a91b40616b32ba1833d43ba4de1a20cec7a5f616c4f44a8,2026-06,Suffolk Constabulary,Suffolk Constabulary,1.172437,52.053095,On or near Gladstone Road,E01033123,Ipswich 011E,Violence and sexual offences,Under investigation,
038db42f545e705a7ea9de88cb158293b2a790ebe8d1b7784f9736e3f7d38c59,2026-06,Suffolk Constabulary,Suffolk Constabulary,1.168369,52.053124,On or near Back Hamlet,E01033123,Ipswich 011E,Other crime,Under investigation,
,2026-06,Suffolk Constabulary,Suffolk Constabulary,1.164389,52.048833,On or near Anchor Street,E01033126,Ipswich 011F,Anti-social behaviour,,
,2026-06,Suffolk Constabulary,Suffolk Constabulary,1.166119,52.050405,On or near Hope Court,E01033126,Ipswich 011F,Anti-social behaviour,,
,2026-06,Suffolk Constabulary,Suffolk Constabulary,1.164700,52.048276,On or near Patteson Road,E01033126,Ipswich 011F,Anti-social behaviour,,
,2026-06,Suffolk Constabulary,Suffolk Constabulary,1.165056,52.048977,On or near Maude Street,E01033126,Ipswich 011F,Anti-social behaviour,,
,2026-06,Suffolk Constabulary,Suffolk Constabulary,1.165930,52.051238,On or near Pownall Road,E01033126,Ipswich 011F,Anti-social behaviour,,
,2026-06,Suffolk Constabulary,Suffolk Constabulary,1.164389,52.048833,On or near Anchor Street,E01033126,Ipswich 011F,Anti-social behaviour,,
,2026-06,Suffolk Constabulary,Suffolk Constabulary,1.164700,52.048276,On or near Patteson Road,E01033126,Ipswich 011F,Anti-social behaviour,,
,2026-06,Suffolk Constabulary,Suffolk Constabulary,1.164389,52.048833,On or near Anchor Street,E01033126,Ipswich 011F,Anti-social behaviour,,
,2026-06,Suffolk Constabulary,Suffolk Constabulary,1.165930,52.051238,On or near Pownall Road,E01033126,Ipswich 011F,Anti-social behaviour,,
,2026-06,Suffolk Constabulary,Suffolk Constabulary,1.164389,52.048833,On or near Anchor Street,E01033126,Ipswich 011F,Anti-social behaviour,,
,2026-06,Suffolk Constabulary,Suffolk Constabulary,1.164389,52.048833,On or near Anchor Street,E01033126,Ipswich 011F,Anti-social behaviour,,
ae4c83bc2be4cfafde038b436f6b8c185418bb7767e47b897af187e3b8b5d496,2026-06,Suffolk Constabulary,Suffolk Constabulary,1.164147,52.050575,On or near Page Walk,E01033126,Ipswich 011F,Bicycle theft,Investigation complete; no suspect identified,
63338c12c0d45df99128b86a698ce7067134eca7cc63293fd83ae38d5c287f54,2026-06,Suffolk Constabulary,Suffolk Constabulary,1.165334,52.050651,On or near Duke Street,E01033126,Ipswich 011F,Criminal damage and arson,Investigation complete; no suspect identified,
65295f69b84a59f9fb88a631102defeb47edd56ed547c0fb5908afea8cabf728,2026-06,Suffolk Constabulary,Suffolk Constabulary,1.164314,52.052108,On or near Coprolite Street,E01033126,Ipswich 011F,Drugs,Local resolution,
8dfab7e8d7ea586a26628fee97d92144813678b1c10941179fef24a93657e282,2026-06,Suffolk Constabulary,Suffolk Constabulary,1.164466,52.050746,On or near University Avenue,E01033126,Ipswich 011F,Other theft,Under investigation,
10833c2552f5c1cc6d85392bb33d7b475adb0428efdcd8481347b2367b3d0657,2026-06,Suffolk Constabulary,Suffolk Constabulary,1.166702,52.050812,On or near Isham Place,E01033126,Ipswich 011F,Public order,Under investigation,
878b0e6da3a717c2b8e567fd735dfa41ac82568537ca3319e35c42d1525b5d68,2026-06,Suffolk Constabulary,Suffolk Constabulary,1.166119,52.050405,On or near Hope Court,E01033126,Ipswich 011F,Shoplifting,Under investigation,
2c936634d69ef926d388cf2502127d51fbd58e3a7ab562a6adcd8e5e0a026a13,2026-06,Suffolk Constabulary,Suffolk Constabulary,1.166119,52.050405,On or near Hope Court,E01033126,Ipswich 011F,Shoplifting,Unable to prosecute suspect,
29fc4c6a11b686a3801860632e24ca194db993179b496b7e3fbcbac8e618e0ae,2026-06,Suffolk Constabulary,Suffolk Constabulary,1.166119,52.050405,On or near Hope Court,E01033126,Ipswich 011F,Shoplifting,Under investigation,
e5d3fb6a0cae1327bff4f1aba65617c890338725cf08741d79e4cb0c11101d29,2026-06,Suffolk Constabulary,Suffolk Constabulary,1.166119,52.050405,On or near Hope Court,E01033126,Ipswich 011F,Shoplifting,Under investigation,
142d2615c7df5e5f4f03881806fcd6954b306daefded2b09556ecb429c7bfa9d,2026-06,Suffolk Constabulary,Suffolk Constabulary,1.164389,52.048833,On or near Anchor Street,E01033126,Ipswich 011F,Vehicle crime,Under investigation,
ce2e4c494f1ac046ca6c91cd07487ecabd3900d69ed9008289b86046389ba122,2026-06,Suffolk Constabulary,Suffolk Constabulary,1.153759,52.051996,On or near Bridge Street,E01033126,Ipswich 011F,Violence and sexual offences,Under investigation,
d98b9f7fe598331ebedb17aa479a1e52d2cb47ebc2212d642fffa294a088c7d9,2026-06,Suffolk Constabulary,Suffolk Constabulary,1.153759,52.051996,On or near Bridge Street,E01033126,Ipswich 011F,Violence and sexual offences,Unable to prosecute suspect,
a4357c4586e63aa33973aa98e4776fde817887add7c34879d1ae6ef7a5484752,2026-06,Suffolk Constabulary,Suffolk Constabulary,1.164314,52.052108,On or near Coprolite Street,E01033126,Ipswich 011F,Violence and sexual offences,Under investigation,
b02b24ce695b9f4bd44ba39438930924c5749b41aefcf66290a358d7251b8427,2026-06,Suffolk Constabulary,Suffolk Constabulary,1.164314,52.052108,On or near Coprolite Street,E01033126,Ipswich 011F,Violence and sexual offences,Investigation complete; no suspect identified,
4eacd66f6ae4acfde5d87018f99a465a1f47819ae84be60654eb8ff2fa9d2fef,2026-06,Suffolk Constabulary,Suffolk Constabulary,1.166826,52.051735,On or near Fore Hamlet,E01033126,Ipswich 011F,Violence and sexual offences,Investigation complete; no suspect identified,
96e63101962b75141a63be92f2e019faf75c7135d1e59fa09b987c8f54a19820,2026-06,Suffolk Constabulary,Suffolk Constabulary,1.166702,52.050812,On or near Isham Place,E01033126,Ipswich 011F,Violence and sexual offences,Under investigation,
99d3059d311ce095d115cf105147316d583466d830073351b2d661b1d4f413d3,2026-06,Suffolk Constabulary,Suffolk Constabulary,1.164314,52.052108,On or near Coprolite Street,E01033126,Ipswich 011F,Violence and sexual offences,Under investigation,
5d4cfa8c093e68eda3f49922c46c6eae7c021a5c458ad2a2939a8758d271992c,2026-06,Suffolk Constabulary,Suffolk Constabulary,1.167358,52.050174,On or near Tye Road,E01033126,Ipswich 011F,Violence and sexual offences,Under investigation,
157f6cc68e45c7a97236fcdb8be4b112059b21d6a14ecdc0b84fb884302296f4,2026-06,Suffolk Constabulary,Suffolk Constabulary,1.164314,52.052108,On or near Coprolite Street,E01033126,Ipswich 011F,Violence and sexual offences,Under investigation,
a075ad259f58c69d51b6b7e4f1e8ce2a3f5104339ee349a3a9c62c15721f99ce,2026-06,Suffolk Constabulary,Suffolk Constabulary,1.150744,52.048551,On or near Martin Road,E01029968,Ipswich 012A,Burglary,Awaiting court outcome,
8b7d0c55217d4542d6f955454d89a8791ddda8c92f29ea938d589dbf27e2780d,2026-06,Suffolk Constabulary,Suffolk Constabulary,1.153948,52.047224,On or near Station Street,E01029968,Ipswich 012A,Criminal damage and arson,Under investigation,
dd40ac21f270422c0e23a9ae1d9283735f09973db6c54df35166b6fc51f434b5,2026-06,Suffolk Constabulary,Suffolk Constabulary,1.151842,52.048387,On or near Rectory Road,E01029968,Ipswich 012A,Other theft,Investigation complete; no suspect identified,
9b7a6132e71da1e2b64d80183a1752fbd04f51054ba1519d315a99ce07dfcc42,2026-06,Suffolk Constabulary,Suffolk Constabulary,1.150744,52.049576,On or near Selwyn Close,E01029968,Ipswich 012A,Other theft,Under investigation,
026e27df9449c838137dbb0a4cbee14e2faa43169a440e3f5373829bd54b60b1,2026-06,Suffolk Constabulary,Suffolk Constabulary,1.154198,52.047874,On or near Pauline Street,E01029968,Ipswich 012A,Violence and sexual offences,Under investigation,
42fe369366b984da53726320605b842fd298e9eb372b1a6374ffe93a8114e9e0,2026-06,Suffolk Constabulary,Suffolk Constabulary,1.154760,52.047787,On or near Kenyon Street,E01029968,Ipswich 012A,Violence and sexual offences,Under investigation,
05f59145f04a1d6b701b01c5db79e92bf46faa6520f6ebd9759a3f7057a66de0,2026-06,Suffolk Constabulary,Suffolk Constabulary,1.153563,52.047981,On or near Hartley Street,E01029968,Ipswich 012A,Violence and sexual offences,Unable to prosecute suspect,
,2026-06,Suffolk Constabulary,Suffolk Constabulary,1.153592,52.044041,On or near A137,E01029969,Ipswich 012B,Anti-social behaviour,,
9c532557d7b86567305780d67f296732e529eaa68f807e6d38463df4ab54d99d,2026-06,Suffolk Constabulary,Suffolk Constabulary,1.149536,52.035308,On or near Bostock Road,E01029969,Ipswich 012B,Drugs,Local resolution,
32c1e235a3061a9d2482def2c9384e57c16d7598f4548dd2dccc470bd55b9615,2026-06,Suffolk Constabulary,Suffolk Constabulary,1.153592,52.044041,On or near A137,E01029969,Ipswich 012B,Other theft,Unable to prosecute suspect,
18735c0a13f5d99d8341e70b45ce0c9ae5bdb658d102bf170c075be72c26e6e2,2026-06,Suffolk Constabulary,Suffolk Constabulary,1.149536,52.035308,On or near Bostock Road,E01029969,Ipswich 012B,Other theft,Under investigation,
,2026-06,Suffolk Constabulary,Suffolk Constabulary,1.152312,52.045955,On or near Worsdell Close,E01029970,Ipswich 012C,Anti-social behaviour,,
,2026-06,Suffolk Constabulary,Suffolk Constabulary,1.142263,52.045342,On or near Brackenhayes Close,E01029970,Ipswich 012C,Anti-social behaviour,,
,2026-06,Suffolk Constabulary,Suffolk Constabulary,1.153350,52.046817,On or near Croft Street,E01029970,Ipswich 012C,Anti-social behaviour,,
,2026-06,Suffolk Constabulary,Suffolk Constabulary,1.152312,52.045955,On or near Worsdell Close,E01029970,Ipswich 012C,Anti-social behaviour,,
b89a5739e3128a52925ffbe92e0ca65e47dbd25f4ce00cc2c22b6307a1c8d99f,2026-06,Suffolk Constabulary,Suffolk Constabulary,1.148370,52.044450,On or near Maidenhall Approach,E01029970,Ipswich 012C,Public order,Unable to prosecute suspect,
2379817bccd7b9e10b2d49135f3ad51b59160a2c36338bac28de49d09ba6f049,2026-06,Suffolk Constabulary,Suffolk Constabulary,1.140631,52.044126,On or near Thornhayes Close,E01029970,Ipswich 012C,Vehicle crime,Awaiting court outcome,
dcc938a89ca28feb50fd34392eb79a2bde28d99019b4fdfefd8617aa9671ce89,2026-06,Suffolk Constabulary,Suffolk Constabulary,1.140631,52.044126,On or near Thornhayes Close,E01029970,Ipswich 012C,Violence and sexual offences,Unable to prosecute suspect,
,2026-06,Suffolk Constabulary,Suffolk Constabulary,1.144876,52.038320,On or near Tenby Road,E01029971,Ipswich 012D,Anti-social behaviour,,
714fb7350d806e9a66657e6df68d2600486533eb69b2833e8320eb8476da426d,2026-06,Suffolk Constabulary,Suffolk Constabulary,1.143423,52.041713,On or near Aberdare Close,E01029971,Ipswich 012D,Burglary,Under investigation,
02f24af6f985cce44f575d723f67713633cda7112b20d37b219fcc4902bbc30c,2026-06,Suffolk Constabulary,Suffolk Constabulary,1.140705,52.039142,On or near Carmarthen Close,E01029971,Ipswich 012D,Criminal damage and arson,Under investigation,
738774ea06431a868f39505f38e163474503ab4bbec2a6033dd7def166146355,2026-06,Suffolk Constabulary,Suffolk Constabulary,1.144876,52.038320,On or near Tenby Road,E01029971,Ipswich 012D,Other theft,Investigation complete; no suspect identified,
dab3f055f5080560ee6f3e178f7bdd7000137a109dc75ce271a8e32b0400e3ce,2026-06,Suffolk Constabulary,Suffolk Constabulary,1.144876,52.038320,On or near Tenby Road,E01029971,Ipswich 012D,Other theft,Investigation complete; no suspect identified,
78b1fed6ac61d57993ded04763c1af8c280a6054571daa025d587fa4fc50a4c1,2026-06,Suffolk Constabulary,Suffolk Constabulary,1.146383,52.041499,On or near Maidenhall Green,E01029971,Ipswich 012D,Shoplifting,Under investigation,
f3690b9f4879814a10ff96b4ba0fbc3384d95054d0ab88276233f9aac8a8bdfe,2026-06,Suffolk Constabulary,Suffolk Constabulary,1.141606,52.037850,On or near Glamorgan Road,E01029971,Ipswich 012D,Other crime,Under investigation,
,2026-06,Suffolk Constabulary,Suffolk Constabulary,1.156762,52.044936,On or near Virginia Street,E01033122,Ipswich 012F,Anti-social behaviour,,
1703dd907701598d29b5fd7d60db5386fc0e9a7de2c50ce2044fad2e0fd71a6c,2026-06,Suffolk Constabulary,Suffolk Constabulary,1.156762,52.044936,On or near Virginia Street,E01033122,Ipswich 012F,Burglary,Awaiting court outcome,
a5e85e1915342622103a177de56fcc975a1ea7d34324619ca46b9fae6e196861,2026-06,Suffolk Constabulary,Suffolk Constabulary,1.156696,52.050199,On or near Barnard Square,E01033122,Ipswich 012F,Criminal damage and arson,Under investigation,
0a36522c5299287c574321694b9a45a3744c8d740efc2b3cab88b5c3ab8c2d22,2026-06,Suffolk Constabulary,Suffolk Constabulary,1.153934,52.043510,On or near Cowell Street,E01033122,Ipswich 012F,Criminal damage and arson,Under investigation,
fe86e7da7a431a905acc0266de50019a094d2ef0cbbf40c585b3136d017f60b2,2026-06,Suffolk Constabulary,Suffolk Constabulary,1.157612,52.046029,On or near Jamestown Boulevard,E01033122,Ipswich 012F,Criminal damage and arson,Under investigation,
6d4e93d13ebc2f7071c3f1918b25b4706acf06e2d0fb33ec2f5e8262a4b4705e,2026-06,Suffolk Constabulary,Suffolk Constabulary,1.154461,52.045187,On or near Adams Close,E01033122,Ipswich 012F,Criminal damage and arson,Investigation complete; no suspect identified,
62448d40e136309648ba0e2b0c992276125c358083e98b956af2907c61850b08,2026-06,Suffolk Constabulary,Suffolk Constabulary,1.154702,52.043858,On or near Harland Street,E01033122,Ipswich 012F,Drugs,Awaiting court outcome,
5f97ccae05d0f11fed2af87c821178ad25333410d0aafd5a9f857658f7fe3f5f,2026-06,Suffolk Constabulary,Suffolk Constabulary,1.156375,52.047303,On or near Brickfield Close,E01033122,Ipswich 012F,Other theft,Under investigation,
93eaa0dd9ce98900448d7faff47808d720095d4cd1184c173de798675a930bdb,2026-06,Suffolk Constabulary,Suffolk Constabulary,1.157612,52.046029,On or near Jamestown Boulevard,E01033122,Ipswich 012F,Other theft,Under investigation,
12e1ec2d9f5514478afd885b328ac85a858e0adb60130f06b0076025762be26c,2026-06,Suffolk Constabulary,Suffolk Constabulary,1.157612,52.046029,On or near Jamestown Boulevard,E01033122,Ipswich 012F,Other theft,Under investigation,
0bb4488a0840f3020da50ce7ce8bb25bd58da0a946f0f433c9cd8100512ba175,2026-06,Suffolk Constabulary,Suffolk Constabulary,1.158585,52.046992,On or near Bath Street,E01033122,Ipswich 012F,Other theft,Under investigation,
22848c30547a0665b546a01943d89678554d67fc7212aa02c4fcc2fd89349092,2026-06,Suffolk Constabulary,Suffolk Constabulary,1.153545,52.044815,On or near Johnson Close,E01033122,Ipswich 012F,Possession of weapons,Under investigation,
52ddb33a4aa46740bf87874021dd497b36c44cea93f541b784036f29485f521c,2026-06,Suffolk Constabulary,Suffolk Constabulary,1.155465,52.049090,On or near Supermarket,E01033122,Ipswich 012F,Public order,Under investigation,
0ae52b2b0461231ed44a41712f3b569272dad63da529d22f701bb35c32797f4f,2026-06,Suffolk Constabulary,Suffolk Constabulary,1.155465,52.049090,On or near Supermarket,E01033122,Ipswich 012F,Shoplifting,Under investigation,
b7fef1d873abace0828fcfdc82b99824ee87248e984489fb5c4bad7b5a9c4e62,2026-06,Suffolk Constabulary,Suffolk Constabulary,1.155465,52.049090,On or near Supermarket,E01033122,Ipswich 012F,Shoplifting,Investigation complete; no suspect identified,
31f3dde72e0919436d4e18ce169b8598bfe476eb9c93cf4de5befb4125d5c258,2026-06,Suffolk Constabulary,Suffolk Constabulary,1.155465,52.049090,On or near Supermarket,E01033122,Ipswich 012F,Shoplifting,Investigation complete; no suspect identified,
2c8efa8a0e7c704625b6c61e0340051ee6d4fdd465ca0f015f753f43f8495f23,2026-06,Suffolk Constabulary,Suffolk Constabulary,1.155465,52.049090,On or near Supermarket,E01033122,Ipswich 012F,Shoplifting,Awaiting court outcome,
e8156c0679274989fc06f46e71992884c712fde2b92ae505130d9c205aec93d6,2026-06,Suffolk Constabulary,Suffolk Constabulary,1.155465,52.049090,On or near Supermarket,E01033122,Ipswich 012F,Shoplifting,Investigation complete; no suspect identified,
5dc903ad5d1e78f3b0aa67e3119f791d5583acff0f2f030960bc6d2c56147748,2026-06,Suffolk Constabulary,Suffolk Constabulary,1.155465,52.049090,On or near Supermarket,E01033122,Ipswich 012F,Shoplifting,Investigation complete; no suspect identified,
ec0a3f59f7d6ec32d11a6d7b9df16a5df199b80f034c459584896256fb00f50c,2026-06,Suffolk Constabulary,Suffolk Constabulary,1.155465,52.049090,On or near Supermarket,E01033122,Ipswich 012F,Shoplifting,Local resolution,
69ab13aec306d5961de9abba40949ceb4dccc8c57e8aea6865d89b63b29b0c56,2026-06,Suffolk Constabulary,Suffolk Constabulary,1.155465,52.049090,On or near Supermarket,E01033122,Ipswich 012F,Shoplifting,Awaiting court outcome,
1c995d55fe014cd4b32a65023fa257baa99c93988b2008fbae399657323f9de4,2026-06,Suffolk Constabulary,Suffolk Constabulary,1.155465,52.049090,On or near Supermarket,E01033122,Ipswich 012F,Shoplifting,Awaiting court outcome,
66d7687a49744b3a62bcde9de54a87e9e76449a6832f0f799c99a4e9495994cc,2026-06,Suffolk Constabulary,Suffolk Constabulary,1.155465,52.049090,On or near Supermarket,E01033122,Ipswich 012F,Shoplifting,Investigation complete; no suspect identified,
4bb7d504bd1cba0db5414b86220fec02acaa5e3f74ebea63030b388596606e2c,2026-06,Suffolk Constabulary,Suffolk Constabulary,1.155465,52.049090,On or near Supermarket,E01033122,Ipswich 012F,Shoplifting,Under investigation,
55a970f7adaeb9b2de506a3078bec4844f5f999feb1046fe91fdd8a580dded2a,2026-06,Suffolk Constabulary,Suffolk Constabulary,1.155465,52.049090,On or near Supermarket,E01033122,Ipswich 012F,Shoplifting,Investigation complete; no suspect identified,
8a42454696f94df68f075d766338170d0c9dedc3ef7b8fa86072eb9b51eda07b,2026-06,Suffolk Constabulary,Suffolk Constabulary,1.155465,52.049090,On or near Supermarket,E01033122,Ipswich 012F,Shoplifting,Awaiting court outcome,
fd2bc9d2892c499f188d01cde8bc1f1be2c535f097a4168c7bf694faee504408,2026-06,Suffolk Constabulary,Suffolk Constabulary,1.155465,52.049090,On or near Supermarket,E01033122,Ipswich 012F,Shoplifting,Awaiting court outcome,
8fe4772c2420ccab101117961d57f41983009fb47ad3e568da15329f4b250b3b,2026-06,Suffolk Constabulary,Suffolk Constabulary,1.155465,52.049090,On or near Supermarket,E01033122,Ipswich 012F,Shoplifting,Awaiting court outcome,
4cadcea76ddcee6dbc3540b141e9b6e10af94adc665ecd995447f33c91965870,2026-06,Suffolk Constabulary,Suffolk Constabulary,1.155465,52.049090,On or near Supermarket,E01033122,Ipswich 012F,Shoplifting,Awaiting court outcome,
f4632b56c053257c10ffb4b6ccc5022147dc96d27949d28f8932234d6769dc64,2026-06,Suffolk Constabulary,Suffolk Constabulary,1.155465,52.049090,On or near Supermarket,E01033122,Ipswich 012F,Shoplifting,Awaiting court outcome,
edacf037c4b95f9e742ef7ee1286bb9010bf9d519e31a6015b17645295ceba39,2026-06,Suffolk Constabulary,Suffolk Constabulary,1.155465,52.049090,On or near Supermarket,E01033122,Ipswich 012F,Shoplifting,Awaiting court outcome,
1a2eff6b77972367299b14c23ff7396caf6c95db906f178c4029fe5e8f3f6f2d,2026-06,Suffolk Constabulary,Suffolk Constabulary,1.155465,52.049090,On or near Supermarket,E01033122,Ipswich 012F,Shoplifting,Awaiting court outcome,
4084834b51d4dba0ed167078ea7c1c852a8d20442af6cd160e5120853d7e0ac2,2026-06,Suffolk Constabulary,Suffolk Constabulary,1.155465,52.049090,On or near Supermarket,E01033122,Ipswich 012F,Shoplifting,Investigation complete; no suspect identified,
d81121a2c499ff7d7b3b3ad76b1002cda87ced7f92d1cfe710b3ff4fafedae64,2026-06,Suffolk Constabulary,Suffolk Constabulary,1.155465,52.049090,On or near Supermarket,E01033122,Ipswich 012F,Shoplifting,Under investigation,
e63c88c366475748f336ade3e68d6a3215d4528006fbdc6486ff30a1c95ab320,2026-06,Suffolk Constabulary,Suffolk Constabulary,1.155465,52.049090,On or near Supermarket,E01033122,Ipswich 012F,Shoplifting,Investigation complete; no suspect identified,
23000cc4a0d4e3af22e9ec28d3db3245c90bf86386f38f17ed69ca1cc2d1d315,2026-06,Suffolk Constabulary,Suffolk Constabulary,1.155465,52.049090,On or near Supermarket,E01033122,Ipswich 012F,Shoplifting,Under investigation,
6e84d9f988744bc7cf9a63fd9c1a95dfea5a202f14a7245736611d2ce837849e,2026-06,Suffolk Constabulary,Suffolk Constabulary,1.155465,52.049090,On or near Supermarket,E01033122,Ipswich 012F,Shoplifting,Awaiting court outcome,
fbe45d0d569a902ea5db0567d238fbcc3de47666ae118d0757be3128c9104378,2026-06,Suffolk Constabulary,Suffolk Constabulary,1.153545,52.044815,On or near Johnson Close,E01033122,Ipswich 012F,Vehicle crime,Under investigation,
c3d05d61a3e317f29a7dff58f449d3b73d543968dc64914d504e15d43b6b1176,2026-06,Suffolk Constabulary,Suffolk Constabulary,1.155437,52.044342,On or near Rapier Street,E01033122,Ipswich 012F,Violence and sexual offences,Unable to prosecute suspect,
5a4324ceb2631312bc500c5b1602efad0cdb83e168938a190a38bd7548ee8e5b,2026-06,Suffolk Constabulary,Suffolk Constabulary,1.156779,52.048281,On or near Purplett Street,E01033122,Ipswich 012F,Violence and sexual offences,Under investigation,
424d5513f4f126b63881edc78a4e7fcab2141e02053161fce9651897d2d52476,2026-06,Suffolk Constabulary,Suffolk Constabulary,1.156779,52.048281,On or near Purplett Street,E01033122,Ipswich 012F,Violence and sexual offences,Action to be taken by another organisation,
549810b55a77e7a8dfa163bfd336c8b4d8734fa2b750470591bfd1123ff89121,2026-06,Suffolk Constabulary,Suffolk Constabulary,1.156696,52.050199,On or near Barnard Square,E01033122,Ipswich 012F,Violence and sexual offences,Under investigation,
51cfc79bb9be70209fc18f609e653ae9ff58172549c7bc8255b98dafc1cd970f,2026-06,Suffolk Constabulary,Suffolk Constabulary,1.155437,52.044342,On or near Rapier Street,E01033122,Ipswich 012F,Violence and sexual offences,Under investigation,
dc01074a28a27d07bb609192c8f3acb386072aca028cb1f27dd096860f560b77,2026-06,Suffolk Constabulary,Suffolk Constabulary,1.159372,52.046161,On or near Washington Close,E01033122,Ipswich 012F,Violence and sexual offences,Under investigation,
57a1c9d57c206800543f32ffc486533d6da8fe7ccf166e8674c3aba0424058d5,2026-06,Suffolk Constabulary,Suffolk Constabulary,1.154702,52.043858,On or near Harland Street,E01033122,Ipswich 012F,Violence and sexual offences,Under investigation,
043aef09358c74c1aa529877ecb53e5fb94e91426ba3c77cc64b5be0ac55c365,2026-06,Suffolk Constabulary,Suffolk Constabulary,1.156779,52.048281,On or near Purplett Street,E01033122,Ipswich 012F,Violence and sexual offences,Under investigation,
88dc5a75b5e309c10d1a950e907bf6723f714cc4d528bc9db73bf938775bad15,2026-06,Suffolk Constabulary,Suffolk Constabulary,1.153545,52.044815,On or near Johnson Close,E01033122,Ipswich 012F,Violence and sexual offences,Unable to prosecute suspect,
bb2aa6fd4807f178fdd988ba4f5346156d994904224bea02e9041d0a78ecc79a,2026-06,Suffolk Constabulary,Suffolk Constabulary,1.156474,52.048712,On or near Tyler Street,E01033122,Ipswich 012F,Violence and sexual offences,Unable to prosecute suspect,
d1cd2e546efd944dd3c082dba6e6a89b95694edb17715f835db1a191be0e776f,2026-06,Suffolk Constabulary,Suffolk Constabulary,1.158538,52.045914,On or near Discovery Avenue,E01033122,Ipswich 012F,Violence and sexual offences,Under investigation,
e17e74e850a70437d05c312dc6dc3e9fed4d7ffc726a4a7bb54504982d68d669,2026-06,Suffolk Constabulary,Suffolk Constabulary,1.155896,52.046308,On or near Peppercorn Way,E01033122,Ipswich 012F,Violence and sexual offences,Under investigation,
c06f54c475d0e73c77a88ead227c30462b85ffab5d92ec85e0152daeb1701e44,2026-06,Suffolk Constabulary,Suffolk Constabulary,1.155970,52.050246,On or near Great Whip Street,E01033122,Ipswich 012F,Violence and sexual offences,Action to be taken by another organisation,
c8aa5fe2748e469b68bb58d2e54b8d55f2ad457bdb941fffec3332919ec7af71,2026-06,Suffolk Constabulary,Suffolk Constabulary,1.156375,52.047303,On or near Brickfield Close,E01033122,Ipswich 012F,Violence and sexual offences,Under investigation,
,2026-06,Suffolk Constabulary,Suffolk Constabulary,1.155040,52.051341,On or near Dock Street,E01033130,Ipswich 012G,Anti-social behaviour,,
,2026-06,Suffolk Constabulary,Suffolk Constabulary,1.151493,52.051103,On or near Parking Area,E01033130,Ipswich 012G,Anti-social behaviour,,
bd0d42975a50ee107863cd1b08558261766b63375eac09bc63d7525fa33bfa18,2026-06,Suffolk Constabulary,Suffolk Constabulary,1.152952,52.050686,On or near Stoke Street,E01033130,Ipswich 012G,Criminal damage and arson,Local resolution,
06ab7881296608a6eb995ccb15e041b9edcd59112849ca503d671cddf02b6d48,2026-06,Suffolk Constabulary,Suffolk Constabulary,1.151603,52.050174,On or near Stoke Hall Road,E01033130,Ipswich 012G,Criminal damage and arson,Investigation complete; no suspect identified,
f0c9e7054d3ea532f8504bc3105bdfece9217db4db11e4401c966fc4617618ca,2026-06,Suffolk Constabulary,Suffolk Constabulary,1.153883,52.051066,On or near Bell Lane,E01033130,Ipswich 012G,Drugs,Local resolution,
0a8614ab89bf904d492b26b4b67580603f0253247dd569fc015851432414a5ea,2026-06,Suffolk Constabulary,Suffolk Constabulary,1.152952,52.050686,On or near Stoke Street,E01033130,Ipswich 012G,Possession of weapons,Under investigation,
2015b873e66dc9ab1f3794a8521584d2ddf119d0ef14a04f9315df94be83b905,2026-06,Suffolk Constabulary,Suffolk Constabulary,1.154601,52.049878,On or near Bell Close,E01033130,Ipswich 012G,Possession of weapons,Under investigation,
6f74a33f712e2e249ff11f38ef97680fb3b14678eaffe0f87e3ededb354b6e3e,2026-06,Suffolk Constabulary,Suffolk Constabulary,1.151603,52.050174,On or near Stoke Hall Road,E01033130,Ipswich 012G,Public order,Unable to prosecute suspect,
2fe47d3a4e504461289f5f6c146f4b5cdaaa46e1818c899f9eae13f887952929,2026-06,Suffolk Constabulary,Suffolk Constabulary,1.148810,52.050698,On or near Burrell Road,E01033130,Ipswich 012G,Theft from the person,Under investigation,
2d765c9b7bcb349177ce5044fdbfb7e82d5466784a2964885079b8f92104eedc,2026-06,Suffolk Constabulary,Suffolk Constabulary,1.148810,52.050698,On or near Burrell Road,E01033130,Ipswich 012G,Violence and sexual offences,Under investigation,
971dfb1bd6b583045a4932c009ccaa3691891b162103a1db6ec5cf80e0c44f3b,2026-06,Suffolk Constabulary,Suffolk Constabulary,1.154601,52.049878,On or near Bell Close,E01033130,Ipswich 012G,Violence and sexual offences,Under investigation,
bb19233bf60663c8110fbdf5230111ee7dcbf91e97e528ff7ae20551410e9d57,2026-06,Suffolk Constabulary,Suffolk Constabulary,1.148810,52.050698,On or near Burrell Road,E01033130,Ipswich 012G,Violence and sexual offences,Under investigation,
c93a40f9027e382257ed1237ff710184d784f43c3f6a5e13fedc7632d9d8843b,2026-06,Suffolk Constabulary,Suffolk Constabulary,1.149204,52.050706,On or near B1073,E01033130,Ipswich 012G,Violence and sexual offences,Under investigation,
a9791cf45a7331f4b6727935a2c00cde2d5b4a937a18983d9a3316cc2409c51b,2026-06,Suffolk Constabulary,Suffolk Constabulary,1.148810,52.050698,On or near Burrell Road,E01033130,Ipswich 012G,Violence and sexual offences,Under investigation,
,2026-06,Suffolk Constabulary,Suffolk Constabulary,1.125184,52.044322,On or near Bittern Close,E01030012,Ipswich 013A,Anti-social behaviour,,
235f95d757288e37fad5b7bc045c0271db2eb47b1cbd9b1a024b2bd724914135,2026-06,Suffolk Constabulary,Suffolk Constabulary,1.126710,52.046323,On or near Marsh Terrace,E01030012,Ipswich 013A,Burglary,Under investigation,
7a86e26bce6543e27bdc710cef05adc507eeae764cd9dd123465e3069f3a9d71,2026-06,Suffolk Constabulary,Suffolk Constabulary,1.125491,52.045375,On or near Pelican Close,E01030012,Ipswich 013A,Criminal damage and arson,Awaiting court outcome,
e11ce2a77e7c2b3c9b51d2c950a6d38a5311f2c1da5005ee529f3d3361a78e5f,2026-06,Suffolk Constabulary,Suffolk Constabulary,1.123919,52.043537,On or near Tern Road,E01030012,Ipswich 013A,Other theft,Investigation complete; no suspect identified,
4fd732bfdcded77f4ce444b25740829321c751227f57e1b2adfb52b76c70f063,2026-06,Suffolk Constabulary,Suffolk Constabulary,1.123356,52.044037,On or near Pintail Close,E01030012,Ipswich 013A,Public order,Under investigation,
bc6c421e296f86526b9fd578eef47c86c3cdfe4aa07eda15ab51c5430a742867,2026-06,Suffolk Constabulary,Suffolk Constabulary,1.126512,52.044754,On or near Mallard Way,E01030012,Ipswich 013A,Public order,Under investigation,
3619501782f889f422cc4eb8003208020d77abc10ce2742b63c10f159d6060d0,2026-06,Suffolk Constabulary,Suffolk Constabulary,1.126512,52.044754,On or near Mallard Way,E01030012,Ipswich 013A,Violence and sexual offences,Under investigation,
1fb3f8edb8d9e36462b8829f6e01515be8e227c3b0bd5e8800591dad34f23cf7,2026-06,Suffolk Constabulary,Suffolk Constabulary,1.127088,52.046106,On or near Widgeon Close,E01030012,Ipswich 013A,Violence and sexual offences,Unable to prosecute suspect,
754342236b29d5dbb348ff48aa8b257ace165116f330ad0a24c207543dbd5c8e,2026-06,Suffolk Constabulary,Suffolk Constabulary,1.121323,52.042086,On or near Dunlin Road,E01030012,Ipswich 013A,Violence and sexual offences,Under investigation,
6b72f0e09fd37faac41f9b473c1e966fb4fd10ee1c8d3deceb938c4d0e7606ba,2026-06,Suffolk Constabulary,Suffolk Constabulary,1.126512,52.044754,On or near Mallard Way,E01030012,Ipswich 013A,Violence and sexual offences,Under investigation,
9ad07dbf5d9c81776f445f111cc9f5ce80ec7a477f4e1759adfad2223df92911,2026-06,Suffolk Constabulary,Suffolk Constabulary,1.125184,52.044322,On or near Bittern Close,E01030012,Ipswich 013A,Violence and sexual offences,Under investigation,
df325902a997d33e48371e5c4a4ef2024f99667c496f7d23be8a87a892f7b49e,2026-06,Suffolk Constabulary,Suffolk Constabulary,1.120930,52.046899,On or near Pheasant Road,E01030013,Ipswich 013B,Burglary,Under investigation,
d1a7a887b949b78c8c36a8e9c7ac0b5d1500679c74e6fd7c27a2e132a4f417a4,2026-06,Suffolk Constabulary,Suffolk Constabulary,1.123009,52.046260,On or near Supermarket,E01030013,Ipswich 013B,Other theft,Investigation complete; no suspect identified,
de5cac55061a01b8c1040606396078aca21ab7c490fd570b7769a52feb9ef693,2026-06,Suffolk Constabulary,Suffolk Constabulary,1.123009,52.046260,On or near Supermarket,E01030013,Ipswich 013B,Shoplifting,Investigation complete; no suspect identified,
cd2a98fcb8b8a008911727e1aa451d4337a650b00a7a32a68d6f5dc82d985067,2026-06,Suffolk Constabulary,Suffolk Constabulary,1.119520,52.047808,On or near Partridge Road,E01030013,Ipswich 013B,Violence and sexual offences,Under investigation,
a282150148aa456ba39745503da4a843a52dca60b6b9a2dc3d150e301d56d172,2026-06,Suffolk Constabulary,Suffolk Constabulary,1.121719,52.044827,On or near Gannet Road,E01030013,Ipswich 013B,Violence and sexual offences,Under investigation,
a98519fb3bce2330f2bb2b65d271529740aad11d0d55443ac1a65dafa6d027f7,2026-06,Suffolk Constabulary,Suffolk Constabulary,1.115863,52.047662,On or near Wren Avenue,E01030013,Ipswich 013B,Violence and sexual offences,Unable to prosecute suspect,
bbb3fb70b88187b87caf4f1b62a734acfe3b90c6c3c593bac09d52e4e62d1d64,2026-06,Suffolk Constabulary,Suffolk Constabulary,1.121719,52.044827,On or near Gannet Road,E01030013,Ipswich 013B,Violence and sexual offences,Under investigation,
cbd4c092a23874ae280016a1ecc29f5260c82213fab570fb9132b0acd7850e1a,2026-06,Suffolk Constabulary,Suffolk Constabulary,1.117201,52.044884,On or near Bunting Road,E01030013,Ipswich 013B,Violence and sexual offences,Under investigation,
db3352eadba5565f594d4d784740a1a0763254354b3d4925d641af7f9591b18c,2026-06,Suffolk Constabulary,Suffolk Constabulary,1.119520,52.047808,On or near Partridge Road,E01030013,Ipswich 013B,Violence and sexual offences,Under investigation,
58d4d238ddf01180bd44043e84b5bb097e1ae825c861c941204aa35a73ec3703,2026-06,Suffolk Constabulary,Suffolk Constabulary,1.119520,52.047808,On or near Partridge Road,E01030013,Ipswich 013B,Violence and sexual offences,Under investigation,
,2026-06,Suffolk Constabulary,Suffolk Constabulary,1.110869,52.044854,On or near Goldcrest Road,E01030014,Ipswich 013C,Anti-social behaviour,,
10035ce625a48c55bade00403750f519afe7ca9677f0cf90f87f24d0b5b0ac3b,2026-06,Suffolk Constabulary,Suffolk Constabulary,1.113232,52.045493,On or near Greenfinch Avenue,E01030014,Ipswich 013C,Other theft,Under investigation,
ea4587117fe1074afb020f540b380907143ee116be05d479a0b87f88ad160dca,2026-06,Suffolk Constabulary,Suffolk Constabulary,1.113232,52.045493,On or near Greenfinch Avenue,E01030014,Ipswich 013C,Other theft,Under investigation,
c7d805542b6d9c3af1a4e6ee4baa0023c204a76b4904289d39cd184c08b2768e,2026-06,Suffolk Constabulary,Suffolk Constabulary,1.112272,52.047623,On or near Lapwing Road,E01030014,Ipswich 013C,Other theft,Unable to prosecute suspect,
c256642c7cfed78105f4985913008b2c3d6c7f5e9de94b7d44be418f1e5a9e39,2026-06,Suffolk Constabulary,Suffolk Constabulary,1.110869,52.044854,On or near Goldcrest Road,E01030014,Ipswich 013C,Violence and sexual offences,Under investigation,
94a52b18cc0cadc2a5076ddbb7adf49ee276c20bada83b072f79c56fb3d35518,2026-06,Suffolk Constabulary,Suffolk Constabulary,1.112314,52.044249,On or near Stonechat Road,E01030014,Ipswich 013C,Violence and sexual offences,Under investigation,
60b27b6a8eee3bc7dbcc64ab244e9e212cfc5b6ede79122e6feee241960a2e3d,2026-06,Suffolk Constabulary,Suffolk Constabulary,1.112314,52.044249,On or near Stonechat Road,E01030014,Ipswich 013C,Violence and sexual offences,Under investigation,
59ee06c790e940ce5c92f4c697588ce3d483fce76fad382cbede7f1bad2bb4c5,2026-06,Suffolk Constabulary,Suffolk Constabulary,1.113232,52.045493,On or near Greenfinch Avenue,E01030014,Ipswich 013C,Violence and sexual offences,Under investigation,
0602eb23a1021bdc9f5f5862dd5dfd0e3a0e04fd9661429b8e6eb1fdcfb80532,2026-06,Suffolk Constabulary,Suffolk Constabulary,1.113232,52.045493,On or near Greenfinch Avenue,E01030014,Ipswich 013C,Violence and sexual offences,Under investigation,
6ac8440872ee05f91b819e3bdcaf6481b89bb41b4bb32cc0dd18d064f79b7a81,2026-06,Suffolk Constabulary,Suffolk Constabulary,1.111646,52.045966,On or near Merlin Road,E01030014,Ipswich 013C,Other crime,Unable to prosecute suspect,
,2026-06,Suffolk Constabulary,Suffolk Constabulary,1.116901,52.036599,On or near Ellenbrook Close,E01030015,Ipswich 013D,Anti-social behaviour,,
dd68c1ac9c1e60266425e96de138287370c0790156e510f5cbedfe9373ad637f,2026-06,Suffolk Constabulary,Suffolk Constabulary,1.116901,52.036599,On or near Ellenbrook Close,E01030015,Ipswich 013D,Criminal damage and arson,Investigation complete; no suspect identified,
8bdb44ecf8ca27d8f164f0dde6ea1292865c3bca0c67680bcb367d1114e9477d,2026-06,Suffolk Constabulary,Suffolk Constabulary,1.117486,52.038716,On or near Supermarket,E01030015,Ipswich 013D,Shoplifting,Under investigation,
1ad1d01bc11b3691648a5103f49e26e6ebd60fb4ad13ae493dfb50da3d806422,2026-06,Suffolk Constabulary,Suffolk Constabulary,1.117486,52.038716,On or near Supermarket,E01030015,Ipswich 013D,Shoplifting,Under investigation,
92969aa1ac7a4a79be8d7aa44f9c25332f119d931f4a16d6af63c8811d8a6509,2026-06,Suffolk Constabulary,Suffolk Constabulary,1.113207,52.042615,On or near Didsbury Close,E01030015,Ipswich 013D,Violence and sexual offences,Under investigation,
47c11debd6a19f8093585585b440c2b6fb34edf1d3175fe905fdd708cb4f916a,2026-06,Suffolk Constabulary,Suffolk Constabulary,1.113485,52.040737,On or near Radcliffe Drive,E01030015,Ipswich 013D,Violence and sexual offences,Under investigation,
f49823844dc9c929ecf9b0df5fddce7eaf748832c9843496fe8a64a931115229,2026-06,Suffolk Constabulary,Suffolk Constabulary,1.113583,52.036067,On or near Wardley Close,E01030015,Ipswich 013D,Violence and sexual offences,Under investigation,
,2026-06,Suffolk Constabulary,Suffolk Constabulary,1.119499,52.039966,On or near Edgeworth Road,E01030016,Ipswich 013E,Anti-social behaviour,,
,2026-06,Suffolk Constabulary,Suffolk Constabulary,1.119499,52.039966,On or near Edgeworth Road,E01030016,Ipswich 013E,Anti-social behaviour,,
b94e64c20af357305632381dd02f9e009ab5e82980981f276a71de766a7305ca,2026-06,Suffolk Constabulary,Suffolk Constabulary,1.118265,52.041312,On or near Manchester Road,E01030016,Ipswich 013E,Criminal damage and arson,Unable to prosecute suspect,
c7d8750f735c434b56010497a6bf8755596db752bedc66ecd744a09b8377a6fe,2026-06,Suffolk Constabulary,Suffolk Constabulary,1.117334,52.041760,On or near Worsley Close,E01030016,Ipswich 013E,Vehicle crime,Under investigation,
5f18b7930779c861cb827fea0be268fa838737cb04c1c568673a0db40cdb0315,2026-06,Suffolk Constabulary,Suffolk Constabulary,1.120163,52.042386,On or near Lakeside Road,E01030016,Ipswich 013E,Violence and sexual offences,Under investigation,
4e7f1775007fb891f2a8c71c3e94d9b24f48b187cc76636a1d2ef0d791923ebf,2026-06,Suffolk Constabulary,Suffolk Constabulary,1.117334,52.041760,On or near Worsley Close,E01030016,Ipswich 013E,Violence and sexual offences,Under investigation,
07d7af33b4ed24d905664a0d25bc41c213949dc74454fb45b07d0cdd1fd131eb,2026-06,Suffolk Constabulary,Suffolk Constabulary,1.119499,52.039966,On or near Edgeworth Road,E01030016,Ipswich 013E,Violence and sexual offences,Under investigation,
744d0f409635b0d57e92fff4a3f8cf374f00d1215d2acc96a5d07a6aa1ab5185,2026-06,Suffolk Constabulary,Suffolk Constabulary,1.120163,52.042386,On or near Lakeside Road,E01030016,Ipswich 013E,Violence and sexual offences,Under investigation,
e3ec565de0e3c64d4a5d3368e1a0304861e1cd751ca5b2d98678d5b9e49618eb,2026-06,Suffolk Constabulary,Suffolk Constabulary,1.191988,52.035730,On or near Nacton Road,E01029994,Ipswich 014B,Criminal damage and arson,Under investigation,
37219cc02ab6c8d99e589440adb09c304e65eb3304a5df04146ce5a2475946d3,2026-06,Suffolk Constabulary,Suffolk Constabulary,1.191988,52.035730,On or near Nacton Road,E01029994,Ipswich 014B,Criminal damage and arson,Under investigation,
893ab3585def1ad8164ed2590d4888826aa9de8e3f5810ca01155c787469afca,2026-06,Suffolk Constabulary,Suffolk Constabulary,1.191988,52.035730,On or near Nacton Road,E01029994,Ipswich 014B,Criminal damage and arson,Under investigation,
fa8542b12ac6c060eafd950131136dceb83156e36d5d1236a996d4504c851a5c,2026-06,Suffolk Constabulary,Suffolk Constabulary,1.193112,52.042085,On or near King'S Way,E01029994,Ipswich 014B,Other theft,Under investigation,
9d7eefcbb44aa463e8add94f8a8dabd980ca5a89840eabb7ff1d07e3dd4b5572,2026-06,Suffolk Constabulary,Suffolk Constabulary,1.192154,52.039296,On or near Serpentine Road,E01029994,Ipswich 014B,Vehicle crime,Investigation complete; no suspect identified,
83ce7a424e8c040c304130959a7bf83f1e3d95be4a1c04d37bf048bd1fc92a8f,2026-06,Suffolk Constabulary,Suffolk Constabulary,1.192154,52.039296,On or near Serpentine Road,E01029994,Ipswich 014B,Violence and sexual offences,Under investigation,
f81b624ec835ca81d05f3ce8e3489d12a0be45e743f23103e31c73f539a9cb07,2026-06,Suffolk Constabulary,Suffolk Constabulary,1.191988,52.035730,On or near Nacton Road,E01029994,Ipswich 014B,Violence and sexual offences,Under investigation,
9aec0215e6ab2b072931e8c1790bd4a2d9b611d037d1aaac583cc31c5eea451e,2026-06,Suffolk Constabulary,Suffolk Constabulary,1.195444,52.040025,On or near Wright Road,E01029994,Ipswich 014B,Violence and sexual offences,Under investigation,
7e5a09488c9b68fb9f3fbfa548ae5176fa2d8050b677c500ed0ae72edc8cb51f,2026-06,Suffolk Constabulary,Suffolk Constabulary,1.191875,52.040904,On or near Recreation Way,E01029994,Ipswich 014B,Violence and sexual offences,Under investigation,
4d80495b97babb3889799ac7b88a4392492d76416f10105b23d645221f4a7c65,2026-06,Suffolk Constabulary,Suffolk Constabulary,1.192154,52.039296,On or near Serpentine Road,E01029994,Ipswich 014B,Violence and sexual offences,Under investigation,
7b48af2bdbd50bba8c691ce3c3e5de0bf925df3f1235ba38fb93de1f8229ebab,2026-06,Suffolk Constabulary,Suffolk Constabulary,1.192154,52.039296,On or near Serpentine Road,E01029994,Ipswich 014B,Other crime,Under investigation,
5bc0308014a700a8d74ad25b581158429e29d87dd7f70796715c944a962d3852,2026-06,Suffolk Constabulary,Suffolk Constabulary,1.185189,52.045529,On or near Hamilton Road,E01029995,Ipswich 014C,Burglary,Under investigation,
f0af270574f26c8d7148f3a69068e0a771ce0634d3157463320add1d2c9ecc10,2026-06,Suffolk Constabulary,Suffolk Constabulary,1.185189,52.045529,On or near Hamilton Road,E01029995,Ipswich 014C,Other theft,Under investigation,
4554fbfbfba378aa2b5eda756ac43e92696c4e003030e44f22305bea8893131c,2026-06,Suffolk Constabulary,Suffolk Constabulary,1.182510,52.048145,On or near Supermarket,E01029995,Ipswich 014C,Shoplifting,Investigation complete; no suspect identified,
0d922809a922f30e4e168ff6d13cbdbae6d396c38441e5427e6563167aca19f8,2026-06,Suffolk Constabulary,Suffolk Constabulary,1.182510,52.048145,On or near Supermarket,E01029995,Ipswich 014C,Shoplifting,Investigation complete; no suspect identified,
0e7e5c8c7da3e84477e67856dd3a0f79f0906c4ec539c9e2fc0c5884f72f4583,2026-06,Suffolk Constabulary,Suffolk Constabulary,1.182510,52.048145,On or near Supermarket,E01029995,Ipswich 014C,Shoplifting,Under investigation,
39073e3d9c0e306f05c3303f994d37eb43eb6a5f546e467e1552543f6913fd4c,2026-06,Suffolk Constabulary,Suffolk Constabulary,1.182510,52.048145,On or near Supermarket,E01029995,Ipswich 014C,Shoplifting,Investigation complete; no suspect identified,
223ff0a7f2aeb9a13cb55c159463cf9e4b3db776211a31f139c18a5bf8d08b8a,2026-06,Suffolk Constabulary,Suffolk Constabulary,1.182510,52.048145,On or near Supermarket,E01029995,Ipswich 014C,Shoplifting,Investigation complete; no suspect identified,
2123e9d47297d50df66ce31829ece8231a4197a57b5372e8f6879d2a84ad3c2a,2026-06,Suffolk Constabulary,Suffolk Constabulary,1.182510,52.048145,On or near Supermarket,E01029995,Ipswich 014C,Shoplifting,Investigation complete; no suspect identified,
49f0069ddb7f4bba0453e0bb0a800344c154b9ab81541b9ccf93d55383f74d7e,2026-06,Suffolk Constabulary,Suffolk Constabulary,1.182510,52.048145,On or near Supermarket,E01029995,Ipswich 014C,Shoplifting,Investigation complete; no suspect identified,
24cbac9a9ac96b075ad3b3f4b86178839ec6899bcd34ee689c6424678c68ead2,2026-06,Suffolk Constabulary,Suffolk Constabulary,1.182510,52.048145,On or near Supermarket,E01029995,Ipswich 014C,Shoplifting,Investigation complete; no suspect identified,
8d06d1c97a8d8e885f6183da8eefde1dc246ff588adf9493f5dd47df9b5a9b52,2026-06,Suffolk Constabulary,Suffolk Constabulary,1.182510,52.048145,On or near Supermarket,E01029995,Ipswich 014C,Shoplifting,Investigation complete; no suspect identified,
8d8fbc7e476f3a2820f2b6ad7433f812e45dd350a98ac234dec6f6ced74570a6,2026-06,Suffolk Constabulary,Suffolk Constabulary,1.187318,52.046541,On or near Malvern Close,E01029995,Ipswich 014C,Vehicle crime,Under investigation,
839ef8d1b2a18dadfc9dac6bfe155873989d33ea6c395589f0818f7e8134f7be,2026-06,Suffolk Constabulary,Suffolk Constabulary,1.186948,52.043601,On or near Fitzmaurice Road,E01029995,Ipswich 014C,Vehicle crime,Under investigation,
9951f2f48ea42acd74237bb267a05beffa97fc303e58dd5e51564a3798c26ace,2026-06,Suffolk Constabulary,Suffolk Constabulary,1.184062,52.044573,On or near Sports/Recreation Area,E01029995,Ipswich 014C,Violence and sexual offences,Unable to prosecute suspect,
382143f74f07ab68c30c635d7eba1ac45f8ca6edd0859a3e859255b1daa12833,2026-06,Suffolk Constabulary,Suffolk Constabulary,1.186948,52.043601,On or near Fitzmaurice Road,E01029995,Ipswich 014C,Violence and sexual offences,Under investigation,
,2026-06,Suffolk Constabulary,Suffolk Constabulary,1.188478,52.039890,On or near Coniston Road,E01029996,Ipswich 014D,Anti-social behaviour,,
f721d82a028c43bd284412dd6bf517747a4d8339006910b729fd4a62a56bfd62,2026-06,Suffolk Constabulary,Suffolk Constabulary,1.192062,52.043526,On or near Hillside Crescent,E01029996,Ipswich 014D,Criminal damage and arson,Investigation complete; no suspect identified,
277a01d311982e35ecc0015159e37474d1c571ed970650e71e3409e0edbc14ca,2026-06,Suffolk Constabulary,Suffolk Constabulary,1.188459,52.042292,On or near Ransome Crescent,E01029996,Ipswich 014D,Vehicle crime,Under investigation,
23a6cfbf46dd8d8a55d2316301705ee16b4c95098dd9c83fc31cbce5fd33ce42,2026-06,Suffolk Constabulary,Suffolk Constabulary,1.188478,52.039890,On or near Coniston Road,E01029996,Ipswich 014D,Vehicle crime,Investigation complete; no suspect identified,
635e3099938d5e7b2f11fc6e60a891b44bf1c46578bc4ed1b58f40bc41c0ca7c,2026-06,Suffolk Constabulary,Suffolk Constabulary,1.192172,52.045061,On or near Ramsgate Drive,E01029996,Ipswich 014D,Vehicle crime,Investigation complete; no suspect identified,
95382ea6c90bcbce0a97d772ac9161cdb686df25c9ac1f4a13fb224a710e09da,2026-06,Suffolk Constabulary,Suffolk Constabulary,1.192704,52.044552,On or near Margate Road,E01029996,Ipswich 014D,Vehicle crime,Investigation complete; no suspect identified,
cab1ba7b1d23c679a23549fba51476509d27bb0577acca4ce493156a2fd471ba,2026-06,Suffolk Constabulary,Suffolk Constabulary,1.192704,52.044552,On or near Margate Road,E01029996,Ipswich 014D,Vehicle crime,Under investigation,
f51b05588b20e5a655377813cfc9d5d39f1d2c175bec1ea03c7ecdf00b08de1f,2026-06,Suffolk Constabulary,Suffolk Constabulary,1.188515,52.040825,On or near Queen'S Way,E01029996,Ipswich 014D,Violence and sexual offences,Under investigation,
6fffd491e3d2b768bfe85a6f6df26c9eb53f3b4a58981a42dc29192520392d95,2026-06,Suffolk Constabulary,Suffolk Constabulary,1.190283,52.040660,On or near Supermarket,E01029996,Ipswich 014D,Violence and sexual offences,Under investigation,
c2640d4e32aad16a88942649b0b4d7aa5a692a90ddc0cd2820f91d037a101e50,2026-06,Suffolk Constabulary,Suffolk Constabulary,1.187233,52.041255,On or near Queen'S Square,E01029996,Ipswich 014D,Violence and sexual offences,Under investigation,
f98d02756e5d44dad4837a4d94bee9636e1c1714b435769c375576e08534cc7f,2026-06,Suffolk Constabulary,Suffolk Constabulary,1.188478,52.039890,On or near Coniston Road,E01029996,Ipswich 014D,Violence and sexual offences,Under investigation,
,2026-06,Suffolk Constabulary,Suffolk Constabulary,1.200651,52.030242,On or near Supermarket,E01033127,Ipswich 014E,Anti-social behaviour,,
,2026-06,Suffolk Constabulary,Suffolk Constabulary,1.201230,52.028751,On or near Edith Cook Way,E01033127,Ipswich 014E,Anti-social behaviour,,
,2026-06,Suffolk Constabulary,Suffolk Constabulary,1.198140,52.029789,On or near Bonny Crescent,E01033127,Ipswich 014E,Anti-social behaviour,,
6df6e86a474570ed709707e8e32ff765e083af357bfd216f4152f5dadd9601c8,2026-06,Suffolk Constabulary,Suffolk Constabulary,1.199935,52.030217,On or near Hening Avenue,E01033127,Ipswich 014E,Burglary,Investigation complete; no suspect identified,
d4826e316f0d17a5100b504ca1e4d7c7399ab468eeb1e126caee77f617d57c74,2026-06,Suffolk Constabulary,Suffolk Constabulary,1.208952,52.026221,On or near Parking Area,E01033127,Ipswich 014E,Criminal damage and arson,Under investigation,
afabac49b649c5f1cd323a896b16511302d467e14a54d91e7b98f64c61c2124c,2026-06,Suffolk Constabulary,Suffolk Constabulary,1.192516,52.025966,On or near Dunwich Close,E01033127,Ipswich 014E,Criminal damage and arson,Investigation complete; no suspect identified,
359c5ebed8510806f5bc60f6def89b08599dc1d9fa57f4b577dd51752123534b,2026-06,Suffolk Constabulary,Suffolk Constabulary,1.186715,52.023533,On or near Petrol Station,E01033127,Ipswich 014E,Criminal damage and arson,Under investigation,
0611eb7c0272494ebc115c77caba3c3e6bb688712af1caf76e1d0ce3b25a853a,2026-06,Suffolk Constabulary,Suffolk Constabulary,1.201230,52.028751,On or near Edith Cook Way,E01033127,Ipswich 014E,Other theft,Under investigation,
0f669c6cc17196984c2e92427f2a6fa02e420ee870cb147db19c927a78dd0a82,2026-06,Suffolk Constabulary,Suffolk Constabulary,1.201230,52.028751,On or near Edith Cook Way,E01033127,Ipswich 014E,Other theft,Under investigation,
f99a26cb3a6dca5a15fd9d0797de1848f5beb32ecc2b6f1826bb5e95918939c8,2026-06,Suffolk Constabulary,Suffolk Constabulary,1.198140,52.029789,On or near Bonny Crescent,E01033127,Ipswich 014E,Possession of weapons,Under investigation,
ba9f1a8df5cad90658d1654a2fbbee53deb640f3fe4648b9d380e120e3c0e9ad,2026-06,Suffolk Constabulary,Suffolk Constabulary,1.208350,52.032677,On or near West Road,E01033127,Ipswich 014E,Shoplifting,Investigation complete; no suspect identified,
5e1ceb4347dbfd129140772055a52b616b87e46d48af0383a12b28a8c2913fe3,2026-06,Suffolk Constabulary,Suffolk Constabulary,1.208350,52.032677,On or near West Road,E01033127,Ipswich 014E,Shoplifting,Under investigation,
6c0e0b73d1ff96847090241d978216a5091eb3f32d31c061610a6669f459ef53,2026-06,Suffolk Constabulary,Suffolk Constabulary,1.200651,52.030242,On or near Supermarket,E01033127,Ipswich 014E,Shoplifting,Under investigation,
c65a73aeb409a47a696b7570d8f8f18876c6e7ea6b36272926c7da94b76eec29,2026-06,Suffolk Constabulary,Suffolk Constabulary,1.208350,52.032677,On or near West Road,E01033127,Ipswich 014E,Shoplifting,Under investigation,
15194d3c1ea9c993df3b3c65841e88b1059bb4ad75f184a6543ade1113d7d463,2026-06,Suffolk Constabulary,Suffolk Constabulary,1.208350,52.032677,On or near West Road,E01033127,Ipswich 014E,Shoplifting,Investigation complete; no suspect identified,
c6c1f396725aab6a4815dcbd19df7c8c7f503800a42bbd7b9afbcedba1dba4cd,2026-06,Suffolk Constabulary,Suffolk Constabulary,1.200651,52.030242,On or near Supermarket,E01033127,Ipswich 014E,Vehicle crime,Investigation complete; no suspect identified,
c72b640e7de3ed4cb272a0af0b596b3432cab711324cccc7d53d8cdc8b6df2b7,2026-06,Suffolk Constabulary,Suffolk Constabulary,1.195234,52.026864,On or near Huckleberry Crescent,E01033127,Ipswich 014E,Violence and sexual offences,Under investigation,
442a9991056e600cdad96443516fa90427277fe568ea647dde29a4b644494587,2026-06,Suffolk Constabulary,Suffolk Constabulary,1.218907,52.027595,On or near Berwick Road,E01033127,Ipswich 014E,Violence and sexual offences,Unable to prosecute suspect,
c0301b57f8f8c71c3cd25d879cd0fb39e54098134a87f9b1b4df935255193b2d,2026-06,Suffolk Constabulary,Suffolk Constabulary,1.192516,52.025966,On or near Dunwich Close,E01033127,Ipswich 014E,Violence and sexual offences,Under investigation,
3ffec9b7ff33310163e979e5696a32302d8acd700f4262ade5da0d4bcda56f1b,2026-06,Suffolk Constabulary,Suffolk Constabulary,1.199713,52.027515,On or near Nene Drive,E01033127,Ipswich 014E,Violence and sexual offences,Under investigation,
1357bd3a3296a7cdd28a4996ccaeb23210410dbc828bde7fc588eb1986393771,2026-06,Suffolk Constabulary,Suffolk Constabulary,1.192516,52.025966,On or near Dunwich Close,E01033127,Ipswich 014E,Violence and sexual offences,Unable to prosecute suspect,
aa8fe2331f6a40f082158e23f2d9a0c834651fb68007d5998ffee954898c06a7,2026-06,Suffolk Constabulary,Suffolk Constabulary,1.218907,52.027595,On or near Berwick Road,E01033127,Ipswich 014E,Violence and sexual offences,Unable to prosecute suspect,
973936d917134f733b365a92d5845ee7522a32827ab979fdfe4cce1e54e94709,2026-06,Suffolk Constabulary,Suffolk Constabulary,1.196215,52.028150,On or near Bilberry Road,E01033127,Ipswich 014E,Violence and sexual offences,Unable to prosecute suspect,
ebed1bcc4fbdb46d295fe3ece5e8200abd8fcdee6b59e61aa44e4f30900a94c2,2026-06,Suffolk Constabulary,Suffolk Constabulary,1.196819,52.029258,On or near Lackford Place,E01033127,Ipswich 014E,Violence and sexual offences,Unable to prosecute suspect,
39b1621144a8c43ee9b243f50e3dc2b7186da1bbaf1461fadde11df1de9f7fe4,2026-06,Suffolk Constabulary,Suffolk Constabulary,1.215615,52.027649,On or near Park/Open Space,E01033127,Ipswich 014E,Violence and sexual offences,Unable to prosecute suspect,
,2026-06,Suffolk Constabulary,Suffolk Constabulary,1.195153,52.031444,On or near Demoiselle Crescent,E01033128,Ipswich 014F,Anti-social behaviour,,
5684adc1158ee9b44bd406afe2e10f1111a6f6eadb72276b0eb914669c9b2203,2026-06,Suffolk Constabulary,Suffolk Constabulary,1.195153,52.031444,On or near Demoiselle Crescent,E01033128,Ipswich 014F,Possession of weapons,Under investigation,
689029a0cbd70196e79b70b589ab5ae305d35503ce8a7041851adf4c362d2e5f,2026-06,Suffolk Constabulary,Suffolk Constabulary,1.198022,52.033237,On or near Petrol Station,E01033128,Ipswich 014F,Public order,Under investigation,
29181d3df38fff5f274d4550ec226935d4379a179d274f522e5ac43a4c9a7210,2026-06,Suffolk Constabulary,Suffolk Constabulary,1.204367,52.034467,On or near Supermarket,E01033128,Ipswich 014F,Shoplifting,Investigation complete; no suspect identified,
b0f310f6eaf3ce87a109cea0f7734ac9af4a99499f2b82e1f5a9899eae3c74fc,2026-06,Suffolk Constabulary,Suffolk Constabulary,1.204367,52.034467,On or near Supermarket,E01033128,Ipswich 014F,Shoplifting,Under investigation,
16617715c365c8974789b2a042862abb3c07e031d338733f897e1462b3795d13,2026-06,Suffolk Constabulary,Suffolk Constabulary,1.190155,52.033342,On or near Harrier Close,E01033128,Ipswich 014F,Violence and sexual offences,Unable to prosecute suspect,
8546a63588f33aa2d4ed51355aad8238cbc50677476611ffb986f639d4436e7e,2026-06,Suffolk Constabulary,Suffolk Constabulary,1.192083,52.028073,On or near Freston Road,E01033128,Ipswich 014F,Violence and sexual offences,Under investigation,
5ca36aab472e8452e312964b52789e1d880fced9927b7b81c793cf7b9a06cb7b,2026-06,Suffolk Constabulary,Suffolk Constabulary,1.194018,52.031897,On or near Emperor Circle,E01033128,Ipswich 014F,Violence and sexual offences,Under investigation,
,2026-06,Suffolk Constabulary,Suffolk Constabulary,1.198457,52.038306,On or near Garland Close,E01033131,Ipswich 014G,Anti-social behaviour,,
b4282523a069c37c1b661c8ac4aec86106e5622c90f8a72842c5f835ac8e2619,2026-06,Suffolk Constabulary,Suffolk Constabulary,1.191335,52.034353,On or near Hurricane Place,E01033131,Ipswich 014G,Criminal damage and arson,Investigation complete; no suspect identified,
eec689710dac1cbf729418eb9538c275ecda58f0848949a97d898ebd412f64f2,2026-06,Suffolk Constabulary,Suffolk Constabulary,1.198457,52.038306,On or near Garland Close,E01033131,Ipswich 014G,Violence and sexual offences,Under investigation,
dcef3a61f2c769bf1c8910a361c19996348ae2821aa0a8e1b686c659db5e3026,2026-06,Suffolk Constabulary,Suffolk Constabulary,1.191335,52.034353,On or near Hurricane Place,E01033131,Ipswich 014G,Violence and sexual offences,Unable to prosecute suspect,
72bb9d362d98efcb73c081e6dace43205cdf91965ba3e65d24ad4f591a210bfd,2026-06,Suffolk Constabulary,Suffolk Constabulary,1.198074,52.036824,On or near Campbell Road,E01033131,Ipswich 014G,Violence and sexual offences,Under investigation,
56e945387ce8b20fcf80e2dc551cbd021b37e08b466f0c804ddbe8b87d71b677,2026-06,Suffolk Constabulary,Suffolk Constabulary,1.198074,52.036824,On or near Campbell Road,E01033131,Ipswich 014G,Violence and sexual offences,Under investigation,
1881d790fc7990a326a5930ea91523301e1039ad345f1822a721c97393a934ed,2026-06,Suffolk Constabulary,Suffolk Constabulary,1.196482,52.037605,On or near Hilton Road,E01033131,Ipswich 014G,Violence and sexual offences,Under investigation,
4797bcd5f705159ec8ab86bd4689d1eb02ea8a2640483ffb91b715e6e51526f5,2026-06,Suffolk Constabulary,Suffolk Constabulary,1.199652,52.037473,On or near Reid Close,E01033131,Ipswich 014G,Violence and sexual offences,Under investigation,
4eb33aafb0aa538f3e26d0845c095e09ee1ceec01bd1969bf10ecf81f891100d,2026-06,Suffolk Constabulary,Suffolk Constabulary,1.124816,52.037370,On or near Woodlark Close,E01030017,Ipswich 015A,Drugs,Local resolution,
32a243149b033c09408699102fe477c4c9039dd7ce8eb13fbd1b9a4c7876ee06,2026-06,Suffolk Constabulary,Suffolk Constabulary,1.124816,52.037370,On or near Woodlark Close,E01030017,Ipswich 015A,Drugs,Awaiting court outcome,
f78c49076e35e7a34856120dcbdc60ab35915d26bf1a6c449e030028b7cc25fe,2026-06,Suffolk Constabulary,Suffolk Constabulary,1.123066,52.039467,On or near Janebrook Road,E01030017,Ipswich 015A,Other theft,Under investigation,
d54c8a1eb06136258ddf22353d6c1a19deb049d5548149e2ffb97bd4c5e95fd5,2026-06,Suffolk Constabulary,Suffolk Constabulary,1.124816,52.037370,On or near Woodlark Close,E01030017,Ipswich 015A,Public order,Unable to prosecute suspect,
662f0eb9ed24f58dc24afd1404dc97a698a78c1fab17ae9176c88cc1bfc9b3cb,2026-06,Suffolk Constabulary,Suffolk Constabulary,1.123714,52.037678,On or near St Catherine'S Court,E01030017,Ipswich 015A,Public order,Under investigation,
94cb5f677edb22fc03fa7a49edbfb368484b1be740b2832991f80b6a09997326,2026-06,Suffolk Constabulary,Suffolk Constabulary,1.124569,52.039472,On or near Newnham Court,E01030017,Ipswich 015A,Violence and sexual offences,Action to be taken by another organisation,
a526ee9280ae923a1579e8723635d0b0cbf63c8913a4e58225a605b6dd706a3f,2026-06,Suffolk Constabulary,Suffolk Constabulary,1.124569,52.039472,On or near Newnham Court,E01030017,Ipswich 015A,Violence and sexual offences,Action to be taken by another organisation,
5c665e5100fae1be438508accfde2dcd7f22ae2b5b8d8a8bf208119b691e84e9,2026-06,Suffolk Constabulary,Suffolk Constabulary,1.126974,52.041549,On or near Peterhouse Close,E01030018,Ipswich 015B,Criminal damage and arson,Under investigation,
8a90e96f28b2f791725b1ae4c73f82c3fdf3bc4382469db905089f7f7a8b3fce,2026-06,Suffolk Constabulary,Suffolk Constabulary,1.129028,52.042762,On or near Fitzwilliam Close,E01030018,Ipswich 015B,Public order,Under investigation,
fcee1e29c3311def36116821de41d07001733d7c9906c19865a4aa56d27e09f3,2026-06,Suffolk Constabulary,Suffolk Constabulary,1.126974,52.041549,On or near Peterhouse Close,E01030018,Ipswich 015B,Public order,Under investigation,
b59196e3728e4d41e23cce071a841953b074d0f5ad6f3b6efa06393cd239c5ab,2026-06,Suffolk Constabulary,Suffolk Constabulary,1.126753,52.038803,On or near Chesterton Close,E01030018,Ipswich 015B,Violence and sexual offences,Under investigation,
1d3226683b872ef2fad07e8920d2da77240aac447984725772b93f1abdcebeab,2026-06,Suffolk Constabulary,Suffolk Constabulary,1.127591,52.039941,On or near Clump Field,E01030018,Ipswich 015B,Violence and sexual offences,Under investigation,
7886094f3501ed8eb26ecb4eb376b531f468c3f09de5e481c3af1a1b2fd26bc4,2026-06,Suffolk Constabulary,Suffolk Constabulary,1.129028,52.042762,On or near Fitzwilliam Close,E01030018,Ipswich 015B,Violence and sexual offences,Under investigation,
6ad0fe30fa4c912427b275c06bca11c711cf0a2a9352edc39bd79e3a0f9ee954,2026-06,Suffolk Constabulary,Suffolk Constabulary,1.127591,52.039941,On or near Clump Field,E01030018,Ipswich 015B,Violence and sexual offences,Under investigation,
557c94c28f0e4da9691aa2380d3c32888ddbe1fedb60798eb2496eda90c04fa7,2026-06,Suffolk Constabulary,Suffolk Constabulary,1.128709,52.041332,On or near Magdalene Close,E01030018,Ipswich 015B,Violence and sexual offences,Under investigation,
fa5e362dac52ba800164950de86de57a32671fbae57591cdf46f44b19d8d6795,2026-06,Suffolk Constabulary,Suffolk Constabulary,1.127591,52.039941,On or near Clump Field,E01030018,Ipswich 015B,Violence and sexual offences,Action to be taken by another organisation,
978c7ee9390b805b1a71e693e4a9303d701d657e970430c3415d31863ef94c01,2026-06,Suffolk Constabulary,Suffolk Constabulary,1.126974,52.041549,On or near Peterhouse Close,E01030018,Ipswich 015B,Violence and sexual offences,Under investigation,
a3ac1ddf91911eefb6badbc49e1653a9bf69e1bdb0ee1dd276079fe5c51a3441,2026-06,Suffolk Constabulary,Suffolk Constabulary,1.126753,52.038803,On or near Chesterton Close,E01030018,Ipswich 015B,Violence and sexual offences,Under investigation,
072c77c40c3cfc3f2acd31f8516738a76d2cf0f2ea748897b3e1961f526c67b6,2026-06,Suffolk Constabulary,Suffolk Constabulary,1.127591,52.039941,On or near Clump Field,E01030018,Ipswich 015B,Violence and sexual offences,Action to be taken by another organisation,
da1ee98bfe874624ee217c409bd22ddcadac65a9e858b52fbc12616cc46e22ad,2026-06,Suffolk Constabulary,Suffolk Constabulary,1.127591,52.039941,On or near Clump Field,E01030018,Ipswich 015B,Violence and sexual offences,Under investigation,
698d08447f86b7c57b77b4b2f43bdbfc1828a242baac761105b12d43c1390982,2026-06,Suffolk Constabulary,Suffolk Constabulary,1.128709,52.041332,On or near Magdalene Close,E01030018,Ipswich 015B,Violence and sexual offences,Under investigation,
88a55f5210739b40ab37cca3b1b0a748a75cdd1855ec9ddb30e9e8cd8f2d15f1,2026-06,Suffolk Constabulary,Suffolk Constabulary,1.127591,52.039941,On or near Clump Field,E01030018,Ipswich 015B,Violence and sexual offences,Under investigation,
5670dc363de1c3feed36fb00df1637f1337404d4ac457fd2b294f8b3221e058a,2026-06,Suffolk Constabulary,Suffolk Constabulary,1.128709,52.041332,On or near Magdalene Close,E01030018,Ipswich 015B,Violence and sexual offences,Under investigation,
0300fe0be335219d7eed3f91a09e5346ba2ce8491e71647e4a929f0a4ef72d19,2026-06,Suffolk Constabulary,Suffolk Constabulary,1.127591,52.039941,On or near Clump Field,E01030018,Ipswich 015B,Violence and sexual offences,Under investigation,
aa2bed57f9fe2cb7f8f04cf466575e354d2dbd0673f6de528f1edb58f6ec8e27,2026-06,Suffolk Constabulary,Suffolk Constabulary,1.126974,52.041549,On or near Peterhouse Close,E01030018,Ipswich 015B,Violence and sexual offences,Under investigation,
1d396da8588643b5c6c7f51c37573ff0edfbf92ee357f8164430bb5a6a1405de,2026-06,Suffolk Constabulary,Suffolk Constabulary,1.136488,52.037860,On or near Supermarket,E01030019,Ipswich 015C,Criminal damage and arson,Under investigation,
fa2da3fa6734daa769ac690691ba63946035e7f23c802394a3b2c8f0db3ac9c3,2026-06,Suffolk Constabulary,Suffolk Constabulary,1.136488,52.037860,On or near Supermarket,E01030019,Ipswich 015C,Shoplifting,Under investigation,
1e88425b217cf8045f228e1da96ca44b55ca6ff7662db6db505d528b282fd9c2,2026-06,Suffolk Constabulary,Suffolk Constabulary,1.135407,52.035757,On or near Abbotsbury Close,E01030019,Ipswich 015C,Violence and sexual offences,Under investigation,
fbedb0e6cc2eab35c907f70aeb3de8aa4ba08466b00c9a0f3431714753ddaacc,2026-06,Suffolk Constabulary,Suffolk Constabulary,1.135407,52.035757,On or near Abbotsbury Close,E01030019,Ipswich 015C,Violence and sexual offences,Action to be taken by another organisation,
e016bfd6bad521c212b7e17eae66d1cf364e08ccf8ba2f509fb632529321d3e4,2026-06,Suffolk Constabulary,Suffolk Constabulary,1.131728,52.037159,On or near Wigmore Close,E01030020,Ipswich 015D,Public order,Under investigation,
b33a8a395e5415eb750afd92668de4eebad710f72601c666dbc5ce2c8ec248d3,2026-06,Suffolk Constabulary,Suffolk Constabulary,1.128237,52.037711,On or near Girton Way,E01030020,Ipswich 015D,Violence and sexual offences,Unable to prosecute suspect,
4d2dd7e740a061669c3d99b3b420baf8933336ba7381fa762770d8db183064e5,2026-06,Suffolk Constabulary,Suffolk Constabulary,1.128237,52.037711,On or near Girton Way,E01030020,Ipswich 015D,Violence and sexual offences,Action to be taken by another organisation,
bad0bf74cc7c24e59ae8623290ddef358a04c4d083b9b77ff8dc3543c9f38a87,2026-06,Suffolk Constabulary,Suffolk Constabulary,1.128237,52.037711,On or near Girton Way,E01030020,Ipswich 015D,Violence and sexual offences,Action to be taken by another organisation,
0f06b940c08815f01797c4d676690af425ba0b6ad93614695c64d4f837737ed2,2026-06,Suffolk Constabulary,Suffolk Constabulary,1.128237,52.037711,On or near Girton Way,E01030020,Ipswich 015D,Violence and sexual offences,Action to be taken by another organisation,
890d6363c693747e3761030a1089f829e6560577dc7f9596126b0b901fa5db06,2026-06,Suffolk Constabulary,Suffolk Constabulary,1.128237,52.037711,On or near Girton Way,E01030020,Ipswich 015D,Violence and sexual offences,Action to be taken by another organisation,
e2f5df34bae39547b4c1bb89ae912434916f5f29bfb529777253ef218fefeeb0,2026-06,Suffolk Constabulary,Suffolk Constabulary,1.131728,52.037159,On or near Wigmore Close,E01030020,Ipswich 015D,Violence and sexual offences,Unable to prosecute suspect,
f05f8768db1b9c8f9e6218c7fb6999435549d26b354240f697fa693830807e46,2026-06,Suffolk Constabulary,Suffolk Constabulary,1.131728,52.037159,On or near Wigmore Close,E01030020,Ipswich 015D,Violence and sexual offences,Unable to prosecute suspect,
98b3f88ed4e971bffc30b551aec2f1c0379ae17bbd942b6b3605d9a6fffc7f48,2026-06,Suffolk Constabulary,Suffolk Constabulary,1.131728,52.037159,On or near Wigmore Close,E01030020,Ipswich 015D,Violence and sexual offences,Unable to prosecute suspect,
,2026-06,Suffolk Constabulary,Suffolk Constabulary,1.129739,52.032490,On or near Downside Close,E01030021,Ipswich 015E,Anti-social behaviour,,
72fc80d33d5720cf5181d55f6cb54d05dff6bfce16c0da3493dfd2eb08abba4c,2026-06,Suffolk Constabulary,Suffolk Constabulary,1.129266,52.031559,On or near Alderlee,E01030021,Ipswich 015E,Criminal damage and arson,Under investigation,
8a826c57d2b7fe44f2490b084858fd2532d7e2a674a8881effc63126055450fe,2026-06,Suffolk Constabulary,Suffolk Constabulary,1.127265,52.034229,On or near Furness Close,E01030021,Ipswich 015E,Criminal damage and arson,Under investigation,
bd002850a0ccc6dfa0a02ae646a80a56d9a9cb3081eb8d177076f3f5bf6aea93,2026-06,Suffolk Constabulary,Suffolk Constabulary,1.129266,52.031559,On or near Alderlee,E01030021,Ipswich 015E,Criminal damage and arson,Unable to prosecute suspect,
73481ab395ba0c23157c7db5389d924d7894ba706df2eabe5f1ab21dc9d8b9ca,2026-06,Suffolk Constabulary,Suffolk Constabulary,1.132358,52.032619,On or near Canterbury Close,E01030021,Ipswich 015E,Possession of weapons,Under investigation,
5d09317ca652d77443c08dbe014daf872779d89f5c95d61a311f49c3f3cf7ad7,2026-06,Suffolk Constabulary,Suffolk Constabulary,1.129266,52.031559,On or near Alderlee,E01030021,Ipswich 015E,Violence and sexual offences,Unable to prosecute suspect,
57638d5f3fff6df26c5287b91fd8d6f36d7a9027cd7a82d58701c4c4f8b1faa1,2026-06,Suffolk Constabulary,Suffolk Constabulary,1.129266,52.031559,On or near Alderlee,E01030021,Ipswich 015E,Violence and sexual offences,Unable to prosecute suspect,
f87d6f388dad5ef9ff0f8c2bf35d68415f2efc43171475d9f61119c68d7e803a,2026-06,Suffolk Constabulary,Suffolk Constabulary,1.132371,52.033212,On or near Winchester Way,E01030021,Ipswich 015E,Violence and sexual offences,Under investigation,
757b5e450cb8470b8741be7edf403eabaa07f34649d57736be31b4c62b88e15a,2026-06,Suffolk Constabulary,Suffolk Constabulary,1.127265,52.034229,On or near Furness Close,E01030021,Ipswich 015E,Violence and sexual offences,Under investigation,
e2bc341381b237b5a41c78e14364184ff33de1a3a23df74b85955dd0eca3f403,2026-06,Suffolk Constabulary,Suffolk Constabulary,1.190316,52.036009,On or near Golden Mews,E01029978,Ipswich 016A,Violence and sexual offences,Under investigation,
1350ea0023557a8563feff71862eb71bb8a92f1662ad4956f866ad88f34439f7,2026-06,Suffolk Constabulary,Suffolk Constabulary,1.184073,52.033732,On or near Queensberry Road,E01029978,Ipswich 016A,Violence and sexual offences,Action to be taken by another organisation,
a865205eac4d0c79d0068a0223b4eaad7ec7d603b280fd5f212ab42c6599d1fa,2026-06,Suffolk Constabulary,Suffolk Constabulary,1.189412,52.037032,On or near Nacton Road,E01029978,Ipswich 016A,Violence and sexual offences,Under investigation,
075997f8b5143e7bf56442c1b624c6b38bc8c154cdf96559865c3755a8f0e188,2026-06,Suffolk Constabulary,Suffolk Constabulary,1.189412,52.037032,On or near Nacton Road,E01029978,Ipswich 016A,Violence and sexual offences,Under investigation,
b35dbe14d096c4a99529528a706711d4db06e92a4b5e63e5f521fc14e17ce13e,2026-06,Suffolk Constabulary,Suffolk Constabulary,1.190316,52.036009,On or near Golden Mews,E01029978,Ipswich 016A,Violence and sexual offences,Under investigation,
ff5b1d3d6ca9e8f2363c794755565bf8c587fa0fa7647961abe3b5cc02ec49d5,2026-06,Suffolk Constabulary,Suffolk Constabulary,1.188365,52.034011,On or near Maybury Road,E01029978,Ipswich 016A,Violence and sexual offences,Under investigation,
933b43b54ec635e6ff6488fd7871ff7e24bf61e9577a136c59a3591b16992fc1,2026-06,Suffolk Constabulary,Suffolk Constabulary,1.186015,52.038491,On or near Bernard Crescent,E01029978,Ipswich 016A,Violence and sexual offences,Under investigation,
3895188a52ebf26ad5680040cbdb7aa80ad70c9d9c37b20d1662219308f824e1,2026-06,Suffolk Constabulary,Suffolk Constabulary,1.189412,52.037032,On or near Nacton Road,E01029978,Ipswich 016A,Other crime,Under investigation,
,2026-06,Suffolk Constabulary,Suffolk Constabulary,1.180006,52.036225,On or near Stubbs Close,E01029979,Ipswich 016B,Anti-social behaviour,,
05606844929391101625d8cdd338b27677669f9853e70f234022aa2f6d0bc610,2026-06,Suffolk Constabulary,Suffolk Constabulary,1.176928,52.035795,On or near Raeburn Road,E01029979,Ipswich 016B,Bicycle theft,Under investigation,
3b3ab3f1c45032f5291ca28b9ce03aaab97a7e8395b8f98498289a482e430814,2026-06,Suffolk Constabulary,Suffolk Constabulary,1.179031,52.035433,On or near Reynolds Close,E01029979,Ipswich 016B,Criminal damage and arson,Unable to prosecute suspect,
0d6dfa0246a730f52b71eb9d10097294c0cf00e84f89e355dc023b9c92eccc12,2026-06,Suffolk Constabulary,Suffolk Constabulary,1.177352,52.037052,On or near Hogarth Square,E01029979,Ipswich 016B,Other theft,Investigation complete; no suspect identified,
7447afc59022784af2f8411bb9dacca6732a2a969023f918d2d80e274f691a36,2026-06,Suffolk Constabulary,Suffolk Constabulary,1.179031,52.035433,On or near Reynolds Close,E01029979,Ipswich 016B,Shoplifting,Under investigation,
af7d0186a8de71b41f14f35c72e66de461dcf6234b8696bf0833a1fab7da0259,2026-06,Suffolk Constabulary,Suffolk Constabulary,1.179031,52.035433,On or near Reynolds Close,E01029979,Ipswich 016B,Shoplifting,Investigation complete; no suspect identified,
9d69f4075811dabe9458276b971373aad8208073e9270336b1439484d50494fc,2026-06,Suffolk Constabulary,Suffolk Constabulary,1.179349,52.034363,On or near Reynolds Road,E01029979,Ipswich 016B,Violence and sexual offences,Under investigation,
e7e106eef3c7d55c89a7e3fa848dc9145d1c0bcb494c557ba44c92aa06c8ea27,2026-06,Suffolk Constabulary,Suffolk Constabulary,1.184583,52.034761,On or near Henry Road,E01029979,Ipswich 016B,Violence and sexual offences,Under investigation,
7659ac3e33e490bde834724f451f29a78415e151738901c1dc6d180cbf824daf,2026-06,Suffolk Constabulary,Suffolk Constabulary,1.179031,52.035433,On or near Reynolds Close,E01029979,Ipswich 016B,Violence and sexual offences,Unable to prosecute suspect,
090d93c32fcae7dbfae25bae7101523fd6f25740db31f67fd7b06e64f8bcd93e,2026-06,Suffolk Constabulary,Suffolk Constabulary,1.179349,52.034363,On or near Reynolds Road,E01029979,Ipswich 016B,Violence and sexual offences,Under investigation,
,2026-06,Suffolk Constabulary,Suffolk Constabulary,1.172903,52.035796,On or near Ireland Road,E01029980,Ipswich 016C,Anti-social behaviour,,
7911215d678553207021ecf2be44c4a88128543024c080dd3d551a47b6667d41,2026-06,Suffolk Constabulary,Suffolk Constabulary,1.174364,52.035838,On or near Perkins Way,E01029980,Ipswich 016C,Burglary,Under investigation,
bb25b79d14925037736f0d26a6618f8710a5e383fd12d23bf2f1e65c8bce11fa,2026-06,Suffolk Constabulary,Suffolk Constabulary,1.173924,52.037037,On or near Landseer Road,E01029980,Ipswich 016C,Drugs,Offender given a caution,
331d10f90901fac51bc296a28d01c6ac55219a2ef8c05eeb50b495f6a907ee94,2026-06,Suffolk Constabulary,Suffolk Constabulary,1.170397,52.035414,On or near Sandyhill Lane,E01029980,Ipswich 016C,Other theft,Under investigation,
47933a0131ecd23f1803114eb9840eadca0e472599bf2124d3a1c9984ce4b591,2026-06,Suffolk Constabulary,Suffolk Constabulary,1.172000,52.033140,On or near Raeburn Road South,E01029980,Ipswich 016C,Other theft,Under investigation,
f014791abb83138f324d97b1f5099b82f2a12914ed53ab8c054ed8c027147312,2026-06,Suffolk Constabulary,Suffolk Constabulary,1.172000,52.033140,On or near Raeburn Road South,E01029980,Ipswich 016C,Other theft,Under investigation,
03e05500b0d0c56d65757cd80d9751b6e2d047506031f978c00029a910007260,2026-06,Suffolk Constabulary,Suffolk Constabulary,1.173924,52.037037,On or near Landseer Road,E01029980,Ipswich 016C,Other theft,Unable to prosecute suspect,
c57306bd4a48f26e4ac7c63b7003ef55df17173facd7f56fff408d3e7110d0c7,2026-06,Suffolk Constabulary,Suffolk Constabulary,1.173924,52.037037,On or near Landseer Road,E01029980,Ipswich 016C,Public order,Unable to prosecute suspect,
d8f9a129554af5831bc976089720e4afab4e8ce08e6e8ce494a9959f0dd00eea,2026-06,Suffolk Constabulary,Suffolk Constabulary,1.169376,52.036449,On or near Frobisher Road,E01029980,Ipswich 016C,Public order,Unable to prosecute suspect,
c58a78062939f4a7a8f7b5d799ba9a765880dbb0b75609059c07b030d9299c74,2026-06,Suffolk Constabulary,Suffolk Constabulary,1.170321,52.037637,On or near Holbrook Road,E01029980,Ipswich 016C,Theft from the person,Investigation complete; no suspect identified,
1476b43be0cf45a03d36b49e7ab1962fd042baa91ae116b4da57ebc28c4fce00,2026-06,Suffolk Constabulary,Suffolk Constabulary,1.169376,52.036449,On or near Frobisher Road,E01029980,Ipswich 016C,Vehicle crime,Under investigation,
8b113fe1ef6ddecde038b816f69c0e95478bc77037f94d6ef20f0ab7a581654a,2026-06,Suffolk Constabulary,Suffolk Constabulary,1.172000,52.033140,On or near Raeburn Road South,E01029980,Ipswich 016C,Vehicle crime,Under investigation,
993fc8ae1e0e7311467ece55c5c79f89510aaedfe4e8e1e1422f8e45c64bb34f,2026-06,Suffolk Constabulary,Suffolk Constabulary,1.166931,52.036721,On or near Hood Road,E01029980,Ipswich 016C,Vehicle crime,Under investigation,
3005f0d372a1236820580bbf7a0f42047a04ec9d6aaf1e909d2f7793d262b4ca,2026-06,Suffolk Constabulary,Suffolk Constabulary,1.170397,52.035414,On or near Sandyhill Lane,E01029980,Ipswich 016C,Violence and sexual offences,Unable to prosecute suspect,
7b1770207a88404325fff784257136782440c3814e830c4a8e02f7e289aee8c7,2026-06,Suffolk Constabulary,Suffolk Constabulary,1.173924,52.037037,On or near Landseer Road,E01029980,Ipswich 016C,Violence and sexual offences,Unable to prosecute suspect,
53776a6285fde2f1ce268c67ddb7ef5a3e82feccc63e4db543c2a7e525fb3942,2026-06,Suffolk Constabulary,Suffolk Constabulary,1.172903,52.035796,On or near Ireland Road,E01029980,Ipswich 016C,Violence and sexual offences,Under investigation,
,2026-06,Suffolk Constabulary,Suffolk Constabulary,1.186373,52.030809,On or near Brazier'S Wood Road,E01029981,Ipswich 016D,Anti-social behaviour,,
ed66c0ebdede9fcf266973873ba4624e5cc769fc4477ae9daa4dec0219225625,2026-06,Suffolk Constabulary,Suffolk Constabulary,1.184805,52.030087,On or near Munnings Close,E01029981,Ipswich 016D,Other theft,Investigation complete; no suspect identified,
bf714cad187df4b11223dac6e63649fea139f4c41c9764c05d6354150c33b77f,2026-06,Suffolk Constabulary,Suffolk Constabulary,1.187541,52.032469,On or near Windermere Close,E01029981,Ipswich 016D,Robbery,Under investigation,
90f885a0fc7d294c718ff89132cb1072f04167a57414a3cd78043dc17af3f0a4,2026-06,Suffolk Constabulary,Suffolk Constabulary,1.187541,52.032469,On or near Windermere Close,E01029981,Ipswich 016D,Vehicle crime,Investigation complete; no suspect identified,
8c2b7b866ee5519e3490bc3ca22d7eb1a9f26116ab939dcd6ddac237d703b2e5,2026-06,Suffolk Constabulary,Suffolk Constabulary,1.182960,52.032026,On or near Nightingale Square,E01029981,Ipswich 016D,Violence and sexual offences,Unable to prosecute suspect,
b413a7188b05b65decd8d1f3c0f35216a8d615f1d5f5ffceafb6987d4738a01c,2026-06,Suffolk Constabulary,Suffolk Constabulary,1.186373,52.030809,On or near Brazier'S Wood Road,E01029981,Ipswich 016D,Violence and sexual offences,Under investigation,
5fdd506da6af8d523b0ba23ad8d6e0f077bc792b7129986aa8646b2d921957cb,2026-06,Suffolk Constabulary,Suffolk Constabulary,1.182960,52.032026,On or near Nightingale Square,E01029981,Ipswich 016D,Violence and sexual offences,Under investigation,
37d0094b159004de4d38aab27ba1dd63241db054d8844a750d3940dcde92cd42,2026-06,Suffolk Constabulary,Suffolk Constabulary,1.182960,52.032026,On or near Nightingale Square,E01029981,Ipswich 016D,Violence and sexual offences,Unable to prosecute suspect,
b1697e2e7a721899034075d0085fe4bfa951865e1e56f158d6c361947295e115,2026-06,Suffolk Constabulary,Suffolk Constabulary,1.182960,52.032026,On or near Nightingale Square,E01029981,Ipswich 016D,Violence and sexual offences,Unable to prosecute suspect,
14a729fa41654de8bb600f05e7629ede18920160e97d68ae0f82ec0cf18f31c1,2026-06,Suffolk Constabulary,Suffolk Constabulary,1.182960,52.032026,On or near Nightingale Square,E01029981,Ipswich 016D,Violence and sexual offences,Unable to prosecute suspect,
eebfc412193b0a1d676fb71496eefc799e3261a3d44c0374f0175c211d4f66b2,2026-06,Suffolk Constabulary,Suffolk Constabulary,1.186373,52.030809,On or near Brazier'S Wood Road,E01029981,Ipswich 016D,Violence and sexual offences,Under investigation,
5799539befeddc0b79161b1d9e36347e1b3c292a1da8d176625d68b9a89487ea,2026-06,Suffolk Constabulary,Suffolk Constabulary,1.176307,52.030749,On or near Lely Road,E01029982,Ipswich 016E,Drugs,Under investigation,
3f768f7b09716decafba44309fd7d33029f55ff9ce970fa06ee5ce02e7165826,2026-06,Suffolk Constabulary,Suffolk Constabulary,1.181844,52.031310,On or near Nightingale Road,E01029982,Ipswich 016E,Drugs,Under investigation,
ab0e8241e4ceb6ab1e18cd06c66bd37e3a11b4f14310fb80b7ab780d315efe47,2026-06,Suffolk Constabulary,Suffolk Constabulary,1.181844,52.031310,On or near Nightingale Road,E01029982,Ipswich 016E,Vehicle crime,Under investigation,
44a6943f0f7f8707705340c5df8e80aa1feabff616da0afdfc55b1b8711edd2d,2026-06,Suffolk Constabulary,Suffolk Constabulary,1.179934,52.030282,On or near Leighton Square,E01029982,Ipswich 016E,Violence and sexual offences,Investigation complete; no suspect identified,
,2026-06,Suffolk Constabulary,Suffolk Constabulary,1.183266,52.041254,On or near Laud Mews,E01029983,Ipswich 016F,Anti-social behaviour,,
89484a4655e9dd4c537294f279ee4d519b3cb4a75dab21e7428f97d62371a3e1,2026-06,Suffolk Constabulary,Suffolk Constabulary,1.181410,52.036286,On or near Supermarket,E01029983,Ipswich 016F,Burglary,Investigation complete; no suspect identified,
ef9fc73695ac0b436a212942b14ae60c7adf563851ff9e98e8d28f703ac698f3,2026-06,Suffolk Constabulary,Suffolk Constabulary,1.181494,52.039099,On or near Avondale Road,E01029983,Ipswich 016F,Burglary,Investigation complete; no suspect identified,
4893e35607a4d2b0994f8613e4c0f724172b28f2edf4384e0ff8c873bf3414e1,2026-06,Suffolk Constabulary,Suffolk Constabulary,1.181494,52.039099,On or near Avondale Road,E01029983,Ipswich 016F,Burglary,Investigation complete; no suspect identified,
070e1d4236b3609ed20ded926d200473d9450db77768c5330e817ba6c5961e42,2026-06,Suffolk Constabulary,Suffolk Constabulary,1.182980,52.039697,On or near Benacre Road,E01029983,Ipswich 016F,Burglary,Under investigation,
59b33cc23144f555b530195aa736d694bf33983729b9e8b46a551ea7f0e70e87,2026-06,Suffolk Constabulary,Suffolk Constabulary,1.184528,52.040141,On or near Henstead Gardens,E01029983,Ipswich 016F,Criminal damage and arson,Unable to prosecute suspect,
0ce9c50dbcddc791b5a6dd60e731460a19a1fd92e96ff023c61882d3ebb5622e,2026-06,Suffolk Constabulary,Suffolk Constabulary,1.184528,52.040141,On or near Henstead Gardens,E01029983,Ipswich 016F,Criminal damage and arson,Investigation complete; no suspect identified,
712bf60f2e533d83791ee3ec67c9d71528c86477da71f4f2a0368e152db6f257,2026-06,Suffolk Constabulary,Suffolk Constabulary,1.184902,52.039654,On or near Hulver Court,E01029983,Ipswich 016F,Shoplifting,Under investigation,
049fa926a33223a8cd4371daa1ba079525cdcf4d3b498982b0061caa7fbe6e6b,2026-06,Suffolk Constabulary,Suffolk Constabulary,1.181410,52.036286,On or near Supermarket,E01029983,Ipswich 016F,Shoplifting,Investigation complete; no suspect identified,
6ec2f9aa057831166ea3da4ecf1d588eca92488ec164a75156f9926f79e13fee,2026-06,Suffolk Constabulary,Suffolk Constabulary,1.184902,52.039654,On or near Hulver Court,E01029983,Ipswich 016F,Shoplifting,Under investigation,
6a7b4f1c01c661f0d5923b23eff912341ac2759e325c4b2e0730bf4fa402a093,2026-06,Suffolk Constabulary,Suffolk Constabulary,1.184902,52.039654,On or near Hulver Court,E01029983,Ipswich 016F,Shoplifting,Under investigation,
28add0172b751b57517ad37ebf5c140b46136c71db986cce4a244bb4b4c782e8,2026-06,Suffolk Constabulary,Suffolk Constabulary,1.184406,52.038426,On or near Gloucester Road,E01029983,Ipswich 016F,Vehicle crime,Under investigation,
b93167819bb9600256b8bea0b6b1a468ce0f85d833a15d27ef4918584dca6ef6,2026-06,Suffolk Constabulary,Suffolk Constabulary,1.182980,52.039697,On or near Benacre Road,E01029983,Ipswich 016F,Vehicle crime,Under investigation,
4c953baee6ffb23422be565e0dada4f444b2df220c762c4fee4a7270610b29ba,2026-06,Suffolk Constabulary,Suffolk Constabulary,1.184528,52.040141,On or near Henstead Gardens,E01029983,Ipswich 016F,Vehicle crime,Investigation complete; no suspect identified,
5e05f9af6ce6c6392f8e2f0fad7e44b16cdfda3e5cea515374f555c53b17816b,2026-06,Suffolk Constabulary,Suffolk Constabulary,1.183034,52.038410,On or near Fairfield Road,E01029983,Ipswich 016F,Vehicle crime,Under investigation,
554670170966705d4b3011bf0bbdaf484c19870fc208293be99241e517fde242,2026-06,Suffolk Constabulary,Suffolk Constabulary,1.184902,52.039654,On or near Hulver Court,E01029983,Ipswich 016F,Violence and sexual offences,Action to be taken by another organisation,
ebfaa37b99c623d295654f03a3834bbaa7c25ea3f536191bf0bff47ddd1f9a54,2026-06,Suffolk Constabulary,Suffolk Constabulary,1.184902,52.039654,On or near Hulver Court,E01029983,Ipswich 016F,Violence and sexual offences,Action to be taken by another organisation,
d15fbac4eeba1e61d2921990d1624ec7ee1dc84c831e74b13e9c12c65203b83e,2026-06,Suffolk Constabulary,Suffolk Constabulary,1.184528,52.040141,On or near Henstead Gardens,E01029983,Ipswich 016F,Violence and sexual offences,Unable to prosecute suspect,
c7867743f996aaba83611ac0d1bb8ea6bba2cf3d26a9aa0ead53eaabbbcdb424,2026-06,Suffolk Constabulary,Suffolk Constabulary,1.184528,52.040141,On or near Henstead Gardens,E01029983,Ipswich 016F,Violence and sexual offences,Action to be taken by another organisation,
87eb8e327f9d565103f7ba9c08cfe4907bd338a0930f0e814cfb2b7620435118,2026-06,Suffolk Constabulary,Suffolk Constabulary,1.184902,52.039654,On or near Hulver Court,E01029983,Ipswich 016F,Violence and sexual offences,Action to be taken by another organisation,
401fdb805d6fe160436cf739c1366a01a91bc58f0d990a2bbbba99376c54f237,2026-06,Suffolk Constabulary,Suffolk Constabulary,1.183266,52.041254,On or near Laud Mews,E01029983,Ipswich 016F,Violence and sexual offences,Under investigation,
a89dbf79e38baa4c6c206649af4c3ff5ca77422aed2dcc6d50526e2832abae84,2026-06,Suffolk Constabulary,Suffolk Constabulary,1.183266,52.041254,On or near Laud Mews,E01029983,Ipswich 016F,Violence and sexual offences,Unable to prosecute suspect,
41338ea39a7b397ba3e9600363de0bb5f7d940013428c40ab3e940d8431dd4df,2026-06,Suffolk Constabulary,Suffolk Constabulary,0.248156,52.662423,On or near Smeeth Road,E01026684,King's Lynn and West Norfolk 013A,Violence and sexual offences,Unable to prosecute suspect,
bcfe982edc766fbac108c4653053ee2215c526518b0e02875602e708a5f7132b,2026-06,Suffolk Constabulary,Suffolk Constabulary,0.556190,52.461479,On or near Nursery Lane,E01026648,King's Lynn and West Norfolk 019A,Criminal damage and arson,Investigation complete; no suspect identified,
f831badd8d1dac550700f75bbf0f75aef5020a5128fd4fa948421f0e54a9aa59,2026-06,Suffolk Constabulary,Suffolk Constabulary,0.473357,52.495954,On or near Southery Road,E01026650,King's Lynn and West Norfolk 019C,Vehicle crime,Under investigation,
e119395609fa98e6036dc56de5a4b5b4e440a3c5221fa5f39f352b8756b692c7,2026-06,Suffolk Constabulary,Suffolk Constabulary,-1.098704,52.642471,On or near Layton Road,E01013655,Leicester 011D,Public order,Under investigation,
f8b4467da7b36b8e4934315eabc558600461c5b946961d0e8449e6000e793e29,2026-06,Suffolk Constabulary,Suffolk Constabulary,-0.041941,51.457617,On or near Turnham Road,E01003337,Lewisham 010B,Violence and sexual offences,Under investigation,
065f76f7284307bb81b060b03920b3aaeb97c836e0b7b21085135a97cf3c3cbe,2026-06,Suffolk Constabulary,Suffolk Constabulary,-0.216378,51.418342,On or near Thornton Hill,E01003404,Merton 004D,Violence and sexual offences,Under investigation,
,2026-06,Suffolk Constabulary,Suffolk Constabulary,1.137154,52.324069,On or near Millfield,E01030052,Mid Suffolk 001A,Anti-social behaviour,,
,2026-06,Suffolk Constabulary,Suffolk Constabulary,1.139643,52.323562,On or near Castleton Way,E01030052,Mid Suffolk 001A,Anti-social behaviour,,
5e5e1f786a71404e66edea4d2887eb5a467522c46ac0d83e643f9cd51e167768,2026-06,Suffolk Constabulary,Suffolk Constabulary,1.144580,52.321569,On or near Tacon Close,E01030052,Mid Suffolk 001A,Other theft,Investigation complete; no suspect identified,
6e286260038cad6a70388c67729134fdc6c055ad2e79b79dda8ed90d1d3fa960,2026-06,Suffolk Constabulary,Suffolk Constabulary,1.161785,52.322449,On or near Hoxne Road,E01030052,Mid Suffolk 001A,Violence and sexual offences,Under investigation,
8bec23eee344904857d9f5fb432d7073fcd96bc8a4f52be316ee64f8c66160fe,2026-06,Suffolk Constabulary,Suffolk Constabulary,1.137345,52.334028,On or near B1077,E01030052,Mid Suffolk 001A,Violence and sexual offences,Under investigation,
f35e4b5bf468ae7939b99eb589dc763d1ccb3e94769b3ed36862f47363f43780,2026-06,Suffolk Constabulary,Suffolk Constabulary,1.147229,52.323953,On or near Pine Close,E01030052,Mid Suffolk 001A,Violence and sexual offences,Under investigation,
2584226f2fb3fde67dfc67837890c5c039b59817876d06057da97916adcaeded,2026-06,Suffolk Constabulary,Suffolk Constabulary,1.148172,52.325025,On or near Maple Way,E01030052,Mid Suffolk 001A,Violence and sexual offences,Action to be taken by another organisation,
e786bddbec65b69bf498d774fc6c08af46d188903183bb7564e668fa4bab9477,2026-06,Suffolk Constabulary,Suffolk Constabulary,1.141614,52.319903,On or near Yaxley Road,E01030052,Mid Suffolk 001A,Violence and sexual offences,Unable to prosecute suspect,
321c2756acfc37254d1c94db7bdd10a8d7fb8875531884d427ac3fbddcd0d74c,2026-06,Suffolk Constabulary,Suffolk Constabulary,1.144545,52.326876,On or near Victoria Hill,E01030052,Mid Suffolk 001A,Violence and sexual offences,Under investigation,
0b7d0a52b26e5e669180788679952a7642a433aa2860b8287868a9f41e67dea1,2026-06,Suffolk Constabulary,Suffolk Constabulary,1.148172,52.325025,On or near Maple Way,E01030052,Mid Suffolk 001A,Violence and sexual offences,Under investigation,
b738315c8af699a45bad99afc8b9a99315f19abf87265fd790a1b9e192f07a1a,2026-06,Suffolk Constabulary,Suffolk Constabulary,1.148047,52.320882,On or near Supermarket,E01030052,Mid Suffolk 001A,Other crime,Under investigation,
,2026-06,Suffolk Constabulary,Suffolk Constabulary,1.208148,52.339033,On or near Cross Street,E01030058,Mid Suffolk 001B,Anti-social behaviour,,
,2026-06,Suffolk Constabulary,Suffolk Constabulary,1.208148,52.339033,On or near Cross Street,E01030058,Mid Suffolk 001B,Anti-social behaviour,,
a296c36e556007dd60c74496f26f73dd03880c71e53d65e8ed12e74bf6363808,2026-06,Suffolk Constabulary,Suffolk Constabulary,1.240137,52.292569,On or near Horham Road,E01030058,Mid Suffolk 001B,Violence and sexual offences,Unable to prosecute suspect,
de46e9c9ad85e572d4025ba3e4c5aa6ea4dc46ffea02215f6f034534413f5b98,2026-06,Suffolk Constabulary,Suffolk Constabulary,1.240137,52.292569,On or near Horham Road,E01030058,Mid Suffolk 001B,Violence and sexual offences,Unable to prosecute suspect,
617709710630d1b23c0bcac80bd7c27fbe629cc58b88c011cad59917dca10ec2,2026-06,Suffolk Constabulary,Suffolk Constabulary,1.210096,52.339564,On or near Wittons Lane,E01030058,Mid Suffolk 001B,Violence and sexual offences,Under investigation,
370f95c9d0e0dd3b195e55cbf0d4aac76b6f71a6cac9f0421ce436cd4741968d,2026-06,Suffolk Constabulary,Suffolk Constabulary,1.191521,52.342199,On or near Eye Road,E01030058,Mid Suffolk 001B,Violence and sexual offences,Under investigation,
04263370e3cf2cbb8282d70577cf79b7e984895b4aebb36c142a7d3f4a5f159e,2026-06,Suffolk Constabulary,Suffolk Constabulary,1.208148,52.339033,On or near Cross Street,E01030058,Mid Suffolk 001B,Violence and sexual offences,Under investigation,
,2026-06,Suffolk Constabulary,Suffolk Constabulary,1.106422,52.364309,On or near Forge Close,E01030064,Mid Suffolk 001C,Anti-social behaviour,,
,2026-06,Suffolk Constabulary,Suffolk Constabulary,1.113576,52.326501,On or near Old Norwich Road,E01030064,Mid Suffolk 001C,Anti-social behaviour,,
,2026-06,Suffolk Constabulary,Suffolk Constabulary,1.164725,52.291873,On or near Ash Tree Close,E01030088,Mid Suffolk 001D,Anti-social behaviour,,
0571df8c07c3bd4a0b3339f935464ff08e4ab3220f8d833bff5ac261633eb965,2026-06,Suffolk Constabulary,Suffolk Constabulary,1.163009,52.291460,On or near Bullshall Road,E01030088,Mid Suffolk 001D,Other theft,Under investigation,
ff1890b9ba874fe418b970b1e22d229e928ba36506889ba233b67acf7201a718,2026-06,Suffolk Constabulary,Suffolk Constabulary,1.135788,52.284011,On or near Mill Lane,E01030088,Mid Suffolk 001D,Violence and sexual offences,Under investigation,
31fc66525a11aa3524b6e7b1a81837061e9fc508af7524a06fb909253d2e9f53,2026-06,Suffolk Constabulary,Suffolk Constabulary,0.937104,52.274951,On or near Long Thurlow Road,E01030039,Mid Suffolk 002A,Vehicle crime,Under investigation,
40470470d0d345df1201e105aa5652d258897440b2b199135bef3495ac09632f,2026-06,Suffolk Constabulary,Suffolk Constabulary,0.978578,52.270332,On or near Rectory Road,E01030039,Mid Suffolk 002A,Violence and sexual offences,Under investigation,
34a99aca4238913289e9a52ed6c57a76cbed8a96b0aa95e00e9d66dec2055d40,2026-06,Suffolk Constabulary,Suffolk Constabulary,1.028921,52.285193,On or near Gislingham Road,E01030039,Mid Suffolk 002A,Violence and sexual offences,Under investigation,
7fef6a4ad239ebeca40c1a46f0b318b9253360d4086436864e128243bce93cd7,2026-06,Suffolk Constabulary,Suffolk Constabulary,0.978578,52.270332,On or near Rectory Road,E01030039,Mid Suffolk 002A,Violence and sexual offences,Under investigation,
2f072cdaf114761127729008872245d6617c0c041427daf2342ed25b7516d5ed,2026-06,Suffolk Constabulary,Suffolk Constabulary,1.028921,52.285193,On or near Gislingham Road,E01030039,Mid Suffolk 002A,Violence and sexual offences,Investigation complete; no suspect identified,
18b7ab437ea4e4a91ebe9189df1a09432d19855c6b2991a09c2772a27e081a4a,2026-06,Suffolk Constabulary,Suffolk Constabulary,0.978578,52.270332,On or near Rectory Road,E01030039,Mid Suffolk 002A,Other crime,Under investigation,
7f5edbe5841e59aa7afdff851a5d5f9fc5d6c9a35e0523ca1bd1dd34c44a8129,2026-06,Suffolk Constabulary,Suffolk Constabulary,0.994776,52.282926,On or near Church Road,E01030039,Mid Suffolk 002A,Other crime,Under investigation,
a544cf75a5a44fe8ad2853fa8627be44adfe9f14b52ca81d0d507fd37f9481ab,2026-06,Suffolk Constabulary,Suffolk Constabulary,0.945709,52.270959,On or near Braziers Lane,E01030039,Mid Suffolk 002A,Other crime,Under investigation,
b24eeeb6d08106773f5ba363d3cebb73e47b5e5a43f0873d68cfebb152e196aa,2026-06,Suffolk Constabulary,Suffolk Constabulary,1.055426,52.354678,On or near Sports/Recreation Area,E01030054,Mid Suffolk 002B,Violence and sexual offences,Under investigation,
9f9db3e82333515e3e704ff35cc2370b60e27d6f78229f9da263b7ecb0acbf7f,2026-06,Suffolk Constabulary,Suffolk Constabulary,1.076998,52.302149,On or near Park/Open Space,E01030055,Mid Suffolk 002C,Violence and sexual offences,Under investigation,
b5b6fc2597fed3dd0cde080379dff13ec59041f7f06a91a4cb82dd391f6d87df,2026-06,Suffolk Constabulary,Suffolk Constabulary,1.069431,52.294399,On or near Clay Street,E01030055,Mid Suffolk 002C,Violence and sexual offences,Under investigation,
87b2c35dfb96117c2e9269bde1eb22010ede0f12eeaefc7a7c9928e386ce2f7f,2026-06,Suffolk Constabulary,Suffolk Constabulary,0.994987,52.367278,On or near Hinderclay Road,E01030066,Mid Suffolk 002D,Burglary,Under investigation,
2fb36b20443a5bfea71eabf99f0c17d7bb20112171c87d50650a75176bd3e09a,2026-06,Suffolk Constabulary,Suffolk Constabulary,0.992087,52.343069,On or near Mill Lane,E01030066,Mid Suffolk 002D,Criminal damage and arson,Investigation complete; no suspect identified,
,2026-06,Suffolk Constabulary,Suffolk Constabulary,1.001652,52.340560,On or near The Street,E01030067,Mid Suffolk 002E,Anti-social behaviour,,
19a985b3836cfbbfa4f8e697d130e22973297536ac0e58d3a1ab83597dbc5df0,2026-06,Suffolk Constabulary,Suffolk Constabulary,1.005846,52.344600,On or near Back Hills,E01030067,Mid Suffolk 002E,Criminal damage and arson,Under investigation,
4b8dab687d45f0fb18f57380b05d07d16743f38a734d809286d874dea9cfeae9,2026-06,Suffolk Constabulary,Suffolk Constabulary,1.007210,52.344790,On or near The Drift,E01030067,Mid Suffolk 002E,Vehicle crime,Under investigation,
fdefbc944b19e7235423c7ffd7ed4b908b39fc2c16e8d537ad5d4056ca6f0262,2026-06,Suffolk Constabulary,Suffolk Constabulary,0.997718,52.308455,On or near Newdelight Road,E01030067,Mid Suffolk 002E,Vehicle crime,Under investigation,
f2a7c5212192c41c262b94a539b7301b54b6001f3311b4fbe4436c5ff01ffbc5,2026-06,Suffolk Constabulary,Suffolk Constabulary,0.998715,52.338387,On or near Wheatfields,E01030067,Mid Suffolk 002E,Violence and sexual offences,Under investigation,
1ddcc6eba66d0fea227a0fb5fdde18c80123a47281e532b683c020dbac9b4e2b,2026-06,Suffolk Constabulary,Suffolk Constabulary,0.998715,52.338387,On or near Wheatfields,E01030067,Mid Suffolk 002E,Violence and sexual offences,Under investigation,
04fcadad5475d6e07ff2bea1bc3f7711bf2b853508fb890a7f05991888069980,2026-06,Suffolk Constabulary,Suffolk Constabulary,0.998715,52.338387,On or near Wheatfields,E01030067,Mid Suffolk 002E,Violence and sexual offences,Under investigation,
1fdd6792ee352dec8f44a93fa1b29d7f018389ac62c885aef9f552d1e3f6803b,2026-06,Suffolk Constabulary,Suffolk Constabulary,0.998715,52.338387,On or near Wheatfields,E01030067,Mid Suffolk 002E,Violence and sexual offences,Action to be taken by another organisation,
31462ac4f370e86557a79662f1b896804e5110e9ea6b8823e17c5315b1fca06b,2026-06,Suffolk Constabulary,Suffolk Constabulary,0.998715,52.338387,On or near Wheatfields,E01030067,Mid Suffolk 002E,Violence and sexual offences,Under investigation,
714152057b8e2d26e95bff73058f968a9df97ee23a1641661d1938003bec765c,2026-06,Suffolk Constabulary,Suffolk Constabulary,0.998715,52.338387,On or near Wheatfields,E01030067,Mid Suffolk 002E,Violence and sexual offences,Under investigation,
3007d3390c7fdfa721a8b96e3c11af796edeed5295dd925aed9ab7a06d3d58b1,2026-06,Suffolk Constabulary,Suffolk Constabulary,0.998715,52.338387,On or near Wheatfields,E01030067,Mid Suffolk 002E,Violence and sexual offences,Under investigation,
4accf2d8d65e4a4c463c3af69cebd8433308e23c600f97e916ce9ee75cf6273c,2026-06,Suffolk Constabulary,Suffolk Constabulary,0.998715,52.338387,On or near Wheatfields,E01030067,Mid Suffolk 002E,Violence and sexual offences,Under investigation,
fef20c35ef4e8322ec92a6da56fdb0a592a4b026fd89a2ea137573e083825e43,2026-06,Suffolk Constabulary,Suffolk Constabulary,0.998715,52.338387,On or near Wheatfields,E01030067,Mid Suffolk 002E,Violence and sexual offences,Under investigation,
cd78186abe3cbd69c4bd812f1709a381415bbaa52c1e65a7f6a8e9254d28e2f9,2026-06,Suffolk Constabulary,Suffolk Constabulary,1.007210,52.344790,On or near The Drift,E01030067,Mid Suffolk 002E,Other crime,Action to be taken by another organisation,
18a817da82b82e1c7cf1495b7d6b041b16c65d303dd2ca41d0c0fa3b409d3cf3,2026-06,Suffolk Constabulary,Suffolk Constabulary,0.961810,52.302896,On or near Finningham Road,E01030068,Mid Suffolk 002F,Burglary,Under investigation,
4249b3e9214cc3b01f4b556f8a2974bd42e14afb6d4f45684b47c5ef9474eb62,2026-06,Suffolk Constabulary,Suffolk Constabulary,0.961810,52.302896,On or near Finningham Road,E01030068,Mid Suffolk 002F,Burglary,Under investigation,
7155e907cd4921fa931e12e14eef32614912ecfe165066db872c195c0642e3d2,2026-06,Suffolk Constabulary,Suffolk Constabulary,0.960238,52.339115,On or near Town House Lane,E01030068,Mid Suffolk 002F,Vehicle crime,Under investigation,
72a190ac6b0134b1c35af7327fdfeec73852f443726aab28fcdbfa72778358cb,2026-06,Suffolk Constabulary,Suffolk Constabulary,0.945412,52.331877,On or near Upper Street Lane,E01030068,Mid Suffolk 002F,Violence and sexual offences,Under investigation,
7d4281c889b4cc780a335cef89ceade52e180882e6f554f2b19eb349a4853268,2026-06,Suffolk Constabulary,Suffolk Constabulary,1.305141,52.368870,On or near The Street,E01030053,Mid Suffolk 003A,Burglary,Under investigation,
be055b0d67ee5a295773e8ad7ea9871638c3b6a8830ef8d83d9882b5758591a0,2026-06,Suffolk Constabulary,Suffolk Constabulary,1.269559,52.371317,On or near Hoxne Road,E01030053,Mid Suffolk 003A,Public order,Under investigation,
65c37200a188c1e7e118dabc24d96cd809e34ebba04c5c725ed2b284065f6ffe,2026-06,Suffolk Constabulary,Suffolk Constabulary,1.306095,52.283077,On or near The Thoroughfare,E01030090,Mid Suffolk 003C,Violence and sexual offences,Under investigation,
7d35f3f8fdcac13848f19403ce7138218a3bf25b5f2cdea140fc573b6e7a2484,2026-06,Suffolk Constabulary,Suffolk Constabulary,1.195164,52.273200,On or near Hall Road,E01030090,Mid Suffolk 003C,Violence and sexual offences,Under investigation,
0dabc3b28f54d069c906180a5ffefafd6cd25d3adcde1e7053ef18cd9d7edb35,2026-06,Suffolk Constabulary,Suffolk Constabulary,1.195164,52.273200,On or near Hall Road,E01030090,Mid Suffolk 003C,Violence and sexual offences,Under investigation,
075c7e6c8dc9ccb1727210300682fef9e52ab6a684acfe11795716735b9e9acb,2026-06,Suffolk Constabulary,Suffolk Constabulary,1.306095,52.283077,On or near The Thoroughfare,E01030090,Mid Suffolk 003C,Violence and sexual offences,Under investigation,
,2026-06,Suffolk Constabulary,Suffolk Constabulary,1.275520,52.319644,On or near Shelton Hill,E01034570,Mid Suffolk 003D,Anti-social behaviour,,
0df872e9644f25e7427d0bc9bf9a306fbb0ff7a9870eccf9d16eb6f9289e29ed,2026-06,Suffolk Constabulary,Suffolk Constabulary,1.270601,52.309474,On or near Wilby Road,E01034570,Mid Suffolk 003D,Criminal damage and arson,Under investigation,
191b28f631d6ff3538914552967b7241aa5e74f28683a61a2b84122133c11b08,2026-06,Suffolk Constabulary,Suffolk Constabulary,1.274872,52.318619,On or near Church Street,E01034570,Mid Suffolk 003D,Violence and sexual offences,Unable to prosecute suspect,
a629d955e37647e0cb5dddcbf62c3cf727ab1db0da4ff2b7b8ccb185c098197f,2026-06,Suffolk Constabulary,Suffolk Constabulary,1.272331,52.316801,On or near Priory Close,E01034570,Mid Suffolk 003D,Violence and sexual offences,Under investigation,
5cabe2848404b2e3eb606789275e1af4b7201f3465368f848fb56f68b84b2d59,2026-06,Suffolk Constabulary,Suffolk Constabulary,1.284881,52.301774,On or near Church Close,E01034570,Mid Suffolk 003D,Violence and sexual offences,Unable to prosecute suspect,
29a91b8efe86909edf33bc6495194b750e39e09e4e8b5de51796449f8d670ed8,2026-06,Suffolk Constabulary,Suffolk Constabulary,1.274059,52.322914,On or near Grove End,E01034570,Mid Suffolk 003D,Violence and sexual offences,Under investigation,
b2115f6d57ae4e14b00455133c0d456f1e242b83590baf061b7f6059cc017319,2026-06,Suffolk Constabulary,Suffolk Constabulary,1.284881,52.301774,On or near Church Close,E01034570,Mid Suffolk 003D,Violence and sexual offences,Unable to prosecute suspect,
a5cd14e085c82422e84962d95c4afe9bbf489de4e952854dc31a5ba205b00184,2026-06,Suffolk Constabulary,Suffolk Constabulary,1.276834,52.319743,On or near Drapers Hill,E01034570,Mid Suffolk 003D,Other crime,Under investigation,
54524e1470761f4c65a8f9e77114896f6561e7f5078e9adcdc35c7284ef9259e,2026-06,Suffolk Constabulary,Suffolk Constabulary,0.914363,52.281612,On or near Old Vicarage Drive,E01030040,Mid Suffolk 004A,Violence and sexual offences,Under investigation,
24b4cd601509ad24b77fbb7188892d600169cfd303f3a73d30b003b5822b80b7,2026-06,Suffolk Constabulary,Suffolk Constabulary,0.866560,52.254571,On or near Petrol Station,E01030049,Mid Suffolk 004B,Other theft,Under investigation,
ea62f4b070d4fc9348ab7afe455c3f72f6b71e76ce4ca78623b75263c2c931cf,2026-06,Suffolk Constabulary,Suffolk Constabulary,0.866021,52.255978,On or near Ixworth Road,E01030049,Mid Suffolk 004B,Violence and sexual offences,Investigation complete; no suspect identified,
512ac0e4342b77c853c04a7fe832854e7796f2513782d291881f073dcd43758b,2026-06,Suffolk Constabulary,Suffolk Constabulary,0.881650,52.234167,On or near Broadgrass Green,E01030049,Mid Suffolk 004B,Violence and sexual offences,Under investigation,
46203b978fc08b3e4f5c8685f74e0745ff952b051cb506b97e3e18f3dfad416e,2026-06,Suffolk Constabulary,Suffolk Constabulary,0.915547,52.237129,On or near Crown Mill,E01030050,Mid Suffolk 004C,Public order,Unable to prosecute suspect,
6e7124e3ac88cf38c891cab2df9a6982100e4f419286697ed8079db09bbb3b2c,2026-06,Suffolk Constabulary,Suffolk Constabulary,0.912866,52.232420,On or near Cross Street,E01030050,Mid Suffolk 004C,Violence and sexual offences,Under investigation,
7ce4cd0aecdb3fcefd755cfa99bb38c6c9650b920d366553669d31a0ae7d0e56,2026-06,Suffolk Constabulary,Suffolk Constabulary,0.912866,52.232420,On or near Cross Street,E01030050,Mid Suffolk 004C,Violence and sexual offences,Under investigation,
25d468c58484af18df122ee96276cc53699e6c361f3d3e36d11d4cb822aea347,2026-06,Suffolk Constabulary,Suffolk Constabulary,0.912866,52.232420,On or near Cross Street,E01030050,Mid Suffolk 004C,Violence and sexual offences,Under investigation,
76c8b773adaae5e79b0a08318c858a6c236d9631822dfd7e5c0f94c539b56b07,2026-06,Suffolk Constabulary,Suffolk Constabulary,0.919108,52.243840,On or near Ashfield Road,E01030050,Mid Suffolk 004C,Violence and sexual offences,Under investigation,
e36d4245b9655f4dd35a9d610810e45cf13eb7ae9558d8f7eb63944a7fd460a5,2026-06,Suffolk Constabulary,Suffolk Constabulary,0.912273,52.237453,On or near Bakers Mill,E01030050,Mid Suffolk 004C,Violence and sexual offences,Under investigation,
,2026-06,Suffolk Constabulary,Suffolk Constabulary,0.830162,52.249083,On or near Barrell'S Road,E01030084,Mid Suffolk 004D,Anti-social behaviour,,
e273da5fe6631ee669f800a449ec1e19ebbdc7b0faea45b8384ee7eeb2303e63,2026-06,Suffolk Constabulary,Suffolk Constabulary,0.827814,52.241873,On or near Hollow Lane,E01030084,Mid Suffolk 004D,Criminal damage and arson,Investigation complete; no suspect identified,
3dec9e599c1eb0e29e2fcf233c315e777cf4015ef276f7ad80b4ce7bd8276077,2026-06,Suffolk Constabulary,Suffolk Constabulary,0.806618,52.261174,On or near Mill Lane,E01030084,Mid Suffolk 004D,Other theft,Under investigation,
b282f95064ae5a59327da9e6fba4f16cefbc86f1946aaa45941ab055fd28721b,2026-06,Suffolk Constabulary,Suffolk Constabulary,0.802210,52.253087,On or near The Crescent,E01030084,Mid Suffolk 004D,Other theft,Under investigation,
5ba56efa37898d2789908530c1764a3dde77cae72ffc14950ec6ac8ada0f8290,2026-06,Suffolk Constabulary,Suffolk Constabulary,0.804331,52.258378,On or near Mill Lane,E01030084,Mid Suffolk 004D,Violence and sexual offences,Under investigation,
bc1322134d85e3f5b6266c084852cb9cb97c0c3d6ae673941a6809ef56ef0c84,2026-06,Suffolk Constabulary,Suffolk Constabulary,0.806867,52.253273,On or near Old Norton Road,E01030084,Mid Suffolk 004D,Violence and sexual offences,Under investigation,
4fb8268d9261724bc4907919b0b5a78e79d7311c0138fef1d43c7d90b85feb53,2026-06,Suffolk Constabulary,Suffolk Constabulary,0.815059,52.256297,On or near Meadow Lane,E01030084,Mid Suffolk 004D,Violence and sexual offences,Under investigation,
f4ece0a9e7bef80048d126336712bdb5915e5ff0cf72913682bf022989ed40ef,2026-06,Suffolk Constabulary,Suffolk Constabulary,0.799556,52.254229,On or near Heather Close,E01030084,Mid Suffolk 004D,Violence and sexual offences,Unable to prosecute suspect,
a392d75bf8222f47a433299991eeac720f74f231aaffb970f63e82f55c06ed52,2026-06,Suffolk Constabulary,Suffolk Constabulary,0.806095,52.253588,On or near Hazelwood Close,E01030084,Mid Suffolk 004D,Violence and sexual offences,Under investigation,
21b511659c86902fecb5a68c6823fbb801e2494aaaa746a705e1a81ed9f9619c,2026-06,Suffolk Constabulary,Suffolk Constabulary,0.806095,52.253588,On or near Hazelwood Close,E01030084,Mid Suffolk 004D,Violence and sexual offences,Under investigation,
1a3918cabc680a1215228d5ef456f0b1776ea1312e573ec9bab804a0732eebcb,2026-06,Suffolk Constabulary,Suffolk Constabulary,0.805433,52.253541,On or near Barton Road,E01030084,Mid Suffolk 004D,Other crime,Under investigation,
,2026-06,Suffolk Constabulary,Suffolk Constabulary,0.818708,52.250526,On or near School Road,E01030085,Mid Suffolk 004E,Anti-social behaviour,,
8449bab8066ce4b80e8265a97a47a5d931545137a457087208bb0a30b7a45b1a,2026-06,Suffolk Constabulary,Suffolk Constabulary,0.809980,52.250251,On or near Supermarket,E01030085,Mid Suffolk 004E,Shoplifting,Investigation complete; no suspect identified,
f80c194ced37f8e01b4e47438f7fced4bee156e26f311c5a75c18f5c3bd5a15c,2026-06,Suffolk Constabulary,Suffolk Constabulary,0.814731,52.252510,On or near Sandpit Lane,E01030085,Mid Suffolk 004E,Violence and sexual offences,Under investigation,
6c631d0d98c7d4db6377beaa490d3e1844aa5b3759f833e9b1b0e5aea1ab5be4,2026-06,Suffolk Constabulary,Suffolk Constabulary,0.811669,52.251585,On or near New Green Avenue,E01030085,Mid Suffolk 004E,Violence and sexual offences,Under investigation,
0d30c6f81a8fb826fe9607a568314a50a004b16b405d8a8e8c7fc0753e37c4ff,2026-06,Suffolk Constabulary,Suffolk Constabulary,0.814731,52.252510,On or near Sandpit Lane,E01030085,Mid Suffolk 004E,Violence and sexual offences,Under investigation,
de916de1f26b4f8d9390474b862cae62d5c2712dd06b7ed87b1922ccc44321c2,2026-06,Suffolk Constabulary,Suffolk Constabulary,0.827472,52.249867,On or near Stoney Lane,E01030085,Mid Suffolk 004E,Other crime,Under investigation,
,2026-06,Suffolk Constabulary,Suffolk Constabulary,0.998939,52.225146,On or near Falconer Avenue,E01030037,Mid Suffolk 005A,Anti-social behaviour,,
0f7c9ce15e095170f47811d86714105c117d696fc45a68dd9a195ab47f7970f8,2026-06,Suffolk Constabulary,Suffolk Constabulary,1.001910,52.223820,On or near Cross Green,E01030037,Mid Suffolk 005A,Other theft,Under investigation,
2c744f231e95eea693a6d484c88b1b7dc963b740c7be381282e19efd10394213,2026-06,Suffolk Constabulary,Suffolk Constabulary,1.001091,52.224488,On or near Finningham Road,E01030037,Mid Suffolk 005A,Possession of weapons,Under investigation,
0303a22baf44b02015cca6b4acf2df8b2ef2e4f18400c788a22e0cd1cd663a03,2026-06,Suffolk Constabulary,Suffolk Constabulary,1.001091,52.224488,On or near Finningham Road,E01030037,Mid Suffolk 005A,Possession of weapons,Investigation complete; no suspect identified,
5db2f3f62d3a660723d8cf7c902b2e1718333c9e885b0b5a43c3eff187f9117c,2026-06,Suffolk Constabulary,Suffolk Constabulary,1.001091,52.224488,On or near Finningham Road,E01030037,Mid Suffolk 005A,Possession of weapons,Under investigation,
ffc76ca52f485567bd473c8cc240e47688872d2de1d27b3525b9dadb0e7b7f58,2026-06,Suffolk Constabulary,Suffolk Constabulary,1.001091,52.224488,On or near Finningham Road,E01030037,Mid Suffolk 005A,Public order,Investigation complete; no suspect identified,
0f6ae5d04036e4771fa7b4fd71f7cae24bf12fd56d3e538089d5f9942b6e0254,2026-06,Suffolk Constabulary,Suffolk Constabulary,1.017689,52.223273,On or near Chapel Road,E01030037,Mid Suffolk 005A,Violence and sexual offences,Under investigation,
df575a6cda7cc3abc83a9e6c0329446efd91741168d9d1f9869aef016e54fa12,2026-06,Suffolk Constabulary,Suffolk Constabulary,1.004759,52.232399,On or near Finningham Road,E01030037,Mid Suffolk 005A,Violence and sexual offences,Under investigation,
b36197aa9b8b77c07f1d286c93a6124d50275bfcaf5e6485d2d24be69aad0e2e,2026-06,Suffolk Constabulary,Suffolk Constabulary,1.019227,52.232992,On or near Brown Street,E01030037,Mid Suffolk 005A,Violence and sexual offences,Under investigation,
7095c856a32213b4e1f6a92d25a131598b0dbd277707f5b5f636333e41eaecb7,2026-06,Suffolk Constabulary,Suffolk Constabulary,0.998727,52.263913,On or near Earlsbrook,E01030038,Mid Suffolk 005B,Burglary,Under investigation,
246ee65459b05292c24853ccbcf3b3b573e5125b6166087a0ecc8f06759c357e,2026-06,Suffolk Constabulary,Suffolk Constabulary,0.987739,52.259857,On or near Shelley Way,E01030038,Mid Suffolk 005B,Criminal damage and arson,Under investigation,
0ff617e4ea30240902bb7f335299f13864f6942911be551b0954b047d641d332,2026-06,Suffolk Constabulary,Suffolk Constabulary,1.016725,52.264983,On or near St Mary'S Close,E01030038,Mid Suffolk 005B,Criminal damage and arson,Under investigation,
6421b6b491bc8d70db47fe33d6c887420610c7fba2e5aea09e164d503b9429dd,2026-06,Suffolk Constabulary,Suffolk Constabulary,1.011986,52.263620,On or near Pretyman Avenue,E01030038,Mid Suffolk 005B,Violence and sexual offences,Local resolution,
a05e3c5cf6eb257017b5728ef9d7ebaad44eebfcc6145caf406f92923c3192e0,2026-06,Suffolk Constabulary,Suffolk Constabulary,1.079398,52.247580,On or near Old Station Road,E01030059,Mid Suffolk 005C,Other theft,Under investigation,
ff516c2b108f7324adc0d5061273c77be74954a9dc0b78e7501d3248fa2387c2,2026-06,Suffolk Constabulary,Suffolk Constabulary,1.080142,52.248163,On or near Schools Close,E01030059,Mid Suffolk 005C,Public order,Under investigation,
65835dfed94e57ade14a333b29e6c247107ce5d6f9bb2e31fe2853549a730dba,2026-06,Suffolk Constabulary,Suffolk Constabulary,1.020931,52.266260,On or near Broad Road,E01030059,Mid Suffolk 005C,Violence and sexual offences,Under investigation,
ccea23617fca4aef321b9067a44ec31f05f87542e31f2cdf9014e861b5045ab2,2026-06,Suffolk Constabulary,Suffolk Constabulary,1.071689,52.278062,On or near Thwaite Road,E01030059,Mid Suffolk 005C,Violence and sexual offences,Under investigation,
,2026-06,Suffolk Constabulary,Suffolk Constabulary,1.016095,52.196100,On or near Highfield Road,E01030081,Mid Suffolk 005D,Anti-social behaviour,,
c41be0e7015ed52db6f371f8dfa4e59a2a7d9c41da510b042c595cf80f4c684e,2026-06,Suffolk Constabulary,Suffolk Constabulary,1.021909,52.184071,On or near Mill Lane,E01030081,Mid Suffolk 005D,Criminal damage and arson,Under investigation,
2a0c30509b0b7c29cf14a12d0ea7a7cfcad49462843fb8fd5e35d2317a74c3ff,2026-06,Suffolk Constabulary,Suffolk Constabulary,1.022920,52.203066,On or near Columbyne Close,E01030081,Mid Suffolk 005D,Criminal damage and arson,Under investigation,
552acbdce1d3b07ceedc308c0c589cc5c23230588f93f008dcb487905e417c8e,2026-06,Suffolk Constabulary,Suffolk Constabulary,1.024508,52.201658,On or near Reeds Way,E01030081,Mid Suffolk 005D,Drugs,Under investigation,
2983e5722a348a023d674bbaa26ab47580f7b78966320788174596dbff520feb,2026-06,Suffolk Constabulary,Suffolk Constabulary,1.021909,52.184071,On or near Mill Lane,E01030081,Mid Suffolk 005D,Public order,Under investigation,
46d44a4430e8a91b2a3e53a7098a113234e58d2e65a5ae03b39130bf5542e5aa,2026-06,Suffolk Constabulary,Suffolk Constabulary,1.024265,52.200882,On or near Barley Close,E01030081,Mid Suffolk 005D,Violence and sexual offences,Under investigation,
6ee788be669f6d813f5ed3b2f04e31ef4c5199e5ee5a42d7165a25b681da4dc3,2026-06,Suffolk Constabulary,Suffolk Constabulary,1.031374,52.201257,On or near Clover Close,E01030081,Mid Suffolk 005D,Violence and sexual offences,Under investigation,
aef420c71de6d19156f64d791b86ccd7361e48e58429ca228a8a055fd3571745,2026-06,Suffolk Constabulary,Suffolk Constabulary,1.024508,52.201658,On or near Reeds Way,E01030081,Mid Suffolk 005D,Other crime,Under investigation,
,2026-06,Suffolk Constabulary,Suffolk Constabulary,0.916187,52.233119,On or near Sports/Recreation Area,E01030051,Mid Suffolk 006A,Anti-social behaviour,,
c29d6cd5fbea606fdcc93b7eda3be951856f405c85d3dda468c570f05b51cce5,2026-06,Suffolk Constabulary,Suffolk Constabulary,0.906738,52.234127,On or near Church Road,E01030051,Mid Suffolk 006A,Other theft,Investigation complete; no suspect identified,
56c956bf42b9807fcf7bb67c2f7a3d52abb37ee061e477c5741766f60c3d1344,2026-06,Suffolk Constabulary,Suffolk Constabulary,0.918879,52.230985,On or near Lea Road,E01030051,Mid Suffolk 006A,Other theft,Investigation complete; no suspect identified,
b982681354e16dafad2a0d5af4c69200e721ca7c06a76c9a515dd9c219e5e727,2026-06,Suffolk Constabulary,Suffolk Constabulary,0.921599,52.232249,On or near Farrow Close,E01030051,Mid Suffolk 006A,Other theft,Under investigation,
9aeabb0af09d3d128a59e79fe18ff73c44877a6ba1e4126145438414fc29305e,2026-06,Suffolk Constabulary,Suffolk Constabulary,0.914463,52.233999,On or near Cooks Road,E01030051,Mid Suffolk 006A,Public order,Unable to prosecute suspect,
04cd75f8d91f853deacac3db81c8d245beb0029f02c127feb9b34ef5b2ee1e42,2026-06,Suffolk Constabulary,Suffolk Constabulary,0.918879,52.230985,On or near Lea Road,E01030051,Mid Suffolk 006A,Violence and sexual offences,Under investigation,
3902923277e12b91a6f3963dceff80defdfc99536dbf0681c48a410f1ef41eae,2026-06,Suffolk Constabulary,Suffolk Constabulary,0.918879,52.230985,On or near Lea Road,E01030051,Mid Suffolk 006A,Violence and sexual offences,Action to be taken by another organisation,
71100b73a52ebccdcf6fe2130b292196d8069826165e0c35b8020889ab499a50,2026-06,Suffolk Constabulary,Suffolk Constabulary,0.921599,52.232249,On or near Farrow Close,E01030051,Mid Suffolk 006A,Violence and sexual offences,Action to be taken by another organisation,
30fff4b76f88ff1a9f80c5a9f26ba4a9bb2930a543ed55640d079896bc33518b,2026-06,Suffolk Constabulary,Suffolk Constabulary,0.972827,52.218783,On or near Bixby Avenue,E01030056,Mid Suffolk 006B,Criminal damage and arson,Under investigation,
d2b0298c23b49b9322fd8c582777b64e7c0f7235701a23b2d780bbf9e0e4e77d,2026-06,Suffolk Constabulary,Suffolk Constabulary,0.968472,52.220673,On or near Castle Rise,E01030056,Mid Suffolk 006B,Public order,Investigation complete; no suspect identified,
aa1519a2d699b87a7b33f6275ab63cb509f5852fe5bd55e1d896f726d3bf3aa2,2026-06,Suffolk Constabulary,Suffolk Constabulary,0.972533,52.220310,On or near Mill Fields,E01030056,Mid Suffolk 006B,Violence and sexual offences,Unable to prosecute suspect,
881e13f25d0fb2cfb078012187ee4deaf99e414d7180bc45a006e27ce66abd6e,2026-06,Suffolk Constabulary,Suffolk Constabulary,0.967535,52.220895,On or near Church View,E01030056,Mid Suffolk 006B,Violence and sexual offences,Under investigation,
f27efb7d0d105ffdaf252163be673b88c2773f76c56395070ad614da78da8fcc,2026-06,Suffolk Constabulary,Suffolk Constabulary,0.971471,52.217126,On or near Crawford Avenue,E01030056,Mid Suffolk 006B,Violence and sexual offences,Under investigation,
41cc3ce68a6ccf3ea217882df69a2df3ed973dc27b4184ee6e45e2bea3b2101d,2026-06,Suffolk Constabulary,Suffolk Constabulary,0.972533,52.220310,On or near Mill Fields,E01030056,Mid Suffolk 006B,Violence and sexual offences,Under investigation,
ebb9871ec95d49d35e320d9bef44adffd6f9b84b87b118d47a135cfafc201ae7,2026-06,Suffolk Constabulary,Suffolk Constabulary,0.970790,52.217881,On or near Eve Balfour Way,E01030056,Mid Suffolk 006B,Violence and sexual offences,Unable to prosecute suspect,
b38e29a80b1849c91c4fd9800b8102aa2d20e4c0bf385b9ca232bde3966d47c6,2026-06,Suffolk Constabulary,Suffolk Constabulary,0.965824,52.220047,On or near Auction Yard,E01030056,Mid Suffolk 006B,Violence and sexual offences,Under investigation,
,2026-06,Suffolk Constabulary,Suffolk Constabulary,0.876562,52.216656,On or near Deadmans Lane,E01030065,Mid Suffolk 006C,Anti-social behaviour,,
,2026-06,Suffolk Constabulary,Suffolk Constabulary,0.889615,52.192405,On or near Rising Sun Hill,E01030065,Mid Suffolk 006C,Anti-social behaviour,,
,2026-06,Suffolk Constabulary,Suffolk Constabulary,0.885008,52.169406,On or near Louse Lane,E01030065,Mid Suffolk 006C,Anti-social behaviour,,
d810307565c68bb54717066bec26664f5e4428668b1c0fe9919e300577de2d0c,2026-06,Suffolk Constabulary,Suffolk Constabulary,0.867224,52.206694,On or near Cherry Tree Rise,E01030065,Mid Suffolk 006C,Other theft,Investigation complete; no suspect identified,
5915bd605b710d8a00ae6d3f947ff61a5a54384c1f44925899ea18cbb87de0ea,2026-06,Suffolk Constabulary,Suffolk Constabulary,0.830520,52.230540,On or near Orchard Close,E01030086,Mid Suffolk 006D,Criminal damage and arson,Investigation complete; no suspect identified,
a4bd4e1138f71e197bd4e5e92c44b07b6ab4443bef1250407e1a2547a1ce4368,2026-06,Suffolk Constabulary,Suffolk Constabulary,0.825209,52.228554,On or near Quaker Lane,E01030086,Mid Suffolk 006D,Other theft,Under investigation,
,2026-06,Suffolk Constabulary,Suffolk Constabulary,0.901452,52.225390,On or near Southlands Row,E01030089,Mid Suffolk 006E,Anti-social behaviour,,
,2026-06,Suffolk Constabulary,Suffolk Constabulary,0.892929,52.220446,On or near Lanecroft,E01030089,Mid Suffolk 006E,Anti-social behaviour,,
,2026-06,Suffolk Constabulary,Suffolk Constabulary,0.892929,52.220446,On or near Lanecroft,E01030089,Mid Suffolk 006E,Anti-social behaviour,,
,2026-06,Suffolk Constabulary,Suffolk Constabulary,0.901452,52.225390,On or near Southlands Row,E01030089,Mid Suffolk 006E,Anti-social behaviour,,
,2026-06,Suffolk Constabulary,Suffolk Constabulary,0.882003,52.227189,On or near Wrights Way,E01030089,Mid Suffolk 006E,Anti-social behaviour,,
71e3bbb2ccf6ed646c62839ba3b092c5d0192cf109fd187c621afa86959b857b,2026-06,Suffolk Constabulary,Suffolk Constabulary,0.880835,52.225652,On or near Broomhill Lane,E01030089,Mid Suffolk 006E,Public order,Under investigation,
04b84d02b458f014297f9eb5a14e83d207725b4ae4c31aaf99926b3254d9eb4b,2026-06,Suffolk Constabulary,Suffolk Constabulary,0.898247,52.225208,On or near Old Stowmarket Road,E01030089,Mid Suffolk 006E,Violence and sexual offences,Under investigation,
8bc1e1695f571ae0a6edf648a1f6b846bf3909664d23a4794b3a4f9d6fe2464e,2026-06,Suffolk Constabulary,Suffolk Constabulary,0.893859,52.222815,On or near Heath Road,E01030089,Mid Suffolk 006E,Violence and sexual offences,Under investigation,
5ccd69f4eaf923b503171decc3ce1e78cf010dbf23d569dbf7b403c05a9a7f0e,2026-06,Suffolk Constabulary,Suffolk Constabulary,1.178137,52.227845,On or near The Butts,E01030048,Mid Suffolk 007A,Other theft,Unable to prosecute suspect,
f599e7eaa671c2dedd1ad43cc237817ce5bf03b9d57f3b0805053cca0b56e401,2026-06,Suffolk Constabulary,Suffolk Constabulary,1.173749,52.223413,On or near Sackvylle Street,E01030048,Mid Suffolk 007A,Other theft,Under investigation,
7b837b89f985bdd73280aa6b5245d5ce433bea936073e427d69c091ddc959293,2026-06,Suffolk Constabulary,Suffolk Constabulary,1.180627,52.227230,On or near Aspall Road,E01030048,Mid Suffolk 007A,Public order,Investigation complete; no suspect identified,
ee7e39184fcdac7e4930e03f35ad6de6e08360995ac8c4713e3f085846839dd1,2026-06,Suffolk Constabulary,Suffolk Constabulary,1.173749,52.223413,On or near Sackvylle Street,E01030048,Mid Suffolk 007A,Violence and sexual offences,Under investigation,
944ad4e3de99a0560724138d5c912aa88ff67bfe5c53eee6b769de4f851177da,2026-06,Suffolk Constabulary,Suffolk Constabulary,1.179560,52.221125,On or near Low Road,E01030048,Mid Suffolk 007A,Other crime,Under investigation,
6a59cea29ab5d4e26276ef8bc390d3a926ae4e40cce827986401d35a839c70df,2026-06,Suffolk Constabulary,Suffolk Constabulary,1.204706,52.202852,On or near Parking Area,E01030057,Mid Suffolk 007B,Public order,Unable to prosecute suspect,
408146161a27d53c032735add489d09fdc32904a3345f34ea13c1e11d2ab7cee,2026-06,Suffolk Constabulary,Suffolk Constabulary,1.204706,52.202852,On or near Parking Area,E01030057,Mid Suffolk 007B,Violence and sexual offences,Under investigation,
8726688b9313891c6658e2a29c23c4b1ab858cb4c3a06e21be3119a3aa90edaa,2026-06,Suffolk Constabulary,Suffolk Constabulary,1.204706,52.202852,On or near Parking Area,E01030057,Mid Suffolk 007B,Violence and sexual offences,Under investigation,
99614773aedb3905388de61c6c154e6c6c6a3670b7d103d68d8225bdf1e0af35,2026-06,Suffolk Constabulary,Suffolk Constabulary,1.204706,52.202852,On or near Parking Area,E01030057,Mid Suffolk 007B,Violence and sexual offences,Under investigation,
7e61ce16a71023e15119e85a880cb5b34203f09bd379fe1e6bf123c629446620,2026-06,Suffolk Constabulary,Suffolk Constabulary,1.204706,52.202852,On or near Parking Area,E01030057,Mid Suffolk 007B,Violence and sexual offences,Under investigation,
d62c49a7241cd1cf558fdb76d8564b044de7f62f56a6036b42c479030d5aed6d,2026-06,Suffolk Constabulary,Suffolk Constabulary,1.065078,52.159510,On or near Sally Wood'S Lane,E01030083,Mid Suffolk 007C,Criminal damage and arson,Under investigation,
6b69a877b32af430bde60457be1b24ae4d5ecc0bf7a62c76304dc0ebc24baaed,2026-06,Suffolk Constabulary,Suffolk Constabulary,1.069678,52.198261,On or near Haggars Mead,E01030083,Mid Suffolk 007C,Public order,Under investigation,
9a187615c96558c7b1aa588832c97789cba54ef630c3c7bba4d0c93f420f99e0,2026-06,Suffolk Constabulary,Suffolk Constabulary,1.059511,52.160428,On or near Flordon Road,E01030083,Mid Suffolk 007C,Violence and sexual offences,Under investigation,
8b252240b3663089f880ceaae821be36176b2e9968bae74af7bda3038a4d1d60,2026-06,Suffolk Constabulary,Suffolk Constabulary,1.059511,52.160428,On or near Flordon Road,E01030083,Mid Suffolk 007C,Violence and sexual offences,Under investigation,
4e1ebd8af7c99d07fc2beda52b41fcf18209c1eaa0e703596f3b4239c6630122,2026-06,Suffolk Constabulary,Suffolk Constabulary,1.069325,52.212039,On or near Larters Lane,E01030083,Mid Suffolk 007C,Other crime,Under investigation,
3f2422e8b26be6abc98718162f07b61750912d8fa46dbfe2a0141eaba30f839f,2026-06,Suffolk Constabulary,Suffolk Constabulary,1.114530,52.255039,On or near Hockey Hill,E01030087,Mid Suffolk 007D,Criminal damage and arson,Investigation complete; no suspect identified,
dfe952ca060113a0474eb3e85253b9f9aab3d4b2148bc07d9e1d948d5194583d,2026-06,Suffolk Constabulary,Suffolk Constabulary,1.102675,52.260721,On or near Griffin Lane,E01030087,Mid Suffolk 007D,Public order,Investigation complete; no suspect identified,
ec939763f684bd2dca3b077015ccf4551b41c70fdc42cfc2228e589ba211ee37,2026-06,Suffolk Constabulary,Suffolk Constabulary,1.114966,52.259165,On or near Church Street,E01030087,Mid Suffolk 007D,Violence and sexual offences,Action to be taken by another organisation,
2ce48670607714818283ebfd9961e2444630af63cb4f16c98c9fa2384b46153f,2026-06,Suffolk Constabulary,Suffolk Constabulary,0.988409,52.191355,On or near Kent Road,E01030073,Mid Suffolk 008A,Drugs,Under investigation,
8e684f99244053cf40a0e2824b58ce1f79c58adf0696f2f40f23ac8b42843851,2026-06,Suffolk Constabulary,Suffolk Constabulary,0.988867,52.185318,On or near Viking Road,E01030073,Mid Suffolk 008A,Other theft,Under investigation,
a3e31013b547e65302609217dd0a42347a002f377fc5c7be22afff7c72013992,2026-06,Suffolk Constabulary,Suffolk Constabulary,0.987677,52.190042,On or near Recreation Road,E01030073,Mid Suffolk 008A,Public order,Under investigation,
d5fbdf050c1794248a3170bea388bfc0067069be6460a6e1dcad6bbe124b764f,2026-06,Suffolk Constabulary,Suffolk Constabulary,0.988409,52.191355,On or near Kent Road,E01030073,Mid Suffolk 008A,Shoplifting,Under investigation,
e5b4cb33b82c149603c8c6f1fd59377736f3f4d230898fa81ce0fff333fdcf48,2026-06,Suffolk Constabulary,Suffolk Constabulary,0.987677,52.190042,On or near Recreation Road,E01030073,Mid Suffolk 008A,Violence and sexual offences,Investigation complete; no suspect identified,
216e4c69648e5c2c8bb68e979436c26b469bb4737385d82638546209125d751b,2026-06,Suffolk Constabulary,Suffolk Constabulary,0.987492,52.190991,On or near Curwen Road,E01030073,Mid Suffolk 008A,Violence and sexual offences,Under investigation,
92f294d5f10e610b2107b9f56e171d9d06636ff97221834a9a0634eddada6e82,2026-06,Suffolk Constabulary,Suffolk Constabulary,0.985846,52.191977,On or near Lydgate Road,E01030073,Mid Suffolk 008A,Violence and sexual offences,Unable to prosecute suspect,
55ea333895f6bd8c387af55ec05289b8666d896f3e23508f2f612f0abb193397,2026-06,Suffolk Constabulary,Suffolk Constabulary,0.988409,52.191355,On or near Kent Road,E01030073,Mid Suffolk 008A,Violence and sexual offences,Unable to prosecute suspect,
8c2b9d884906f059b5fdc1e01071ada58d8836530e8a98c2b3dd568db3befa74,2026-06,Suffolk Constabulary,Suffolk Constabulary,0.985846,52.191977,On or near Lydgate Road,E01030073,Mid Suffolk 008A,Violence and sexual offences,Under investigation,
9621c4f3c8fb981b3fc6493167c97fbea330a2fab5acdaee2156aa7ca150a4c4,2026-06,Suffolk Constabulary,Suffolk Constabulary,0.990973,52.189221,On or near Childer Road,E01030077,Mid Suffolk 008B,Criminal damage and arson,Under investigation,
29ec501f2306fac0c8524a2444f8968eedf0460e1278646e4e84a8bd788ad6f3,2026-06,Suffolk Constabulary,Suffolk Constabulary,0.986615,52.192525,On or near English Close,E01030077,Mid Suffolk 008B,Drugs,Local resolution,
91b07bdc33a53e53866d8595abb3fdda8062d328a3cba10fcfd1dcc0190e132f,2026-06,Suffolk Constabulary,Suffolk Constabulary,0.990973,52.189221,On or near Childer Road,E01030077,Mid Suffolk 008B,Other theft,Under investigation,
dcd40b8053a869fc9eb30e7126131c778b33815fbdddad6294cfd1f74fe9fdf2,2026-06,Suffolk Constabulary,Suffolk Constabulary,0.991141,52.194775,On or near Cherry Tree Road,E01030077,Mid Suffolk 008B,Public order,Under investigation,
40d2603e95b9edbd78a5d96546e1823260fad2edcb3e50f6ef1c82903fca317b,2026-06,Suffolk Constabulary,Suffolk Constabulary,0.984941,52.195715,On or near Delius Close,E01030077,Mid Suffolk 008B,Violence and sexual offences,Unable to prosecute suspect,
0b8c309b7e9e4c9687eb9234952b20317f62f76235b12457937d06337d48b0fe,2026-06,Suffolk Constabulary,Suffolk Constabulary,0.986615,52.192525,On or near English Close,E01030077,Mid Suffolk 008B,Violence and sexual offences,Action to be taken by another organisation,
a12da8e8e33fba591db0a34e8eefb2f49877a10c6d68bc1b13c536a3b01366e7,2026-06,Suffolk Constabulary,Suffolk Constabulary,0.990059,52.192608,On or near Police Station,E01030077,Mid Suffolk 008B,Violence and sexual offences,Under investigation,
262596d3cc79b35a8f0d0c4acb753d27e8aff373491016ffd6132723a8daf320,2026-06,Suffolk Constabulary,Suffolk Constabulary,0.990059,52.192608,On or near Police Station,E01030077,Mid Suffolk 008B,Violence and sexual offences,Action to be taken by another organisation,
eb9e3929b9cbd78aac5ccecb24f5c145eab92e57875e4b83d96eb6efe6046453,2026-06,Suffolk Constabulary,Suffolk Constabulary,0.991992,52.191318,On or near Violet Hill Road,E01030077,Mid Suffolk 008B,Violence and sexual offences,Unable to prosecute suspect,
9070a3e41fa43035d96aa4ab7de73271a2b3bb248ada6360ae131638e2ca581b,2026-06,Suffolk Constabulary,Suffolk Constabulary,0.991141,52.194775,On or near Cherry Tree Road,E01030077,Mid Suffolk 008B,Violence and sexual offences,Under investigation,
f86b909a3387ed95f8babd340a30e8e6b136bdd6a3ce73eefa0b5b02f1d81c21,2026-06,Suffolk Constabulary,Suffolk Constabulary,0.995688,52.175126,On or near Hillside,E01030079,Mid Suffolk 008C,Criminal damage and arson,Under investigation,
14b8487b1003ce07d9b0065c7a3f480c9d632616d5570955839befb75e85b808,2026-06,Suffolk Constabulary,Suffolk Constabulary,0.993679,52.173747,On or near Combs Wood Drive,E01030079,Mid Suffolk 008C,Drugs,Under investigation,
99abe1892bc961c6ec2d6ff4522ef50ad7de8a2cbc0d2ed62cb47590d3747fee,2026-06,Suffolk Constabulary,Suffolk Constabulary,0.993679,52.173747,On or near Combs Wood Drive,E01030079,Mid Suffolk 008C,Other theft,Unable to prosecute suspect,
4faa10c0353a021e9339cc8c068ef95cc6ff2c0d624e1693509476045fdfa2d4,2026-06,Suffolk Constabulary,Suffolk Constabulary,0.989291,52.175711,On or near Verneuil Avenue,E01030079,Mid Suffolk 008C,Violence and sexual offences,Under investigation,
fd552638e378ef7090946cb129b0fad6fef88ed0b8ec92dfdb9e09f87dd58816,2026-06,Suffolk Constabulary,Suffolk Constabulary,0.988613,52.175638,On or near The Twinnings,E01030079,Mid Suffolk 008C,Violence and sexual offences,Unable to prosecute suspect,
aedf6ffe515a4a32bce9afcf7794a2982c3253e1c180caf8e9d3479eb930c47c,2026-06,Suffolk Constabulary,Suffolk Constabulary,0.988613,52.175638,On or near The Twinnings,E01030079,Mid Suffolk 008C,Violence and sexual offences,Local resolution,
b00ceb072a2db562b637ac5baea2eef20e3a7e56b85150eb3b0dc5e283a2f877,2026-06,Suffolk Constabulary,Suffolk Constabulary,0.989291,52.175711,On or near Verneuil Avenue,E01030079,Mid Suffolk 008C,Violence and sexual offences,Action to be taken by another organisation,
8a47eb3ef13770df3cb4152d742da56c90b16e6a4c08c05be15893d6a9d4309f,2026-06,Suffolk Constabulary,Suffolk Constabulary,0.988613,52.175638,On or near The Twinnings,E01030079,Mid Suffolk 008C,Violence and sexual offences,Unable to prosecute suspect,
ee8b6fb202bf1a7742d3025885f1f49131d588fe82c17c4ea995a4e3b576d02e,2026-06,Suffolk Constabulary,Suffolk Constabulary,0.992309,52.176219,On or near Hill Rise,E01030079,Mid Suffolk 008C,Violence and sexual offences,Under investigation,
50dbcd1a1cf1019ce80e6bf8460f6a7664a14c3ecfba86d2dc668ff883d2abe8,2026-06,Suffolk Constabulary,Suffolk Constabulary,0.988613,52.175638,On or near The Twinnings,E01030079,Mid Suffolk 008C,Violence and sexual offences,Under investigation,
12998d27e88e457159944dc5cbefc8d909c011f7a9cf4ea3d3f92f0ec56acce8,2026-06,Suffolk Constabulary,Suffolk Constabulary,0.991595,52.173863,On or near Church Road,E01030079,Mid Suffolk 008C,Violence and sexual offences,Under investigation,
15f658b0756f1141c34e66dadc9f82caae0ae429ac8b6b46210947907ca7df99,2026-06,Suffolk Constabulary,Suffolk Constabulary,0.993679,52.173747,On or near Combs Wood Drive,E01030079,Mid Suffolk 008C,Violence and sexual offences,Under investigation,
953f012bab4c7d2f3df7a792c9e930f961ae3067e3bb7e5fb00f0579950164e1,2026-06,Suffolk Constabulary,Suffolk Constabulary,0.988613,52.175638,On or near The Twinnings,E01030079,Mid Suffolk 008C,Violence and sexual offences,Under investigation,
d1c85ff071805db30b900c844061445dc1b442a45a4e9813337142bd3943a6a8,2026-06,Suffolk Constabulary,Suffolk Constabulary,0.989291,52.175711,On or near Verneuil Avenue,E01030079,Mid Suffolk 008C,Violence and sexual offences,Under investigation,
a033667ff5805bb4d0b9479c145fa51ba0da81fa949239b84adcdaf775571a5c,2026-06,Suffolk Constabulary,Suffolk Constabulary,0.989291,52.175711,On or near Verneuil Avenue,E01030079,Mid Suffolk 008C,Violence and sexual offences,Unable to prosecute suspect,
dd583caf9e19aa98db702582011b23b23332587a60482a55884c17a22bbad758,2026-06,Suffolk Constabulary,Suffolk Constabulary,0.989291,52.175711,On or near Verneuil Avenue,E01030079,Mid Suffolk 008C,Violence and sexual offences,Under investigation,
2c5b51a0155f4e49311a24045569b9dafdf52e77a766c731f731a877f14cd01b,2026-06,Suffolk Constabulary,Suffolk Constabulary,0.989291,52.175711,On or near Verneuil Avenue,E01030079,Mid Suffolk 008C,Violence and sexual offences,Under investigation,
07d3ad37bb23ffe2308610629c1447d24f04dc93a189a95194355af915e62e2f,2026-06,Suffolk Constabulary,Suffolk Constabulary,0.993679,52.173747,On or near Combs Wood Drive,E01030079,Mid Suffolk 008C,Violence and sexual offences,Under investigation,
521fde2ebf24236244f36d18aa036df3abaf0b28b239775a1a4c285792424898,2026-06,Suffolk Constabulary,Suffolk Constabulary,0.988613,52.175638,On or near The Twinnings,E01030079,Mid Suffolk 008C,Violence and sexual offences,Under investigation,
25f5106178fb1b1899293f89b321ba53f649e625ad5b16d7fe184739af8916f8,2026-06,Suffolk Constabulary,Suffolk Constabulary,0.988613,52.175638,On or near The Twinnings,E01030079,Mid Suffolk 008C,Violence and sexual offences,Under investigation,
dc4d0fe58d5010334f25b68df6577f2279fef91575e436e53f2cb636d6a3d02e,2026-06,Suffolk Constabulary,Suffolk Constabulary,0.989291,52.175711,On or near Verneuil Avenue,E01030079,Mid Suffolk 008C,Violence and sexual offences,Unable to prosecute suspect,
6293a082f55c00852abc59979cfc1b1ecbee54ebf5d76e58495e5939eded58c0,2026-06,Suffolk Constabulary,Suffolk Constabulary,0.989291,52.175711,On or near Verneuil Avenue,E01030079,Mid Suffolk 008C,Violence and sexual offences,Unable to prosecute suspect,
bc392c6f266872fb77cb1bf6e323324737662618ab1230c9071ea80eb98eea42,2026-06,Suffolk Constabulary,Suffolk Constabulary,0.989291,52.175711,On or near Verneuil Avenue,E01030079,Mid Suffolk 008C,Violence and sexual offences,Under investigation,
fca70b1816a249d602d47e8175b3d8ff6a8f1d657bcce1360740f19f2210fc6d,2026-06,Suffolk Constabulary,Suffolk Constabulary,0.989291,52.175711,On or near Verneuil Avenue,E01030079,Mid Suffolk 008C,Violence and sexual offences,Under investigation,
dc469603460c6b95a11a6311c329670d0de22215a8ac87761ec5d6d8c89d1e1c,2026-06,Suffolk Constabulary,Suffolk Constabulary,0.995914,52.175876,On or near Fenn Close,E01030079,Mid Suffolk 008C,Violence and sexual offences,Under investigation,
223ad47f084e6cc2a51ee281c6dd40102709971fb16e2acb97c70b870b9fdbb9,2026-06,Suffolk Constabulary,Suffolk Constabulary,0.995688,52.175126,On or near Hillside,E01030079,Mid Suffolk 008C,Violence and sexual offences,Under investigation,
62d6a9e02424a15e3dc56af295de3031ae4031fcb876aacd6fb788ca54c64196,2026-06,Suffolk Constabulary,Suffolk Constabulary,0.993679,52.173747,On or near Combs Wood Drive,E01030079,Mid Suffolk 008C,Violence and sexual offences,Under investigation,
bbeb2c9a412750c41c366af9dec6384d76017dc3056f48de1efeeb58a6df2c7a,2026-06,Suffolk Constabulary,Suffolk Constabulary,0.988613,52.175638,On or near The Twinnings,E01030079,Mid Suffolk 008C,Violence and sexual offences,Under investigation,
fc23454a1c4d71010aec52b44cf6b5475483d49b76f551978d3605e47fba2cd4,2026-06,Suffolk Constabulary,Suffolk Constabulary,0.995688,52.175126,On or near Hillside,E01030079,Mid Suffolk 008C,Violence and sexual offences,Under investigation,
715bfa59d2c4f90e48630ff93911d9540aa73eb4e38f28c6acd84e725b059665,2026-06,Suffolk Constabulary,Suffolk Constabulary,0.995688,52.175126,On or near Hillside,E01030079,Mid Suffolk 008C,Violence and sexual offences,Under investigation,
439afb80869cd7452981705c57d53f8de59dbdd5d40ed148af57fd07e2f25c98,2026-06,Suffolk Constabulary,Suffolk Constabulary,0.989291,52.175711,On or near Verneuil Avenue,E01030079,Mid Suffolk 008C,Other crime,Under investigation,
541e7bea44c5fa687834a1a41be7e4f2df1d4003308438539516e9fc4c3ad7a2,2026-06,Suffolk Constabulary,Suffolk Constabulary,0.992877,52.175530,On or near Poplar Hill,E01030079,Mid Suffolk 008C,Other crime,Under investigation,
9eb9995472da1bc5f70e610d93c703048a827f5114bfc1b3bc6c52eedcf902a9,2026-06,Suffolk Constabulary,Suffolk Constabulary,0.988613,52.175638,On or near The Twinnings,E01030079,Mid Suffolk 008C,Other crime,Unable to prosecute suspect,
b8a4997c38f64e237b9edbe4d75f045bb64adfbce35a95b00295a7898eb1016e,2026-06,Suffolk Constabulary,Suffolk Constabulary,0.997573,52.177488,On or near School Meadow,E01030080,Mid Suffolk 008D,Drugs,Under investigation,
4c8f2768dc487e71ce7343c2be069076b995252262777c2bb63750a92bb72f51,2026-06,Suffolk Constabulary,Suffolk Constabulary,0.997041,52.180253,On or near Supermarket,E01030080,Mid Suffolk 008D,Public order,Under investigation,
18f80874cf53ca560bf055e2a6cff247afc06ac53b16b2cf0bc9cc815f823319,2026-06,Suffolk Constabulary,Suffolk Constabulary,0.988454,52.178943,On or near Campion Crescent,E01030080,Mid Suffolk 008D,Public order,Under investigation,
1d0724090d88248a3b2714c3921fed1910647242db6b50468f55e86fca0d04c2,2026-06,Suffolk Constabulary,Suffolk Constabulary,0.998455,52.180461,On or near Petrol Station,E01030080,Mid Suffolk 008D,Shoplifting,Local resolution,
a0d22cc429e05808bac8fc6d9515b77169184a77413adc404bf3fd616ff9a333,2026-06,Suffolk Constabulary,Suffolk Constabulary,0.997041,52.180253,On or near Supermarket,E01030080,Mid Suffolk 008D,Shoplifting,Under investigation,
aded90c2b2a1d527b00b0db3a255b1f3dc0046549714b1ee0f9fc32f0e03eca9,2026-06,Suffolk Constabulary,Suffolk Constabulary,0.998455,52.180461,On or near Petrol Station,E01030080,Mid Suffolk 008D,Shoplifting,Under investigation,
2a66702f838ea5db5c5177fd35e56f323c42cffcbf056b4989ebed8407d17de1,2026-06,Suffolk Constabulary,Suffolk Constabulary,0.997041,52.180253,On or near Supermarket,E01030080,Mid Suffolk 008D,Violence and sexual offences,Under investigation,
4f0830718269f4d86febabc4322427df803597935530d4291ed60fb866f53978,2026-06,Suffolk Constabulary,Suffolk Constabulary,0.991203,52.177389,On or near Wayside Close,E01030080,Mid Suffolk 008D,Violence and sexual offences,Under investigation,
83ce92fcde907799fa006524df0b9f8498c7a873115caf3a31b0d9333bbc229a,2026-06,Suffolk Constabulary,Suffolk Constabulary,0.997573,52.177488,On or near School Meadow,E01030080,Mid Suffolk 008D,Violence and sexual offences,Action to be taken by another organisation,
8b9a36ed82f381ff9fb3cd1928b27c7bcf4e64470b0ffe3af4ff68726e3fd7b9,2026-06,Suffolk Constabulary,Suffolk Constabulary,0.995451,52.178352,On or near Edgar Avenue,E01030080,Mid Suffolk 008D,Other crime,Under investigation,
75e5c74a15f277c46cf54a6eb084ecf9188c76d030cec3704589ebe9057d2c54,2026-06,Suffolk Constabulary,Suffolk Constabulary,0.999682,52.178172,On or near Ford View Road,E01030080,Mid Suffolk 008D,Other crime,Under investigation,
,2026-06,Suffolk Constabulary,Suffolk Constabulary,0.973315,52.198913,On or near Golding Way,E01030063,Mid Suffolk 009A,Anti-social behaviour,,
,2026-06,Suffolk Constabulary,Suffolk Constabulary,0.965372,52.190632,On or near Starhouse Lane,E01030063,Mid Suffolk 009A,Anti-social behaviour,,
af9f8c7fa1329dcf70598e7d7e1d6f0fe90b01fbd0ef7dde4d2712ee57718819,2026-06,Suffolk Constabulary,Suffolk Constabulary,0.965372,52.190632,On or near Starhouse Lane,E01030063,Mid Suffolk 009A,Criminal damage and arson,Under investigation,
911d7273d3fb592c0d72fb68da8eb2f9e7a11a28059621a26e3b340df713d508,2026-06,Suffolk Constabulary,Suffolk Constabulary,0.946930,52.200295,On or near Forest Road,E01030063,Mid Suffolk 009A,Criminal damage and arson,Under investigation,
1ffcf6d57c6f5c56cbca3a519d457e2427b8767ad6911ed6676fc294f2aea7e2,2026-06,Suffolk Constabulary,Suffolk Constabulary,0.965372,52.190632,On or near Starhouse Lane,E01030063,Mid Suffolk 009A,Criminal damage and arson,Under investigation,
d9b9723e3c367ec193defa6d0e78cc5742bf1ecad77cfe10ced4abb7c5bcb354,2026-06,Suffolk Constabulary,Suffolk Constabulary,0.965372,52.190632,On or near Starhouse Lane,E01030063,Mid Suffolk 009A,Criminal damage and arson,Under investigation,
67f23a1b4cd0e72e3408d56000878ccac7c5e726b4ece7d33fa8c18b98ed8d07,2026-06,Suffolk Constabulary,Suffolk Constabulary,0.946998,52.178988,On or near Valley Lane,E01030063,Mid Suffolk 009A,Other theft,Under investigation,
4ffabf4163e4b9420a3ec1a36c81211abac59751333eeb590fd9e6a9ded7d747,2026-06,Suffolk Constabulary,Suffolk Constabulary,0.969663,52.191559,On or near Onehouse Way,E01030063,Mid Suffolk 009A,Public order,Under investigation,
9ce0c330e77f72734cb48bdd893337eb6e423e90092e488493fb8b47ec1a963c,2026-06,Suffolk Constabulary,Suffolk Constabulary,0.965372,52.190632,On or near Starhouse Lane,E01030063,Mid Suffolk 009A,Public order,Under investigation,
dd116582d7a62f7777e8887b5f41237cb36abfd20911ef4b4c4e1e5b2b73f622,2026-06,Suffolk Constabulary,Suffolk Constabulary,0.961333,52.197677,On or near Northfield Road,E01030063,Mid Suffolk 009A,Violence and sexual offences,Under investigation,
c529e41dcdf1665e3d64314ceae4522ef6b9a714d054e23163b93521052a2a73,2026-06,Suffolk Constabulary,Suffolk Constabulary,0.970315,52.191911,On or near Drury Close,E01030063,Mid Suffolk 009A,Violence and sexual offences,Under investigation,
91ee85251c64fb44eb567c8c58198731e38792a8f354b7a1844607158192a51d,2026-06,Suffolk Constabulary,Suffolk Constabulary,0.946262,52.191094,On or near Lower Road,E01030063,Mid Suffolk 009A,Violence and sexual offences,Unable to prosecute suspect,
0cc7dad9df57833158fcf4b30496315128e7c7a9f53983057cdfea9e02f76511,2026-06,Suffolk Constabulary,Suffolk Constabulary,0.973950,52.199662,On or near Keyes Close,E01030063,Mid Suffolk 009A,Violence and sexual offences,Under investigation,
8a2f0a2afd39a87e5f8fe85576ce4eab04df730d515b0f886a8cac997527f998,2026-06,Suffolk Constabulary,Suffolk Constabulary,0.973950,52.199662,On or near Keyes Close,E01030063,Mid Suffolk 009A,Other crime,Under investigation,
949d28dc0ea5592ed19e157206c1f718d4ba783ba16c909a610c5c03b10c1694,2026-06,Suffolk Constabulary,Suffolk Constabulary,0.982077,52.146818,On or near Straight Road,E01030069,Mid Suffolk 009B,Criminal damage and arson,Under investigation,
5c815f42789b8cd20b12249b277cbdaec3c311931cd188c8f03e71182c0cdcd0,2026-06,Suffolk Constabulary,Suffolk Constabulary,0.986471,52.169649,On or near Morgan Meadow,E01030069,Mid Suffolk 009B,Violence and sexual offences,Unable to prosecute suspect,
73f94ae14dc276fa97fa1ba573018f25165308205895868bdcb1c03a03d56268,2026-06,Suffolk Constabulary,Suffolk Constabulary,0.954366,52.146257,On or near Mill Road,E01030069,Mid Suffolk 009B,Other crime,Under investigation,
32d395f447f44baab9131c58f76f4fb6c7200cb82f1cc8d3944b1eaa38198309,2026-06,Suffolk Constabulary,Suffolk Constabulary,0.975708,52.189608,On or near Swan Close,E01030072,Mid Suffolk 009C,Vehicle crime,Investigation complete; no suspect identified,
6bfb442343bb9ab5d851a3cca08848eeb75d106ccde881132246bd9ccd10d980,2026-06,Suffolk Constabulary,Suffolk Constabulary,0.980633,52.190832,On or near Cavendish Road,E01030072,Mid Suffolk 009C,Violence and sexual offences,Under investigation,
6fda2aa4bc023c841db6ad55ac6c74fd1e22a0151e687cde94efd60c5d0be48e,2026-06,Suffolk Constabulary,Suffolk Constabulary,0.981732,52.200688,On or near Sorley Road,E01030075,Mid Suffolk 009D,Public order,Under investigation,
,2026-06,Suffolk Constabulary,Suffolk Constabulary,1.045353,52.156532,On or near Hurstlea Road,E01030060,Mid Suffolk 010A,Anti-social behaviour,,
d6b8e8120fc74dcf6bbe9fd157246320765e2eb6740bf74c7549db03d3cfa7d1,2026-06,Suffolk Constabulary,Suffolk Constabulary,1.045398,52.160407,On or near Gipsy Lane,E01030060,Mid Suffolk 010A,Criminal damage and arson,Further action is not in the public interest,
69859a8a2e170a635a73d485d7d4a85abde6f5a1d8b9d6372cdaa7215a99ae57,2026-06,Suffolk Constabulary,Suffolk Constabulary,1.042310,52.157150,On or near Anderson Close,E01030060,Mid Suffolk 010A,Criminal damage and arson,Investigation complete; no suspect identified,
39da5da6052a4da5ff22e812da5695fdb0ad5113d52b73d8050923a2ca3611dc,2026-06,Suffolk Constabulary,Suffolk Constabulary,1.045398,52.160407,On or near Gipsy Lane,E01030060,Mid Suffolk 010A,Other theft,Under investigation,
02108ad683a21540e08c0cc2882c0d2210845436b3522a3443e81f436894acdc,2026-06,Suffolk Constabulary,Suffolk Constabulary,1.044020,52.158859,On or near Steggall Close,E01030060,Mid Suffolk 010A,Public order,Under investigation,
bbc3ade1e272c73fadca6db58f270b9e5d3cd5887f6ba307fac2d2673c201409,2026-06,Suffolk Constabulary,Suffolk Constabulary,1.046885,52.156915,On or near Cedar Walk,E01030060,Mid Suffolk 010A,Shoplifting,Under investigation,
66cc4801f252a2ffcbed9b9c88cc65ca039092b564e0939a159f59dde4f2e472,2026-06,Suffolk Constabulary,Suffolk Constabulary,1.034364,52.164801,On or near Stowmarket Road,E01030060,Mid Suffolk 010A,Violence and sexual offences,Local resolution,
59dee5ff8cd01c80f99fec5f57cd62f47d71b4fc609b017ff8c1ebc459e88437,2026-06,Suffolk Constabulary,Suffolk Constabulary,1.046885,52.156915,On or near Cedar Walk,E01030060,Mid Suffolk 010A,Violence and sexual offences,Under investigation,
eeeeb5c77bcb50fb30379bb7faac5dfbdbfa1c1ce11aa4df80bd45919cd0a0ac,2026-06,Suffolk Constabulary,Suffolk Constabulary,1.045398,52.160407,On or near Gipsy Lane,E01030060,Mid Suffolk 010A,Violence and sexual offences,Under investigation,
8ecf790e41f94086a194354c3c39954529730415b552c8ede51fe420a6ac7188,2026-06,Suffolk Constabulary,Suffolk Constabulary,1.041168,52.158205,On or near Meadow View,E01030060,Mid Suffolk 010A,Other crime,Unable to prosecute suspect,
049366c342727764e54e2fea5e0738740e35e274ed362fc85a0307aa4e381f33,2026-06,Suffolk Constabulary,Suffolk Constabulary,1.041168,52.158205,On or near Meadow View,E01030060,Mid Suffolk 010A,Other crime,Awaiting court outcome,
4303340e8b22830036300405757d95c76f0e98c8eab5bb9a91c27e0e24e5e72e,2026-06,Suffolk Constabulary,Suffolk Constabulary,1.034364,52.164801,On or near Stowmarket Road,E01030060,Mid Suffolk 010A,Other crime,Under investigation,
,2026-06,Suffolk Constabulary,Suffolk Constabulary,1.000717,52.182463,On or near Bridge Street,E01030071,Mid Suffolk 010B,Anti-social behaviour,,
,2026-06,Suffolk Constabulary,Suffolk Constabulary,0.995508,52.186588,On or near Marriott'S Walk,E01030071,Mid Suffolk 010B,Anti-social behaviour,,
,2026-06,Suffolk Constabulary,Suffolk Constabulary,1.000342,52.189064,On or near Stowmarket,E01030071,Mid Suffolk 010B,Anti-social behaviour,,
2afb107530fe31ea313e14cb75d7ce08bf0eaab73fde7427f7b3be40196b7653,2026-06,Suffolk Constabulary,Suffolk Constabulary,0.995508,52.186588,On or near Marriott'S Walk,E01030071,Mid Suffolk 010B,Drugs,Local resolution,
08a45b2cbddc7b99837f78ae300ec01384c39cfe98d981532a616c4713a40a40,2026-06,Suffolk Constabulary,Suffolk Constabulary,1.003157,52.182409,On or near Bridge Street,E01030071,Mid Suffolk 010B,Possession of weapons,Under investigation,
305cb479944d87f0f01422b3d86ea6a2b36ed98ff24bd8a8cf5f639b3cf82991,2026-06,Suffolk Constabulary,Suffolk Constabulary,0.997659,52.187460,On or near Fox Court,E01030071,Mid Suffolk 010B,Public order,Under investigation,
964c84ee750adfa1f528ef51d6e53a6f0e53b5ae0c8466878fbbe19cc3ab41f5,2026-06,Suffolk Constabulary,Suffolk Constabulary,0.996325,52.188519,On or near Station Road West,E01030071,Mid Suffolk 010B,Public order,Investigation complete; no suspect identified,
9594903cfb2d4563c55610e6205758c9664041fe1d9e6cb1ed49a6af64fafc6e,2026-06,Suffolk Constabulary,Suffolk Constabulary,0.998883,52.186727,On or near Milton Road South,E01030071,Mid Suffolk 010B,Public order,Under investigation,
e532627c40286ec83d1c6b6ecabed7e5917accc8e4205b9e2a6360339c9f1c5f,2026-06,Suffolk Constabulary,Suffolk Constabulary,0.995009,52.187446,On or near Crowe Street,E01030071,Mid Suffolk 010B,Shoplifting,Investigation complete; no suspect identified,
818dc34220277f8cd5ac2086a792a2ac1c37b6f24f460dcee9c0fd3fd4833f86,2026-06,Suffolk Constabulary,Suffolk Constabulary,1.000560,52.186001,On or near Gipping Way,E01030071,Mid Suffolk 010B,Shoplifting,Under investigation,
92ba6ac3299f5ccee969086df07583bd0e5658ffd76e21172c5acdc86de63d80,2026-06,Suffolk Constabulary,Suffolk Constabulary,0.995009,52.187446,On or near Crowe Street,E01030071,Mid Suffolk 010B,Shoplifting,Under investigation,
e183bd15fe8f2adad85e97d42fe4341f2eba9dcfa25fabc47226d4f6dbd229ba,2026-06,Suffolk Constabulary,Suffolk Constabulary,0.995009,52.187446,On or near Crowe Street,E01030071,Mid Suffolk 010B,Shoplifting,Investigation complete; no suspect identified,
47385a20bf8159121b59b3eec7704aafa138b8259b88b8f828309ce48416f1c1,2026-06,Suffolk Constabulary,Suffolk Constabulary,0.997659,52.187460,On or near Fox Court,E01030071,Mid Suffolk 010B,Shoplifting,Under investigation,
1fc8b8a006634135ea1f0f3e68aacd0225e6c6fcf283bf319aaf8849dbb5960b,2026-06,Suffolk Constabulary,Suffolk Constabulary,0.995009,52.187446,On or near Crowe Street,E01030071,Mid Suffolk 010B,Shoplifting,Investigation complete; no suspect identified,
fb12120474fffda9518c8dc7948d07e8f5a7507b2b16aca51542e05c354a1eaa,2026-06,Suffolk Constabulary,Suffolk Constabulary,0.995812,52.187736,On or near Theatre/Concert Hall,E01030071,Mid Suffolk 010B,Shoplifting,Under investigation,
573a9e502c282bac33afc775109db2ed1dff72d717eed556ac81a6d3b7109f99,2026-06,Suffolk Constabulary,Suffolk Constabulary,0.999771,52.186660,On or near A1308,E01030071,Mid Suffolk 010B,Shoplifting,Awaiting court outcome,
ce83ca8d868861a6e4f5b68170247b069b7c79453eee51a264995faacee99b21,2026-06,Suffolk Constabulary,Suffolk Constabulary,0.995812,52.187736,On or near Theatre/Concert Hall,E01030071,Mid Suffolk 010B,Shoplifting,Under investigation,
278980b9c0946938742cef354cc7cd770fa6e140c9007d0d3f5e44e98d57b876,2026-06,Suffolk Constabulary,Suffolk Constabulary,1.000560,52.186001,On or near Gipping Way,E01030071,Mid Suffolk 010B,Shoplifting,Under investigation,
3596e7ef5e3b67adec3359c9ac33f2753b3e95f73e715d6e99fef6b30c7dc2c7,2026-06,Suffolk Constabulary,Suffolk Constabulary,0.997659,52.187460,On or near Fox Court,E01030071,Mid Suffolk 010B,Shoplifting,Investigation complete; no suspect identified,
94c912cd78f116e7f726ecf19d64fd37e183678387e3c9c5dcc9cadc5a5b3f26,2026-06,Suffolk Constabulary,Suffolk Constabulary,0.995009,52.187446,On or near Crowe Street,E01030071,Mid Suffolk 010B,Shoplifting,Under investigation,
3cf4122c263324fe104182cd813d8e0cda5dbd4c06f15bd55c1d9584da22a837,2026-06,Suffolk Constabulary,Suffolk Constabulary,0.999584,52.186287,On or near Parking Area,E01030071,Mid Suffolk 010B,Vehicle crime,Under investigation,
200bec40f086c3ecbcb2a4d3be7d960daf64a83ce9b476f54807f526976a6698,2026-06,Suffolk Constabulary,Suffolk Constabulary,0.994599,52.188311,On or near Tavern Street,E01030071,Mid Suffolk 010B,Violence and sexual offences,Under investigation,
119d9647c11cbc9768b1352c9f9ca63b16da4f0f1cc4bbc12b2feecc932cf60d,2026-06,Suffolk Constabulary,Suffolk Constabulary,0.995508,52.186588,On or near Marriott'S Walk,E01030071,Mid Suffolk 010B,Violence and sexual offences,Under investigation,
9efa9e2165e57c07b1c094fd0a58e65df70ce8c4df07202bf5ca1d7675f69d55,2026-06,Suffolk Constabulary,Suffolk Constabulary,1.000548,52.184301,On or near Hollingsworth Road,E01030071,Mid Suffolk 010B,Violence and sexual offences,Under investigation,
19b0785e673f84c03fb5940505210aa50b60a6225af853b7e508b96c18ef21d9,2026-06,Suffolk Constabulary,Suffolk Constabulary,0.998586,52.185359,On or near Parking Area,E01030071,Mid Suffolk 010B,Violence and sexual offences,Under investigation,
5cef46b74c225b2f8e2a8bc69bd788d54074604cdb81e177a109ab4a0f1992b0,2026-06,Suffolk Constabulary,Suffolk Constabulary,0.995009,52.187446,On or near Crowe Street,E01030071,Mid Suffolk 010B,Violence and sexual offences,Unable to prosecute suspect,
8500df59ffe6c14d9be5b8350ddce6380d38cf4e4ef875a21200312dada23483,2026-06,Suffolk Constabulary,Suffolk Constabulary,0.999296,52.182436,On or near Ipswich Road,E01030071,Mid Suffolk 010B,Violence and sexual offences,Unable to prosecute suspect,
edc2124c8564eb7f8dc4860924dbc7eec583f62d15e06ec5425dcec49405902f,2026-06,Suffolk Constabulary,Suffolk Constabulary,0.997740,52.186055,On or near Stricklands Road,E01030071,Mid Suffolk 010B,Violence and sexual offences,Under investigation,
46f1ae6108f1c1eca8a2278435a227773f9e9311f3cc43e39d555a78f750b0be,2026-06,Suffolk Constabulary,Suffolk Constabulary,0.997659,52.187460,On or near Fox Court,E01030071,Mid Suffolk 010B,Other crime,Under investigation,
0c3eb2a7d208b331cca38609c2483e9d0e9f712b1f867bdb6380771248365153,2026-06,Suffolk Constabulary,Suffolk Constabulary,0.984635,52.198798,On or near Binyon Close,E01030076,Mid Suffolk 010D,Criminal damage and arson,Investigation complete; no suspect identified,
4aa724593331e3e2675f791aa5dc50729e47fbff1bc4dbbf090c391dd5c34e04,2026-06,Suffolk Constabulary,Suffolk Constabulary,0.993396,52.194790,On or near The Osiers,E01030076,Mid Suffolk 010D,Other theft,Under investigation,
27d90cf6f27f74569623fd94a9e22658618b770aea70cc5d172fb64c4453ab70,2026-06,Suffolk Constabulary,Suffolk Constabulary,0.994930,52.193006,On or near Pound Lane,E01030076,Mid Suffolk 010D,Public order,Under investigation,
d5e6a3b1591a9f97ed3c279afd932f01aad4948522125a37d059d4cd05e866e5,2026-06,Suffolk Constabulary,Suffolk Constabulary,0.991751,52.195578,On or near Parking Area,E01030076,Mid Suffolk 010D,Violence and sexual offences,Under investigation,
3b331fda70c1b7d3d04698b3ab96692033f17cf8fe697d05340c551721e6b5b1,2026-06,Suffolk Constabulary,Suffolk Constabulary,1.001432,52.179180,On or near Wynton Rise,E01030078,Mid Suffolk 010E,Drugs,Awaiting court outcome,
031d8563bf11a0dd565d434b2f6eab6148b17a49d855470ad7068a3412962db0,2026-06,Suffolk Constabulary,Suffolk Constabulary,1.008951,52.176578,On or near Needham Road,E01030078,Mid Suffolk 010E,Public order,Under investigation,
b5789f7f59859461c7686ae883eda4747324d2a1aad1560bcb9e680fcb47669e,2026-06,Suffolk Constabulary,Suffolk Constabulary,1.008951,52.176578,On or near Needham Road,E01030078,Mid Suffolk 010E,Violence and sexual offences,Unable to prosecute suspect,
4ef1927c021435efd805fd949ba0b3fb537ed279491916ce5f2be1a2d4e5355c,2026-06,Suffolk Constabulary,Suffolk Constabulary,1.015380,52.187053,On or near Swift Drive,E01033316,Mid Suffolk 010F,Criminal damage and arson,Under investigation,
cef43da9e50b0623837079437e688d783bb407cc16a9885041a96f2614ae9229,2026-06,Suffolk Constabulary,Suffolk Constabulary,1.009888,52.188929,On or near Lapwing Grove,E01033316,Mid Suffolk 010F,Other theft,Under investigation,
b9911ba87e1b67562378a1b914c98771108f7f7a833a9d63740985d00b667a1b,2026-06,Suffolk Constabulary,Suffolk Constabulary,1.010262,52.190997,On or near Peregrine Drive,E01033316,Mid Suffolk 010F,Violence and sexual offences,Under investigation,
b8eca00c75da98b571356517298473c85265f483292ec3f492578465266840da,2026-06,Suffolk Constabulary,Suffolk Constabulary,1.010262,52.190997,On or near Peregrine Drive,E01033316,Mid Suffolk 010F,Violence and sexual offences,Under investigation,
372f36db88b95c7b7d0adceb09f00ef6d09f3bfe326165832de51a1ed335e746,2026-06,Suffolk Constabulary,Suffolk Constabulary,1.010262,52.190997,On or near Peregrine Drive,E01033316,Mid Suffolk 010F,Violence and sexual offences,Under investigation,
bf65db900ef981e395fe53235c76335958229f8231610b70a915391f25b99493,2026-06,Suffolk Constabulary,Suffolk Constabulary,1.006180,52.188844,On or near Jacksnipe Close,E01033317,Mid Suffolk 010G,Drugs,Local resolution,
f0fe5f350531e681c724daf676ab28f66c7faa8af6f2c57f02451af3e46a7608,2026-06,Suffolk Constabulary,Suffolk Constabulary,0.995639,52.189840,On or near Union Street West,E01033317,Mid Suffolk 010G,Drugs,Awaiting court outcome,
476dc37bdeb5a266af881af52db47c2a7c824d22843d64fda4f5d3cfdd6c849b,2026-06,Suffolk Constabulary,Suffolk Constabulary,1.006180,52.188844,On or near Jacksnipe Close,E01033317,Mid Suffolk 010G,Public order,Under investigation,
81057f091194bb36cdbcdacecb9e9d8f7ea1a4cecb3749ffa380f76ea21fa1d3,2026-06,Suffolk Constabulary,Suffolk Constabulary,1.013428,52.186968,On or near Puffin Court,E01033317,Mid Suffolk 010G,Violence and sexual offences,Under investigation,
56759050fa9400f69c37e4004f0cf45a64700397b6534b56120402b572d7c859,2026-06,Suffolk Constabulary,Suffolk Constabulary,1.002824,52.190287,On or near Edinburgh Close,E01033317,Mid Suffolk 010G,Violence and sexual offences,Under investigation,
7e99ed7a705a5d9bf1eeb3d5051c640d14d2997696dd5eebeef9cc55603c1134,2026-06,Suffolk Constabulary,Suffolk Constabulary,0.997795,52.190127,On or near Stowupland Street,E01033317,Mid Suffolk 010G,Violence and sexual offences,Under investigation,
e9aebb4fcee107e3b5203aa603dd916464a9981996dd9c113175213236af230b,2026-06,Suffolk Constabulary,Suffolk Constabulary,0.995639,52.189840,On or near Union Street West,E01033317,Mid Suffolk 010G,Violence and sexual offences,Under investigation,
edbbd7ba362a14844023c5522f5475fd3cde62e9eb5980e44fc03d8749a6f16a,2026-06,Suffolk Constabulary,Suffolk Constabulary,1.013428,52.186968,On or near Puffin Court,E01033317,Mid Suffolk 010G,Violence and sexual offences,Under investigation,
,2026-06,Suffolk Constabulary,Suffolk Constabulary,1.011194,52.192232,On or near Kite Crescent,E01033319,Mid Suffolk 010H,Anti-social behaviour,,
,2026-06,Suffolk Constabulary,Suffolk Constabulary,1.021329,52.186532,On or near Buzzard Rise,E01033319,Mid Suffolk 010H,Anti-social behaviour,,
9ff46ea81d1cef3a6404c6fcfb099c66dd66b6a6cd108ac8eef034f1730aec87,2026-06,Suffolk Constabulary,Suffolk Constabulary,1.020413,52.184891,On or near Finch Close,E01033319,Mid Suffolk 010H,Criminal damage and arson,Investigation complete; no suspect identified,
9513c209b26d886c7c62e0013ea9e8f1b31469cca9350ecb6391648ca14c3276,2026-06,Suffolk Constabulary,Suffolk Constabulary,1.012790,52.190069,On or near Harrier Way,E01033319,Mid Suffolk 010H,Criminal damage and arson,Under investigation,
284795c34e83ea8e9c7bcbac91cd41bc0f5fe089b86ef2c763c632930482e2b6,2026-06,Suffolk Constabulary,Suffolk Constabulary,1.014225,52.184897,On or near Woodpecker Close,E01033319,Mid Suffolk 010H,Criminal damage and arson,Investigation complete; no suspect identified,
da04d1054e7b060ec7f069f0ede415163bb8c839823f000f1153c700f14d286c,2026-06,Suffolk Constabulary,Suffolk Constabulary,1.018457,52.184539,On or near Supermarket,E01033319,Mid Suffolk 010H,Shoplifting,Investigation complete; no suspect identified,
4fa9fc238d0364cf56d5b5e1114165cd3bf4060d42182d3bfb3799e536929c94,2026-06,Suffolk Constabulary,Suffolk Constabulary,1.018457,52.184539,On or near Supermarket,E01033319,Mid Suffolk 010H,Shoplifting,Under investigation,
826df1b93871fcdba8c4659ae277c39c36a6785aa199e71c4513ba63518dad3a,2026-06,Suffolk Constabulary,Suffolk Constabulary,1.018457,52.184539,On or near Supermarket,E01033319,Mid Suffolk 010H,Shoplifting,Investigation complete; no suspect identified,
1accdf57ca5a72b3384b2d9afeb4d0ae89fd811259535343a0f397180ce03c67,2026-06,Suffolk Constabulary,Suffolk Constabulary,1.018457,52.184539,On or near Supermarket,E01033319,Mid Suffolk 010H,Shoplifting,Under investigation,
da9ee7ada7ca0870acf265df295c713231136d91f07ff8086466e1b39afbb7db,2026-06,Suffolk Constabulary,Suffolk Constabulary,1.018457,52.184539,On or near Supermarket,E01033319,Mid Suffolk 010H,Shoplifting,Under investigation,
14c00188c5a59e4b3d57b4462669306426a63ff9f84d2633c2fc8c21ebf7550e,2026-06,Suffolk Constabulary,Suffolk Constabulary,1.018457,52.184539,On or near Supermarket,E01033319,Mid Suffolk 010H,Shoplifting,Investigation complete; no suspect identified,
26d63d49af8ed3df5216a9528972a0e8d43e3e253e0e57320344babb2a877b8d,2026-06,Suffolk Constabulary,Suffolk Constabulary,1.013902,52.191587,On or near Bluetail Close,E01033319,Mid Suffolk 010H,Violence and sexual offences,Under investigation,
2daed56b7adb23a56d86c330c970fffa2758165a5cd79705dbc63b9d1247b723,2026-06,Suffolk Constabulary,Suffolk Constabulary,1.012299,52.189956,On or near Tern Road,E01033319,Mid Suffolk 010H,Violence and sexual offences,Action to be taken by another organisation,
164c47467cfa9737e96ff09b0de24db5e89f538ebe2fdf4357e193d5b851d654,2026-06,Suffolk Constabulary,Suffolk Constabulary,1.013902,52.191587,On or near Bluetail Close,E01033319,Mid Suffolk 010H,Violence and sexual offences,Unable to prosecute suspect,
10b9e95954c33e465093e61b850595cc528289d769b2ae2da4e8bfd2e7ed92c4,2026-06,Suffolk Constabulary,Suffolk Constabulary,1.019398,52.134716,On or near Fox Meadow,E01030041,Mid Suffolk 011A,Burglary,Under investigation,
77679718228f4d598fa99118f7cf29e7f0b946aff98c6e822a2b59eaa8f333fe,2026-06,Suffolk Constabulary,Suffolk Constabulary,1.022370,52.115357,On or near Barking Road,E01030041,Mid Suffolk 011A,Other theft,Under investigation,
755595f7cf07aa3a05049285707cc592b18580906617a891725d7c8f6f95059d,2026-06,Suffolk Constabulary,Suffolk Constabulary,1.011008,52.104586,On or near Castle Road,E01030041,Mid Suffolk 011A,Other theft,Under investigation,
016281f3c1b726c444db7db8a18fcb8acbb53f8349f146bb63ae775c595d1db2,2026-06,Suffolk Constabulary,Suffolk Constabulary,1.015564,52.118409,On or near Barking Road,E01030041,Mid Suffolk 011A,Public order,Under investigation,
e70d7947049c198380b464311d42860fa869e87bdc0a919c8931ed4765fa1d2b,2026-06,Suffolk Constabulary,Suffolk Constabulary,1.028327,52.101750,On or near Ipswich Road,E01030041,Mid Suffolk 011A,Public order,Awaiting court outcome,
e5208ce755d839bfeb69e11dcb9a110dc5e0eb9bcea468ec39fce6caa31149bc,2026-06,Suffolk Constabulary,Suffolk Constabulary,1.027979,52.101345,On or near Elmsett Road,E01030041,Mid Suffolk 011A,Public order,Under investigation,
c713488bb04e40a4a526d2ea5729ea1be5b70f7f8b70304332a3f9ac7cdeea87,2026-06,Suffolk Constabulary,Suffolk Constabulary,1.040677,52.098014,On or near Chapel Lane,E01030041,Mid Suffolk 011A,Vehicle crime,Investigation complete; no suspect identified,
61ab5ca8f8a10a8dc97e701354f8d149e41b9d9f06013e3fa759ad11514fbce9,2026-06,Suffolk Constabulary,Suffolk Constabulary,1.035711,52.140979,On or near Parson'S Lane,E01030041,Mid Suffolk 011A,Violence and sexual offences,Under investigation,
edb57670483ebd38b05551720d00359243523f0306b967c4b52ad2c6da93829c,2026-06,Suffolk Constabulary,Suffolk Constabulary,1.044068,52.096353,On or near Windmill Close,E01030041,Mid Suffolk 011A,Violence and sexual offences,Under investigation,
9c368972fb0b455f4a1e67902446fc813ae22864e506e19c0c801e3dbea46554,2026-06,Suffolk Constabulary,Suffolk Constabulary,1.035127,52.144852,On or near The Causeway,E01030041,Mid Suffolk 011A,Violence and sexual offences,Under investigation,
,2026-06,Suffolk Constabulary,Suffolk Constabulary,1.092818,52.114797,On or near Mill Lane,E01030043,Mid Suffolk 011B,Anti-social behaviour,,
,2026-06,Suffolk Constabulary,Suffolk Constabulary,1.094755,52.113235,On or near Aspen Close,E01030043,Mid Suffolk 011B,Anti-social behaviour,,
,2026-06,Suffolk Constabulary,Suffolk Constabulary,1.091694,52.112704,On or near Wainwright Gardens,E01030043,Mid Suffolk 011B,Anti-social behaviour,,
,2026-06,Suffolk Constabulary,Suffolk Constabulary,1.091694,52.112704,On or near Wainwright Gardens,E01030043,Mid Suffolk 011B,Anti-social behaviour,,
,2026-06,Suffolk Constabulary,Suffolk Constabulary,1.094755,52.113235,On or near Aspen Close,E01030043,Mid Suffolk 011B,Anti-social behaviour,,
94fb26e6cbfd056e95b9cb36a36d25f1281a5e9bebd5e3edb78ce4ac3608c4dd,2026-06,Suffolk Constabulary,Suffolk Constabulary,1.090931,52.114757,On or near Kingfisher Drive,E01030043,Mid Suffolk 011B,Criminal damage and arson,Under investigation,
35e6cd455fc4a6a19b31164d1366205c78e78120137e47a068afd985873bd0fa,2026-06,Suffolk Constabulary,Suffolk Constabulary,1.098403,52.107698,On or near Limestone Close,E01030043,Mid Suffolk 011B,Criminal damage and arson,Under investigation,
e2e54931e3c52ad84c1067a5d4c1fd2b486cdafae198db1ba6a19f8cf3dfa1be,2026-06,Suffolk Constabulary,Suffolk Constabulary,1.103669,52.110236,On or near Shopping Area,E01030043,Mid Suffolk 011B,Violence and sexual offences,Under investigation,
858e6ca2de26ecb81149c96e82262e46bbb562183e75aa2ed89fdbc401fbfa13,2026-06,Suffolk Constabulary,Suffolk Constabulary,1.092733,52.112937,On or near Keytes Way,E01030043,Mid Suffolk 011B,Violence and sexual offences,Action to be taken by another organisation,
a671ad09704aba3f93fd6a36b4b5d70da00246c1e330dfe32c797a93be1ed294,2026-06,Suffolk Constabulary,Suffolk Constabulary,1.095645,52.111737,On or near Moses Walk,E01030043,Mid Suffolk 011B,Other crime,Under investigation,
,2026-06,Suffolk Constabulary,Suffolk Constabulary,1.052268,52.152234,On or near School Street,E01030061,Mid Suffolk 011C,Anti-social behaviour,,
fb22aec10d7904f99b4044082bcf3d2c49f2e57d88d6205061dbdbe0fc969a47,2026-06,Suffolk Constabulary,Suffolk Constabulary,1.042876,52.153025,On or near Barrett'S Lane,E01030061,Mid Suffolk 011C,Criminal damage and arson,Investigation complete; no suspect identified,
09510ec34ab742dc081754940817da66cae2aeab8836263ee1023c3809884695,2026-06,Suffolk Constabulary,Suffolk Constabulary,1.050326,52.153138,On or near The Causeway,E01030061,Mid Suffolk 011C,Violence and sexual offences,Under investigation,
b342f4291fcc6bc49fcfda33317f68536de5febc863931fa4fb52269a37430ff,2026-06,Suffolk Constabulary,Suffolk Constabulary,1.051163,52.149978,On or near Chainhouse Road,E01030061,Mid Suffolk 011C,Violence and sexual offences,Under investigation,
49159fb0053e2392c0e68a48261aa180a9d8fcf48a0f95c89c124f448b730d57,2026-06,Suffolk Constabulary,Suffolk Constabulary,1.046378,52.152917,On or near Priestley Road,E01030061,Mid Suffolk 011C,Violence and sexual offences,Under investigation,
c23c173da0829a8af78f6d405ddeea2a899bcd52d6e1b2692cbdcc196c053e4f,2026-06,Suffolk Constabulary,Suffolk Constabulary,1.050493,52.155580,On or near King William Street,E01030061,Mid Suffolk 011C,Violence and sexual offences,Under investigation,
2667c4a71a9f7a989b9da9274b9adcd2e2d2c73a5a23b8ad17f414929e63c7be,2026-06,Suffolk Constabulary,Suffolk Constabulary,1.051110,52.155187,On or near Bridge Street,E01030061,Mid Suffolk 011C,Violence and sexual offences,Offender given a caution,
d010f58cba8e4446ed459b3b94cab3fd46f15ec589882cfd32549a53bb8f3dfc,2026-06,Suffolk Constabulary,Suffolk Constabulary,1.046378,52.152917,On or near Priestley Road,E01030061,Mid Suffolk 011C,Violence and sexual offences,Under investigation,
7617b5380e0a428ccc93ff55fc16200fc6f76f36a1194eef74bc8fe68906333b,2026-06,Suffolk Constabulary,Suffolk Constabulary,1.046378,52.152917,On or near Priestley Road,E01030061,Mid Suffolk 011C,Violence and sexual offences,Under investigation,
e4e119618854eebe122157388bd6a93e260ab49c542b0d90ee2167ff98e8bd4c,2026-06,Suffolk Constabulary,Suffolk Constabulary,1.060024,52.150423,On or near Parking Area,E01030062,Mid Suffolk 011D,Burglary,Under investigation,
c9853a0b0560e3f801a49a7ee786dcef9f3b1898ce72072e5b4cce518e3053d6,2026-06,Suffolk Constabulary,Suffolk Constabulary,1.058551,52.149193,On or near Lion Lane,E01030062,Mid Suffolk 011D,Burglary,Under investigation,
37cf4333270d47eb12fca4c6ac3f56a1d7e74962127fb79751d4f4ed71dd9d04,2026-06,Suffolk Constabulary,Suffolk Constabulary,1.050449,52.146165,On or near Bluebell Grove,E01030062,Mid Suffolk 011D,Criminal damage and arson,Under investigation,
71d64b7a07294632c1b314b7a76593757b9ee9d3629dd0c9a50de87274efd739,2026-06,Suffolk Constabulary,Suffolk Constabulary,1.057374,52.145887,On or near Mill Lane,E01030062,Mid Suffolk 011D,Violence and sexual offences,Under investigation,
b3b2f8436b9a8780fa5b02381bc44f9ac4393df1f03c2656bf1dc831a0e882f3,2026-06,Suffolk Constabulary,Suffolk Constabulary,1.057374,52.145887,On or near Mill Lane,E01030062,Mid Suffolk 011D,Violence and sexual offences,Under investigation,
0bdf5c1b8516b651f955582529878d4ce43bb1df8a22b51efe8a47c980e80622,2026-06,Suffolk Constabulary,Suffolk Constabulary,1.058551,52.149193,On or near Lion Lane,E01030062,Mid Suffolk 011D,Violence and sexual offences,Under investigation,
810f459fa1b2d5b8549caa99731675b299c47f76a41787668dc85d5c11495d90,2026-06,Suffolk Constabulary,Suffolk Constabulary,1.050449,52.146165,On or near Bluebell Grove,E01030062,Mid Suffolk 011D,Violence and sexual offences,Action to be taken by another organisation,
819dc6ee48b95d59969d497a2c42534991f12381c93664b1fc55e1ab648eac11,2026-06,Suffolk Constabulary,Suffolk Constabulary,1.049448,52.146928,On or near Cowslip Way,E01030062,Mid Suffolk 011D,Violence and sexual offences,Unable to prosecute suspect,
290c7435126a8dad13831d10a3bb6d811e821ae369d0fe5267fe4eeebd286d71,2026-06,Suffolk Constabulary,Suffolk Constabulary,1.054143,52.146312,On or near Chalkeith Road,E01030062,Mid Suffolk 011D,Other crime,Under investigation,
02cd774d0c7d30de54e023053addb9753ae00ba51ce8a3875dc5c4580ce0c75c,2026-06,Suffolk Constabulary,Suffolk Constabulary,0.973404,52.121756,On or near The Paddocks,E01030070,Mid Suffolk 011E,Criminal damage and arson,Under investigation,
db7c614ee7b121242615ab3f5a97ee6cf5abc97d55ef4fe72d63a5c77aadb499,2026-06,Suffolk Constabulary,Suffolk Constabulary,0.969943,52.121781,On or near Sycamore Close,E01030070,Mid Suffolk 011E,Violence and sexual offences,Under investigation,
,2026-06,Suffolk Constabulary,Suffolk Constabulary,1.099757,52.074170,On or near St Mary'S Close,E01030042,Mid Suffolk 012A,Anti-social behaviour,,
,2026-06,Suffolk Constabulary,Suffolk Constabulary,1.093602,52.080978,On or near Kentons Road,E01030042,Mid Suffolk 012A,Anti-social behaviour,,
,2026-06,Suffolk Constabulary,Suffolk Constabulary,1.105938,52.076372,On or near Ship Lane,E01030042,Mid Suffolk 012A,Anti-social behaviour,,
1bc7be5ef8ca83ade5dab41b07c156b32469a80f3658dca5af80a5c57c0ad865,2026-06,Suffolk Constabulary,Suffolk Constabulary,1.102718,52.075189,On or near Ship Lane,E01030042,Mid Suffolk 012A,Criminal damage and arson,Investigation complete; no suspect identified,
7439bd5d5b7067b00a9d983db23cd750cf84a1006f55ef374e76d87fe14eba88,2026-06,Suffolk Constabulary,Suffolk Constabulary,1.093602,52.080978,On or near Kentons Road,E01030042,Mid Suffolk 012A,Criminal damage and arson,Under investigation,
ae421d4049562b4671d7210770d05831816f037146b7428ad1ab170fd6d1dea2,2026-06,Suffolk Constabulary,Suffolk Constabulary,1.075677,52.097969,On or near The Beeches,E01030042,Mid Suffolk 012A,Other theft,Under investigation,
9ca81ac1ce033756734aa7a64f7b1bd1a51599b6e257c73aa78d7bece94f2def,2026-06,Suffolk Constabulary,Suffolk Constabulary,1.096703,52.073063,On or near Fitzgerald Road,E01030042,Mid Suffolk 012A,Public order,Under investigation,
06c9e88e628b0c7ebb3ef9bd4ca8ab21f6cba4b1250d77ea97a10da41317e9ba,2026-06,Suffolk Constabulary,Suffolk Constabulary,1.096703,52.073063,On or near Fitzgerald Road,E01030042,Mid Suffolk 012A,Public order,Under investigation,
4759f8d76745eb93783673b1b1ca05ac867ee3a83a39d52e6e0ee5ff094176d1,2026-06,Suffolk Constabulary,Suffolk Constabulary,1.106279,52.078135,On or near Paper Mill Lane,E01030042,Mid Suffolk 012A,Public order,Under investigation,
7f769f21af71231641f7ff921167b30b21dcc6ea0c76689e5af07a2dcfd27d6a,2026-06,Suffolk Constabulary,Suffolk Constabulary,1.096703,52.073063,On or near Fitzgerald Road,E01030042,Mid Suffolk 012A,Violence and sexual offences,Unable to prosecute suspect,
870d5d7a43ab8341e4659db0bfb237f18f22660354e8e17e287883d332b15f0f,2026-06,Suffolk Constabulary,Suffolk Constabulary,1.096703,52.073063,On or near Fitzgerald Road,E01030042,Mid Suffolk 012A,Violence and sexual offences,Under investigation,
8fa41c5eeff982a4e895f5aeff445148079d1f7ed0c36b2d19dd2dfc6ae42d10,2026-06,Suffolk Constabulary,Suffolk Constabulary,1.096703,52.073063,On or near Fitzgerald Road,E01030042,Mid Suffolk 012A,Violence and sexual offences,Under investigation,
beaa35a2d69624580edb333d44fdf28fa5284b4f84534fb9de40749e967a94f9,2026-06,Suffolk Constabulary,Suffolk Constabulary,1.093602,52.080978,On or near Kentons Road,E01030042,Mid Suffolk 012A,Violence and sexual offences,Unable to prosecute suspect,
14242a7b18a70d5a129dca330aeeeaa9fbd7a21daba7ac9bda561e6031470ae4,2026-06,Suffolk Constabulary,Suffolk Constabulary,1.097092,52.080158,On or near Acton Road,E01030044,Mid Suffolk 012B,Bicycle theft,Under investigation,
dadb2ced73dc55efb1b1b70534d57108773e19e910cb10bdc3294c27334514fc,2026-06,Suffolk Constabulary,Suffolk Constabulary,1.097433,52.079393,On or near Flindell Drive,E01030044,Mid Suffolk 012B,Drugs,Local resolution,
b0d4669520b9013e3f445f562e45a814a0cd21a8966a7ff61f4d44b15456fb3d,2026-06,Suffolk Constabulary,Suffolk Constabulary,1.095121,52.078465,On or near The Street,E01030044,Mid Suffolk 012B,Public order,Under investigation,
b271b31ee4d6ff9b53f899ee8ec486aea7b57b08363169660ea2fa2c560c05b0,2026-06,Suffolk Constabulary,Suffolk Constabulary,1.096280,52.076222,On or near Parking Area,E01030044,Mid Suffolk 012B,Violence and sexual offences,Under investigation,
b5565fa481060db255e7fcabd9362a58d4703c0dd11e4e87a0217228fbdb6752,2026-06,Suffolk Constabulary,Suffolk Constabulary,1.095540,52.077141,On or near Angel Place,E01030044,Mid Suffolk 012B,Violence and sexual offences,Under investigation,
808581f1b651e2010743f695056ff544871d3417608e1dfa59d1ece0c891998f,2026-06,Suffolk Constabulary,Suffolk Constabulary,1.094723,52.076712,On or near Angel Road,E01030044,Mid Suffolk 012B,Other crime,Under investigation,
6535f82fc02a0a6ad66f0f6ccd7e3339f18873dfd9650b6fa93a775f08b98c37,2026-06,Suffolk Constabulary,Suffolk Constabulary,1.127117,52.104961,On or near Hall Lane,E01030045,Mid Suffolk 012C,Public order,Under investigation,
9cef15ac9f8e9f0429f08fd789db60f8c2a45a07ef916e682c74a9e9eb6bbe95,2026-06,Suffolk Constabulary,Suffolk Constabulary,1.111172,52.104394,On or near Old Ipswich Road,E01030045,Mid Suffolk 012C,Robbery,Investigation complete; no suspect identified,
3d6f116b9c8d7f761dc620cfd3b84dea363361f3b42120d18d5a52fe452f8a35,2026-06,Suffolk Constabulary,Suffolk Constabulary,1.122043,52.088987,On or near Old Norwich Road,E01030045,Mid Suffolk 012C,Violence and sexual offences,Under investigation,
06f7fb13bb240da9861fe1803538643a3a37dfb0ad889c4d073d702768babab2,2026-06,Suffolk Constabulary,Suffolk Constabulary,1.122043,52.088987,On or near Old Norwich Road,E01030045,Mid Suffolk 012C,Violence and sexual offences,Under investigation,
2eebcaa66e4277fccad1c95bf64feb50b268ba385f1e15ab4353e79ccafe0b4a,2026-06,Suffolk Constabulary,Suffolk Constabulary,1.116571,52.104737,On or near Aspen Close,E01030045,Mid Suffolk 012C,Violence and sexual offences,Under investigation,
777233e80096977fcbc755126a306b56e6f13484dc27666266ac875e8daf9a10,2026-06,Suffolk Constabulary,Suffolk Constabulary,1.118387,52.110247,On or near Hereford Drive,E01030045,Mid Suffolk 012C,Violence and sexual offences,Unable to prosecute suspect,
e7a6a30332ac7bbcc87eaabc271ff889dd0a92e0eff43bc3e71d563ae359a3f3,2026-06,Suffolk Constabulary,Suffolk Constabulary,1.116201,52.112418,On or near Glebe Way,E01030046,Mid Suffolk 012D,Other theft,Investigation complete; no suspect identified,
4000240266b3a6a6590ec95e268915fbcae1184fc85992b4d44a8f3e56b0ca4c,2026-06,Suffolk Constabulary,Suffolk Constabulary,1.105791,52.119007,On or near Sturgeon Way,E01030046,Mid Suffolk 012D,Public order,Local resolution,
60d70fe0a59ef6e344ab54422e9c115ee1672ac77a1fe72d204c58dbdf059301,2026-06,Suffolk Constabulary,Suffolk Constabulary,1.149401,52.119603,On or near Main Road,E01030046,Mid Suffolk 012D,Violence and sexual offences,Under investigation,
fb788d36fcb31ca6b43803320484fdc26ce1b3693238fd8169ad144d008fd6f5,2026-06,Suffolk Constabulary,Suffolk Constabulary,1.144499,52.144593,On or near Stonewell Hill,E01030046,Mid Suffolk 012D,Violence and sexual offences,Under investigation,
859f0a777d7b639c4006f90d2209570faec44e7a400d82cb189f94e3767e4c5a,2026-06,Suffolk Constabulary,Suffolk Constabulary,1.140497,52.144438,On or near Lower Road,E01030046,Mid Suffolk 012D,Violence and sexual offences,Under investigation,
aa29b0c45d30c07d0660568b4f668fc18f4b0e3b75a64bb999999f39265284a6,2026-06,Suffolk Constabulary,Suffolk Constabulary,1.108979,52.109191,On or near Woolner Close,E01030047,Mid Suffolk 012E,Other theft,Under investigation,
7fbb13a2518ea1426c4aef9497ee351755b8df6060dee55659b58be9e6bb6902,2026-06,Suffolk Constabulary,Suffolk Constabulary,1.111998,52.106818,On or near Back Lane,E01030047,Mid Suffolk 012E,Public order,Under investigation,
adf0eb1abc67ea23d95849112cca5d8a81a2ac7a4e789f4312e3d54534dd93e8,2026-06,Suffolk Constabulary,Suffolk Constabulary,1.111998,52.106818,On or near Back Lane,E01030047,Mid Suffolk 012E,Violence and sexual offences,Unable to prosecute suspect,
8b08c9e7f426b948558a2e606197afd83fa7fe59a08dda487b75d4a74b3593ab,2026-06,Suffolk Constabulary,Suffolk Constabulary,1.111998,52.106818,On or near Back Lane,E01030047,Mid Suffolk 012E,Violence and sexual offences,Unable to prosecute suspect,
e58e64a3c02cdc94094b1557ad49233042502de0a0f5ce269bc171549cb34c87,2026-06,Suffolk Constabulary,Suffolk Constabulary,1.111998,52.106818,On or near Back Lane,E01030047,Mid Suffolk 012E,Violence and sexual offences,Under investigation,
7425164480dc0a64a94fc9d1328c6cfb38fe04828478d63c2404bc6d94888d7f,2026-06,Suffolk Constabulary,Suffolk Constabulary,-0.752829,52.067447,On or near Harpers Lane,E01016764,Milton Keynes 005B,Violence and sexual offences,Under investigation,
5b2421061ba0a5d1528613faecc642c5a45accafdc3492555ddd36a642479cae,2026-06,Suffolk Constabulary,Suffolk Constabulary,1.271066,52.651286,On or near Lefroy Road,E01026833,Norwich 002F,Violence and sexual offences,Under investigation,
95e6f1d5639a3b6fd94121995ebcd082a306cebc4b7c6696e5ee09408c2ef8bf,2026-06,Suffolk Constabulary,Suffolk Constabulary,1.281022,52.609883,On or near Boniface Close,E01026820,Norwich 013E,Violence and sexual offences,Under investigation,
30089cf2be7105d5008d6d2cb6b88cdad02fc1b5bba76e2bd7207fe2e104a158,2026-06,Suffolk Constabulary,Suffolk Constabulary,-1.099224,52.582574,On or near Geddington Close,E01026001,Oadby and Wigston 007F,Violence and sexual offences,Under investigation,
44612b9a0ffca52ccf18f011df373d04cf9f558767089b80e60a7b7ec7610267,2026-06,Suffolk Constabulary,Suffolk Constabulary,-0.296221,52.631645,On or near Petrol Station,E01015629,Peterborough 001A,Violence and sexual offences,Unable to prosecute suspect,
31c95678dc86b2ebdfe7f9748ca9905fed6472b34e1210178004c68aea5b045d,2026-06,Suffolk Constabulary,Suffolk Constabulary,-0.290919,52.543180,On or near Bifield,E01015642,Peterborough 021E,Violence and sexual offences,Under investigation,
2ad4557e11268a8bbb5b4510efb2e0b9226a5cd18bb10f4a2c9df85a7bcdd7b1,2026-06,Suffolk Constabulary,Suffolk Constabulary,-2.762943,52.709829,On or near New Street,E01028974,Shropshire 023F,Violence and sexual offences,Under investigation,
d91263a27c1e6b914a20751d4df5cff3a5df778eed1b26a0d910feeca4356fe8,2026-06,Suffolk Constabulary,Suffolk Constabulary,1.116112,52.569229,On or near Avenue Road,E01026870,South Norfolk 005A,Violence and sexual offences,Under investigation,
ac18ea19b6636ef40810a040e324fb810cea09467175399348da7f0c1d9d3bd4,2026-06,Suffolk Constabulary,Suffolk Constabulary,1.097882,52.378311,On or near Paine Close,E01026889,South Norfolk 015B,Other theft,Investigation complete; no suspect identified,
eb2f119d6470442562e860549b2b1595946fa648ebe8747679cf38d9a9f2d93a,2026-06,Suffolk Constabulary,Suffolk Constabulary,1.100568,52.378879,On or near Hall Hills,E01026889,South Norfolk 015B,Violence and sexual offences,Under investigation,
48e2522f4ee0376af98c535b4a32af9e7d9a2fd788c13bfea84476f871061f8a,2026-06,Suffolk Constabulary,Suffolk Constabulary,-0.072999,51.499416,On or near Sweeney Crescent,E01004028,Southwark 004E,Violence and sexual offences,Under investigation,
5c39b43c6d419d641a0b679b112b25c419d46df51a94183aa3aab9e33954db05,2026-06,Suffolk Constabulary,Suffolk Constabulary,1.361222,51.375636,On or near Fulham Avenue,E01024672,Thanet 005A,Other crime,Under investigation,
86d404f491c1351a07828a51f3da4f870a39984fee2c852032ec431a506c86dc,2026-06,Suffolk Constabulary,Suffolk Constabulary,0.447666,51.520218,On or near Taits,E01015985,Thurrock 003B,Violence and sexual offences,Under investigation,
9ddb67ab14684b1ed8789b6059939005eb75c4da5a58040e3fbb2d9fa3ea6d0e,2026-06,Suffolk Constabulary,Suffolk Constabulary,-0.865355,52.252447,On or near Supermarket,E01027169,West Northamptonshire 017B,Violence and sexual offences,Under investigation,
71a9934bbcce10cbb54b4f38b521c4ee12375196a4ee59afe3f43cb6a5ea5d73,2026-06,Suffolk Constabulary,Suffolk Constabulary,0.527858,52.413547,On or near Sandgalls Drive,E01029942,West Suffolk 001A,Drugs,Awaiting court outcome,
4157ad586c59e4f7ad2ea6875489a5903cee5d0472176f9a305223e9a20b02e7,2026-06,Suffolk Constabulary,Suffolk Constabulary,0.525342,52.410427,On or near The Grange,E01029942,West Suffolk 001A,Possession of weapons,Under investigation,
12ab336297f1bc8ce77684c533257bbd98d9b2d5d432eb0ef94958274e01021f,2026-06,Suffolk Constabulary,Suffolk Constabulary,0.527858,52.413547,On or near Sandgalls Drive,E01029942,West Suffolk 001A,Violence and sexual offences,Under investigation,
bfffadc3a2a6df02976ea0f07dd3d48ab604ef899c70c67e285cb605ad91b5c0,2026-06,Suffolk Constabulary,Suffolk Constabulary,0.526149,52.409124,On or near Windmill Close,E01029942,West Suffolk 001A,Violence and sexual offences,Under investigation,
5be63813785abf9ee51a960f32e3cef0583f2c1c844e16bb522fc777d469e530,2026-06,Suffolk Constabulary,Suffolk Constabulary,0.525342,52.410427,On or near The Grange,E01029942,West Suffolk 001A,Violence and sexual offences,Under investigation,
e3b71f2266ab575209a4d62e68686d5ece8c1a827bce1698b0e63a6dea480a44,2026-06,Suffolk Constabulary,Suffolk Constabulary,0.528400,52.414786,On or near Pashford Close,E01029942,West Suffolk 001A,Violence and sexual offences,Under investigation,
,2026-06,Suffolk Constabulary,Suffolk Constabulary,0.524683,52.419235,On or near Breckland Avenue,E01029944,West Suffolk 001B,Anti-social behaviour,,
6c1f2b47cd65e465fc75465adbc466fb29db903a3a2f9026cd136771e94245bd,2026-06,Suffolk Constabulary,Suffolk Constabulary,0.524683,52.419235,On or near Breckland Avenue,E01029944,West Suffolk 001B,Criminal damage and arson,Investigation complete; no suspect identified,
b43f7e621483446c5270c2b2be25bf100368ed5404295dab0670ec62938dbbc2,2026-06,Suffolk Constabulary,Suffolk Constabulary,0.523785,52.422042,On or near Barr Drive,E01029944,West Suffolk 001B,Criminal damage and arson,Unable to prosecute suspect,
a19d6b7a9c82e12960279f8930241ce36df6f610faf459482f802442c3e24af5,2026-06,Suffolk Constabulary,Suffolk Constabulary,0.520983,52.419081,On or near Wingfield Road,E01029944,West Suffolk 001B,Other theft,Under investigation,
f738aa2d6a1faefe8b1da0cc085982155531b9f83640c3a02f820e932c5d26df,2026-06,Suffolk Constabulary,Suffolk Constabulary,0.522347,52.417217,On or near Wings Road,E01029944,West Suffolk 001B,Violence and sexual offences,Under investigation,
1edacf8fe3184bd8afd75648e5bff333f8b4c10601381703d65c3dbfc497931f,2026-06,Suffolk Constabulary,Suffolk Constabulary,0.525792,52.418313,On or near Millers Rise,E01029944,West Suffolk 001B,Violence and sexual offences,Under investigation,
3d5455959b5e110afaee2d8610a95b1ad5bfaab91c391aa845aade7c8d572099,2026-06,Suffolk Constabulary,Suffolk Constabulary,0.460055,52.430517,On or near Sedgefen Road,E01034561,West Suffolk 001C,Burglary,Under investigation,
8a43e5da8a2eb335b58316b7c1a1ad4df7744999b7f2f5c99cf06c03b9891b7c,2026-06,Suffolk Constabulary,Suffolk Constabulary,0.518115,52.416684,On or near Supermarket,E01034561,West Suffolk 001C,Burglary,Under investigation,
d4e85bf52a28814aeb3693730d33eed91367cda08198d0ca9b4d89a06aab65c2,2026-06,Suffolk Constabulary,Suffolk Constabulary,0.528276,52.405176,On or near Albert Rolph Drive,E01034561,West Suffolk 001C,Criminal damage and arson,Under investigation,
f18fb9968248da2e5171522799e0e0c58632fdfa3d1ffe624323b77a89224fb6,2026-06,Suffolk Constabulary,Suffolk Constabulary,0.519311,52.416850,On or near Parking Area,E01034561,West Suffolk 001C,Drugs,Awaiting court outcome,
1b7260513687d3467a5b7070b6f427f63c77dd6071312b3abb81123514cc7b8f,2026-06,Suffolk Constabulary,Suffolk Constabulary,0.519541,52.414948,On or near Clunch Close,E01034561,West Suffolk 001C,Other theft,Unable to prosecute suspect,
e179dc1b16a6c7c7c56d18b1346ab3056bc45bcc46e45cec42fe9ede60df5529,2026-06,Suffolk Constabulary,Suffolk Constabulary,0.494344,52.397624,On or near Park/Open Space,E01034561,West Suffolk 001C,Other theft,Under investigation,
3a76057b30412eec54753edcbc0f1277c9c6dda392a8bb6ff9ff398ea63454cf,2026-06,Suffolk Constabulary,Suffolk Constabulary,0.527643,52.406709,On or near North Road,E01034561,West Suffolk 001C,Vehicle crime,Investigation complete; no suspect identified,
97fb213608cb17303a73ba2ce78cccbdd60aa426fe4093680be4251253b37d07,2026-06,Suffolk Constabulary,Suffolk Constabulary,0.526920,52.407435,On or near Bell Trees,E01034561,West Suffolk 001C,Violence and sexual offences,Under investigation,
15d22ed82a6e7526ed101da650ea5ad94383f9054bbb98db4a9d9b25f91cad60,2026-06,Suffolk Constabulary,Suffolk Constabulary,0.527368,52.410114,On or near Eriswell Drive,E01034561,West Suffolk 001C,Violence and sexual offences,Under investigation,
eae6234325a722fb4ed7b0902e16be703d6b71ba511a00fd656d15f6d6350420,2026-06,Suffolk Constabulary,Suffolk Constabulary,0.526920,52.407435,On or near Bell Trees,E01034561,West Suffolk 001C,Violence and sexual offences,Under investigation,
6f9bafb5825144c0b6c0e85971465c9632d6709c400b92713ad2e63325fbfd61,2026-06,Suffolk Constabulary,Suffolk Constabulary,0.526920,52.407435,On or near Bell Trees,E01034561,West Suffolk 001C,Violence and sexual offences,Under investigation,
57a70563743060607446958ce93aeed066a34afc390824d69c78189719d25f17,2026-06,Suffolk Constabulary,Suffolk Constabulary,0.526920,52.407435,On or near Bell Trees,E01034561,West Suffolk 001C,Violence and sexual offences,Action to be taken by another organisation,
f240b7a57bf5ad434863114049ba504b8c86c963a728667ceae31fdc73232339,2026-06,Suffolk Constabulary,Suffolk Constabulary,0.526920,52.407435,On or near Bell Trees,E01034561,West Suffolk 001C,Violence and sexual offences,Under investigation,
688b3e5dc668635f8afab490e8068442e021877eb33357d7430ef4f16b905239,2026-06,Suffolk Constabulary,Suffolk Constabulary,0.543734,52.391212,On or near Windsor Circle,E01034562,West Suffolk 001D,Violence and sexual offences,Investigation complete; no suspect identified,
14772d1d6a2a08c5e34bcfff02d76446a52c175a837a5899afbb1882f7fa9974,2026-06,Suffolk Constabulary,Suffolk Constabulary,0.542939,52.388639,On or near Burtonwood,E01034562,West Suffolk 001D,Other crime,Under investigation,
b1b0199cc90c1ffcc679ea65a51c8492030394541cd853ff44e6db6d737ad349,2026-06,Suffolk Constabulary,Suffolk Constabulary,0.642710,52.445494,On or near Kestrel Drive,E01029926,West Suffolk 002A,Violence and sexual offences,Under investigation,
52aae10b86d7ab64529deebbfde501f356023d58daf772d89d44c54354602d25,2026-06,Suffolk Constabulary,Suffolk Constabulary,0.624919,52.448498,On or near Lode Street,E01029927,West Suffolk 002B,Criminal damage and arson,Unable to prosecute suspect,
cf471a52c318777d024693218e33b24ec992b4320a60f18a33f282cf0e92911f,2026-06,Suffolk Constabulary,Suffolk Constabulary,0.626798,52.443960,On or near Heath Road,E01029927,West Suffolk 002B,Criminal damage and arson,Under investigation,
d246a13c33db406b327a97cecc61a42a70f8746eda1dfe8c72f5ae9aa866e775,2026-06,Suffolk Constabulary,Suffolk Constabulary,0.628739,52.446156,On or near Knappers Way,E01029927,West Suffolk 002B,Drugs,Under investigation,
47678722180cc661e48ac3f3dd5f7240c75f9832ad591b7b68d54fe6ff5cd668,2026-06,Suffolk Constabulary,Suffolk Constabulary,0.624919,52.448498,On or near Lode Street,E01029927,West Suffolk 002B,Public order,Unable to prosecute suspect,
75e80c532fe25c8a4e0570eed5a5b88a7a1ccc37204755ebf1fa1121b16bf51e,2026-06,Suffolk Constabulary,Suffolk Constabulary,0.626798,52.443960,On or near Heath Road,E01029927,West Suffolk 002B,Public order,Under investigation,
46281f43199d541338ea5e086ec0afded2d1c67122c9b7390fbef1c71cdecc18,2026-06,Suffolk Constabulary,Suffolk Constabulary,0.624537,52.449739,On or near Supermarket,E01029927,West Suffolk 002B,Shoplifting,Investigation complete; no suspect identified,
2ccf0ce02438bf0b121eebee0ba4892ddfb4316cc7adb997d0dc56b83fdd1439,2026-06,Suffolk Constabulary,Suffolk Constabulary,0.623074,52.447163,On or near Stores Street,E01029927,West Suffolk 002B,Violence and sexual offences,Under investigation,
6f46e141a37b5b2e71f31e6ff8a7788efa8d32899cfd3093be7d3fe77ee93197,2026-06,Suffolk Constabulary,Suffolk Constabulary,0.625885,52.447164,On or near George Street,E01029927,West Suffolk 002B,Violence and sexual offences,Unable to prosecute suspect,
964e55356c1f24031d0b5fa776c63c383da21073136a5854ffb3d24bd605d13b,2026-06,Suffolk Constabulary,Suffolk Constabulary,0.624919,52.448498,On or near Lode Street,E01029927,West Suffolk 002B,Violence and sexual offences,Under investigation,
7abc0caf998478dc2aee1a734ab50e1bc2030cab6e716162d42188f0ee565a24,2026-06,Suffolk Constabulary,Suffolk Constabulary,0.620659,52.444915,On or near The Orchard,E01029927,West Suffolk 002B,Violence and sexual offences,Under investigation,
1e84057988de4bea339a6d516566b40e1c42229c563a29f18647465ccd9c17cb,2026-06,Suffolk Constabulary,Suffolk Constabulary,0.624919,52.448498,On or near Lode Street,E01029927,West Suffolk 002B,Violence and sexual offences,Under investigation,
8fc174db81e6472f0ee5215d7d2aec16b8b71661aa0867df676dc51b91e6270f,2026-06,Suffolk Constabulary,Suffolk Constabulary,0.623511,52.443368,On or near Stuart Close,E01029927,West Suffolk 002B,Violence and sexual offences,Under investigation,
e929896600cef032f7cfbc422fd3fad68510304b123ba0b4d426e699947a6022,2026-06,Suffolk Constabulary,Suffolk Constabulary,0.622580,52.444045,On or near Elizabeth Road,E01029927,West Suffolk 002B,Violence and sexual offences,Action to be taken by another organisation,
8533d75c12f875fec4f3ec4b06c276ddab58e57bbbab3953c84a0fe00a05a5ee,2026-06,Suffolk Constabulary,Suffolk Constabulary,0.622580,52.444045,On or near Elizabeth Road,E01029927,West Suffolk 002B,Violence and sexual offences,Action to be taken by another organisation,
55ec341d2fce0ced10788af9437af679dca35b03aebc444479019dc7ebe403c8,2026-06,Suffolk Constabulary,Suffolk Constabulary,0.625341,52.446933,On or near Parking Area,E01029927,West Suffolk 002B,Violence and sexual offences,Unable to prosecute suspect,
401e8d50b3e9929bc91eded986faf19f2ce396f587da45704ac076b0d6726bab,2026-06,Suffolk Constabulary,Suffolk Constabulary,0.626269,52.446193,On or near Parking Area,E01029927,West Suffolk 002B,Other crime,Under investigation,
358f57717a80b16809a5bc17aa499bb60404fe272fe71e8d068c36d69136a6a8,2026-06,Suffolk Constabulary,Suffolk Constabulary,0.620659,52.444915,On or near The Orchard,E01029927,West Suffolk 002B,Other crime,Under investigation,
f9364c347c771b1050ee9fcbe0b00aa5a41ff8edb1dc7e7096a36819323ef4e2,2026-06,Suffolk Constabulary,Suffolk Constabulary,0.631837,52.445296,On or near Robert Linge Crescent,E01029928,West Suffolk 002C,Burglary,Unable to prosecute suspect,
75fabae3240d9543e6a8b332b5874c45e8b8509391c6e85ffd32862fd3c26ae6,2026-06,Suffolk Constabulary,Suffolk Constabulary,0.685299,52.439444,On or near B1107,E01029928,West Suffolk 002C,Drugs,Local resolution,
9310e90491374f3f8fcb4f3da998b5ada74eb908de1a20345bfdbebc7d64e971,2026-06,Suffolk Constabulary,Suffolk Constabulary,0.642877,52.394449,On or near Park/Open Space,E01029928,West Suffolk 002C,Other theft,Under investigation,
e63aa66e6ffc4748f9ee3318437972b703acac0404708ba91b7e355ab2c7e2c3,2026-06,Suffolk Constabulary,Suffolk Constabulary,0.642877,52.394449,On or near Park/Open Space,E01029928,West Suffolk 002C,Other theft,Investigation complete; no suspect identified,
341c887ecdc459c88c1edf6217f6f355c086c0f47a5467f9f885ef866b06e153,2026-06,Suffolk Constabulary,Suffolk Constabulary,0.679407,52.387925,On or near Parking Area,E01029928,West Suffolk 002C,Possession of weapons,Under investigation,
5d7cd2cbde7fcd51ace880bb97299c650ace2d3d9e3e61b04b106e3d71d9505f,2026-06,Suffolk Constabulary,Suffolk Constabulary,0.662207,52.385191,On or near Sports/Recreation Area,E01029928,West Suffolk 002C,Vehicle crime,Investigation complete; no suspect identified,
a4854941f461168a0ce1b53447504af11df40b2a83628521fef7ef416ce8c2f7,2026-06,Suffolk Constabulary,Suffolk Constabulary,0.671761,52.385184,On or near London Road,E01029928,West Suffolk 002C,Violence and sexual offences,Unable to prosecute suspect,
45c288b0515e0324a5d665003fc1dd471a924f6c223f381970887762e1137bac,2026-06,Suffolk Constabulary,Suffolk Constabulary,0.660824,52.434971,On or near Parking Area,E01029928,West Suffolk 002C,Violence and sexual offences,Under investigation,
c66d02e486d9f47a198959340090d9403158325f2ba22e22b6e424737e79b935,2026-06,Suffolk Constabulary,Suffolk Constabulary,0.665867,52.457078,On or near Hall Drive,E01029928,West Suffolk 002C,Violence and sexual offences,Unable to prosecute suspect,
a2e2b5b81aafa824112a5914f6f1362f07bd4a5473dbe30ebe0e87d41f999fd1,2026-06,Suffolk Constabulary,Suffolk Constabulary,0.635082,52.443200,On or near Elm Close,E01029928,West Suffolk 002C,Other crime,Action to be taken by another organisation,
415873c78b69c22f65fe5dda9d041b5452f24b85d0364604c72d5961ece075aa,2026-06,Suffolk Constabulary,Suffolk Constabulary,0.605834,52.441583,On or near St Margaret'S Drive,E01029929,West Suffolk 002D,Burglary,Investigation complete; no suspect identified,
a70225634876dd56989a8a1b361830db1e7fc074a2aa16fda569adc602c1d24d,2026-06,Suffolk Constabulary,Suffolk Constabulary,0.615840,52.442809,On or near Coronation Place,E01029929,West Suffolk 002D,Burglary,Investigation complete; no suspect identified,
3e2cb8dbba5fc0c320a42dd357814245e54b1c2623fbaef97cef9ee68bdc1e39,2026-06,Suffolk Constabulary,Suffolk Constabulary,0.615000,52.442046,On or near Parsons Close,E01029929,West Suffolk 002D,Criminal damage and arson,Awaiting court outcome,
f5dbaaabe193f4b8a397ad6a3def246b5263663ad982fcd15efefea053e6a55c,2026-06,Suffolk Constabulary,Suffolk Constabulary,0.612088,52.444556,On or near Church End,E01029929,West Suffolk 002D,Other theft,Investigation complete; no suspect identified,
94f88ef5aee97f35b7a96bee22ed4bf4a7c4f593dca5c8f9ca730c996b80e972,2026-06,Suffolk Constabulary,Suffolk Constabulary,0.618545,52.443262,On or near Rowan Drive,E01029929,West Suffolk 002D,Other theft,Under investigation,
1701bd76d7ce132debb3d9dd795ae85c5c663c6e24ecda6997fe607278b8eaf1,2026-06,Suffolk Constabulary,Suffolk Constabulary,0.615000,52.442046,On or near Parsons Close,E01029929,West Suffolk 002D,Possession of weapons,Awaiting court outcome,
0a73de1794f7b6aacfb3707d16f26d835c99afe169baa18fe61ca305682308c8,2026-06,Suffolk Constabulary,Suffolk Constabulary,0.618499,52.444639,On or near Petrol Station,E01029929,West Suffolk 002D,Vehicle crime,Under investigation,
002d1e48ca8ebacca17f0564e2c30c53038aa5a59a0fbda1e1965527c7ce634c,2026-06,Suffolk Constabulary,Suffolk Constabulary,0.618499,52.444639,On or near Petrol Station,E01029929,West Suffolk 002D,Vehicle crime,Under investigation,
c22e106e44550f5689cc722fc94589af2d42e30c51d6589bc9a1583ef9e7eb94,2026-06,Suffolk Constabulary,Suffolk Constabulary,0.608939,52.442818,On or near Queens Road,E01029929,West Suffolk 002D,Violence and sexual offences,Unable to prosecute suspect,
731d2bd6965467cbae914f6d3690e144958594726835b4faf04d56be7db38a84,2026-06,Suffolk Constabulary,Suffolk Constabulary,0.608939,52.442818,On or near Queens Road,E01029929,West Suffolk 002D,Violence and sexual offences,Action to be taken by another organisation,
7dea58c47180fb23f2e5ac7de2b1c18c3315e9dbdcb370298fdc21928a30e966,2026-06,Suffolk Constabulary,Suffolk Constabulary,0.610086,52.442064,On or near Millers Lane,E01029929,West Suffolk 002D,Violence and sexual offences,Unable to prosecute suspect,
96a0f0e8836f59561f997caee205e8f3b0a3f5d638fc4ef224dad67a63156c96,2026-06,Suffolk Constabulary,Suffolk Constabulary,0.603934,52.442551,On or near Pond Lane,E01029929,West Suffolk 002D,Violence and sexual offences,Under investigation,
b67a5f0f501fad8011a271ce1050d33f338856d5d0210a5ffe156e5ae7ed944b,2026-06,Suffolk Constabulary,Suffolk Constabulary,0.603934,52.442551,On or near Pond Lane,E01029929,West Suffolk 002D,Violence and sexual offences,Under investigation,
056ce12bd72914a7a21edc008ad2d63afb626ea895496f3f61365c85c51802c8,2026-06,Suffolk Constabulary,Suffolk Constabulary,0.608939,52.442818,On or near Queens Road,E01029929,West Suffolk 002D,Violence and sexual offences,Unable to prosecute suspect,
bf390b35e17209c22dc2e1e6206937c5bd391c779d5d05e2904ab62a92f46d7b,2026-06,Suffolk Constabulary,Suffolk Constabulary,0.615840,52.442809,On or near Coronation Place,E01029929,West Suffolk 002D,Other crime,Under investigation,
d45de84e77c8611bff609753cb1c0341fdec8eebdfd930a04188e1b58cb553c8,2026-06,Suffolk Constabulary,Suffolk Constabulary,0.604232,52.440854,On or near Crown Street,E01029929,West Suffolk 002D,Other crime,Under investigation,
d35cfc7b8ec53a52273effcd40cfffca4732171c5e84be0823bad72ec5baff2a,2026-06,Suffolk Constabulary,Suffolk Constabulary,0.606793,52.439880,On or near Petunia Way,E01029930,West Suffolk 002E,Criminal damage and arson,Under investigation,
3f5e2c650412cdf9a4b493d4c3f20460e8b968523752924a8b3783a827feec72,2026-06,Suffolk Constabulary,Suffolk Constabulary,0.599242,52.441575,On or near Seymour Avenue,E01029930,West Suffolk 002E,Criminal damage and arson,Investigation complete; no suspect identified,
317cd608fb3ea215d891e4eddf57f1b1045cb008ceec332fc1b4d79c68a78a4e,2026-06,Suffolk Constabulary,Suffolk Constabulary,0.603651,52.436496,On or near Norwood Road,E01029930,West Suffolk 002E,Other theft,Investigation complete; no suspect identified,
de0ba537d82ede3d885ca3e67e99be14898263d298b2cb111e27276b55052665,2026-06,Suffolk Constabulary,Suffolk Constabulary,0.531420,52.335526,On or near Old Mill Lane,E01029945,West Suffolk 003A,Criminal damage and arson,Under investigation,
717bdfaac8f392fe326395802a33e81cd1e7732ec3883426daeda32e80a09171,2026-06,Suffolk Constabulary,Suffolk Constabulary,0.531420,52.335526,On or near Old Mill Lane,E01029945,West Suffolk 003A,Drugs,Under investigation,
a09b8461fd26eb5396df195e8a8277c83b5712a0d2c605164a1516e6767faaef,2026-06,Suffolk Constabulary,Suffolk Constabulary,0.531420,52.335526,On or near Old Mill Lane,E01029945,West Suffolk 003A,Violence and sexual offences,Unable to prosecute suspect,
7507eca2f284ce50df96f34e845274f05c46442b9aa6e378ea8817c3a924603c,2026-06,Suffolk Constabulary,Suffolk Constabulary,0.518519,52.336332,On or near Church Meadow,E01029945,West Suffolk 003A,Violence and sexual offences,Under investigation,
10d51df433ac4c4a75adc1b7d29bcbd1dbb847437411edff30f3cb04b1913f4a,2026-06,Suffolk Constabulary,Suffolk Constabulary,0.508286,52.338393,On or near Station Road,E01029945,West Suffolk 003A,Violence and sexual offences,Under investigation,
23a158ab0eab352d43bad1988fa240ef02666d5963a9ab206dbf71da4a18365d,2026-06,Suffolk Constabulary,Suffolk Constabulary,0.439980,52.321903,On or near The Driftway,E01029945,West Suffolk 003A,Violence and sexual offences,Under investigation,
a167b70805f3db7a500b76a87d9b87c6adfa6ba5125ab6de74a88893e4fbac73,2026-06,Suffolk Constabulary,Suffolk Constabulary,0.439894,52.320879,On or near Shores Close,E01029945,West Suffolk 003A,Violence and sexual offences,Under investigation,
,2026-06,Suffolk Constabulary,Suffolk Constabulary,0.462934,52.372646,On or near The Grove,E01032523,West Suffolk 003B,Anti-social behaviour,,
a8f8bd568b06a5a231b52c0b1156f171d74136525c38552d94aa756021ce5d39,2026-06,Suffolk Constabulary,Suffolk Constabulary,0.480144,52.373536,On or near Cutters Close,E01032523,West Suffolk 003B,Bicycle theft,Under investigation,
5db53a87a1c42d2d3f7a2c750ea5d837588a962455e6ab34aa634a6481da41ed,2026-06,Suffolk Constabulary,Suffolk Constabulary,0.462934,52.372646,On or near The Grove,E01032523,West Suffolk 003B,Burglary,Under investigation,
a0a2e032313f380dc34633ed9926ecb3573cf03b995797c2f3faa64a4b0d7bfa,2026-06,Suffolk Constabulary,Suffolk Constabulary,0.479255,52.372619,On or near Dairy Drive,E01032523,West Suffolk 003B,Criminal damage and arson,Under investigation,
24f2a2708450a76aa9911cba3319ee6a7a1dddbf417d202e0cbb4583dbe8059e,2026-06,Suffolk Constabulary,Suffolk Constabulary,0.482347,52.372743,On or near Pasture Way,E01032523,West Suffolk 003B,Violence and sexual offences,Under investigation,
815ff0618f54f841f7b90dbe12596d0bcdeda3dc32a2d98927ac104f83bd73ef,2026-06,Suffolk Constabulary,Suffolk Constabulary,0.480706,52.372292,On or near Jersey Court,E01032523,West Suffolk 003B,Violence and sexual offences,Local resolution,
f8111cd168a1e5f787f2c8d91d0eb32cd635f7d110c1b5f6fde4c50afab9aa43,2026-06,Suffolk Constabulary,Suffolk Constabulary,0.482347,52.372743,On or near Pasture Way,E01032523,West Suffolk 003B,Violence and sexual offences,Under investigation,
d0590dbbe9c7e4811e105337f98983ed56b8dd65077d2915f0d6d2a8740a07fb,2026-06,Suffolk Constabulary,Suffolk Constabulary,0.480524,52.374562,On or near Cedar Court,E01032523,West Suffolk 003B,Violence and sexual offences,Under investigation,
f917fdf43647fde792fd889557a84386839c5fdea922c90935be34c13f576c02,2026-06,Suffolk Constabulary,Suffolk Constabulary,0.482347,52.372743,On or near Pasture Way,E01032523,West Suffolk 003B,Violence and sexual offences,Under investigation,
,2026-06,Suffolk Constabulary,Suffolk Constabulary,0.486010,52.372306,On or near Shrub House Close,E01032524,West Suffolk 003C,Anti-social behaviour,,
ee80d540a631b521895241f8694dfaa080c0799074d7b9b33f785b02d99c2ce4,2026-06,Suffolk Constabulary,Suffolk Constabulary,0.488161,52.370067,On or near Hawthorn Walk,E01032524,West Suffolk 003C,Criminal damage and arson,Under investigation,
a83525d5679fcbd101320d9ac366c5b3c36a5d55e900d3d4053f866eb4fe2940,2026-06,Suffolk Constabulary,Suffolk Constabulary,0.447409,52.388669,On or near Birchinhill Drove,E01032524,West Suffolk 003C,Other theft,Investigation complete; no suspect identified,
18b3368c75a751dc5ef372ec752219a822cab9b621fb9cf7d17096284b79f413,2026-06,Suffolk Constabulary,Suffolk Constabulary,0.483976,52.371918,On or near Smoke House View,E01032524,West Suffolk 003C,Other theft,Under investigation,
9b4c3654c15e1fbca74519fd0a3542cd4bb629b130ce351efaa80e21aaa40fbc,2026-06,Suffolk Constabulary,Suffolk Constabulary,0.447409,52.388669,On or near Birchinhill Drove,E01032524,West Suffolk 003C,Other theft,Under investigation,
db4999d9b97d2bdc1b78029147a47aac179a1d531868f7158f0b1977b5d53346,2026-06,Suffolk Constabulary,Suffolk Constabulary,0.453548,52.356520,On or near Manor Farm Road,E01032526,West Suffolk 003D,Criminal damage and arson,Under investigation,
5f7d7f67c796bd18e3a82988aa7af5c0428a134a79a445b2f6436eb13bd863de,2026-06,Suffolk Constabulary,Suffolk Constabulary,0.458263,52.352834,On or near William'S Way,E01032526,West Suffolk 003D,Possession of weapons,Local resolution,
891d6f620e3396b366f323b0ba9358b79f59c31ae1ec82195990c9bb5c02f2d8,2026-06,Suffolk Constabulary,Suffolk Constabulary,0.457119,52.353380,On or near Friday Street,E01032526,West Suffolk 003D,Violence and sexual offences,Under investigation,
ccd517d0ea252a0f7f12d21f6a0a173431cccad1e42db6772f9d02097aa9ce2d,2026-06,Suffolk Constabulary,Suffolk Constabulary,0.453548,52.356520,On or near Manor Farm Road,E01032526,West Suffolk 003D,Violence and sexual offences,Under investigation,
89935615b715d8e229d4fd35ba5a108deec8ddaf37eda50b3e5c99ede3c91572,2026-06,Suffolk Constabulary,Suffolk Constabulary,0.459802,52.358593,On or near Victoria Close,E01032526,West Suffolk 003D,Violence and sexual offences,Under investigation,
5618ad53c582905aea15822dce2d02413249f12febae50d32fe8b24eecc1a8bf,2026-06,Suffolk Constabulary,Suffolk Constabulary,0.514058,52.365086,On or near Eriswell Road,E01034564,West Suffolk 003E,Burglary,Under investigation,
872b41f537312526b389102884ed8ff1278eefc1db676467e91889a8a48b4d71,2026-06,Suffolk Constabulary,Suffolk Constabulary,0.485847,52.368884,On or near Tithe Avenue,E01034564,West Suffolk 003E,Violence and sexual offences,Unable to prosecute suspect,
,2026-06,Suffolk Constabulary,Suffolk Constabulary,0.497289,52.374568,On or near Girling Way,E01034565,West Suffolk 003F,Anti-social behaviour,,
,2026-06,Suffolk Constabulary,Suffolk Constabulary,0.496264,52.366299,On or near St John'S Street,E01034565,West Suffolk 003F,Anti-social behaviour,,
,2026-06,Suffolk Constabulary,Suffolk Constabulary,0.498566,52.371169,On or near Lizards Way,E01034565,West Suffolk 003F,Anti-social behaviour,,
a9ce93d1dddae1081af11beb7ca693f9063d1a5bb5020e618877ca937f759a34,2026-06,Suffolk Constabulary,Suffolk Constabulary,0.496566,52.370870,On or near Heathlands,E01034565,West Suffolk 003F,Burglary,Unable to prosecute suspect,
a0a1b89ff6408c8f3038f1885a56947c3b0483d666226b9547b6767a5afdc9fa,2026-06,Suffolk Constabulary,Suffolk Constabulary,0.491479,52.367677,On or near Lamble Close,E01034565,West Suffolk 003F,Criminal damage and arson,Under investigation,
0f8ca6529528a2807e2e1b46aecfb79e72a3f9aefd05d8e4634264afc381de95,2026-06,Suffolk Constabulary,Suffolk Constabulary,0.491479,52.367677,On or near Lamble Close,E01034565,West Suffolk 003F,Criminal damage and arson,Under investigation,
29ef40aa8206955d67d6f6855158c0bf958c80b512c2b9f2df428f43e073cc03,2026-06,Suffolk Constabulary,Suffolk Constabulary,0.496951,52.371446,On or near Acres Walk,E01034565,West Suffolk 003F,Public order,Under investigation,
5dcbd31793c14b2ab7ca7f7c5544878d951064b993ae3bf7490e5db25d785443,2026-06,Suffolk Constabulary,Suffolk Constabulary,0.496951,52.371446,On or near Acres Walk,E01034565,West Suffolk 003F,Public order,Under investigation,
e5593610a64497813fe1f7f802e168820c4ab937cb763c8e044f0e9e73b563ff,2026-06,Suffolk Constabulary,Suffolk Constabulary,0.498566,52.371169,On or near Lizards Way,E01034565,West Suffolk 003F,Public order,Under investigation,
ce64a4b2af2df112a4d0acd76f8589436ecc8ce6be5d70042c4bab4eac47f92f,2026-06,Suffolk Constabulary,Suffolk Constabulary,0.494799,52.372094,On or near Heather Court,E01034565,West Suffolk 003F,Vehicle crime,Under investigation,
2d25c811c75ecc1dfde6779663778c8d21a43ccec092f748e7f0370eab3e65d8,2026-06,Suffolk Constabulary,Suffolk Constabulary,0.496951,52.371446,On or near Acres Walk,E01034565,West Suffolk 003F,Violence and sexual offences,Under investigation,
dcc2f5bd38f959ea74a780634767d2cfe54bcf0a8669d76e09e5c90ffc70dcef,2026-06,Suffolk Constabulary,Suffolk Constabulary,0.496951,52.371446,On or near Acres Walk,E01034565,West Suffolk 003F,Violence and sexual offences,Under investigation,
6ead2c1c182bba453b7a9754b008f7ba68d9bfab42a2614fec56a05da8f33cf0,2026-06,Suffolk Constabulary,Suffolk Constabulary,0.499139,52.371949,On or near Hicfield Road,E01034565,West Suffolk 003F,Violence and sexual offences,Under investigation,
bf0939b52df33d3587ca6a4ed23128d2e2c98beeae7a183597c643d8346b9648,2026-06,Suffolk Constabulary,Suffolk Constabulary,0.498082,52.369093,On or near Parkside,E01034565,West Suffolk 003F,Violence and sexual offences,Under investigation,
74768d76b317575cbe0389bd40a6965eeab2d4059b4810e59645f3fe2dddb327,2026-06,Suffolk Constabulary,Suffolk Constabulary,0.498566,52.371169,On or near Lizards Way,E01034565,West Suffolk 003F,Violence and sexual offences,Under investigation,
,2026-06,Suffolk Constabulary,Suffolk Constabulary,0.518553,52.347778,On or near Emmanuel Close,E01029938,West Suffolk 004A,Anti-social behaviour,,
d200f63ff2946b5818a25b807c1d8c201c5962224f248a6da597a7b0359ba624,2026-06,Suffolk Constabulary,Suffolk Constabulary,0.518553,52.347778,On or near Emmanuel Close,E01029938,West Suffolk 004A,Public order,Under investigation,
1aea686404364a177e827eec8963920e29bdc0bc556d2d10e4d97a08bcbf82f7,2026-06,Suffolk Constabulary,Suffolk Constabulary,0.518553,52.347778,On or near Emmanuel Close,E01029938,West Suffolk 004A,Public order,Under investigation,
410a0d93480d015015cf3ed86ec170e13b61c49c9f909c2af02ca8d8e080a79f,2026-06,Suffolk Constabulary,Suffolk Constabulary,0.519468,52.351230,On or near St John'S Close,E01029938,West Suffolk 004A,Violence and sexual offences,Under investigation,
7f943240acdf4a919f43216e666abee9489c31aea4f98912d83344ef3bae698e,2026-06,Suffolk Constabulary,Suffolk Constabulary,0.516984,52.350932,On or near Cavendish Close,E01029938,West Suffolk 004A,Violence and sexual offences,Under investigation,
06630942c6f8ff0d0b93259a36c5f4162231fc7bd9d67b8c6af001fd9e41c1c5,2026-06,Suffolk Constabulary,Suffolk Constabulary,0.516984,52.350932,On or near Cavendish Close,E01029938,West Suffolk 004A,Violence and sexual offences,Under investigation,
63fad44103c61c749326c1d653491feebd276bd02784c460a47f5a9a6d176f5d,2026-06,Suffolk Constabulary,Suffolk Constabulary,0.521196,52.349332,On or near Clare Close,E01029938,West Suffolk 004A,Violence and sexual offences,Under investigation,
cf075c349d205fa5075e31f80260da2014b10861cf2537b57560bd424574330d,2026-06,Suffolk Constabulary,Suffolk Constabulary,0.516984,52.350932,On or near Cavendish Close,E01029938,West Suffolk 004A,Violence and sexual offences,Under investigation,
a47220fe98310b03bd354022bae03f4b652f296743bf1cf31d789c1f8a7f7a24,2026-06,Suffolk Constabulary,Suffolk Constabulary,0.518553,52.347778,On or near Emmanuel Close,E01029938,West Suffolk 004A,Violence and sexual offences,Under investigation,
46d508b6354da94ef106b41689d6f53b52091f046448444c1cb9716fd297abe4,2026-06,Suffolk Constabulary,Suffolk Constabulary,0.517890,52.349703,On or near Sports/Recreation Area,E01029938,West Suffolk 004A,Violence and sexual offences,Under investigation,
4d40b1496e88b1d797aad7f60b49d508836eeebce0e3e2e86d2adde38d362076,2026-06,Suffolk Constabulary,Suffolk Constabulary,0.516984,52.350932,On or near Cavendish Close,E01029938,West Suffolk 004A,Violence and sexual offences,Unable to prosecute suspect,
67dd6e61f62057310f4fb98c819a501c6bbf8ca1d4e1b3f23c95d16f2ad3cb95,2026-06,Suffolk Constabulary,Suffolk Constabulary,0.521196,52.349332,On or near Clare Close,E01029938,West Suffolk 004A,Violence and sexual offences,Under investigation,
4ccabe59ed6b14d4709a019e548323fc7512456882261efd09c4c3fe86612876,2026-06,Suffolk Constabulary,Suffolk Constabulary,0.521196,52.349332,On or near Clare Close,E01029938,West Suffolk 004A,Violence and sexual offences,Under investigation,
7f50e2621d8ff74cb9126ef9684ea2748481a2a7d8c6dbe3c1031b797e7cafa7,2026-06,Suffolk Constabulary,Suffolk Constabulary,0.518553,52.347778,On or near Emmanuel Close,E01029938,West Suffolk 004A,Violence and sexual offences,Under investigation,
6335719df179a09be9362c13e1f81948bc0cbea7113453fd19f4a9cf893d44dc,2026-06,Suffolk Constabulary,Suffolk Constabulary,0.522245,52.347898,On or near Newnham Close,E01029938,West Suffolk 004A,Violence and sexual offences,Under investigation,
6d90a794e5800d7ee6cb447b9c93a53364a8ccf4a067ada47ec5146054555dfb,2026-06,Suffolk Constabulary,Suffolk Constabulary,0.518553,52.347778,On or near Emmanuel Close,E01029938,West Suffolk 004A,Violence and sexual offences,Under investigation,
661034668f5e46acd93c2410c12cf582087e2ea72848665ee2d398c5ef4aef88,2026-06,Suffolk Constabulary,Suffolk Constabulary,0.517890,52.349703,On or near Sports/Recreation Area,E01029938,West Suffolk 004A,Violence and sexual offences,Awaiting court outcome,
65bde62e95486502af9b8125d27c0c09ac802266d90267f11aa0cd47ffdb0666,2026-06,Suffolk Constabulary,Suffolk Constabulary,0.522245,52.347898,On or near Newnham Close,E01029938,West Suffolk 004A,Other crime,Under investigation,
8acbb2854fdf100382e5bf51d0546bd6dfcaf13cb08c7d8f6d6d20880f144ada,2026-06,Suffolk Constabulary,Suffolk Constabulary,0.521196,52.349332,On or near Clare Close,E01029938,West Suffolk 004A,Other crime,Under investigation,
,2026-06,Suffolk Constabulary,Suffolk Constabulary,0.505217,52.350850,On or near Campbell Close,E01029939,West Suffolk 004B,Anti-social behaviour,,
b6159324e81d4c47346b0308ee576567233ca9165be9f88a8533c789f1dad04c,2026-06,Suffolk Constabulary,Suffolk Constabulary,0.501695,52.350628,On or near Miles Hawk Way,E01029939,West Suffolk 004B,Burglary,Under investigation,
029831d41d839946a5d83e22ddbea977f6a920b40e4d3f3d1f924e23d168cb7f,2026-06,Suffolk Constabulary,Suffolk Constabulary,0.503030,52.346697,On or near Charles Melrose Close,E01029939,West Suffolk 004B,Criminal damage and arson,Unable to prosecute suspect,
7370ec4eb69470a68e9babc6083bbb1f1611a3d9c1a63f958bd5b54bbeb5443d,2026-06,Suffolk Constabulary,Suffolk Constabulary,0.503030,52.346697,On or near Charles Melrose Close,E01029939,West Suffolk 004B,Criminal damage and arson,Investigation complete; no suspect identified,
f53c16d8f7014cd531e14a28965fdfb5aa42a9db36f2de8779a7bbcd8a123b28,2026-06,Suffolk Constabulary,Suffolk Constabulary,0.511895,52.348190,On or near Breckland Way,E01029939,West Suffolk 004B,Public order,Under investigation,
d4ed59ae882efdefaa07aac1c9fa1138cfc6c4476f56678196b644a8cf4fd1df,2026-06,Suffolk Constabulary,Suffolk Constabulary,0.511895,52.348190,On or near Breckland Way,E01029939,West Suffolk 004B,Violence and sexual offences,Under investigation,
,2026-06,Suffolk Constabulary,Suffolk Constabulary,0.512725,52.348073,On or near Trinity Avenue,E01029940,West Suffolk 004C,Anti-social behaviour,,
2c497abe16bec47e14be463514d55f0ca66c624d53c36e7675221393e2a5721e,2026-06,Suffolk Constabulary,Suffolk Constabulary,0.513498,52.354190,On or near Field Road,E01029940,West Suffolk 004C,Burglary,Investigation complete; no suspect identified,
8951854545adbb04ec77aff140d35496cf5dfcf2ddd417c6d024c9d7fc285b2e,2026-06,Suffolk Constabulary,Suffolk Constabulary,0.518314,52.353916,On or near Gonville Close,E01029940,West Suffolk 004C,Burglary,Under investigation,
c042672ec60bf80b6f9662f53f25a5796fc6e643fd68bec52d85ffd9875ec0c7,2026-06,Suffolk Constabulary,Suffolk Constabulary,0.513498,52.354190,On or near Field Road,E01029940,West Suffolk 004C,Burglary,Under investigation,
fa59180054e8866fae9039c85bf4ecf845805e232177c542d7c4473d53c935f0,2026-06,Suffolk Constabulary,Suffolk Constabulary,0.514760,52.353911,On or near Girton Close,E01029940,West Suffolk 004C,Criminal damage and arson,Under investigation,
85e36a170c8ec84664ba52ef7b8a2f3cfdd288fa5f9154c9c1d7c13b6e06873c,2026-06,Suffolk Constabulary,Suffolk Constabulary,0.514783,52.347850,On or near Bunbury Avenue,E01029940,West Suffolk 004C,Criminal damage and arson,Investigation complete; no suspect identified,
ab280cf545a252cf0435c3269851e4ffc26ec5a678bc3ffa7c3cf791b56bde1b,2026-06,Suffolk Constabulary,Suffolk Constabulary,0.514723,52.349119,On or near Scott Avenue,E01029940,West Suffolk 004C,Other theft,Unable to prosecute suspect,
630f75d44cf034d3b0b8377e64c1336280d3e78678c218629f8fb3225460e2e8,2026-06,Suffolk Constabulary,Suffolk Constabulary,0.513498,52.354190,On or near Field Road,E01029940,West Suffolk 004C,Other theft,Unable to prosecute suspect,
cfadbb27c94329b741983709ce5ca96f8308a78d78be55f43f551ddca5a585f6,2026-06,Suffolk Constabulary,Suffolk Constabulary,0.513498,52.354190,On or near Field Road,E01029940,West Suffolk 004C,Other theft,Investigation complete; no suspect identified,
3670f0cff66dba8bc285c97649771b843a5058c102b3301ced8ec47caec4d5bd,2026-06,Suffolk Constabulary,Suffolk Constabulary,0.513498,52.354190,On or near Field Road,E01029940,West Suffolk 004C,Public order,Under investigation,
d66c0f8811fd2285619053100436000953fca2d5a895b49fe1cc666bd1af91e0,2026-06,Suffolk Constabulary,Suffolk Constabulary,0.517564,52.353645,On or near St Catherines Close,E01029940,West Suffolk 004C,Robbery,Unable to prosecute suspect,
9aa8c1645ed05294ff250bfa3b59a4b1128a14b4f88e7e1d92e838e06fb09751,2026-06,Suffolk Constabulary,Suffolk Constabulary,0.512725,52.348073,On or near Trinity Avenue,E01029940,West Suffolk 004C,Violence and sexual offences,Under investigation,
a393e2e0e77a34dc12f8122694ec17a1673a16dd1bea114a7641e98239bd2024,2026-06,Suffolk Constabulary,Suffolk Constabulary,0.507518,52.352572,On or near Finchley Avenue,E01029940,West Suffolk 004C,Violence and sexual offences,Under investigation,
2e27ae2f90f667d587c98a10e87a4bf221267122ce17f76f1dae1af021465f1c,2026-06,Suffolk Constabulary,Suffolk Constabulary,0.517564,52.353645,On or near St Catherines Close,E01029940,West Suffolk 004C,Violence and sexual offences,Under investigation,
987733eb5c08e757fa4d3a91e587a5e345e98221adfbc3b3fcfa6bb3cf0b8ee6,2026-06,Suffolk Constabulary,Suffolk Constabulary,0.516161,52.349106,On or near Hanmer Avenue,E01029940,West Suffolk 004C,Violence and sexual offences,Under investigation,
d274a5d2da09c1824543775e8760092cf178cd610b068d3eef7b359919f04e16,2026-06,Suffolk Constabulary,Suffolk Constabulary,0.514938,52.350059,On or near Pembroke Close,E01029940,West Suffolk 004C,Violence and sexual offences,Unable to prosecute suspect,
,2026-06,Suffolk Constabulary,Suffolk Constabulary,0.523795,52.351650,On or near Cypress Close,E01029946,West Suffolk 004D,Anti-social behaviour,,
,2026-06,Suffolk Constabulary,Suffolk Constabulary,0.511087,52.346112,On or near North Place,E01029946,West Suffolk 004D,Anti-social behaviour,,
,2026-06,Suffolk Constabulary,Suffolk Constabulary,0.523517,52.350640,On or near Fir Tree Court,E01029946,West Suffolk 004D,Anti-social behaviour,,
,2026-06,Suffolk Constabulary,Suffolk Constabulary,0.526853,52.349391,On or near Juniper Close,E01029946,West Suffolk 004D,Anti-social behaviour,,
bb5d13b64d615b167946d8c00aad336bbea0c3bf580cd59c0af7caae61b76479,2026-06,Suffolk Constabulary,Suffolk Constabulary,0.518811,52.345093,On or near Chestnut Close,E01029946,West Suffolk 004D,Criminal damage and arson,Under investigation,
3c553a3629fee22412557e076d934eebaae1a559fe1c35836f6ca3946e0db75e,2026-06,Suffolk Constabulary,Suffolk Constabulary,0.519262,52.344680,On or near Police Station,E01029946,West Suffolk 004D,Public order,Under investigation,
e6f7899480792e492f7e194f61ac919d50ea87392b6ed10e02a77bf3f3636d54,2026-06,Suffolk Constabulary,Suffolk Constabulary,0.523795,52.351650,On or near Cypress Close,E01029946,West Suffolk 004D,Public order,Under investigation,
afeb2664bf3632c016773bed2a99f04a3fdb3dfcb4bddcbabd321625c839530e,2026-06,Suffolk Constabulary,Suffolk Constabulary,0.523575,52.346754,On or near Sand Acre Close,E01029946,West Suffolk 004D,Violence and sexual offences,Under investigation,
3eb5b183aafeecff4e9492007922675a4fd03134a9e451bfd0a84331de1533e1,2026-06,Suffolk Constabulary,Suffolk Constabulary,0.523795,52.351650,On or near Cypress Close,E01029946,West Suffolk 004D,Violence and sexual offences,Unable to prosecute suspect,
123207b01aa1a36d44ca280cf25c9135ae15e0601c5fcacba120d3665a266ab4,2026-06,Suffolk Constabulary,Suffolk Constabulary,0.523795,52.351650,On or near Cypress Close,E01029946,West Suffolk 004D,Violence and sexual offences,Under investigation,
f08df4cdcf8e1f2022ac1b5839298c205df87b33f864d41912846b3287ba6e0c,2026-06,Suffolk Constabulary,Suffolk Constabulary,0.519262,52.344680,On or near Police Station,E01029946,West Suffolk 004D,Violence and sexual offences,Under investigation,
,2026-06,Suffolk Constabulary,Suffolk Constabulary,0.535483,52.342800,On or near Parking Area,E01029947,West Suffolk 004E,Anti-social behaviour,,
,2026-06,Suffolk Constabulary,Suffolk Constabulary,0.503838,52.341770,On or near Wamil Walk,E01029947,West Suffolk 004E,Anti-social behaviour,,
,2026-06,Suffolk Constabulary,Suffolk Constabulary,0.509326,52.343542,On or near Old Bakery Lane,E01029947,West Suffolk 004E,Anti-social behaviour,,
,2026-06,Suffolk Constabulary,Suffolk Constabulary,0.513164,52.342876,On or near Recreation Way,E01029947,West Suffolk 004E,Anti-social behaviour,,
04ff084311c0fd210934db6c9134da0f5572c1869ca6a136106ac6392fbdb451,2026-06,Suffolk Constabulary,Suffolk Constabulary,0.508697,52.342017,On or near Aldrich Place,E01029947,West Suffolk 004E,Criminal damage and arson,Investigation complete; no suspect identified,
0ea39cb6bd88b1e19ef02146523b9b7c372d636631ecb12863ff64502454167f,2026-06,Suffolk Constabulary,Suffolk Constabulary,0.508697,52.342017,On or near Aldrich Place,E01029947,West Suffolk 004E,Criminal damage and arson,Investigation complete; no suspect identified,
43e2e6d6a3335e5f6e9574d356a5d0a4397ec35b85ebfba0ae41f7efba296c33,2026-06,Suffolk Constabulary,Suffolk Constabulary,0.508697,52.342017,On or near Aldrich Place,E01029947,West Suffolk 004E,Drugs,Under investigation,
a3b2d64c6df6ccd3dc58e769ebdd8e4cf320676a950c756a87e8735c7ea0d330,2026-06,Suffolk Constabulary,Suffolk Constabulary,0.509407,52.344457,On or near New Street,E01029947,West Suffolk 004E,Other theft,Unable to prosecute suspect,
c8d8d922d5055bd9f5245d8f5dca307936f590fa150096e621ba6dc3a2642b53,2026-06,Suffolk Constabulary,Suffolk Constabulary,0.509407,52.344457,On or near New Street,E01029947,West Suffolk 004E,Other theft,Under investigation,
e97e6fb19cfb5af90d3f88786031f0458c344ff543267687b6ea2fb7cc992aee,2026-06,Suffolk Constabulary,Suffolk Constabulary,0.506025,52.344619,On or near Queensway,E01029947,West Suffolk 004E,Other theft,Under investigation,
c9e79f4b519fb204f21404bf691353e4d08175f9ac050cec5a18ed94c7418411,2026-06,Suffolk Constabulary,Suffolk Constabulary,0.504894,52.345128,On or near Threshers Yard,E01029947,West Suffolk 004E,Other theft,Under investigation,
832cbbead8b378c7682ec7cea605c227ef15f86d93d08b34f1d81019fbf876ba,2026-06,Suffolk Constabulary,Suffolk Constabulary,0.504778,52.342568,On or near Riverside Close,E01029947,West Suffolk 004E,Public order,Unable to prosecute suspect,
d52449669efe931129c9c625903f6e206806de4d6b1749bac3465b72dd795fed,2026-06,Suffolk Constabulary,Suffolk Constabulary,0.511719,52.342450,On or near Shopping Area,E01029947,West Suffolk 004E,Shoplifting,Investigation complete; no suspect identified,
792b36a3713374575af8d4ba0e4fe6e6a968a6689119b1d0cda007e7b7a11a0c,2026-06,Suffolk Constabulary,Suffolk Constabulary,0.511719,52.342450,On or near Shopping Area,E01029947,West Suffolk 004E,Shoplifting,Under investigation,
f3bd09f6b5ef42a09971556058e1e5584bb3c3d53f366d425fbe3a069727ff69,2026-06,Suffolk Constabulary,Suffolk Constabulary,0.511719,52.342450,On or near Shopping Area,E01029947,West Suffolk 004E,Shoplifting,Under investigation,
5cf5da5bc5e66b39203443777c4607a3961f8e9e70acf9e3abec17d7ca7ea95e,2026-06,Suffolk Constabulary,Suffolk Constabulary,0.512594,52.344722,On or near Pound Meadow Court,E01029947,West Suffolk 004E,Violence and sexual offences,Under investigation,
892d1831eeb3d349a04021b96c8a4094452a2c4f69ec38f190053ac8b7c02fd1,2026-06,Suffolk Constabulary,Suffolk Constabulary,0.510743,52.344456,On or near Police Station Square,E01029947,West Suffolk 004E,Violence and sexual offences,Under investigation,
e06c168199fa89afcd421ad44de1ea0e57027670c4bdc2bb6335ed0522dbb6b7,2026-06,Suffolk Constabulary,Suffolk Constabulary,0.504717,52.343828,On or near Bridewell Close,E01029947,West Suffolk 004E,Violence and sexual offences,Under investigation,
f483bb49fda0290701f14221e2b86847741121ec2c7f7ed24fdbe877632f1a8d,2026-06,Suffolk Constabulary,Suffolk Constabulary,0.504894,52.345128,On or near Threshers Yard,E01029947,West Suffolk 004E,Violence and sexual offences,Under investigation,
b7147ffdca6b8516f01c669163f09ab5f06ec4734644acc1f6b58d8b7608bb80,2026-06,Suffolk Constabulary,Suffolk Constabulary,0.504717,52.343828,On or near Bridewell Close,E01029947,West Suffolk 004E,Violence and sexual offences,Under investigation,
6d3d3eb89d9fec961774a93bfcd9d3d11f08bbebcfd1ee7528295b72fe3c8529,2026-06,Suffolk Constabulary,Suffolk Constabulary,0.512594,52.344722,On or near Pound Meadow Court,E01029947,West Suffolk 004E,Violence and sexual offences,Under investigation,
753443c7f586d35e978a8170c65aac095e2d21e7787543ed503cbc9319f1eb7c,2026-06,Suffolk Constabulary,Suffolk Constabulary,0.508697,52.342017,On or near Aldrich Place,E01029947,West Suffolk 004E,Violence and sexual offences,Under investigation,
8f993763bf94bfbcd3b582a5b25a54a45a871bd2fb568ff665ecde9b241dca01,2026-06,Suffolk Constabulary,Suffolk Constabulary,0.508697,52.342017,On or near Aldrich Place,E01029947,West Suffolk 004E,Violence and sexual offences,Under investigation,
d4ebf1d7f46e71001ce075cd2573d9844218c6c49b8839d36f096070f7a378d8,2026-06,Suffolk Constabulary,Suffolk Constabulary,0.510768,52.342558,On or near St Andrew'S Street,E01029947,West Suffolk 004E,Violence and sexual offences,Under investigation,
1db18b70072c7322127a6b43413236db2e8ce295793628cac5dd80330c8ec6c9,2026-06,Suffolk Constabulary,Suffolk Constabulary,0.525284,52.344532,On or near Hazel Close,E01029947,West Suffolk 004E,Violence and sexual offences,Under investigation,
8c21ee549afe95cb5b8a62df392650a03f7a6f137678626a9de8cb6f28a07d23,2026-06,Suffolk Constabulary,Suffolk Constabulary,0.507898,52.345290,On or near West Drive,E01029947,West Suffolk 004E,Violence and sexual offences,Under investigation,
3a98ccca67fb321c992e3c875c5343ae064dcf72ce16f599ec748eccf76364a0,2026-06,Suffolk Constabulary,Suffolk Constabulary,0.503838,52.341770,On or near Wamil Walk,E01029947,West Suffolk 004E,Other crime,Under investigation,
96da00e363e8f2e42efb22127deb41ec313fa457b5f4a623caa06743a7c612fe,2026-06,Suffolk Constabulary,Suffolk Constabulary,0.508697,52.342017,On or near Aldrich Place,E01029947,West Suffolk 004E,Other crime,Action to be taken by another organisation,
40b6c7f56fecd8474b487fb6de6df4f09e0972963dd4b93d82cd7b9f5a8b36fb,2026-06,Suffolk Constabulary,Suffolk Constabulary,0.916342,52.328471,On or near Sutton Drive,E01030096,West Suffolk 005B,Violence and sexual offences,Under investigation,
466206cc2f29d56afc360b60a2730303939e4e9275d6b3b3d1f4801374188b61,2026-06,Suffolk Constabulary,Suffolk Constabulary,0.887548,52.355349,On or near Church Gardens,E01030096,West Suffolk 005B,Violence and sexual offences,Unable to prosecute suspect,
e666966e017263ff32c82ea7688bcfc640041d663d8c7380ee73122925840206,2026-06,Suffolk Constabulary,Suffolk Constabulary,0.881215,52.348984,On or near Bardwell Road,E01030096,West Suffolk 005B,Violence and sexual offences,Under investigation,
4940e49e6d36ce2f29a1fc66f173b6d5b29de8a520786e07dd40e749ec89c809,2026-06,Suffolk Constabulary,Suffolk Constabulary,0.893077,52.355447,On or near Lingwood Close,E01030097,West Suffolk 005C,Violence and sexual offences,Under investigation,
b8d89e25968017cabd97ee0c6c1ebd53e8c36ff3171dacb9aa92fddb9b4c8878,2026-06,Suffolk Constabulary,Suffolk Constabulary,0.921999,52.374394,On or near Nethergate Street,E01030097,West Suffolk 005C,Violence and sexual offences,Action to be taken by another organisation,
d849866e5f47c1cbbe9892f1940d7f1d6dbe3ac253da9fbad406ceb63ea8987c,2026-06,Suffolk Constabulary,Suffolk Constabulary,0.921999,52.374394,On or near Nethergate Street,E01030097,West Suffolk 005C,Violence and sexual offences,Action to be taken by another organisation,
3aa17960a9a2c8924e7240c6811c97a30004d7cebf770b0536e01e9a79c0ab18,2026-06,Suffolk Constabulary,Suffolk Constabulary,0.921999,52.374394,On or near Nethergate Street,E01030097,West Suffolk 005C,Violence and sexual offences,Action to be taken by another organisation,
b338220c59b13a3f3250fae83707e4fea1476df90594ce764431570d077ff0b0,2026-06,Suffolk Constabulary,Suffolk Constabulary,0.882559,52.322484,On or near School Close,E01030145,West Suffolk 005D,Criminal damage and arson,Under investigation,
53dc65abf6ea62e2a81eab5441dbfc0c17dd565741a3c9d47fa623c820842df1,2026-06,Suffolk Constabulary,Suffolk Constabulary,0.884485,52.322752,On or near The Street,E01030145,West Suffolk 005D,Violence and sexual offences,Unable to prosecute suspect,
8e0ffabb1548332babfe4765c492a717301fb1c1ae3583e416e8774e7b78a846,2026-06,Suffolk Constabulary,Suffolk Constabulary,0.886241,52.324481,On or near Horseshoe Rise,E01030146,West Suffolk 005E,Violence and sexual offences,Unable to prosecute suspect,
69d55bbb0ad92d090113d64df3512f52bffac0f1b2a42494c3fbaee61c9e7ad6,2026-06,Suffolk Constabulary,Suffolk Constabulary,0.837406,52.295286,On or near Plummer Close,E01030121,West Suffolk 006B,Burglary,Under investigation,
6afe25670fd9ffa3c7e6aa9cd93a8139a7b631d71b9c624c52863676b4cb4fd0,2026-06,Suffolk Constabulary,Suffolk Constabulary,0.832150,52.303470,On or near The Langridge,E01030121,West Suffolk 006B,Other theft,Action to be taken by another organisation,
a0ab1111afb5661c2f4a3ee2e89b5307bd6c50fd11e17aa8254605335ed58ab8,2026-06,Suffolk Constabulary,Suffolk Constabulary,0.836985,52.298102,On or near Crown Lane,E01030121,West Suffolk 006B,Public order,Under investigation,
f1d481d7581c01eb8a2b5f9e8a189fb74b8c40166500cdd97e465d3bdf72c0ee,2026-06,Suffolk Constabulary,Suffolk Constabulary,0.830411,52.302199,On or near Reeve Close,E01030121,West Suffolk 006B,Violence and sexual offences,Investigation complete; no suspect identified,
f8cc1df83dc55767e2aabdbd030503c4b39b1006324d4def73cf609b73264bbf,2026-06,Suffolk Constabulary,Suffolk Constabulary,0.791948,52.332045,On or near Honington Rise,E01030132,West Suffolk 006C,Violence and sexual offences,Under investigation,
dd96917889b76e3d3a6431855595643df41c1089d7bb57f611a700839d944516,2026-06,Suffolk Constabulary,Suffolk Constabulary,0.791948,52.332045,On or near Honington Rise,E01030132,West Suffolk 006C,Violence and sexual offences,Under investigation,
baf6ed61b5d29be94e2ecd7b03d373d056ee97fcaef1c7c78c79be283cc988b1,2026-06,Suffolk Constabulary,Suffolk Constabulary,0.822938,52.270974,On or near St Marys View,E01030133,West Suffolk 006D,Violence and sexual offences,Investigation complete; no suspect identified,
d2b5211699a2c76aa8b9014fb9201720b97d61f22bb8cc39f7ed68ac015debee,2026-06,Suffolk Constabulary,Suffolk Constabulary,0.592697,52.328054,On or near West Street,E01029941,West Suffolk 007A,Violence and sexual offences,Under investigation,
,2026-06,Suffolk Constabulary,Suffolk Constabulary,0.482065,52.251299,On or near Mayes Meadow,E01029957,West Suffolk 007B,Anti-social behaviour,,
a2f325ce8e6610cc30c3032f1cc67132ffd789935b6613011d09e61b04ac87e7,2026-06,Suffolk Constabulary,Suffolk Constabulary,0.489991,52.268550,On or near Jeddah Way,E01029957,West Suffolk 007B,Criminal damage and arson,Unable to prosecute suspect,
3af97cac1b4c114a7075b69609f1b04cae9e15d5e22ddf2751dd9d493e6cc0b5,2026-06,Suffolk Constabulary,Suffolk Constabulary,0.424960,52.256272,On or near B1506,E01029957,West Suffolk 007B,Criminal damage and arson,Under investigation,
6baf93f82cb4aaef750179dce34663b5ff26eb6fbb6e485e062a8c605b17390e,2026-06,Suffolk Constabulary,Suffolk Constabulary,0.484227,52.252503,On or near Bridge Street,E01029957,West Suffolk 007B,Criminal damage and arson,Unable to prosecute suspect,
fcb9ca7484b97493a222581932f268a8202db04061eb8f2410100e78c1224124,2026-06,Suffolk Constabulary,Suffolk Constabulary,0.494002,52.271343,On or near Moulton Avenue,E01029957,West Suffolk 007B,Other theft,Under investigation,
d6ec2b210b58f12dea4e8349588934ad9d934f708a594fee18a5403310122e70,2026-06,Suffolk Constabulary,Suffolk Constabulary,0.500844,52.274408,On or near Saxon Hall Road,E01029957,West Suffolk 007B,Vehicle crime,Under investigation,
,2026-06,Suffolk Constabulary,Suffolk Constabulary,0.484028,52.300841,On or near Aster Close,E01033452,West Suffolk 007C,Anti-social behaviour,,
cab03d17f39a61f72b2adf62d7d7d33c315ae4e0683c0b4130519b3fd79568c7,2026-06,Suffolk Constabulary,Suffolk Constabulary,0.496451,52.300031,On or near Hornbeam Avenue,E01033452,West Suffolk 007C,Violence and sexual offences,Under investigation,
33fb037b4d75ce06f9c259d369c579f5846541eadaa7b2559ec4328f6b133300,2026-06,Suffolk Constabulary,Suffolk Constabulary,0.485649,52.299917,On or near White Mullein Drive,E01033452,West Suffolk 007C,Violence and sexual offences,Under investigation,
c49ad16fe4532e15497ee037a8e06194c0f17522f9ea9a05326befe033f4c2f7,2026-06,Suffolk Constabulary,Suffolk Constabulary,0.494023,52.299893,On or near The Birches,E01033452,West Suffolk 007C,Violence and sexual offences,Under investigation,
c0901a01e6d29cdc2508076b42668632c4c0f7f9be67de759d729efd8893c35a,2026-06,Suffolk Constabulary,Suffolk Constabulary,0.485649,52.299917,On or near White Mullein Drive,E01033452,West Suffolk 007C,Violence and sexual offences,Under investigation,
c6d0c124aa685b530aebca6b1db1fa6ae3abbf01bfd7c7113641204ba2507e68,2026-06,Suffolk Constabulary,Suffolk Constabulary,0.496451,52.300031,On or near Hornbeam Avenue,E01033452,West Suffolk 007C,Violence and sexual offences,Under investigation,
,2026-06,Suffolk Constabulary,Suffolk Constabulary,0.486273,52.305299,On or near Spearmint Way,E01033454,West Suffolk 007D,Anti-social behaviour,,
e5065701551ef9a257e27773b3feb6077026fa3fdfa6c44ed2705550275783ff,2026-06,Suffolk Constabulary,Suffolk Constabulary,0.496917,52.309886,On or near Elderberry Road,E01033454,West Suffolk 007D,Burglary,Investigation complete; no suspect identified,
96bc415f0167ad6d39954e60744c4a85dff2e4dc9769b3c5792d9276777263ff,2026-06,Suffolk Constabulary,Suffolk Constabulary,0.492389,52.308156,On or near Horseshoe Drive,E01033454,West Suffolk 007D,Criminal damage and arson,Under investigation,
ccf3c4647344cb84e57e2519cc3086f8f05052ed2796e72e45d6afa179c0db4d,2026-06,Suffolk Constabulary,Suffolk Constabulary,0.480819,52.303265,On or near Heath Farm Road,E01033454,West Suffolk 007D,Criminal damage and arson,Under investigation,
740006ccf31457692b07ad86737615bae11d053cf5f332de4fe08a6d8db9e33a,2026-06,Suffolk Constabulary,Suffolk Constabulary,0.480819,52.303265,On or near Heath Farm Road,E01033454,West Suffolk 007D,Criminal damage and arson,Under investigation,
9969ee72a623795b927460fd55dcb0efe311ec7aac0acc9ca1281cbdf63e70c7,2026-06,Suffolk Constabulary,Suffolk Constabulary,0.492389,52.308156,On or near Horseshoe Drive,E01033454,West Suffolk 007D,Violence and sexual offences,Under investigation,
0b78c483be94a38b70bbe91cf9f1f29d523434a68384821da1b46ffaf8975c90,2026-06,Suffolk Constabulary,Suffolk Constabulary,0.499323,52.309628,On or near Acorn Way,E01033454,West Suffolk 007D,Violence and sexual offences,Under investigation,
eae04b0a48390af8e9837bf824d0a8db228efeea6736e7f0c589b1c7313cfdb0,2026-06,Suffolk Constabulary,Suffolk Constabulary,0.492389,52.308156,On or near Horseshoe Drive,E01033454,West Suffolk 007D,Violence and sexual offences,Unable to prosecute suspect,
2f5c7ef463530da46fea52a9e6f962bcfd9be56db51f2d15ef91beeb069c4122,2026-06,Suffolk Constabulary,Suffolk Constabulary,0.480819,52.303265,On or near Heath Farm Road,E01033454,West Suffolk 007D,Violence and sexual offences,Under investigation,
19a56d4b3b563162d69c84ef1f997206295872b0f0161f2530a9d1bd4ab0dbe6,2026-06,Suffolk Constabulary,Suffolk Constabulary,0.481461,52.302145,On or near Redberry Way,E01033454,West Suffolk 007D,Violence and sexual offences,Under investigation,
5b003d99ecdc4a98ac6ecf72f6a87873e3059292c1b465c177a04184a44aec1c,2026-06,Suffolk Constabulary,Suffolk Constabulary,0.486273,52.305299,On or near Spearmint Way,E01033454,West Suffolk 007D,Violence and sexual offences,Under investigation,
0338fd9cf627af36adecc393eda0f3fb6309c835ae8e69c62cb6a6ad953295a2,2026-06,Suffolk Constabulary,Suffolk Constabulary,0.497909,52.303534,On or near Plantation Way,E01034566,West Suffolk 007E,Criminal damage and arson,Under investigation,
b80458f726c051e6d149e59fade575b63092154de2db04bc8414c2e480cb99e3,2026-06,Suffolk Constabulary,Suffolk Constabulary,0.495495,52.305473,On or near Bellflower Crescent,E01034566,West Suffolk 007E,Other theft,Under investigation,
d9b263c6c9d7c071a7488db82da60b76ca9fdd52524bad86755df471b9d808e7,2026-06,Suffolk Constabulary,Suffolk Constabulary,0.501728,52.306223,On or near Parsley Close,E01034566,West Suffolk 007E,Violence and sexual offences,Unable to prosecute suspect,
5517f1aaaa86cdeda649bfb6a1a932c5facfc94d21de41bd2c39efe1bd49849e,2026-06,Suffolk Constabulary,Suffolk Constabulary,0.497909,52.303534,On or near Plantation Way,E01034566,West Suffolk 007E,Violence and sexual offences,Under investigation,
44d81a4ef6e994a4a2bb86aeb37bfa89850f8a93cebdef70ff6d580243c588e4,2026-06,Suffolk Constabulary,Suffolk Constabulary,0.499636,52.308407,On or near Poppy Close,E01034566,West Suffolk 007E,Violence and sexual offences,Under investigation,
2639ec0c881036642cb5ce0d0f67025b305c7d3d4d1bc3d11a96bcb1240bbc03,2026-06,Suffolk Constabulary,Suffolk Constabulary,0.499636,52.308407,On or near Poppy Close,E01034566,West Suffolk 007E,Violence and sexual offences,Under investigation,
9962cdde2c8b77bace854a549374bfc99fb74c0b33eb09205de37b9c9d289bcd,2026-06,Suffolk Constabulary,Suffolk Constabulary,0.495922,52.304448,On or near Fennel Drive,E01034566,West Suffolk 007E,Violence and sexual offences,Under investigation,
6eaa092bece315eabe2382b8543b343caf09dbc9b2a52e015b4fb51a203c16f1,2026-06,Suffolk Constabulary,Suffolk Constabulary,0.496452,52.307872,On or near Juniper Road,E01034566,West Suffolk 007E,Violence and sexual offences,Under investigation,
57e49139665d66f8a5ff9acf62a6b44ae4decc7b5185acd4113be91c43b05f8d,2026-06,Suffolk Constabulary,Suffolk Constabulary,0.501680,52.309524,On or near Bilberry Close,E01034566,West Suffolk 007E,Violence and sexual offences,Under investigation,
2c8a4f8b20ab439385706d54c37e4daed388bf3d544956e5ae07aae995427e1c,2026-06,Suffolk Constabulary,Suffolk Constabulary,0.496045,52.301172,On or near Bramble Walk,E01034566,West Suffolk 007E,Violence and sexual offences,Under investigation,
1b3a0749672b33aba85f1ab26b434ffca1cd643a68b73e45795ccac7b931d3be,2026-06,Suffolk Constabulary,Suffolk Constabulary,0.495922,52.304448,On or near Fennel Drive,E01034566,West Suffolk 007E,Violence and sexual offences,Under investigation,
00d75158cb88e459bfd88bf403f53838f98af9226933650eccbcb914b7ea2c10,2026-06,Suffolk Constabulary,Suffolk Constabulary,0.496045,52.301172,On or near Bramble Walk,E01034566,West Suffolk 007E,Violence and sexual offences,Under investigation,
d5ab762f12a89a426971d67c32c7f9019f9f60608a32d45045b34003f235ce1a,2026-06,Suffolk Constabulary,Suffolk Constabulary,0.500668,52.301992,On or near Larchwood Road,E01034567,West Suffolk 007F,Criminal damage and arson,Under investigation,
8bf848857d54a075ec543406f053b428fcfd6d163d8fb7e88f9dd6b73858c5b0,2026-06,Suffolk Constabulary,Suffolk Constabulary,0.500551,52.299917,On or near Daffodil Way,E01034567,West Suffolk 007F,Violence and sexual offences,Action to be taken by another organisation,
bb0a3363caed85afb49eecfb00757381f360aa17c00d6b5e6e1d0a387c856638,2026-06,Suffolk Constabulary,Suffolk Constabulary,0.500551,52.299917,On or near Daffodil Way,E01034567,West Suffolk 007F,Violence and sexual offences,Under investigation,
e7d684e6ab86eebc846b405f6f2c91edd9d69b5651637b23e3813a5db0543dae,2026-06,Suffolk Constabulary,Suffolk Constabulary,0.499789,52.299663,On or near Burdock Road,E01034567,West Suffolk 007F,Violence and sexual offences,Action to be taken by another organisation,
656f0700f17b2adc610c872f9a78a07727a89b000366096ceacd93b8e8bb2b5e,2026-06,Suffolk Constabulary,Suffolk Constabulary,0.502145,52.299838,On or near Hyacinth Drive,E01034567,West Suffolk 007F,Violence and sexual offences,Under investigation,
117fd19344e38d275acdf7f5144a942c29def75df8517ed8cbb5df26876d8bb1,2026-06,Suffolk Constabulary,Suffolk Constabulary,0.502145,52.299838,On or near Hyacinth Drive,E01034567,West Suffolk 007F,Violence and sexual offences,Unable to prosecute suspect,
9423ba71a4fdf74f6caf3f838fdfaec7348c9bc5f408f4d7632904e7bf98bd77,2026-06,Suffolk Constabulary,Suffolk Constabulary,0.501285,52.302788,On or near Myrtle Lane,E01034567,West Suffolk 007F,Other crime,Under investigation,
7cb52c2a3ef697e14f0a7aed7feba4d502dd066cd636486d414eb946f1d518e7,2026-06,Suffolk Constabulary,Suffolk Constabulary,0.366031,52.259959,On or near Heath Road,E01029937,West Suffolk 008A,Other theft,Under investigation,
3af10c734427ee68bb879e2fd5cb22b085bc666bb61b94d18c30ae4af2e51abd,2026-06,Suffolk Constabulary,Suffolk Constabulary,0.366031,52.259959,On or near Heath Road,E01029937,West Suffolk 008A,Other theft,Under investigation,
6f3e659e35e3c10f8ca6214c14486dc8d35c2e0f277314bf80884af79ea9a6cb,2026-06,Suffolk Constabulary,Suffolk Constabulary,0.366031,52.259959,On or near Heath Road,E01029937,West Suffolk 008A,Other theft,Investigation complete; no suspect identified,
73faffbc31204f4fb06127492879f496fa854d1cad08c4307d2da43e5dd0aca7,2026-06,Suffolk Constabulary,Suffolk Constabulary,0.359853,52.267789,On or near Parking Area,E01029937,West Suffolk 008A,Public order,Under investigation,
84eb01801af9f5a0c9b31735a3b486903d602e2db046ace21c7187ff72e7be22,2026-06,Suffolk Constabulary,Suffolk Constabulary,0.366031,52.259959,On or near Heath Road,E01029937,West Suffolk 008A,Shoplifting,Under investigation,
c689a7b6cb1318111fd16efb1b34988ca1984ca23db2e667dfb0ad3239791cdb,2026-06,Suffolk Constabulary,Suffolk Constabulary,0.366031,52.259959,On or near Heath Road,E01029937,West Suffolk 008A,Shoplifting,Investigation complete; no suspect identified,
74202118f9e5e7e63520ac33493e6c96abd30bf96a55f5f2a1cebe4077c85717,2026-06,Suffolk Constabulary,Suffolk Constabulary,0.369756,52.263301,On or near St Wendred'S Way,E01029937,West Suffolk 008A,Violence and sexual offences,Under investigation,
a79424133da5a42a4ab054e734abea9430143284935cef93d141b3ab91209ac1,2026-06,Suffolk Constabulary,Suffolk Constabulary,0.359853,52.267789,On or near Parking Area,E01029937,West Suffolk 008A,Violence and sexual offences,Unable to prosecute suspect,
39318911880cf73f55c9e90f4e2c4441f9f97a0bda20ffe90aa990629f179585,2026-06,Suffolk Constabulary,Suffolk Constabulary,0.369756,52.263301,On or near St Wendred'S Way,E01029937,West Suffolk 008A,Violence and sexual offences,Under investigation,
dd2e7b4faf0bae00b0e55f420604a9ede815328d9e0c61f4a66608eb2d3adf81,2026-06,Suffolk Constabulary,Suffolk Constabulary,0.376207,52.263081,On or near Exning Road,E01029937,West Suffolk 008A,Other crime,Unable to prosecute suspect,
4216dae8cc858726bb628e8b6faff36b23b1b825808a8f06daddbd652ae7fdac,2026-06,Suffolk Constabulary,Suffolk Constabulary,0.368979,52.266050,On or near Oxford Street,E01029937,West Suffolk 008A,Other crime,Local resolution,
322170411e4b55d909d39b289aa57aeef84618e0a393d604a0f1c6764a430562,2026-06,Suffolk Constabulary,Suffolk Constabulary,0.391308,52.258028,On or near Formula Drive,E01029953,West Suffolk 008B,Other theft,Investigation complete; no suspect identified,
0f7cd8828d32d23ab02ac20b8de3e2ae4c228ac33ee338e36461ddcfec62e596,2026-06,Suffolk Constabulary,Suffolk Constabulary,0.396876,52.255829,On or near Lester Piggott Way,E01029953,West Suffolk 008B,Public order,Unable to prosecute suspect,
39ccf259c0e455b84c2569c5353d6e4c962672cd4b27c039455377f8b68a1db9,2026-06,Suffolk Constabulary,Suffolk Constabulary,0.397673,52.262998,On or near Petrol Station,E01029953,West Suffolk 008B,Vehicle crime,Investigation complete; no suspect identified,
3bafb476240d8e4478cc59bdc849f4b18f1c9a8cbcd98adcbc0bccee70b2c05c,2026-06,Suffolk Constabulary,Suffolk Constabulary,0.396089,52.262285,On or near Supermarket,E01029953,West Suffolk 008B,Vehicle crime,Investigation complete; no suspect identified,
efb034b44cad66b83a2325c6ab200a5b2bc728f460ca6d7e1abebce2249647d0,2026-06,Suffolk Constabulary,Suffolk Constabulary,0.395383,52.255320,On or near Gordon Richards Close,E01029953,West Suffolk 008B,Violence and sexual offences,Under investigation,
d6129926c1f8292bb6631c689ea4617e492f39243ffe31b5467e04fdf3e8e336,2026-06,Suffolk Constabulary,Suffolk Constabulary,0.395163,52.258849,On or near Willie Snaith Road,E01029953,West Suffolk 008B,Violence and sexual offences,Unable to prosecute suspect,
0f021a8d776ba2d600d4601fc616716239fd9a72ea53d4cd54f1c4faf18c1a5b,2026-06,Suffolk Constabulary,Suffolk Constabulary,0.388722,52.263881,On or near Parkers Walk,E01029953,West Suffolk 008B,Violence and sexual offences,Under investigation,
95dd0e4e29952e42bde57a20f4a1797664bf52c03cad9e5b7863c4b2c3154c67,2026-06,Suffolk Constabulary,Suffolk Constabulary,0.397673,52.262998,On or near Petrol Station,E01029953,West Suffolk 008B,Violence and sexual offences,Under investigation,
,2026-06,Suffolk Constabulary,Suffolk Constabulary,0.398888,52.252659,On or near Heasman Close,E01029955,West Suffolk 008C,Anti-social behaviour,,
,2026-06,Suffolk Constabulary,Suffolk Constabulary,0.398888,52.252659,On or near Heasman Close,E01029955,West Suffolk 008C,Anti-social behaviour,,
6a6e7b361b1de8519cfcc333249e3041ac605248707f6ac4bc0d1f407905be1e,2026-06,Suffolk Constabulary,Suffolk Constabulary,0.397132,52.252434,On or near Field Terrace Road,E01029955,West Suffolk 008C,Criminal damage and arson,Investigation complete; no suspect identified,
0af1ee805a676d36624df9346c46e914eba430c032541e6de9f0d48f4684928a,2026-06,Suffolk Constabulary,Suffolk Constabulary,0.398888,52.252659,On or near Heasman Close,E01029955,West Suffolk 008C,Violence and sexual offences,Unable to prosecute suspect,
30f8802151de5d611efa0e1ed59738fab5a97deaf2d407559a6f0506d4677576,2026-06,Suffolk Constabulary,Suffolk Constabulary,0.403521,52.256234,On or near Aborfield Drive,E01029955,West Suffolk 008C,Violence and sexual offences,Under investigation,
9f6c568238f59a679effd75c15e7a6af5e3de80ec140ea98ff5cc25fe53176de,2026-06,Suffolk Constabulary,Suffolk Constabulary,0.400878,52.249633,On or near Engelhard Road,E01029955,West Suffolk 008C,Violence and sexual offences,Under investigation,
6e8ba1d3b5ef6bd6c8d0cab0ab04bb02df5971c450d902599c26553cebb5e3bc,2026-06,Suffolk Constabulary,Suffolk Constabulary,0.398888,52.252659,On or near Heasman Close,E01029955,West Suffolk 008C,Violence and sexual offences,Under investigation,
87225c3b17dcf62d58488cd4145ae5d209dc507cbbe8ed1289a033b606b482dd,2026-06,Suffolk Constabulary,Suffolk Constabulary,0.401741,52.254220,On or near Elliott Close,E01029955,West Suffolk 008C,Other crime,Further investigation is not in the public interest,
2a567a1f5f283b0ad16ba123a6836140f7cf0063e44a21fc527b0a6af94d3bc7,2026-06,Suffolk Constabulary,Suffolk Constabulary,0.383800,52.264205,On or near Highclere Close,E01029956,West Suffolk 008D,Criminal damage and arson,Investigation complete; no suspect identified,
5641d948b3c9fd325f9ab58d03715084f03948e7b8ba27edb8f8c46a78fb7843,2026-06,Suffolk Constabulary,Suffolk Constabulary,0.388328,52.260382,On or near Victoria Way,E01029956,West Suffolk 008D,Public order,Under investigation,
870e57ae956a0ce6e3c335dadacefa4a3667c73d5546a5b028530377fd228a88,2026-06,Suffolk Constabulary,Suffolk Constabulary,0.388328,52.260382,On or near Victoria Way,E01029956,West Suffolk 008D,Public order,Under investigation,
d02122facfbf12437f2deaea4c5ff6ccafe2b6f9b0a8af2f2c7e83c1efba4144,2026-06,Suffolk Constabulary,Suffolk Constabulary,0.388328,52.260382,On or near Victoria Way,E01029956,West Suffolk 008D,Vehicle crime,Under investigation,
2cef06bef9b433e6e4c76443fd2c72d334323a8af0fd2f81dec2e5b2dcbb537b,2026-06,Suffolk Constabulary,Suffolk Constabulary,0.394331,52.264630,On or near Nimbus Way,E01029956,West Suffolk 008D,Violence and sexual offences,Investigation complete; no suspect identified,
,2026-06,Suffolk Constabulary,Suffolk Constabulary,0.408142,52.246868,On or near Supermarket,E01034568,West Suffolk 008E,Anti-social behaviour,,
1d4dcb5112f072195f9b8374c0dbc271efb834f5ffaa0783b5c2d9099b0c17e5,2026-06,Suffolk Constabulary,Suffolk Constabulary,0.404496,52.245828,On or near The Watercourse,E01034568,West Suffolk 008E,Bicycle theft,Under investigation,
5432596d662f623ed2834c077cc844e5ea9a0953bfc954d7fb3e979472b133e4,2026-06,Suffolk Constabulary,Suffolk Constabulary,0.404496,52.245828,On or near The Watercourse,E01034568,West Suffolk 008E,Bicycle theft,Under investigation,
5ed947159540d0b2021c5726104d3730df0f1b4a5deb7e72c4e68be79a003a0e,2026-06,Suffolk Constabulary,Suffolk Constabulary,0.405466,52.246689,On or near Exeter Road,E01034568,West Suffolk 008E,Bicycle theft,Under investigation,
262a0127e13e3fc48d1074308087eb33b48a8a59b55e5bfc9d9c48876b87dcbc,2026-06,Suffolk Constabulary,Suffolk Constabulary,0.405466,52.246689,On or near Exeter Road,E01034568,West Suffolk 008E,Bicycle theft,Under investigation,
bfd45164a460bdf7afb639ed8172c345f49ddc7c7047409938459535948fa56a,2026-06,Suffolk Constabulary,Suffolk Constabulary,0.407460,52.249967,On or near Brewers Lane,E01034568,West Suffolk 008E,Criminal damage and arson,Under investigation,
f86170211658aa380bffe76331872bdd16f71c93561d5c3682bfb6aa1a082d26,2026-06,Suffolk Constabulary,Suffolk Constabulary,0.408344,52.245740,On or near Crown Walk,E01034568,West Suffolk 008E,Other theft,Under investigation,
39177aacb6e9b774b4a23da4711a1a2c952c5cc4647ee76277552c5dd83b339d,2026-06,Suffolk Constabulary,Suffolk Constabulary,0.408142,52.246868,On or near Supermarket,E01034568,West Suffolk 008E,Other theft,Investigation complete; no suspect identified,
32317b5571a665fca3c77622a57c5b32d247c636ea5b7b7531ce0f7a8aa5c215,2026-06,Suffolk Constabulary,Suffolk Constabulary,0.406407,52.254880,On or near Paget Place,E01034568,West Suffolk 008E,Possession of weapons,Under investigation,
fba62d30b49b350facd66553181d2889ec7c1976e17f8fc8e02b12755bf34286,2026-06,Suffolk Constabulary,Suffolk Constabulary,0.405402,52.244433,On or near Drapery Row,E01034568,West Suffolk 008E,Public order,Under investigation,
95533db7e790d5c1a1b0fcc47b513864ebb5cd7449b294d1bfe9092ab328bf78,2026-06,Suffolk Constabulary,Suffolk Constabulary,0.405402,52.244433,On or near Drapery Row,E01034568,West Suffolk 008E,Public order,Under investigation,
5d090e0a57e017a0a824d5720af145dd36849134328f6682d1e21fef7c4eb0c1,2026-06,Suffolk Constabulary,Suffolk Constabulary,0.407460,52.249967,On or near Brewers Lane,E01034568,West Suffolk 008E,Robbery,Under investigation,
9588182f5a6149fd4cbb4d4d90d5c426386eb401b046a0a70bb2837a93a8ed63,2026-06,Suffolk Constabulary,Suffolk Constabulary,0.405402,52.244433,On or near Drapery Row,E01034568,West Suffolk 008E,Shoplifting,Investigation complete; no suspect identified,
f14fa522d2c5ecc4f0943f7fd3295afd83b4a919de482797a626678a9485387d,2026-06,Suffolk Constabulary,Suffolk Constabulary,0.405402,52.244433,On or near Drapery Row,E01034568,West Suffolk 008E,Shoplifting,Awaiting court outcome,
638f7eea70a612318ce52dd68cc38d43baceba24034cfd03c0384e53274c7efb,2026-06,Suffolk Constabulary,Suffolk Constabulary,0.405402,52.244433,On or near Drapery Row,E01034568,West Suffolk 008E,Shoplifting,Under investigation,
1ae2b9c8f90ab6bc1a785e1142a803c625563b451efe448e4d721a7953234553,2026-06,Suffolk Constabulary,Suffolk Constabulary,0.405402,52.244433,On or near Drapery Row,E01034568,West Suffolk 008E,Shoplifting,Awaiting court outcome,
1c09a02c29243b03cef4cd1c2d2dded4e719dfae03d6f3a59064408297d2a780,2026-06,Suffolk Constabulary,Suffolk Constabulary,0.405228,52.245813,On or near Barlings Court,E01034568,West Suffolk 008E,Shoplifting,Under investigation,
2b2a9c55a6d56027da1af3905ee0a928ee2d974db5649c5b65384d2f308f1158,2026-06,Suffolk Constabulary,Suffolk Constabulary,0.405228,52.245813,On or near Barlings Court,E01034568,West Suffolk 008E,Shoplifting,Investigation complete; no suspect identified,
9b5f901a562f30a4e3b540fd3701a5fa1637995bde8a0ffbd38460d6c0ae2e37,2026-06,Suffolk Constabulary,Suffolk Constabulary,0.405402,52.244433,On or near Drapery Row,E01034568,West Suffolk 008E,Shoplifting,Under investigation,
d000cb6010210b040905d34dec39df089310de8925ec4cdbad82060329a01042,2026-06,Suffolk Constabulary,Suffolk Constabulary,0.417092,52.251173,On or near Bury Road,E01034568,West Suffolk 008E,Violence and sexual offences,Under investigation,
1aa0e92e1d200c6bee30969f8ca8d5a3409c44938d0da8e5b453e471bf0dc965,2026-06,Suffolk Constabulary,Suffolk Constabulary,0.407460,52.249967,On or near Brewers Lane,E01034568,West Suffolk 008E,Violence and sexual offences,Under investigation,
ffaa76e84eded49507ec019ffc3ba02b5b9f7597ae232ae32b2c6582a47f7462,2026-06,Suffolk Constabulary,Suffolk Constabulary,0.404496,52.245828,On or near The Watercourse,E01034568,West Suffolk 008E,Violence and sexual offences,Investigation complete; no suspect identified,
838ecd2217b5a2feef325a8a6c6987309c16115f3f937b413d95f462865abd30,2026-06,Suffolk Constabulary,Suffolk Constabulary,0.405402,52.244433,On or near Drapery Row,E01034568,West Suffolk 008E,Violence and sexual offences,Under investigation,
a4ef24f3f14cb432afebbe7a6fca4aa99aa072d7e966fc44a038a06af34826b4,2026-06,Suffolk Constabulary,Suffolk Constabulary,0.405402,52.244433,On or near Drapery Row,E01034568,West Suffolk 008E,Violence and sexual offences,Under investigation,
ef37c88d47ee0064704ed387cf3baded5b6ef429d47b4b010bac19d92d09701f,2026-06,Suffolk Constabulary,Suffolk Constabulary,0.408344,52.245740,On or near Crown Walk,E01034568,West Suffolk 008E,Violence and sexual offences,Under investigation,
4dc9d0cbd6256d1c0eafa63fabf6cb85102fcef6f53aed20b730394af3324d2d,2026-06,Suffolk Constabulary,Suffolk Constabulary,0.407460,52.249967,On or near Brewers Lane,E01034568,West Suffolk 008E,Violence and sexual offences,Under investigation,
fc5ea061cd3c27b3e5cee068a0214bcb05e11d14093c6b56f2f75e1f64d7c3d5,2026-06,Suffolk Constabulary,Suffolk Constabulary,0.406407,52.254880,On or near Paget Place,E01034568,West Suffolk 008E,Violence and sexual offences,Under investigation,
b81f7aa3f02cd3c4cc2851aa3b294eadd2179cfd2de84303928e80e82b72f828,2026-06,Suffolk Constabulary,Suffolk Constabulary,0.409137,52.253332,On or near Malcolm Way,E01034568,West Suffolk 008E,Violence and sexual offences,Unable to prosecute suspect,
cb1c4d4283a167c2388aa69764cdf6005de6f1a8c98c28b4d92ca66d2ed164ff,2026-06,Suffolk Constabulary,Suffolk Constabulary,0.411953,52.247447,On or near A1304,E01034568,West Suffolk 008E,Violence and sexual offences,Under investigation,
2d900efc4bbd001bf7c52336b253b94642a468fd2b0be2ac6013c68597f5a985,2026-06,Suffolk Constabulary,Suffolk Constabulary,0.411953,52.247447,On or near A1304,E01034568,West Suffolk 008E,Violence and sexual offences,Under investigation,
4dbd5dc3584a531d5e663afa3172e7fe278b2579b25c6d3058ac283125db00f4,2026-06,Suffolk Constabulary,Suffolk Constabulary,0.402122,52.247980,On or near Ferneley Crescent,E01034568,West Suffolk 008E,Violence and sexual offences,Under investigation,
,2026-06,Suffolk Constabulary,Suffolk Constabulary,0.403667,52.249999,On or near Permian Close,E01034569,West Suffolk 008F,Anti-social behaviour,,
,2026-06,Suffolk Constabulary,Suffolk Constabulary,0.404354,52.250507,On or near Frampton Close,E01034569,West Suffolk 008F,Anti-social behaviour,,
d4f0d19ab9588e919c0f6c28986323e35ea91d1805461540b9aeae5afa00d6e4,2026-06,Suffolk Constabulary,Suffolk Constabulary,0.403517,52.248860,On or near Howard De Walden Way,E01034569,West Suffolk 008F,Bicycle theft,Under investigation,
7de42ca09e4eb5e0405ad9b9a29e36236adad470e3bd9420716b2fe0a38371bd,2026-06,Suffolk Constabulary,Suffolk Constabulary,0.403517,52.248860,On or near Howard De Walden Way,E01034569,West Suffolk 008F,Bicycle theft,Investigation complete; no suspect identified,
ac73c3da7df508de49e43cccc896be492ef3e6ca3bbc9d36036d92f642ef7862,2026-06,Suffolk Constabulary,Suffolk Constabulary,0.403667,52.249999,On or near Permian Close,E01034569,West Suffolk 008F,Criminal damage and arson,Under investigation,
3bfe96f8db921d5d9bac64d0603cd6bb0a9e35476dd3fbd7f3b194e6aeea907a,2026-06,Suffolk Constabulary,Suffolk Constabulary,0.403667,52.249999,On or near Permian Close,E01034569,West Suffolk 008F,Criminal damage and arson,Unable to prosecute suspect,
4aeb3458e7452526b012af5215e2925e75c16a943a58404367374743e589c5ce,2026-06,Suffolk Constabulary,Suffolk Constabulary,0.401818,52.249947,On or near Beaverbrook Road,E01034569,West Suffolk 008F,Public order,Under investigation,
b135eeb86fc6866e5dec8fdec6d8691960625e95f14e2e28a71cb145af3935f6,2026-06,Suffolk Constabulary,Suffolk Constabulary,0.403517,52.248860,On or near Howard De Walden Way,E01034569,West Suffolk 008F,Public order,Unable to prosecute suspect,
a41046746fee8a7e5dd41f1bd1529f8894b575c0bea127705352933358548f60,2026-06,Suffolk Constabulary,Suffolk Constabulary,0.401818,52.249947,On or near Beaverbrook Road,E01034569,West Suffolk 008F,Public order,Under investigation,
cf299b20d55df78e2ef14353339b5c82b89fb62a52a6fb8a5060aeca34f3af8f,2026-06,Suffolk Constabulary,Suffolk Constabulary,0.403575,52.249111,On or near Wilfred Sherman Close,E01034569,West Suffolk 008F,Public order,Under investigation,
fa38a53a1cfd766ef91d888a714cd2cf85e48ffbdf58dea64215c8b6d46b51a5,2026-06,Suffolk Constabulary,Suffolk Constabulary,0.401818,52.249947,On or near Beaverbrook Road,E01034569,West Suffolk 008F,Violence and sexual offences,Under investigation,
cbfd492a948ce3a87fdf9259286fb6a8f163c4692245260f42ece74d8f04cd4e,2026-06,Suffolk Constabulary,Suffolk Constabulary,0.403667,52.249999,On or near Permian Close,E01034569,West Suffolk 008F,Violence and sexual offences,Under investigation,
e49576f6d03b0493e48efb6797cfcb2650e8f08d3ed0adc349a000258582377e,2026-06,Suffolk Constabulary,Suffolk Constabulary,0.403667,52.249999,On or near Permian Close,E01034569,West Suffolk 008F,Violence and sexual offences,Under investigation,
14b0c8360e106e20853381b659d940b00fa18896dae154228059d71e03a05c7f,2026-06,Suffolk Constabulary,Suffolk Constabulary,0.401818,52.249947,On or near Beaverbrook Road,E01034569,West Suffolk 008F,Violence and sexual offences,Under investigation,
67b992b8cdb6b5bc433a76e130770fcc789159854af8a755a42069ebde7f2edf,2026-06,Suffolk Constabulary,Suffolk Constabulary,0.401818,52.249947,On or near Beaverbrook Road,E01034569,West Suffolk 008F,Violence and sexual offences,Under investigation,
21289dec2dc6b4502995889f8dd2fbaac67baef1d92e7ae2aefb126111908a2b,2026-06,Suffolk Constabulary,Suffolk Constabulary,0.401818,52.249947,On or near Beaverbrook Road,E01034569,West Suffolk 008F,Violence and sexual offences,Unable to prosecute suspect,
606b94aa5b9ca52486e09f7f546522287dfd008348a4abb81435b487724d0f06,2026-06,Suffolk Constabulary,Suffolk Constabulary,0.403517,52.248860,On or near Howard De Walden Way,E01034569,West Suffolk 008F,Violence and sexual offences,Under investigation,
988e5c93bf7994da7fe4e63209a69288fa7042d849fa1106d85d117cef881e3b,2026-06,Suffolk Constabulary,Suffolk Constabulary,0.403667,52.249999,On or near Permian Close,E01034569,West Suffolk 008F,Violence and sexual offences,Under investigation,
8cd6501983cfed8fa3f6d3752ea23f83557f29c45c33a4c48fde83c3dc58f649,2026-06,Suffolk Constabulary,Suffolk Constabulary,0.401818,52.249947,On or near Beaverbrook Road,E01034569,West Suffolk 008F,Violence and sexual offences,Under investigation,
a1f2b5cc74eb5f679d8cd0fb87dd56f7c7e127c3e5b3c63a9bb487540fa5e067,2026-06,Suffolk Constabulary,Suffolk Constabulary,0.401818,52.249947,On or near Beaverbrook Road,E01034569,West Suffolk 008F,Violence and sexual offences,Under investigation,
0f42ff72beb7bd74326960b99059cc1cc6f1c9ff660c94c68e9385a5e2672514,2026-06,Suffolk Constabulary,Suffolk Constabulary,0.402300,52.248561,On or near Skeaping Close,E01034569,West Suffolk 008F,Violence and sexual offences,Unable to prosecute suspect,
337b7f9af641a6bb29382d778456cedf09fede43e65bc900f51e5520954b902c,2026-06,Suffolk Constabulary,Suffolk Constabulary,0.706794,52.261105,On or near Philip Road,E01030130,West Suffolk 009A,Vehicle crime,Under investigation,
2b176728bf9ded4852075fed2ff9393269f002868515c960951db350d604c2b4,2026-06,Suffolk Constabulary,Suffolk Constabulary,0.707427,52.263798,On or near Wordsworth Road,E01030130,West Suffolk 009A,Other crime,Under investigation,
,2026-06,Suffolk Constabulary,Suffolk Constabulary,0.705228,52.263318,On or near Bunbury Road,E01030131,West Suffolk 009B,Anti-social behaviour,,
c5e057aaa36e171d1a924edfd0e9a1e5d8afc95a1a59e2c5cf2907f84fde10f8,2026-06,Suffolk Constabulary,Suffolk Constabulary,0.703280,52.263578,On or near Lake Avenue,E01030131,West Suffolk 009B,Burglary,Under investigation,
804726f7415118bff287762a3900ba33322dce63fdc0e99869a5893ff92a81d3,2026-06,Suffolk Constabulary,Suffolk Constabulary,0.705228,52.263318,On or near Bunbury Road,E01030131,West Suffolk 009B,Criminal damage and arson,Under investigation,
484f6832864095028f1f21b65721d0dc6e3043ebec7e2d7b3da6d93889494f9e,2026-06,Suffolk Constabulary,Suffolk Constabulary,0.700363,52.263321,On or near Jocelyn Close,E01030131,West Suffolk 009B,Drugs,Unable to prosecute suspect,
fca21c4693e02e8fe28e41006b791e54e328e5685af2e3fca8be6620b18655bd,2026-06,Suffolk Constabulary,Suffolk Constabulary,0.703280,52.263578,On or near Lake Avenue,E01030131,West Suffolk 009B,Drugs,Under investigation,
78bd35eaf4e9475e880ebc4b57f0b4bd4eb35bcc2c11f6c94aaa0be394816381,2026-06,Suffolk Constabulary,Suffolk Constabulary,0.703578,52.261728,On or near Gloucester Road,E01030131,West Suffolk 009B,Public order,Investigation complete; no suspect identified,
2adf3efd069c7012aa77a08005fd035f9ce9b990c3e38ad2ab6d3ccc663a03d9,2026-06,Suffolk Constabulary,Suffolk Constabulary,0.703280,52.263578,On or near Lake Avenue,E01030131,West Suffolk 009B,Shoplifting,Under investigation,
8cb27939081b89668fa9b72a7841a3564e69fd7ce64372348df12234a172f59a,2026-06,Suffolk Constabulary,Suffolk Constabulary,0.703509,52.264679,On or near Anselm Avenue,E01030131,West Suffolk 009B,Violence and sexual offences,Under investigation,
1677401d36134a4ca4a1f14ef9cb51752445933a3f053e7bc13246510893f3b6,2026-06,Suffolk Constabulary,Suffolk Constabulary,0.703509,52.264679,On or near Anselm Avenue,E01030131,West Suffolk 009B,Violence and sexual offences,Action to be taken by another organisation,
28209278dcac5c0d32ac4fbb75ed7a7684f15826e8daa772b2ec1b104cfc6e89,2026-06,Suffolk Constabulary,Suffolk Constabulary,0.700363,52.263321,On or near Jocelyn Close,E01030131,West Suffolk 009B,Violence and sexual offences,Under investigation,
,2026-06,Suffolk Constabulary,Suffolk Constabulary,0.699426,52.262138,On or near Curtis Road,E01030139,West Suffolk 009C,Anti-social behaviour,,
7fdb3efc105ac4febe8fc99d4462dd85645bdca253b460d1018bc4a7a459b174,2026-06,Suffolk Constabulary,Suffolk Constabulary,0.692418,52.256533,On or near Firtree Close,E01030139,West Suffolk 009C,Burglary,Under investigation,
ae4acf970a5ad333eb0231b9d220c184941b6eed5790f267529c59151ce861cd,2026-06,Suffolk Constabulary,Suffolk Constabulary,0.692884,52.256478,On or near Parkington Walk,E01030139,West Suffolk 009C,Burglary,Investigation complete; no suspect identified,
560ccb13bb1160e6ec5a25a7c1369560213092d2c55bfc5c7402f2ab96a37547,2026-06,Suffolk Constabulary,Suffolk Constabulary,0.698363,52.254527,On or near Oakes Close,E01030139,West Suffolk 009C,Criminal damage and arson,Unable to prosecute suspect,
3786ba957d453abe9c5d9a50f6b41cde93887208dce0f3b798609abecdb43428,2026-06,Suffolk Constabulary,Suffolk Constabulary,0.692916,52.257250,On or near Wollaston Close,E01030139,West Suffolk 009C,Other theft,Investigation complete; no suspect identified,
f74f38f1c608135e02c9e92a822bffbd188654e9cc7df5c5efeeadced1c34513,2026-06,Suffolk Constabulary,Suffolk Constabulary,0.692916,52.257250,On or near Wollaston Close,E01030139,West Suffolk 009C,Violence and sexual offences,Under investigation,
9442309293ab088c301e92259dcf7e173bd10742bdee188e6605d9d1d6fbba14,2026-06,Suffolk Constabulary,Suffolk Constabulary,0.694946,52.255450,On or near Goldsmith Close,E01030140,West Suffolk 009D,Possession of weapons,Under investigation,
b37f53bacb0a2b3e432b03b37592ee8c0b63245cb7e08ef32f4e79e3e77c14f3,2026-06,Suffolk Constabulary,Suffolk Constabulary,0.698250,52.255087,On or near Oakes Road,E01030140,West Suffolk 009D,Public order,Under investigation,
a6d58f326bb2f78e471189796d2d2077a32caf93bdb415211f1a340c963775e1,2026-06,Suffolk Constabulary,Suffolk Constabulary,0.692114,52.253834,On or near Sports/Recreation Area,E01030140,West Suffolk 009D,Robbery,Awaiting court outcome,
3ef48ceb5ffa06cd3cf5539ad6e103e383cadad67d1af849715f5063676ca926,2026-06,Suffolk Constabulary,Suffolk Constabulary,0.696812,52.257458,On or near St Olaves Road,E01030140,West Suffolk 009D,Violence and sexual offences,Unable to prosecute suspect,
bf05281a874e1d06d94abf9df5d6e3ebf6e3d193b50a67da555b7b5e4031d78f,2026-06,Suffolk Constabulary,Suffolk Constabulary,0.696812,52.257458,On or near St Olaves Road,E01030140,West Suffolk 009D,Violence and sexual offences,Action to be taken by another organisation,
e1e5f37d75988993505680d903ff93dfbdfb7a29bedbb7b4c43c6da1850c486d,2026-06,Suffolk Constabulary,Suffolk Constabulary,0.696812,52.257458,On or near St Olaves Road,E01030140,West Suffolk 009D,Violence and sexual offences,Under investigation,
414d5e0545d336d72522405da7a75582dbbf39c61209f2d413dc14716494a0ff,2026-06,Suffolk Constabulary,Suffolk Constabulary,0.694946,52.255450,On or near Goldsmith Close,E01030140,West Suffolk 009D,Violence and sexual offences,Under investigation,
9d7747d7fe136d1e1806955f9aaac6b06262a1dc4618b2484c42c1a6468e43f3,2026-06,Suffolk Constabulary,Suffolk Constabulary,0.696812,52.257458,On or near St Olaves Road,E01030140,West Suffolk 009D,Violence and sexual offences,Under investigation,
292e127497a2ce1578c10a7b66921e2e65c4cc212025ba8e4988b43afc68dc2a,2026-06,Suffolk Constabulary,Suffolk Constabulary,0.694946,52.255450,On or near Goldsmith Close,E01030140,West Suffolk 009D,Other crime,Under investigation,
f0131233ea81b28b31504a45705d0c06076774e3041a5097de32e1e8ce12e222,2026-06,Suffolk Constabulary,Suffolk Constabulary,0.697260,52.264121,On or near Cumberland Avenue,E01030141,West Suffolk 009E,Criminal damage and arson,Under investigation,
f9c47f3f0313082a63dbfa9c33d270708fdebb1698b4d98750234a4473c7e40e,2026-06,Suffolk Constabulary,Suffolk Constabulary,0.698946,52.260269,On or near Northumberland Avenue,E01030141,West Suffolk 009E,Criminal damage and arson,Investigation complete; no suspect identified,
422535555cbb989d8b00b20bc74595c37305d8a81aba0eac8099d6062e701d92,2026-06,Suffolk Constabulary,Suffolk Constabulary,0.693102,52.261778,On or near Sussex Road,E01030141,West Suffolk 009E,Criminal damage and arson,Under investigation,
c3b51d57d6a2e33608e47908d00496a76253d3a732a8f0c908386b1a5b6ca6fe,2026-06,Suffolk Constabulary,Suffolk Constabulary,0.693561,52.261363,On or near Beard Road,E01030141,West Suffolk 009E,Violence and sexual offences,Under investigation,
b33f6aa57ec8711839995579179b939fa7fcf2824fa12afb006b2200943fc67a,2026-06,Suffolk Constabulary,Suffolk Constabulary,0.693102,52.261778,On or near Sussex Road,E01030141,West Suffolk 009E,Violence and sexual offences,Under investigation,
,2026-06,Suffolk Constabulary,Suffolk Constabulary,0.633535,52.240650,On or near Saxham Drive,E01030098,West Suffolk 010A,Anti-social behaviour,,
465e3805e9f37320154331296cad45b83dfc8af1c1937132bcf781f186230e7e,2026-06,Suffolk Constabulary,Suffolk Constabulary,0.670133,52.250007,On or near Fornham Lane,E01030098,West Suffolk 010A,Criminal damage and arson,Under investigation,
6af4e6ec457181ad541d5f7b9be7f285575b12683634a80cd2e4d32466d8f12e,2026-06,Suffolk Constabulary,Suffolk Constabulary,0.581039,52.241235,On or near Brittons Crescent,E01030098,West Suffolk 010A,Violence and sexual offences,Investigation complete; no suspect identified,
01c0abfca82e49d0e8340b068382078017a77026d106f4dbba75c4990d3cacba,2026-06,Suffolk Constabulary,Suffolk Constabulary,0.607370,52.203876,On or near Hargrave Road,E01030100,West Suffolk 010B,Criminal damage and arson,Unable to prosecute suspect,
fa221e8564c33d6397b7d17393e11eef952b82845e86e111be89242617d5faa7,2026-06,Suffolk Constabulary,Suffolk Constabulary,0.720726,52.190865,On or near Whepstead Road,E01030100,West Suffolk 010B,Criminal damage and arson,Investigation complete; no suspect identified,
21426d2b514f5eac6109faf536b63386d38f365b982c37d3d0bc34a502a48c51,2026-06,Suffolk Constabulary,Suffolk Constabulary,0.607370,52.203876,On or near Hargrave Road,E01030100,West Suffolk 010B,Criminal damage and arson,Unable to prosecute suspect,
66b5a392d28cb3c555c057174e5e90b7a21b2b08fa1adc408309eb53de9e9e4c,2026-06,Suffolk Constabulary,Suffolk Constabulary,0.693937,52.183171,On or near Straight Road,E01030100,West Suffolk 010B,Other theft,Investigation complete; no suspect identified,
0cd532511574e3cbd74f2ef7619dee41fc1e55026177a1832cde2c061df4ce6d,2026-06,Suffolk Constabulary,Suffolk Constabulary,0.619563,52.187212,On or near Benwell Close,E01030100,West Suffolk 010B,Vehicle crime,Under investigation,
3473f211cac82a94fa07d58090340dd04e718869ad843c36a559af46d0842b8d,2026-06,Suffolk Constabulary,Suffolk Constabulary,0.688988,52.188671,On or near William Flack Place,E01030100,West Suffolk 010B,Violence and sexual offences,Under investigation,
c8101f656c794c220a7382ead6f1602e7f1218b2f8c80dc43bff7657ce1d16fd,2026-06,Suffolk Constabulary,Suffolk Constabulary,0.609728,52.204390,On or near Mill Road,E01030100,West Suffolk 010B,Violence and sexual offences,Under investigation,
3d7bf1017c22fc92eb7c2115740f80316043ea4492830d341ed1a660baa8eb2d,2026-06,Suffolk Constabulary,Suffolk Constabulary,0.607370,52.203876,On or near Hargrave Road,E01030100,West Suffolk 010B,Violence and sexual offences,Unable to prosecute suspect,
0e689420c2df801f64be437124d743a0e4304a1d64ec4a9ade979d731c107eee,2026-06,Suffolk Constabulary,Suffolk Constabulary,0.607370,52.203876,On or near Hargrave Road,E01030100,West Suffolk 010B,Violence and sexual offences,Unable to prosecute suspect,
14489e4f849a74b1ebe242831e671d636c92ca7ceacaa63b3419f3e4e245ce7c,2026-06,Suffolk Constabulary,Suffolk Constabulary,0.658230,52.197713,On or near Chedburgh Road,E01030100,West Suffolk 010B,Violence and sexual offences,Under investigation,
be29b1e97f587d9109e631a43439c36ad616473f65bebb632da82869c449dd3f,2026-06,Suffolk Constabulary,Suffolk Constabulary,0.607370,52.203876,On or near Hargrave Road,E01030100,West Suffolk 010B,Violence and sexual offences,Under investigation,
c7aa9ad90ddc4ceb5853e0d4e273e10261c19365997f8f8e1398162b5cf7dcf0,2026-06,Suffolk Constabulary,Suffolk Constabulary,0.607370,52.203876,On or near Hargrave Road,E01030100,West Suffolk 010B,Violence and sexual offences,Under investigation,
2f603d8ff6bd3fe0565b235f655f6e6657d3506fc5609fca2846982f41bd46dd,2026-06,Suffolk Constabulary,Suffolk Constabulary,0.725919,52.224064,On or near Fox And Pin Lane,E01030119,West Suffolk 010C,Burglary,Investigation complete; no suspect identified,
330d79a6ec44b3fbcc66ba0cee5073c8bea648d367c3b14935b9a1b6a416b48e,2026-06,Suffolk Constabulary,Suffolk Constabulary,0.750747,52.207373,On or near Raynsford Road,E01030119,West Suffolk 010C,Violence and sexual offences,Under investigation,
28fc248c8858a187ec9908c1ca684534f5e2b4f85bb24f68a2eb1dbfc3b7da7a,2026-06,Suffolk Constabulary,Suffolk Constabulary,0.623658,52.262668,On or near Newmarket Road,E01030134,West Suffolk 010D,Other crime,Under investigation,
484c2b8f60cb4749eccbab79eaeca43356795836b387b91d50ca6b853794dfda,2026-06,Suffolk Constabulary,Suffolk Constabulary,0.663693,52.304874,On or near Icklingham Road,E01030135,West Suffolk 010E,Other crime,Under investigation,
,2026-06,Suffolk Constabulary,Suffolk Constabulary,0.712641,52.245495,On or near Skinner Street,E01030091,West Suffolk 011A,Anti-social behaviour,,
,2026-06,Suffolk Constabulary,Suffolk Constabulary,0.711527,52.240916,On or near A143,E01030091,West Suffolk 011A,Anti-social behaviour,,
4bff197fc9a3748ad133ba001859d7507e67e33462043556f78d4af731145bae,2026-06,Suffolk Constabulary,Suffolk Constabulary,0.711527,52.240916,On or near A143,E01030091,West Suffolk 011A,Bicycle theft,Under investigation,
431945a3e410bc606bf606807dfd40383a3f86a60f3dc784a749e6afed9439e0,2026-06,Suffolk Constabulary,Suffolk Constabulary,0.715851,52.244557,On or near Parking Area,E01030091,West Suffolk 011A,Bicycle theft,Awaiting court outcome,
67cd0978f5ae5667cd0323c150c3e8a00140fcab323ad6ad81d10afcada0917c,2026-06,Suffolk Constabulary,Suffolk Constabulary,0.711527,52.240916,On or near A143,E01030091,West Suffolk 011A,Burglary,Under investigation,
3d7221e1d149dbbfed7a91518e46924b4837266373b772a1eaad366050c7dce9,2026-06,Suffolk Constabulary,Suffolk Constabulary,0.710145,52.246613,On or near Merchants Place,E01030091,West Suffolk 011A,Criminal damage and arson,Awaiting court outcome,
2902b8ac97b5ff60cf145781f924d4054a12a8b7655e11d443d36307517bee75,2026-06,Suffolk Constabulary,Suffolk Constabulary,0.708350,52.241187,On or near Cornwallis Court,E01030091,West Suffolk 011A,Criminal damage and arson,Under investigation,
9fc4a0f6c64b075b34906116c0f786ae358bf00a11a0b6be9a8101afce2f5156,2026-06,Suffolk Constabulary,Suffolk Constabulary,0.712641,52.245495,On or near Skinner Street,E01030091,West Suffolk 011A,Criminal damage and arson,Under investigation,
a2c75a3cf3aa5b675a0fee3dc8fce250608898d2e31385f156402aff7614374c,2026-06,Suffolk Constabulary,Suffolk Constabulary,0.711024,52.244929,On or near Woolhall Street,E01030091,West Suffolk 011A,Criminal damage and arson,Investigation complete; no suspect identified,
43089714e1fc04b6a66cf5685a86933fe151b0f522795940f1b9aae7aad59e7a,2026-06,Suffolk Constabulary,Suffolk Constabulary,0.710145,52.246613,On or near Merchants Place,E01030091,West Suffolk 011A,Criminal damage and arson,Under investigation,
403a0d5f7d79f8f35d146631ddb883e99cc5ad6e2a975a108047973c65bf9670,2026-06,Suffolk Constabulary,Suffolk Constabulary,0.710847,52.244906,On or near Nightclub,E01030091,West Suffolk 011A,Drugs,Under investigation,
99c97ab276bf04037e663ee835f2517fe770242310bc548464fcbab8161a6f61,2026-06,Suffolk Constabulary,Suffolk Constabulary,0.712149,52.242709,On or near Guildhall Street,E01030091,West Suffolk 011A,Drugs,Awaiting court outcome,
58161eae4587477a818787005bc4480387f1c35112937a12f96f5ba06a062cc6,2026-06,Suffolk Constabulary,Suffolk Constabulary,0.711024,52.244929,On or near Woolhall Street,E01030091,West Suffolk 011A,Drugs,Local resolution,
ac12c244899abf33cf3da83b6a45b70042643ceea03dfd0516c8a5c31cef34dd,2026-06,Suffolk Constabulary,Suffolk Constabulary,0.710145,52.246613,On or near Merchants Place,E01030091,West Suffolk 011A,Other theft,Investigation complete; no suspect identified,
e77273cd75634929a1e4e8a43d2a6d853632b4aa025861d514809ed9346d98ce,2026-06,Suffolk Constabulary,Suffolk Constabulary,0.710145,52.246613,On or near Merchants Place,E01030091,West Suffolk 011A,Other theft,Under investigation,
487a32edad47e4920c4dfed79c8d9718d25b315a157080af30f4f2b8f2d16c03,2026-06,Suffolk Constabulary,Suffolk Constabulary,0.710145,52.246613,On or near Merchants Place,E01030091,West Suffolk 011A,Other theft,Investigation complete; no suspect identified,
63cc20ef60193c1a8d0ad78c677306b0c7760c16a2759d17f9f0d1836bd41ff7,2026-06,Suffolk Constabulary,Suffolk Constabulary,0.712641,52.245495,On or near Skinner Street,E01030091,West Suffolk 011A,Other theft,Under investigation,
568cdd51b9e70823dca24f302b91e8437ca8453d4cc409d1e5082b0f8f394a9a,2026-06,Suffolk Constabulary,Suffolk Constabulary,0.711833,52.239452,On or near Corsbie Close,E01030091,West Suffolk 011A,Other theft,Investigation complete; no suspect identified,
aac3194720397d0b7ae416770a4ee8f5cb1348e05006df4b504c93b46b294d25,2026-06,Suffolk Constabulary,Suffolk Constabulary,0.710145,52.246613,On or near Merchants Place,E01030091,West Suffolk 011A,Possession of weapons,Under investigation,
5f81b0c1d3e1193f06af4c1616979163963b054323df981e12beb4549b1e1473,2026-06,Suffolk Constabulary,Suffolk Constabulary,0.712641,52.245495,On or near Skinner Street,E01030091,West Suffolk 011A,Public order,Unable to prosecute suspect,
0bd2a47d83b9bd69e8ac8121f7aa6bb8f14d8ebae9669cf23f276083f484313f,2026-06,Suffolk Constabulary,Suffolk Constabulary,0.710847,52.244906,On or near Nightclub,E01030091,West Suffolk 011A,Public order,Under investigation,
2f6ab4795f4edc7b7804de7054bd71680257437c60d7032b4f348a0a923e2556,2026-06,Suffolk Constabulary,Suffolk Constabulary,0.712641,52.245495,On or near Skinner Street,E01030091,West Suffolk 011A,Public order,Unable to prosecute suspect,
49f7e069d064c2da4cba27cce98b5959fffcc4074c2e9ea33846dcd0faf043dc,2026-06,Suffolk Constabulary,Suffolk Constabulary,0.710847,52.244906,On or near Nightclub,E01030091,West Suffolk 011A,Public order,Under investigation,
1076cb8bb801aaa1adda66eac9d63665a6530e2a20d46c0d4345715c373a95dd,2026-06,Suffolk Constabulary,Suffolk Constabulary,0.714048,52.244779,On or near Abbeygate Street,E01030091,West Suffolk 011A,Public order,Unable to prosecute suspect,
37611edf3f94c5b58f5cb0b36646b2017a45e8740909d3ad28dd12333f2bc980,2026-06,Suffolk Constabulary,Suffolk Constabulary,0.711527,52.240916,On or near A143,E01030091,West Suffolk 011A,Public order,Under investigation,
c7013497b60c6cb193b1266765c3cc871363cbe5e80eb38942e8a2f19126765f,2026-06,Suffolk Constabulary,Suffolk Constabulary,0.712078,52.246119,On or near Parking Area,E01030091,West Suffolk 011A,Public order,Under investigation,
a21b749a4b7d3329d5bdfe45c8a030e40e3bdf827c7e7cc4f3fc32d9399f6dba,2026-06,Suffolk Constabulary,Suffolk Constabulary,0.708794,52.243425,On or near Parking Area,E01030091,West Suffolk 011A,Robbery,Under investigation,
d581f9134c1f624b0e51adda76a190a9f790c8377c4c47a30d436d8c0bbeb675,2026-06,Suffolk Constabulary,Suffolk Constabulary,0.712078,52.246119,On or near Parking Area,E01030091,West Suffolk 011A,Shoplifting,Under investigation,
71fa79d46da08ce2ccbbb1363d31b04215dbbd460a3804dcc44cb7eb6782bbec,2026-06,Suffolk Constabulary,Suffolk Constabulary,0.709976,52.245511,On or near Gosnold Street,E01030091,West Suffolk 011A,Shoplifting,Local resolution,
b4d784e7333f5182be4a656f48dddce1939f8d90a15412776c3d6da3fafb5a88,2026-06,Suffolk Constabulary,Suffolk Constabulary,0.710344,52.245790,On or near Theatre/Concert Hall,E01030091,West Suffolk 011A,Shoplifting,Investigation complete; no suspect identified,
711cca2b7b74755fcd35c14349d2ad2e013cb7ed947b749f56d3769e5a9cfc23,2026-06,Suffolk Constabulary,Suffolk Constabulary,0.710145,52.246613,On or near Merchants Place,E01030091,West Suffolk 011A,Shoplifting,Investigation complete; no suspect identified,
4b245f20e59a786a8aa0dec4059a435f6fd87a0222da56bae1200d80863f971f,2026-06,Suffolk Constabulary,Suffolk Constabulary,0.712078,52.246119,On or near Parking Area,E01030091,West Suffolk 011A,Shoplifting,Awaiting court outcome,
0d2715e5e5ef6c561833f52436b8b85bdf6d38b045338eccbcec6103d1197cf8,2026-06,Suffolk Constabulary,Suffolk Constabulary,0.708794,52.243425,On or near Parking Area,E01030091,West Suffolk 011A,Shoplifting,Under investigation,
bc1566bbce83ee79ed51e6ea2c9b055c87e3fc9303ef9daee1513931452cfd74,2026-06,Suffolk Constabulary,Suffolk Constabulary,0.712707,52.246572,On or near Brentgovel Street,E01030091,West Suffolk 011A,Vehicle crime,Awaiting court outcome,
8e1ffb7fd82eb1209be4082c37d464d26957f5ecf7fc8dd43c04604d6a6c146f,2026-06,Suffolk Constabulary,Suffolk Constabulary,0.718935,52.246123,On or near Mustow Street,E01030091,West Suffolk 011A,Vehicle crime,Investigation complete; no suspect identified,
2625ea3cd3a1456efe85d878207b871ec30dbe8356138a0020225e9fc7d0fd37,2026-06,Suffolk Constabulary,Suffolk Constabulary,0.713080,52.242841,On or near Whiting Street,E01030091,West Suffolk 011A,Violence and sexual offences,Under investigation,
39c2143c00433c998ad888277f9958086dde97d1d253d7c21a7a4408fe8b8224,2026-06,Suffolk Constabulary,Suffolk Constabulary,0.710145,52.246613,On or near Merchants Place,E01030091,West Suffolk 011A,Violence and sexual offences,Investigation complete; no suspect identified,
b5915dfaac74dd261da4a2b16bc6b439dead12bab6c82ed19a4ac198c8b369b8,2026-06,Suffolk Constabulary,Suffolk Constabulary,0.714181,52.243364,On or near Churchgate Street,E01030091,West Suffolk 011A,Violence and sexual offences,Under investigation,
2744be2b7cf84553bbeb3ec4fab7131f0bd8b97bcdbc8714e1bd15a6ac39d803,2026-06,Suffolk Constabulary,Suffolk Constabulary,0.714048,52.244779,On or near Abbeygate Street,E01030091,West Suffolk 011A,Violence and sexual offences,Unable to prosecute suspect,
a5f2b039e25cd0d9badebe79d0a5861a62033047c692615f7bce812e57e4031f,2026-06,Suffolk Constabulary,Suffolk Constabulary,0.713807,52.245881,On or near High Baxter Street,E01030091,West Suffolk 011A,Violence and sexual offences,Under investigation,
f95f7e82b9d7fa32374045e0265cd3679a094bf8050a43f62becc141af09396a,2026-06,Suffolk Constabulary,Suffolk Constabulary,0.710847,52.244906,On or near Nightclub,E01030091,West Suffolk 011A,Violence and sexual offences,Investigation complete; no suspect identified,
0efac6d69843c707950cadb0fa11beb3deebcc172f5dc8bb726bc6c098492f34,2026-06,Suffolk Constabulary,Suffolk Constabulary,0.712641,52.245495,On or near Skinner Street,E01030091,West Suffolk 011A,Violence and sexual offences,Investigation complete; no suspect identified,
4e43879da1ec09b53033a5053e9ac9e391a3c594f8c1f35028eb876fe4c4f203,2026-06,Suffolk Constabulary,Suffolk Constabulary,0.708794,52.243425,On or near Parking Area,E01030091,West Suffolk 011A,Violence and sexual offences,Under investigation,
4a34ff4137852d75e8ea6373e0426b872965020121adb0b6f810ecc3fef719a5,2026-06,Suffolk Constabulary,Suffolk Constabulary,0.710145,52.246613,On or near Merchants Place,E01030091,West Suffolk 011A,Violence and sexual offences,Under investigation,
285630c8bfdeef42f9ff192865cd7a8c430b0db4b19739c1ffeba876dc2408ae,2026-06,Suffolk Constabulary,Suffolk Constabulary,0.710145,52.246613,On or near Merchants Place,E01030091,West Suffolk 011A,Violence and sexual offences,Under investigation,
bd612daca5c3894ed30b2fe0f9365f324aa774f4f755270224e0908adf38d227,2026-06,Suffolk Constabulary,Suffolk Constabulary,0.710847,52.244906,On or near Nightclub,E01030091,West Suffolk 011A,Violence and sexual offences,Under investigation,
692c2e12920df4510d4838fd53dcafa109512cc7404c13416142868467a87703,2026-06,Suffolk Constabulary,Suffolk Constabulary,0.710145,52.246613,On or near Merchants Place,E01030091,West Suffolk 011A,Violence and sexual offences,Under investigation,
691024bd453e0e7796dd69762a6165d0f344be420f68dcc203889810b8f9e13c,2026-06,Suffolk Constabulary,Suffolk Constabulary,0.710145,52.246613,On or near Merchants Place,E01030091,West Suffolk 011A,Violence and sexual offences,Offender given a caution,
5ee7ca26688954387c5674a5442bccbd781e5503fad1fedb938844029748285d,2026-06,Suffolk Constabulary,Suffolk Constabulary,0.708348,52.247176,On or near Nelson Road,E01030091,West Suffolk 011A,Violence and sexual offences,Unable to prosecute suspect,
cc12de293d1cc3797915ca30e292ae3e12be1c7bd11b8cad2e9557d87997d03f,2026-06,Suffolk Constabulary,Suffolk Constabulary,0.711833,52.239452,On or near Corsbie Close,E01030091,West Suffolk 011A,Violence and sexual offences,Under investigation,
110c08fac6dc62b1cf8cfaec285630d1480940de2bdd501293d161642e1b9b96,2026-06,Suffolk Constabulary,Suffolk Constabulary,0.718935,52.246123,On or near Mustow Street,E01030091,West Suffolk 011A,Violence and sexual offences,Under investigation,
053d9d14af64fab9b0d0bac3c2ec5c22134961791dc410433117fcedcd17e17d,2026-06,Suffolk Constabulary,Suffolk Constabulary,0.710145,52.246613,On or near Merchants Place,E01030091,West Suffolk 011A,Violence and sexual offences,Under investigation,
63a0d32bc595968860b400d2af10abac597d21fdc220f2beecff94133a71f4a2,2026-06,Suffolk Constabulary,Suffolk Constabulary,0.710847,52.244906,On or near Nightclub,E01030091,West Suffolk 011A,Violence and sexual offences,Under investigation,
59b5b03255939f8d0bc06788792e6d42b90881a26af5dcd1d8c1d2a610dc11a3,2026-06,Suffolk Constabulary,Suffolk Constabulary,0.714048,52.244779,On or near Abbeygate Street,E01030091,West Suffolk 011A,Violence and sexual offences,Unable to prosecute suspect,
8405f42b61c67c859c87260ca408dd6d6d7b9ab66901f5ac769da09afa8585cf,2026-06,Suffolk Constabulary,Suffolk Constabulary,0.716204,52.242193,On or near Bridewell Lane,E01030091,West Suffolk 011A,Violence and sexual offences,Under investigation,
759b2c92d9034afce1843623cc276c0acd3b4728867a7472af9d798d4e1f359c,2026-06,Suffolk Constabulary,Suffolk Constabulary,0.710145,52.246613,On or near Merchants Place,E01030091,West Suffolk 011A,Violence and sexual offences,Offender given a caution,
843f629d32e13dfcee38ba312a49e2abaaf24ea9e1b9bb81700a830f32a2d159,2026-06,Suffolk Constabulary,Suffolk Constabulary,0.709438,52.239822,On or near Eyre Close,E01030091,West Suffolk 011A,Violence and sexual offences,Under investigation,
4e6333a7838afac5fdb519c3d444dfcd1f2cdf4520615e4e9474465bc0b8f105,2026-06,Suffolk Constabulary,Suffolk Constabulary,0.710847,52.244906,On or near Nightclub,E01030091,West Suffolk 011A,Violence and sexual offences,Under investigation,
6cc3dafa7d91c0030d4bd5462adea76057bf143adfe1e7119c15ddb80ee8d42c,2026-06,Suffolk Constabulary,Suffolk Constabulary,0.709438,52.239822,On or near Eyre Close,E01030091,West Suffolk 011A,Other crime,Under investigation,
,2026-06,Suffolk Constabulary,Suffolk Constabulary,0.713756,52.241683,On or near Finsbury Place,E01030093,West Suffolk 011B,Anti-social behaviour,,
5dca8f2943e263f9abfd9c63dcfefc965abee564d80f382c1ce17a46ae4988fd,2026-06,Suffolk Constabulary,Suffolk Constabulary,0.721008,52.241219,On or near Raingate Street,E01030093,West Suffolk 011B,Other theft,Awaiting court outcome,
4e1f42a8d72f785ba14e5de4bac0468389743fdabc2a5c2f3277e75d516dafbe,2026-06,Suffolk Constabulary,Suffolk Constabulary,0.721008,52.241219,On or near Raingate Street,E01030093,West Suffolk 011B,Public order,Under investigation,
3db36c84bdd847e27a8b60340f17de759d7c559c99d3e84d364fff402d4000df,2026-06,Suffolk Constabulary,Suffolk Constabulary,0.721008,52.241219,On or near Raingate Street,E01030093,West Suffolk 011B,Public order,Under investigation,
1858bb0fc393b057ac48aed0308990657757bfa0d2b631f031ab9bd6393ac506,2026-06,Suffolk Constabulary,Suffolk Constabulary,0.721008,52.241219,On or near Raingate Street,E01030093,West Suffolk 011B,Public order,Under investigation,
a6c80edfe761eaf6f5478198ff35dd37c7e7c278d7e4c787fbd8b86ccffd7d64,2026-06,Suffolk Constabulary,Suffolk Constabulary,0.721008,52.241219,On or near Raingate Street,E01030093,West Suffolk 011B,Vehicle crime,Awaiting court outcome,
baf238550bd265802994f01593a163d4ecc81108878f18338e378f915ea31f45,2026-06,Suffolk Constabulary,Suffolk Constabulary,0.728222,52.236790,On or near Petrol Station,E01030093,West Suffolk 011B,Vehicle crime,Under investigation,
fd29b64b69f33ec1cab9c575290306a7545539089c7eb35ded2f86e503542cd9,2026-06,Suffolk Constabulary,Suffolk Constabulary,0.721008,52.241219,On or near Raingate Street,E01030093,West Suffolk 011B,Vehicle crime,Awaiting court outcome,
4e92a9b94d6fc8b3b8268208b65609523f3016acdf920385d020ae95f2f4a9ba,2026-06,Suffolk Constabulary,Suffolk Constabulary,0.720069,52.239029,On or near Regency Place,E01030093,West Suffolk 011B,Vehicle crime,Investigation complete; no suspect identified,
a759e07dc255ba3e66e3835b49640a754b16a09cebef29f7d8dc89de96a7ebb1,2026-06,Suffolk Constabulary,Suffolk Constabulary,0.713756,52.241683,On or near Finsbury Place,E01030093,West Suffolk 011B,Violence and sexual offences,Under investigation,
5adbe2c02a8e6e3b95d91f84c20682c0c5945fbdabaaae62696423ae38501e40,2026-06,Suffolk Constabulary,Suffolk Constabulary,0.711766,52.241486,On or near St Edmundsbury Mews,E01030093,West Suffolk 011B,Violence and sexual offences,Under investigation,
,2026-06,Suffolk Constabulary,Suffolk Constabulary,0.711902,52.249945,On or near Old Stable Yard,E01030137,West Suffolk 011C,Anti-social behaviour,,
1bf29f28adbecc58ac70e6e0c5c03e395428f47acf8d5e3be6d4718c959fa400,2026-06,Suffolk Constabulary,Suffolk Constabulary,0.713431,52.253390,On or near Parking Area,E01030137,West Suffolk 011C,Burglary,Under investigation,
f8213f682d448a597c5e87e0268a77cfc2dc95384fef439b9ee635ef4e597cc0,2026-06,Suffolk Constabulary,Suffolk Constabulary,0.703015,52.257289,On or near Klondyke,E01030137,West Suffolk 011C,Drugs,Awaiting court outcome,
a5372c6445892cdf2c45479d1a75dcf673ec5013b08d46c73feb08371ed1c3a8,2026-06,Suffolk Constabulary,Suffolk Constabulary,0.703015,52.257289,On or near Klondyke,E01030137,West Suffolk 011C,Drugs,Awaiting court outcome,
eb6ca2b175327ff850d5e3467c053c280a45075bb4fff6e38a6e92cb327f4e62,2026-06,Suffolk Constabulary,Suffolk Constabulary,0.703015,52.257289,On or near Klondyke,E01030137,West Suffolk 011C,Possession of weapons,Unable to prosecute suspect,
6ead68a6ab2d0f744c69c6c893c07452288cee1ca10e8c6043ec0b13524b7481,2026-06,Suffolk Constabulary,Suffolk Constabulary,0.711656,52.250724,On or near Tayfen Road,E01030137,West Suffolk 011C,Public order,Under investigation,
4ac6abe29dd899cc1096e4b79ffeadd5c12112397260cd42dbecd575b2e2767d,2026-06,Suffolk Constabulary,Suffolk Constabulary,0.713068,52.252499,On or near Station Hill,E01030137,West Suffolk 011C,Public order,Under investigation,
3748803727ac919a3ea14f53acff8355cd80d07854f816a5f310f7594dd14435,2026-06,Suffolk Constabulary,Suffolk Constabulary,0.712978,52.250784,On or near Ipswich Street,E01030137,West Suffolk 011C,Public order,Awaiting court outcome,
df2f17df333f55bfa82d9c572120c0618b1e7a100f2cd77a30566bfe242614ff,2026-06,Suffolk Constabulary,Suffolk Constabulary,0.715298,52.254128,On or near Supermarket,E01030137,West Suffolk 011C,Public order,Under investigation,
5759a428ed3a7dc9b590d045cc9811188bd3fd174a8aa4856fdb377ef33bdeba,2026-06,Suffolk Constabulary,Suffolk Constabulary,0.715298,52.254128,On or near Supermarket,E01030137,West Suffolk 011C,Shoplifting,Under investigation,
21ee8409456da5e38d80acea2b4c28d952c6c90aace2102ad22118f8d8efe71a,2026-06,Suffolk Constabulary,Suffolk Constabulary,0.715298,52.254128,On or near Supermarket,E01030137,West Suffolk 011C,Shoplifting,Awaiting court outcome,
ee8622d310cbbd18940368e4ed39044a637c13cdf1cf86ecb2939cdf41f6ce19,2026-06,Suffolk Constabulary,Suffolk Constabulary,0.715298,52.254128,On or near Supermarket,E01030137,West Suffolk 011C,Theft from the person,Under investigation,
f10fdf707b10b72758c11e793655f4416d17c0589c1cfc5d0d201d50ea4235bb,2026-06,Suffolk Constabulary,Suffolk Constabulary,0.712978,52.250784,On or near Ipswich Street,E01030137,West Suffolk 011C,Vehicle crime,Investigation complete; no suspect identified,
32ead9cc665b048435cfe0dfadd0cae26cc5732a5edc28745a5d8f2cb8250505,2026-06,Suffolk Constabulary,Suffolk Constabulary,0.710077,52.257982,On or near Avenue Approach,E01030137,West Suffolk 011C,Violence and sexual offences,Under investigation,
a3d6f11ddd8b9d79ac3359777aa2b6d7be6f96213df82b96fd94c20638624709,2026-06,Suffolk Constabulary,Suffolk Constabulary,0.703015,52.257289,On or near Klondyke,E01030137,West Suffolk 011C,Violence and sexual offences,Under investigation,
3b0f1fb132ba1d0006fd821f269c268e0ff3eab408e3b7981a135c7bab97e9ce,2026-06,Suffolk Constabulary,Suffolk Constabulary,0.715134,52.252730,On or near Out Northgate,E01030137,West Suffolk 011C,Violence and sexual offences,Under investigation,
18603e607299ff9fea893a7109b11f08f9d823e7a9bea9f9b65d9703f20c798d,2026-06,Suffolk Constabulary,Suffolk Constabulary,0.703015,52.257289,On or near Klondyke,E01030137,West Suffolk 011C,Violence and sexual offences,Under investigation,
5f4e08705e2136f5bcb204bb4f287daa9033bc9a291fa533e5622c5f64c13194,2026-06,Suffolk Constabulary,Suffolk Constabulary,0.705797,52.250517,On or near Springfield Avenue,E01033043,West Suffolk 011D,Burglary,Under investigation,
f221292c38bee334f9d0bf6d3e57a6705656b3cf16f587c1c540c4639c2b8948,2026-06,Suffolk Constabulary,Suffolk Constabulary,0.702899,52.249360,On or near Grove Road,E01033043,West Suffolk 011D,Criminal damage and arson,Investigation complete; no suspect identified,
f2d852708df2fa03cbcabb11d9c5064789010ade849ee93125268a78cd2a029f,2026-06,Suffolk Constabulary,Suffolk Constabulary,0.707792,52.252719,On or near Bull Rush Crescent,E01033043,West Suffolk 011D,Drugs,Under investigation,
c421e630b09c50e41eeaaac728edbe5c861988d21895ef6bd89172635357d72f,2026-06,Suffolk Constabulary,Suffolk Constabulary,0.702899,52.249360,On or near Grove Road,E01033043,West Suffolk 011D,Possession of weapons,Under investigation,
e23841afa16ba549252313162c84da444453f7e75f60b5cd0a7f5b6a000b1284,2026-06,Suffolk Constabulary,Suffolk Constabulary,0.704614,52.249132,On or near Durbar Terrace,E01033043,West Suffolk 011D,Violence and sexual offences,Under investigation,
47cb3d97676ef019589d7b853a03a5eff1044ea47d8c12d753cc32d70cbb6c9f,2026-06,Suffolk Constabulary,Suffolk Constabulary,0.705797,52.250517,On or near Springfield Avenue,E01033043,West Suffolk 011D,Violence and sexual offences,Under investigation,
e5a4acc228eca9bd546f9698d9db43b88ded03a67e9d673171762168505385d1,2026-06,Suffolk Constabulary,Suffolk Constabulary,0.704893,52.250097,On or near Camberley Court,E01033043,West Suffolk 011D,Violence and sexual offences,Under investigation,
de826f4ce433742a81c5291dc045b6ba4d57bbde11e8f41dfcd2afc492058daa,2026-06,Suffolk Constabulary,Suffolk Constabulary,0.708293,52.251557,On or near Sedge Way,E01033043,West Suffolk 011D,Violence and sexual offences,Under investigation,
6022b4b24c07d8af6d15d7efdbfddac535d6c73cd4edc087d80e6e780aa6a544,2026-06,Suffolk Constabulary,Suffolk Constabulary,0.704893,52.250097,On or near Camberley Court,E01033043,West Suffolk 011D,Violence and sexual offences,Under investigation,
669efb93b054e78279c47b08d83efc173378900208a2091fb9aef54889247677,2026-06,Suffolk Constabulary,Suffolk Constabulary,0.705797,52.250517,On or near Springfield Avenue,E01033043,West Suffolk 011D,Violence and sexual offences,Under investigation,
bc2c177d2140abde03fd5346985dd3e3d28a1cb156c77cb03038968cfdf87653,2026-06,Suffolk Constabulary,Suffolk Constabulary,0.710969,52.247862,On or near Bus/Coach Station,E01033046,West Suffolk 011E,Criminal damage and arson,Under investigation,
0501afc71485c72e5f170ee9aaa92d7cd85ff02fa6be7eecbf08822c2105484f,2026-06,Suffolk Constabulary,Suffolk Constabulary,0.711229,52.248764,On or near St Andrew'S Street North,E01033046,West Suffolk 011E,Drugs,Awaiting court outcome,
c0aa8dc69f2dc7d8484ec60fcdf6dcc7dba7788b9f9617300cc4d0636865975c,2026-06,Suffolk Constabulary,Suffolk Constabulary,0.709944,52.247400,On or near Tavern Lane,E01033046,West Suffolk 011E,Public order,Awaiting court outcome,
33da16e1cdc8333e93e7b3acdb610d0d0fdb217d40c574844c43a00b61b7f018,2026-06,Suffolk Constabulary,Suffolk Constabulary,0.712069,52.248610,On or near St John'S Street,E01033046,West Suffolk 011E,Public order,Unable to prosecute suspect,
ed5b5ce4453abd87b9d30b120ba46593d68a2a2cec30b47ded68363a052b3c51,2026-06,Suffolk Constabulary,Suffolk Constabulary,0.710969,52.247862,On or near Bus/Coach Station,E01033046,West Suffolk 011E,Public order,Awaiting court outcome,
8dd8b599fbb94e85a63d104cac2fe9c4aaa5bc4e451a4fa08f82e9599ad1a5a1,2026-06,Suffolk Constabulary,Suffolk Constabulary,0.710969,52.247862,On or near Bus/Coach Station,E01033046,West Suffolk 011E,Public order,Under investigation,
d02e30eea2612537a36facac9d7ab19ed26ad613a12c1c3102d15e4a5322a097,2026-06,Suffolk Constabulary,Suffolk Constabulary,0.714240,52.250332,On or near St Martin'S Street,E01033046,West Suffolk 011E,Vehicle crime,Investigation complete; no suspect identified,
e9e066f5c6f971d052386665b01c8c34c6b56a951e0453df05518fc07010ff80,2026-06,Suffolk Constabulary,Suffolk Constabulary,0.713400,52.251215,On or near Ipswich Court,E01033046,West Suffolk 011E,Violence and sexual offences,Under investigation,
3d4385680f63bf9a5bfc6d34f28fee118d2c963fb97cd1f846c5d49888374149,2026-06,Suffolk Constabulary,Suffolk Constabulary,0.709944,52.247400,On or near Tavern Lane,E01033046,West Suffolk 011E,Violence and sexual offences,Awaiting court outcome,
97fa9106a35cd75953f7ee7b0d4ce23bdd6153b14f431dfdb458c6fa83df027d,2026-06,Suffolk Constabulary,Suffolk Constabulary,0.710969,52.247862,On or near Bus/Coach Station,E01033046,West Suffolk 011E,Violence and sexual offences,Unable to prosecute suspect,
019512c9d90415ba61366dabe088e85886d0cb36eb206ce7764e3e1291b0d7fc,2026-06,Suffolk Constabulary,Suffolk Constabulary,0.713400,52.251215,On or near Ipswich Court,E01033046,West Suffolk 011E,Violence and sexual offences,Under investigation,
406704a5fdf737dbb55dc444f49ebea263cfe03ef0907dd30a39d1ccd08ecc13,2026-06,Suffolk Constabulary,Suffolk Constabulary,0.710969,52.247862,On or near Bus/Coach Station,E01033046,West Suffolk 011E,Violence and sexual offences,Awaiting court outcome,
ef89316afb8e375be4ea8e70c8f23a2f2dab2c8f5eebc8928cfb4cdbe842fa8d,2026-06,Suffolk Constabulary,Suffolk Constabulary,0.710969,52.247862,On or near Bus/Coach Station,E01033046,West Suffolk 011E,Violence and sexual offences,Under investigation,
2baae54cdffcf6073428200e6743a8b0eed8e6000760b245a80474df6a644d03,2026-06,Suffolk Constabulary,Suffolk Constabulary,0.699029,52.248533,On or near Further/Higher Educational Building,E01033047,West Suffolk 011F,Criminal damage and arson,Unable to prosecute suspect,
ce423ea80a8620dc29171df379ad63993d087dfa1f1533d8551101edf23f0543,2026-06,Suffolk Constabulary,Suffolk Constabulary,0.697857,52.247398,On or near Prince Of Wales Close,E01033047,West Suffolk 011F,Possession of weapons,Unable to prosecute suspect,
c3e38303c40095da122553357daa3dc6cff328d289e542b2f9bffdf6eaa3a120,2026-06,Suffolk Constabulary,Suffolk Constabulary,0.699350,52.250965,On or near Sports/Recreation Area,E01033047,West Suffolk 011F,Robbery,Under investigation,
205062e6a69fdbb214728c2ed457cea16495b6a3c6119ccb9d786f9801581293,2026-06,Suffolk Constabulary,Suffolk Constabulary,0.699029,52.248533,On or near Further/Higher Educational Building,E01033047,West Suffolk 011F,Violence and sexual offences,Under investigation,
1184832385bd999ec660f687d374ad98b6cf15ab290c7513283803f46e3214ca,2026-06,Suffolk Constabulary,Suffolk Constabulary,0.699029,52.248533,On or near Further/Higher Educational Building,E01033047,West Suffolk 011F,Violence and sexual offences,Under investigation,
1775c10ac9fbcab7f1385cdfb94d06608a94858ae6b0637e85b519acf83ebc93,2026-06,Suffolk Constabulary,Suffolk Constabulary,0.699029,52.248533,On or near Further/Higher Educational Building,E01033047,West Suffolk 011F,Violence and sexual offences,Under investigation,
c14cedd4b4c847f35e24c836fbcc5d529fdc6e89cfa27b2b1b709b1b4ceffb50,2026-06,Suffolk Constabulary,Suffolk Constabulary,0.699724,52.247742,On or near Out Risbygate,E01033047,West Suffolk 011F,Violence and sexual offences,Under investigation,
a5e2b401abff4a0aea0102573ad9b8833c37d1f505e4580a9bb892d73caa0a9e,2026-06,Suffolk Constabulary,Suffolk Constabulary,0.699029,52.248533,On or near Further/Higher Educational Building,E01033047,West Suffolk 011F,Violence and sexual offences,Under investigation,
,2026-06,Suffolk Constabulary,Suffolk Constabulary,0.738742,52.251339,On or near Pond Grove Close,E01030127,West Suffolk 012A,Anti-social behaviour,,
4bb933a2be6437ae8019b6a387dfa21e2e071ddd301aae546b884fb61c825f25,2026-06,Suffolk Constabulary,Suffolk Constabulary,0.737631,52.239224,On or near Supermarket,E01030129,West Suffolk 012C,Criminal damage and arson,Under investigation,
0bbf76867d43dac8d450be58dc11f27ac1104e8019b5f6ff74b48c98671f0d9a,2026-06,Suffolk Constabulary,Suffolk Constabulary,0.742386,52.239861,On or near Greyfriars Road,E01030129,West Suffolk 012C,Other theft,Under investigation,
e02ee83bad5e0a3cbc7915fd704cdd56666d7b2d884a96d305555806f8283790,2026-06,Suffolk Constabulary,Suffolk Constabulary,0.737631,52.239224,On or near Supermarket,E01030129,West Suffolk 012C,Other theft,Investigation complete; no suspect identified,
915744fc04caf53c15f06a834c2ab537f2f3ddb829687c07f707550d18d01138,2026-06,Suffolk Constabulary,Suffolk Constabulary,0.742386,52.239861,On or near Greyfriars Road,E01030129,West Suffolk 012C,Possession of weapons,Unable to prosecute suspect,
868855a25924004f3051512ad6e3ab18bbfb918e751e6770ed275df0fd914d0c,2026-06,Suffolk Constabulary,Suffolk Constabulary,0.737631,52.239224,On or near Supermarket,E01030129,West Suffolk 012C,Public order,Under investigation,
31508608127695bddcfa484816cc366f6b9d704d87f4fe3738a2aaf71130c12e,2026-06,Suffolk Constabulary,Suffolk Constabulary,0.741119,52.239370,On or near Shopping Area,E01030129,West Suffolk 012C,Shoplifting,Under investigation,
d95c65bbfd8f3bb26736cbeeabb4abcc59782422fd0158499ef73a069640e83b,2026-06,Suffolk Constabulary,Suffolk Constabulary,0.745108,52.238637,On or near Cratfield Road,E01030129,West Suffolk 012C,Shoplifting,Investigation complete; no suspect identified,
5912c7447d1a84087ce761a2b77b529c96a79ef42793c2298da408868a6e1ef9,2026-06,Suffolk Constabulary,Suffolk Constabulary,0.745108,52.238637,On or near Cratfield Road,E01030129,West Suffolk 012C,Shoplifting,Investigation complete; no suspect identified,
fb8145f4535b87d7fb2778905196ce50c197607ebef3cd51a0e8d0b3d9fe8a25,2026-06,Suffolk Constabulary,Suffolk Constabulary,0.742386,52.239861,On or near Greyfriars Road,E01030129,West Suffolk 012C,Shoplifting,Investigation complete; no suspect identified,
97e3b8ec7139bba516c3de7e5329c418a02e8ee1ad11e49f13381c7100e0a0e9,2026-06,Suffolk Constabulary,Suffolk Constabulary,0.737631,52.239224,On or near Supermarket,E01030129,West Suffolk 012C,Shoplifting,Under investigation,
7bc286d5457b957a24a12b70c4d4f0fba4224f345b8c9a1640992fd46770a6ee,2026-06,Suffolk Constabulary,Suffolk Constabulary,0.741119,52.239370,On or near Shopping Area,E01030129,West Suffolk 012C,Shoplifting,Under investigation,
532e41044a71f20d1ca28f9257f849edd4c13f5cb5ec014b6f7b21655ad65f8d,2026-06,Suffolk Constabulary,Suffolk Constabulary,0.741119,52.239370,On or near Shopping Area,E01030129,West Suffolk 012C,Shoplifting,Awaiting court outcome,
31d5975938e70b26eac5f949a215f17269a055ce201224b8252b585d81f13441,2026-06,Suffolk Constabulary,Suffolk Constabulary,0.741119,52.239370,On or near Shopping Area,E01030129,West Suffolk 012C,Shoplifting,Investigation complete; no suspect identified,
91c3d2fa4b434132924c147d431ee1d8c1ec619f8ea5294c9dc907b8936b0d42,2026-06,Suffolk Constabulary,Suffolk Constabulary,0.756034,52.250424,On or near Turnstone Drive,E01033044,West Suffolk 012D,Drugs,Under investigation,
b5570bd555ffde985366ccc417c0b288a4866ec2089897325618422ebe4ae3f7,2026-06,Suffolk Constabulary,Suffolk Constabulary,0.748769,52.250944,On or near Broomley Green Lane,E01033044,West Suffolk 012D,Violence and sexual offences,Unable to prosecute suspect,
1e1cb2d2d03175e4d7d028cf8f83e91cfa7f06d83f56654039fc6138a2b45754,2026-06,Suffolk Constabulary,Suffolk Constabulary,0.747619,52.249640,On or near Sheerwater Close,E01033044,West Suffolk 012D,Violence and sexual offences,Under investigation,
,2026-06,Suffolk Constabulary,Suffolk Constabulary,0.756866,52.244946,On or near Mortimer Road,E01033045,West Suffolk 012E,Anti-social behaviour,,
,2026-06,Suffolk Constabulary,Suffolk Constabulary,0.753815,52.248192,On or near Juniper Road,E01033045,West Suffolk 012E,Anti-social behaviour,,
ec1dc04cfdcd330af96b553b1c36cac051370752c654579a2161c6d77f0ed30e,2026-06,Suffolk Constabulary,Suffolk Constabulary,0.751028,52.249561,On or near Maulkin Close,E01033045,West Suffolk 012E,Burglary,Under investigation,
0dd3802a50f606d8be4c046c43350a97a217878f46cb403ef6ce78aa341870fe,2026-06,Suffolk Constabulary,Suffolk Constabulary,0.754688,52.247146,On or near Parking Area,E01033045,West Suffolk 012E,Violence and sexual offences,Unable to prosecute suspect,
77133fc5b6605b4d39d05b7e11a86786de68c52775e1e6b615af57f583b0b6c9,2026-06,Suffolk Constabulary,Suffolk Constabulary,0.755491,52.244025,On or near Frenesi Crescent,E01033045,West Suffolk 012E,Violence and sexual offences,Unable to prosecute suspect,
9f921e4f9794cc45d0ade15c4b03bb2d57d90d568f2a9cd38e7a8e8bbc1e9005,2026-06,Suffolk Constabulary,Suffolk Constabulary,0.753815,52.248192,On or near Juniper Road,E01033045,West Suffolk 012E,Violence and sexual offences,Awaiting court outcome,
,2026-06,Suffolk Constabulary,Suffolk Constabulary,0.742276,52.244729,On or near Lawson Place,E01033050,West Suffolk 012F,Anti-social behaviour,,
,2026-06,Suffolk Constabulary,Suffolk Constabulary,0.750029,52.243838,On or near Cowslip Close,E01033050,West Suffolk 012F,Anti-social behaviour,,
,2026-06,Suffolk Constabulary,Suffolk Constabulary,0.750029,52.243838,On or near Cowslip Close,E01033050,West Suffolk 012F,Anti-social behaviour,,
1cf839c4d29ddcdf5cd011fb71d6a28dc458abf24657c66fbc4ca3d73b18ed8e,2026-06,Suffolk Constabulary,Suffolk Constabulary,0.752125,52.245039,On or near Beale Close,E01033050,West Suffolk 012F,Criminal damage and arson,Under investigation,
0d5622a03c6cbedb9d8decaae8d379bf52f451b37c8218d20a3f48f86e7cf971,2026-06,Suffolk Constabulary,Suffolk Constabulary,0.753486,52.243119,On or near Skyliner Way,E01033050,West Suffolk 012F,Other theft,Awaiting court outcome,
ac1375c79f51710653e164d231eb4bf2901cc8b07e34a8ea1f766305891751b9,2026-06,Suffolk Constabulary,Suffolk Constabulary,0.748234,52.242288,On or near Bedingfeld Road,E01033050,West Suffolk 012F,Shoplifting,Under investigation,
3b04047ded3cd289e1a9e3f798133e56ae123df6c38aa601b30063826831325c,2026-06,Suffolk Constabulary,Suffolk Constabulary,0.750029,52.243838,On or near Cowslip Close,E01033050,West Suffolk 012F,Vehicle crime,Investigation complete; no suspect identified,
6457c39800d949b5fd1f36c6f9994e8cc326a0b6ca718edcdd9375d7c81fd407,2026-06,Suffolk Constabulary,Suffolk Constabulary,0.742276,52.244729,On or near Lawson Place,E01033050,West Suffolk 012F,Violence and sexual offences,Under investigation,
9eec684a6d4dab7fdb73092ca156e756941de3c5f578df0fdbef8ce0da7ab79b,2026-06,Suffolk Constabulary,Suffolk Constabulary,0.709176,52.231662,On or near Hospital,E01030142,West Suffolk 013A,Burglary,Under investigation,
5b0076a79b6759cd85c7f680c285d45070b6aa7beb545a519ee31266041080cc,2026-06,Suffolk Constabulary,Suffolk Constabulary,0.707480,52.229066,On or near Macmillan Way,E01030142,West Suffolk 013A,Other theft,Under investigation,
418d269baf5c078859db4509c8f5a314c1a38ac6ece2b291c15fb2957e965dbe,2026-06,Suffolk Constabulary,Suffolk Constabulary,0.705009,52.238529,On or near Parking Area,E01030142,West Suffolk 013A,Other theft,Under investigation,
aedac8775f75d936fb276baf11ba781f343cf2bf1aa9d11f85f9c1ff86d664c5,2026-06,Suffolk Constabulary,Suffolk Constabulary,0.707480,52.229066,On or near Macmillan Way,E01030142,West Suffolk 013A,Public order,Awaiting court outcome,
b5cec3f42efa22b45b4f9987b53c429ae70712e3a37569117e4ebaf256e8ab96,2026-06,Suffolk Constabulary,Suffolk Constabulary,0.709176,52.231662,On or near Hospital,E01030142,West Suffolk 013A,Shoplifting,Investigation complete; no suspect identified,
a09e24161da71b069fc24cc546b21adb140246aca5723c8231e7d35fe5e6cc5d,2026-06,Suffolk Constabulary,Suffolk Constabulary,0.705009,52.238529,On or near Parking Area,E01030142,West Suffolk 013A,Violence and sexual offences,Under investigation,
920e38dd530fde2e4754b48cc5b92ca8a53068410b18397ab9766b56bad11dcd,2026-06,Suffolk Constabulary,Suffolk Constabulary,0.709176,52.231662,On or near Hospital,E01030142,West Suffolk 013A,Violence and sexual offences,Under investigation,
5ca6d1518f8b9c4c61ecd09ac7f4ff0f17b55332dcdd444347f2a7e6aa654562,2026-06,Suffolk Constabulary,Suffolk Constabulary,0.707480,52.229066,On or near Macmillan Way,E01030142,West Suffolk 013A,Violence and sexual offences,Under investigation,
df2dd781a5d9a60d416dcca2e988794a837100929ec6aacdc4356dad77c10350,2026-06,Suffolk Constabulary,Suffolk Constabulary,0.709176,52.231662,On or near Hospital,E01030142,West Suffolk 013A,Violence and sexual offences,Unable to prosecute suspect,
794d0bef43fe59cfc206ea4b16434a7e1e74ccc9c117a446850b3b096d05f177,2026-06,Suffolk Constabulary,Suffolk Constabulary,0.709176,52.231662,On or near Hospital,E01030142,West Suffolk 013A,Violence and sexual offences,Under investigation,
9ad636d2f935e3580039c2eb0b44ed870172225085e93d383cfc933c2884d8ff,2026-06,Suffolk Constabulary,Suffolk Constabulary,0.709176,52.231662,On or near Hospital,E01030142,West Suffolk 013A,Violence and sexual offences,Awaiting court outcome,
ff19c7949a3bfff97f65a893ea08f40cad508d6bd8e18fda625f1cd29cfdbaad,2026-06,Suffolk Constabulary,Suffolk Constabulary,0.709176,52.231662,On or near Hospital,E01030142,West Suffolk 013A,Violence and sexual offences,Awaiting court outcome,
6c0e1fb95514fd4150e5d1a836d8c30006e0f55b490c1e6279e99c2e2a3616cf,2026-06,Suffolk Constabulary,Suffolk Constabulary,0.718256,52.235024,On or near Abbots Gate,E01030142,West Suffolk 013A,Violence and sexual offences,Unable to prosecute suspect,
d8845b173b36b06a749b9c8be735559985155828178e021d9b4c45b6dadd6d3d,2026-06,Suffolk Constabulary,Suffolk Constabulary,0.709176,52.231662,On or near Hospital,E01030142,West Suffolk 013A,Violence and sexual offences,Awaiting court outcome,
6d5bf846f8fb57f3acd8bfde4a468548d7bfb6ea469075c7e2c68b7ec7de7a86,2026-06,Suffolk Constabulary,Suffolk Constabulary,0.709176,52.231662,On or near Hospital,E01030142,West Suffolk 013A,Violence and sexual offences,Unable to prosecute suspect,
a8de2446ae094992e0a3f566c8e9b7992a66aa7ffcbf4f5072c7654abdffefa2,2026-06,Suffolk Constabulary,Suffolk Constabulary,0.721523,52.230002,On or near Kestrel Road,E01030143,West Suffolk 013B,Public order,Offender given a caution,
c494421f268f28a126e78267d85456db55443ccc2a1d128f53e95d0e30461ab9,2026-06,Suffolk Constabulary,Suffolk Constabulary,0.721663,52.232292,On or near Parking Area,E01030143,West Suffolk 013B,Robbery,Under investigation,
82bea9775ed1f7ade0badb4e4c6ac34cc2ea03ed8dc3e1720695d57cb7ea4dd4,2026-06,Suffolk Constabulary,Suffolk Constabulary,0.725440,52.233698,On or near Jarman Close,E01030143,West Suffolk 013B,Violence and sexual offences,Awaiting court outcome,
56ae092e2cd7ee94df9424cfa44901ee13d1e6ffe3631116737881698c8b9762,2026-06,Suffolk Constabulary,Suffolk Constabulary,0.723368,52.228080,On or near Redwing Road,E01030143,West Suffolk 013B,Violence and sexual offences,Under investigation,
067ee59d00194f645d2dce230dd8b706ff532a57067cfca3e82ddf49b5a16604,2026-06,Suffolk Constabulary,Suffolk Constabulary,0.724160,52.230499,On or near Sandpiper Road,E01030144,West Suffolk 013C,Burglary,Investigation complete; no suspect identified,
aec2e245e2dc1adada90eaa80524be89e3622a5b8a8e4d4e879229d987f49d7f,2026-06,Suffolk Constabulary,Suffolk Constabulary,0.727258,52.234447,On or near The Gateway,E01030144,West Suffolk 013C,Drugs,Awaiting court outcome,
26167f56fea95576a5b7f4e9826af89c042056d9d55bc440a5438bad351d1d15,2026-06,Suffolk Constabulary,Suffolk Constabulary,0.734195,52.234349,On or near Rushbrooke Lane,E01030144,West Suffolk 013C,Vehicle crime,Investigation complete; no suspect identified,
b289af9072362b414bda3eeca01c78ccab54721d709719bf0f30e22ca5a47766,2026-06,Suffolk Constabulary,Suffolk Constabulary,0.730746,52.236615,On or near River Lane,E01030144,West Suffolk 013C,Violence and sexual offences,Awaiting court outcome,
4c2dd2cd14f17664a718088aeb7dce310367532214733033d05f6c51964406ce,2026-06,Suffolk Constabulary,Suffolk Constabulary,0.696719,52.239753,On or near The Mead,E01030147,West Suffolk 013D,Public order,Under investigation,
b42f74655b4a0620860309e635b28157bd323f7034eef249ce45aad16151a955,2026-06,Suffolk Constabulary,Suffolk Constabulary,0.699659,52.235334,On or near Linton Gardens,E01030147,West Suffolk 013D,Violence and sexual offences,Under investigation,
3646356178f4e52d664626bd3c6c9d183ef2189ddf4ceaf8cfa669f45e153112,2026-06,Suffolk Constabulary,Suffolk Constabulary,0.700412,52.240020,On or near Chevington Close,E01030147,West Suffolk 013D,Violence and sexual offences,Under investigation,
4f43c18106a20645f751e51c67d7fb7d3a3f753d9ed39ba479748529128298d6,2026-06,Suffolk Constabulary,Suffolk Constabulary,0.724084,52.248145,On or near Eastgate Street,E01033048,West Suffolk 013E,Other theft,Under investigation,
6e87369d0e02e69cf4bd28d60c962095ddf2f9c354c6f3645231492f9a964027,2026-06,Suffolk Constabulary,Suffolk Constabulary,0.719316,52.248014,On or near Parking Area,E01033048,West Suffolk 013E,Public order,Under investigation,
34d6ae1ad4da06037921858dc76b713c38243fa49fc4ec4db4523076d178bc97,2026-06,Suffolk Constabulary,Suffolk Constabulary,0.729592,52.253143,On or near Hollow Road,E01033048,West Suffolk 013E,Robbery,Under investigation,
c647cea4028f8a3bd09a8449d2ad0fdf2eec86cf4d6d9e206e9953c3f33bc1dd,2026-06,Suffolk Constabulary,Suffolk Constabulary,0.729522,52.253666,On or near Hollow Road,E01033048,West Suffolk 013E,Vehicle crime,Investigation complete; no suspect identified,
f96b3c2a342f181d4528046f78702f6f5c7fca62a9404a49007eef52bb4364e4,2026-06,Suffolk Constabulary,Suffolk Constabulary,0.720411,52.246539,On or near The Broadway,E01033048,West Suffolk 013E,Violence and sexual offences,Under investigation,
68958147ec752398359dc572d010c6dcb594dbc0e4b4c0fce40b9f885978cdf5,2026-06,Suffolk Constabulary,Suffolk Constabulary,0.719316,52.248014,On or near Parking Area,E01033048,West Suffolk 013E,Violence and sexual offences,Under investigation,
06824588ee5cfa84cf046f784d824eea277f8b8356e7935ceb6742491335455a,2026-06,Suffolk Constabulary,Suffolk Constabulary,0.723017,52.248655,On or near Barn Lane,E01033048,West Suffolk 013E,Violence and sexual offences,Unable to prosecute suspect,
887479fd49dcf0a519de4d703e42dbb89dc06724d3673733ffcb9f54d8eed9d0,2026-06,Suffolk Constabulary,Suffolk Constabulary,0.726662,52.248130,On or near St Stephens Close,E01033048,West Suffolk 013E,Violence and sexual offences,Under investigation,
f78c8bca77bb8549f3c6bf14d09ebfa7f60a42491fa5a49048efd998dedde9de,2026-06,Suffolk Constabulary,Suffolk Constabulary,0.714200,52.249676,On or near Cannon Street,E01033049,West Suffolk 013F,Burglary,Investigation complete; no suspect identified,
bba1d67292d647ce2de1fc7e67172e6fd71b7a2759ebcae8c281437df903e462,2026-06,Suffolk Constabulary,Suffolk Constabulary,0.713601,52.247055,On or near Well Street,E01033049,West Suffolk 013F,Drugs,Awaiting court outcome,
014b0068cca469e78857ce9931c7e2b4cd23e4cd80dab5b9ee7c6fb3f2075b76,2026-06,Suffolk Constabulary,Suffolk Constabulary,0.713412,52.249245,On or near Lathbury Court,E01033049,West Suffolk 013F,Other theft,Under investigation,
c3117b4832f88b7aae49e3fd2965d0e538c0cad4076b32f6e898e586c72366be,2026-06,Suffolk Constabulary,Suffolk Constabulary,0.712568,52.247655,On or near Lawsons Yard,E01033049,West Suffolk 013F,Public order,Unable to prosecute suspect,
288f57f9700b6db907d75da1d19084f04cbea1fa8d0089bcb76b89fdf596d5bf,2026-06,Suffolk Constabulary,Suffolk Constabulary,0.712568,52.247655,On or near Lawsons Yard,E01033049,West Suffolk 013F,Shoplifting,Investigation complete; no suspect identified,
e19a7047b6728fc175b06be5ac4dab39472be3bb366211033a1a33fca7e8585d,2026-06,Suffolk Constabulary,Suffolk Constabulary,0.712568,52.247655,On or near Lawsons Yard,E01033049,West Suffolk 013F,Shoplifting,Investigation complete; no suspect identified,
83159a4525bbe25cdc4cefee7065568ebb47c9ba2b8d472b901dfe04dd78a6b2,2026-06,Suffolk Constabulary,Suffolk Constabulary,0.712568,52.247655,On or near Lawsons Yard,E01033049,West Suffolk 013F,Violence and sexual offences,Under investigation,
cee27d677527568a7eec15c2bffdfcac73c9389c918916b06e9a7c7b6182ca97,2026-06,Suffolk Constabulary,Suffolk Constabulary,0.712568,52.247655,On or near Lawsons Yard,E01033049,West Suffolk 013F,Other crime,Awaiting court outcome,
,2026-06,Suffolk Constabulary,Suffolk Constabulary,0.701031,52.242011,On or near Bullen Close,E01030092,West Suffolk 014A,Anti-social behaviour,,
,2026-06,Suffolk Constabulary,Suffolk Constabulary,0.705266,52.245394,On or near Chalk Road (South),E01030092,West Suffolk 014A,Anti-social behaviour,,
,2026-06,Suffolk Constabulary,Suffolk Constabulary,0.706159,52.240095,On or near Maundy Close,E01030092,West Suffolk 014A,Anti-social behaviour,,
,2026-06,Suffolk Constabulary,Suffolk Constabulary,0.705266,52.245394,On or near Chalk Road (South),E01030092,West Suffolk 014A,Anti-social behaviour,,
,2026-06,Suffolk Constabulary,Suffolk Constabulary,0.704545,52.241247,On or near Euston Close,E01030092,West Suffolk 014A,Anti-social behaviour,,
3c08251ab62b9c73d0437788026bf2dc02e61df1eb18cf14cf70143124fe903b,2026-06,Suffolk Constabulary,Suffolk Constabulary,0.705266,52.245394,On or near Chalk Road (South),E01030092,West Suffolk 014A,Criminal damage and arson,Under investigation,
680fbf075978b9df1902b647461ac0b41d0c4be87248b91650579cc7c74169e1,2026-06,Suffolk Constabulary,Suffolk Constabulary,0.705606,52.243759,On or near Mill Road,E01030092,West Suffolk 014A,Criminal damage and arson,Investigation complete; no suspect identified,
bfc3f39c0f07911e2aa32ff051ab6214bdb76d4394f4a957de306f450d437247,2026-06,Suffolk Constabulary,Suffolk Constabulary,0.706773,52.247527,On or near Risbygate Street,E01030092,West Suffolk 014A,Public order,Investigation complete; no suspect identified,
483486e151936f6c83b8d412cedbab9ce8966757d59379e71df3ce47fba4376b,2026-06,Suffolk Constabulary,Suffolk Constabulary,0.706444,52.244540,On or near King'S Road,E01030092,West Suffolk 014A,Violence and sexual offences,Unable to prosecute suspect,
4d534d2b6576588b36d7448b3702b27072e5b38f090b1985f58ac5ae46135c25,2026-06,Suffolk Constabulary,Suffolk Constabulary,0.704722,52.247061,On or near Chalk Road (North),E01030092,West Suffolk 014A,Violence and sexual offences,Investigation complete; no suspect identified,
3f9f0071990bcd37d356e71df20d8900b4932fef6047768ad752749cd78ba678,2026-06,Suffolk Constabulary,Suffolk Constabulary,0.699965,52.241343,On or near Pinners Way,E01030092,West Suffolk 014A,Violence and sexual offences,Under investigation,
0a92d69f5c27e30a7ab3898b018ee296c436643eb289006249dc259c1cd22fa4,2026-06,Suffolk Constabulary,Suffolk Constabulary,0.705266,52.245394,On or near Chalk Road (South),E01030092,West Suffolk 014A,Violence and sexual offences,Under investigation,
e2fc8fc356b4beb615a594746d03cfc58dcf0811fecd8187d63a104beffb3be7,2026-06,Suffolk Constabulary,Suffolk Constabulary,0.692714,52.241832,On or near Ashwell Road,E01030123,West Suffolk 014B,Criminal damage and arson,Under investigation,
6c343d26cf1dd9cc13336d5077dd37cc0e4cb390e9071e73addcbe3525d23f8e,2026-06,Suffolk Constabulary,Suffolk Constabulary,0.696952,52.243345,On or near West Road,E01030123,West Suffolk 014B,Other theft,Investigation complete; no suspect identified,
c62b920951e03ed88848f46968d9734d4e6e042037d92b27e7964a714ab32471,2026-06,Suffolk Constabulary,Suffolk Constabulary,0.695091,52.241167,On or near Boyne Road,E01030123,West Suffolk 014B,Violence and sexual offences,Unable to prosecute suspect,
b57ff6829fb98e0a401e2be2463e4f408768e109067fefbe117cd83a9c9f1754,2026-06,Suffolk Constabulary,Suffolk Constabulary,0.692714,52.241832,On or near Ashwell Road,E01030123,West Suffolk 014B,Violence and sexual offences,Under investigation,
0c6c8993d78088bd650ab09091fa2dae141adcd10d44219279372bb1989cc5ed,2026-06,Suffolk Constabulary,Suffolk Constabulary,0.695091,52.241167,On or near Boyne Road,E01030123,West Suffolk 014B,Violence and sexual offences,Unable to prosecute suspect,
21127612f4b2ff748eb52f53ae3d0bfb9a23848099a31750dc11113862fa1b03,2026-06,Suffolk Constabulary,Suffolk Constabulary,0.694407,52.243412,On or near Highbury Road,E01030123,West Suffolk 014B,Violence and sexual offences,Action to be taken by another organisation,
839b3b2446543e6048d432377acfa0dee915293bc179bdffc217c08764619310,2026-06,Suffolk Constabulary,Suffolk Constabulary,0.695091,52.241167,On or near Boyne Road,E01030123,West Suffolk 014B,Violence and sexual offences,Under investigation,
bef0e44b7ab3406c5c4260151ec0ff5235a0387a395dd2111cb57b62358e58fe,2026-06,Suffolk Constabulary,Suffolk Constabulary,0.690453,52.241021,On or near Beaumont Close,E01030123,West Suffolk 014B,Violence and sexual offences,Unable to prosecute suspect,
e896e2f265d36c616f8bbb7973c498fe6d03918b48d1c006aed1e781249fe0e7,2026-06,Suffolk Constabulary,Suffolk Constabulary,0.692714,52.241832,On or near Ashwell Road,E01030123,West Suffolk 014B,Violence and sexual offences,Unable to prosecute suspect,
d1784e76ed2fb172ae9371e37bc4d7a29274096bf928c948196b6c3e49c60974,2026-06,Suffolk Constabulary,Suffolk Constabulary,0.690730,52.243424,On or near Park Road,E01030123,West Suffolk 014B,Violence and sexual offences,Under investigation,
51d0d9951791a13da2fa3a53c43ef8a91f540bd74668a978ad63dc7c17a226fd,2026-06,Suffolk Constabulary,Suffolk Constabulary,0.696427,52.242188,On or near Perry Barn Close,E01030123,West Suffolk 014B,Other crime,Under investigation,
f97a3fce696bba9ff3e8892eee138418ac90997d0041e90a66112e8bed0bd598,2026-06,Suffolk Constabulary,Suffolk Constabulary,0.694466,52.247287,On or near Hepworth Avenue,E01030124,West Suffolk 014C,Drugs,Under investigation,
bf32d5e06cfa50fd3c34163ed76b0c93841f5044a6492340645e3c6fe0758514,2026-06,Suffolk Constabulary,Suffolk Constabulary,0.690314,52.248969,On or near Supermarket,E01030124,West Suffolk 014C,Other theft,Investigation complete; no suspect identified,
a52ba6e2e44acb55d451844c93adecb7b1ef1a8124cd9e5f65308acf11d1e552,2026-06,Suffolk Constabulary,Suffolk Constabulary,0.687795,52.246243,On or near Kesdale Gardens,E01030124,West Suffolk 014C,Public order,Investigation complete; no suspect identified,
6c1f90418281bb15dc36556ed28546c281980b3c2da0ceb85f06ddbae49aa7ac,2026-06,Suffolk Constabulary,Suffolk Constabulary,0.690596,52.251845,On or near Supermarket,E01030124,West Suffolk 014C,Shoplifting,Unable to prosecute suspect,
a6a0534021af64bc60805b0511d9bb92b9aeaf34854e804e9f6dd9857f117014,2026-06,Suffolk Constabulary,Suffolk Constabulary,0.690314,52.248969,On or near Supermarket,E01030124,West Suffolk 014C,Theft from the person,Under investigation,
38f60f601e612df7825f8de11bb26cee29844267031c753977c0c3024b788d57,2026-06,Suffolk Constabulary,Suffolk Constabulary,0.690057,52.240049,On or near Langton Road,E01030124,West Suffolk 014C,Violence and sexual offences,Action to be taken by another organisation,
b83a797162f967df7f8f837f932f1be15c8157c6f6156775a34830c2e95b4620,2026-06,Suffolk Constabulary,Suffolk Constabulary,0.694466,52.247287,On or near Hepworth Avenue,E01030124,West Suffolk 014C,Violence and sexual offences,Unable to prosecute suspect,
8f2f73857e68a3e3d8d2e9ee634ed4b8a1c039cf8d2873ede8b9ab00823c3a46,2026-06,Suffolk Constabulary,Suffolk Constabulary,0.685256,52.243261,On or near Kylborne Close,E01030124,West Suffolk 014C,Violence and sexual offences,Investigation complete; no suspect identified,
d57c2fffd339ddd252cd5bf3a5609972516bad04953b5af60c07036ead347868,2026-06,Suffolk Constabulary,Suffolk Constabulary,0.680987,52.249716,On or near Parking Area,E01030125,West Suffolk 014D,Burglary,Under investigation,
f8a1488015434c5cf07fb5379bf5fae33ec4c1d7fe2e455628b30a2a9a4c692b,2026-06,Suffolk Constabulary,Suffolk Constabulary,0.680987,52.249716,On or near Parking Area,E01030125,West Suffolk 014D,Burglary,Under investigation,
e31fa4fc3f41fb3dda63dcf0c7aa96d6c6102ce6eb5c8266b9291e00f67a5a0a,2026-06,Suffolk Constabulary,Suffolk Constabulary,0.682954,52.247109,On or near Paddock Close,E01030125,West Suffolk 014D,Public order,Under investigation,
cb68dc7cb2f87783795e853f9c857855493ff0dc113c42957f5362e042685f3a,2026-06,Suffolk Constabulary,Suffolk Constabulary,0.683279,52.249574,On or near Ridley Road,E01030125,West Suffolk 014D,Violence and sexual offences,Under investigation,
92548c40dcf7b31096683d58c915c0392becbec146682a8abaef9bd2d641cfd2,2026-06,Suffolk Constabulary,Suffolk Constabulary,0.683279,52.249574,On or near Ridley Road,E01030125,West Suffolk 014D,Violence and sexual offences,Local resolution,
cc261bcfa8ae5f55340b2098ad62dbe692b0e689adbc856db9c66c2b435a797e,2026-06,Suffolk Constabulary,Suffolk Constabulary,0.684002,52.239954,On or near Blagge Close,E01030148,West Suffolk 014E,Violence and sexual offences,Under investigation,
34ae7da68dd2338ac3f07bb8b8fa8283d6bc21fccf8dd7caf19b7e71c77981aa,2026-06,Suffolk Constabulary,Suffolk Constabulary,0.684434,52.237642,On or near Bedell Close,E01030148,West Suffolk 014E,Violence and sexual offences,Under investigation,
b6cd192be06bc9705fe37073c752d3bf4dba8cf9be7287f27f86938577967b12,2026-06,Suffolk Constabulary,Suffolk Constabulary,0.689718,52.237584,On or near Abbotsbury Road,E01030149,West Suffolk 014F,Other theft,Under investigation,
bd2ca1eb840bce7c2eb85fca48ae785f9c30b92ee0c87efb1bda8f1b17a8ef98,2026-06,Suffolk Constabulary,Suffolk Constabulary,0.692588,52.233454,On or near Fountains Road,E01030149,West Suffolk 014F,Other theft,Investigation complete; no suspect identified,
22d3043b1c88c95513871bdeb8374157cf9f9fff464040a436d5fad76622cb82,2026-06,Suffolk Constabulary,Suffolk Constabulary,0.690878,52.238124,On or near Walsingham Road,E01030149,West Suffolk 014F,Violence and sexual offences,Action to be taken by another organisation,
6561c1f89c2dcf4113e2ecbf0c12d61dcdbb0a765f6bbb23b36a3bd3831c3c9e,2026-06,Suffolk Constabulary,Suffolk Constabulary,0.688272,52.236448,On or near Parking Area,E01030149,West Suffolk 014F,Violence and sexual offences,Under investigation,
,2026-06,Suffolk Constabulary,Suffolk Constabulary,0.406291,52.243525,On or near Sun Lane,E01029925,West Suffolk 015A,Anti-social behaviour,,
8a38359389cfc3d6ab0e6445c4b52a45248b40cb9fecb46d13e4cfa1d6bd8989,2026-06,Suffolk Constabulary,Suffolk Constabulary,0.407587,52.244200,On or near Palace Street,E01029925,West Suffolk 015A,Criminal damage and arson,Unable to prosecute suspect,
76f6db7321cc73ea539d252ee1773419aa12461d0967644ef197116f1ce1dedd,2026-06,Suffolk Constabulary,Suffolk Constabulary,0.409682,52.244742,On or near Rous Road,E01029925,West Suffolk 015A,Drugs,Under investigation,
da275ad2cc7981c63b5bacd09068833f52ad045d3410715bf24ee5e39962387b,2026-06,Suffolk Constabulary,Suffolk Constabulary,0.406002,52.239278,On or near Station Approach,E01029925,West Suffolk 015A,Drugs,Local resolution,
d637d23493eab8264fbf3be38cdbab232e5b260781bd9f376789c8421e10bbe4,2026-06,Suffolk Constabulary,Suffolk Constabulary,0.408192,52.241301,On or near Dick Perryman Court,E01029925,West Suffolk 015A,Other theft,Under investigation,
5d76a5bec8ee0e4f375f8001fda95c5f6f4b57d3b0d5b3a03e3bc2af2bfe1888,2026-06,Suffolk Constabulary,Suffolk Constabulary,0.405745,52.243455,On or near Kingston Passage,E01029925,West Suffolk 015A,Other theft,Under investigation,
d5fedccad00185c299229a21c25d41fad40d7fb99e971ab0247f63c76c9ec4b8,2026-06,Suffolk Constabulary,Suffolk Constabulary,0.402608,52.242602,On or near High Street,E01029925,West Suffolk 015A,Possession of weapons,Under investigation,
c3475527bd95c436a3fd6106b281e4e93df3bd97aefad5757780a11e1ba38152,2026-06,Suffolk Constabulary,Suffolk Constabulary,0.398632,52.239778,On or near Hallwyck Gardens,E01029925,West Suffolk 015A,Possession of weapons,Under investigation,
3e327a2986547ea09512b6875007f4fb70fed3920dac9371cb6aebf5ba8b9ef8,2026-06,Suffolk Constabulary,Suffolk Constabulary,0.403816,52.242739,On or near Sports/Recreation Area,E01029925,West Suffolk 015A,Public order,Unable to prosecute suspect,
9aa6572a2597a691223b2cb9d34342e49bc03f13dae4b1c9cce1b70f630d73ce,2026-06,Suffolk Constabulary,Suffolk Constabulary,0.407587,52.244200,On or near Palace Street,E01029925,West Suffolk 015A,Public order,Unable to prosecute suspect,
b580560b9c99351ed50d0ab8d5b51c44922b6f99b1af00fcf7b723a04ee8433d,2026-06,Suffolk Constabulary,Suffolk Constabulary,0.410506,52.246155,On or near Petrol Station,E01029925,West Suffolk 015A,Violence and sexual offences,Under investigation,
bc80c5f2b84df3e11525abf4ec5b2993af139467690b85736412b5766476754b,2026-06,Suffolk Constabulary,Suffolk Constabulary,0.408192,52.241301,On or near Dick Perryman Court,E01029925,West Suffolk 015A,Violence and sexual offences,Under investigation,
92c048f8d4676fa782f8c528ca053db8dba9bf6c5fcf287330767de5f8829ec5,2026-06,Suffolk Constabulary,Suffolk Constabulary,0.407587,52.244200,On or near Palace Street,E01029925,West Suffolk 015A,Violence and sexual offences,Unable to prosecute suspect,
f7e43ede45e2d44996fc8bc6264fd64e606b43c9d4d890eebbe5036abbfdfc4e,2026-06,Suffolk Constabulary,Suffolk Constabulary,0.403816,52.242739,On or near Sports/Recreation Area,E01029925,West Suffolk 015A,Violence and sexual offences,Under investigation,
eeb994707dd1056db4e9d55b7f1039e2e2f2438704bcf3dbac7de5b638c4dbcf,2026-06,Suffolk Constabulary,Suffolk Constabulary,0.410506,52.246155,On or near Petrol Station,E01029925,West Suffolk 015A,Violence and sexual offences,Under investigation,
435e33045326132c510520dd8343b5c2c21bfcca1fdfdd11d9d26da172104c9b,2026-06,Suffolk Constabulary,Suffolk Constabulary,0.403816,52.242739,On or near Sports/Recreation Area,E01029925,West Suffolk 015A,Violence and sexual offences,Under investigation,
258bcdc2a72d05bb6f057b5779eb178bbf1cd3dc4cbf0292edecb019ed371c6b,2026-06,Suffolk Constabulary,Suffolk Constabulary,0.401292,52.241289,On or near Queensberry Road,E01029925,West Suffolk 015A,Violence and sexual offences,Under investigation,
e5d7726ae3a378335359395a6a98bff18b94f2a0c6e56154bcef4060870a1df1,2026-06,Suffolk Constabulary,Suffolk Constabulary,0.408192,52.241301,On or near Dick Perryman Court,E01029925,West Suffolk 015A,Violence and sexual offences,Unable to prosecute suspect,
5121a86408cb92ac467095a5bc88253f5346bb8bc25ac7cd577d20824fbc8bf0,2026-06,Suffolk Constabulary,Suffolk Constabulary,0.407587,52.244200,On or near Palace Street,E01029925,West Suffolk 015A,Violence and sexual offences,Unable to prosecute suspect,
33e65099a321a19801909ae36a7a96f19b881067ff20fafe36bd499028113853,2026-06,Suffolk Constabulary,Suffolk Constabulary,0.407587,52.244200,On or near Palace Street,E01029925,West Suffolk 015A,Violence and sexual offences,Unable to prosecute suspect,
210dfe9357eb436dc4d1e0a6ce9cc503e6385790a15e3665e7ed6bbab960ce44,2026-06,Suffolk Constabulary,Suffolk Constabulary,0.405745,52.243455,On or near Kingston Passage,E01029925,West Suffolk 015A,Violence and sexual offences,Under investigation,
33be9bb73e40a83fa86b5789e7272073bebe6d5412bb51885930caa5ef6f418c,2026-06,Suffolk Constabulary,Suffolk Constabulary,0.409682,52.244742,On or near Rous Road,E01029925,West Suffolk 015A,Violence and sexual offences,Offender given a caution,
1949dd734ca7e1a82bbe69146948754abe9b1e505bd2752d6d34740bf078cbc9,2026-06,Suffolk Constabulary,Suffolk Constabulary,0.407587,52.244200,On or near Palace Street,E01029925,West Suffolk 015A,Violence and sexual offences,Unable to prosecute suspect,
c1aaddf93d09601c37d562aa65f711a2f92aa7f00e2f204c96317c9ac3f302f8,2026-06,Suffolk Constabulary,Suffolk Constabulary,0.407587,52.244200,On or near Palace Street,E01029925,West Suffolk 015A,Other crime,Local resolution,
27a88c086768e46f718a32f251ee8432320885f3e256ab1d34873be8ba99ba86,2026-06,Suffolk Constabulary,Suffolk Constabulary,0.401189,52.242091,On or near High Street,E01029925,West Suffolk 015A,Other crime,Investigation complete; no suspect identified,
684c7b30ecaefd889577f66c99cbf67488bb4228adcae12b4b63297c6e1b1749,2026-06,Suffolk Constabulary,Suffolk Constabulary,0.403384,52.243944,On or near Church Lane,E01029949,West Suffolk 015B,Criminal damage and arson,Under investigation,
d84d935f41d99beb404fae735107c7e90707af41adf5d6c6d6c5a91dc2e66d3c,2026-06,Suffolk Constabulary,Suffolk Constabulary,0.389699,52.244168,On or near Manderston Road,E01029949,West Suffolk 015B,Violence and sexual offences,Under investigation,
b0e74bfa8ab7d02d8afbe0f5372fb768bdef2ec3b9a7b97add1338115c636c00,2026-06,Suffolk Constabulary,Suffolk Constabulary,0.395195,52.241494,On or near Cecil Lodge Close,E01029949,West Suffolk 015B,Violence and sexual offences,Under investigation,
5628e11dc10ab76d9bb93941d286c113c82505cad43ec312c03a37f5bb21b338,2026-06,Suffolk Constabulary,Suffolk Constabulary,0.393527,52.240179,On or near The Hamiltons,E01029949,West Suffolk 015B,Violence and sexual offences,Under investigation,
e35800e3a9d01bc5055810ae9a3a0bd2e413c05ef86dde887f2e90f9a6a32e75,2026-06,Suffolk Constabulary,Suffolk Constabulary,0.397354,52.241603,On or near Petrol Station,E01029949,West Suffolk 015B,Violence and sexual offences,Unable to prosecute suspect,
f7c6588d034d7bd698f6e78dd868a31fa490b88c911bb1fb5f8e37f3448213ad,2026-06,Suffolk Constabulary,Suffolk Constabulary,0.389699,52.244168,On or near Manderston Road,E01029949,West Suffolk 015B,Other crime,Under investigation,
,2026-06,Suffolk Constabulary,Suffolk Constabulary,0.401980,52.243190,On or near Grosvenor Yard,E01029950,West Suffolk 015C,Anti-social behaviour,,
,2026-06,Suffolk Constabulary,Suffolk Constabulary,0.393817,52.245829,On or near Kingsway,E01029950,West Suffolk 015C,Anti-social behaviour,,
e90c7489da922519d5cd045312435a21e4fc080d120bafcc6cc46839e93ab671,2026-06,Suffolk Constabulary,Suffolk Constabulary,0.393817,52.245829,On or near Kingsway,E01029950,West Suffolk 015C,Criminal damage and arson,Under investigation,
37579fc560d63eff3da946fa4857817b9d67140aceb98f5e8648b89ea725ca68,2026-06,Suffolk Constabulary,Suffolk Constabulary,0.400538,52.247680,On or near Tannersfield Way,E01029950,West Suffolk 015C,Criminal damage and arson,Under investigation,
7c27d9cdd332ee8be843291e4d91869bd362cc80bfb19c12bf59470d7ec36573,2026-06,Suffolk Constabulary,Suffolk Constabulary,0.401668,52.246083,On or near Icewell Hill,E01029950,West Suffolk 015C,Criminal damage and arson,Under investigation,
ef784f70d0ecb7627aba5bbaac291fa862b3b889680ea2ed4e4d0db406c7161c,2026-06,Suffolk Constabulary,Suffolk Constabulary,0.402359,52.246132,On or near Mill Hill,E01029950,West Suffolk 015C,Other theft,Under investigation,
5d4ac4c185bb643b1ef543d9bdd37deb0536755da7bf8476824a926c4ef3be58,2026-06,Suffolk Constabulary,Suffolk Constabulary,0.403817,52.244376,On or near New Cut,E01029950,West Suffolk 015C,Other theft,Investigation complete; no suspect identified,
766bf5982b2fc8258749a5a438b2ad0f540ba944872931d19c2c02ddf40718be,2026-06,Suffolk Constabulary,Suffolk Constabulary,0.399117,52.249849,On or near B1103,E01029950,West Suffolk 015C,Other theft,Investigation complete; no suspect identified,
9981c2f39bd87e7260b20852cb7aa38f2f52f3597dbe7e824586e6efcf814e3f,2026-06,Suffolk Constabulary,Suffolk Constabulary,0.399117,52.249849,On or near B1103,E01029950,West Suffolk 015C,Shoplifting,Under investigation,
9738539aa86e3b3b1c40d0e9e89ee62116b769c782f231d0026f2ca29fe2e420,2026-06,Suffolk Constabulary,Suffolk Constabulary,0.399117,52.249849,On or near B1103,E01029950,West Suffolk 015C,Shoplifting,Under investigation,
1b2316fd6ecde3d90e3a26a13eb45a3cddb2f509a39976fd0c6552aaecb3759c,2026-06,Suffolk Constabulary,Suffolk Constabulary,0.399117,52.249849,On or near B1103,E01029950,West Suffolk 015C,Shoplifting,Investigation complete; no suspect identified,
408cdb04b9a8adaed72520bcf6b1a75948d8f979bd25078dceec534c412d547c,2026-06,Suffolk Constabulary,Suffolk Constabulary,0.399117,52.249849,On or near B1103,E01029950,West Suffolk 015C,Shoplifting,Under investigation,
5142b75aa6465a6dc6d82adf29475cb171296c0ab8fcfdbeacd19b377a2ce621,2026-06,Suffolk Constabulary,Suffolk Constabulary,0.399200,52.247320,On or near Freshfields,E01029950,West Suffolk 015C,Vehicle crime,Under investigation,
32082d6be4b5d5f5ae1ecfb99da42ee6f82b7c22a6b1fc0d0332521e6851c921,2026-06,Suffolk Constabulary,Suffolk Constabulary,0.399200,52.247320,On or near Freshfields,E01029950,West Suffolk 015C,Vehicle crime,Investigation complete; no suspect identified,
15f17b63bb177587ca392df535690a5c4b294d05fcec4b64d70ddb152c7aaee8,2026-06,Suffolk Constabulary,Suffolk Constabulary,0.399454,52.244141,On or near Marino Court,E01029950,West Suffolk 015C,Violence and sexual offences,Action to be taken by another organisation,
15be9761eadf50845a601f1a5432df3fff232d1a2d8b74d7c40ae2396b7a8701,2026-06,Suffolk Constabulary,Suffolk Constabulary,0.400538,52.247680,On or near Tannersfield Way,E01029950,West Suffolk 015C,Violence and sexual offences,Under investigation,
573ebed930e8908cf31c7c58e0d9da8c983278134a259ed9322f95260cbc5875,2026-06,Suffolk Constabulary,Suffolk Constabulary,0.399454,52.244141,On or near Marino Court,E01029950,West Suffolk 015C,Violence and sexual offences,Action to be taken by another organisation,
f1ccbcd0ef1cc1094db706a4b6b7772032406b14204ea49bf508adbb4cc707b9,2026-06,Suffolk Constabulary,Suffolk Constabulary,0.399454,52.244141,On or near Marino Court,E01029950,West Suffolk 015C,Violence and sexual offences,Action to be taken by another organisation,
06ea1f1606ef4f2f3b249b4fddef2a3a03c51b3f763c0adc91c0e9b700c9073a,2026-06,Suffolk Constabulary,Suffolk Constabulary,0.393817,52.245829,On or near Kingsway,E01029950,West Suffolk 015C,Violence and sexual offences,Unable to prosecute suspect,
1ccbcb346168fb9d64be23c3f29c5bddd9a325c7787fd563de387836c970b5c2,2026-06,Suffolk Constabulary,Suffolk Constabulary,0.399454,52.244141,On or near Marino Court,E01029950,West Suffolk 015C,Violence and sexual offences,Action to be taken by another organisation,
780434b774ad82e3ff3d5087060babb75c4bd346505f5775f04c75262566c1e6,2026-06,Suffolk Constabulary,Suffolk Constabulary,0.399200,52.247320,On or near Freshfields,E01029950,West Suffolk 015C,Violence and sexual offences,Under investigation,
f7d6404718e54d39c2d638cdbd194786a5af0fb1100199faae76c4d28b919067,2026-06,Suffolk Constabulary,Suffolk Constabulary,0.399454,52.244141,On or near Marino Court,E01029950,West Suffolk 015C,Violence and sexual offences,Action to be taken by another organisation,
fa0935e6055ac07fd8e38e3f8df7fae1a973ce61caf9e2700fed6a54ae15f6c6,2026-06,Suffolk Constabulary,Suffolk Constabulary,0.401668,52.246083,On or near Icewell Hill,E01029950,West Suffolk 015C,Violence and sexual offences,Under investigation,
f43bc017cf31f85932af52f648f984cd07400a35a503f0ee4e2632e5c9a180b9,2026-06,Suffolk Constabulary,Suffolk Constabulary,0.399454,52.244141,On or near Marino Court,E01029950,West Suffolk 015C,Violence and sexual offences,Under investigation,
076617f3e89b04be1dfd5e4f96f48033891be6b06a8014b36f75bbfeec407424,2026-06,Suffolk Constabulary,Suffolk Constabulary,0.393817,52.245829,On or near Kingsway,E01029950,West Suffolk 015C,Violence and sexual offences,Unable to prosecute suspect,
1d29d8792e69dd6bd2f56a7d6185d40950f7e3a79ccf6e94a673b80fd634f8a4,2026-06,Suffolk Constabulary,Suffolk Constabulary,0.399117,52.249849,On or near B1103,E01029950,West Suffolk 015C,Violence and sexual offences,Under investigation,
326ca13108f4a88393b198a1f9c2c583d9b1476a87ed4fbaf23397376a009f33,2026-06,Suffolk Constabulary,Suffolk Constabulary,0.401668,52.246083,On or near Icewell Hill,E01029950,West Suffolk 015C,Violence and sexual offences,Unable to prosecute suspect,
1e5f205604e416dd0306f9eb23aa80badf2112c0f67e9002c486ca5822154430,2026-06,Suffolk Constabulary,Suffolk Constabulary,0.399454,52.244141,On or near Marino Court,E01029950,West Suffolk 015C,Violence and sexual offences,Action to be taken by another organisation,
42d9f7586bd6a5209efc67a5592f4d8e3c876926edd0001477f3e879a8f5e1ff,2026-06,Suffolk Constabulary,Suffolk Constabulary,0.401827,52.243067,On or near Parking Area,E01029950,West Suffolk 015C,Other crime,Under investigation,
6f0df255569a6b6a7ba894f0be72454b8642ff8c5d2757c980fbaeee4671f1ca,2026-06,Suffolk Constabulary,Suffolk Constabulary,0.390550,52.244735,On or near Portland Road,E01029951,West Suffolk 015D,Violence and sexual offences,Under investigation,
293018cae4a7a1e84209a037c951e979f144e785eaf07a1dc060155695c65af5,2026-06,Suffolk Constabulary,Suffolk Constabulary,0.387941,52.248268,On or near Drinkwater Close,E01029951,West Suffolk 015D,Violence and sexual offences,Under investigation,
f965c393b52605987f4d18bd272012e9df0df204258ebb0aee3e6258f0e4ffef,2026-06,Suffolk Constabulary,Suffolk Constabulary,0.390550,52.244735,On or near Portland Road,E01029951,West Suffolk 015D,Violence and sexual offences,Under investigation,
5bc98b0aab1e837de8e5b44d793c7f102a5842beedcdc5f4c8fe6a9214c7889a,2026-06,Suffolk Constabulary,Suffolk Constabulary,0.395848,52.250356,On or near St Fabians Close,E01029952,West Suffolk 015E,Criminal damage and arson,Under investigation,
3e0a36401324a2679c42e436c6f7d18329ec09d97d7e95f02d66cf2de1cc1d7e,2026-06,Suffolk Constabulary,Suffolk Constabulary,0.395118,52.250955,On or near St Philips Road,E01029952,West Suffolk 015E,Other theft,Investigation complete; no suspect identified,
30215e2316003c3c4156666be31a7a193d9d68575fb61e9f14a4865d98ac07e8,2026-06,Suffolk Constabulary,Suffolk Constabulary,0.391003,52.250994,On or near Collings Place,E01029952,West Suffolk 015E,Other theft,Under investigation,
8c6ca5399e3a6fca44f18d34f6007be0b6d7b309d46d0204058db3eff0e5c1d0,2026-06,Suffolk Constabulary,Suffolk Constabulary,0.395848,52.250356,On or near St Fabians Close,E01029952,West Suffolk 015E,Violence and sexual offences,Action to be taken by another organisation,
cb9e06125d4d861be87eb26a7a98432617110d75f0e1fd187b60fba3f63fc157,2026-06,Suffolk Constabulary,Suffolk Constabulary,0.395848,52.250356,On or near St Fabians Close,E01029952,West Suffolk 015E,Violence and sexual offences,Under investigation,
1e89588b57e215af119f41eae27350f8aafdbcaa7134574f9d6932a6d5f4db1e,2026-06,Suffolk Constabulary,Suffolk Constabulary,0.387537,52.253024,On or near Churchill Avenue,E01029952,West Suffolk 015E,Violence and sexual offences,Under investigation,
fb25f6a71d74ba9d8d777c79593ec3fda78b3a285baa960ee3383e2c6249587d,2026-06,Suffolk Constabulary,Suffolk Constabulary,0.390223,52.253914,On or near Fielden Way,E01029952,West Suffolk 015E,Violence and sexual offences,Investigation complete; no suspect identified,
3b6edfad8e5ed1440aee290852fbe3ae96f6061cf023363da623c99cefe39753,2026-06,Suffolk Constabulary,Suffolk Constabulary,0.395848,52.250356,On or near St Fabians Close,E01029952,West Suffolk 015E,Violence and sexual offences,Action to be taken by another organisation,
2a2d9df55f5c01c97d5067bc2e64eef57a0edb5cc255a210d60c4a45b1a56b0f,2026-06,Suffolk Constabulary,Suffolk Constabulary,0.414159,52.239237,On or near New Cheveley Road,E01032612,West Suffolk 015F,Other theft,Under investigation,
179e2a9c18986e885b3f0e87eaf4b67e5d096944a7eb8125637658fca085e8d7,2026-06,Suffolk Constabulary,Suffolk Constabulary,0.411963,52.241152,On or near Malt Close,E01032612,West Suffolk 015F,Other theft,Investigation complete; no suspect identified,
b3fdb73ec0ee91744cb86ee6526d7b260cfd54367c2ee705fb6870c62f7a0081,2026-06,Suffolk Constabulary,Suffolk Constabulary,0.410514,52.244140,On or near Lisburn Road,E01032612,West Suffolk 015F,Violence and sexual offences,Under investigation,
35a5034027cb223b2437c14b54e995ae87aeaae70a45403e827cfa8857137754,2026-06,Suffolk Constabulary,Suffolk Constabulary,0.412007,52.242770,On or near Nat Flatman Street,E01032612,West Suffolk 015F,Other crime,Under investigation,
d6c4fd6ae3d91800cc65acd528148bc0e2e13897d25a99bf760077651c710416,2026-06,Suffolk Constabulary,Suffolk Constabulary,0.410607,52.242619,On or near All Saints Road,E01032612,West Suffolk 015F,Other crime,Under investigation,
,2026-06,Suffolk Constabulary,Suffolk Constabulary,0.775221,52.268851,On or near Cox Lane,E01030104,West Suffolk 016A,Anti-social behaviour,,
dc715d614429efcff1aaaf31b9e248343887926185244c66ea6ea3829e864471,2026-06,Suffolk Constabulary,Suffolk Constabulary,0.766005,52.277152,On or near Livermere Road,E01030104,West Suffolk 016A,Other theft,Investigation complete; no suspect identified,
ef4f260ded5ad5e7e7668405371618abff64e9cf49331c1b6fca03d13a95145c,2026-06,Suffolk Constabulary,Suffolk Constabulary,0.787659,52.272236,On or near Icepits Close,E01030104,West Suffolk 016A,Violence and sexual offences,Under investigation,
2f67b6fe4ebe196f074c9def23a668815a194764c635c18efecb7e1a546e89ae,2026-06,Suffolk Constabulary,Suffolk Constabulary,0.775221,52.268851,On or near Cox Lane,E01030104,West Suffolk 016A,Other crime,Under investigation,
a757ac17ae3d39022a3c2d2fe25eb6d357c77a84a546c15f5d4f9356b1ebaa4b,2026-06,Suffolk Constabulary,Suffolk Constabulary,0.767303,52.274684,On or near Mill Road,E01030104,West Suffolk 016A,Other crime,Under investigation,
29d3f446588065997a0bdff304b2e01b2a405ed43e93906aff1162a04212c73d,2026-06,Suffolk Constabulary,Suffolk Constabulary,0.767303,52.274684,On or near Mill Road,E01030104,West Suffolk 016A,Other crime,Under investigation,
423a95e406f78ebbde21a496cd973adae21b6a58a33dfc800f82351bdcecf161,2026-06,Suffolk Constabulary,Suffolk Constabulary,0.762430,52.249133,On or near Saltsman Road,E01030138,West Suffolk 016B,Criminal damage and arson,Investigation complete; no suspect identified,
0dd4ed58aa740dbfb857a5d0ce9d13aa688b99ab1c7bb8367c11fc1e73ec5ed2,2026-06,Suffolk Constabulary,Suffolk Constabulary,0.790277,52.226166,On or near Almshouse Road,E01030138,West Suffolk 016B,Criminal damage and arson,Investigation complete; no suspect identified,
57da49270c56f5f62304e66e51ed1952d3bfbd2c5051448965bf9118dfb6dc01,2026-06,Suffolk Constabulary,Suffolk Constabulary,0.790277,52.226166,On or near Almshouse Road,E01030138,West Suffolk 016B,Criminal damage and arson,Investigation complete; no suspect identified,
b752a188c7e9d3e558bfb9783df10304ae9dee9db01ef72bbe8c4de38792ba9b,2026-06,Suffolk Constabulary,Suffolk Constabulary,0.777418,52.239986,On or near General Castle Way,E01030138,West Suffolk 016B,Violence and sexual offences,Under investigation,
2e176520ba92da56727d643723fae5e653c52f11f43f8387c0ef190c395b66ee,2026-06,Suffolk Constabulary,Suffolk Constabulary,0.753474,52.175950,On or near Bury Road,E01030138,West Suffolk 016B,Violence and sexual offences,Local resolution,
ff3ffa35839162db0d1d38ffd12b8c1277145eff2315acb83ddd4433d37dace8,2026-06,Suffolk Constabulary,Suffolk Constabulary,0.762430,52.249133,On or near Saltsman Road,E01030138,West Suffolk 016B,Violence and sexual offences,Under investigation,
a56ab47920e941802b6c744a29f06f7b3e1814d22a1cf073260f0bad9e8bc7e3,2026-06,Suffolk Constabulary,Suffolk Constabulary,0.801211,52.210735,On or near Rougham Road,E01030138,West Suffolk 016B,Violence and sexual offences,Under investigation,
657debb0a307a177f789c7df794fdd81694ad034f2adcd55cd9b52a8630a5e7d,2026-06,Suffolk Constabulary,Suffolk Constabulary,0.705693,52.276005,On or near Park Avenue,E01034572,West Suffolk 016C,Violence and sexual offences,Under investigation,
20e6b335d090a669efb8c77b864c77da73d06d3d63163ae7464d0179b507b26b,2026-06,Suffolk Constabulary,Suffolk Constabulary,0.715251,52.269275,On or near The Drift,E01034572,West Suffolk 016C,Violence and sexual offences,Unable to prosecute suspect,
b35657a7bd98896e22a68795548d2d7e6c2052284e9df446559caecbdbdbda0a,2026-06,Suffolk Constabulary,Suffolk Constabulary,0.720054,52.263921,On or near Barton Hill,E01034572,West Suffolk 016C,Violence and sexual offences,Unable to prosecute suspect,
13907901a694aa5db20281a83fa72cc62ac4e6aa180d0546fa5e7b3f4c3425d7,2026-06,Suffolk Constabulary,Suffolk Constabulary,0.713834,52.271510,On or near Fornham House Close,E01034572,West Suffolk 016C,Violence and sexual offences,Unable to prosecute suspect,
e201e2a37cd35e21cdea65eecc5292a7f322c8d1a17f642935a4b42a53334ae3,2026-06,Suffolk Constabulary,Suffolk Constabulary,0.690626,52.263723,On or near Silk Close,E01034573,West Suffolk 016D,Burglary,Under investigation,
d4f4d42ffa61606db794f4c6c0e3700620d52b2d50ef48e017caa96f3df546e0,2026-06,Suffolk Constabulary,Suffolk Constabulary,0.690996,52.265720,On or near Redwood Drive,E01034573,West Suffolk 016D,Criminal damage and arson,Investigation complete; no suspect identified,
f1c462476a17f14c14ec06e7ad53d67b0b3a3b09d0066870e31a3a9212e41102,2026-06,Suffolk Constabulary,Suffolk Constabulary,0.687083,52.264263,On or near Shearing Street,E01034573,West Suffolk 016D,Criminal damage and arson,Under investigation,
52b2bd3ac33a82882904d7a64e0c56d7e77186a27cf69eefe1f6189a743db7a7,2026-06,Suffolk Constabulary,Suffolk Constabulary,0.694311,52.264790,On or near Windell Drive,E01034573,West Suffolk 016D,Other theft,Investigation complete; no suspect identified,
d930e15415c3e6387e1d4840763a2297e96e6da3279542baf226e6a6f5000076,2026-06,Suffolk Constabulary,Suffolk Constabulary,0.694725,52.267991,On or near Sandlands Drive,E01034573,West Suffolk 016D,Other theft,Investigation complete; no suspect identified,
14d8a90d5a9269bd2c513011d07985a9e647353b0eaa8cc8cf16d2366ce32a81,2026-06,Suffolk Constabulary,Suffolk Constabulary,0.690261,52.263741,On or near Wool Road,E01034573,West Suffolk 016D,Other theft,Investigation complete; no suspect identified,
df0d71483b47e01abc7fe54ea44fa852fc62d85acf41cd95f8e052be9adfd73c,2026-06,Suffolk Constabulary,Suffolk Constabulary,0.694725,52.267991,On or near Sandlands Drive,E01034573,West Suffolk 016D,Public order,Under investigation,
ea6d0ef8a3386d58ad4f6399579cfd2ccad43d7c9c99e2b32989be902445addf,2026-06,Suffolk Constabulary,Suffolk Constabulary,0.690626,52.263723,On or near Silk Close,E01034573,West Suffolk 016D,Public order,Under investigation,
65369b3f928544927289bcadb01bda1ec144c4276e7859519858ebace391cd8d,2026-06,Suffolk Constabulary,Suffolk Constabulary,0.693214,52.275220,On or near Dairy Drive,E01034573,West Suffolk 016D,Robbery,Under investigation,
c4b3a90a5231df9fd3f2d2dd2f8bb543ab2a70f58306a05136f186f9f7a77006,2026-06,Suffolk Constabulary,Suffolk Constabulary,0.699271,52.267303,On or near Chase Road,E01034573,West Suffolk 016D,Vehicle crime,Under investigation,
193525065d093e4f87d93dff14ad361ca5b9bc8c955ca332191103f60d778469,2026-06,Suffolk Constabulary,Suffolk Constabulary,0.694311,52.264790,On or near Windell Drive,E01034573,West Suffolk 016D,Violence and sexual offences,Under investigation,
8643303dcb0a559e57403fa47fcd784af13681cd3520b070e81cd8231e4c9e02,2026-06,Suffolk Constabulary,Suffolk Constabulary,0.685743,52.265372,On or near Yarn Walk,E01034573,West Suffolk 016D,Violence and sexual offences,Awaiting court outcome,
bba3c4a3daa28af46a672fcf0328d2364852a3c4bd44350319cc5b4fe038c282,2026-06,Suffolk Constabulary,Suffolk Constabulary,0.687274,52.265005,On or near Merchant Avenue,E01034573,West Suffolk 016D,Violence and sexual offences,Under investigation,
02995b2fb8dc9d4018fc767651735f901019c7d0a88e8a84ad3bbb941ff78f1c,2026-06,Suffolk Constabulary,Suffolk Constabulary,0.685743,52.265372,On or near Yarn Walk,E01034573,West Suffolk 016D,Violence and sexual offences,Under investigation,
7dcf545c4a998db13acf01d1820a17e361d6c03e5e87f65cbcd6a8f6b5011b5c,2026-06,Suffolk Constabulary,Suffolk Constabulary,0.685743,52.265372,On or near Yarn Walk,E01034573,West Suffolk 016D,Violence and sexual offences,Unable to prosecute suspect,
5cad1148c257f3fa575a857f91d39dc72d7331c78c5fd30192b44cfaed354a1c,2026-06,Suffolk Constabulary,Suffolk Constabulary,0.696653,52.269323,On or near Great Hall Drive,E01034573,West Suffolk 016D,Violence and sexual offences,Under investigation,
e8ab3f94b9848dcf81141365c1c3f95a6e15a3a0c3ff59eb69b1bb3ed89d0695,2026-06,Suffolk Constabulary,Suffolk Constabulary,0.693875,52.263892,On or near Cossie Close,E01034573,West Suffolk 016D,Violence and sexual offences,Under investigation,
bf58fbab8592220466f137e1dc268af75ce20a7d6be300c442020b000b8d4846,2026-06,Suffolk Constabulary,Suffolk Constabulary,0.696653,52.269323,On or near Great Hall Drive,E01034573,West Suffolk 016D,Violence and sexual offences,Under investigation,
c632609e792b73363ab2f669ccdfee36a65aaf1bc39e6ff2585a4d4f1c69f3b2,2026-06,Suffolk Constabulary,Suffolk Constabulary,0.569610,52.146819,On or near Water Lane,E01030099,West Suffolk 017A,Criminal damage and arson,Under investigation,
2b3a2958734630343a1861305e0d51cbbe74ff501639671f89e59ac484945e84,2026-06,Suffolk Constabulary,Suffolk Constabulary,0.636218,52.087344,On or near High Street,E01030099,West Suffolk 017A,Public order,Under investigation,
216c830da3c6ec355cef842eb8d65cbd4908f2132c1250c0b07b8311b06e08ea,2026-06,Suffolk Constabulary,Suffolk Constabulary,0.619785,52.081694,On or near Cavendish Road,E01030099,West Suffolk 017A,Violence and sexual offences,Under investigation,
1d2a5bc92534318cda771a48b3e0994ee199a5bdd6c0f857f470f7c92e614cc9,2026-06,Suffolk Constabulary,Suffolk Constabulary,0.639171,52.089148,On or near Water Lane,E01030099,West Suffolk 017A,Violence and sexual offences,Under investigation,
7dd20e02578ae4e95550aeba9ca35af9e51265a09ff82e8f1944ae03e60b3534,2026-06,Suffolk Constabulary,Suffolk Constabulary,0.636218,52.087344,On or near High Street,E01030099,West Suffolk 017A,Violence and sexual offences,Unable to prosecute suspect,
ed107284c4c8ecbc6bb9fa245c7439ca9350024a9c16d0ff6a9917dfaa316d74,2026-06,Suffolk Constabulary,Suffolk Constabulary,0.569695,52.158193,On or near Bury Road,E01030099,West Suffolk 017A,Violence and sexual offences,Under investigation,
c7456f03fe88d3d3a83b9e10cb5d8484d0fefabd69cf9d78343637993526780f,2026-06,Suffolk Constabulary,Suffolk Constabulary,0.619785,52.081694,On or near Cavendish Road,E01030099,West Suffolk 017A,Violence and sexual offences,Under investigation,
,2026-06,Suffolk Constabulary,Suffolk Constabulary,0.587283,52.077970,On or near Mill Road,E01030101,West Suffolk 017B,Anti-social behaviour,,
af7b0d98869cd2e22d3398a2e00957b1214df1490c28e842462d6edfef6e83b6,2026-06,Suffolk Constabulary,Suffolk Constabulary,0.579861,52.088717,On or near Clare Road,E01030101,West Suffolk 017B,Burglary,Under investigation,
4bb3d1324b8a93d76360b4b730d8e955046f41abc2a83ac0b5f8308077f030dd,2026-06,Suffolk Constabulary,Suffolk Constabulary,0.579410,52.080139,On or near Gosford Close,E01030101,West Suffolk 017B,Criminal damage and arson,Investigation complete; no suspect identified,
bb5fc6c243ab1b82d2d84ad9bb391a95c60307e52a73b590568628add5f9e4c4,2026-06,Suffolk Constabulary,Suffolk Constabulary,0.580481,52.077202,On or near Half Moon Yard,E01030101,West Suffolk 017B,Criminal damage and arson,Under investigation,
9144bc691dcf88759f73470a12c3a1a7c3f723b339a6e6da8d77493bc9f0cf65,2026-06,Suffolk Constabulary,Suffolk Constabulary,0.574741,52.073830,On or near The Granary,E01030101,West Suffolk 017B,Other theft,Investigation complete; no suspect identified,
17ae0846c515f968902a95a0bedee78cb8baf66c1fdcef111477159ed63d2b12,2026-06,Suffolk Constabulary,Suffolk Constabulary,0.574741,52.073830,On or near The Granary,E01030101,West Suffolk 017B,Other theft,Investigation complete; no suspect identified,
8c9abaa17a94e4301e7215bd7d12aebbe0d7238a3752ddbc08e38b70f5f1e989,2026-06,Suffolk Constabulary,Suffolk Constabulary,0.582018,52.077798,On or near Station Road,E01030101,West Suffolk 017B,Public order,Under investigation,
9d2aebd76a361697e0ad5637bb850203c84ef2561f57e5bdf4cb8c41b7549437,2026-06,Suffolk Constabulary,Suffolk Constabulary,0.582018,52.077798,On or near Station Road,E01030101,West Suffolk 017B,Public order,Under investigation,
f4f6f875b4c595305aa6a36d802ebdff011c16337ad37a743bfc4c248bc6ddba,2026-06,Suffolk Constabulary,Suffolk Constabulary,0.582018,52.077798,On or near Station Road,E01030101,West Suffolk 017B,Violence and sexual offences,Under investigation,
8161920fb13ae7b81c8273c4d62e24818ccf3c86e5816cb4d26de1567b2b43d2,2026-06,Suffolk Constabulary,Suffolk Constabulary,0.588589,52.077852,On or near Highfield,E01030101,West Suffolk 017B,Violence and sexual offences,Under investigation,
b682f7dcd9f98cc9826b08dc829162e837338b0af4e80411dd48bf50757c8f93,2026-06,Suffolk Constabulary,Suffolk Constabulary,0.588589,52.077852,On or near Highfield,E01030101,West Suffolk 017B,Violence and sexual offences,Under investigation,
2791fe266c7db8dba92a689d7fc8bc63419f31b3e40df26a5a7996835080db58,2026-06,Suffolk Constabulary,Suffolk Constabulary,0.588589,52.077852,On or near Highfield,E01030101,West Suffolk 017B,Violence and sexual offences,Under investigation,
6a5a9027c62e8120de874571e4b1d6e17737a6febb5c53523e076c7124c91e17,2026-06,Suffolk Constabulary,Suffolk Constabulary,0.588589,52.077852,On or near Highfield,E01030101,West Suffolk 017B,Other crime,Under investigation,
7c94a05eaa150bcf7d15d602378908565297afe069315c5cd80453589907c824,2026-06,Suffolk Constabulary,Suffolk Constabulary,0.571978,52.161020,On or near Bury Road,E01030150,West Suffolk 017C,Vehicle crime,Under investigation,
522d22f2505f50183dab37c2fd6144ff723456baa05b1a09582d704dec0772e2,2026-06,Suffolk Constabulary,Suffolk Constabulary,0.550969,52.171809,On or near Moor Green Close,E01030150,West Suffolk 017C,Violence and sexual offences,Under investigation,
4e79e425e1f64dcb9a214166cbe7f8976ea2c3faa3909c6850736ae70c7933ef,2026-06,Suffolk Constabulary,Suffolk Constabulary,0.480774,52.093858,On or near Haverhill Road,E01030122,West Suffolk 018A,Other theft,Under investigation,
21c136b4a777ada24f69415bd1ac2cab70183ddcfd329d6a9ff40b439f01c66f,2026-06,Suffolk Constabulary,Suffolk Constabulary,0.490284,52.092902,On or near Westward Deals,E01030122,West Suffolk 018A,Violence and sexual offences,Under investigation,
edf63be74adb86fabe15f765ee9d1687f7ad85c687f093e4bd1a3ceddac488fe,2026-06,Suffolk Constabulary,Suffolk Constabulary,0.491708,52.094356,On or near Dash End,E01030122,West Suffolk 018A,Violence and sexual offences,Under investigation,
cf7e2166aba47077a8fd4dc5d97fbfa4a76ded98fd28b5e4d8a46388d827fa8e,2026-06,Suffolk Constabulary,Suffolk Constabulary,0.483763,52.094568,On or near Risbridge Drive,E01030122,West Suffolk 018A,Violence and sexual offences,Under investigation,
,2026-06,Suffolk Constabulary,Suffolk Constabulary,0.404396,52.091035,On or near Darwin Walk,E01030151,West Suffolk 018B,Anti-social behaviour,,
99c2f67e18d95c8b9de63dd089c143cb9d7c1274b135a3b9cc4be80349213262,2026-06,Suffolk Constabulary,Suffolk Constabulary,0.504713,52.138836,On or near Hundon Close,E01030151,West Suffolk 018B,Burglary,Under investigation,
1c2b02b4936964d2fe691a929f6ac4a7d562def092a49ea5aa31cfdb4df953b5,2026-06,Suffolk Constabulary,Suffolk Constabulary,0.504713,52.138836,On or near Hundon Close,E01030151,West Suffolk 018B,Burglary,Under investigation,
9d051af7b0d000473440c949ae09e6b18c6ae1b9e19d481b997168c495c68ae3,2026-06,Suffolk Constabulary,Suffolk Constabulary,0.504713,52.138836,On or near Hundon Close,E01030151,West Suffolk 018B,Burglary,Under investigation,
b980dfeff0837fe6066ae02ffc062ca6b683040ce58b57c41df396a4189c9078,2026-06,Suffolk Constabulary,Suffolk Constabulary,0.446489,52.094044,On or near Shipp Close,E01030151,West Suffolk 018B,Vehicle crime,Under investigation,
021aa5ce5eb1b5ab0ee5e27d17288131f90cda3d9af070b58d409e51cffa1367,2026-06,Suffolk Constabulary,Suffolk Constabulary,0.462623,52.134858,On or near Broad Road,E01030151,West Suffolk 018B,Violence and sexual offences,Under investigation,
83a980cc9a98556cb10b4634b16c445559bcb39b73efa003a0275044003793fc,2026-06,Suffolk Constabulary,Suffolk Constabulary,0.462623,52.134858,On or near Broad Road,E01030151,West Suffolk 018B,Violence and sexual offences,Action to be taken by another organisation,
e074a98d12dbb5e2ad5c629b2b591158d3e52441a64e53ed1d9d4b6da794065f,2026-06,Suffolk Constabulary,Suffolk Constabulary,0.446489,52.094044,On or near Shipp Close,E01030151,West Suffolk 018B,Violence and sexual offences,Unable to prosecute suspect,
43bbd0aa72704c34d90269380fae1940a8ea7ce35798de910ec12602c5c5170d,2026-06,Suffolk Constabulary,Suffolk Constabulary,0.462623,52.134858,On or near Broad Road,E01030151,West Suffolk 018B,Violence and sexual offences,Action to be taken by another organisation,
739daa17e313f1ab135d409cae4ef088f1d9cc0140bff258e1816ad41f59a574,2026-06,Suffolk Constabulary,Suffolk Constabulary,0.462623,52.134858,On or near Broad Road,E01030151,West Suffolk 018B,Violence and sexual offences,Action to be taken by another organisation,
da64f623a8a172464b5189aae7802ae256a408db73759a5746ffcd800f7932d6,2026-06,Suffolk Constabulary,Suffolk Constabulary,0.445699,52.094285,On or near Orbell Avenue,E01030151,West Suffolk 018B,Violence and sexual offences,Under investigation,
,2026-06,Suffolk Constabulary,Suffolk Constabulary,0.534512,52.113334,On or near Mill Road,E01034574,West Suffolk 018C,Anti-social behaviour,,
580e7982382e96e35856600c8321b8f85f5faa235b7499e3bbac0967d5b1660d,2026-06,Suffolk Constabulary,Suffolk Constabulary,0.517124,52.139408,On or near Chestnut Road,E01034574,West Suffolk 018C,Violence and sexual offences,Under investigation,
dcee1c7b49d02582db9f1399b722d9b6dd586877dd3ff369cc71a56a532b4290,2026-06,Suffolk Constabulary,Suffolk Constabulary,0.535531,52.108645,On or near Farmerie Road,E01034574,West Suffolk 018C,Violence and sexual offences,Under investigation,
26fc7e7bf145c6d45ce223978117c955dba982b7bb1a8a4d393f74e47438f124,2026-06,Suffolk Constabulary,Suffolk Constabulary,0.517124,52.139408,On or near Chestnut Road,E01034574,West Suffolk 018C,Violence and sexual offences,Under investigation,
a16221d7c3c8f5d4ce5f1d9fa1379d74ba87961e6f51958cdc84ca8d9fe2f7d3,2026-06,Suffolk Constabulary,Suffolk Constabulary,0.517124,52.139408,On or near Chestnut Road,E01034574,West Suffolk 018C,Violence and sexual offences,Under investigation,
4d7421bb23b285c8c3f40d5b885559eb083adcc33432047d6c6eea0eacc40c00,2026-06,Suffolk Constabulary,Suffolk Constabulary,0.517124,52.139408,On or near Chestnut Road,E01034574,West Suffolk 018C,Other crime,Under investigation,
7ac748df083ef1fb240b162efeb3867f060dd1cd5641eaa3b9373f440ff1be18,2026-06,Suffolk Constabulary,Suffolk Constabulary,0.517124,52.139408,On or near Chestnut Road,E01034574,West Suffolk 018C,Other crime,Under investigation,
97f02a0a78ef6d4c0fe0cd4a69deaca28b9f4af6f791b13f829e8448856b563d,2026-06,Suffolk Constabulary,Suffolk Constabulary,0.517124,52.139408,On or near Chestnut Road,E01034574,West Suffolk 018C,Other crime,Under investigation,
,2026-06,Suffolk Constabulary,Suffolk Constabulary,0.541412,52.062332,On or near Church Park,E01034575,West Suffolk 018D,Anti-social behaviour,,
f4f612c706f9771800331dca1c67a0532e17842d75810eae0e90ae6446612b10,2026-06,Suffolk Constabulary,Suffolk Constabulary,0.534021,52.110863,On or near Church Street,E01034575,West Suffolk 018D,Criminal damage and arson,Under investigation,
72de8b923e12f810e3650ecf59767b9f592d4cf7f99ffca2bbf7d1233803c1ff,2026-06,Suffolk Constabulary,Suffolk Constabulary,0.541412,52.062332,On or near Church Park,E01034575,West Suffolk 018D,Violence and sexual offences,Unable to prosecute suspect,
4d37c20aa88dcc4e1febaa6801819987ccce4b492b9b5d9a4b0bf7eeb51b267d,2026-06,Suffolk Constabulary,Suffolk Constabulary,0.426775,52.082132,On or near Hazel Close,E01030109,West Suffolk 019A,Criminal damage and arson,Unable to prosecute suspect,
bb434f2c63c510333db3e247348a5ce23a790e8d06978ed29982267071a50909,2026-06,Suffolk Constabulary,Suffolk Constabulary,0.424620,52.083849,On or near Queensway,E01030109,West Suffolk 019A,Other theft,Under investigation,
b2d53068e548f40838982d7492f68e4c6429431f4772b52fad4aad5668ad6af0,2026-06,Suffolk Constabulary,Suffolk Constabulary,0.427310,52.082840,On or near North Avenue,E01030109,West Suffolk 019A,Violence and sexual offences,Under investigation,
d67e4764afdece78cf3093e22fadb2f387c18bef892929a0178690f839cab1ae,2026-06,Suffolk Constabulary,Suffolk Constabulary,0.428390,52.083924,On or near Castle Walk,E01030109,West Suffolk 019A,Violence and sexual offences,Under investigation,
8444ca223a4510b98c32e231eb48d39f9b8a025c9f4cc642632249b450004c24,2026-06,Suffolk Constabulary,Suffolk Constabulary,0.423783,52.085368,On or near Downton Drive,E01030109,West Suffolk 019A,Violence and sexual offences,Under investigation,
981870c54bd931d87ae2f17186e53a60fc8c6182cd3b60598d1ddc8691aaef28,2026-06,Suffolk Constabulary,Suffolk Constabulary,0.424620,52.083849,On or near Queensway,E01030109,West Suffolk 019A,Violence and sexual offences,Under investigation,
79e13cfc0a2342517421f8490fad6bd10780e38f4108464ab89bef6c11528c93,2026-06,Suffolk Constabulary,Suffolk Constabulary,0.423783,52.085368,On or near Downton Drive,E01030109,West Suffolk 019A,Violence and sexual offences,Under investigation,
77288c824541702d81f48478dd4665769f935c00b3823a871283d74f86efaad5,2026-06,Suffolk Constabulary,Suffolk Constabulary,0.425979,52.084325,On or near Sports/Recreation Area,E01030109,West Suffolk 019A,Violence and sexual offences,Under investigation,
c309987b2d54cf9bda44b58de8332a1ed67a9bd7799b9dd5a4684b8ed8191eb7,2026-06,Suffolk Constabulary,Suffolk Constabulary,0.425428,52.081512,On or near Burton Close,E01030109,West Suffolk 019A,Violence and sexual offences,Under investigation,
,2026-06,Suffolk Constabulary,Suffolk Constabulary,0.428984,52.093777,On or near Sperling Drive,E01030110,West Suffolk 019B,Anti-social behaviour,,
94462c2059cd185cd280fe72194f455c849386aa4bcf14cbd7fc62d6e242a06c,2026-06,Suffolk Constabulary,Suffolk Constabulary,0.431722,52.092857,On or near Forest Glade,E01030110,West Suffolk 019B,Burglary,Under investigation,
5fb9c71ec7fbbdaa4f50369d35d245ae475b711bfa7d1ad93ed3bce68c1359ab,2026-06,Suffolk Constabulary,Suffolk Constabulary,0.431722,52.092857,On or near Forest Glade,E01030110,West Suffolk 019B,Other theft,Investigation complete; no suspect identified,
7935beb5e1c7b1a59b3ea412b8b278f18faa029ad77113a15e383b3dcc369910,2026-06,Suffolk Constabulary,Suffolk Constabulary,0.429097,52.085645,On or near Broadcroft Crescent,E01030110,West Suffolk 019B,Public order,Under investigation,
7b96da2b581f16f92a6866e372ab9214b7565857e164ef25d389dc3aba336c25,2026-06,Suffolk Constabulary,Suffolk Constabulary,0.429125,52.092884,On or near Chapelwent Road,E01030110,West Suffolk 019B,Vehicle crime,Under investigation,
5014df242586b7c59e47d85202989026a583157570ce08a09df09a1f8d771c4c,2026-06,Suffolk Constabulary,Suffolk Constabulary,0.427966,52.089274,On or near Pleasant Close,E01030110,West Suffolk 019B,Violence and sexual offences,Under investigation,
ee39645889294abc4610560ae16373a6be98040576579bb7ca5d0412749a7ba1,2026-06,Suffolk Constabulary,Suffolk Constabulary,0.427211,52.093651,On or near Slaters Drive,E01030110,West Suffolk 019B,Violence and sexual offences,Action to be taken by another organisation,
e28704533e223b52f2e6915c82f724c2ec0d1ac16ed7c5ad01e698de874fb460,2026-06,Suffolk Constabulary,Suffolk Constabulary,0.429125,52.092884,On or near Chapelwent Road,E01030110,West Suffolk 019B,Violence and sexual offences,Under investigation,
2b93ccdbceb9c8e77f8c6db2d4574ab7ff5d9e94184318be8ade261d96bb2b42,2026-06,Suffolk Constabulary,Suffolk Constabulary,0.429309,52.083905,On or near Castle Lane,E01030110,West Suffolk 019B,Violence and sexual offences,Action to be taken by another organisation,
028ab06aed6d0d249acc3b3e54b212496f231f4edebde8e83e48f6ef73567b6f,2026-06,Suffolk Constabulary,Suffolk Constabulary,0.424273,52.094665,On or near Colbeck Road,E01030110,West Suffolk 019B,Violence and sexual offences,Under investigation,
1d1cfd9ae0ecb46fb4bfa056105a20b142e236c463b2339339feea4d7968b105,2026-06,Suffolk Constabulary,Suffolk Constabulary,0.424014,52.093402,On or near Alderton Close,E01030110,West Suffolk 019B,Violence and sexual offences,Under investigation,
90f855ca62389b3f821e8a77aa69610a301a6c2e5fa53284ee9ccfb5993f7930,2026-06,Suffolk Constabulary,Suffolk Constabulary,0.426513,52.088873,On or near Cambridge Way,E01030110,West Suffolk 019B,Other crime,Under investigation,
fcbbcdd8edbea7c83fba3738ef7247e7489c9e3c6f38125932ddb7240bcb9321,2026-06,Suffolk Constabulary,Suffolk Constabulary,0.427767,52.094764,On or near Hales Barn Road,E01030110,West Suffolk 019B,Other crime,Under investigation,
,2026-06,Suffolk Constabulary,Suffolk Constabulary,0.436304,52.090667,On or near Minster Road,E01030111,West Suffolk 019C,Anti-social behaviour,,
834f65923bdc6b08d205e0ea9a14f7f94aafe7ce62e529b8430c663634807f75,2026-06,Suffolk Constabulary,Suffolk Constabulary,0.433513,52.091417,On or near Hart Close,E01030111,West Suffolk 019C,Other theft,Investigation complete; no suspect identified,
96dfdbdbc565ea2aa20962cadd49a2e939c26b0d7808b8f0e087d452a8fc7048,2026-06,Suffolk Constabulary,Suffolk Constabulary,0.439123,52.093100,On or near Copellis Close,E01030111,West Suffolk 019C,Violence and sexual offences,Under investigation,
2881728377966018eee971c80e1a89b5bf0ff24ac08081e9a5e26aa7fa64f450,2026-06,Suffolk Constabulary,Suffolk Constabulary,0.439123,52.093100,On or near Copellis Close,E01030111,West Suffolk 019C,Violence and sexual offences,Under investigation,
6950bdc2106440c46bfbce2a8415af9e0b73e024568c2c9d4779beb3c236fb9d,2026-06,Suffolk Constabulary,Suffolk Constabulary,0.439123,52.093100,On or near Copellis Close,E01030111,West Suffolk 019C,Violence and sexual offences,Under investigation,
197c93e21f9899dee74c61f81258c9d4671aa24e3e190a63f36fc44cfaa94e51,2026-06,Suffolk Constabulary,Suffolk Constabulary,0.440476,52.092748,On or near Rowell Close,E01030111,West Suffolk 019C,Violence and sexual offences,Under investigation,
2729ccf06e5b08adb796a4802e536a2c2f70d5cddf593bfc85c69307d9f7c318,2026-06,Suffolk Constabulary,Suffolk Constabulary,0.439123,52.093100,On or near Copellis Close,E01030111,West Suffolk 019C,Violence and sexual offences,Under investigation,
cd73f72185aa5cb0b48ff9ab362b3031c0a1b19a4e0c93640a9809474471463d,2026-06,Suffolk Constabulary,Suffolk Constabulary,0.439123,52.093100,On or near Copellis Close,E01030111,West Suffolk 019C,Violence and sexual offences,Under investigation,
a9622fb9aebacf6f43339c3cbf0e00abacd2b9b7cb7e3c0aeee8133a4bd47ed2,2026-06,Suffolk Constabulary,Suffolk Constabulary,0.440476,52.092748,On or near Rowell Close,E01030111,West Suffolk 019C,Violence and sexual offences,Action to be taken by another organisation,
7884409267ba9f2db3fc18ca628066cd29202eb2efc01aa6833edc65786d5685,2026-06,Suffolk Constabulary,Suffolk Constabulary,0.440476,52.092748,On or near Rowell Close,E01030111,West Suffolk 019C,Violence and sexual offences,Action to be taken by another organisation,
4d12ed0e2f927b7293ab7a31508172a32cf4ea1ec866042d2ea185b2640def1d,2026-06,Suffolk Constabulary,Suffolk Constabulary,0.438427,52.083555,On or near Murton Slade,E01030112,West Suffolk 019D,Burglary,Under investigation,
837060cb29473318e3245b4976b8ae43ea5c5feb19bab4e778cb6dcc4f7c7cde,2026-06,Suffolk Constabulary,Suffolk Constabulary,0.442608,52.092488,On or near Ann Suckling Road,E01030112,West Suffolk 019D,Criminal damage and arson,Under investigation,
de98071ebc4255aca61d1275dc4158b797339969e7d47deada22b44762ff1220,2026-06,Suffolk Constabulary,Suffolk Constabulary,0.435581,52.085970,On or near Broad Street,E01030112,West Suffolk 019D,Drugs,Local resolution,
57de536e11b5b0159d7ac811be90e0938534ddb988aa9dd079a1b339f89ca48e,2026-06,Suffolk Constabulary,Suffolk Constabulary,0.437140,52.084031,On or near Queen Street,E01030112,West Suffolk 019D,Public order,Under investigation,
6ec7515f88706c86865c37211d9b181c1d3e23ff67ec8b103ba0e93c381349ee,2026-06,Suffolk Constabulary,Suffolk Constabulary,0.438427,52.083555,On or near Murton Slade,E01030112,West Suffolk 019D,Public order,Under investigation,
65f14f61d32445f77ba75615e6c8813b67a3bf855dd53a1f0637c2ba622496d8,2026-06,Suffolk Constabulary,Suffolk Constabulary,0.438427,52.083555,On or near Murton Slade,E01030112,West Suffolk 019D,Violence and sexual offences,Under investigation,
7afff3ef9aa71cdc709a07f5005ce78e48a8d26e58e5fc0a12847269561e39f2,2026-06,Suffolk Constabulary,Suffolk Constabulary,0.437140,52.084031,On or near Queen Street,E01030112,West Suffolk 019D,Violence and sexual offences,Under investigation,
a6e20f1e6159a4b0499b04b2032364693178105c3afc6d321e283ea27306791e,2026-06,Suffolk Constabulary,Suffolk Constabulary,0.434680,52.086573,On or near Sycamore Close,E01030112,West Suffolk 019D,Violence and sexual offences,Under investigation,
bf3833dd71e180e1b54bf2dcc939d1c7f18417472a20969a1fe6464cfa02131d,2026-06,Suffolk Constabulary,Suffolk Constabulary,0.438427,52.083555,On or near Murton Slade,E01030112,West Suffolk 019D,Violence and sexual offences,Awaiting court outcome,
010c790f6096ec5463a811710a014f9d04d46d3b8485931faba5a7852baa8e57,2026-06,Suffolk Constabulary,Suffolk Constabulary,0.435581,52.085970,On or near Broad Street,E01030112,West Suffolk 019D,Violence and sexual offences,Under investigation,
cd7fea67920ae95f836dd1547682a65965dc75a5a5221a6480df0d2181a3c566,2026-06,Suffolk Constabulary,Suffolk Constabulary,0.437140,52.084031,On or near Queen Street,E01030112,West Suffolk 019D,Violence and sexual offences,Under investigation,
4e0b9f93e71376b1770f954f88ed819a4f875bda9554498376a1d90e484088b9,2026-06,Suffolk Constabulary,Suffolk Constabulary,0.446857,52.091959,On or near Haverhill Road,E01030112,West Suffolk 019D,Violence and sexual offences,Unable to prosecute suspect,
1dcba345b4d1210f3f3ff289090798382f2a20466bcb298eae9b1896870061a7,2026-06,Suffolk Constabulary,Suffolk Constabulary,0.437140,52.084031,On or near Queen Street,E01030112,West Suffolk 019D,Violence and sexual offences,Unable to prosecute suspect,
49f63a1b34d2d7c2baad581ea7f0cfca4cc411bd7ebff7cfadfc67e58b5acb2d,2026-06,Suffolk Constabulary,Suffolk Constabulary,0.438427,52.083555,On or near Murton Slade,E01030112,West Suffolk 019D,Violence and sexual offences,Awaiting court outcome,
4cf6d01f7bcadf25e21981e8195c44a0d41b60e3f715f46e1d53237c7fb3499c,2026-06,Suffolk Constabulary,Suffolk Constabulary,0.435581,52.085970,On or near Broad Street,E01030112,West Suffolk 019D,Violence and sexual offences,Under investigation,
eb40fd632a540efcc932a4c84637f1f98f74d7a5e0b8a7dcc0a852f8b9024d5f,2026-06,Suffolk Constabulary,Suffolk Constabulary,0.449168,52.080320,On or near Pavilion Court,E01030105,West Suffolk 020A,Burglary,Under investigation,
26531cad212079587f380b383d9f342dcd46338df8e11da0a4df5f4a5b9def2f,2026-06,Suffolk Constabulary,Suffolk Constabulary,0.449168,52.080320,On or near Pavilion Court,E01030105,West Suffolk 020A,Burglary,Investigation complete; no suspect identified,
4c4a7345aefa357e49c839167b812b935f5716189fa9c55920fb8418c1d1d239,2026-06,Suffolk Constabulary,Suffolk Constabulary,0.447135,52.084777,On or near Deben Road,E01030105,West Suffolk 020A,Criminal damage and arson,Investigation complete; no suspect identified,
bb45034d5b8c2479c61eec2a3119503c52d822808d6cf18ce51ea486891c3471,2026-06,Suffolk Constabulary,Suffolk Constabulary,0.449168,52.080320,On or near Pavilion Court,E01030105,West Suffolk 020A,Other theft,Investigation complete; no suspect identified,
f74f95d9ba658fb84f7bbc003ded3eca1872372705868b9cac6f9f8d636fbd58,2026-06,Suffolk Constabulary,Suffolk Constabulary,0.452178,52.084106,On or near Chalkstone Way,E01030105,West Suffolk 020A,Other theft,Investigation complete; no suspect identified,
b8123dbc2291d528b002d00dbceb7c0d5ac33dc9230de305d7b2e99c87ecd9db,2026-06,Suffolk Constabulary,Suffolk Constabulary,0.442559,52.081167,On or near Waveney Terrace,E01030105,West Suffolk 020A,Shoplifting,Under investigation,
238196c21a67b5db247683a46cece2e7da31fd3792886c704ffdd13e28c1ecf9,2026-06,Suffolk Constabulary,Suffolk Constabulary,0.441957,52.080829,On or near Eden Road,E01030105,West Suffolk 020A,Shoplifting,Under investigation,
405aef619beb79b89ce0c94cc405ecf8f29fd4f27e079f02d6772eb0579aa924,2026-06,Suffolk Constabulary,Suffolk Constabulary,0.447135,52.084777,On or near Deben Road,E01030105,West Suffolk 020A,Violence and sexual offences,Under investigation,
18495c1874c03355657e43d9d5d63f2f51a3eb2c8c3283e32651b9097a97637c,2026-06,Suffolk Constabulary,Suffolk Constabulary,0.447135,52.084777,On or near Deben Road,E01030105,West Suffolk 020A,Violence and sexual offences,Under investigation,
b920016982cc610c544cea898b88dbc0984c684a12190d51cc78c5bebfc02c82,2026-06,Suffolk Constabulary,Suffolk Constabulary,0.452178,52.084106,On or near Chalkstone Way,E01030105,West Suffolk 020A,Violence and sexual offences,Under investigation,
e3449a300b0707ec1db8ddc9355f3030d092be25d123d2d43a4d8624c83afa0d,2026-06,Suffolk Constabulary,Suffolk Constabulary,0.441957,52.080829,On or near Eden Road,E01030105,West Suffolk 020A,Violence and sexual offences,Under investigation,
11f4419973248ea33c715be68b767c375f723b6a31e1fdd41af850411cf2e994,2026-06,Suffolk Constabulary,Suffolk Constabulary,0.441957,52.080829,On or near Eden Road,E01030105,West Suffolk 020A,Other crime,Under investigation,
,2026-06,Suffolk Constabulary,Suffolk Constabulary,0.454143,52.080279,On or near Kestrel Road,E01030106,West Suffolk 020B,Anti-social behaviour,,
59eb88a44d7458bde4b8c47ea434010342cb6e3088ec18bc3cc5d2aa0b1ca507,2026-06,Suffolk Constabulary,Suffolk Constabulary,0.447010,52.079016,On or near Petrol Station,E01030106,West Suffolk 020B,Drugs,Local resolution,
77de243fe4bf4b2cf5ac8a737179b22dc0bf0f050862aaf22e63d6a827a3c69a,2026-06,Suffolk Constabulary,Suffolk Constabulary,0.452550,52.075178,On or near Petrol Station,E01030106,West Suffolk 020B,Other theft,Under investigation,
a093e027b9055c6d457f8560aa2dd33c678d091614c62770b1c083ab51bf72eb,2026-06,Suffolk Constabulary,Suffolk Constabulary,0.452550,52.075178,On or near Petrol Station,E01030106,West Suffolk 020B,Other theft,Under investigation,
1195fbfd927b40404492fa99f7b428c5df7665d69c3893590a9aa4d3a3ba5a1c,2026-06,Suffolk Constabulary,Suffolk Constabulary,0.452550,52.075178,On or near Petrol Station,E01030106,West Suffolk 020B,Other theft,Under investigation,
7923c43c79f4ba811f6d04c9094f2672fd4abe0b74e6856fd87c2089ced0a903,2026-06,Suffolk Constabulary,Suffolk Constabulary,0.452786,52.081881,On or near Woodcock Close,E01030106,West Suffolk 020B,Other theft,Unable to prosecute suspect,
74be950146d389056fc987c1634ef769afddaff926bd4ba4bd79fa285ac1f0bd,2026-06,Suffolk Constabulary,Suffolk Constabulary,0.452550,52.075178,On or near Petrol Station,E01030106,West Suffolk 020B,Other theft,Under investigation,
d561559361e856cfaf42ca6b4f8fa3d1c793347e42aa60644dde6733bc73f3d2,2026-06,Suffolk Constabulary,Suffolk Constabulary,0.452550,52.075178,On or near Petrol Station,E01030106,West Suffolk 020B,Other theft,Investigation complete; no suspect identified,
e7b0c24d22a6492a277da4aa64b1af73e3c317b5dd4d79d12a3bef02c87c4ff1,2026-06,Suffolk Constabulary,Suffolk Constabulary,0.452550,52.075178,On or near Petrol Station,E01030106,West Suffolk 020B,Other theft,Under investigation,
4c1bf6f4520953cbcbcc82787d6a9873a0f385c023b0925684d70b1e86a742cf,2026-06,Suffolk Constabulary,Suffolk Constabulary,0.451567,52.075890,On or near Coupals Close,E01030106,West Suffolk 020B,Other theft,Under investigation,
dbfb3a40ae645e61d2b8f47fda23dc8422b7f360ecbada36939c898d9dbdd8fb,2026-06,Suffolk Constabulary,Suffolk Constabulary,0.452550,52.075178,On or near Petrol Station,E01030106,West Suffolk 020B,Other theft,Under investigation,
805bc02bc57f6fc6ddf9a8ecea784a7c0427703736ea543e796752a3796942af,2026-06,Suffolk Constabulary,Suffolk Constabulary,0.454765,52.077775,On or near Pipers Close,E01030106,West Suffolk 020B,Public order,Under investigation,
948165aea219d24c11493559aa1f6f9a437eccd715f21b85a5b3eba2374b924a,2026-06,Suffolk Constabulary,Suffolk Constabulary,0.454765,52.077775,On or near Pipers Close,E01030106,West Suffolk 020B,Public order,Under investigation,
68bea82f5c4de09547f8c9aaa7326ff4a26fdd08f6e4bef87be579c873b856d8,2026-06,Suffolk Constabulary,Suffolk Constabulary,0.452786,52.081881,On or near Woodcock Close,E01030106,West Suffolk 020B,Vehicle crime,Under investigation,
fb447129a34117cca9b556ee25b837a4e4b75fb92dbde7af2741b4c6c54d27a6,2026-06,Suffolk Constabulary,Suffolk Constabulary,0.454143,52.080279,On or near Kestrel Road,E01030106,West Suffolk 020B,Violence and sexual offences,Unable to prosecute suspect,
141642b53355b2905edca298573d15c93210b0030313dad14d0d3ced2d29cd8d,2026-06,Suffolk Constabulary,Suffolk Constabulary,0.453306,52.075917,On or near East Park Close,E01030106,West Suffolk 020B,Violence and sexual offences,Under investigation,
,2026-06,Suffolk Constabulary,Suffolk Constabulary,0.460305,52.081643,On or near Lundy Close,E01030107,West Suffolk 020C,Anti-social behaviour,,
6c6e46aba18cab83a88c986f9b11c83c11c5192989948b71412bfb167c9d59e9,2026-06,Suffolk Constabulary,Suffolk Constabulary,0.463698,52.077265,On or near Justinian Close,E01030107,West Suffolk 020C,Other theft,Investigation complete; no suspect identified,
a21ccf4a05f3aff1b191a58f76f6c861c2f816d5e968ccfd359647829e413a39,2026-06,Suffolk Constabulary,Suffolk Constabulary,0.456252,52.080946,On or near Redshank Close,E01030107,West Suffolk 020C,Violence and sexual offences,Under investigation,
bb6829d8184cb4dea4afa93ebc09b3280a93edae11f3aded8cc688cb1e0ab0ec,2026-06,Suffolk Constabulary,Suffolk Constabulary,0.439548,52.085645,On or near Yeldham Place,E01030108,West Suffolk 020D,Criminal damage and arson,Under investigation,
78b5069c9bd9848a40af08c5ddb0dfd6f5f7e9d03ab992d3ee83d925227ae70b,2026-06,Suffolk Constabulary,Suffolk Constabulary,0.439548,52.085645,On or near Yeldham Place,E01030108,West Suffolk 020D,Public order,Unable to prosecute suspect,
eeecbfe77c75caba9750e9c4d370aa1af24361fbd80ab52eeaa379d0446e8cf8,2026-06,Suffolk Constabulary,Suffolk Constabulary,0.439548,52.085645,On or near Yeldham Place,E01030108,West Suffolk 020D,Shoplifting,Under investigation,
c4d3e2c4e690c0416dc85f43f418f25fa16bc4bb0336a83c29ef2a7a4dbf217a,2026-06,Suffolk Constabulary,Suffolk Constabulary,0.439548,52.085645,On or near Yeldham Place,E01030108,West Suffolk 020D,Shoplifting,Unable to prosecute suspect,
76cfcc674fe473f41df5c64a052ccad4489326367bb7a59e00ab5473935bfe2c,2026-06,Suffolk Constabulary,Suffolk Constabulary,0.437416,52.085078,On or near Station Road,E01030108,West Suffolk 020D,Violence and sexual offences,Under investigation,
0a6839b42c7d6eb07f1db644f27bdb29e4acbf4cb89ca51d3a63f7e98f132693,2026-06,Suffolk Constabulary,Suffolk Constabulary,0.437416,52.085078,On or near Station Road,E01030108,West Suffolk 020D,Violence and sexual offences,Under investigation,
ee4ce4c6591bb944626cec61d3381ca0645b0cbf3a064dda38a053e37f40efd9,2026-06,Suffolk Constabulary,Suffolk Constabulary,0.446350,52.085891,On or near Chelmer Road,E01030108,West Suffolk 020D,Violence and sexual offences,Under investigation,
59ed47d33faba6f74ef01c2eac292c70535930d8fc130f1d0d975a10d9243cff,2026-06,Suffolk Constabulary,Suffolk Constabulary,0.440723,52.086295,On or near Jaywick Road,E01030108,West Suffolk 020D,Violence and sexual offences,Unable to prosecute suspect,
6c2f043f48cd038d907ecc9ba1d8ae21a81f2cddf0ea39ca2d198cc978b98cf0,2026-06,Suffolk Constabulary,Suffolk Constabulary,0.443815,52.084127,On or near Ingham Road,E01030108,West Suffolk 020D,Violence and sexual offences,Under investigation,
57de12b66a80d3ed40588d3429dbfabca1585d46e2b00a691c1a91d75c5faed6,2026-06,Suffolk Constabulary,Suffolk Constabulary,0.439874,52.082788,On or near Parking Area,E01030113,West Suffolk 020E,Bicycle theft,Under investigation,
efc97e9d851b3c9b04c77ed17281ba86c981d67b7f29c1fc10e0818b5d317db9,2026-06,Suffolk Constabulary,Suffolk Constabulary,0.441316,52.078990,On or near Colne Valley Road,E01030113,West Suffolk 020E,Burglary,Under investigation,
fc1bd7666eaf356fe50cd32969994019df5a76969f0d437e5b6b2429943bee00,2026-06,Suffolk Constabulary,Suffolk Constabulary,0.439874,52.082788,On or near Parking Area,E01030113,West Suffolk 020E,Burglary,Under investigation,
f29938fdd104d97aa1bc545fbbec37e223ee17d4e19c547a3eac8428146ba76f,2026-06,Suffolk Constabulary,Suffolk Constabulary,0.439874,52.082788,On or near Parking Area,E01030113,West Suffolk 020E,Burglary,Investigation complete; no suspect identified,
cea146b72ee338f77b93267557176cae0e52d7a68da6fa75be17bc0a0ee0e064,2026-06,Suffolk Constabulary,Suffolk Constabulary,0.439874,52.082788,On or near Parking Area,E01030113,West Suffolk 020E,Burglary,Under investigation,
5c65d52c10dbc3f1da8be7ad9f18df83540f5d6f2ae51774693b1bddd90cd530,2026-06,Suffolk Constabulary,Suffolk Constabulary,0.435713,52.081957,On or near Chauntry Road,E01030113,West Suffolk 020E,Criminal damage and arson,Under investigation,
0102f92247aea7bea8dc823d0e62dd85b57ca8bfd395e1a89007d7cebc6af692,2026-06,Suffolk Constabulary,Suffolk Constabulary,0.439874,52.082788,On or near Parking Area,E01030113,West Suffolk 020E,Criminal damage and arson,Under investigation,
661ba431f3fc3c79e0b7c911c16b9df7c5f6a576e6c0a271f87ead7caf011f4a,2026-06,Suffolk Constabulary,Suffolk Constabulary,0.435643,52.079872,On or near Mill Hill,E01030113,West Suffolk 020E,Criminal damage and arson,Under investigation,
c5f36cd116db8e5af1f9368f02a93e880c272b8f55a4ddcdf7c6187d60097811,2026-06,Suffolk Constabulary,Suffolk Constabulary,0.438447,52.082844,On or near Market Hill,E01030113,West Suffolk 020E,Drugs,Under investigation,
683bae1549d9c7c382dd2ee16985c9b84a71770403b87bb41f5ae30a6c8c239f,2026-06,Suffolk Constabulary,Suffolk Constabulary,0.440516,52.081174,On or near High Street,E01030113,West Suffolk 020E,Drugs,Local resolution,
ca17fa843549261e8d6dfbbe29f3155f00a08f7d29ba8bd22199f15667fde4db,2026-06,Suffolk Constabulary,Suffolk Constabulary,0.439874,52.082788,On or near Parking Area,E01030113,West Suffolk 020E,Other theft,Under investigation,
35f1f7ab2f8538507d358ebc009bbaf4b463b05fa26547cc6b9601862bf41c28,2026-06,Suffolk Constabulary,Suffolk Constabulary,0.439165,52.075132,On or near Rookwood Way,E01030113,West Suffolk 020E,Other theft,Under investigation,
53f1ec9581b65745e5062625d52f7cd0321e920e21ea7b45e492979a63b93d07,2026-06,Suffolk Constabulary,Suffolk Constabulary,0.440516,52.081174,On or near High Street,E01030113,West Suffolk 020E,Other theft,Under investigation,
73c1fa9a12eb6f2d1bfe67c05435ce108c0f89d0222f7f08aa40e5c6f65ab389,2026-06,Suffolk Constabulary,Suffolk Constabulary,0.440516,52.081174,On or near High Street,E01030113,West Suffolk 020E,Other theft,Under investigation,
80f22e1901c5dedca51c1b77d26e86f3dccf1595c778d09f81081ad0d2a5ad49,2026-06,Suffolk Constabulary,Suffolk Constabulary,0.440516,52.081174,On or near High Street,E01030113,West Suffolk 020E,Other theft,Investigation complete; no suspect identified,
db928373d2cac02d5f5ce0a6558a430cf0726a9dd2109e5be92a8e31d8821ab4,2026-06,Suffolk Constabulary,Suffolk Constabulary,0.435643,52.079872,On or near Mill Hill,E01030113,West Suffolk 020E,Possession of weapons,Under investigation,
649cfe7a82309f591bd7b3ba43658728c31bfe217a805a0c75f456b8f891a1f2,2026-06,Suffolk Constabulary,Suffolk Constabulary,0.436760,52.081620,On or near Mill Road,E01030113,West Suffolk 020E,Public order,Under investigation,
c312e78350491ea07c53a45a5097f9c31e870ef0f48f0897547820f4face15cb,2026-06,Suffolk Constabulary,Suffolk Constabulary,0.438447,52.082844,On or near Market Hill,E01030113,West Suffolk 020E,Public order,Under investigation,
2677aa126a311a865065e1b82f4e1cdb518493a343b5da43b153c84cdddc20a7,2026-06,Suffolk Constabulary,Suffolk Constabulary,0.440516,52.081174,On or near High Street,E01030113,West Suffolk 020E,Public order,Unable to prosecute suspect,
f295fa638d89b214136dfe985234501a0781c1c3ef9e9c45d50fbb864f16f0c6,2026-06,Suffolk Constabulary,Suffolk Constabulary,0.439874,52.082788,On or near Parking Area,E01030113,West Suffolk 020E,Shoplifting,Unable to prosecute suspect,
9d0ed97d52bde007d4f0dbbee68930ed7f5828dee5096313ef414475f97aeadc,2026-06,Suffolk Constabulary,Suffolk Constabulary,0.439874,52.082788,On or near Parking Area,E01030113,West Suffolk 020E,Shoplifting,Awaiting court outcome,
dbec167806fcbd0771bae31d04c0f339dc8f4ee7cb72dfdae9ea3e5e43d63a9b,2026-06,Suffolk Constabulary,Suffolk Constabulary,0.438447,52.082844,On or near Market Hill,E01030113,West Suffolk 020E,Shoplifting,Under investigation,
b350ba36d718bf9024b5c0ab7bb158772d21a826a52a3433ca56dc732dc28ee8,2026-06,Suffolk Constabulary,Suffolk Constabulary,0.439874,52.082788,On or near Parking Area,E01030113,West Suffolk 020E,Shoplifting,Awaiting court outcome,
3df67e5a5445d8187c3273a100ffbec5cb40082ff9af1f5f1142ef01f0d1296a,2026-06,Suffolk Constabulary,Suffolk Constabulary,0.440516,52.081174,On or near High Street,E01030113,West Suffolk 020E,Shoplifting,Under investigation,
c320b400dc486b83f6cbf440465c26efd6dafa226cafd91b468d2c7d9269ec09,2026-06,Suffolk Constabulary,Suffolk Constabulary,0.440516,52.081174,On or near High Street,E01030113,West Suffolk 020E,Shoplifting,Under investigation,
d47a4ed9f98b8a4325f656301f424fb18f228c948b0105fdd2c1fdb39b75d6f6,2026-06,Suffolk Constabulary,Suffolk Constabulary,0.440516,52.081174,On or near High Street,E01030113,West Suffolk 020E,Shoplifting,Local resolution,
f2d51c9eb642ef6ce7ff4872e682f46d26a093eea37800d16bd5685f4fade210,2026-06,Suffolk Constabulary,Suffolk Constabulary,0.439874,52.082788,On or near Parking Area,E01030113,West Suffolk 020E,Shoplifting,Unable to prosecute suspect,
6b2221b09ce381644d80a1ce44620fbaad58a31b69a5d61b0e51ad148fc2177f,2026-06,Suffolk Constabulary,Suffolk Constabulary,0.440199,52.079903,On or near Helions Walk,E01030113,West Suffolk 020E,Violence and sexual offences,Under investigation,
2005e0b9b70adc2d8df14741e3c87025560954b0c75bcc67d0ecbc1531e55c47,2026-06,Suffolk Constabulary,Suffolk Constabulary,0.440516,52.081174,On or near High Street,E01030113,West Suffolk 020E,Violence and sexual offences,Under investigation,
0ea73aec665c23e0ee5e73f8bef103491b7b08fa67d9a5f90ecc9b04f2efd3af,2026-06,Suffolk Constabulary,Suffolk Constabulary,0.438447,52.082844,On or near Market Hill,E01030113,West Suffolk 020E,Violence and sexual offences,Unable to prosecute suspect,
ad32e644f3221eeae8496c26a3d52b013acc32c58680151f256c78976fa6f319,2026-06,Suffolk Constabulary,Suffolk Constabulary,0.430884,52.079323,On or near Clements Close,E01030113,West Suffolk 020E,Violence and sexual offences,Under investigation,
a955cc815c29f8cceee4c2bdb28ff3d23dc3c943afbb36228705b4391355265f,2026-06,Suffolk Constabulary,Suffolk Constabulary,0.439116,52.083613,On or near Parking Area,E01030113,West Suffolk 020E,Violence and sexual offences,Under investigation,
06d2a8e6b8c2cd79ef5c98dfe4973c79d5e9110ee061ea7b4a06b09ce9434682,2026-06,Suffolk Constabulary,Suffolk Constabulary,0.437425,52.081238,On or near Quaker'S Lane,E01030113,West Suffolk 020E,Violence and sexual offences,Under investigation,
a370d1e3466c693c89df4aa2adc2fe05553633c24e789cda396f8b062b393fda,2026-06,Suffolk Constabulary,Suffolk Constabulary,0.440443,52.080105,On or near Parking Area,E01030113,West Suffolk 020E,Violence and sexual offences,Under investigation,
d9739681c996037699d7f5420f96cc6fdeb1026db4cb5e9a3f4ee1adcfae6510,2026-06,Suffolk Constabulary,Suffolk Constabulary,0.440199,52.079903,On or near Helions Walk,E01030113,West Suffolk 020E,Violence and sexual offences,Under investigation,
7818f26133a79623d352b56b6d170204e467eaa28c659990acbfe00cb39efc3b,2026-06,Suffolk Constabulary,Suffolk Constabulary,0.438447,52.082844,On or near Market Hill,E01030113,West Suffolk 020E,Violence and sexual offences,Under investigation,
e01b85d530b13b11df4b1013a8501609ce7726d67282409b4cead30f74ecdbbb,2026-06,Suffolk Constabulary,Suffolk Constabulary,0.435643,52.079872,On or near Mill Hill,E01030113,West Suffolk 020E,Violence and sexual offences,Awaiting court outcome,
8d68ae0086dd6a70e9f26f936d07fdc5bfffcc285538594289173835a4a0cb5a,2026-06,Suffolk Constabulary,Suffolk Constabulary,0.440516,52.081174,On or near High Street,E01030113,West Suffolk 020E,Violence and sexual offences,Under investigation,
9c2a3cc3cc4cea367f1e7680c952fbab4bd30af4796ce043e94632a802dc0adc,2026-06,Suffolk Constabulary,Suffolk Constabulary,0.438447,52.082844,On or near Market Hill,E01030113,West Suffolk 020E,Other crime,Local resolution,
,2026-06,Suffolk Constabulary,Suffolk Constabulary,0.430520,52.076371,On or near Orford Road,E01030114,West Suffolk 020F,Anti-social behaviour,,
,2026-06,Suffolk Constabulary,Suffolk Constabulary,0.427796,52.076203,On or near Norton Road,E01030114,West Suffolk 020F,Anti-social behaviour,,
6d1c4d20fd302e88606d1c4c0e34e14f72a3d254a7c92f3d1e7abe697853e5cf,2026-06,Suffolk Constabulary,Suffolk Constabulary,0.426231,52.078834,On or near Leiston Road,E01030114,West Suffolk 020F,Drugs,Local resolution,
6a0103225960a88f70ad172231937d9fbac54b745d39792a8edbb7c477180617,2026-06,Suffolk Constabulary,Suffolk Constabulary,0.428721,52.077919,On or near Gloucester Road,E01030114,West Suffolk 020F,Drugs,Under investigation,
0c1e8e600c3783fbc4d382f817fb556806a4f6673f9d2f6c959f2f4593b080d2,2026-06,Suffolk Constabulary,Suffolk Constabulary,0.426231,52.078834,On or near Leiston Road,E01030114,West Suffolk 020F,Drugs,Under investigation,
0236f4d1376fa8ed051a0e4e3a7737cff797155ac717279d5a9379a15f4d7a49,2026-06,Suffolk Constabulary,Suffolk Constabulary,0.424028,52.078304,On or near Ixworth Road,E01030114,West Suffolk 020F,Other theft,Unable to prosecute suspect,
f55a3f2f621e65ca29c4a807bef19751406064ecdd0d0fcd7de0018af7b0af42,2026-06,Suffolk Constabulary,Suffolk Constabulary,0.424028,52.078304,On or near Ixworth Road,E01030114,West Suffolk 020F,Public order,Under investigation,
a74a4d024951bcba0381a3c9b6713694ae2952a99f8a2f92c14f0dfda0ba56f1,2026-06,Suffolk Constabulary,Suffolk Constabulary,0.431487,52.077781,On or near Cornwallis Road,E01030114,West Suffolk 020F,Violence and sexual offences,Under investigation,
53ec6397906c8188ba9b046ef7bf7e8fea985903fbd5cae86b402e857af2c951,2026-06,Suffolk Constabulary,Suffolk Constabulary,0.430520,52.076371,On or near Orford Road,E01030114,West Suffolk 020F,Violence and sexual offences,Under investigation,
83e64dd923cebad39de96d574cfa4af0b0348b8b01747803d2734c6640504260,2026-06,Suffolk Constabulary,Suffolk Constabulary,0.428721,52.077919,On or near Gloucester Road,E01030114,West Suffolk 020F,Violence and sexual offences,Under investigation,
4d5a545a4fb83116e44c34cc02a6d2b980ec61a8050f133591d155628f0139ab,2026-06,Suffolk Constabulary,Suffolk Constabulary,0.427212,52.077537,On or near Buckingham Road,E01030114,West Suffolk 020F,Violence and sexual offences,Under investigation,
4b6981e1b401a8a4584fcc1337cf0762b604958193e054f6394ab106e4815b30,2026-06,Suffolk Constabulary,Suffolk Constabulary,0.424028,52.078304,On or near Ixworth Road,E01030114,West Suffolk 020F,Violence and sexual offences,Under investigation,
a9b2c5846afe957d0763e1b8d6e651ef7c16d13ad50fc7a4a8bd134b3417fabd,2026-06,Suffolk Constabulary,Suffolk Constabulary,0.427329,52.080241,On or near Harrow Road,E01030115,West Suffolk 021A,Burglary,Under investigation,
bde2553c527923b095d12a87afe88fad15c575b03cf31a2b759ce6d85fab6c9d,2026-06,Suffolk Constabulary,Suffolk Constabulary,0.428228,52.080933,On or near Layer Road,E01030115,West Suffolk 021A,Criminal damage and arson,Unable to prosecute suspect,
d85ec40afa5dc2ba3a2e945141bb42134291cbca262a8c514d7eb2a2d9da131d,2026-06,Suffolk Constabulary,Suffolk Constabulary,0.427329,52.080241,On or near Harrow Road,E01030115,West Suffolk 021A,Drugs,Awaiting court outcome,
26df58be4c786f061d1fd363ec0b5533f4a1d98a3b0d1d1a5a946ab38e485165,2026-06,Suffolk Constabulary,Suffolk Constabulary,0.427321,52.080898,On or near Horseshoe Lane,E01030115,West Suffolk 021A,Drugs,Local resolution,
bb83079e11dd9bba4ef231b09415eb9d0d9d6bca468021c52d5ca4e00d49ebff,2026-06,Suffolk Constabulary,Suffolk Constabulary,0.424396,52.079717,On or near Connaught Road,E01030115,West Suffolk 021A,Other theft,Under investigation,
c37022441e09ecb93bb35074f9203df910fda4b36164283874dad0bd85988e97,2026-06,Suffolk Constabulary,Suffolk Constabulary,0.427329,52.080241,On or near Harrow Road,E01030115,West Suffolk 021A,Other theft,Under investigation,
0484c7882bc08cce2f7023ab04971e4e35b49ee5d719f6c1c0fed28650d7329e,2026-06,Suffolk Constabulary,Suffolk Constabulary,0.420712,52.080413,On or near Anglian Place,E01030115,West Suffolk 021A,Public order,Under investigation,
1eec4e6e034ad125ad16aadeb7764712a1ebd8032ba107f2cde329d25eee71fa,2026-06,Suffolk Constabulary,Suffolk Constabulary,0.427329,52.080241,On or near Harrow Road,E01030115,West Suffolk 021A,Public order,Unable to prosecute suspect,
40f9318ea6a1f24bfd6a6b28dd9b6325575c94ad83b336fa98833c036a1f3dcd,2026-06,Suffolk Constabulary,Suffolk Constabulary,0.428228,52.080933,On or near Layer Road,E01030115,West Suffolk 021A,Public order,Unable to prosecute suspect,
6df65acdacbb890dc21dd8773bdb3fa220851b8d8ea91f89b684e9fb3cbb3df4,2026-06,Suffolk Constabulary,Suffolk Constabulary,0.427329,52.080241,On or near Harrow Road,E01030115,West Suffolk 021A,Violence and sexual offences,Under investigation,
0225b634059737b642daa20b75b2ce6d24e7c05b31edfa832059ca3c91d6dee3,2026-06,Suffolk Constabulary,Suffolk Constabulary,0.426680,52.079841,On or near Greenfields Way,E01030115,West Suffolk 021A,Violence and sexual offences,Under investigation,
7858e06e8608adfd10f1916bdc18faf7537c4bc1a7f488bcf1007ceb32574880,2026-06,Suffolk Constabulary,Suffolk Constabulary,0.417037,52.079113,On or near Seymore Drive,E01030115,West Suffolk 021A,Violence and sexual offences,Under investigation,
b41d44cbd1562ca7415095dd4c56a2a3464a096d7e35e041bf44b1f0b43fd45c,2026-06,Suffolk Constabulary,Suffolk Constabulary,0.428228,52.080933,On or near Layer Road,E01030115,West Suffolk 021A,Violence and sexual offences,Under investigation,
6cad38e531ddc6cbfc2df1d916e7f9bf45b1f180d9dd52829adaaf9345a2cdb0,2026-06,Suffolk Constabulary,Suffolk Constabulary,0.419550,52.077541,On or near Parr Road,E01030115,West Suffolk 021A,Violence and sexual offences,Under investigation,
33594b117c5def37fb0de6274692678d3c41dece3a49d608505b53a616ef595b,2026-06,Suffolk Constabulary,Suffolk Constabulary,0.426680,52.079841,On or near Greenfields Way,E01030115,West Suffolk 021A,Violence and sexual offences,Under investigation,
f92e4d4ca4335385aa682f3815d82ef88fb6f963880fa3ffd83e62c34030d596,2026-06,Suffolk Constabulary,Suffolk Constabulary,0.422489,52.080341,On or near Old Rope Walk,E01030115,West Suffolk 021A,Violence and sexual offences,Under investigation,
00ac147ec13aeca16d793be910ad93dd0844f8384d11be2b0af3bce972628b0e,2026-06,Suffolk Constabulary,Suffolk Constabulary,0.427321,52.080898,On or near Horseshoe Lane,E01030115,West Suffolk 021A,Violence and sexual offences,Under investigation,
66348def62eb624e1f9a592d01f580cabb41cc80d4c3bdf17c520780b50f3386,2026-06,Suffolk Constabulary,Suffolk Constabulary,0.423219,52.079274,On or near Aldeburgh Close,E01030115,West Suffolk 021A,Violence and sexual offences,Under investigation,
bb0677c70805964989908d9a976774de31f45b1ef54776cc646f3a6737bc5ab4,2026-06,Suffolk Constabulary,Suffolk Constabulary,0.426680,52.079841,On or near Greenfields Way,E01030115,West Suffolk 021A,Other crime,Under investigation,
6d9ebbad1186ab2525517ba293b6503298d098c78f79e8a7e7be050332fbf2e2,2026-06,Suffolk Constabulary,Suffolk Constabulary,0.416652,52.083338,On or near Lavender Field,E01030116,West Suffolk 021B,Public order,Under investigation,
10e7f0cf5e3ba41c028a1033ba7662f246d16331fda60419c3635f4a2dfd687d,2026-06,Suffolk Constabulary,Suffolk Constabulary,0.416643,52.082079,On or near Chivers Road,E01030116,West Suffolk 021B,Violence and sexual offences,Under investigation,
2990ab2fc1cb2a60f7358dff025f9ff81f3edccd2f568893d3f0fcb907a1532d,2026-06,Suffolk Constabulary,Suffolk Constabulary,0.416652,52.083338,On or near Lavender Field,E01030116,West Suffolk 021B,Violence and sexual offences,Under investigation,
4ae82fa29d71216a6bc66a384f4650e6e3f4366c1fd873182e275e13ee0cfb18,2026-06,Suffolk Constabulary,Suffolk Constabulary,0.410910,52.092170,On or near Petrol Station,E01030117,West Suffolk 021C,Criminal damage and arson,Investigation complete; no suspect identified,
d7fe5f4fa2487200d00b03293c0500ba65a9a2bedcdca84f10d7263963c8b1f3,2026-06,Suffolk Constabulary,Suffolk Constabulary,0.419086,52.088657,On or near Teasel Close,E01030117,West Suffolk 021C,Other theft,Investigation complete; no suspect identified,
70fe9a486dfb6aa84ecaf3e1b5aa6bd0f9d30bd3a19ed8b3a544f9fd7ba4fb10,2026-06,Suffolk Constabulary,Suffolk Constabulary,0.410910,52.092170,On or near Petrol Station,E01030117,West Suffolk 021C,Other theft,Under investigation,
a0fd761b7a202868521e4988fca4bd666aaaf89c0cdf381e3f40726dda27a5a4,2026-06,Suffolk Constabulary,Suffolk Constabulary,0.410910,52.092170,On or near Petrol Station,E01030117,West Suffolk 021C,Shoplifting,Under investigation,
cea22038af7d9b32d5e8333e734b2d07948b0df1a15e91a1c7d2701a3b5d610e,2026-06,Suffolk Constabulary,Suffolk Constabulary,0.410910,52.092170,On or near Petrol Station,E01030117,West Suffolk 021C,Violence and sexual offences,Under investigation,
62ee4332dc51530cc33e1aea1ef7d484812b53f4db314d8791b8ef2dbff1844a,2026-06,Suffolk Constabulary,Suffolk Constabulary,0.411385,52.089057,On or near Brybank Road,E01030117,West Suffolk 021C,Violence and sexual offences,Under investigation,
2a7e182f26d5c8abbceaf3b1de10797ce49be068a3a8ad8216b7b9cdea4b0494,2026-06,Suffolk Constabulary,Suffolk Constabulary,0.411385,52.089057,On or near Brybank Road,E01030117,West Suffolk 021C,Violence and sexual offences,Under investigation,
0d503fc2685a0a0da5d43e4b23b2cf303b8a7fbe3999ca2c279b7b554b9f9986,2026-06,Suffolk Constabulary,Suffolk Constabulary,0.419086,52.088657,On or near Teasel Close,E01030117,West Suffolk 021C,Violence and sexual offences,Under investigation,
af57c202bb3245b48b233dc0b68db8bd3eb82c1419be35f43dc152bc102e0128,2026-06,Suffolk Constabulary,Suffolk Constabulary,0.415736,52.087188,On or near Chimswell Way,E01030118,West Suffolk 021D,Criminal damage and arson,Under investigation,
2d76bf2fdc753dab16860f6f801bdab95795e4146593d196806602bdba43b5b1,2026-06,Suffolk Constabulary,Suffolk Constabulary,0.422620,52.091929,On or near Bryony Close,E01030118,West Suffolk 021D,Possession of weapons,Under investigation,
23459ac1667717435e7ce84db9db5a1f636cf59569929426fc00d9e73e762340,2026-06,Suffolk Constabulary,Suffolk Constabulary,0.415736,52.087188,On or near Chimswell Way,E01030118,West Suffolk 021D,Violence and sexual offences,Under investigation,
dabdae09ef712bc6b6f18d7d3f9a90b2a037593c0e3a489b63fae807486ba1ca,2026-06,Suffolk Constabulary,Suffolk Constabulary,0.415736,52.087188,On or near Chimswell Way,E01030118,West Suffolk 021D,Violence and sexual offences,Under investigation,
516e7662440d04a0b851eccdb9f698f7e2c7aac7531b22331377b1158c67428e,2026-06,Suffolk Constabulary,Suffolk Constabulary,0.424397,52.090490,On or near William Blake Court,E01030118,West Suffolk 021D,Violence and sexual offences,Under investigation,
7b02aed04760383a040e97c224be33d5428bb177bbff5fec6eeb54fa33d08346,2026-06,Suffolk Constabulary,Suffolk Constabulary,0.415736,52.087188,On or near Chimswell Way,E01030118,West Suffolk 021D,Violence and sexual offences,Under investigation,
07254c30df5a990c1fc303c6d2bfc7a1d9f1bb4d670142c4ced68daa776211d6,2026-06,Suffolk Constabulary,Suffolk Constabulary,0.424397,52.090490,On or near William Blake Court,E01030118,West Suffolk 021D,Violence and sexual offences,Under investigation,
85098aa445be344a3efca18ecacd9e5a0f346512d945631a52a443626a6cab28,2026-06,Suffolk Constabulary,Suffolk Constabulary,0.415736,52.087188,On or near Chimswell Way,E01030118,West Suffolk 021D,Violence and sexual offences,Under investigation,
f0bacc25b16538dc0cfa37de29735fd2e1c94db452a3ecb56388addd9231ad71,2026-06,Suffolk Constabulary,Suffolk Constabulary,0.415736,52.087188,On or near Chimswell Way,E01030118,West Suffolk 021D,Violence and sexual offences,Under investigation,
6df87817905e675f01cf863c2af06e6e90533cd7020f157ec8fc960a44bff593,2026-06,Suffolk Constabulary,Suffolk Constabulary,0.424397,52.090490,On or near William Blake Court,E01030118,West Suffolk 021D,Other crime,Under investigation,
fbf76b0e7c047a1781eb1cb89e2279b92421f2e714e26e832ef3b755136d6433,2026-06,Suffolk Constabulary,Suffolk Constabulary,-2.225903,51.320401,On or near Rambler Close,E01032085,Wiltshire 031A,Violence and sexual offences,Under investigation,
14240d2ecffe5a5a91ee9be681c03f70a0527fb8f72e714b0940709c045d98f6,2026-06,Suffolk Constabulary,Suffolk Constabulary,-0.716161,51.523272,On or near Bridge Street,E01032733,Windsor and Maidenhead 005G,Violence and sexual offences,Under investigation,
2685b86da2f582687fbad38d027bf1407b364f870b0e7cd4e127f03eb4068de1,2026-06,Suffolk Constabulary,Suffolk Constabulary,,,No Location,,,Bicycle theft,Under investigation,
2b376b3fa3f6624c34398f2cf81c6ef1c95bf4c377aed47b4a1500d7c2562988,2026-06,Suffolk Constabulary,Suffolk Constabulary,,,No Location,,,Burglary,Local resolution,
de4ac50236fa5d34072934ca2b1c90ac9ab548adc0924e6cf4a172491950f66c,2026-06,Suffolk Constabulary,Suffolk Constabulary,,,No Location,,,Burglary,Under investigation,
f4440d62eef5041b2fa7da4f15583d168bcd12325fb2da6f345803c583f37a73,2026-06,Suffolk Constabulary,Suffolk Constabulary,,,No Location,,,Burglary,Investigation complete; no suspect identified,
e6da6c4f7a723b4997faba8a10114dcb1feaea481978a74fdef13c80cd3d5b07,2026-06,Suffolk Constabulary,Suffolk Constabulary,,,No Location,,,Criminal damage and arson,Investigation complete; no suspect identified,
20ecf28f89fd1d988df3ec14154268d6c078381bba89e15855269d452c820cab,2026-06,Suffolk Constabulary,Suffolk Constabulary,,,No Location,,,Criminal damage and arson,Awaiting court outcome,
373fc26b9f3dcc229fe8dafc8c66201b4e342573c79e76a8f1a86721000340b5,2026-06,Suffolk Constabulary,Suffolk Constabulary,,,No Location,,,Criminal damage and arson,Investigation complete; no suspect identified,
edd47dce73444e0b38b716e13324a6ed5242f174c363bd2d017ee2a224d3eb6f,2026-06,Suffolk Constabulary,Suffolk Constabulary,,,No Location,,,Criminal damage and arson,Investigation complete; no suspect identified,
adac35ddac5d5283a0812b3b51c443e763302767f2dd90320af8100fcd5fdd3d,2026-06,Suffolk Constabulary,Suffolk Constabulary,,,No Location,,,Other theft,Action to be taken by another organisation,
6874c9133b509f6143774863005fdf834972ef5ab2333628f3cd85f16f301a3c,2026-06,Suffolk Constabulary,Suffolk Constabulary,,,No Location,,,Public order,Under investigation,
7d1de3a7d01c7932f451b0f6000be2173f8e88418ea6de7c83163c3946e4fd5f,2026-06,Suffolk Constabulary,Suffolk Constabulary,,,No Location,,,Shoplifting,Under investigation,
23774c378a135f499b91ce8b060148ade6efcdd0b478196d483d73ab249b65c4,2026-06,Suffolk Constabulary,Suffolk Constabulary,,,No Location,,,Shoplifting,Under investigation,
f96608ae3b8e1ecf2fa93f950139739e51b0d98b83bc5d0375e668ced6f4fdc4,2026-06,Suffolk Constabulary,Suffolk Constabulary,,,No Location,,,Shoplifting,Awaiting court outcome,
4fabdcef2823275bddceff203b0d106d538b0b441030a1891ea8b76eb9eab1a9,2026-06,Suffolk Constabulary,Suffolk Constabulary,,,No Location,,,Shoplifting,Investigation complete; no suspect identified,
67f938b740326bc496929dafac19f21d95cb4511d85bf6a57ebc035732ba9acd,2026-06,Suffolk Constabulary,Suffolk Constabulary,,,No Location,,,Shoplifting,Investigation complete; no suspect identified,
1fdff878884ea7e1de273f0feed19eaa77dd5a6ba16faffc6f8ffdf6131f190a,2026-06,Suffolk Constabulary,Suffolk Constabulary,,,No Location,,,Shoplifting,Investigation complete; no suspect identified,
11ae6033d53629c0b197c55dc84b438bd3c673128752ad9828587c6ec76733cb,2026-06,Suffolk Constabulary,Suffolk Constabulary,,,No Location,,,Shoplifting,Investigation complete; no suspect identified,
6767323ba8569b88c278f62576206d5003994f0b9da433573d0c1974be1bbaf0,2026-06,Suffolk Constabulary,Suffolk Constabulary,,,No Location,,,Shoplifting,Under investigation,
1326939a76c6577f90b65c6dcc2c80a62b6ae5c723bb5407d4a420af64021b60,2026-06,Suffolk Constabulary,Suffolk Constabulary,,,No Location,,,Shoplifting,Investigation complete; no suspect identified,
e7c7893fc4d51887712f3ef63a9632b173ee7f46f8bd53066132f56e0e755577,2026-06,Suffolk Constabulary,Suffolk Constabulary,,,No Location,,,Shoplifting,Under investigation,
f61173785d04d01a596e4f0f3b86b73e67dbc30d2611cb59c6baad7e5354b22c,2026-06,Suffolk Constabulary,Suffolk Constabulary,,,No Location,,,Vehicle crime,Under investigation,
26839462e9e9d9aab959aafbfbf3dd8defe0787bce08a0daf85e5170bcf9d69a,2026-06,Suffolk Constabulary,Suffolk Constabulary,,,No Location,,,Violence and sexual offences,Under investigation,
5b65faca73f027d797417c5b01f739921a93259597049267a9f6f86bf0dab811,2026-06,Suffolk Constabulary,Suffolk Constabulary,,,No Location,,,Violence and sexual offences,Under investigation,
b945bf484adeb24e2d9346949e378503cf72abe266ff6fac092f2f810fea15e0,2026-06,Suffolk Constabulary,Suffolk Constabulary,,,No Location,,,Violence and sexual offences,Under investigation,
cac74ad82c36bc98eced11d0fda72c1630f12c8797f32986c5fba31f8cc586dc,2026-06,Suffolk Constabulary,Suffolk Constabulary,,,No Location,,,Violence and sexual offences,Unable to prosecute suspect,
18ed0f4f9b8f8339242fdafefd76e9375302e97b6498ab114d97e85f012a3828,2026-06,Suffolk Constabulary,Suffolk Constabulary,,,No Location,,,Violence and sexual offences,Under investigation,
da523f653101ac55be013ca24ed287950113cc9e12c349ee05c887fc5432c499,2026-06,Suffolk Constabulary,Suffolk Constabulary,,,No Location,,,Violence and sexual offences,Under investigation,
22d063dbf90dca83259b528d8330bffd33dc3116c5228f50dfd8c9f47aea7bf2,2026-06,Suffolk Constabulary,Suffolk Constabulary,,,No Location,,,Other crime,Under investigation,
