Crime ID,Month,Reported by,Falls within,Longitude,Latitude,Location,LSOA code,LSOA name,Crime type,Last outcome category,Context
d3dac00ee843dadc9574883e1ae4be2520204e489fc8ee642eb19dbbe7bc69db,2026-04,Suffolk Constabulary,Suffolk Constabulary,0.873700,52.154169,On or near Church Road,E01029876,Babergh 001A,Other theft,Investigation complete; no suspect identified,
4d708d35069f99d3487918b13a6e194287182d7439a892aed2a8de0a5a3e641c,2026-04,Suffolk Constabulary,Suffolk Constabulary,0.925472,52.146797,On or near America Drift,E01029876,Babergh 001A,Other theft,Investigation complete; no suspect identified,
3c48f7f240cdba227abafa62a8861d5bc95108f04b47c83620a14a8802b04bd9,2026-04,Suffolk Constabulary,Suffolk Constabulary,0.903132,52.130137,On or near Sewells,E01029876,Babergh 001A,Public order,Unable to prosecute suspect,
5735814f449c1c55f8a546b9e2e71a2bd36c63d24d3d0826536ae46fe97efa38,2026-04,Suffolk Constabulary,Suffolk Constabulary,0.908251,52.105755,On or near Newberry Road,E01029876,Babergh 001A,Public order,Unable to prosecute suspect,
014a3802a91ea4defa9bd5175d8c33aa2bb8322fcb394b076c404870827dd83b,2026-04,Suffolk Constabulary,Suffolk Constabulary,0.909124,52.106372,On or near High Street,E01029876,Babergh 001A,Violence and sexual offences,Action to be taken by another organisation,
f823488a6eb6d69fe8bbb6c05c2d49b7c55fee78de2e8e0fcc692128d29f2063,2026-04,Suffolk Constabulary,Suffolk Constabulary,0.904727,52.136015,On or near The Causeway,E01029876,Babergh 001A,Violence and sexual offences,Local resolution,
938dc1b42c37ef448a4f8ed7f2931e227348acf6428b1d6d3bcbe9bc8cf40af7,2026-04,Suffolk Constabulary,Suffolk Constabulary,0.902094,52.122032,On or near Fen Lane,E01029876,Babergh 001A,Other crime,Further investigation is not in the public interest,
69c5a6382389c7e4f0ed0d7aab33126c869aa7d1b5ce2999d838bdd2f1d7109c,2026-04,Suffolk Constabulary,Suffolk Constabulary,0.794911,52.104964,On or near Bear'S Lane,E01029898,Babergh 001B,Criminal damage and arson,Further investigation is not in the public interest,
1192b11ede6bbb050d2022159151e78aeebd9619c07da9195c5ff96db3fd15cd,2026-04,Suffolk Constabulary,Suffolk Constabulary,0.779047,52.111958,On or near Bright'S Lane,E01029898,Babergh 001B,Other theft,Investigation complete; no suspect identified,
5fe3b4ee54ef6e58a961841c7d88918aa522deaa1cf7532c8d3f397255e626d8,2026-04,Suffolk Constabulary,Suffolk Constabulary,0.791599,52.104080,On or near Whitegates,E01029898,Babergh 001B,Possession of weapons,Further investigation is not in the public interest,
f1e6ec049a2aed56059f4fecc8f68aa158ef504acbd3322028668ee4b12c4990,2026-04,Suffolk Constabulary,Suffolk Constabulary,0.791599,52.104080,On or near Whitegates,E01029898,Babergh 001B,Possession of weapons,Further investigation is not in the public interest,
38633fd6146544d43aad107c8c74245a564bffd9a7fd10c03112144a8007ac23,2026-04,Suffolk Constabulary,Suffolk Constabulary,0.791599,52.104080,On or near Whitegates,E01029898,Babergh 001B,Possession of weapons,Further investigation is not in the public interest,
74fb5a561539928df1494f92a3d436ad217f9ebd824213c74de187f8a13e6dc9,2026-04,Suffolk Constabulary,Suffolk Constabulary,0.794911,52.104964,On or near Bear'S Lane,E01029898,Babergh 001B,Possession of weapons,Unable to prosecute suspect,
bce1ab3c81626f3f1849afa87fb8f9b2ec3ae78da557a9f629e0edf14df42366,2026-04,Suffolk Constabulary,Suffolk Constabulary,0.800864,52.105335,On or near Brent Eleigh Road,E01029898,Babergh 001B,Violence and sexual offences,Investigation complete; no suspect identified,
2e266da3439270007bde15ea726b662d73290f4cfe761ac9d34914bd41223dca,2026-04,Suffolk Constabulary,Suffolk Constabulary,0.849846,52.108055,On or near Nova Scotia Lane,E01029907,Babergh 001C,Burglary,Investigation complete; no suspect identified,
1db99c17f6e773e3a9f97de471997cf9d6aebc724d30fc6c41b3eb763e0bfdea,2026-04,Suffolk Constabulary,Suffolk Constabulary,0.822575,52.126050,On or near Rookwood Lane,E01029907,Babergh 001C,Other theft,Investigation complete; no suspect identified,
b7373ef1330f193eb001249d835e405092858cb01951b8f55a995c9c227503d5,2026-04,Suffolk Constabulary,Suffolk Constabulary,0.849846,52.108055,On or near Nova Scotia Lane,E01029907,Babergh 001C,Vehicle crime,Investigation complete; no suspect identified,
601910c82a80d4ec514c2191c2df8701449961c092c6151d8358126283c1ba89,2026-04,Suffolk Constabulary,Suffolk Constabulary,0.840383,52.116575,On or near Church Lane,E01029907,Babergh 001C,Violence and sexual offences,Action to be taken by another organisation,
4ccac802f52b4a13514c655cf971d3f196518e2d251ada01a14c9ae63aef532d,2026-04,Suffolk Constabulary,Suffolk Constabulary,0.836986,52.147944,On or near Whitethorn Ley,E01029907,Babergh 001C,Violence and sexual offences,Unable to prosecute suspect,
47cdb81c6101981b6fa8cc557d6e7921c333b94e13393a0a93e577667fe07031,2026-04,Suffolk Constabulary,Suffolk Constabulary,0.840383,52.116575,On or near Church Lane,E01029907,Babergh 001C,Violence and sexual offences,Unable to prosecute suspect,
7afda616b637ca6e12bd003dcaeaa450b7e33fb1f9d267aacfbb91b6f3854823,2026-04,Suffolk Constabulary,Suffolk Constabulary,0.689766,52.133689,On or near Shimpling Road,E01029881,Babergh 002A,Burglary,Investigation complete; no suspect identified,
093d49ae40fd8b0b0040cdad078fc777d29c02fb271904f340b82e941b106bde,2026-04,Suffolk Constabulary,Suffolk Constabulary,0.712644,52.167958,On or near Bury Road,E01029881,Babergh 002A,Burglary,Investigation complete; no suspect identified,
2e2add722c903ce23621eeb23d809484f12adf51ad9a388518bfa8863cd830bc,2026-04,Suffolk Constabulary,Suffolk Constabulary,0.668870,52.128831,On or near The Street,E01029881,Babergh 002A,Burglary,Investigation complete; no suspect identified,
de853c3d574cf39541b74b403955f6aa31ac37d54f4785c285a391a5c5f2fc9a,2026-04,Suffolk Constabulary,Suffolk Constabulary,0.727559,52.155015,On or near The Street,E01029881,Babergh 002A,Criminal damage and arson,Investigation complete; no suspect identified,
2f6d1ca6b81e7e6910db81a3e11cf27be75c5e97b38ff983767379f31afec12a,2026-04,Suffolk Constabulary,Suffolk Constabulary,0.731655,52.141916,On or near The Street,E01029881,Babergh 002A,Vehicle crime,Investigation complete; no suspect identified,
8bf8bf85ee51a15a1c51fbeb1efe83e5a3ef9c99042f842cd5dbf4dd27b50e96,2026-04,Suffolk Constabulary,Suffolk Constabulary,0.736400,52.164945,On or near Donkey Lane,E01029881,Babergh 002A,Violence and sexual offences,Local resolution,
fcb9cfad561c4cc2ed3686eeb704a46847d1cf65b3d54d9c879f1a34a20130af,2026-04,Suffolk Constabulary,Suffolk Constabulary,0.706366,52.159937,On or near Hartest Lane,E01029881,Babergh 002A,Violence and sexual offences,Unable to prosecute suspect,
c9e97403f07dfd6944436033706c635ac81d23bfcfed9d1a4c9ae611375a584c,2026-04,Suffolk Constabulary,Suffolk Constabulary,0.706366,52.159937,On or near Hartest Lane,E01029881,Babergh 002A,Violence and sexual offences,Unable to prosecute suspect,
,2026-04,Suffolk Constabulary,Suffolk Constabulary,0.666310,52.100642,On or near Tye Green Paddocks,E01029884,Babergh 002B,Anti-social behaviour,,
2ef9d82aea3c7a27c1c3943b0925df5a815ef1f98da0cd75264a15559a0e2072,2026-04,Suffolk Constabulary,Suffolk Constabulary,0.669748,52.105627,On or near Brook Street,E01029884,Babergh 002B,Criminal damage and arson,Local resolution,
676c474b930f94edb6920f5712322e5dffaa153ef0b9e8a86070561daf23f5f6,2026-04,Suffolk Constabulary,Suffolk Constabulary,0.664163,52.104800,On or near Hammond Croft,E01029884,Babergh 002B,Other theft,Investigation complete; no suspect identified,
2b51018d5d291939107e3fe93adb747c65c287893543c2ed56a807f81740ccd2,2026-04,Suffolk Constabulary,Suffolk Constabulary,0.693462,52.111149,On or near Blooms Hall Lane,E01029885,Babergh 002C,Public order,Awaiting court outcome,
48babf9b65af5224e2c7c789c702133b97f6d060c892e59393000493a81a35a9,2026-04,Suffolk Constabulary,Suffolk Constabulary,0.668096,52.099495,On or near Harpur'S Road,E01029885,Babergh 002C,Violence and sexual offences,Unable to prosecute suspect,
452a1e1d5d0854f4f56e4d555df71329b48010b6da06f2c94745ac823ea9d0b1,2026-04,Suffolk Constabulary,Suffolk Constabulary,0.674300,52.100920,On or near Parklands Close,E01029885,Babergh 002C,Violence and sexual offences,Unable to prosecute suspect,
ee366d8dd35eb9c07eca08a6579114b794371d37a0dd80c1da732651372c7d75,2026-04,Suffolk Constabulary,Suffolk Constabulary,0.730083,52.099011,On or near Parking Area,E01029900,Babergh 003A,Burglary,Investigation complete; no suspect identified,
9071c148c3b1321ad55f35a853e4f8f0c0bc35a0f54acacf0eb02647bd661cbd,2026-04,Suffolk Constabulary,Suffolk Constabulary,0.739125,52.109071,On or near Aveley Lane,E01029900,Babergh 003A,Other theft,Investigation complete; no suspect identified,
9a24920bfa63fe960bf16ef678373140098a7acd640d02620d6463f240ac1bdc,2026-04,Suffolk Constabulary,Suffolk Constabulary,0.718811,52.077652,On or near Woollards Gardens,E01029900,Babergh 003A,Other theft,Unable to prosecute suspect,
05e6bd11cc2e18d41623289de2a13a7f3324690c4bb07cb1f1aa7977247ffe81,2026-04,Suffolk Constabulary,Suffolk Constabulary,0.723838,52.078723,On or near Chadburn Road,E01029900,Babergh 003A,Public order,Under investigation,
6ce4ae99b2661b222f569b682875ad76b388c3613adc851908107dc446423673,2026-04,Suffolk Constabulary,Suffolk Constabulary,0.722038,52.075761,On or near Olivers Close,E01029900,Babergh 003A,Violence and sexual offences,Under investigation,
99d6138be6bc9cbaff519047ddeecaeb01c8add5b464694d14fe744a61e42231,2026-04,Suffolk Constabulary,Suffolk Constabulary,0.709994,52.064141,On or near Blunden Close,E01029901,Babergh 003B,Vehicle crime,Unable to prosecute suspect,
cf3dd4d482815e94ff6a75df6cee0ae71e7c34c4e9d378f833135f4c9f4cf197,2026-04,Suffolk Constabulary,Suffolk Constabulary,0.715688,52.075988,On or near The Spinney,E01029901,Babergh 003B,Violence and sexual offences,Unable to prosecute suspect,
77dadc31521e3c25868faed0c443c84d3cc3ae7cb8e2469815f7915378bbd2be,2026-04,Suffolk Constabulary,Suffolk Constabulary,0.725016,52.053012,On or near Parker Place,E01029917,Babergh 003C,Criminal damage and arson,Under investigation,
1fd9912b3d5498f158302bcdca89d27cb6cf7e47ef6e6c05c3f914abcb751a59,2026-04,Suffolk Constabulary,Suffolk Constabulary,0.726007,52.047962,On or near Abbey Road,E01029917,Babergh 003C,Other theft,Investigation complete; no suspect identified,
,2026-04,Suffolk Constabulary,Suffolk Constabulary,0.961859,52.047464,On or near New Cut,E01029892,Babergh 004A,Anti-social behaviour,,
,2026-04,Suffolk Constabulary,Suffolk Constabulary,0.960576,52.048791,On or near Timperley Road,E01029892,Babergh 004A,Anti-social behaviour,,
568bbe1b5010e446ec94b49d02ab39f82972d7c70786fccc40ee3a8ffce70f2f,2026-04,Suffolk Constabulary,Suffolk Constabulary,0.957468,52.046792,On or near Angel Street,E01029892,Babergh 004A,Burglary,Under investigation,
04736633f30ae1f542d639f62e8701f3c8b47fa6f52b310c0daba18e3ab381e9,2026-04,Suffolk Constabulary,Suffolk Constabulary,0.955198,52.047973,On or near Pykenham Way,E01029892,Babergh 004A,Criminal damage and arson,Under investigation,
dea237e1a365a88c3f1f8db1443813ad169e0f85af24c752b7868211b0d300ec,2026-04,Suffolk Constabulary,Suffolk Constabulary,0.953623,52.044883,On or near Parking Area,E01029892,Babergh 004A,Other theft,Unable to prosecute suspect,
24ded25ae753eae1d8f85a0ff6df2ded780e2901134033b5945527716e70ef85,2026-04,Suffolk Constabulary,Suffolk Constabulary,0.953443,52.043709,On or near Church Street,E01029892,Babergh 004A,Other theft,Investigation complete; no suspect identified,
75f5c1444e20e5d64555754d3507b105f7398ac0e5819953eaf9e1ba444b16ca,2026-04,Suffolk Constabulary,Suffolk Constabulary,0.957518,52.045774,On or near Weavers Close,E01029892,Babergh 004A,Possession of weapons,Unable to prosecute suspect,
c936be83ae4e8ffe97c4d2127676cf5e512e1f96979f1689476cf8d32bfaa872,2026-04,Suffolk Constabulary,Suffolk Constabulary,0.960576,52.048791,On or near Timperley Road,E01029892,Babergh 004A,Public order,Unable to prosecute suspect,
3bd455d4d77d3608d75c1374a825b548767a24de3222c3d160f0f148d69a3c81,2026-04,Suffolk Constabulary,Suffolk Constabulary,0.952351,52.042630,On or near Parking Area,E01029892,Babergh 004A,Public order,Unable to prosecute suspect,
cb41f28f259efc50859f38b80f7fb9bdba824e6a65e32eba9e15e93bfd32a6ba,2026-04,Suffolk Constabulary,Suffolk Constabulary,0.953623,52.044883,On or near Parking Area,E01029892,Babergh 004A,Shoplifting,Under investigation,
d2018be2c9d33dc8e327e94e7ad1eb19a8e39b518a6fe64686c6708d6dc7d11c,2026-04,Suffolk Constabulary,Suffolk Constabulary,0.954952,52.049328,On or near Supermarket,E01029892,Babergh 004A,Shoplifting,Investigation complete; no suspect identified,
1ff0be79e6c6e5102c9cdbd02c8128380b113053117578d0dd634b52ea891ed9,2026-04,Suffolk Constabulary,Suffolk Constabulary,0.953623,52.044883,On or near Parking Area,E01029892,Babergh 004A,Shoplifting,Under investigation,
096d42b19f6a54c4043f9ed1aabcbdea572086c8cb376b3f11511561d3aae508,2026-04,Suffolk Constabulary,Suffolk Constabulary,0.953837,52.046336,On or near Sports/Recreation Area,E01029892,Babergh 004A,Violence and sexual offences,Action to be taken by another organisation,
21cd02cd5949b33dd5ea5fc387784273303ab592b1be82240b8b11e91ef63a55,2026-04,Suffolk Constabulary,Suffolk Constabulary,0.955198,52.047973,On or near Pykenham Way,E01029892,Babergh 004A,Violence and sexual offences,Unable to prosecute suspect,
9c788115bdb80e189d7122c84f3351727eaeadd9087f24edbe0b9f21ddfc3628,2026-04,Suffolk Constabulary,Suffolk Constabulary,0.953028,52.046705,On or near Meadows Way,E01029892,Babergh 004A,Violence and sexual offences,Unable to prosecute suspect,
06380ae32477233049373572ca2ed9f541e4d4ff4c3b0a6751c9c4d2ac938a51,2026-04,Suffolk Constabulary,Suffolk Constabulary,0.955198,52.047973,On or near Pykenham Way,E01029892,Babergh 004A,Violence and sexual offences,Action to be taken by another organisation,
82f8412cf938aab28e9522e576ef29d57e6609be475caad59775e5b09d82538c,2026-04,Suffolk Constabulary,Suffolk Constabulary,0.952634,52.047354,On or near Calais Street,E01029892,Babergh 004A,Violence and sexual offences,Unable to prosecute suspect,
748b33325a4936dfd3e4e62187997fd59a8b420f77d2b6e1246819f4c75eceb8,2026-04,Suffolk Constabulary,Suffolk Constabulary,0.953837,52.046336,On or near Sports/Recreation Area,E01029892,Babergh 004A,Violence and sexual offences,Action to be taken by another organisation,
10f402760b41534973326fd035deb054a06f70c4521814d0befd8af8ec7d5e3b,2026-04,Suffolk Constabulary,Suffolk Constabulary,0.953623,52.044883,On or near Parking Area,E01029892,Babergh 004A,Violence and sexual offences,Unable to prosecute suspect,
a2b2d2a82572220d49618a366b61edcfc64346ca113a0fb980d4d425436e526c,2026-04,Suffolk Constabulary,Suffolk Constabulary,0.957518,52.045774,On or near Weavers Close,E01029892,Babergh 004A,Violence and sexual offences,Investigation complete; no suspect identified,
0462fcd4c2971412b649370b72e6a5fd99c42a3485a0f3c27101ab60c0ae4a9c,2026-04,Suffolk Constabulary,Suffolk Constabulary,0.952065,52.046478,On or near High Street Mews,E01029892,Babergh 004A,Violence and sexual offences,Investigation complete; no suspect identified,
c21dfaffb9ea6db097bed0c91b708c5cbf69c0e5244e16d6f2430494e64e0f68,2026-04,Suffolk Constabulary,Suffolk Constabulary,0.957468,52.046792,On or near Angel Street,E01029892,Babergh 004A,Violence and sexual offences,Under investigation,
6c160886d0ece8478d228200757bfb664973e8865835cc9f6046f460ca1d11ff,2026-04,Suffolk Constabulary,Suffolk Constabulary,0.952065,52.046478,On or near High Street Mews,E01029892,Babergh 004A,Violence and sexual offences,Under investigation,
bf6add1b0ebaa6295ed3458273d4b978049a4a2941799e38c9a05ca3feacdb34,2026-04,Suffolk Constabulary,Suffolk Constabulary,0.956191,52.045565,On or near Inkerman Close,E01029892,Babergh 004A,Violence and sexual offences,Under investigation,
dc45d0fc54edff80005ce92ecfde8c93a988a3c9c3aba2a0f31f9a9ee063644f,2026-04,Suffolk Constabulary,Suffolk Constabulary,0.965189,52.038719,On or near Glanville Road,E01029894,Babergh 004C,Violence and sexual offences,Action to be taken by another organisation,
d4ed07aa452b1b183d32cabfc45cb5340252b54c651442f9ca6afcec59c2476a,2026-04,Suffolk Constabulary,Suffolk Constabulary,0.965189,52.038719,On or near Glanville Road,E01029894,Babergh 004C,Violence and sexual offences,Action to be taken by another organisation,
52308c0c27eca4faa50e882ab0f12482af8beb0dff49270c1bf8e3c474a81a58,2026-04,Suffolk Constabulary,Suffolk Constabulary,0.969240,52.039328,On or near Wentworth Close,E01029895,Babergh 004D,Violence and sexual offences,Under investigation,
b00a71aa36989a1ddf66edca95b85af699bc66b908d47cae53e2c7aa22199bb6,2026-04,Suffolk Constabulary,Suffolk Constabulary,0.964806,52.046140,On or near Frog Hall Lane,E01029896,Babergh 004E,Other theft,Investigation complete; no suspect identified,
d4e540c6bb53fabda46702a92ec78302562ffbfc790e2f8260177bb066d26e57,2026-04,Suffolk Constabulary,Suffolk Constabulary,0.958744,52.042704,On or near Gaell Crescent,E01029896,Babergh 004E,Other theft,Investigation complete; no suspect identified,
c11fe446503ac9f7b91e822d287491a10a5c2f013029675db87b987fd04d049a,2026-04,Suffolk Constabulary,Suffolk Constabulary,0.952962,52.041491,On or near Silk Mill Close,E01029896,Babergh 004E,Public order,Under investigation,
ddaa98a2c0d35e8db221456bfbd12c921c6aabb0c34aceb04769bfb85dccbfbf,2026-04,Suffolk Constabulary,Suffolk Constabulary,0.955008,52.042231,On or near B1070,E01029896,Babergh 004E,Shoplifting,Unable to prosecute suspect,
54fdc1b00d1f7887284a022b098b928deace99b656f4870d3f79b415f6872b02,2026-04,Suffolk Constabulary,Suffolk Constabulary,0.955974,52.042954,On or near Police Station,E01029896,Babergh 004E,Violence and sexual offences,Under investigation,
d81944881b97619dd44826d027a284d1f41ca2ecac8a0961cff0e73da79bb93f,2026-04,Suffolk Constabulary,Suffolk Constabulary,0.955302,52.043366,On or near Magdalen Road,E01029896,Babergh 004E,Violence and sexual offences,Under investigation,
,2026-04,Suffolk Constabulary,Suffolk Constabulary,0.999041,52.078612,On or near Garrards Road,E01029911,Babergh 004F,Anti-social behaviour,,
abfe9640fd8c9270af2ee2a0a3bfa9325fbc999be5dd325ae76db8a00ad5cef4,2026-04,Suffolk Constabulary,Suffolk Constabulary,0.912571,52.079271,On or near Watson'S Hill,E01029911,Babergh 004F,Burglary,Investigation complete; no suspect identified,
765b65d55f9d5d440e60154572d4d25474a174e89efbd70bde85f3c0ce884bd5,2026-04,Suffolk Constabulary,Suffolk Constabulary,0.995252,52.079131,On or near Park/Open Space,E01029911,Babergh 004F,Criminal damage and arson,Unable to prosecute suspect,
fe1b197bb70bbe6b4dd283c871468647720b8c82f34c4d91746a47d040301754,2026-04,Suffolk Constabulary,Suffolk Constabulary,0.951245,52.078722,On or near Whatfield Road,E01029911,Babergh 004F,Other theft,Investigation complete; no suspect identified,
0cd7a822fd7497af5fc0c0f54059a297613c3e801ab882bf1cf19218c5f644cf,2026-04,Suffolk Constabulary,Suffolk Constabulary,0.958880,52.082712,On or near Naughton Road,E01029911,Babergh 004F,Other theft,Under investigation,
6063a86cefe77cd3bbb34a661f24a2fb00865f6fec19ef9bd4c6578b1ee565c9,2026-04,Suffolk Constabulary,Suffolk Constabulary,0.916894,52.058497,On or near The Green,E01029911,Babergh 004F,Other theft,Investigation complete; no suspect identified,
53ad9f38ddd02b5c3e2dc1b1bb7f389a0e815eaf15171a6b3d0f7e58b5df90a0,2026-04,Suffolk Constabulary,Suffolk Constabulary,0.954561,52.080312,On or near The Street,E01029911,Babergh 004F,Other theft,Investigation complete; no suspect identified,
a9b45d013606a322baea639f5057d2c51fa961f79b50def45be0ef47ed13a965,2026-04,Suffolk Constabulary,Suffolk Constabulary,1.004488,52.076477,On or near Ipswich Road,E01029911,Babergh 004F,Violence and sexual offences,Unable to prosecute suspect,
c869f3e3a0d35f521d907215eca0158438339844d5cf98f69a3165dc3f1d77f5,2026-04,Suffolk Constabulary,Suffolk Constabulary,1.004488,52.076477,On or near Ipswich Road,E01029911,Babergh 004F,Violence and sexual offences,Under investigation,
c53b63249402c677b6a45912d388e2f358ce939d4438f1583d3127cedb11a886,2026-04,Suffolk Constabulary,Suffolk Constabulary,0.995252,52.079131,On or near Park/Open Space,E01029911,Babergh 004F,Violence and sexual offences,Unable to prosecute suspect,
e5927c9a3ae3799861934e50ee0c31aaf5624a1524b0e13884c37f4f1160d867,2026-04,Suffolk Constabulary,Suffolk Constabulary,0.970785,52.048318,On or near Emma Girling Close,E01034559,Babergh 004G,Burglary,Investigation complete; no suspect identified,
b6aba773d3d1594ddab3f376578059e3c9dcd36bc992f1f283416745f16d4658,2026-04,Suffolk Constabulary,Suffolk Constabulary,0.966466,52.052043,On or near Bus/Coach Station,E01034559,Babergh 004G,Burglary,Investigation complete; no suspect identified,
c1f790372e5223a63019e6d44f4d8800c54c6116768876e41fdc60ebe28a9962,2026-04,Suffolk Constabulary,Suffolk Constabulary,0.921190,52.042499,On or near Coram Street,E01034559,Babergh 004G,Burglary,Awaiting court outcome,
aaa1a668c76e42f9de33137bcc6d2aefa888e1dc6ab6e6736a933e7cf5c588f1,2026-04,Suffolk Constabulary,Suffolk Constabulary,0.955812,52.053075,On or near Chisnall Close,E01034559,Babergh 004G,Criminal damage and arson,Investigation complete; no suspect identified,
009a08469dff312170c53b4c4fd30440a2b9810bbe018fe3d3217053d93ca587,2026-04,Suffolk Constabulary,Suffolk Constabulary,0.970785,52.048318,On or near Emma Girling Close,E01034559,Babergh 004G,Other theft,Investigation complete; no suspect identified,
bfc025230427496f2f355fc92f45bc6766527afec90c77620f26b8cad75f3192,2026-04,Suffolk Constabulary,Suffolk Constabulary,0.963247,52.047492,On or near The Green,E01034559,Babergh 004G,Other theft,Investigation complete; no suspect identified,
984f4a53903845edf6bb5e296c3862ef6d86c334ca03ac7e1aabfabaf13436ac,2026-04,Suffolk Constabulary,Suffolk Constabulary,0.970335,52.051657,On or near Mary Clarke Close,E01034559,Babergh 004G,Violence and sexual offences,Local resolution,
4dcb1384a84eda3f0ad7cc353cfe4e77d04946452f7bf4e8138d95a7a052bb83,2026-04,Suffolk Constabulary,Suffolk Constabulary,0.963247,52.047492,On or near The Green,E01034559,Babergh 004G,Violence and sexual offences,Investigation complete; no suspect identified,
0b3e8a89a72f23bb51c00b68e3ca5cf4f51567090f760f968abc1d8c7404ff55,2026-04,Suffolk Constabulary,Suffolk Constabulary,0.963247,52.047492,On or near The Green,E01034559,Babergh 004G,Violence and sexual offences,Action to be taken by another organisation,
e809ecdb42eb69c6745b07cd7a8d5fa242b80693c7bd2a7c5313908975d7e087,2026-04,Suffolk Constabulary,Suffolk Constabulary,0.948568,52.047851,On or near Corks Lane,E01034560,Babergh 004H,Criminal damage and arson,Unable to prosecute suspect,
,2026-04,Suffolk Constabulary,Suffolk Constabulary,1.017098,52.035350,On or near California Lane,E01029877,Babergh 005A,Anti-social behaviour,,
194886bebbf6059577054cabc828bc0cccc5a12c3554c51d0ad2ad28af95d039,2026-04,Suffolk Constabulary,Suffolk Constabulary,1.082006,52.030278,On or near London Road,E01029877,Babergh 005A,Vehicle crime,Investigation complete; no suspect identified,
d1df11383fa246df6d59a4570b4caf6a623cd01d89b743ca633fe20e1e93eb1a,2026-04,Suffolk Constabulary,Suffolk Constabulary,1.065418,52.022248,On or near Folly Lane,E01029877,Babergh 005A,Violence and sexual offences,Unable to prosecute suspect,
52a22745310c6ced75e23a627db58d7dc19f0a9bf78a0135681bd62eb9ea6b44,2026-04,Suffolk Constabulary,Suffolk Constabulary,1.082316,52.029050,On or near Sports/Recreation Area,E01029877,Babergh 005A,Violence and sexual offences,Action to be taken by another organisation,
c0dbc37147e0c3cb1e22af5b6c40c62bdf4e96ed6e61f2bcc87b4d5685686930,2026-04,Suffolk Constabulary,Suffolk Constabulary,1.082316,52.029050,On or near Sports/Recreation Area,E01029877,Babergh 005A,Violence and sexual offences,Action to be taken by another organisation,
89d590a73e8417a0d1f929d6b86729c555c941b2e018a1aead4d9eaf6befb7e3,2026-04,Suffolk Constabulary,Suffolk Constabulary,1.065418,52.022248,On or near Folly Lane,E01029877,Babergh 005A,Violence and sexual offences,Unable to prosecute suspect,
4aefa7f1da665e6ebb3fb7987f000bc1b46f50c914338be0b8e5bba6da7d9550,2026-04,Suffolk Constabulary,Suffolk Constabulary,1.082316,52.029050,On or near Sports/Recreation Area,E01029877,Babergh 005A,Violence and sexual offences,Action to be taken by another organisation,
1160a8e8d994123da772b38ce16007783c06b77d942c7eb679f2f872079ea799,2026-04,Suffolk Constabulary,Suffolk Constabulary,1.111427,52.065048,On or near Farthing Road,E01029878,Babergh 005B,Other theft,Unable to prosecute suspect,
831988a18848eba13eb04012d33b516cea7277c81b6dde13bc70675da8513c15,2026-04,Suffolk Constabulary,Suffolk Constabulary,1.111427,52.065048,On or near Farthing Road,E01029878,Babergh 005B,Public order,Unable to prosecute suspect,
,2026-04,Suffolk Constabulary,Suffolk Constabulary,1.149298,52.031717,On or near Bourne Hill,E01029879,Babergh 005C,Anti-social behaviour,,
822c03be6914bf2a9874621978a5e1222909b507f4327fe6781f70ddbec230cf,2026-04,Suffolk Constabulary,Suffolk Constabulary,1.135901,52.018795,On or near Parking Area,E01029879,Babergh 005C,Public order,Investigation complete; no suspect identified,
0c455d5201af0a31a1c063855492b7dd3308ebbc76d96bd1473dc756a5711912,2026-04,Suffolk Constabulary,Suffolk Constabulary,1.149298,52.031717,On or near Bourne Hill,E01029879,Babergh 005C,Public order,Unable to prosecute suspect,
0b82e4180c307319913150410b172b5efe503a9a6c8394e5e9fc5046f94b9900,2026-04,Suffolk Constabulary,Suffolk Constabulary,1.135901,52.018795,On or near Parking Area,E01029879,Babergh 005C,Public order,Investigation complete; no suspect identified,
9d1f77c90088160f58f59d98f81a789a85499e526789152775decf29264ea545,2026-04,Suffolk Constabulary,Suffolk Constabulary,1.102723,52.047074,On or near Vale View Road,E01029879,Babergh 005C,Violence and sexual offences,Unable to prosecute suspect,
28a6539016fb8f04ef7d6b1945c6532ef907dae5d18701a97820b8220a31b8f9,2026-04,Suffolk Constabulary,Suffolk Constabulary,1.077171,52.034389,On or near Dales View,E01029879,Babergh 005C,Violence and sexual offences,Under investigation,
b3aff76fe2d7e397135b4a5a7415ef35f14898fc9b6749678de7016e654a3eb5,2026-04,Suffolk Constabulary,Suffolk Constabulary,1.101200,52.046566,On or near Poplar Lane,E01029879,Babergh 005C,Violence and sexual offences,Action to be taken by another organisation,
fe31b3852b94848fef20d037094b082358c581fe161aeae62c795cfd466ee93b,2026-04,Suffolk Constabulary,Suffolk Constabulary,1.101200,52.046566,On or near Poplar Lane,E01029879,Babergh 005C,Other crime,Under investigation,
,2026-04,Suffolk Constabulary,Suffolk Constabulary,1.102291,52.038946,On or near Oldfield Road,E01029909,Babergh 005E,Anti-social behaviour,,
,2026-04,Suffolk Constabulary,Suffolk Constabulary,1.107493,52.043495,On or near Bramblewood,E01029909,Babergh 005E,Anti-social behaviour,,
073b2529d89c02a2f1c7afc293c4df8ad32a943ffd1b02936ca16cd1470096f2,2026-04,Suffolk Constabulary,Suffolk Constabulary,1.108144,52.042794,On or near Laburnum Close,E01029909,Babergh 005E,Criminal damage and arson,Investigation complete; no suspect identified,
8eca663e6eca2e4af68cf1c5d03b81bf75834ce6964963ee6bdf56871533e2a4,2026-04,Suffolk Constabulary,Suffolk Constabulary,1.104098,52.044020,On or near Sports/Recreation Area,E01029909,Babergh 005E,Public order,Unable to prosecute suspect,
24348bac0907d8785236c5a6a172af4c0ed48f4366ad2fa0df34837619895358,2026-04,Suffolk Constabulary,Suffolk Constabulary,1.106017,52.044937,On or near Further/Higher Educational Building,E01029909,Babergh 005E,Public order,Unable to prosecute suspect,
f259aa796ded8b03ef7a5e257a2e8aeed84ddc0f41c1b5cd6b1331cc872a0505,2026-04,Suffolk Constabulary,Suffolk Constabulary,1.103248,52.041385,On or near Cherry Blossom Close,E01029909,Babergh 005E,Shoplifting,Investigation complete; no suspect identified,
0ad9a867252058de0d9e8292bd57449a404ffdab1afaae6a813f202df903c43d,2026-04,Suffolk Constabulary,Suffolk Constabulary,1.108144,52.042794,On or near Laburnum Close,E01029909,Babergh 005E,Shoplifting,Awaiting court outcome,
b9ae5cece1adc4d9e92590700194b51fbd2c1c46701354859b514a028d8b95a8,2026-04,Suffolk Constabulary,Suffolk Constabulary,1.108144,52.042794,On or near Laburnum Close,E01029909,Babergh 005E,Shoplifting,Awaiting court outcome,
7736eec7afc722bf49642c431f6fb891b55957341f3d84ee9bc8009b7e65426f,2026-04,Suffolk Constabulary,Suffolk Constabulary,1.103248,52.041385,On or near Cherry Blossom Close,E01029909,Babergh 005E,Shoplifting,Investigation complete; no suspect identified,
b726da8cc5beaa761f3f07c7a4f4ba2b11febb1296d0ef9a8b008380b848ef54,2026-04,Suffolk Constabulary,Suffolk Constabulary,1.109592,52.042009,On or near Milnrow,E01029909,Babergh 005E,Vehicle crime,Investigation complete; no suspect identified,
0f909e87514687cabdb424c24bb76ae7b40a6da956e502021c72943b155d252b,2026-04,Suffolk Constabulary,Suffolk Constabulary,1.102307,52.037911,On or near Devlin Road,E01029909,Babergh 005E,Violence and sexual offences,Unable to prosecute suspect,
4408ecac599625e107ad5d8a8c555646644497c61679ae59be1d86128f602565,2026-04,Suffolk Constabulary,Suffolk Constabulary,1.106017,52.044937,On or near Further/Higher Educational Building,E01029909,Babergh 005E,Violence and sexual offences,Unable to prosecute suspect,
d69922d57fd96e79bb024f9c4c210e254312d35728813b717ebed73566e9f00d,2026-04,Suffolk Constabulary,Suffolk Constabulary,1.108409,52.037786,On or near Sycamore Close,E01029909,Babergh 005E,Violence and sexual offences,Under investigation,
,2026-04,Suffolk Constabulary,Suffolk Constabulary,1.102786,52.040399,On or near Greenspire Grove,E01029910,Babergh 005F,Anti-social behaviour,,
cf96f6c9a4385f0c36dcf0b4d3b4d0fe0c14d9f69dcd02b3fd223640658f26b4,2026-04,Suffolk Constabulary,Suffolk Constabulary,1.102786,52.040399,On or near Greenspire Grove,E01029910,Babergh 005F,Shoplifting,Investigation complete; no suspect identified,
cda0857f3b39192c7959b44810ebfaf41e770dd102be03e65475cb2513fb733c,2026-04,Suffolk Constabulary,Suffolk Constabulary,1.102786,52.040399,On or near Greenspire Grove,E01029910,Babergh 005F,Shoplifting,Investigation complete; no suspect identified,
e8d941346aac4e668adaca2e8e00ff7ad04c725a5cc06aaf1008ac831129a4e0,2026-04,Suffolk Constabulary,Suffolk Constabulary,1.112051,52.036467,On or near Shortlands,E01029910,Babergh 005F,Violence and sexual offences,Unable to prosecute suspect,
094c1da10ccb9e0a53d72c8e58e9c911d573c987d0f24e1f0fb4b9c5979289b3,2026-04,Suffolk Constabulary,Suffolk Constabulary,1.111776,52.039235,On or near Woolverstone Close,E01029910,Babergh 005F,Violence and sexual offences,Unable to prosecute suspect,
69604e1de1f8168a28051c1dcdfea4051e07238e961bcb6f047f7ce8d351313a,2026-04,Suffolk Constabulary,Suffolk Constabulary,1.112225,52.037506,On or near Appleby Close,E01029910,Babergh 005F,Violence and sexual offences,Local resolution,
2754823d7572fedbee8f8b2acade5fa200d7d43488ee8752aa898f33331ac5d0,2026-04,Suffolk Constabulary,Suffolk Constabulary,0.778135,51.970571,On or near Nayland Road,E01029880,Babergh 006A,Criminal damage and arson,Investigation complete; no suspect identified,
2cc145aa1872e8e97bdbfcf88ed8f02f2ef30dabbea4434b13096b90e0e45801,2026-04,Suffolk Constabulary,Suffolk Constabulary,0.777750,51.972585,On or near Pikes Marsh,E01029880,Babergh 006A,Public order,Unable to prosecute suspect,
65f1e11c60c5ea643c4cccbbd1b332d84bb71a298a0b57868a0f6a17972bb33b,2026-04,Suffolk Constabulary,Suffolk Constabulary,0.775025,52.052833,On or near White Hall Close,E01029921,Babergh 006B,Burglary,Under investigation,
204c371cd904c02646e1ac144be5741383b5e7cab2264ccde278c089f0fa8bd1,2026-04,Suffolk Constabulary,Suffolk Constabulary,0.746586,52.049840,On or near Spire Chase,E01029921,Babergh 006B,Violence and sexual offences,Unable to prosecute suspect,
5b279aff5cd4f27a3392da813426e79d88d59db001ce8cacfee97a1932e0d451,2026-04,Suffolk Constabulary,Suffolk Constabulary,0.775025,52.052833,On or near White Hall Close,E01029921,Babergh 006B,Violence and sexual offences,Under investigation,
f740a39766d5ba7b1da1b1323cbceb086fd498c0e22d4a0063d9033ce67a7cca,2026-04,Suffolk Constabulary,Suffolk Constabulary,0.774401,52.057830,On or near Green Acre,E01029921,Babergh 006B,Violence and sexual offences,Unable to prosecute suspect,
,2026-04,Suffolk Constabulary,Suffolk Constabulary,0.801924,52.070533,On or near Wade Crescent,E01029922,Babergh 006C,Anti-social behaviour,,
,2026-04,Suffolk Constabulary,Suffolk Constabulary,0.778724,52.056496,On or near Badleys Close,E01029922,Babergh 006C,Anti-social behaviour,,
5ce6fc0be734c88af72608dcb0800812c4418a34ec7dd0ebb3c597093fa0c597,2026-04,Suffolk Constabulary,Suffolk Constabulary,0.756994,52.068914,On or near Sudbury Road,E01029922,Babergh 006C,Criminal damage and arson,Investigation complete; no suspect identified,
abe323fb3823941f38e51beb59e5f2365983e013dae67c4840ea3d0479338d87,2026-04,Suffolk Constabulary,Suffolk Constabulary,0.804829,52.072416,On or near The Street,E01029922,Babergh 006C,Violence and sexual offences,Under investigation,
901d4bcfde7019f6a5c9635a9561a873ed9b146e2fff298832db6517ce89c34a,2026-04,Suffolk Constabulary,Suffolk Constabulary,0.761863,52.068602,On or near Daniels Close,E01029923,Babergh 006D,Violence and sexual offences,Under investigation,
,2026-04,Suffolk Constabulary,Suffolk Constabulary,0.738777,52.045462,On or near People Park Way,E01029912,Babergh 007A,Anti-social behaviour,,
4fb40e54a07e062fd96b1d696cd9b61f86a45b7c3680e52d993ad11ca0618381,2026-04,Suffolk Constabulary,Suffolk Constabulary,0.734043,52.039834,On or near Cavendish Way,E01029912,Babergh 007A,Criminal damage and arson,Unable to prosecute suspect,
536ea947d11de9b1634a8e363d10283c9132552158e1dc236e83ef6816de6e95,2026-04,Suffolk Constabulary,Suffolk Constabulary,0.734124,52.041883,On or near Upper East Street,E01029912,Babergh 007A,Drugs,Awaiting court outcome,
e000dc85f703139a9e7030ec08b839aba658144fab6930ebf371e918cd3575c1,2026-04,Suffolk Constabulary,Suffolk Constabulary,0.734043,52.039834,On or near Cavendish Way,E01029912,Babergh 007A,Drugs,Awaiting court outcome,
24b5c4cd6bba9f9456593f8db54d8344b8adef6ff72943a1f01784c5989a2af0,2026-04,Suffolk Constabulary,Suffolk Constabulary,0.739883,52.049006,On or near Essex Avenue,E01029912,Babergh 007A,Other theft,Unable to prosecute suspect,
9e8e415ff2421273ac167e3407071dabece0d9991f052d6ae8ce1abbe427ce0d,2026-04,Suffolk Constabulary,Suffolk Constabulary,0.738777,52.045462,On or near People Park Way,E01029912,Babergh 007A,Public order,Unable to prosecute suspect,
a51f058e9a01ecdbca59caa3827735a4236ac18466bedad133dc2b560863df3d,2026-04,Suffolk Constabulary,Suffolk Constabulary,0.742971,52.046794,On or near First Avenue,E01029912,Babergh 007A,Vehicle crime,Investigation complete; no suspect identified,
51ad94e963fa1e16abddd10bb8a2188dc640d721b2c6d4594e8b54a2c89bde51,2026-04,Suffolk Constabulary,Suffolk Constabulary,0.739883,52.049006,On or near Essex Avenue,E01029912,Babergh 007A,Violence and sexual offences,Awaiting court outcome,
746421950027d3c2455cffa14c6cc5742ace2b1715be4db1f063fb742ee532a9,2026-04,Suffolk Constabulary,Suffolk Constabulary,0.733134,52.040233,On or near East Street,E01029912,Babergh 007A,Violence and sexual offences,Unable to prosecute suspect,
a50cb4768c4d0eb3776434ef33073b6819f5010c6808a7b898b46198665a077f,2026-04,Suffolk Constabulary,Suffolk Constabulary,0.742971,52.046794,On or near First Avenue,E01029912,Babergh 007A,Violence and sexual offences,Unable to prosecute suspect,
f370b76499b420bd4e9a977efb29e3008afd5cc9f70876d5e8bfb9e0a3ba04c7,2026-04,Suffolk Constabulary,Suffolk Constabulary,0.749683,52.040900,On or near Curzon Road,E01029913,Babergh 007B,Drugs,Awaiting court outcome,
ab309d6ed6ac6e75cddd72f37029bca99802095ab9ded0fbf88c0b2b5eea845b,2026-04,Suffolk Constabulary,Suffolk Constabulary,0.737268,52.042970,On or near Harp Close Road,E01029913,Babergh 007B,Violence and sexual offences,Action to be taken by another organisation,
fb6337487f94688fc80e0d05a010c185eb770eafe7d89c8598b49cc6c47276ea,2026-04,Suffolk Constabulary,Suffolk Constabulary,0.736257,52.050764,On or near A134,E01029914,Babergh 007C,Other theft,Local resolution,
d5fe697e604ce3083186fb3efe605d0b72010a6de089f54fe4633fba0fc23cb4,2026-04,Suffolk Constabulary,Suffolk Constabulary,0.736257,52.050764,On or near A134,E01029914,Babergh 007C,Public order,Investigation complete; no suspect identified,
a4a525117844f032bbd92de9a657487d5a1bcbb6d04cf2b7479c31f8265ef396,2026-04,Suffolk Constabulary,Suffolk Constabulary,0.742107,52.049593,On or near Raleigh Close,E01029914,Babergh 007C,Violence and sexual offences,Unable to prosecute suspect,
dfe13281d235acbe19be268ada8626a26b28c29ac38b8c5015dfd154f689ca04,2026-04,Suffolk Constabulary,Suffolk Constabulary,0.733104,52.042608,On or near Moulton Close,E01029915,Babergh 007D,Criminal damage and arson,Investigation complete; no suspect identified,
0c7bed9684a0d1efe6f53d22baed5a4e40d7d886ec9dbe8b74146484e978707e,2026-04,Suffolk Constabulary,Suffolk Constabulary,0.733104,52.042608,On or near Moulton Close,E01029915,Babergh 007D,Criminal damage and arson,Investigation complete; no suspect identified,
bba854396675f6c1a67da0640feea6316040a87de259a03ef339befe0dc969b9,2026-04,Suffolk Constabulary,Suffolk Constabulary,0.726869,52.042240,On or near Beaconsfield Close,E01029915,Babergh 007D,Other theft,Investigation complete; no suspect identified,
700c3de15e7960ab63d501e04789f31715cb3ce6652bd6e7ec6efee56d3fe21f,2026-04,Suffolk Constabulary,Suffolk Constabulary,0.726869,52.042240,On or near Beaconsfield Close,E01029915,Babergh 007D,Other theft,Under investigation,
fcdf6a22003f7e246be5ed14aa1b57636544ddcb32f8725e4268af42b5c2ed84,2026-04,Suffolk Constabulary,Suffolk Constabulary,0.733104,52.042608,On or near Moulton Close,E01029915,Babergh 007D,Theft from the person,Under investigation,
3b7410fa8ae046daf3edcabdc49651be98f4cc3f4c6e4768ca6f0a006f6cab3c,2026-04,Suffolk Constabulary,Suffolk Constabulary,0.733104,52.042608,On or near Moulton Close,E01029915,Babergh 007D,Violence and sexual offences,Unable to prosecute suspect,
43694b4c0664dcaeda18758f00771c10dc733b8f863a501001aa925ddadce629,2026-04,Suffolk Constabulary,Suffolk Constabulary,0.726869,52.042240,On or near Beaconsfield Close,E01029915,Babergh 007D,Violence and sexual offences,Investigation complete; no suspect identified,
5ae895a4a3399413c59701c26d46fdedceb20bbbd09c66ab3bc2c657c8e0b104,2026-04,Suffolk Constabulary,Suffolk Constabulary,0.729012,52.043899,On or near Queens Road,E01029915,Babergh 007D,Violence and sexual offences,Under investigation,
,2026-04,Suffolk Constabulary,Suffolk Constabulary,0.739581,52.051226,On or near Mountbatten Close,E01029916,Babergh 007E,Anti-social behaviour,,
92a8599994bf6e559b1ff447f9415e61bb0cc1e8ce0498b30ee70c70471d5373,2026-04,Suffolk Constabulary,Suffolk Constabulary,0.730963,52.043845,On or near York Road,E01029916,Babergh 007E,Drugs,Local resolution,
ec71618adeada5c11347b41a345c85f751c90ce8cbf1dc9b189ce5e485b43e4a,2026-04,Suffolk Constabulary,Suffolk Constabulary,0.730035,52.047526,On or near Manor Road,E01029916,Babergh 007E,Other theft,Investigation complete; no suspect identified,
4870180299bc98b23aed8ab4d8eda5a112a989e4ee2477bbf1934fccab763785,2026-04,Suffolk Constabulary,Suffolk Constabulary,0.732668,52.051000,On or near Barker Road,E01029916,Babergh 007E,Other theft,Investigation complete; no suspect identified,
18f5be0b883c1784ebf0bd01ba3be57eb6974f5c15107a13c17b99c57dce235e,2026-04,Suffolk Constabulary,Suffolk Constabulary,0.739045,52.051283,On or near Mountbatten Road,E01029916,Babergh 007E,Public order,Unable to prosecute suspect,
59b97b0b846a4063e13e03d5f79eb1937f1955f53ddf88f4dc3c77f3664415c0,2026-04,Suffolk Constabulary,Suffolk Constabulary,0.739045,52.051283,On or near Mountbatten Road,E01029916,Babergh 007E,Violence and sexual offences,Under investigation,
6f5273a74a9fbdcd2476043ac32111d5b2648ee15337bf94cb61edb7a9afcb13,2026-04,Suffolk Constabulary,Suffolk Constabulary,0.732305,52.049111,On or near Uplands Crescent,E01029916,Babergh 007E,Violence and sexual offences,Under investigation,
02e240c7c2a7c890cae991cba206a8299a69c27848eee85dbcbd64944fd909f4,2026-04,Suffolk Constabulary,Suffolk Constabulary,0.733893,52.050522,On or near Mayflower Way,E01029916,Babergh 007E,Violence and sexual offences,Under investigation,
,2026-04,Suffolk Constabulary,Suffolk Constabulary,0.735348,52.037079,On or near Petrol Station,E01029918,Babergh 007F,Anti-social behaviour,,
d0fdbe5c4800b2c7014eff2a840f7c40b7772d851e36c77c94275afc04b80079,2026-04,Suffolk Constabulary,Suffolk Constabulary,0.737672,52.036459,On or near Cornard Road,E01029918,Babergh 007F,Criminal damage and arson,Investigation complete; no suspect identified,
39021a21421c9ec5e39d5be50ff6b3533586f38f531eddbd9cf83ad2999aca38,2026-04,Suffolk Constabulary,Suffolk Constabulary,0.730549,52.035383,On or near Bullocks Terrace,E01029918,Babergh 007F,Criminal damage and arson,Investigation complete; no suspect identified,
f88803c33d727074a50af5aa16a7069de48d2f258da1d29f956e00add18da434,2026-04,Suffolk Constabulary,Suffolk Constabulary,0.743464,52.036989,On or near Elm Road,E01029918,Babergh 007F,Criminal damage and arson,Unable to prosecute suspect,
df3c01c150fcb9ce893aefbe9d555a728ee97253de0b2702dd4ca109a62e4c5d,2026-04,Suffolk Constabulary,Suffolk Constabulary,0.743464,52.036989,On or near Elm Road,E01029918,Babergh 007F,Criminal damage and arson,Investigation complete; no suspect identified,
fcd8011a4fece703d4cdac841d2345e05cbe6a7148a6ab3a91ce2262ec1b6401,2026-04,Suffolk Constabulary,Suffolk Constabulary,0.743464,52.036989,On or near Elm Road,E01029918,Babergh 007F,Criminal damage and arson,Unable to prosecute suspect,
81201ad1ed4c1207035bd796b17075cb243cf1e049f625296d61090e40d5998a,2026-04,Suffolk Constabulary,Suffolk Constabulary,0.743464,52.036989,On or near Elm Road,E01029918,Babergh 007F,Other theft,Unable to prosecute suspect,
89608ebc2aa6e774fc34d1f8296de6dccdb3c632f567f59b68c849e8746eab2a,2026-04,Suffolk Constabulary,Suffolk Constabulary,0.730549,52.035383,On or near Bullocks Terrace,E01029918,Babergh 007F,Other theft,Investigation complete; no suspect identified,
8bd72091938e4c96335026762e03f6a9f09913531fadd16583b0b4c5f4890e94,2026-04,Suffolk Constabulary,Suffolk Constabulary,0.735348,52.037079,On or near Petrol Station,E01029918,Babergh 007F,Other theft,Investigation complete; no suspect identified,
cb2c662fc898dc36c17f6738b8d2834702bdee96a74577d0a8d3efb377120780,2026-04,Suffolk Constabulary,Suffolk Constabulary,0.735348,52.037079,On or near Petrol Station,E01029918,Babergh 007F,Other theft,Investigation complete; no suspect identified,
3d4e8f2f1c72abf3ac8f8b594e1b855da3dcce3ed6924bbe5bd37ecdba3a4cbb,2026-04,Suffolk Constabulary,Suffolk Constabulary,0.735348,52.037079,On or near Petrol Station,E01029918,Babergh 007F,Other theft,Investigation complete; no suspect identified,
c69aed8fc6ae36699384171d59ae3af8c556c6f17fe11444e297345d2000887e,2026-04,Suffolk Constabulary,Suffolk Constabulary,0.743464,52.036989,On or near Elm Road,E01029918,Babergh 007F,Public order,Awaiting court outcome,
3edf33689ef95ba663fd8cf86b136ee6ad4502b064328b944ce9835fd35da740,2026-04,Suffolk Constabulary,Suffolk Constabulary,0.739514,52.036056,On or near Petrol Station,E01029918,Babergh 007F,Shoplifting,Investigation complete; no suspect identified,
fe6120ce8391be9dacd3ec1a663e5e27dff1486b2e6a4cf74561ed8f0010de8c,2026-04,Suffolk Constabulary,Suffolk Constabulary,0.739514,52.036056,On or near Petrol Station,E01029918,Babergh 007F,Shoplifting,Investigation complete; no suspect identified,
35e96bbf3fae3be1f4faa409c10741fbf18a4b0966f0925f2728ceb13626674b,2026-04,Suffolk Constabulary,Suffolk Constabulary,0.739514,52.036056,On or near Petrol Station,E01029918,Babergh 007F,Shoplifting,Investigation complete; no suspect identified,
150bd6f482537c0e98b79c08fba37b1b6ae87000bf5ad5fa31f8af2a974db36b,2026-04,Suffolk Constabulary,Suffolk Constabulary,0.739514,52.036056,On or near Petrol Station,E01029918,Babergh 007F,Shoplifting,Unable to prosecute suspect,
d2e3d5de123724faff5f21a0f9caca037e47853c376dd183521ebaae6f9c9164,2026-04,Suffolk Constabulary,Suffolk Constabulary,0.734903,52.036001,On or near Parking Area,E01029918,Babergh 007F,Violence and sexual offences,Under investigation,
e8b0194e4b8e491a1a9cd3879de2a5d128a74347213fb9d66c8fd6491224824e,2026-04,Suffolk Constabulary,Suffolk Constabulary,0.743464,52.036989,On or near Elm Road,E01029918,Babergh 007F,Violence and sexual offences,Action to be taken by another organisation,
c661ac14847f5972df6d5f3cd56aaefb711f2e3d82300c9f706c2251453ea06a,2026-04,Suffolk Constabulary,Suffolk Constabulary,0.738014,52.037278,On or near Lucas Road,E01029918,Babergh 007F,Violence and sexual offences,Under investigation,
cfa000edd0fe0eaf58887fd88699cf2737b7042992eaf4a5d43d7843fdba7d08,2026-04,Suffolk Constabulary,Suffolk Constabulary,0.745187,52.036787,On or near Cat'S Lane,E01029918,Babergh 007F,Violence and sexual offences,Under investigation,
25b2e8521dee564dd6f47b11ca546cb3d6c57b29172cd860834b2a0a6be89916,2026-04,Suffolk Constabulary,Suffolk Constabulary,0.743464,52.036989,On or near Elm Road,E01029918,Babergh 007F,Violence and sexual offences,Unable to prosecute suspect,
18ef834ec6f291b1ae11a4727cea8b202f7fc622b994dbecaba29a1718b0328b,2026-04,Suffolk Constabulary,Suffolk Constabulary,0.739514,52.036056,On or near Petrol Station,E01029918,Babergh 007F,Violence and sexual offences,Awaiting court outcome,
43ca9536314a5f77fbf2709c7390d4c8ae3d9e43e53cf2dc2e13bb7b1b7f40c8,2026-04,Suffolk Constabulary,Suffolk Constabulary,0.732903,52.037397,On or near Great Eastern Road,E01029918,Babergh 007F,Other crime,Unable to prosecute suspect,
,2026-04,Suffolk Constabulary,Suffolk Constabulary,0.725726,52.037842,On or near Parking Area,E01029919,Babergh 007G,Anti-social behaviour,,
33f75539dc2de721c9bfba7d6cae2b9cbfb8f70c5a8f90306df2b646b393cbf2,2026-04,Suffolk Constabulary,Suffolk Constabulary,0.725115,52.040509,On or near St Gregory'S Court,E01029919,Babergh 007G,Criminal damage and arson,Investigation complete; no suspect identified,
5465d3f44b3bee2a48f5555d9d0287df400f7d5d12d7df2269fba5e744419e52,2026-04,Suffolk Constabulary,Suffolk Constabulary,0.725115,52.040509,On or near St Gregory'S Court,E01029919,Babergh 007G,Drugs,Under investigation,
ce9e43512859adf623d47faf110a76edced700331f31a595a7dd04e67c2fc9f7,2026-04,Suffolk Constabulary,Suffolk Constabulary,0.724210,52.038578,On or near Walnut Tree Lane,E01029919,Babergh 007G,Other theft,Investigation complete; no suspect identified,
8733fcbe88f33aca3acde0d626725b5001ab8d1eaeb492b23de6517069ce0483,2026-04,Suffolk Constabulary,Suffolk Constabulary,0.713491,52.034941,On or near Bulmer Road,E01029919,Babergh 007G,Vehicle crime,Investigation complete; no suspect identified,
8a527e659258304ce3349b3348b1574b6b6b52963c44521815450a7ca9ac714b,2026-04,Suffolk Constabulary,Suffolk Constabulary,0.722094,52.036154,On or near Cross Street,E01029919,Babergh 007G,Vehicle crime,Investigation complete; no suspect identified,
215ba2f8f4631cf339dae9b83a8a1164009e5daa13e5d4c9fce85699eece1862,2026-04,Suffolk Constabulary,Suffolk Constabulary,0.714077,52.036681,On or near Brundon Lane,E01029919,Babergh 007G,Vehicle crime,Investigation complete; no suspect identified,
686367735eeb9bfa9b9e9d4a0de8cbfea0ad5047f6d17bb71cc67b8da4427d51,2026-04,Suffolk Constabulary,Suffolk Constabulary,0.718817,52.031167,On or near Meadow View Road,E01029919,Babergh 007G,Vehicle crime,Investigation complete; no suspect identified,
7d81cd94dbd63b7098bd1efaf7c2b70c234729896952fa4085239d9ceca6bb90,2026-04,Suffolk Constabulary,Suffolk Constabulary,0.712984,52.034287,On or near Bush Grove,E01029919,Babergh 007G,Violence and sexual offences,Unable to prosecute suspect,
bb252a428d3d805d18200802627d271ba22161562a655922ee15d42543497a0c,2026-04,Suffolk Constabulary,Suffolk Constabulary,0.716600,52.033128,On or near Shopping Area,E01029919,Babergh 007G,Violence and sexual offences,Under investigation,
1c7ecc2b5a58d3a4a000682aefe630ffbfd66d766dd72606b8264c0f3633fd14,2026-04,Suffolk Constabulary,Suffolk Constabulary,0.715997,52.040153,On or near Sports/Recreation Area,E01029919,Babergh 007G,Violence and sexual offences,Under investigation,
c1feaa672ef3f6c2a148b84f3b48e2ee1b6207d3a5c2f005cad2f7726d0a7632,2026-04,Suffolk Constabulary,Suffolk Constabulary,0.719668,52.034852,On or near Parking Area,E01029919,Babergh 007G,Violence and sexual offences,Under investigation,
,2026-04,Suffolk Constabulary,Suffolk Constabulary,0.731414,52.040246,On or near Parking Area,E01029920,Babergh 007H,Anti-social behaviour,,
,2026-04,Suffolk Constabulary,Suffolk Constabulary,0.726845,52.040892,On or near Croft Road,E01029920,Babergh 007H,Anti-social behaviour,,
e9a47ae11eff4d3b64a600e2a2ef8294a1ccc6e93aa076c3a847a73259425a71,2026-04,Suffolk Constabulary,Suffolk Constabulary,0.732584,52.039589,On or near Nightclub,E01029920,Babergh 007H,Burglary,Under investigation,
90a7f2bb916e2aa09b0766fe7a478c0eff57d859cf530b82cb256688c98a7582,2026-04,Suffolk Constabulary,Suffolk Constabulary,0.729677,52.042116,On or near Supermarket,E01029920,Babergh 007H,Criminal damage and arson,Investigation complete; no suspect identified,
e30c8f56f9c19bbcb81747546741dc427dc35be8d7ea2c0e08e9d1d0658f4a15,2026-04,Suffolk Constabulary,Suffolk Constabulary,0.730363,52.038319,On or near Market Hill,E01029920,Babergh 007H,Criminal damage and arson,Investigation complete; no suspect identified,
dc55554cfccebb43551e99c4d2e29990e3f51bc03a764a4522542acb22747ce9,2026-04,Suffolk Constabulary,Suffolk Constabulary,0.730020,52.040827,On or near North Street,E01029920,Babergh 007H,Criminal damage and arson,Unable to prosecute suspect,
d631abda24326272c531b296505f4b27dc30285bd292f7413e6e832e2734a623,2026-04,Suffolk Constabulary,Suffolk Constabulary,0.724122,52.035451,On or near Blackfriars,E01029920,Babergh 007H,Criminal damage and arson,Investigation complete; no suspect identified,
77fad55d46b71def2bda75be5da2fdce2faa92233909d3225ab9951350864359,2026-04,Suffolk Constabulary,Suffolk Constabulary,0.732584,52.039589,On or near Nightclub,E01029920,Babergh 007H,Criminal damage and arson,Unable to prosecute suspect,
8de673631aa3972ff8223b255f3f19b1ba36c45190c626b15668f9b6df4bf1f7,2026-04,Suffolk Constabulary,Suffolk Constabulary,0.732584,52.039589,On or near Nightclub,E01029920,Babergh 007H,Criminal damage and arson,Investigation complete; no suspect identified,
6a4c489620b7535516d0007ad43cc160315aa77f1ae427af1a6ff3ebc2c4d1c5,2026-04,Suffolk Constabulary,Suffolk Constabulary,0.732584,52.039589,On or near Nightclub,E01029920,Babergh 007H,Criminal damage and arson,Investigation complete; no suspect identified,
7c4f9872c6d82a54c15f1e43441f833691768ddc100e08f448654ac8e9024ab7,2026-04,Suffolk Constabulary,Suffolk Constabulary,0.730363,52.038319,On or near Market Hill,E01029920,Babergh 007H,Other theft,Local resolution,
b1d6fb76562d35bf38b30991bd8f4cda03b3c1d41d36a9871451abe1b9441c8e,2026-04,Suffolk Constabulary,Suffolk Constabulary,0.730020,52.040827,On or near North Street,E01029920,Babergh 007H,Other theft,Investigation complete; no suspect identified,
6062a0f606b9e4293904115736f743462c37121cdb97edf010a22231bf9ec61c,2026-04,Suffolk Constabulary,Suffolk Constabulary,0.726547,52.039109,On or near Gregory Street,E01029920,Babergh 007H,Other theft,Unable to prosecute suspect,
84df5a1cc9fe4232368debbad79ec62806f2226cd6a2f81356dc764a661e5a3c,2026-04,Suffolk Constabulary,Suffolk Constabulary,0.732584,52.039589,On or near Nightclub,E01029920,Babergh 007H,Public order,Unable to prosecute suspect,
c301d663cf44a0917b5010f1ad3f2cbe798354d8a105d06e3f6a90f4d34ece58,2026-04,Suffolk Constabulary,Suffolk Constabulary,0.728261,52.039240,On or near Weavers Lane,E01029920,Babergh 007H,Public order,Under investigation,
00930ff5869577a3cc5acbb0a6488cd0c3a4bf4d8472011107ffe3dc7d0e4cc7,2026-04,Suffolk Constabulary,Suffolk Constabulary,0.729701,52.036787,On or near Redhouse Lane,E01029920,Babergh 007H,Public order,Investigation complete; no suspect identified,
944ab48647f7e3340e9ee8f9151d5d18d3e8f5738c0e10c4ece5b4f6ab78c43d,2026-04,Suffolk Constabulary,Suffolk Constabulary,0.728118,52.041680,On or near Gainsborough Road,E01029920,Babergh 007H,Robbery,Investigation complete; no suspect identified,
91f95ce39bd2f1fc09c6188f15129cf0236fac2cfcc5ae1fa6bd1a14ee1592eb,2026-04,Suffolk Constabulary,Suffolk Constabulary,0.732584,52.039589,On or near Nightclub,E01029920,Babergh 007H,Shoplifting,Investigation complete; no suspect identified,
f9548a477ea91ae41b76a443a0435c0be049c277aa9f6c1a5529b5c56079bba3,2026-04,Suffolk Constabulary,Suffolk Constabulary,0.729701,52.036787,On or near Redhouse Lane,E01029920,Babergh 007H,Shoplifting,Investigation complete; no suspect identified,
a93dbb24278149dc66a24f77c34e8790982caa779f8da069b5e760639035a083,2026-04,Suffolk Constabulary,Suffolk Constabulary,0.729677,52.042116,On or near Supermarket,E01029920,Babergh 007H,Shoplifting,Investigation complete; no suspect identified,
610904adb0cfd736956e94e0261b436bccc1555f97e1973ef2880d08d5972468,2026-04,Suffolk Constabulary,Suffolk Constabulary,0.732584,52.039589,On or near Nightclub,E01029920,Babergh 007H,Vehicle crime,Investigation complete; no suspect identified,
e0ca634707b2a7191f73cc2704e17d4ba1effcc31f08b2587b3a73223b1a924d,2026-04,Suffolk Constabulary,Suffolk Constabulary,0.732140,52.041632,On or near Queens Close,E01029920,Babergh 007H,Violence and sexual offences,Unable to prosecute suspect,
40b0a2e4506c7a12daed1cc7f44f753e03cf0ef6c8b3b4c76d937079f0882c74,2026-04,Suffolk Constabulary,Suffolk Constabulary,0.726845,52.040892,On or near Croft Road,E01029920,Babergh 007H,Violence and sexual offences,Unable to prosecute suspect,
3acc3ed285c368c02dfd91f6d584bc093df45db7b85e65da5a9f886e2f1e1acd,2026-04,Suffolk Constabulary,Suffolk Constabulary,0.725110,52.035392,On or near Priory Gardens,E01029920,Babergh 007H,Violence and sexual offences,Unable to prosecute suspect,
d58a302d4c6c2f4cb8b4e7a20de5c238c86bc655829f3a1a3b170f90aac494a5,2026-04,Suffolk Constabulary,Suffolk Constabulary,0.725110,52.035392,On or near Priory Gardens,E01029920,Babergh 007H,Violence and sexual offences,Unable to prosecute suspect,
df25cb27a0181d791a0cce4800d5283a07ce5056f2e475b14bc859afda7794e4,2026-04,Suffolk Constabulary,Suffolk Constabulary,0.730020,52.040827,On or near North Street,E01029920,Babergh 007H,Violence and sexual offences,Awaiting court outcome,
e8ec2e2989277c1862ade365e2d1801e39fb51bc08f750ab54ed184b5b300993,2026-04,Suffolk Constabulary,Suffolk Constabulary,0.724122,52.035451,On or near Blackfriars,E01029920,Babergh 007H,Violence and sexual offences,Under investigation,
bc7046098466abf65d21e94fe98ed3acefd3d7c94a842fb45273bbeece904039,2026-04,Suffolk Constabulary,Suffolk Constabulary,0.730363,52.038319,On or near Market Hill,E01029920,Babergh 007H,Violence and sexual offences,Unable to prosecute suspect,
f09f7c283dfb25c935c87f1962a507d329bcfde71311bf072359601237fea35a,2026-04,Suffolk Constabulary,Suffolk Constabulary,0.732584,52.039589,On or near Nightclub,E01029920,Babergh 007H,Violence and sexual offences,Unable to prosecute suspect,
fefc5a029cb153c4956ab134411bcafb48bfbf5450e3f62cbcde3c68febc626d,2026-04,Suffolk Constabulary,Suffolk Constabulary,0.728206,52.038099,On or near Gainsborough Street,E01029920,Babergh 007H,Violence and sexual offences,Under investigation,
077272221d571813bbc7c9957cc59dafa6e7cfe6920608f3ff39c6f58c0c6ce6,2026-04,Suffolk Constabulary,Suffolk Constabulary,0.732584,52.039589,On or near Nightclub,E01029920,Babergh 007H,Violence and sexual offences,Investigation complete; no suspect identified,
61d32b4fbfd74d7bb08fddb2fbbb34dcf9aff705aa92d56744ff072d670b83a2,2026-04,Suffolk Constabulary,Suffolk Constabulary,0.724122,52.035451,On or near Blackfriars,E01029920,Babergh 007H,Other crime,Unable to prosecute suspect,
c54770c1bd3a194b47855d5723cea925fcd951982d608c77b6794a71e1996b12,2026-04,Suffolk Constabulary,Suffolk Constabulary,0.730363,52.038319,On or near Market Hill,E01029920,Babergh 007H,Other crime,Under investigation,
ec3d1ea59fefd5003b5d8d46f6e83b82ea0f41b21614acd5a39c93f791ef2cf8,2026-04,Suffolk Constabulary,Suffolk Constabulary,0.748466,52.033896,On or near Butt Road,E01029886,Babergh 008A,Other theft,Investigation complete; no suspect identified,
5fa7928596926269243be172af7899f6c34fb3942abd76551a330157a4b81176,2026-04,Suffolk Constabulary,Suffolk Constabulary,0.750269,52.034294,On or near Lindsey Avenue,E01029886,Babergh 008A,Other theft,Investigation complete; no suspect identified,
01a9d082cebe98afd37e18b3b7c8fd3cc14a033cb3700d7b39052da5d3d21029,2026-04,Suffolk Constabulary,Suffolk Constabulary,0.750269,52.034294,On or near Lindsey Avenue,E01029886,Babergh 008A,Public order,Under investigation,
a5be32393f5e6fae832263f8eb1b1958d59e0774aa8352001fe2048c4ed817ba,2026-04,Suffolk Constabulary,Suffolk Constabulary,0.747928,52.035581,On or near Cherrytree Road,E01029886,Babergh 008A,Violence and sexual offences,Unable to prosecute suspect,
cb3830f5a25d8ab3f0d7a0fd241dc17b5ad8907a8297133084f59e2feadeb14c,2026-04,Suffolk Constabulary,Suffolk Constabulary,0.747928,52.035581,On or near Cherrytree Road,E01029886,Babergh 008A,Violence and sexual offences,Unable to prosecute suspect,
9988a196726937478070860b09015372fe100729e7661e021f7256ac041453e5,2026-04,Suffolk Constabulary,Suffolk Constabulary,0.747928,52.035581,On or near Cherrytree Road,E01029886,Babergh 008A,Violence and sexual offences,Under investigation,
0e6990e261a900359c2028d74de49a2718d47575b48c1c93142b182a76d08e0b,2026-04,Suffolk Constabulary,Suffolk Constabulary,0.747928,52.035581,On or near Cherrytree Road,E01029886,Babergh 008A,Violence and sexual offences,Unable to prosecute suspect,
8fec9cc09031038869fd3d905c8f7c707487a408f70ed917d996a0c21b1333d6,2026-04,Suffolk Constabulary,Suffolk Constabulary,0.742819,52.033596,On or near Kings Hill,E01029886,Babergh 008A,Violence and sexual offences,Under investigation,
638a1a1be2a3d23769884e8e1a9828ef77e30862d16dc898e2870af0e3069a6e,2026-04,Suffolk Constabulary,Suffolk Constabulary,0.748466,52.033896,On or near Butt Road,E01029886,Babergh 008A,Violence and sexual offences,Unable to prosecute suspect,
f9c98962906386ee35e130f544da0203982db51037c2d67bbff6ed1e0c28f27d,2026-04,Suffolk Constabulary,Suffolk Constabulary,0.750269,52.034294,On or near Lindsey Avenue,E01029886,Babergh 008A,Other crime,Further investigation is not in the public interest,
839de265b9a1b047cc580d71ad548432e3630761502bebbeae8ea9e98f579daf,2026-04,Suffolk Constabulary,Suffolk Constabulary,0.755212,52.029071,On or near Canhams Road,E01029887,Babergh 008B,Shoplifting,Investigation complete; no suspect identified,
c3e845dcf046f6301e2d923acf2c4d3c97f8a2c233f8a887ecc4626d579c910e,2026-04,Suffolk Constabulary,Suffolk Constabulary,0.755212,52.029071,On or near Canhams Road,E01029887,Babergh 008B,Violence and sexual offences,Unable to prosecute suspect,
543523417dfe13ae48263d2ff45f26202e0d8b24ba9d4bf9d15c31782aa61221,2026-04,Suffolk Constabulary,Suffolk Constabulary,0.751048,52.028691,On or near Recreation Walk,E01029887,Babergh 008B,Violence and sexual offences,Unable to prosecute suspect,
15fbbe2bf5b0fd0e4126fcba3290fe24efe56927a6acbf77ae77f6e0e430abc5,2026-04,Suffolk Constabulary,Suffolk Constabulary,0.751989,52.031664,On or near Sparrow Road,E01029887,Babergh 008B,Violence and sexual offences,Unable to prosecute suspect,
,2026-04,Suffolk Constabulary,Suffolk Constabulary,0.756589,52.034632,On or near The Pot Kilns,E01029889,Babergh 008D,Anti-social behaviour,,
c15735c6744d310e72677119f7aa8c1e7ba8d2eb5705f696bae812e04f9e1c8d,2026-04,Suffolk Constabulary,Suffolk Constabulary,0.756881,52.031082,On or near Minsmere Way,E01029889,Babergh 008D,Criminal damage and arson,Investigation complete; no suspect identified,
20297d18c2dac786b9fb2d18e35b627531981b8c655a97bc705650f006c42316,2026-04,Suffolk Constabulary,Suffolk Constabulary,0.756881,52.031082,On or near Minsmere Way,E01029889,Babergh 008D,Drugs,Awaiting court outcome,
2e1dc11f633481ab951cac3d8f9f65403c9a20c1b20a591e7853bcf0ec7f0275,2026-04,Suffolk Constabulary,Suffolk Constabulary,0.756589,52.034632,On or near The Pot Kilns,E01029889,Babergh 008D,Violence and sexual offences,Unable to prosecute suspect,
50d6e358cedf48e0283ed9dd18cf7cd63fe26e84436904eeb86cc8e012df8a40,2026-04,Suffolk Constabulary,Suffolk Constabulary,0.755200,52.033379,On or near Raydon Way,E01029889,Babergh 008D,Violence and sexual offences,Under investigation,
cac5518a0ac9b132b85208bac70588cd0d674048f1a4317c92216a8b5d83fb4a,2026-04,Suffolk Constabulary,Suffolk Constabulary,0.755200,52.033379,On or near Raydon Way,E01029889,Babergh 008D,Violence and sexual offences,Under investigation,
cc36a4e7c230a37ad28f2573f19c4b57bb1cc89af3dd513ae4ace2a3be115c4d,2026-04,Suffolk Constabulary,Suffolk Constabulary,0.756881,52.031082,On or near Minsmere Way,E01029889,Babergh 008D,Violence and sexual offences,Under investigation,
,2026-04,Suffolk Constabulary,Suffolk Constabulary,0.760764,52.029507,On or near Grace Farrant Road,E01029890,Babergh 008E,Anti-social behaviour,,
,2026-04,Suffolk Constabulary,Suffolk Constabulary,0.760764,52.029507,On or near Grace Farrant Road,E01029890,Babergh 008E,Anti-social behaviour,,
2de4e257bf318d0e245f2716d47a27e9c6123dcb2cfee780efb26bcaf012d2ba,2026-04,Suffolk Constabulary,Suffolk Constabulary,0.768327,52.020238,On or near Prospect Hill,E01029890,Babergh 008E,Criminal damage and arson,Investigation complete; no suspect identified,
7c998210ef0f4f23100c62d44b18d0db0225707bb8b0771f2837bbca29d4baf6,2026-04,Suffolk Constabulary,Suffolk Constabulary,0.760855,52.028147,On or near Brands Close,E01029890,Babergh 008E,Criminal damage and arson,Unable to prosecute suspect,
879848fcd0ef418a4adc1fb44148225580843ae0c24b569691d4a65e2d0624b2,2026-04,Suffolk Constabulary,Suffolk Constabulary,0.762983,52.028367,On or near Jamie Allen Close,E01029890,Babergh 008E,Violence and sexual offences,Under investigation,
,2026-04,Suffolk Constabulary,Suffolk Constabulary,0.747199,52.025130,On or near Rugby Road,E01029891,Babergh 008F,Anti-social behaviour,,
,2026-04,Suffolk Constabulary,Suffolk Constabulary,0.749815,52.020716,On or near Windmill Close,E01029891,Babergh 008F,Anti-social behaviour,,
,2026-04,Suffolk Constabulary,Suffolk Constabulary,0.751368,52.021507,On or near Sports/Recreation Area,E01029891,Babergh 008F,Anti-social behaviour,,
,2026-04,Suffolk Constabulary,Suffolk Constabulary,0.744725,52.024954,On or near B1508,E01029891,Babergh 008F,Anti-social behaviour,,
7c5d89fc95617cf4cdaa197c8d1200920d0ad2801509b548a1c1bb27d52990d6,2026-04,Suffolk Constabulary,Suffolk Constabulary,0.747385,52.024352,On or near The Mead,E01029891,Babergh 008F,Possession of weapons,Investigation complete; no suspect identified,
8030d00eed5c3d92a430ceaf3ef3255ecc2960bc88023d46dadd53112957adea,2026-04,Suffolk Constabulary,Suffolk Constabulary,0.750781,52.026476,On or near Nursery Road,E01029891,Babergh 008F,Possession of weapons,Unable to prosecute suspect,
0109f5d10fc3973a3afc1e002456e6822ae825923173bfdd193879e57b93e553,2026-04,Suffolk Constabulary,Suffolk Constabulary,0.749815,52.020716,On or near Windmill Close,E01029891,Babergh 008F,Violence and sexual offences,Unable to prosecute suspect,
74473496d9c6a2c29b38ed43035fa8e0e4e446ab4896e1d8943897727fa5da80,2026-04,Suffolk Constabulary,Suffolk Constabulary,0.746234,52.021519,On or near Bures Road,E01029891,Babergh 008F,Violence and sexual offences,Unable to prosecute suspect,
1daa9f36ac4b305eae84318fe84a1cfb80174f8dd649c8187197bda1440d4402,2026-04,Suffolk Constabulary,Suffolk Constabulary,0.748689,52.021858,On or near Topsfield,E01029891,Babergh 008F,Violence and sexual offences,Action to be taken by another organisation,
639fc658894eab851e2f7bdafa3b80f4430b99042aa328421b02335bd2c861ae,2026-04,Suffolk Constabulary,Suffolk Constabulary,0.748773,52.022512,On or near Lower Reeve,E01029891,Babergh 008F,Violence and sexual offences,Unable to prosecute suspect,
,2026-04,Suffolk Constabulary,Suffolk Constabulary,0.855797,52.032268,On or near Partridge Close,E01029875,Babergh 009A,Anti-social behaviour,,
7e63b72c2250784d61daded37b2265b79be6e434b0360ba09b603c64d2d75be9,2026-04,Suffolk Constabulary,Suffolk Constabulary,0.855797,52.032268,On or near Partridge Close,E01029875,Babergh 009A,Criminal damage and arson,Under investigation,
c4a25cf2c47864db8820a7ebf744b958aca6de6df9499efc163af8213fe225ad,2026-04,Suffolk Constabulary,Suffolk Constabulary,0.856361,52.025554,On or near Hockley Hole Lane,E01029875,Babergh 009A,Drugs,Local resolution,
38a41fb106c8d4dd0de845b4f31fd1cfca5cce8d1f4abb9fa5011356588dccc8,2026-04,Suffolk Constabulary,Suffolk Constabulary,0.863830,52.029510,On or near Fen Street,E01029875,Babergh 009A,Other theft,Under investigation,
f2e6fee07c3715aaf345ea955ee174a42e4d845a166702a17385a132e461ac16,2026-04,Suffolk Constabulary,Suffolk Constabulary,0.867419,52.028865,On or near Holbrook Barn Road,E01029875,Babergh 009A,Possession of weapons,Offender given a caution,
f656090acc4a5aac01627b93d1607c8288144b49629eee8b7332c2b4165c9947,2026-04,Suffolk Constabulary,Suffolk Constabulary,0.855797,52.032268,On or near Partridge Close,E01029875,Babergh 009A,Violence and sexual offences,Investigation complete; no suspect identified,
3b5d260f3f217f3fe8d56656eeb1edc69e218d3032f7a941fdfd65de16dc65c1,2026-04,Suffolk Constabulary,Suffolk Constabulary,0.852275,52.042678,On or near Groton Street,E01029875,Babergh 009A,Violence and sexual offences,Unable to prosecute suspect,
1d8fd7af060bf4b2a71c48121b22b0c9fa6097e8e8166653456e700937d0b53c,2026-04,Suffolk Constabulary,Suffolk Constabulary,0.881935,52.075906,On or near Sheepden Lane,E01029875,Babergh 009A,Violence and sexual offences,Awaiting court outcome,
4eb9cf4e9be98d17164ad028b5152a915428cea2e1071133e41f555ff8696e80,2026-04,Suffolk Constabulary,Suffolk Constabulary,0.855797,52.032268,On or near Partridge Close,E01029875,Babergh 009A,Violence and sexual offences,Unable to prosecute suspect,
06c24284df8ebdc94d09b8da6df20cca55b896a4c7527e9448bda712777d0ebe,2026-04,Suffolk Constabulary,Suffolk Constabulary,0.816132,52.002214,On or near Sports/Recreation Area,E01029899,Babergh 009B,Criminal damage and arson,Unable to prosecute suspect,
ddfdc07a7d471179862e6ad54e39c791968487a85839be8e44f41e98349b71d3,2026-04,Suffolk Constabulary,Suffolk Constabulary,0.836870,51.991950,On or near Wrights Way,E01029899,Babergh 009B,Other theft,Investigation complete; no suspect identified,
427201c711ddd44ae6aa55f162f8a81076fc28bd7ef08e00b0be1b7b779907b9,2026-04,Suffolk Constabulary,Suffolk Constabulary,0.816798,52.019816,On or near Further Street,E01029899,Babergh 009B,Vehicle crime,Investigation complete; no suspect identified,
9c52658f9683cca7d1d515f489ef9da193d3ace1bd5cb5cf578ab91d3eb3c770,2026-04,Suffolk Constabulary,Suffolk Constabulary,0.808720,52.024200,On or near Parking Area,E01029899,Babergh 009B,Violence and sexual offences,Unable to prosecute suspect,
8bf29885b908eb35811ab4c646f9d04a08537cca24e9713e35642e75ba9803a5,2026-04,Suffolk Constabulary,Suffolk Constabulary,0.861402,51.996275,On or near Park/Open Space,E01029899,Babergh 009B,Violence and sexual offences,Under investigation,
e845f8626e0299bd37d9f86ecfca23b2248ce4d7b089cd7c92d1c91289bd737b,2026-04,Suffolk Constabulary,Suffolk Constabulary,0.988244,52.009411,On or near Woodlands Road,E01029902,Babergh 009C,Criminal damage and arson,Investigation complete; no suspect identified,
3f0749a8d68f8e044fb4a74747cc93fbe26683ad4ee4e4e274c745db38c6cabd,2026-04,Suffolk Constabulary,Suffolk Constabulary,0.986488,52.006011,On or near The Street,E01029902,Babergh 009C,Other theft,Awaiting court outcome,
b2ef9cc9c6a9695f4ca3ecacb8770732c864d457fd7c70475c2caf44761db9d9,2026-04,Suffolk Constabulary,Suffolk Constabulary,0.986488,52.006011,On or near The Street,E01029902,Babergh 009C,Vehicle crime,Investigation complete; no suspect identified,
5ef5e26e6e25e87acee8ccb921414d6bd38e936e62aaff356371c793786fc587,2026-04,Suffolk Constabulary,Suffolk Constabulary,0.909672,52.022585,On or near Heath Close,E01029902,Babergh 009C,Violence and sexual offences,Under investigation,
acfb0169e49222d416b1dcf0285b7775307641af2e5b662d461d6bb98b86c1f5,2026-04,Suffolk Constabulary,Suffolk Constabulary,0.962980,52.026715,On or near Mill Lane,E01029902,Babergh 009C,Violence and sexual offences,Under investigation,
752b21831878e55575886b56c6b0bbcc374ad07af54380c9c3c3f0835f1327c6,2026-04,Suffolk Constabulary,Suffolk Constabulary,0.874072,51.971639,On or near High Street,E01029906,Babergh 009D,Violence and sexual offences,Unable to prosecute suspect,
7cd3154fd90c2a1a8e60bd4c58ac73b77aecc060da16833f8bdd8919cc7194dc,2026-04,Suffolk Constabulary,Suffolk Constabulary,1.058009,51.957029,On or near Bridge Place,E01029870,Babergh 010A,Burglary,Unable to prosecute suspect,
e2d2b082317f3c6ef69740a595ecd064df096a661c507941307ed6d00bc07a0a,2026-04,Suffolk Constabulary,Suffolk Constabulary,1.064551,51.964369,On or near Kettle Way,E01029870,Babergh 010A,Criminal damage and arson,Investigation complete; no suspect identified,
1cd11b64fa43da31908f34f1c3943b975a4b8401b02c3962b15bbfd97761f720,2026-04,Suffolk Constabulary,Suffolk Constabulary,1.059073,51.970087,On or near Sandy Lane,E01029872,Babergh 010B,Shoplifting,Investigation complete; no suspect identified,
713935a4ebd9a5f6749373c11abd60ddc3c73bb99f0b25862d326218ea59c754,2026-04,Suffolk Constabulary,Suffolk Constabulary,1.066690,51.969682,On or near Slough Road,E01029872,Babergh 010B,Violence and sexual offences,Under investigation,
,2026-04,Suffolk Constabulary,Suffolk Constabulary,1.011029,51.976507,On or near School Lane,E01029882,Babergh 010C,Anti-social behaviour,,
,2026-04,Suffolk Constabulary,Suffolk Constabulary,1.012811,51.976587,On or near Elm Road,E01029882,Babergh 010C,Anti-social behaviour,,
,2026-04,Suffolk Constabulary,Suffolk Constabulary,1.011422,51.977801,On or near Whites Field,E01029882,Babergh 010C,Anti-social behaviour,,
,2026-04,Suffolk Constabulary,Suffolk Constabulary,1.013149,51.979663,On or near Foxhall Close,E01029882,Babergh 010C,Anti-social behaviour,,
,2026-04,Suffolk Constabulary,Suffolk Constabulary,1.013149,51.979663,On or near Foxhall Close,E01029882,Babergh 010C,Anti-social behaviour,,
12129822b1c860322b8c130debf8c7b1701f7546199db2e629cda5e013edfe57,2026-04,Suffolk Constabulary,Suffolk Constabulary,1.011612,51.970862,On or near The Street,E01029882,Babergh 010C,Burglary,Investigation complete; no suspect identified,
e25c2f6690e504d281fb59eb7565a2f4431075562d7498e2c4bcb721fc34de47,2026-04,Suffolk Constabulary,Suffolk Constabulary,1.013149,51.979663,On or near Foxhall Close,E01029882,Babergh 010C,Criminal damage and arson,Unable to prosecute suspect,
e82d1cc0f89e9b4649fa17b30c753d221b2632283ef619094049d784a1ee0f41,2026-04,Suffolk Constabulary,Suffolk Constabulary,1.013149,51.979663,On or near Foxhall Close,E01029882,Babergh 010C,Criminal damage and arson,Investigation complete; no suspect identified,
ab3554070c27bc2f3b113b55069948dfaff5d2a3ec4085ec9ffd3406515be765,2026-04,Suffolk Constabulary,Suffolk Constabulary,1.013149,51.979663,On or near Foxhall Close,E01029882,Babergh 010C,Other theft,Investigation complete; no suspect identified,
b5dc7e2809e7b25a74d3bf6347714210b98f9085fa4ae2aa09eb64b147e66f2f,2026-04,Suffolk Constabulary,Suffolk Constabulary,1.013149,51.979663,On or near Foxhall Close,E01029882,Babergh 010C,Public order,Awaiting court outcome,
fe0fe989e583f05dcc30428aba374a81664c8558428632aa3eb414ba91374cc9,2026-04,Suffolk Constabulary,Suffolk Constabulary,1.013149,51.979663,On or near Foxhall Close,E01029882,Babergh 010C,Violence and sexual offences,Unable to prosecute suspect,
e4826d70c6b0f28c15d68ebecc5ae33ae019cb58db1162a508a38d0ddbd7ee5d,2026-04,Suffolk Constabulary,Suffolk Constabulary,1.020013,51.989255,On or near Woodgates Road,E01029883,Babergh 010D,Drugs,Under investigation,
60740dccacdc60ee96a2d5346a45a7a7a440ed0edc143bfa2eeab645a1881d41,2026-04,Suffolk Constabulary,Suffolk Constabulary,1.025146,51.977656,On or near Heath Close,E01029883,Babergh 010D,Vehicle crime,Investigation complete; no suspect identified,
b67262209f009189f865c1674ad14e3a7f95a54e575161e32cc8dcabeecce8cf,2026-04,Suffolk Constabulary,Suffolk Constabulary,1.025146,51.977656,On or near Heath Close,E01029883,Babergh 010D,Violence and sexual offences,Under investigation,
d2fe3f9366ae85a0131e708b23873c2214226b3439a25e96ef8b328b83e429d2,2026-04,Suffolk Constabulary,Suffolk Constabulary,1.086389,51.988495,On or near Station Road,E01029883,Babergh 010D,Violence and sexual offences,Unable to prosecute suspect,
a000b1ed5c9ceb862943823e1573c5b00058a9482059e3c95d3b6a5cf7c403ee,2026-04,Suffolk Constabulary,Suffolk Constabulary,1.025146,51.977656,On or near Heath Close,E01029883,Babergh 010D,Violence and sexual offences,Unable to prosecute suspect,
,2026-04,Suffolk Constabulary,Suffolk Constabulary,1.054051,52.005635,On or near Penn Close,E01029903,Babergh 010E,Anti-social behaviour,,
69faac013d499015502d5d3af01f95587454f058b14f43a6290f6d0cdb1397c3,2026-04,Suffolk Constabulary,Suffolk Constabulary,1.054298,52.004334,On or near Great Tufts,E01029903,Babergh 010E,Burglary,Under investigation,
fbf92ea2ddfde3c92c72640fd6c4d25d99d940c48f11282887d91a53125b62cb,2026-04,Suffolk Constabulary,Suffolk Constabulary,1.040163,51.993808,On or near Old London Road,E01029903,Babergh 010E,Burglary,Investigation complete; no suspect identified,
274f48c501e57a157dad2c780b80ce17fc17d3602a0b158fcfd0fcdb5e060075,2026-04,Suffolk Constabulary,Suffolk Constabulary,1.052955,52.001095,On or near Long Perry,E01029903,Babergh 010E,Criminal damage and arson,Investigation complete; no suspect identified,
add0f6d95e67503c4b48d6a27061e75d4d8a9849bfbcfa5fe44c68cc04dac125,2026-04,Suffolk Constabulary,Suffolk Constabulary,1.050248,52.000139,On or near Sports/Recreation Area,E01029903,Babergh 010E,Drugs,Under investigation,
477f2b422565a7a22de0335d0f09425d561c7138f18fcc62614cb486458e3d2b,2026-04,Suffolk Constabulary,Suffolk Constabulary,1.057456,52.003485,On or near Petrol Station,E01029903,Babergh 010E,Public order,Investigation complete; no suspect identified,
23c303ffc0aa403c02ae78597463a30fcafc856281dc5d5a3d9071ea2c1208fc,2026-04,Suffolk Constabulary,Suffolk Constabulary,1.054051,52.005635,On or near Penn Close,E01029903,Babergh 010E,Public order,Investigation complete; no suspect identified,
b4b10605d90ec08f2cce59d31e8273985ba3f9cc748aa385a7a089bf80663851,2026-04,Suffolk Constabulary,Suffolk Constabulary,1.042828,52.004964,On or near Catesbray,E01029903,Babergh 010E,Public order,Unable to prosecute suspect,
47f2771ff3f06e7f2d5c8c2b91e6e2def482285e2e61bfb2a9b129d0b32c80b2,2026-04,Suffolk Constabulary,Suffolk Constabulary,1.052461,52.005389,On or near Jermyns Close,E01029903,Babergh 010E,Vehicle crime,Unable to prosecute suspect,
7d2b78ca1ceb7bc62fe0a060383542b214853517089e2f6d55ffb55f0b241bbc,2026-04,Suffolk Constabulary,Suffolk Constabulary,1.057456,52.003485,On or near Petrol Station,E01029903,Babergh 010E,Vehicle crime,Investigation complete; no suspect identified,
90b932c7b6dcff65d9e986fbfdccef75f43674673f911a5f616f43e321d623cb,2026-04,Suffolk Constabulary,Suffolk Constabulary,1.050094,52.001664,On or near Bushey Close,E01029903,Babergh 010E,Violence and sexual offences,Under investigation,
f4536a701200048f8bcef7fdee00d5a4bf4ef249cd3a990184274104102a3745,2026-04,Suffolk Constabulary,Suffolk Constabulary,1.057456,52.003485,On or near Petrol Station,E01029903,Babergh 010E,Violence and sexual offences,Unable to prosecute suspect,
f0b522d2c542e1a1e32749635f334a1f8c2ee97aebd76a01171c86126f38743b,2026-04,Suffolk Constabulary,Suffolk Constabulary,1.057456,52.003485,On or near Petrol Station,E01029903,Babergh 010E,Violence and sexual offences,Unable to prosecute suspect,
ff8ea30c3e869c2c1ee53809bc3f4e748932fd350a4286b5038c8d909c3f7d88,2026-04,Suffolk Constabulary,Suffolk Constabulary,1.057456,52.003485,On or near Petrol Station,E01029903,Babergh 010E,Violence and sexual offences,Unable to prosecute suspect,
50146f8e79c3278debf638fb87f94429bfd0f792e33808340ffd053cbe5f3028,2026-04,Suffolk Constabulary,Suffolk Constabulary,1.057456,52.003485,On or near Petrol Station,E01029903,Babergh 010E,Violence and sexual offences,Unable to prosecute suspect,
,2026-04,Suffolk Constabulary,Suffolk Constabulary,1.051871,52.004640,On or near Barnfield,E01029904,Babergh 010F,Anti-social behaviour,,
58ee7298f750d25eeabe255212aed4a3156d6050c315b2c98470241292ce3b61,2026-04,Suffolk Constabulary,Suffolk Constabulary,1.046251,52.002582,On or near Chapel Close,E01029904,Babergh 010F,Criminal damage and arson,Investigation complete; no suspect identified,
e065a7fd088769c823fab7f33405fab270f1371ece0e6fe16f5a8e0f2dac493f,2026-04,Suffolk Constabulary,Suffolk Constabulary,1.037384,52.006345,On or near Badger Sett Close,E01029904,Babergh 010F,Violence and sexual offences,Unable to prosecute suspect,
8462e20ddde8b8225ddb160e03ba504f4e2b13751e664bb652521a7f91939964,2026-04,Suffolk Constabulary,Suffolk Constabulary,0.974029,51.968886,On or near Swan Meadow,E01029905,Babergh 010G,Burglary,Investigation complete; no suspect identified,
400446dfc30a9a1bd0013c85e0668a86c20e88ba702111e7e42387df6a0fe9e9,2026-04,Suffolk Constabulary,Suffolk Constabulary,0.971980,51.965871,On or near The Street,E01029905,Babergh 010G,Other theft,Investigation complete; no suspect identified,
,2026-04,Suffolk Constabulary,Suffolk Constabulary,1.132004,51.970390,On or near Holbrook Road,E01029871,Babergh 011A,Anti-social behaviour,,
a201155427ec79531a83d0b9e0c7cae4e9972ed76aa58ee2396a9e2ccbd2e24e,2026-04,Suffolk Constabulary,Suffolk Constabulary,1.133035,51.968897,On or near Stutton Close,E01029871,Babergh 011A,Public order,Unable to prosecute suspect,
e82b4d23a13dd990ce9e1be60e1369dd0b145277c5f783102d75fd1d6ec404b1,2026-04,Suffolk Constabulary,Suffolk Constabulary,1.133035,51.968897,On or near Stutton Close,E01029871,Babergh 011A,Violence and sexual offences,Action to be taken by another organisation,
e4400b725aef5094c3e2955b6aeb6a45f1389f84ca988020e53b838e5be2de29,2026-04,Suffolk Constabulary,Suffolk Constabulary,1.250101,51.968581,On or near Queensland,E01029873,Babergh 011B,Criminal damage and arson,Investigation complete; no suspect identified,
d626011234f860caaff4073ee0d5f925e5fa6dccce0442766751f7f45542ab40,2026-04,Suffolk Constabulary,Suffolk Constabulary,1.213127,51.992945,On or near Pinmill Road,E01029873,Babergh 011B,Other theft,Investigation complete; no suspect identified,
ac11a9851c555b4e3d9bd1e97e12a093452bdd74154f2076e8c6d7f26d131888,2026-04,Suffolk Constabulary,Suffolk Constabulary,1.248064,51.967792,On or near Parking Area,E01029873,Babergh 011B,Public order,Unable to prosecute suspect,
fe232382ef4eb6ec86d3d62316ca1ac7450c1f451b38c291d1388b58c84b4989,2026-04,Suffolk Constabulary,Suffolk Constabulary,1.207546,51.990696,On or near St Andrew'S Drive,E01029873,Babergh 011B,Violence and sexual offences,Under investigation,
ff5067c142c626c41150128594e4b041316f946a9229943eaf0b7ada76572e5c,2026-04,Suffolk Constabulary,Suffolk Constabulary,1.248665,51.968054,On or near Kingsland,E01029873,Babergh 011B,Violence and sexual offences,Unable to prosecute suspect,
640af4dfa30cec126a283171fd61ff8cdade919dc77f92281f55f2e7841c1cc3,2026-04,Suffolk Constabulary,Suffolk Constabulary,1.248665,51.968054,On or near Kingsland,E01029873,Babergh 011B,Violence and sexual offences,Unable to prosecute suspect,
a2ed158ead0740720489ef00c39125f8d95b1d5f44d98fcd566c3191f25af159,2026-04,Suffolk Constabulary,Suffolk Constabulary,1.207546,51.990696,On or near St Andrew'S Drive,E01029873,Babergh 011B,Violence and sexual offences,Unable to prosecute suspect,
,2026-04,Suffolk Constabulary,Suffolk Constabulary,1.261007,51.959753,On or near Kirkton Close,E01029874,Babergh 011C,Anti-social behaviour,,
,2026-04,Suffolk Constabulary,Suffolk Constabulary,1.269801,51.956963,On or near School Road,E01029874,Babergh 011C,Anti-social behaviour,,
,2026-04,Suffolk Constabulary,Suffolk Constabulary,1.263758,51.958543,On or near Lloyd Road,E01029874,Babergh 011C,Anti-social behaviour,,
7157f4fe872c167251f0e8fdead1524f4de76a91dc86e5b209bf09d50f0c0dfc,2026-04,Suffolk Constabulary,Suffolk Constabulary,1.267848,51.961128,On or near Marsh Lane,E01029874,Babergh 011C,Criminal damage and arson,Investigation complete; no suspect identified,
68a6672ee106092be6c9c0007db0de67919fe0de75bae01928a9f5fe218de4e5,2026-04,Suffolk Constabulary,Suffolk Constabulary,1.263758,51.958543,On or near Lloyd Road,E01029874,Babergh 011C,Violence and sexual offences,Unable to prosecute suspect,
424069f5477d70734558162b61c0977cca7f2d8babe3f308f3ff039aac3937ae,2026-04,Suffolk Constabulary,Suffolk Constabulary,1.265389,51.961745,On or near Childers Close,E01029874,Babergh 011C,Violence and sexual offences,Action to be taken by another organisation,
e64d88e3d8fbf81873d941bb616c5fdbd7e7fb1788ebf39714bd314ab91b1ca7,2026-04,Suffolk Constabulary,Suffolk Constabulary,1.183251,51.967980,On or near Walnut Tree Lane,E01029897,Babergh 011D,Other theft,Unable to prosecute suspect,
b94f1fb7a9b211da5f606c32c879fdca0549e756dd7e21a508839844e9d72a23,2026-04,Suffolk Constabulary,Suffolk Constabulary,1.158225,51.983990,On or near Caxton Close,E01029897,Babergh 011D,Public order,Investigation complete; no suspect identified,
c011119d8b936dc56eaf68746a924cdbc54ef67b38baab45917dc43e0b3947e2,2026-04,Suffolk Constabulary,Suffolk Constabulary,-1.845507,52.524308,On or near South Road,E01009409,Birmingham 026C,Violence and sexual offences,Under investigation,
642562ec5b46d78356c5a5bc348dfbee4c7c3d975d47541e40a6e0ac19ed23fa,2026-04,Suffolk Constabulary,Suffolk Constabulary,-1.845507,52.524308,On or near South Road,E01009409,Birmingham 026C,Violence and sexual offences,Under investigation,
9caade0bdae406bb4a14592db94af0481fbec6555e0df160101ed21d257bd085,2026-04,Suffolk Constabulary,Suffolk Constabulary,-3.039390,53.820274,On or near Granville Road,E01012675,Blackpool 010B,Violence and sexual offences,Under investigation,
68a32ad54da118cf8389d857b7fcc3d7abe5dfce0b28e97d012bc48256ff7ff2,2026-04,Suffolk Constabulary,Suffolk Constabulary,0.918140,52.432153,On or near West Harling Road,E01026441,Breckland 014C,Vehicle crime,Investigation complete; no suspect identified,
5840a47d579ba98ade4c243466028205bcdc59cbcc1a82af2886b7ae52722d8c,2026-04,Suffolk Constabulary,Suffolk Constabulary,0.906432,51.897682,On or near Cowdray Avenue,E01021647,Colchester 007B,Violence and sexual offences,Action to be taken by another organisation,
549b64f4b0baaa6e1ab3f06c3ace4e5ba0530e1955fc5d6399ef202ceff5c34f,2026-04,Suffolk Constabulary,Suffolk Constabulary,0.893631,51.899589,On or near Claremont Heights,E01021650,Colchester 007E,Public order,Under investigation,
5e5a4655957c0abfe6262054fa4c6d00ae6b047ace52d97f0c2d2b9b50b126c0,2026-04,Suffolk Constabulary,Suffolk Constabulary,0.936271,51.896473,On or near Linden Close,E01021697,Colchester 008B,Violence and sexual offences,Unable to prosecute suspect,
bd9f27e920ed96ca8bbccb8affa807010a8a43ce1d7b49240314b4f68ba02f7a,2026-04,Suffolk Constabulary,Suffolk Constabulary,0.936271,51.896473,On or near Linden Close,E01021697,Colchester 008B,Violence and sexual offences,Unable to prosecute suspect,
103358db6da6bc34f69b43bd21b2f3fa4580aef22eb41e95bac7e5185c442d44,2026-04,Suffolk Constabulary,Suffolk Constabulary,0.910309,51.875129,On or near Stalin Road,E01021665,Colchester 016D,Violence and sexual offences,Under investigation,
4ce97591a70cac6064c565cbe10ec22856ed70b51d1243f6125698928ec79821,2026-04,Suffolk Constabulary,Suffolk Constabulary,1.373841,51.166719,On or near Martin Dale Crescent,E01024236,Dover 009B,Violence and sexual offences,Under investigation,
2ed1659a9899ff77bae264e18efdfa479a4a85fc4315cf1a6fcaa6f57a2901c5,2026-04,Suffolk Constabulary,Suffolk Constabulary,0.382490,52.230466,On or near The Links,E01018023,East Cambridgeshire 011C,Violence and sexual offences,Unable to prosecute suspect,
3d191c35fa2bffb1b90be9226f82caf676b17640d0f77fbd698cd9549555b316,2026-04,Suffolk Constabulary,Suffolk Constabulary,0.382490,52.230466,On or near The Links,E01018023,East Cambridgeshire 011C,Violence and sexual offences,Awaiting court outcome,
e40bc31ec0482bf819920d8f8c19fec34fb039e054e785cf48ec85e83678671f,2026-04,Suffolk Constabulary,Suffolk Constabulary,0.382490,52.230466,On or near The Links,E01018023,East Cambridgeshire 011C,Violence and sexual offences,Awaiting court outcome,
070964bbe3fab624f45f4f22a986a79bb584e6c955e33d4b690d9378777d21e7,2026-04,Suffolk Constabulary,Suffolk Constabulary,0.154861,51.820266,On or near Kecksy'S,E01023499,East Hertfordshire 011A,Violence and sexual offences,Under investigation,
c371c63f34a55bbcff2cee3a14105fa66267d077955b6bac01da081e1ae6b62f,2026-04,Suffolk Constabulary,Suffolk Constabulary,1.753837,52.495929,On or near Links Road,E01030240,East Suffolk 001A,Drugs,Under investigation,
d4498d90a9dc7e33d017aa3934847bb35f988239dfa06b783666b60f54639c11,2026-04,Suffolk Constabulary,Suffolk Constabulary,1.754760,52.489981,On or near Lyndhurst Road,E01030240,East Suffolk 001A,Violence and sexual offences,Unable to prosecute suspect,
82e85edb33ee3935d4b917554040d326aa74e29a952ee8d0d3f3d66e2144cfaa,2026-04,Suffolk Constabulary,Suffolk Constabulary,1.754760,52.489981,On or near Lyndhurst Road,E01030240,East Suffolk 001A,Violence and sexual offences,Unable to prosecute suspect,
85c4d5913c7af36f1e50976f36c5769ac3cc8c1b5df4c9e02427afc9028a16e7,2026-04,Suffolk Constabulary,Suffolk Constabulary,1.754760,52.489981,On or near Lyndhurst Road,E01030240,East Suffolk 001A,Violence and sexual offences,Unable to prosecute suspect,
ebf75c9c28d3772062e4d397f7ec2f8546724ab4893de4b90a22e4260cda6e1c,2026-04,Suffolk Constabulary,Suffolk Constabulary,1.754760,52.489981,On or near Lyndhurst Road,E01030240,East Suffolk 001A,Violence and sexual offences,Unable to prosecute suspect,
61a9b2625c4e80b24586f21757e1b6c3f18460ecf2bf4fd3666e683fc231f7d2,2026-04,Suffolk Constabulary,Suffolk Constabulary,1.754760,52.489981,On or near Lyndhurst Road,E01030240,East Suffolk 001A,Violence and sexual offences,Unable to prosecute suspect,
149aee78425b7488f386aaf7677113a0c4aac392ec6e7b8b68f02ca864dfdc48,2026-04,Suffolk Constabulary,Suffolk Constabulary,1.754760,52.489981,On or near Lyndhurst Road,E01030240,East Suffolk 001A,Violence and sexual offences,Unable to prosecute suspect,
1f52c4f67480f9fcf789c908189dc7741e70e22eb035dc05a37d799b42d08c2a,2026-04,Suffolk Constabulary,Suffolk Constabulary,1.754760,52.489981,On or near Lyndhurst Road,E01030240,East Suffolk 001A,Violence and sexual offences,Under investigation,
12aad5a6a5eff365e110d995d3f2a5b4be0f189394da3a75ad87bc43a9a680e4,2026-04,Suffolk Constabulary,Suffolk Constabulary,1.754760,52.489981,On or near Lyndhurst Road,E01030240,East Suffolk 001A,Violence and sexual offences,Unable to prosecute suspect,
85ba4e9c5c3967285ca9a0fdaab9946e62c3a3cce61ba4f4b2915c2f345e20f7,2026-04,Suffolk Constabulary,Suffolk Constabulary,1.741692,52.516714,On or near Gladstone Road,E01030241,East Suffolk 001B,Criminal damage and arson,Under investigation,
0952349234b2ad92026d09c0221b71a9009fd57090f31426de4e674a00573482,2026-04,Suffolk Constabulary,Suffolk Constabulary,1.743033,52.516186,On or near Colman Road,E01030241,East Suffolk 001B,Vehicle crime,Investigation complete; no suspect identified,
fe71563f5cabb587348f89bc4a0773c2cf1d94746afebe4ab48687e717edd643,2026-04,Suffolk Constabulary,Suffolk Constabulary,1.741692,52.516714,On or near Gladstone Road,E01030241,East Suffolk 001B,Violence and sexual offences,Under investigation,
8ea07041cd277f4235578e7916917ecd3be35632568abca01023730e7e590e18,2026-04,Suffolk Constabulary,Suffolk Constabulary,1.741692,52.516714,On or near Gladstone Road,E01030241,East Suffolk 001B,Violence and sexual offences,Further action is not in the public interest,
47942b473cb0b64762db3054aa3b00474f909af86ccdbdd0df8db7fa913b3d3f,2026-04,Suffolk Constabulary,Suffolk Constabulary,1.744567,52.516362,On or near Wigg'S Way,E01030241,East Suffolk 001B,Violence and sexual offences,Under investigation,
79251eb1a3ea0cf87d81c7ab6546ec63ddc5591c9ef631073dd417356d8e6c48,2026-04,Suffolk Constabulary,Suffolk Constabulary,1.747599,52.514746,On or near Tibbenham'S Score,E01030241,East Suffolk 001B,Violence and sexual offences,Unable to prosecute suspect,
f0cdeb10489796ab6ef72b57eeb5b607aa3f4f3d678a1828ce8f49844bacd177,2026-04,Suffolk Constabulary,Suffolk Constabulary,1.742703,52.519588,On or near Church Lane,E01030241,East Suffolk 001B,Violence and sexual offences,Under investigation,
754d6a9744f3cbf91d4bd0865eb772bd5a0e810e5dea033cb8f5d6e9315dbfa3,2026-04,Suffolk Constabulary,Suffolk Constabulary,1.742703,52.519588,On or near Church Lane,E01030241,East Suffolk 001B,Violence and sexual offences,Unable to prosecute suspect,
,2026-04,Suffolk Constabulary,Suffolk Constabulary,1.741164,52.500972,On or near Stubbs Wood,E01030242,East Suffolk 001C,Anti-social behaviour,,
,2026-04,Suffolk Constabulary,Suffolk Constabulary,1.741164,52.500972,On or near Stubbs Wood,E01030242,East Suffolk 001C,Anti-social behaviour,,
,2026-04,Suffolk Constabulary,Suffolk Constabulary,1.739337,52.500976,On or near Cotman Close,E01030242,East Suffolk 001C,Anti-social behaviour,,
,2026-04,Suffolk Constabulary,Suffolk Constabulary,1.746682,52.500168,On or near Hubbard'S Loke,E01030242,East Suffolk 001C,Anti-social behaviour,,
9979f86f1356c606865a806b1a66268477787cbec2bc973d1c8aa191392daf80,2026-04,Suffolk Constabulary,Suffolk Constabulary,1.746682,52.500168,On or near Hubbard'S Loke,E01030242,East Suffolk 001C,Criminal damage and arson,Investigation complete; no suspect identified,
d14438d0085b59a8c77a82d68a5c6ee84a5d6d559e54b15db1aacaa9677adc8d,2026-04,Suffolk Constabulary,Suffolk Constabulary,1.742133,52.498153,On or near Lowry Way,E01030242,East Suffolk 001C,Possession of weapons,Under investigation,
7ebb3cdc465b4a463b9b6e43e9d4f51ff635bb37424a3e4eee53062678d6b9b7,2026-04,Suffolk Constabulary,Suffolk Constabulary,1.738767,52.499995,On or near Lawrence Drive,E01030242,East Suffolk 001C,Public order,Under investigation,
6c1d0bc9f5633fff0f1e881b286d9c299fa9391b4bfd89faeebae2165d21e1b2,2026-04,Suffolk Constabulary,Suffolk Constabulary,1.743574,52.498107,On or near Gunton Church Lane,E01030242,East Suffolk 001C,Violence and sexual offences,Investigation complete; no suspect identified,
e0bca08f28c26f4b6e93157286ffa9acd371fb2fefb97e84a50539011a9f00b2,2026-04,Suffolk Constabulary,Suffolk Constabulary,1.705371,52.519801,On or near Meadowlands,E01030259,East Suffolk 001D,Violence and sexual offences,Under investigation,
0e38f7eeb75300d0dfbf8f6d55d5a62690d6888da9faa317ca0b8d45e0f5f4a7,2026-04,Suffolk Constabulary,Suffolk Constabulary,1.650409,52.515278,On or near Staith Lane,E01030260,East Suffolk 001E,Criminal damage and arson,Investigation complete; no suspect identified,
8488e3552d74feb15134491c36cf001bd8d052ca5d419571a5531d089eaf3600,2026-04,Suffolk Constabulary,Suffolk Constabulary,1.665195,52.539493,On or near The Avenue,E01030260,East Suffolk 001E,Other theft,Unable to prosecute suspect,
,2026-04,Suffolk Constabulary,Suffolk Constabulary,1.739869,52.482951,On or near Marham Road,E01030261,East Suffolk 002A,Anti-social behaviour,,
,2026-04,Suffolk Constabulary,Suffolk Constabulary,1.739338,52.481907,On or near A1144,E01030261,East Suffolk 002A,Anti-social behaviour,,
60fdd48df5908bb2d2329851f3c7897dc4477da674a8d19481d5e5703674ccdc,2026-04,Suffolk Constabulary,Suffolk Constabulary,1.738606,52.483522,On or near Magnolia Court,E01030261,East Suffolk 002A,Criminal damage and arson,Under investigation,
eec26dbabde276129b6eb9fba1d08d07aa99cee7ba021bd0fb206c17e84b8f91,2026-04,Suffolk Constabulary,Suffolk Constabulary,1.738606,52.483522,On or near Magnolia Court,E01030261,East Suffolk 002A,Criminal damage and arson,Investigation complete; no suspect identified,
bc0548bbc8d27aa20486050a5d0c9e273f0be7f2e86799b0bde158e20d4356fa,2026-04,Suffolk Constabulary,Suffolk Constabulary,1.741020,52.480198,On or near Hill Road,E01030261,East Suffolk 002A,Criminal damage and arson,Investigation complete; no suspect identified,
f1f56ba44992423cb41f08e69a63c7fee415f9fe2cde665d7eb09b9c6b461f92,2026-04,Suffolk Constabulary,Suffolk Constabulary,1.737344,52.483229,On or near Myrtle Close,E01030261,East Suffolk 002A,Drugs,Investigation complete; no suspect identified,
a97a9e8ddff165a5836ea6a32561c411097f8841a11fdd3028871c0f89bfc02b,2026-04,Suffolk Constabulary,Suffolk Constabulary,1.737344,52.483229,On or near Myrtle Close,E01030261,East Suffolk 002A,Possession of weapons,Unable to prosecute suspect,
e75019d775ca6d5dd30c5d5f27f9642ff9a1801c391551cc081e25f62d47a341,2026-04,Suffolk Constabulary,Suffolk Constabulary,1.736443,52.483545,On or near Rose Court,E01030261,East Suffolk 002A,Public order,Under investigation,
bf2a4ba10edf731e5564d0faf518bbef02db94ed7d60fd25f1b27346cdd59973,2026-04,Suffolk Constabulary,Suffolk Constabulary,1.744361,52.481199,On or near Nicholson Square,E01030261,East Suffolk 002A,Vehicle crime,Investigation complete; no suspect identified,
e524a5ac76df21d988013a493838c3acd7b84288a0e4766e53f82e7b195b3890,2026-04,Suffolk Constabulary,Suffolk Constabulary,1.739869,52.482951,On or near Marham Road,E01030261,East Suffolk 002A,Vehicle crime,Investigation complete; no suspect identified,
c407c70092212f29ae8dd9bedc9ad210691bee3abdd424e79017949b62445870,2026-04,Suffolk Constabulary,Suffolk Constabulary,1.737953,52.484334,On or near Mimosa Walk,E01030261,East Suffolk 002A,Violence and sexual offences,Action to be taken by another organisation,
1a1a55a28dd1d1408c56048447749cdb11578f7bfec990dbc1e21705230b3af5,2026-04,Suffolk Constabulary,Suffolk Constabulary,1.743283,52.480477,On or near Lattens Square,E01030261,East Suffolk 002A,Violence and sexual offences,Under investigation,
afde8fa15c273cc4c6f425f559f73df696098f20ddf400c146df421f7a0131c2,2026-04,Suffolk Constabulary,Suffolk Constabulary,1.736443,52.483545,On or near Rose Court,E01030261,East Suffolk 002A,Violence and sexual offences,Unable to prosecute suspect,
baf40886d8e6508eac2ce56753309cfcce477da2eb8654e0c535153386ccc540,2026-04,Suffolk Constabulary,Suffolk Constabulary,1.739338,52.481907,On or near A1144,E01030261,East Suffolk 002A,Violence and sexual offences,Investigation complete; no suspect identified,
df263b676f9190173c5ea7c9507433ad39c37df1a3f897c6fefdf3ec1fd829ae,2026-04,Suffolk Constabulary,Suffolk Constabulary,1.738139,52.484616,On or near Cherry Walk,E01030261,East Suffolk 002A,Violence and sexual offences,Action to be taken by another organisation,
1c1848eb5bfa64422b7cfe14d95a81ee8ca5f45aa3df76ed2e34428d6b3d944e,2026-04,Suffolk Constabulary,Suffolk Constabulary,1.743283,52.480477,On or near Lattens Square,E01030261,East Suffolk 002A,Violence and sexual offences,Investigation complete; no suspect identified,
4a8801243cefd9059e31d22d85810d5f3da92a0b08c2fd2335cb57b54ce8684e,2026-04,Suffolk Constabulary,Suffolk Constabulary,1.744361,52.481199,On or near Nicholson Square,E01030261,East Suffolk 002A,Violence and sexual offences,Unable to prosecute suspect,
,2026-04,Suffolk Constabulary,Suffolk Constabulary,1.743977,52.484543,On or near Sports/Recreation Area,E01030262,East Suffolk 002B,Anti-social behaviour,,
,2026-04,Suffolk Constabulary,Suffolk Constabulary,1.743977,52.484543,On or near Sports/Recreation Area,E01030262,East Suffolk 002B,Anti-social behaviour,,
,2026-04,Suffolk Constabulary,Suffolk Constabulary,1.736191,52.485964,On or near Harp'S Close Road,E01030262,East Suffolk 002B,Anti-social behaviour,,
2e8ab69f657d7ba17ad9637a3e4e78508003af491eec08c30c6106bc1a7ff080,2026-04,Suffolk Constabulary,Suffolk Constabulary,1.743977,52.484543,On or near Sports/Recreation Area,E01030262,East Suffolk 002B,Bicycle theft,Investigation complete; no suspect identified,
9de899bacd08f59edfb0264d559cdbb421e9977200e14525f9aa6a3446c65fdb,2026-04,Suffolk Constabulary,Suffolk Constabulary,1.743977,52.484543,On or near Sports/Recreation Area,E01030262,East Suffolk 002B,Other theft,Investigation complete; no suspect identified,
b2cc4bf1c857872e28d7db130f17880f37342cb8195df89a1d18bc8c59b32430,2026-04,Suffolk Constabulary,Suffolk Constabulary,1.747670,52.486671,On or near Kelly-Pain Court,E01030262,East Suffolk 002B,Other theft,Unable to prosecute suspect,
ded0a23aa6535ed8f6ec61e80f25a1200dfc4b8bc0d7d2f9c5a3115231ffbcae,2026-04,Suffolk Constabulary,Suffolk Constabulary,1.736191,52.485964,On or near Harp'S Close Road,E01030262,East Suffolk 002B,Other theft,Investigation complete; no suspect identified,
06d68c8fb9df65301fa557679070434557f1b905910574a85aa8273134bd5d5d,2026-04,Suffolk Constabulary,Suffolk Constabulary,1.741484,52.487568,On or near Mount Pleasant,E01030262,East Suffolk 002B,Other theft,Under investigation,
fd56e328621771eb04f5d57a6e49f65e23649c03c3182373cd0a746ae71ee4aa,2026-04,Suffolk Constabulary,Suffolk Constabulary,1.743977,52.484543,On or near Sports/Recreation Area,E01030262,East Suffolk 002B,Public order,Unable to prosecute suspect,
1374a20135ad932403fa70415e26da92739b7231626b25225faf0114e5b58c57,2026-04,Suffolk Constabulary,Suffolk Constabulary,1.739758,52.485284,On or near Larch Road,E01030262,East Suffolk 002B,Public order,Unable to prosecute suspect,
cd5643c54fea4d089f1fe9967e46e2bd0320c6ae5de80b3f77293fec83f30753,2026-04,Suffolk Constabulary,Suffolk Constabulary,1.739758,52.485284,On or near Larch Road,E01030262,East Suffolk 002B,Vehicle crime,Investigation complete; no suspect identified,
bb56a0c68d3203042ae06c67dd907fb41a7c4bd1de20bfe292adb64d86340268,2026-04,Suffolk Constabulary,Suffolk Constabulary,1.736191,52.485964,On or near Harp'S Close Road,E01030262,East Suffolk 002B,Violence and sexual offences,Action to be taken by another organisation,
0588d6115fbdc0de4ffb8eda411c0fa354cb5e1e88bc45d6ab9ff1c8ea8d70fe,2026-04,Suffolk Constabulary,Suffolk Constabulary,1.743977,52.484543,On or near Sports/Recreation Area,E01030262,East Suffolk 002B,Violence and sexual offences,Unable to prosecute suspect,
1c84e19a2dbd4ace2fdcc285054760baee62c7d2a3a4e78b65c5543cf6ca1f35,2026-04,Suffolk Constabulary,Suffolk Constabulary,1.743977,52.484543,On or near Sports/Recreation Area,E01030262,East Suffolk 002B,Violence and sexual offences,Unable to prosecute suspect,
b3860d77d6d1d7d55b9156fa08f1ce86985342c826160cedc6e0544643b00892,2026-04,Suffolk Constabulary,Suffolk Constabulary,1.736191,52.485964,On or near Harp'S Close Road,E01030262,East Suffolk 002B,Violence and sexual offences,Unable to prosecute suspect,
b7fb21ac32949498fe631e96f3ea0bc130d1c7907c8455c8f97bc52b43ebd796,2026-04,Suffolk Constabulary,Suffolk Constabulary,1.736191,52.485964,On or near Harp'S Close Road,E01030262,East Suffolk 002B,Other crime,Investigation complete; no suspect identified,
,2026-04,Suffolk Constabulary,Suffolk Constabulary,1.738669,52.491202,On or near Montgomery Avenue,E01030277,East Suffolk 002C,Anti-social behaviour,,
959265cc519b5792a8c134f8a887b5e5b23e2d820d8fcf8bd7c970df3dce95bb,2026-04,Suffolk Constabulary,Suffolk Constabulary,1.746744,52.490847,On or near Arnhem Court,E01030277,East Suffolk 002C,Other theft,Investigation complete; no suspect identified,
52ba3341578e45179947e83aade637ac4f5ab6c3c5a1a60dfcac8f21f1348057,2026-04,Suffolk Constabulary,Suffolk Constabulary,1.739651,52.491135,On or near Godetia Court,E01030277,East Suffolk 002C,Theft from the person,Under investigation,
2a6521e7d177723f2645d58d0d185dc2dd480676c853f036d37d18c9897458d1,2026-04,Suffolk Constabulary,Suffolk Constabulary,1.742389,52.491453,On or near Minos Road,E01030277,East Suffolk 002C,Violence and sexual offences,Unable to prosecute suspect,
9a04c5d9b13fee63ecbbc3ec8ca2f4818e49600f000fc58719f0729008334dbe,2026-04,Suffolk Constabulary,Suffolk Constabulary,1.739651,52.491135,On or near Godetia Court,E01030277,East Suffolk 002C,Violence and sexual offences,Under investigation,
0e617ffc720e24aed4f96f841b2349743233217b70104db76e68c94c8d526b82,2026-04,Suffolk Constabulary,Suffolk Constabulary,1.741067,52.490118,On or near Hollingsworth Road,E01030277,East Suffolk 002C,Violence and sexual offences,Offender given a caution,
7d4f269a0751d80018c40b68030121e14f2335dc2cb5df1896339b9aa8b48c9b,2026-04,Suffolk Constabulary,Suffolk Constabulary,1.739651,52.491135,On or near Godetia Court,E01030277,East Suffolk 002C,Violence and sexual offences,Unable to prosecute suspect,
26b60c1a8c6132193660f575e38cbaeb456d012b57eca224fb1d66b3044fc431,2026-04,Suffolk Constabulary,Suffolk Constabulary,1.742389,52.491453,On or near Minos Road,E01030277,East Suffolk 002C,Violence and sexual offences,Unable to prosecute suspect,
9cd655253a244216c2b05b5e4bcb6fc2b5f434ad54a04c80ad23fd953a995c39,2026-04,Suffolk Constabulary,Suffolk Constabulary,1.739651,52.491135,On or near Godetia Court,E01030277,East Suffolk 002C,Violence and sexual offences,Unable to prosecute suspect,
7295132248e88a2b3c0476d3eacf176ad548af955f23a81fbfe83080d5f9e241,2026-04,Suffolk Constabulary,Suffolk Constabulary,1.741067,52.490118,On or near Hollingsworth Road,E01030277,East Suffolk 002C,Violence and sexual offences,Unable to prosecute suspect,
5d444e888e022a1b569f5835b67ab6da62240859a523af2d404920b0099b0564,2026-04,Suffolk Constabulary,Suffolk Constabulary,1.741067,52.490118,On or near Hollingsworth Road,E01030277,East Suffolk 002C,Violence and sexual offences,Under investigation,
2dc485f0bc04a75ba1b3d40cbf23e46f49bf66703f6959b3ce5b3f38fadea3a3,2026-04,Suffolk Constabulary,Suffolk Constabulary,1.741067,52.490118,On or near Hollingsworth Road,E01030277,East Suffolk 002C,Violence and sexual offences,Action to be taken by another organisation,
718059cb4991f528e9dcd419fc2453727b3eb662eae53ee0d51eb1b768726108,2026-04,Suffolk Constabulary,Suffolk Constabulary,1.741067,52.490118,On or near Hollingsworth Road,E01030277,East Suffolk 002C,Violence and sexual offences,Unable to prosecute suspect,
00a44f59b9cb3dc6de5302f9ab1e92270851726f87964df00fc1b1245a3a3637,2026-04,Suffolk Constabulary,Suffolk Constabulary,1.741067,52.490118,On or near Hollingsworth Road,E01030277,East Suffolk 002C,Violence and sexual offences,Unable to prosecute suspect,
05998a97b07257026a39b075333947fc10bf41f27da24480dcef903c8ca951e5,2026-04,Suffolk Constabulary,Suffolk Constabulary,1.739651,52.491135,On or near Godetia Court,E01030277,East Suffolk 002C,Violence and sexual offences,Local resolution,
dcf92fe7ca5847afe18a5cfc466a47c2367115fac65054666128a40d0b3777fd,2026-04,Suffolk Constabulary,Suffolk Constabulary,1.739651,52.491135,On or near Godetia Court,E01030277,East Suffolk 002C,Violence and sexual offences,Unable to prosecute suspect,
ec3668a1fed8f1bd594688879e412593843988a8e685f54531f1f6d124e1ef23,2026-04,Suffolk Constabulary,Suffolk Constabulary,1.742389,52.491453,On or near Minos Road,E01030277,East Suffolk 002C,Violence and sexual offences,Action to be taken by another organisation,
,2026-04,Suffolk Constabulary,Suffolk Constabulary,1.734823,52.494157,On or near Westhall Road,E01030279,East Suffolk 002D,Anti-social behaviour,,
,2026-04,Suffolk Constabulary,Suffolk Constabulary,1.739552,52.492919,On or near Telesia Court,E01030279,East Suffolk 002D,Anti-social behaviour,,
d8ab2540a028672a00ee7a6cfb2611f6fc99be520c15b06ad646a5e9abedde77,2026-04,Suffolk Constabulary,Suffolk Constabulary,1.734823,52.494157,On or near Westhall Road,E01030279,East Suffolk 002D,Violence and sexual offences,Under investigation,
ddda9df8f2677bc781b3c91c1fbd280f7e139949674a51896bfcdec56b3f126d,2026-04,Suffolk Constabulary,Suffolk Constabulary,1.734823,52.494157,On or near Westhall Road,E01030279,East Suffolk 002D,Violence and sexual offences,Unable to prosecute suspect,
,2026-04,Suffolk Constabulary,Suffolk Constabulary,1.732893,52.495378,On or near Uggeshall Close,E01030281,East Suffolk 002E,Anti-social behaviour,,
,2026-04,Suffolk Constabulary,Suffolk Constabulary,1.734338,52.495044,On or near Stoven Close,E01030281,East Suffolk 002E,Anti-social behaviour,,
,2026-04,Suffolk Constabulary,Suffolk Constabulary,1.727529,52.499559,On or near Diprose Drive,E01030281,East Suffolk 002E,Anti-social behaviour,,
,2026-04,Suffolk Constabulary,Suffolk Constabulary,1.727428,52.494021,On or near Supermarket,E01030281,East Suffolk 002E,Anti-social behaviour,,
,2026-04,Suffolk Constabulary,Suffolk Constabulary,1.736420,52.496481,On or near Pleasurewood Close,E01030281,East Suffolk 002E,Anti-social behaviour,,
5eb0d79b054c32aa65876d14409c2ff752e8acff8202ab0dbd40a955234e5ac1,2026-04,Suffolk Constabulary,Suffolk Constabulary,1.729074,52.498656,On or near Healey Close,E01030281,East Suffolk 002E,Criminal damage and arson,Unable to prosecute suspect,
7eec83c07031a5e0bd58c91d648b66b0c332223874b950980843dc35057bb4cc,2026-04,Suffolk Constabulary,Suffolk Constabulary,1.728027,52.499876,On or near Townsend Way,E01030281,East Suffolk 002E,Other theft,Under investigation,
a949a782a19e348eef20bab45904d4a5ed4e1390441b35bf8f1017b904e08e68,2026-04,Suffolk Constabulary,Suffolk Constabulary,1.734338,52.495044,On or near Stoven Close,E01030281,East Suffolk 002E,Public order,Unable to prosecute suspect,
b31bd67d5354082f2de638039750a2c41884d26e7eaab86d3bff12c3a70fc09e,2026-04,Suffolk Constabulary,Suffolk Constabulary,1.727428,52.494021,On or near Supermarket,E01030281,East Suffolk 002E,Public order,Under investigation,
46e307d4f8fe4e84649dd9f2ec755d495d4f52957a2fe141db7673f72b228904,2026-04,Suffolk Constabulary,Suffolk Constabulary,1.732134,52.501545,On or near Foxes Walk,E01030281,East Suffolk 002E,Vehicle crime,Unable to prosecute suspect,
f40cb686814575cce8d77b5f0af2c0a14ffc0d33465c96d400235d4068c7d45b,2026-04,Suffolk Constabulary,Suffolk Constabulary,1.732893,52.495378,On or near Uggeshall Close,E01030281,East Suffolk 002E,Violence and sexual offences,Under investigation,
1a07adb83535e261d740c345bd1790468c388a1cdcca91bec0f7ff9802020299,2026-04,Suffolk Constabulary,Suffolk Constabulary,1.735781,52.495197,On or near Rumburgh Road,E01030281,East Suffolk 002E,Violence and sexual offences,Unable to prosecute suspect,
e0ec5d4dbbfab038a8708160b35df4c0a57a6d026faeb8149da16bef06ba6b08,2026-04,Suffolk Constabulary,Suffolk Constabulary,1.731782,52.497401,On or near Blyford Road,E01030281,East Suffolk 002E,Violence and sexual offences,Unable to prosecute suspect,
adf98ae3e15e4e5dfc25316244e211c62e6f05d05551cb6dd115a95c2a7fae40,2026-04,Suffolk Constabulary,Suffolk Constabulary,1.732134,52.501545,On or near Foxes Walk,E01030281,East Suffolk 002E,Violence and sexual offences,Unable to prosecute suspect,
2ddc179615d2474f654ac0b259315896a9ce73699259c9e10fe0ffa11035c48e,2026-04,Suffolk Constabulary,Suffolk Constabulary,1.731782,52.497401,On or near Blyford Road,E01030281,East Suffolk 002E,Other crime,Under investigation,
3652d5b91cda1f966c7bd5e2e9a0f98dcd220a04d0e2cfd74f97087e6b1d74ac,2026-04,Suffolk Constabulary,Suffolk Constabulary,1.731782,52.497401,On or near Blyford Road,E01030281,East Suffolk 002E,Other crime,Under investigation,
,2026-04,Suffolk Constabulary,Suffolk Constabulary,1.715580,52.490706,On or near Herivan Gardens,E01030266,East Suffolk 003A,Anti-social behaviour,,
,2026-04,Suffolk Constabulary,Suffolk Constabulary,1.713407,52.491674,On or near Houghton Drive,E01030266,East Suffolk 003A,Anti-social behaviour,,
0d9d1553a639bc2bae1e33ebed2b566b62561151d1a712c9ee73921540eac1c7,2026-04,Suffolk Constabulary,Suffolk Constabulary,1.717101,52.490389,On or near Stafford Court,E01030266,East Suffolk 003A,Vehicle crime,Investigation complete; no suspect identified,
c0289b7c02c3ee8f7357853bdc8d4dbf690b537f4d0f641f24b09cbd83c8c331,2026-04,Suffolk Constabulary,Suffolk Constabulary,1.714625,52.492140,On or near Fen Green Close,E01030266,East Suffolk 003A,Violence and sexual offences,Investigation complete; no suspect identified,
6fe1cc216698946e0bebdcbf422cce9de44f7dbfd10acfd4d59e60f1050c37a5,2026-04,Suffolk Constabulary,Suffolk Constabulary,1.724050,52.493804,On or near Stirling Close,E01030266,East Suffolk 003A,Violence and sexual offences,Unable to prosecute suspect,
,2026-04,Suffolk Constabulary,Suffolk Constabulary,1.713621,52.489320,On or near Hobart Close,E01030267,East Suffolk 003B,Anti-social behaviour,,
506ffabafed9e8d4c5295281bba9c3b6aed590f3b605e9c2dea1a630ff3d3b72,2026-04,Suffolk Constabulary,Suffolk Constabulary,1.703959,52.485513,On or near Birch Close,E01030267,East Suffolk 003B,Criminal damage and arson,Investigation complete; no suspect identified,
9e2284ee1915f6878c1442293acdcb9f45ecd5944be6ff9c39411c78de9497da,2026-04,Suffolk Constabulary,Suffolk Constabulary,1.708536,52.487726,On or near Kearney Drive,E01030267,East Suffolk 003B,Criminal damage and arson,Investigation complete; no suspect identified,
65c01817c7519c1ddf36fbe18543805b0beb3551157082bafda3743f408b9b6c,2026-04,Suffolk Constabulary,Suffolk Constabulary,1.703010,52.483860,On or near Cutler Road,E01030267,East Suffolk 003B,Public order,Unable to prosecute suspect,
8339268a6b5b3695e7266027e2a21f90d25d5df29e96a77957894b918e7f40f8,2026-04,Suffolk Constabulary,Suffolk Constabulary,1.708536,52.487726,On or near Kearney Drive,E01030267,East Suffolk 003B,Vehicle crime,Investigation complete; no suspect identified,
4454ca90def738e941eb71ffeac88aa30f778f50f4df8ba30cf154268da01ff6,2026-04,Suffolk Constabulary,Suffolk Constabulary,1.708536,52.487726,On or near Kearney Drive,E01030267,East Suffolk 003B,Vehicle crime,Investigation complete; no suspect identified,
f1173f0998ce23e2b6053243b7dc1a5d7475f0a62d44659db04fefdce83deca4,2026-04,Suffolk Constabulary,Suffolk Constabulary,1.703959,52.485513,On or near Birch Close,E01030267,East Suffolk 003B,Vehicle crime,Investigation complete; no suspect identified,
72fa046b3724a135e5a4cc674a9e447520a0e2f5d6cdcede3815c5a8e6309593,2026-04,Suffolk Constabulary,Suffolk Constabulary,1.703959,52.485513,On or near Birch Close,E01030267,East Suffolk 003B,Violence and sexual offences,Unable to prosecute suspect,
172bee0840a4307bf19280d568366f74d016899e495aa0528156f12fc699b3af,2026-04,Suffolk Constabulary,Suffolk Constabulary,1.707208,52.485609,On or near Fuller Close,E01030267,East Suffolk 003B,Violence and sexual offences,Under investigation,
a2a640a2aadd48f0b22301b22e7f31e838a71ca4670bd202070491a9d62206b7,2026-04,Suffolk Constabulary,Suffolk Constabulary,1.707208,52.485609,On or near Fuller Close,E01030267,East Suffolk 003B,Violence and sexual offences,Action to be taken by another organisation,
e9663b1a04224afbd278987bfd38cac4435b0b15ae6e0463e04560bbf08ba12d,2026-04,Suffolk Constabulary,Suffolk Constabulary,1.713621,52.489320,On or near Hobart Close,E01030267,East Suffolk 003B,Violence and sexual offences,Action to be taken by another organisation,
487c347124f1bb9f71c95fee22f04a538870f29796d5bcc0c20d776aab064483,2026-04,Suffolk Constabulary,Suffolk Constabulary,1.707208,52.485609,On or near Fuller Close,E01030267,East Suffolk 003B,Violence and sexual offences,Unable to prosecute suspect,
5c63c64c513e66cd9f4b65f8c5169a2c0d7d126490d9cd46a81daa5464e33e76,2026-04,Suffolk Constabulary,Suffolk Constabulary,1.707208,52.485609,On or near Fuller Close,E01030267,East Suffolk 003B,Violence and sexual offences,Action to be taken by another organisation,
06ad6dc85c6e7ab3fdd809ec6baf7974ef84c92632b1734a608a96eb9ae4f488,2026-04,Suffolk Constabulary,Suffolk Constabulary,1.707208,52.485609,On or near Fuller Close,E01030267,East Suffolk 003B,Violence and sexual offences,Unable to prosecute suspect,
4d63905cec740f5522646bc81f087ad5ba59b143e774056522283e963e860be0,2026-04,Suffolk Constabulary,Suffolk Constabulary,1.723462,52.487031,On or near Dedham Drive,E01030271,East Suffolk 003C,Other theft,Under investigation,
33f2ccd383ddd5ab45cfb7e26ed1c4cb93fb6c2d009df7bc2de4f5931b983cff,2026-04,Suffolk Constabulary,Suffolk Constabulary,1.723151,52.485260,On or near Kesgrave Drive,E01030271,East Suffolk 003C,Violence and sexual offences,Unable to prosecute suspect,
dda351f53b6e412db908789bc428cd5d2fd25d87423aee151b9729101198b453,2026-04,Suffolk Constabulary,Suffolk Constabulary,1.718880,52.481617,On or near Longden Avenue,E01030271,East Suffolk 003C,Violence and sexual offences,Under investigation,
,2026-04,Suffolk Constabulary,Suffolk Constabulary,1.734084,52.491877,On or near Martello Road,E01030278,East Suffolk 003D,Anti-social behaviour,,
12c99ea43248bb14d3cdfa321b78ff0c2355f8a92a17569baf71be917f5f6891,2026-04,Suffolk Constabulary,Suffolk Constabulary,1.736992,52.489330,On or near Hillcrest Gardens,E01030278,East Suffolk 003D,Burglary,Investigation complete; no suspect identified,
c6069c199b3b6dff77ce230446d26d324023aa6af15023c5bcdae3391fef9599,2026-04,Suffolk Constabulary,Suffolk Constabulary,1.731214,52.487389,On or near Chatsworth Close,E01030278,East Suffolk 003D,Violence and sexual offences,Awaiting court outcome,
fd8afa22ccf8553e4c1ae758acb81df511b575f2970a3c77ab77fc94b4b99726,2026-04,Suffolk Constabulary,Suffolk Constabulary,1.737749,52.489986,On or near Sports/Recreation Area,E01030278,East Suffolk 003D,Violence and sexual offences,Investigation complete; no suspect identified,
8365c1c29ffdbcc35cf354db401410e3befbd11043a6be8c309a58278a898426,2026-04,Suffolk Constabulary,Suffolk Constabulary,1.731318,52.488789,On or near Magdalen Close,E01030280,East Suffolk 003E,Other theft,Investigation complete; no suspect identified,
1e8cdf7a725eb32c893633c43a13a5f0b855c183dec63a3fff446818d27c4ce6,2026-04,Suffolk Constabulary,Suffolk Constabulary,1.725559,52.490734,On or near Snape Drive,E01030280,East Suffolk 003E,Possession of weapons,Formal action is not in the public interest,
8470b8758620d9449c1f640aae699de6d93a60f4852f33561d646a03201d217e,2026-04,Suffolk Constabulary,Suffolk Constabulary,1.725559,52.490734,On or near Snape Drive,E01030280,East Suffolk 003E,Vehicle crime,Investigation complete; no suspect identified,
8ea40e24b0f896e935219c6a464153bb078565774ba387678a89a39901399e88,2026-04,Suffolk Constabulary,Suffolk Constabulary,1.722340,52.489783,On or near Farnham Close,E01030280,East Suffolk 003E,Violence and sexual offences,Under investigation,
,2026-04,Suffolk Constabulary,Suffolk Constabulary,1.745512,52.482611,On or near Princes Road,E01030246,East Suffolk 004A,Anti-social behaviour,,
56d71fb6a313347241cc1775177a68baf296aeab732356e2f530de1bab5d09d2,2026-04,Suffolk Constabulary,Suffolk Constabulary,1.750447,52.487959,On or near Worthing Road,E01030246,East Suffolk 004A,Bicycle theft,Investigation complete; no suspect identified,
8d861248084d2882641ff9750e7804b07e55fd86a3b01451a67db6bf24357678,2026-04,Suffolk Constabulary,Suffolk Constabulary,1.747848,52.483391,On or near Winnipeg Road,E01030246,East Suffolk 004A,Vehicle crime,Investigation complete; no suspect identified,
bd10bb0540b9ebb6f32e0589b9277cf70bb7b552c63ed51000a082beb4634b4c,2026-04,Suffolk Constabulary,Suffolk Constabulary,1.749242,52.486270,On or near St Margaret'S Road,E01030246,East Suffolk 004A,Vehicle crime,Investigation complete; no suspect identified,
6136fd648d3e78a2c734dc0b77bcb357700c541bac6aa6a0dcc7b0e8c1491a9a,2026-04,Suffolk Constabulary,Suffolk Constabulary,1.745512,52.482611,On or near Princes Road,E01030246,East Suffolk 004A,Violence and sexual offences,Unable to prosecute suspect,
6b0e0cf598502e4a6c6709fec16bda4c55c2fca026773166fbd7217853301642,2026-04,Suffolk Constabulary,Suffolk Constabulary,1.745512,52.482611,On or near Princes Road,E01030246,East Suffolk 004A,Violence and sexual offences,Action to be taken by another organisation,
6e69be6d0b8d8296c9bc07944546b4e76029d843517c396636c347b62ead3fde,2026-04,Suffolk Constabulary,Suffolk Constabulary,1.749242,52.486270,On or near St Margaret'S Road,E01030246,East Suffolk 004A,Violence and sexual offences,Under investigation,
,2026-04,Suffolk Constabulary,Suffolk Constabulary,1.755002,52.485224,On or near Osborne Street,E01030248,East Suffolk 004B,Anti-social behaviour,,
78e241fff261e4158c300f36b31853326eed8fbd12af36d57c20bf2d14d67fda,2026-04,Suffolk Constabulary,Suffolk Constabulary,1.752491,52.487390,On or near Royal Avenue,E01030248,East Suffolk 004B,Criminal damage and arson,Unable to prosecute suspect,
e8666e4cb38adde50c79350dd77e79186fda5c1cbe3091e93a9f94ee89b1d99d,2026-04,Suffolk Constabulary,Suffolk Constabulary,1.751212,52.487773,On or near Sussex Road,E01030248,East Suffolk 004B,Criminal damage and arson,Investigation complete; no suspect identified,
2522b5ad4c22acb3f2cbf7d71406f9f12808bcf57c7000ae2e6a4612ba407844,2026-04,Suffolk Constabulary,Suffolk Constabulary,1.751212,52.487773,On or near Sussex Road,E01030248,East Suffolk 004B,Other theft,Investigation complete; no suspect identified,
894b3342b12be54d76bfb7ae3131329cb7813c478726dd3f7a4c62e75f72a561,2026-04,Suffolk Constabulary,Suffolk Constabulary,1.752491,52.487390,On or near Royal Avenue,E01030248,East Suffolk 004B,Other theft,Unable to prosecute suspect,
68fc71aac8bf2101c6616f57580ace11da280020025bebe57c6316ee865cac65,2026-04,Suffolk Constabulary,Suffolk Constabulary,1.752941,52.486099,On or near Edinburgh Road,E01030248,East Suffolk 004B,Violence and sexual offences,Unable to prosecute suspect,
0948126cf6664ed8a7bd9aa4ca1fb61c84fff93111391bf8fc2777d9247b88e3,2026-04,Suffolk Constabulary,Suffolk Constabulary,1.752525,52.484331,On or near Clarence Road,E01030248,East Suffolk 004B,Violence and sexual offences,Unable to prosecute suspect,
2ec6b5f264589f27d89c1896338794d68b2dd650a50e516927e689383c4d2323,2026-04,Suffolk Constabulary,Suffolk Constabulary,1.751721,52.486488,On or near Tethys Place,E01030248,East Suffolk 004B,Violence and sexual offences,Unable to prosecute suspect,
8fb7e42d6112823ae175e98736bdb90e99522451296588c2c8df1d4dac4c892d,2026-04,Suffolk Constabulary,Suffolk Constabulary,1.751212,52.487773,On or near Sussex Road,E01030248,East Suffolk 004B,Violence and sexual offences,Unable to prosecute suspect,
867cecdd2e5a6066f0ab211303d1f7cbd5915f950cb4d6638154dcdb2d63a029,2026-04,Suffolk Constabulary,Suffolk Constabulary,1.752941,52.486099,On or near Edinburgh Road,E01030248,East Suffolk 004B,Violence and sexual offences,Investigation complete; no suspect identified,
0f5396dc48eabb51866512fe77b24ba68838fa1eeb47350c9e4f546ae50c9ab8,2026-04,Suffolk Constabulary,Suffolk Constabulary,1.752941,52.486099,On or near Edinburgh Road,E01030248,East Suffolk 004B,Violence and sexual offences,Unable to prosecute suspect,
,2026-04,Suffolk Constabulary,Suffolk Constabulary,1.752853,52.476774,On or near Shopping Area,E01030249,East Suffolk 004C,Anti-social behaviour,,
,2026-04,Suffolk Constabulary,Suffolk Constabulary,1.750858,52.476181,On or near Parking Area,E01030249,East Suffolk 004C,Anti-social behaviour,,
,2026-04,Suffolk Constabulary,Suffolk Constabulary,1.750311,52.480830,On or near Jacob'S Street,E01030249,East Suffolk 004C,Anti-social behaviour,,
,2026-04,Suffolk Constabulary,Suffolk Constabulary,1.750554,52.481956,On or near Reeve Street,E01030249,East Suffolk 004C,Anti-social behaviour,,
,2026-04,Suffolk Constabulary,Suffolk Constabulary,1.753249,52.477094,On or near Gordon Road,E01030249,East Suffolk 004C,Anti-social behaviour,,
e29e65532ae5e090b20ca357a29aea73114c73b64a34da314f7ea6edda3d5324,2026-04,Suffolk Constabulary,Suffolk Constabulary,1.748475,52.480376,On or near Beresford Road,E01030249,East Suffolk 004C,Criminal damage and arson,Investigation complete; no suspect identified,
6c99cdc1cec7f7c23841c060e557eaa931cb330afe9e940aee15c163e0246f53,2026-04,Suffolk Constabulary,Suffolk Constabulary,1.751536,52.479640,On or near Leiston Road,E01030249,East Suffolk 004C,Criminal damage and arson,Investigation complete; no suspect identified,
f00fe47912376e2cb7ba8ccd2ae6c883a782dfa376acd3818105c3b07d2a1ebd,2026-04,Suffolk Constabulary,Suffolk Constabulary,1.751623,52.480834,On or near Adrian Road,E01030249,East Suffolk 004C,Drugs,Local resolution,
fa52622c09fc7596af338466b80cc28728da82f7349e10ea8bc6f37ab4c17218,2026-04,Suffolk Constabulary,Suffolk Constabulary,1.751623,52.480834,On or near Adrian Road,E01030249,East Suffolk 004C,Drugs,Local resolution,
5f79e769854a1e7240e7e4e9cd4dccf4f9e0893e9ca47e490b8b6f2380076783,2026-04,Suffolk Constabulary,Suffolk Constabulary,1.751573,52.480421,On or near Parking Area,E01030249,East Suffolk 004C,Drugs,Under investigation,
631284b5293bd038f251474ae92de01934ee76ce4f9c26a77d22991e9ca4bddc,2026-04,Suffolk Constabulary,Suffolk Constabulary,1.752422,52.479837,On or near Alexandra Road,E01030249,East Suffolk 004C,Drugs,Local resolution,
5696f1ee54187f5a3d93b901ca907541f749ded44d8ffeaec022bb3272174354,2026-04,Suffolk Constabulary,Suffolk Constabulary,1.751623,52.480834,On or near Adrian Road,E01030249,East Suffolk 004C,Drugs,Local resolution,
c18c6055907e654cd444b25d5f9ee4f910bae7852b58d3ad4c70cac9f576c39b,2026-04,Suffolk Constabulary,Suffolk Constabulary,1.751536,52.479640,On or near Leiston Road,E01030249,East Suffolk 004C,Drugs,Offender given a caution,
55cceda109486d6772c62b014338f29a63f01ece46f8e40c511e0a62e7000c5e,2026-04,Suffolk Constabulary,Suffolk Constabulary,1.750311,52.480830,On or near Jacob'S Street,E01030249,East Suffolk 004C,Other theft,Awaiting court outcome,
773a02d122366ca08da1a3b935dc732d1678ca4b143bec09a07154a317d915dc,2026-04,Suffolk Constabulary,Suffolk Constabulary,1.752853,52.476774,On or near Shopping Area,E01030249,East Suffolk 004C,Other theft,Investigation complete; no suspect identified,
4682ae8fe63637c02b152c5c50ab07ce5bd98e24e1f0ea3c784a0e6479dc92a0,2026-04,Suffolk Constabulary,Suffolk Constabulary,1.750858,52.476181,On or near Parking Area,E01030249,East Suffolk 004C,Public order,Awaiting court outcome,
7469b91f37239a36429dd6b60b83aaff96357ab22e3dfc8a38eb9744f0db513a,2026-04,Suffolk Constabulary,Suffolk Constabulary,1.748475,52.480376,On or near Beresford Road,E01030249,East Suffolk 004C,Public order,Awaiting court outcome,
263e3e89fa9943431b4c794ed8173b61fa3c02c7fc85b5c6fa615476a1dd47b1,2026-04,Suffolk Constabulary,Suffolk Constabulary,1.748398,52.482753,On or near St Peter'S Street,E01030249,East Suffolk 004C,Public order,Under investigation,
627d4545a88490ffa5931fbac90c0faa667b9e9082252e778087338e04085cae,2026-04,Suffolk Constabulary,Suffolk Constabulary,1.752853,52.476774,On or near Shopping Area,E01030249,East Suffolk 004C,Shoplifting,Investigation complete; no suspect identified,
dbfb545134f29f1c86be27d7da9689d38a816808d80920df4de4c485a48cc855,2026-04,Suffolk Constabulary,Suffolk Constabulary,1.752853,52.476774,On or near Shopping Area,E01030249,East Suffolk 004C,Shoplifting,Awaiting court outcome,
46f85c2dbb8bfbdd9f23aa26c727d6df9e622edab8d1c52336d686caf26b218c,2026-04,Suffolk Constabulary,Suffolk Constabulary,1.750858,52.476181,On or near Parking Area,E01030249,East Suffolk 004C,Shoplifting,Investigation complete; no suspect identified,
d751e96effb5e31585f7a9de3ded97457fe5bcfb5b1675baa381d6e0ea518556,2026-04,Suffolk Constabulary,Suffolk Constabulary,1.752853,52.476774,On or near Shopping Area,E01030249,East Suffolk 004C,Shoplifting,Investigation complete; no suspect identified,
a7734bd179709a7f729f160c43a4f542eb77b30ec146ce86febc095ca1fdee64,2026-04,Suffolk Constabulary,Suffolk Constabulary,1.752853,52.476774,On or near Shopping Area,E01030249,East Suffolk 004C,Shoplifting,Investigation complete; no suspect identified,
dffc0a1c99e1ea7c04b65bb2d967062f919bdde590acd3af219b5c40679fc9c8,2026-04,Suffolk Constabulary,Suffolk Constabulary,1.752853,52.476774,On or near Shopping Area,E01030249,East Suffolk 004C,Shoplifting,Investigation complete; no suspect identified,
83ec7f1ea126c58177f2ec1edcfec62629a0ee09037454bdb673121fb3812afb,2026-04,Suffolk Constabulary,Suffolk Constabulary,1.752853,52.476774,On or near Shopping Area,E01030249,East Suffolk 004C,Shoplifting,Investigation complete; no suspect identified,
3011f0c53455dc7edc9218f76aa492f2cef0239e3878b47e67aa58b3e5d790ca,2026-04,Suffolk Constabulary,Suffolk Constabulary,1.752853,52.476774,On or near Shopping Area,E01030249,East Suffolk 004C,Shoplifting,Unable to prosecute suspect,
7019c0a01a6c606d1cfa67897e998dc4c3d404595500a3c75dfce8ff41e11215,2026-04,Suffolk Constabulary,Suffolk Constabulary,1.752853,52.476774,On or near Shopping Area,E01030249,East Suffolk 004C,Shoplifting,Under investigation,
a1319598a843995a06d8d71b0798cef55737333ca36e1accb431c8223d6127d8,2026-04,Suffolk Constabulary,Suffolk Constabulary,1.750858,52.476181,On or near Parking Area,E01030249,East Suffolk 004C,Shoplifting,Investigation complete; no suspect identified,
12f3753633347ff2286e7f2a9b07f8247d82c40fa289d518f7d1233ec5b11cd9,2026-04,Suffolk Constabulary,Suffolk Constabulary,1.752853,52.476774,On or near Shopping Area,E01030249,East Suffolk 004C,Shoplifting,Unable to prosecute suspect,
4c32f0ea2b0ed408c7239c34f25e2a65fb6509398b9cf01d20e5a702eaa65f33,2026-04,Suffolk Constabulary,Suffolk Constabulary,1.752853,52.476774,On or near Shopping Area,E01030249,East Suffolk 004C,Shoplifting,Unable to prosecute suspect,
75c71369ac87d555bf5f56bb282c941645274ab9a2c14225982acb626212209c,2026-04,Suffolk Constabulary,Suffolk Constabulary,1.752853,52.476774,On or near Shopping Area,E01030249,East Suffolk 004C,Shoplifting,Investigation complete; no suspect identified,
a7b155aa97ae8d894185d8e5356d0962d20b51be00fb62b65feb902d63be3c99,2026-04,Suffolk Constabulary,Suffolk Constabulary,1.750879,52.480057,On or near Cathcart Street,E01030249,East Suffolk 004C,Vehicle crime,Investigation complete; no suspect identified,
cde77790076150ab7fd8b1e49137be0fe9e610cfecfb0f4602f57f766b801560,2026-04,Suffolk Constabulary,Suffolk Constabulary,1.748475,52.480376,On or near Beresford Road,E01030249,East Suffolk 004C,Violence and sexual offences,Unable to prosecute suspect,
e966761974b635132119645371a7fc802b2b5e0a92b6573c2e641784a2788951,2026-04,Suffolk Constabulary,Suffolk Constabulary,1.752853,52.476774,On or near Shopping Area,E01030249,East Suffolk 004C,Violence and sexual offences,Investigation complete; no suspect identified,
2f0fceb7c4bab232ef9c299695fab4ecf69fe020a2d065b169a1ba30fb1a5d7a,2026-04,Suffolk Constabulary,Suffolk Constabulary,1.752422,52.479837,On or near Alexandra Road,E01030249,East Suffolk 004C,Violence and sexual offences,Unable to prosecute suspect,
c18ff5cf477a3e095c89fd5d9f151ce52cd55621fa640f21e278f283fd648163,2026-04,Suffolk Constabulary,Suffolk Constabulary,1.750554,52.481956,On or near Reeve Street,E01030249,East Suffolk 004C,Violence and sexual offences,Under investigation,
1df918969155933ec9f937b2abada4c7e7940620add064d9c51530eb4f53f63e,2026-04,Suffolk Constabulary,Suffolk Constabulary,1.753768,52.478346,On or near Police Station Road,E01030249,East Suffolk 004C,Violence and sexual offences,Awaiting court outcome,
31a09b1613774ccb3b6b17a1753e2cb756bf6dcd501dbd1db12625d261bf148f,2026-04,Suffolk Constabulary,Suffolk Constabulary,1.751187,52.479003,On or near Parking Area,E01030249,East Suffolk 004C,Violence and sexual offences,Unable to prosecute suspect,
eecb23b3ab6f74a221f4a973016594ebff2fe941251b8fdaa00b7bfd715b31e8,2026-04,Suffolk Constabulary,Suffolk Constabulary,1.750554,52.481956,On or near Reeve Street,E01030249,East Suffolk 004C,Violence and sexual offences,Unable to prosecute suspect,
c0248cde90972e04b8fd05947034e7d5f745b4eae85ef37f1e3f6923e91012f5,2026-04,Suffolk Constabulary,Suffolk Constabulary,1.754241,52.479752,On or near Arnold Street,E01030249,East Suffolk 004C,Violence and sexual offences,Under investigation,
93db89ca19be803a5ddccf861d314e9bf3f149e3d1fabe9b52ed50c393f0885e,2026-04,Suffolk Constabulary,Suffolk Constabulary,1.750858,52.476181,On or near Parking Area,E01030249,East Suffolk 004C,Violence and sexual offences,Investigation complete; no suspect identified,
,2026-04,Suffolk Constabulary,Suffolk Constabulary,1.749935,52.475031,On or near Bevan Street East,E01030250,East Suffolk 004D,Anti-social behaviour,,
,2026-04,Suffolk Constabulary,Suffolk Constabulary,1.746239,52.476426,On or near Alma Road,E01030250,East Suffolk 004D,Anti-social behaviour,,
,2026-04,Suffolk Constabulary,Suffolk Constabulary,1.750043,52.476467,On or near Clapham Road South,E01030250,East Suffolk 004D,Anti-social behaviour,,
,2026-04,Suffolk Constabulary,Suffolk Constabulary,1.747136,52.476928,On or near Stanley Street,E01030250,East Suffolk 004D,Anti-social behaviour,,
,2026-04,Suffolk Constabulary,Suffolk Constabulary,1.747136,52.476928,On or near Stanley Street,E01030250,East Suffolk 004D,Anti-social behaviour,,
,2026-04,Suffolk Constabulary,Suffolk Constabulary,1.747002,52.476393,On or near Alma Street,E01030250,East Suffolk 004D,Anti-social behaviour,,
,2026-04,Suffolk Constabulary,Suffolk Constabulary,1.747136,52.476928,On or near Stanley Street,E01030250,East Suffolk 004D,Anti-social behaviour,,
b9fffd6aec51bc47979335094b3b9efee2901b5dab6936c7b849af939fe0f7ff,2026-04,Suffolk Constabulary,Suffolk Constabulary,1.747061,52.480692,On or near Sports/Recreation Area,E01030250,East Suffolk 004D,Burglary,Investigation complete; no suspect identified,
84ce6add3e3494d632653f84280283255a066a8523f3ca4fde59ededc100d8ee,2026-04,Suffolk Constabulary,Suffolk Constabulary,1.750202,52.473665,On or near Station Square,E01030250,East Suffolk 004D,Burglary,Under investigation,
13582b4d361b30aa6f82a83f4967043ebd3ffdae1c2ac5bbd72869438f9e847f,2026-04,Suffolk Constabulary,Suffolk Constabulary,1.750043,52.476467,On or near Clapham Road South,E01030250,East Suffolk 004D,Criminal damage and arson,Unable to prosecute suspect,
6c9bca171deeeadc309230259398d846c59456eff56da5f457d47d807986ed93,2026-04,Suffolk Constabulary,Suffolk Constabulary,1.747002,52.476393,On or near Alma Street,E01030250,East Suffolk 004D,Criminal damage and arson,Investigation complete; no suspect identified,
081d3aa4e83cf1e39380e1f0f10eebbd1c27b10be07fc0c6f3d386dac647aac0,2026-04,Suffolk Constabulary,Suffolk Constabulary,1.749935,52.475031,On or near Bevan Street East,E01030250,East Suffolk 004D,Criminal damage and arson,Investigation complete; no suspect identified,
e1bcb0bb3e3911ea24c6181c4ffa48138990e01539de54a1058a21f9450cc460,2026-04,Suffolk Constabulary,Suffolk Constabulary,1.750043,52.476467,On or near Clapham Road South,E01030250,East Suffolk 004D,Criminal damage and arson,Unable to prosecute suspect,
eaaaa3c4815fc548bb26be6fa209a12c6461b8471d97410371371059cbbeb78c,2026-04,Suffolk Constabulary,Suffolk Constabulary,1.747136,52.476928,On or near Stanley Street,E01030250,East Suffolk 004D,Criminal damage and arson,Investigation complete; no suspect identified,
b2a2894b2609f911c9f6c94f32753ce48254e6c7c7afd72e62bbfe465a808902,2026-04,Suffolk Constabulary,Suffolk Constabulary,1.746765,52.478973,On or near Seago Street,E01030250,East Suffolk 004D,Criminal damage and arson,Investigation complete; no suspect identified,
e0321356aadefd687307c9c1d6a6a572082f0d8f9bc2d558f90bbfcb9b941420,2026-04,Suffolk Constabulary,Suffolk Constabulary,1.752087,52.474352,On or near Suffolk Road,E01030250,East Suffolk 004D,Criminal damage and arson,Investigation complete; no suspect identified,
8aae7e327daa8b9af1ad4e93a324d7cd610bf9cd15a7cd92e82d8f14cbd982b4,2026-04,Suffolk Constabulary,Suffolk Constabulary,1.747136,52.476928,On or near Stanley Street,E01030250,East Suffolk 004D,Criminal damage and arson,Investigation complete; no suspect identified,
bc50b148bc9406cb9472da875642b4a630bb997423561464e5e29434f5b3d7f4,2026-04,Suffolk Constabulary,Suffolk Constabulary,1.752087,52.474352,On or near Suffolk Road,E01030250,East Suffolk 004D,Criminal damage and arson,Investigation complete; no suspect identified,
edba5c330922c9de9e1630d4efc98c529354187330fd332550b6064d68c2e490,2026-04,Suffolk Constabulary,Suffolk Constabulary,1.747136,52.476928,On or near Stanley Street,E01030250,East Suffolk 004D,Criminal damage and arson,Investigation complete; no suspect identified,
5bde9f98800567a19992ba3f876844519cf85fea4c3a48e616a940810876e247,2026-04,Suffolk Constabulary,Suffolk Constabulary,1.747061,52.480692,On or near Sports/Recreation Area,E01030250,East Suffolk 004D,Criminal damage and arson,Investigation complete; no suspect identified,
4f6d14b32f992f4859ee47df0b3735501e99d0a531d064b0014ab5a961e0c537,2026-04,Suffolk Constabulary,Suffolk Constabulary,1.750043,52.476467,On or near Clapham Road South,E01030250,East Suffolk 004D,Criminal damage and arson,Under investigation,
ccd93325043071581597aa46271ac5f5f3c8fec4a9dd59528b6808cec2112450,2026-04,Suffolk Constabulary,Suffolk Constabulary,1.750043,52.476467,On or near Clapham Road South,E01030250,East Suffolk 004D,Criminal damage and arson,Under investigation,
c18c0a769f1a2b8b6297fcb1e1098e05597b6a873af1cd77b80ad37f18aa4882,2026-04,Suffolk Constabulary,Suffolk Constabulary,1.747495,52.474569,On or near Parking Area,E01030250,East Suffolk 004D,Drugs,Awaiting court outcome,
d7fe671f6c4c62654b94c621461650d07ca93e7d6980588370264510bc20ec0c,2026-04,Suffolk Constabulary,Suffolk Constabulary,1.747505,52.478329,On or near Wollaston Road,E01030250,East Suffolk 004D,Drugs,Unable to prosecute suspect,
0dbd77680d180d2b216a73a826ab9fe44c0afc1f38b7a2481077477d38403cff,2026-04,Suffolk Constabulary,Suffolk Constabulary,1.750202,52.473665,On or near Station Square,E01030250,East Suffolk 004D,Drugs,Unable to prosecute suspect,
c6e813e9183def8ff6153695990e5203b2e3a38320ee6311ac9636e7e3c805a7,2026-04,Suffolk Constabulary,Suffolk Constabulary,1.749935,52.475031,On or near Bevan Street East,E01030250,East Suffolk 004D,Other theft,Investigation complete; no suspect identified,
c5673002306791d79e695f535f24773bf7f82d559b09bebf00256c72e5ae6a38,2026-04,Suffolk Constabulary,Suffolk Constabulary,1.752087,52.474352,On or near Suffolk Road,E01030250,East Suffolk 004D,Other theft,Unable to prosecute suspect,
88f6bba2eef5f98591b122ec4f694a0e3a44aaffa2e8000c83f8181536ad701c,2026-04,Suffolk Constabulary,Suffolk Constabulary,1.752087,52.474352,On or near Suffolk Road,E01030250,East Suffolk 004D,Public order,Investigation complete; no suspect identified,
1aaf42f77524b9a90d74cbf408e28d1b0dffe148d173a307a239d2caa3ea658f,2026-04,Suffolk Constabulary,Suffolk Constabulary,1.751131,52.475407,On or near Surrey Street,E01030250,East Suffolk 004D,Public order,Unable to prosecute suspect,
582d8990f1ebdb5658f51648ebc4bfb9287495393d7062b87c14487a5523a8da,2026-04,Suffolk Constabulary,Suffolk Constabulary,1.750043,52.476467,On or near Clapham Road South,E01030250,East Suffolk 004D,Public order,Awaiting court outcome,
fda6f840781155009c422c02f6c7cfb263e5f78bcf185139337a924dfe97dc70,2026-04,Suffolk Constabulary,Suffolk Constabulary,1.746239,52.476426,On or near Alma Road,E01030250,East Suffolk 004D,Public order,Under investigation,
dab31a252cf63ae512b923b80c743aa5422284d20c320b24d1ffe6b0a55887ef,2026-04,Suffolk Constabulary,Suffolk Constabulary,1.752087,52.474352,On or near Suffolk Road,E01030250,East Suffolk 004D,Public order,Unable to prosecute suspect,
6e3fbd7171b53f3363bc449771d7aec602e174588d1e5593064909176fb95904,2026-04,Suffolk Constabulary,Suffolk Constabulary,1.753085,52.474824,On or near Beach Road,E01030250,East Suffolk 004D,Shoplifting,Investigation complete; no suspect identified,
65266d92406d7131f1b919d472f2eb1b6f3d76acc822f6d325e6a9652260008b,2026-04,Suffolk Constabulary,Suffolk Constabulary,1.749935,52.475031,On or near Bevan Street East,E01030250,East Suffolk 004D,Theft from the person,Unable to prosecute suspect,
ae15703fc369ccef9bc9ed6c46bc12949e24738ca7d8125dbc4160134c744e5c,2026-04,Suffolk Constabulary,Suffolk Constabulary,1.752087,52.474352,On or near Suffolk Road,E01030250,East Suffolk 004D,Violence and sexual offences,Investigation complete; no suspect identified,
b3dbc88bb8317246f74c0861cb1dcbbe82ebbce687933855e44c8ae7d4282059,2026-04,Suffolk Constabulary,Suffolk Constabulary,1.753068,52.475319,On or near Grove Road,E01030250,East Suffolk 004D,Violence and sexual offences,Action to be taken by another organisation,
98b5effcd96be9db5069e97b5acf50865ce1fcfecdb5fe21d22b6aef7254492b,2026-04,Suffolk Constabulary,Suffolk Constabulary,1.750202,52.473665,On or near Station Square,E01030250,East Suffolk 004D,Violence and sexual offences,Under investigation,
eea3209160dd5944d7310955c52f30835de19c5d9d464dcb008a306d51bbe139,2026-04,Suffolk Constabulary,Suffolk Constabulary,1.747136,52.476928,On or near Stanley Street,E01030250,East Suffolk 004D,Violence and sexual offences,Under investigation,
681b4298b294c1d62cb78930f366e0d3f22035267f63430e0d77f2d99e8ecfdb,2026-04,Suffolk Constabulary,Suffolk Constabulary,1.750043,52.476467,On or near Clapham Road South,E01030250,East Suffolk 004D,Violence and sexual offences,Unable to prosecute suspect,
cbee7fb9a4218fbf516d0b27507acafa3ff8aba2fc4dc0a5b38eb6a94b455344,2026-04,Suffolk Constabulary,Suffolk Constabulary,1.752087,52.474352,On or near Suffolk Road,E01030250,East Suffolk 004D,Violence and sexual offences,Unable to prosecute suspect,
de88b8f9444959b28d990e665d56a2defa3a919d624f121653d574cdc64fb1cb,2026-04,Suffolk Constabulary,Suffolk Constabulary,1.752087,52.474352,On or near Suffolk Road,E01030250,East Suffolk 004D,Violence and sexual offences,Unable to prosecute suspect,
265230d7863b3c7c9e16f0b5d2087b1dc2a46adb62cd3bda677f913135afe9d4,2026-04,Suffolk Constabulary,Suffolk Constabulary,1.751131,52.475407,On or near Surrey Street,E01030250,East Suffolk 004D,Violence and sexual offences,Unable to prosecute suspect,
dbc128b018dbe8d7321af7d28cb1b99a61392ab4093c578a4a56cc7e33b37255,2026-04,Suffolk Constabulary,Suffolk Constabulary,1.743248,52.475037,On or near Denmark Road,E01030250,East Suffolk 004D,Violence and sexual offences,Unable to prosecute suspect,
269f6a81a4241924757a89c217b9088642a34a8a60450332e295671464917e3f,2026-04,Suffolk Constabulary,Suffolk Constabulary,1.747136,52.476928,On or near Stanley Street,E01030250,East Suffolk 004D,Violence and sexual offences,Unable to prosecute suspect,
27a1d7fc84739d7bbe66dc4e434631fc583cbf5cac4481ed9fe92430fc271fdc,2026-04,Suffolk Constabulary,Suffolk Constabulary,1.750202,52.473665,On or near Station Square,E01030250,East Suffolk 004D,Violence and sexual offences,Awaiting court outcome,
69b73ef63a58ff1d5ecc70d0a64acb6e3f9a5a43754c527ed6c7537b519da15b,2026-04,Suffolk Constabulary,Suffolk Constabulary,1.750202,52.473665,On or near Station Square,E01030250,East Suffolk 004D,Violence and sexual offences,Unable to prosecute suspect,
77f50608361284b645ad4080f99ba4030b7978cd6a733932de9d6b15894992dc,2026-04,Suffolk Constabulary,Suffolk Constabulary,1.747002,52.476393,On or near Alma Street,E01030250,East Suffolk 004D,Violence and sexual offences,Investigation complete; no suspect identified,
55a6763994f4a0ba2bde1935d330fab0806a0fcdf99de0aba4a8f392e9261563,2026-04,Suffolk Constabulary,Suffolk Constabulary,1.749935,52.475031,On or near Bevan Street East,E01030250,East Suffolk 004D,Violence and sexual offences,Investigation complete; no suspect identified,
dbbb8317aa90687ac4cf465b3cccba5325306cde0ccd3e6a056182927c13fc59,2026-04,Suffolk Constabulary,Suffolk Constabulary,1.748187,52.477165,On or near Summer Road,E01030250,East Suffolk 004D,Violence and sexual offences,Action to be taken by another organisation,
f63830d2ca3fc64f826949aa0b6c2df25b37d3e9929e21534d5eb9d412d36966,2026-04,Suffolk Constabulary,Suffolk Constabulary,1.752087,52.474352,On or near Suffolk Road,E01030250,East Suffolk 004D,Violence and sexual offences,Action to be taken by another organisation,
b0d26ea742f5c7a165544fe6af059eff7ec3a145d7a4c8da08ea81be49927fa9,2026-04,Suffolk Constabulary,Suffolk Constabulary,1.750043,52.476467,On or near Clapham Road South,E01030250,East Suffolk 004D,Violence and sexual offences,Unable to prosecute suspect,
9dccfadd474f9ba6bb90822bf69a633a1f19ea01f292ed767b1e66fb13557a7b,2026-04,Suffolk Constabulary,Suffolk Constabulary,1.750043,52.476467,On or near Clapham Road South,E01030250,East Suffolk 004D,Violence and sexual offences,Unable to prosecute suspect,
,2026-04,Suffolk Constabulary,Suffolk Constabulary,1.741631,52.478722,On or near Avondale Road,E01030264,East Suffolk 004E,Anti-social behaviour,,
048b367d0c8d272ea305da72cc41d0850a32f2ca26c7fade424dc8e339438a1d,2026-04,Suffolk Constabulary,Suffolk Constabulary,1.733249,52.477332,On or near North Quay Retail Park,E01030264,East Suffolk 004E,Bicycle theft,Investigation complete; no suspect identified,
02175a8cabe7cc5f83b40a7cd28d82991fd0b576a7145fb06db91097599af70f,2026-04,Suffolk Constabulary,Suffolk Constabulary,1.737026,52.478436,On or near Norfolk Street,E01030264,East Suffolk 004E,Criminal damage and arson,Under investigation,
d0dfc22be003b9c70a65c795a5036aaf9b01115c2fff9a808cab3625de974722,2026-04,Suffolk Constabulary,Suffolk Constabulary,1.741631,52.478722,On or near Avondale Road,E01030264,East Suffolk 004E,Criminal damage and arson,Investigation complete; no suspect identified,
a2c5c1853fe9866c776b73a4d0c60529a10231e34a62788b81d85be6e8056298,2026-04,Suffolk Constabulary,Suffolk Constabulary,1.733249,52.477332,On or near North Quay Retail Park,E01030264,East Suffolk 004E,Criminal damage and arson,Unable to prosecute suspect,
166b2449d5f170cd0b68ceae305dfcf700d87026d16a180af8f080131595ef63,2026-04,Suffolk Constabulary,Suffolk Constabulary,1.743946,52.478217,On or near Stanford Street,E01030264,East Suffolk 004E,Drugs,Local resolution,
c13a60a7bc605d3233115edf5e426cebe1e89123daed9138f279917f6d9696bd,2026-04,Suffolk Constabulary,Suffolk Constabulary,1.743946,52.478217,On or near Stanford Street,E01030264,East Suffolk 004E,Drugs,Awaiting court outcome,
c60f4b84f65dd2e2e57bed0160807a41379efa258d6d4db0c08ea973c46f3e96,2026-04,Suffolk Constabulary,Suffolk Constabulary,1.734997,52.478482,On or near Supermarket,E01030264,East Suffolk 004E,Other theft,Unable to prosecute suspect,
c3976821c5284a2e02898f243ad094b69c1ad60ed909a2230425791e1c1e832b,2026-04,Suffolk Constabulary,Suffolk Constabulary,1.734997,52.478482,On or near Supermarket,E01030264,East Suffolk 004E,Shoplifting,Investigation complete; no suspect identified,
461436596483527d0a55c29b84629bd68397265f0cdb764ea39c7fd7207dc4bc,2026-04,Suffolk Constabulary,Suffolk Constabulary,1.734997,52.478482,On or near Supermarket,E01030264,East Suffolk 004E,Shoplifting,Investigation complete; no suspect identified,
b910cc669410317df6282a9df846c51f9c47d863fbb26006128901f1b524bf8f,2026-04,Suffolk Constabulary,Suffolk Constabulary,1.736348,52.477738,On or near Essex Road,E01030264,East Suffolk 004E,Shoplifting,Awaiting court outcome,
45f69a5982ebd7bd25a8cb9d4d43f31ab5fa3801a122d230c69df7672d5bbb32,2026-04,Suffolk Constabulary,Suffolk Constabulary,1.734997,52.478482,On or near Supermarket,E01030264,East Suffolk 004E,Shoplifting,Investigation complete; no suspect identified,
e1e30b4361917d2d32cc51b211f7b3c8358f9c9b1812cde162db2f0fad60492b,2026-04,Suffolk Constabulary,Suffolk Constabulary,1.745770,52.479058,On or near Ethel Road,E01030264,East Suffolk 004E,Vehicle crime,Under investigation,
39ba0032350e77156a300c6c1f0f4d1affcc6127a113a09a72a9efbbd2fe008d,2026-04,Suffolk Constabulary,Suffolk Constabulary,1.736607,52.476623,On or near Eastern Way,E01030264,East Suffolk 004E,Vehicle crime,Investigation complete; no suspect identified,
801423673cc10cee3280fd9230fbfef0374b2057e0eee0143904db804fae6762,2026-04,Suffolk Constabulary,Suffolk Constabulary,1.736607,52.476623,On or near Eastern Way,E01030264,East Suffolk 004E,Violence and sexual offences,Investigation complete; no suspect identified,
42fd44072a1e683ae3a6522e7039e9fc5597f0045f8264e95a338551d99a96d0,2026-04,Suffolk Constabulary,Suffolk Constabulary,1.736607,52.476623,On or near Eastern Way,E01030264,East Suffolk 004E,Violence and sexual offences,Investigation complete; no suspect identified,
6fc3794752eba559e85a91dd8154fbcb17cab75553bf9350d7cbc97b4ce11508,2026-04,Suffolk Constabulary,Suffolk Constabulary,1.737621,52.479209,On or near Kent Road,E01030264,East Suffolk 004E,Violence and sexual offences,Unable to prosecute suspect,
5e1138cd4e60ec469b83ef0407987c0fb84a92aaeaa588973812735cad6e0c03,2026-04,Suffolk Constabulary,Suffolk Constabulary,1.741610,52.477256,On or near Norwich Road,E01030265,East Suffolk 004F,Criminal damage and arson,Investigation complete; no suspect identified,
a69998993803fb54c9ad1478cbd0220c66f7aaa84fc1d0e23900f12579f7bd03,2026-04,Suffolk Constabulary,Suffolk Constabulary,1.743039,52.476734,On or near Ashby Road,E01030265,East Suffolk 004F,Criminal damage and arson,Investigation complete; no suspect identified,
6b5ad541892539b92e4c4275e622f69e2cdaef97e60097bf4a077f6de5d001b8,2026-04,Suffolk Constabulary,Suffolk Constabulary,1.740928,52.476333,On or near Clemence Street,E01030265,East Suffolk 004F,Criminal damage and arson,Unable to prosecute suspect,
8efd74a8c52c9d2e6ddd1cb2f6d4c521cba9939d1bb9a5a85605e0097523a023,2026-04,Suffolk Constabulary,Suffolk Constabulary,1.741610,52.477256,On or near Norwich Road,E01030265,East Suffolk 004F,Shoplifting,Investigation complete; no suspect identified,
b17598d182e646dd19ee8f8e1141f1cb13b44c9087ecb9644b00ed75a91179fa,2026-04,Suffolk Constabulary,Suffolk Constabulary,1.745472,52.475722,On or near Trafalgar Street,E01030265,East Suffolk 004F,Theft from the person,Investigation complete; no suspect identified,
99b416629bf7d6766515cbb8be6772ca82be595b2c31188e511ddb213b24198a,2026-04,Suffolk Constabulary,Suffolk Constabulary,1.743768,52.477683,On or near Beckham Road,E01030265,East Suffolk 004F,Theft from the person,Unable to prosecute suspect,
6df1a56235b15fd1fdf93f322f0de2d02923704d289f97b6cd8b073b5b27faa5,2026-04,Suffolk Constabulary,Suffolk Constabulary,1.745418,52.478035,On or near Haward Street,E01030265,East Suffolk 004F,Violence and sexual offences,Under investigation,
2e1f55caff000ea0c351b2c4cd150389eae9388b3ec3575d05bddd72c3250eda,2026-04,Suffolk Constabulary,Suffolk Constabulary,1.743039,52.476734,On or near Ashby Road,E01030265,East Suffolk 004F,Violence and sexual offences,Awaiting court outcome,
f62ff3cb81ca8f50c25d233768f30ab45335044d8cc7c4663811e8116c3573c1,2026-04,Suffolk Constabulary,Suffolk Constabulary,1.743768,52.477683,On or near Beckham Road,E01030265,East Suffolk 004F,Violence and sexual offences,Under investigation,
84f8758561805eab0a7513c651b25acb5c8dee02ec0fb5f2c9fd2e547a4ca453,2026-04,Suffolk Constabulary,Suffolk Constabulary,1.735787,52.471648,On or near Canning Road,E01030255,East Suffolk 005A,Criminal damage and arson,Investigation complete; no suspect identified,
44bf2ab1c4fca0b12bb9a0004e6f8363ef68fe10d4faf682160f7a4226825e49,2026-04,Suffolk Constabulary,Suffolk Constabulary,1.729332,52.468991,On or near Notley Road,E01030255,East Suffolk 005A,Criminal damage and arson,Investigation complete; no suspect identified,
e0b9c7c8f34d565bde6aeb282d39d8786313f4649c16536fdfed423b58de4207,2026-04,Suffolk Constabulary,Suffolk Constabulary,1.729332,52.468991,On or near Notley Road,E01030255,East Suffolk 005A,Other theft,Unable to prosecute suspect,
d6b9f3b05f841618c6e324351b8d53929378d64dc8584625713254ffe8ecffdd,2026-04,Suffolk Constabulary,Suffolk Constabulary,1.735787,52.471648,On or near Canning Road,E01030255,East Suffolk 005A,Vehicle crime,Investigation complete; no suspect identified,
da31192cbd255b317d9f25327bbdf7f2052e031c2cff74f84e1dc8b4eefc52e4,2026-04,Suffolk Constabulary,Suffolk Constabulary,1.729332,52.468991,On or near Notley Road,E01030255,East Suffolk 005A,Vehicle crime,Investigation complete; no suspect identified,
46058dd71f7caa71a1d0b32bdb377f1b01331b0c45f17145f6a31010492f97dd,2026-04,Suffolk Constabulary,Suffolk Constabulary,1.730938,52.469696,On or near Kimberley Road,E01030255,East Suffolk 005A,Violence and sexual offences,Unable to prosecute suspect,
1bf6e030439bb8ff145ed2e9353e138f43f44e66e7ddd3f4c3a7d49a29905edc,2026-04,Suffolk Constabulary,Suffolk Constabulary,1.730938,52.469696,On or near Kimberley Road,E01030255,East Suffolk 005A,Violence and sexual offences,Unable to prosecute suspect,
,2026-04,Suffolk Constabulary,Suffolk Constabulary,1.728644,52.481228,On or near Parkside Drive,E01030263,East Suffolk 005B,Anti-social behaviour,,
,2026-04,Suffolk Constabulary,Suffolk Constabulary,1.724460,52.482098,On or near Monckton Crescent,E01030263,East Suffolk 005B,Anti-social behaviour,,
,2026-04,Suffolk Constabulary,Suffolk Constabulary,1.728644,52.481228,On or near Parkside Drive,E01030263,East Suffolk 005B,Anti-social behaviour,,
877787f65e25c4883578a6d85716b5d23f4fbc829b1120f2107e4bfe84715ced,2026-04,Suffolk Constabulary,Suffolk Constabulary,1.730001,52.483515,On or near Normanshurst Close,E01030263,East Suffolk 005B,Other theft,Action to be taken by another organisation,
a4b92439660ea241816dbdac50c829f848f206e022271f2881c202ed782b41d6,2026-04,Suffolk Constabulary,Suffolk Constabulary,1.728644,52.481228,On or near Parkside Drive,E01030263,East Suffolk 005B,Other theft,Investigation complete; no suspect identified,
f0bc6737f45d54eb97dbeaf02f3a351947a741c3d48aab2c0136bc4d4b95d036,2026-04,Suffolk Constabulary,Suffolk Constabulary,1.728644,52.481228,On or near Parkside Drive,E01030263,East Suffolk 005B,Public order,Investigation complete; no suspect identified,
aa09cbbce06858b84daba0b27fa7689f3b8d104e6d5ed9236d578ae3814a758c,2026-04,Suffolk Constabulary,Suffolk Constabulary,1.724700,52.483026,On or near Monckton Avenue,E01030263,East Suffolk 005B,Violence and sexual offences,Unable to prosecute suspect,
307675b327fadb24710ac07ca54a0bc74e9cfe919f854e884bf878ae9762f8c2,2026-04,Suffolk Constabulary,Suffolk Constabulary,1.730001,52.483515,On or near Normanshurst Close,E01030263,East Suffolk 005B,Violence and sexual offences,Unable to prosecute suspect,
eed39758f2fa46429c396f3ae589995f47c3f06751d6b116138a54d53f8a9542,2026-04,Suffolk Constabulary,Suffolk Constabulary,1.724700,52.483026,On or near Monckton Avenue,E01030263,East Suffolk 005B,Violence and sexual offences,Unable to prosecute suspect,
799c0d050ce21bfe0338a8496e008753a3f74ff918a7f2aadfc6a6cb2a7fb6fc,2026-04,Suffolk Constabulary,Suffolk Constabulary,1.730001,52.483515,On or near Normanshurst Close,E01030263,East Suffolk 005B,Violence and sexual offences,Unable to prosecute suspect,
d019116e95092f564ac9413ae0107383e7016b10405b8305cf5e7b8e65f41aac,2026-04,Suffolk Constabulary,Suffolk Constabulary,1.716218,52.478080,On or near Petrol Station,E01030270,East Suffolk 005C,Criminal damage and arson,Investigation complete; no suspect identified,
1abe64459ccfda754348e9249a4c59fb21bbc8a723c0a57dcff278c19db24a49,2026-04,Suffolk Constabulary,Suffolk Constabulary,1.716792,52.476600,On or near Harbour Road,E01030270,East Suffolk 005C,Other theft,Investigation complete; no suspect identified,
0916ed5aed14ee0eb6f4ac9fbbed21b140743699bcb3e09ac03d2823ff817ac2,2026-04,Suffolk Constabulary,Suffolk Constabulary,1.716388,52.477755,On or near Oulton Broad North,E01030270,East Suffolk 005C,Other theft,Local resolution,
7d07e254e68aae7244c8f237ad3543b76a7f257cb14bf245139a29a19a570972,2026-04,Suffolk Constabulary,Suffolk Constabulary,1.720844,52.479405,On or near Lakeland Drive,E01030270,East Suffolk 005C,Violence and sexual offences,Action to be taken by another organisation,
eb89c6dcac342706979db0524eabc5f66470de5fe886f96181152f14928437d3,2026-04,Suffolk Constabulary,Suffolk Constabulary,1.717406,52.477076,On or near Lothing Street,E01030270,East Suffolk 005C,Violence and sexual offences,Action to be taken by another organisation,
,2026-04,Suffolk Constabulary,Suffolk Constabulary,1.708450,52.472536,On or near Parking Area,E01030289,East Suffolk 005D,Anti-social behaviour,,
,2026-04,Suffolk Constabulary,Suffolk Constabulary,1.724808,52.469314,On or near Burnham Way,E01030289,East Suffolk 005D,Anti-social behaviour,,
,2026-04,Suffolk Constabulary,Suffolk Constabulary,1.724808,52.469314,On or near Burnham Way,E01030289,East Suffolk 005D,Anti-social behaviour,,
,2026-04,Suffolk Constabulary,Suffolk Constabulary,1.708450,52.472536,On or near Parking Area,E01030289,East Suffolk 005D,Anti-social behaviour,,
04f262981937ecc1708118499b616d29a999b279dc7dec96fdc0e605de3caabe,2026-04,Suffolk Constabulary,Suffolk Constabulary,1.724808,52.469314,On or near Burnham Way,E01030289,East Suffolk 005D,Criminal damage and arson,Investigation complete; no suspect identified,
3cdf4cd006b40b8975e94233c3626a420b6c84f478abea22e160f8f471ffd590,2026-04,Suffolk Constabulary,Suffolk Constabulary,1.724808,52.469314,On or near Burnham Way,E01030289,East Suffolk 005D,Other theft,Investigation complete; no suspect identified,
61f723c6abad31b80a7242ef2a5ee3d2a66bebe272316426a9b162f0ef193779,2026-04,Suffolk Constabulary,Suffolk Constabulary,1.724808,52.469314,On or near Burnham Way,E01030289,East Suffolk 005D,Other theft,Investigation complete; no suspect identified,
512e91885b68151a7dd4aed248cf2ff8b5cdca4b18607dcd18dccce366022406,2026-04,Suffolk Constabulary,Suffolk Constabulary,1.724808,52.469314,On or near Burnham Way,E01030289,East Suffolk 005D,Vehicle crime,Investigation complete; no suspect identified,
e3e1fdb6d1f6fd5229e497244766d3ce208b2d8cbff13c9be6d08b01fc36db0a,2026-04,Suffolk Constabulary,Suffolk Constabulary,1.725874,52.468336,On or near Privet Green,E01030289,East Suffolk 005D,Vehicle crime,Investigation complete; no suspect identified,
6386f533e430096e27642ed2344cd973bc3d1f33149a379d5c8219716a1db3e5,2026-04,Suffolk Constabulary,Suffolk Constabulary,1.708810,52.474009,On or near Parking Area,E01030289,East Suffolk 005D,Violence and sexual offences,Local resolution,
f4d78b95db728544cb4e61ed2067c92ff9abbc47da7cae5431fd1cf178f91ed3,2026-04,Suffolk Constabulary,Suffolk Constabulary,1.708849,52.469043,On or near Sycamore Avenue,E01030289,East Suffolk 005D,Violence and sexual offences,Under investigation,
39aca7eb4238ce0704e316162a5fcba0794f9f0accafce5ea527137a83a0d4bd,2026-04,Suffolk Constabulary,Suffolk Constabulary,1.722736,52.468156,On or near Maple Road,E01030289,East Suffolk 005D,Other crime,Awaiting court outcome,
,2026-04,Suffolk Constabulary,Suffolk Constabulary,1.718410,52.467681,On or near Cypress Way,E01030290,East Suffolk 005E,Anti-social behaviour,,
410a86a4e06794e707ea3e3bc572e38a726fca0a709172c513b7f6683b21c93b,2026-04,Suffolk Constabulary,Suffolk Constabulary,1.712091,52.470821,On or near Beeches Mobilehome Park,E01030290,East Suffolk 005E,Criminal damage and arson,Investigation complete; no suspect identified,
69da16c0a958c7a4b7b7680f54f8f08e488844ced459ac8cfe79f658357359d1,2026-04,Suffolk Constabulary,Suffolk Constabulary,1.719144,52.468872,On or near Lavender Close,E01030290,East Suffolk 005E,Violence and sexual offences,Unable to prosecute suspect,
c1bb51538deb4afd6eecaa7f2c833df77e5e26857591dde196b9f1e6bb721e02,2026-04,Suffolk Constabulary,Suffolk Constabulary,1.722908,52.469662,On or near Dell Road East,E01030290,East Suffolk 005E,Violence and sexual offences,Action to be taken by another organisation,
9a929a5df95c845c89a2dd5885dba523b09239cd87bc4b11f20e2ec8972eba5a,2026-04,Suffolk Constabulary,Suffolk Constabulary,1.722908,52.469662,On or near Dell Road East,E01030290,East Suffolk 005E,Violence and sexual offences,Under investigation,
67647c5ea062c0f3cc5113ff5032dc883c2682590d9f4d8c9601e085fc91e21c,2026-04,Suffolk Constabulary,Suffolk Constabulary,1.718664,52.469463,On or near Skoulding Close,E01030290,East Suffolk 005E,Violence and sexual offences,Unable to prosecute suspect,
,2026-04,Suffolk Constabulary,Suffolk Constabulary,1.755661,52.485167,On or near Belle Vue Close,E01030247,East Suffolk 006A,Anti-social behaviour,,
,2026-04,Suffolk Constabulary,Suffolk Constabulary,1.755831,52.483884,On or near Albany Road,E01030247,East Suffolk 006A,Anti-social behaviour,,
,2026-04,Suffolk Constabulary,Suffolk Constabulary,1.760357,52.480808,On or near Gas Works Road,E01030247,East Suffolk 006A,Anti-social behaviour,,
b4b2f9741cf039387f42b848c6a6de88c79d3f5c2f7954326042d432bad4f616,2026-04,Suffolk Constabulary,Suffolk Constabulary,1.755057,52.481543,On or near Dukes Head Street,E01030247,East Suffolk 006A,Bicycle theft,Investigation complete; no suspect identified,
acfb0d61ad588e6eb725cf133f6dca025df09bad0853e0a83c31cebab58a84dd,2026-04,Suffolk Constabulary,Suffolk Constabulary,1.754434,52.478208,On or near London Road North,E01030247,East Suffolk 006A,Burglary,Investigation complete; no suspect identified,
abb3f2dd3b5e21de302b428c2cb8d7f01c89e9a45a08f33f51d5ca39100f875b,2026-04,Suffolk Constabulary,Suffolk Constabulary,1.756852,52.479093,On or near Herring Fishery Score,E01030247,East Suffolk 006A,Criminal damage and arson,Investigation complete; no suspect identified,
85f939b6c0a008333a175961fe877fc1fd90fabfc1594feefa85c2b8c4ab4309,2026-04,Suffolk Constabulary,Suffolk Constabulary,1.755645,52.482568,On or near Crown Street East,E01030247,East Suffolk 006A,Criminal damage and arson,Investigation complete; no suspect identified,
5569b70497d6d66157a911e75c11a5f720899ed72d66367011244f307aafff44,2026-04,Suffolk Constabulary,Suffolk Constabulary,1.756820,52.486839,On or near Lighthouse Score,E01030247,East Suffolk 006A,Criminal damage and arson,Investigation complete; no suspect identified,
d5e40122e7175d6159b2da20bc77a76ad37b5e0a668da5c54a4b399e8b3d980e,2026-04,Suffolk Constabulary,Suffolk Constabulary,1.752609,52.482385,On or near Elim Terrace,E01030247,East Suffolk 006A,Criminal damage and arson,Investigation complete; no suspect identified,
3099d7b0f50a974f806e7b0eea2432ce9662794dc91f60f3d0c2aa2e92ff3b52,2026-04,Suffolk Constabulary,Suffolk Constabulary,1.751954,52.473825,On or near Waveney Road,E01030247,East Suffolk 006A,Criminal damage and arson,Local resolution,
ce4a5fbfb999ccbd903ba3779b09160046fdc9391f103ee4ad9d34d013ab2feb,2026-04,Suffolk Constabulary,Suffolk Constabulary,1.752609,52.482385,On or near Elim Terrace,E01030247,East Suffolk 006A,Criminal damage and arson,Unable to prosecute suspect,
1bad50e485fefedbf3622448daded1c1d0b63266e6ac29159e56cd959911bd44,2026-04,Suffolk Constabulary,Suffolk Constabulary,1.752609,52.482385,On or near Elim Terrace,E01030247,East Suffolk 006A,Criminal damage and arson,Investigation complete; no suspect identified,
ce2b7815ebbc3ee123a4f03e3004bbc21198da00c452bf78a696deeaa0dd1313,2026-04,Suffolk Constabulary,Suffolk Constabulary,1.756110,52.482661,On or near High Street,E01030247,East Suffolk 006A,Drugs,Awaiting court outcome,
048c7a6841b7e0909f5efa6e99efff9d0bcd0ebd1ad5f08db125375ffd10b24d,2026-04,Suffolk Constabulary,Suffolk Constabulary,1.754434,52.478208,On or near London Road North,E01030247,East Suffolk 006A,Drugs,Under investigation,
a795e4264fa15266cfe5fb41e13540b3923955636c069f8b40da44bc2d06694e,2026-04,Suffolk Constabulary,Suffolk Constabulary,1.755935,52.484671,On or near Petrol Station,E01030247,East Suffolk 006A,Other theft,Investigation complete; no suspect identified,
098ad104057d9836efead104423cf560f8c2af01367c0380da75b5e3331f9f6f,2026-04,Suffolk Constabulary,Suffolk Constabulary,1.752609,52.482385,On or near Elim Terrace,E01030247,East Suffolk 006A,Other theft,Investigation complete; no suspect identified,
ebcd1fc7f295574c3df70c821474f724719e305052dcfdb5cd533a8303cbf920,2026-04,Suffolk Constabulary,Suffolk Constabulary,1.755935,52.484671,On or near Petrol Station,E01030247,East Suffolk 006A,Other theft,Investigation complete; no suspect identified,
f8727f9197b94b52bdf511fa42240a6f1c05985257c38fd782c938824d2e1822,2026-04,Suffolk Constabulary,Suffolk Constabulary,1.754707,52.480376,On or near Triangle Yard,E01030247,East Suffolk 006A,Possession of weapons,Under investigation,
cd3f14c69ac6f43aedf9b10c61159a52097e5fa828ad77b78a3563fc2840fc0b,2026-04,Suffolk Constabulary,Suffolk Constabulary,1.752591,52.475775,On or near Shopping Area,E01030247,East Suffolk 006A,Public order,Local resolution,
bdfa8f8d77f21d4592997c865f73ef2194029485adfd5858d2b86415f11ac3db,2026-04,Suffolk Constabulary,Suffolk Constabulary,1.756852,52.479093,On or near Herring Fishery Score,E01030247,East Suffolk 006A,Public order,Under investigation,
5e123c895082fdd99dd101fc4a3ac7014db04fd7b8490aa2fb61ac4fdf6849dc,2026-04,Suffolk Constabulary,Suffolk Constabulary,1.755122,52.484554,On or near The Hemplands,E01030247,East Suffolk 006A,Public order,Unable to prosecute suspect,
cd269846a5a58df0441cdceffe3fe1080e0f532e9cd1bc8af8e691a7498f9acd,2026-04,Suffolk Constabulary,Suffolk Constabulary,1.756852,52.479093,On or near Herring Fishery Score,E01030247,East Suffolk 006A,Public order,Unable to prosecute suspect,
c809ba2daf9b044766e4802cd3f0f689f2e5b48789a95368ba3e5ad357178da2,2026-04,Suffolk Constabulary,Suffolk Constabulary,1.756852,52.479093,On or near Herring Fishery Score,E01030247,East Suffolk 006A,Public order,Under investigation,
a6130936bcb54a6b45734f601689dee67f4f183ebf729e530aee8b08a274a3e9,2026-04,Suffolk Constabulary,Suffolk Constabulary,1.756852,52.479093,On or near Herring Fishery Score,E01030247,East Suffolk 006A,Public order,Unable to prosecute suspect,
1a1b2be544e9ba47a7c18813805bf5d2ffee6cd23ee48c50a9340eddaeae6176,2026-04,Suffolk Constabulary,Suffolk Constabulary,1.753286,52.476670,On or near Shopping Area,E01030247,East Suffolk 006A,Public order,Awaiting court outcome,
eb414cdbd91959f0bfed4a3f327d1942f4616056e8378f64818bc9000a03d5bf,2026-04,Suffolk Constabulary,Suffolk Constabulary,1.752591,52.475775,On or near Shopping Area,E01030247,East Suffolk 006A,Shoplifting,Investigation complete; no suspect identified,
d1d5b85f61801c65f0856cd4d2f62bc7da00a73467c7177369604fe739cc23b8,2026-04,Suffolk Constabulary,Suffolk Constabulary,1.752591,52.475775,On or near Shopping Area,E01030247,East Suffolk 006A,Shoplifting,Investigation complete; no suspect identified,
9a90dbc848503764184192d9e52cdfe66714fc784d0e68c1ee8a5392df53529b,2026-04,Suffolk Constabulary,Suffolk Constabulary,1.753286,52.476670,On or near Shopping Area,E01030247,East Suffolk 006A,Shoplifting,Under investigation,
39e3077f1aa9e6b87b4325f14a5be2475d3269568b2e788e8340313af48363a5,2026-04,Suffolk Constabulary,Suffolk Constabulary,1.753387,52.475947,On or near Theatre/Concert Hall,E01030247,East Suffolk 006A,Shoplifting,Local resolution,
cd3dfe4ce551341ad90fc0359163e4b5724cffb5aaf14ff8c8566bac3f3b2214,2026-04,Suffolk Constabulary,Suffolk Constabulary,1.753928,52.481084,On or near Parking Area,E01030247,East Suffolk 006A,Vehicle crime,Unable to prosecute suspect,
d307fa32386cf39c1322f24ef8ed691a784391e9be83d1fcd286d68e490f3410,2026-04,Suffolk Constabulary,Suffolk Constabulary,1.752193,52.483199,On or near Crown Street West,E01030247,East Suffolk 006A,Violence and sexual offences,Action to be taken by another organisation,
0e044de2c0417c571d6ce8dcdfec5bcfaec1b396061ccd7e77dec86147b1200d,2026-04,Suffolk Constabulary,Suffolk Constabulary,1.755831,52.483884,On or near Albany Road,E01030247,East Suffolk 006A,Violence and sexual offences,Investigation complete; no suspect identified,
6e91bc9c1ba2ecad9cb1000f9d52726fe12dbc56cd3c29aa1ccdf181c950536c,2026-04,Suffolk Constabulary,Suffolk Constabulary,1.754523,52.482882,On or near White Horse Street,E01030247,East Suffolk 006A,Violence and sexual offences,Unable to prosecute suspect,
da4a5a070a438c1b552eaf9cb063872c62a189acb7510ad5b468bf9e65a866a5,2026-04,Suffolk Constabulary,Suffolk Constabulary,1.755459,52.477959,On or near Old Nelson Street,E01030247,East Suffolk 006A,Violence and sexual offences,Under investigation,
dd87300228dbf41f85b46eebd91d22a5efb87b5f03b3e4b828f590e6e01064d3,2026-04,Suffolk Constabulary,Suffolk Constabulary,1.754434,52.478208,On or near London Road North,E01030247,East Suffolk 006A,Violence and sexual offences,Under investigation,
6e247c01afb3aebb225e39f951445db6bbdf4afe0e6d562d720d4ed61eddf62e,2026-04,Suffolk Constabulary,Suffolk Constabulary,1.756110,52.482661,On or near High Street,E01030247,East Suffolk 006A,Violence and sexual offences,Under investigation,
3848a22ddefff0c6808c561350730d284ed9c2eacfc240c9324288327be3fa5c,2026-04,Suffolk Constabulary,Suffolk Constabulary,1.755831,52.483884,On or near Albany Road,E01030247,East Suffolk 006A,Violence and sexual offences,Local resolution,
38252d4039bc139ca2dbf2c5efacbd0e4645a8ec2b9154d42e1bb5c51b23061f,2026-04,Suffolk Constabulary,Suffolk Constabulary,1.757997,52.480253,On or near Cumberland Place,E01030247,East Suffolk 006A,Violence and sexual offences,Awaiting court outcome,
86abec6b9c913f9ad0a87477ed21c786710d11ce6d7dff5955124037951d5036,2026-04,Suffolk Constabulary,Suffolk Constabulary,1.751933,52.482569,On or near Thurston Road,E01030247,East Suffolk 006A,Violence and sexual offences,Unable to prosecute suspect,
e2f83fa8b6324aee5246488df8762b9da5e8f98390a08b04af3b86081cb0235b,2026-04,Suffolk Constabulary,Suffolk Constabulary,1.756852,52.479093,On or near Herring Fishery Score,E01030247,East Suffolk 006A,Violence and sexual offences,Unable to prosecute suspect,
b969ad45dac644640da5342d16466fde25a2c54f77c161938cf3ddedebd7c59a,2026-04,Suffolk Constabulary,Suffolk Constabulary,1.754523,52.482882,On or near White Horse Street,E01030247,East Suffolk 006A,Violence and sexual offences,Awaiting court outcome,
3d63939550c4834fc1aa123c570c4a2e864f739755107cf01dec3b90bb936fcb,2026-04,Suffolk Constabulary,Suffolk Constabulary,1.756820,52.486839,On or near Lighthouse Score,E01030247,East Suffolk 006A,Violence and sexual offences,Unable to prosecute suspect,
64328e403b439f9d004b6c4264515a10c437dd606fc206bbd9e8e6f199b2b397,2026-04,Suffolk Constabulary,Suffolk Constabulary,1.754434,52.478208,On or near London Road North,E01030247,East Suffolk 006A,Violence and sexual offences,Investigation complete; no suspect identified,
a841f8ffd5f6f242d590c947e21474509c8d8f499a310e733ede87adf03b9c89,2026-04,Suffolk Constabulary,Suffolk Constabulary,1.755559,52.484495,On or near Camden Street,E01030247,East Suffolk 006A,Violence and sexual offences,Unable to prosecute suspect,
f7498a6489b33330ced8a34c78a2228c1c5b76977bac0c2b943b4def6b25d02a,2026-04,Suffolk Constabulary,Suffolk Constabulary,1.756046,52.477761,On or near Parking Area,E01030247,East Suffolk 006A,Violence and sexual offences,Investigation complete; no suspect identified,
4f5aeffce5e27ad03dd9999de5ab6dabf3d6674b580a1e2faafaac7f53949693,2026-04,Suffolk Constabulary,Suffolk Constabulary,1.755661,52.485167,On or near Belle Vue Close,E01030247,East Suffolk 006A,Violence and sexual offences,Under investigation,
88ab798a8a5b3b1a45b54f6b9e01535597aa1f1266d2cf5b02b15733bee44fef,2026-04,Suffolk Constabulary,Suffolk Constabulary,1.751954,52.473825,On or near Waveney Road,E01030247,East Suffolk 006A,Violence and sexual offences,Under investigation,
2547a85a0a2d69299b7d8d65fa1a80d070706cedc0f36b8745610da9c6f4dc65,2026-04,Suffolk Constabulary,Suffolk Constabulary,1.756046,52.477761,On or near Parking Area,E01030247,East Suffolk 006A,Violence and sexual offences,Awaiting court outcome,
f44d3bdc74f7505f61c13937d27666a0e12a4146231f81da3bf14d41e8397b2a,2026-04,Suffolk Constabulary,Suffolk Constabulary,1.757943,52.488953,On or near Parking Area,E01030247,East Suffolk 006A,Violence and sexual offences,Under investigation,
55148ce60504d0fc4e59df2c16361a5425e81edb23c5c84f2403fb3de100c18b,2026-04,Suffolk Constabulary,Suffolk Constabulary,1.755831,52.483884,On or near Albany Road,E01030247,East Suffolk 006A,Violence and sexual offences,Unable to prosecute suspect,
0f305daa60cd4817aa700ba4ddbc37e5196c1eb9ba86c9a06244f267927519bb,2026-04,Suffolk Constabulary,Suffolk Constabulary,1.758673,52.483173,On or near Whapload Road,E01030247,East Suffolk 006A,Violence and sexual offences,Unable to prosecute suspect,
,2026-04,Suffolk Constabulary,Suffolk Constabulary,1.740918,52.468067,On or near Salisbury Road,E01030254,East Suffolk 006B,Anti-social behaviour,,
f40c4bce0cd82f47f56c9afba10c4f6117afc6bb07a7a24bdcb17b9ab5c08276,2026-04,Suffolk Constabulary,Suffolk Constabulary,1.740940,52.466762,On or near Ontario Road,E01030254,East Suffolk 006B,Violence and sexual offences,Investigation complete; no suspect identified,
6df20d52dde55dc7b9f43d323ec8352b27f9e5fb2c7457d0e156a59910bd1d0c,2026-04,Suffolk Constabulary,Suffolk Constabulary,1.742697,52.467858,On or near Clifton Road,E01030254,East Suffolk 006B,Violence and sexual offences,Unable to prosecute suspect,
187974e4cd81675f8263e9e2a51c6e6e1ce844052bc1c62b65863babf38916d4,2026-04,Suffolk Constabulary,Suffolk Constabulary,1.743477,52.464209,On or near Parking Area,E01030256,East Suffolk 006C,Burglary,Investigation complete; no suspect identified,
fa1ce894a57fc5aa6734b5510288fb3ff3574b2a94ecc3e1a71725c7ecc73c89,2026-04,Suffolk Constabulary,Suffolk Constabulary,1.741726,52.465442,On or near Richmond Place,E01030256,East Suffolk 006C,Criminal damage and arson,Investigation complete; no suspect identified,
7b961f19f76ff737628d9da961fa6e1065fee4ca27f531efde422b9f620f3b6c,2026-04,Suffolk Constabulary,Suffolk Constabulary,1.740749,52.460526,On or near Park/Open Space,E01030256,East Suffolk 006C,Criminal damage and arson,Investigation complete; no suspect identified,
362557834294d19c491e98d1b3e54d5918d5952952e8f143c8dc57349ac9219c,2026-04,Suffolk Constabulary,Suffolk Constabulary,1.741899,52.465392,On or near Richmond Road,E01030256,East Suffolk 006C,Public order,Under investigation,
229e94665db1c8efe4259a13af733a93bcacf32e18cd58b1e8f0082d5fbfc546,2026-04,Suffolk Constabulary,Suffolk Constabulary,1.744680,52.465717,On or near Parking Area,E01030256,East Suffolk 006C,Theft from the person,Investigation complete; no suspect identified,
9b7ee12c36b45ff59adb5686ec93acee433f44f0d2f8ebfa5380b9c5e80f373a,2026-04,Suffolk Constabulary,Suffolk Constabulary,1.741201,52.462203,On or near Kirkley Cliff Road,E01030256,East Suffolk 006C,Vehicle crime,Investigation complete; no suspect identified,
52455b8c9df483a6889bdd33fa524ec270257ca313fc3a4e253bda2132c93726,2026-04,Suffolk Constabulary,Suffolk Constabulary,1.740587,52.463122,On or near London Road South,E01030256,East Suffolk 006C,Violence and sexual offences,Unable to prosecute suspect,
,2026-04,Suffolk Constabulary,Suffolk Constabulary,1.742698,52.469603,On or near Kirkley Rise,E01030258,East Suffolk 006D,Anti-social behaviour,,
a57756d50fe8371075eb7fe0c805a4e4ddf1bfaf6f55e51e307bef2ec754fd51,2026-04,Suffolk Constabulary,Suffolk Constabulary,1.735099,52.469088,On or near Durban Road,E01030258,East Suffolk 006D,Bicycle theft,Investigation complete; no suspect identified,
a2f88c06715892278274deb945c85c279768648bb707af671817a67110cf8cfe,2026-04,Suffolk Constabulary,Suffolk Constabulary,1.748819,52.471604,On or near Parade Road North,E01030258,East Suffolk 006D,Burglary,Investigation complete; no suspect identified,
6394d8ecc97146779eb879e4f6f0eba11321205fe89021a6c6cc5ed4ceb00362,2026-04,Suffolk Constabulary,Suffolk Constabulary,1.735099,52.469088,On or near Durban Road,E01030258,East Suffolk 006D,Criminal damage and arson,Investigation complete; no suspect identified,
d3b788971893162c5f6f8f3f244b1b278e58a320ba3377a34fedf1b8172454be,2026-04,Suffolk Constabulary,Suffolk Constabulary,1.747884,52.469790,On or near Parking Area,E01030258,East Suffolk 006D,Criminal damage and arson,Unable to prosecute suspect,
7543bee1fb4635c1e364b34532ee51119f648b1f62affe45ce968deea0eab909,2026-04,Suffolk Constabulary,Suffolk Constabulary,1.745401,52.470039,On or near Mill Road,E01030258,East Suffolk 006D,Criminal damage and arson,Investigation complete; no suspect identified,
a0b1bf7752f6e9a15eff73a434e07b44719fb34d315b7b19fbfd241de8baef9d,2026-04,Suffolk Constabulary,Suffolk Constabulary,1.745384,52.469140,On or near Grosvenor Road,E01030258,East Suffolk 006D,Criminal damage and arson,Unable to prosecute suspect,
a9aa421b583c194707bf6e5bb6f5b71bd4bca11b192a2899466b5e7f22b6e46e,2026-04,Suffolk Constabulary,Suffolk Constabulary,1.745401,52.470039,On or near Mill Road,E01030258,East Suffolk 006D,Criminal damage and arson,Investigation complete; no suspect identified,
7fc81bdf53726f002465384ab5b8365cebd6c10f5965cc28dca949dc88a8c38d,2026-04,Suffolk Constabulary,Suffolk Constabulary,1.745384,52.469140,On or near Grosvenor Road,E01030258,East Suffolk 006D,Criminal damage and arson,Investigation complete; no suspect identified,
7483d7c05300ce9ba669d17f339996916ca5a46cc61a7a9617a13fff451a757d,2026-04,Suffolk Constabulary,Suffolk Constabulary,1.745401,52.470039,On or near Mill Road,E01030258,East Suffolk 006D,Criminal damage and arson,Investigation complete; no suspect identified,
efd1a1eeebc8ee39ac0e707c2aa98ea753223b681090f5d10ccefdeb17f06889,2026-04,Suffolk Constabulary,Suffolk Constabulary,1.735099,52.469088,On or near Durban Road,E01030258,East Suffolk 006D,Drugs,Local resolution,
1a31ce93037742cb0c5ee5846a6b4e66011aefa40084c920521dbe22c8bdb222,2026-04,Suffolk Constabulary,Suffolk Constabulary,1.741249,52.471619,On or near Supermarket,E01030258,East Suffolk 006D,Shoplifting,Awaiting court outcome,
dbd7bbd44a5dde0a467cff1dfebe7e9ec338334ee2a9ac3a9585a3b2b7690c6a,2026-04,Suffolk Constabulary,Suffolk Constabulary,1.742294,52.470911,On or near Petrol Station,E01030258,East Suffolk 006D,Shoplifting,Investigation complete; no suspect identified,
0f8f7597cf2dd048df4515e1acd1c633406f6bac5bd023a3b640a58259a94bb4,2026-04,Suffolk Constabulary,Suffolk Constabulary,1.743496,52.466682,On or near Supermarket,E01030258,East Suffolk 006D,Shoplifting,Investigation complete; no suspect identified,
4db37ae460252f7a18b26d9880426f60fd66de07e1a2cef12c15b65f0cbd1d52,2026-04,Suffolk Constabulary,Suffolk Constabulary,1.741249,52.471619,On or near Supermarket,E01030258,East Suffolk 006D,Shoplifting,Offender given a caution,
e6f736b37e048482f17fd97021b1e4b7a84690bc33b4b705525a4b2aa6129bcf,2026-04,Suffolk Constabulary,Suffolk Constabulary,1.742294,52.470911,On or near Petrol Station,E01030258,East Suffolk 006D,Shoplifting,Investigation complete; no suspect identified,
6377fd754fec609794405a1ade944c217e36bffd06f0c8d29e913d892fe9a4f7,2026-04,Suffolk Constabulary,Suffolk Constabulary,1.741249,52.471619,On or near Supermarket,E01030258,East Suffolk 006D,Shoplifting,Investigation complete; no suspect identified,
baf4099483433c734f6ab08ababda13081110b724a1c6cfb752078b9c21703f0,2026-04,Suffolk Constabulary,Suffolk Constabulary,1.745039,52.468719,On or near Windsor Road,E01030258,East Suffolk 006D,Vehicle crime,Investigation complete; no suspect identified,
66f5ddbe72ebeb162a3e95e6af35f6652812bdf2d534bfae0c24da5dbf1c2683,2026-04,Suffolk Constabulary,Suffolk Constabulary,1.748819,52.471604,On or near Parade Road North,E01030258,East Suffolk 006D,Vehicle crime,Investigation complete; no suspect identified,
9ee93bcfa765692d2c3f00da688e13e470feb1846d2d99e4541f91d2abe200f6,2026-04,Suffolk Constabulary,Suffolk Constabulary,1.748819,52.471604,On or near Parade Road North,E01030258,East Suffolk 006D,Vehicle crime,Investigation complete; no suspect identified,
9e5ef90f50998b0790cdced9effaba460a03c734e74f558815cadfd8c1602d3e,2026-04,Suffolk Constabulary,Suffolk Constabulary,1.745401,52.470039,On or near Mill Road,E01030258,East Suffolk 006D,Violence and sexual offences,Unable to prosecute suspect,
122530d499cc420b6204ab306d14352f776d7d47c501d1c29f50984c1a5c6458,2026-04,Suffolk Constabulary,Suffolk Constabulary,1.746534,52.470894,On or near St John'S Road,E01030258,East Suffolk 006D,Violence and sexual offences,Under investigation,
000e59cb4f6719ea12077c6f0aca44b819331f1e0cfba2988de1f5771946bffb,2026-04,Suffolk Constabulary,Suffolk Constabulary,1.735099,52.469088,On or near Durban Road,E01030258,East Suffolk 006D,Violence and sexual offences,Unable to prosecute suspect,
10e667f2b1ac391b599d3d47ff774525856c5e25879304badea186260ee2b976,2026-04,Suffolk Constabulary,Suffolk Constabulary,1.747884,52.469790,On or near Parking Area,E01030258,East Suffolk 006D,Violence and sexual offences,Unable to prosecute suspect,
88583d14a1b36ae869ef6bd0859159ef0cda01d5e225b8be2611a8e81e29def3,2026-04,Suffolk Constabulary,Suffolk Constabulary,1.740740,52.469782,On or near Harrod Close,E01030258,East Suffolk 006D,Violence and sexual offences,Unable to prosecute suspect,
53384c4adbbf0544a6e45a03844cb70e6645c2a3c274c527fe1af587e6302440,2026-04,Suffolk Constabulary,Suffolk Constabulary,1.746534,52.470894,On or near St John'S Road,E01030258,East Suffolk 006D,Violence and sexual offences,Under investigation,
b2a466762a73cad0169e092af16776c5ece4b47509c3076e60e975e4ff72b004,2026-04,Suffolk Constabulary,Suffolk Constabulary,1.744221,52.467765,On or near Economy Road,E01030258,East Suffolk 006D,Violence and sexual offences,Unable to prosecute suspect,
63ab72cb6fc0b50ee7e6ef2ba348a9e0d77385b87791f6659cd822702a35da28,2026-04,Suffolk Constabulary,Suffolk Constabulary,1.748819,52.471604,On or near Parade Road North,E01030258,East Suffolk 006D,Violence and sexual offences,Investigation complete; no suspect identified,
a151e341381106beb478dd04e22c91859e448695826d8646d432331660f564ea,2026-04,Suffolk Constabulary,Suffolk Constabulary,1.742345,52.466664,On or near Lawson Road,E01030258,East Suffolk 006D,Violence and sexual offences,Unable to prosecute suspect,
0f9de9f31a213aa599e7a021ae1fcb0ad773083b7696b3edc7b563ab1c49f08b,2026-04,Suffolk Constabulary,Suffolk Constabulary,1.745401,52.470039,On or near Mill Road,E01030258,East Suffolk 006D,Violence and sexual offences,Unable to prosecute suspect,
f18c07e07857d35b445866128ac6b770bcfa5bae7c772f9617d1d5d599b4e008,2026-04,Suffolk Constabulary,Suffolk Constabulary,1.745401,52.470039,On or near Mill Road,E01030258,East Suffolk 006D,Violence and sexual offences,Unable to prosecute suspect,
b8a079530765221d3e6c4551ee3a7b5db5d07cc1a9f640893065248e6006c49a,2026-04,Suffolk Constabulary,Suffolk Constabulary,1.744221,52.467765,On or near Economy Road,E01030258,East Suffolk 006D,Violence and sexual offences,Unable to prosecute suspect,
bfcfe00f539ab03a87f641f484aafdb2cf02f13d891c3d1d891f5f3da0cf8ef2,2026-04,Suffolk Constabulary,Suffolk Constabulary,1.745039,52.468719,On or near Windsor Road,E01030258,East Suffolk 006D,Violence and sexual offences,Investigation complete; no suspect identified,
48d19a45f34545aec0f3d75411877d77d33427525a73c515c6ddd8df03481458,2026-04,Suffolk Constabulary,Suffolk Constabulary,1.737854,52.457811,On or near Wilson Road,E01030276,East Suffolk 006E,Criminal damage and arson,Unable to prosecute suspect,
9e6dc11ddc847cddf1d6015a095772378610ceb1047456896dcac65ab85c62ff,2026-04,Suffolk Constabulary,Suffolk Constabulary,1.736601,52.456403,On or near St George'S Road,E01030276,East Suffolk 006E,Criminal damage and arson,Under investigation,
7f172c848a05ba72bb41b5624786bf01f23f51744b815dc6f9ae0ce693ea4aaa,2026-04,Suffolk Constabulary,Suffolk Constabulary,1.736601,52.456403,On or near St George'S Road,E01030276,East Suffolk 006E,Criminal damage and arson,Investigation complete; no suspect identified,
03a74d49b48f3812687705a87a8756ac2963980b65015b86b67a27cb15185ddb,2026-04,Suffolk Constabulary,Suffolk Constabulary,1.733990,52.456701,On or near Short Street,E01030276,East Suffolk 006E,Public order,Unable to prosecute suspect,
7e019fb1297f9c28ee69535a6445888fec6c4b1437c6b4e3060ee06f8dacb17f,2026-04,Suffolk Constabulary,Suffolk Constabulary,1.739644,52.456702,On or near Parking Area,E01030276,East Suffolk 006E,Vehicle crime,Under investigation,
90108a5baa11395ae8b626310e040b400d00ce68b222b980ab2d55e8b4471caf,2026-04,Suffolk Constabulary,Suffolk Constabulary,1.736455,52.457811,On or near Morton Road,E01030276,East Suffolk 006E,Vehicle crime,Investigation complete; no suspect identified,
e3414f2a8450872d6b4a47b54d8ff7a437a632623ae43990a817cdae7f0c48ff,2026-04,Suffolk Constabulary,Suffolk Constabulary,1.708786,52.467075,On or near Richards'S Close,E01030235,East Suffolk 007B,Bicycle theft,Investigation complete; no suspect identified,
4a2ddc1e106a9347f1758c936c7b61c71b8b5897caf1d72e8f06bece33a6e441,2026-04,Suffolk Constabulary,Suffolk Constabulary,1.701033,52.462613,On or near Fulmar Way,E01030235,East Suffolk 007B,Criminal damage and arson,Investigation complete; no suspect identified,
17c8a0f3221f6f73e1558a37b71f21ffc55de4209530ea6a224e1dfe561d91e1,2026-04,Suffolk Constabulary,Suffolk Constabulary,1.706859,52.469375,On or near Oulton Broad South,E01030235,East Suffolk 007B,Drugs,Awaiting court outcome,
0b535cb8af8c2f78978fd07650a09f2c3dc1d627ec5fb2e2fd351855b468af3d,2026-04,Suffolk Constabulary,Suffolk Constabulary,1.703185,52.463859,On or near Chichester Drive,E01030235,East Suffolk 007B,Other theft,Investigation complete; no suspect identified,
fa175e33059f6ddd82227ef0b72961c93639a952e1dc2067791b1f9b17997efc,2026-04,Suffolk Constabulary,Suffolk Constabulary,1.699728,52.466202,On or near Petrol Station,E01030235,East Suffolk 007B,Shoplifting,Investigation complete; no suspect identified,
51481fc6fee62b262ed58ed06d7d7cfb4bdddd21c87f899dcb6d854ebd8cbe46,2026-04,Suffolk Constabulary,Suffolk Constabulary,1.704189,52.466526,On or near Fairfield Road,E01030235,East Suffolk 007B,Vehicle crime,Investigation complete; no suspect identified,
60b9073ccbdab3fe0c7f58242832b7609f27aee1802ee360c49c3c47a973a3dd,2026-04,Suffolk Constabulary,Suffolk Constabulary,1.700192,52.467326,On or near Smith'S Walk,E01030235,East Suffolk 007B,Violence and sexual offences,Under investigation,
2cdafa9ae529a1df41192e827c956d3a433bd8155d6db8e21a18404f79aa2b42,2026-04,Suffolk Constabulary,Suffolk Constabulary,1.706466,52.465402,On or near Beverley Close,E01030235,East Suffolk 007B,Violence and sexual offences,Unable to prosecute suspect,
3281a4ecd4c04de4d6e1dc747e02d550ed8ee48e8651138dd25c39a88b738d55,2026-04,Suffolk Constabulary,Suffolk Constabulary,1.706859,52.469375,On or near Oulton Broad South,E01030235,East Suffolk 007B,Violence and sexual offences,Under investigation,
5161522ec5e90004ffce35c59d6b90217bbed62237bb3da209793c8e7a3d9756,2026-04,Suffolk Constabulary,Suffolk Constabulary,1.700192,52.467326,On or near Smith'S Walk,E01030235,East Suffolk 007B,Violence and sexual offences,Under investigation,
897c0f5deae1874731f0c189c82bbb489f46e63939f325c6e7dd1d4a36803df5,2026-04,Suffolk Constabulary,Suffolk Constabulary,1.702151,52.463127,On or near Burnt Hill Way,E01030235,East Suffolk 007B,Violence and sexual offences,Unable to prosecute suspect,
,2026-04,Suffolk Constabulary,Suffolk Constabulary,1.707894,52.482556,On or near Fern Avenue,E01030268,East Suffolk 007C,Anti-social behaviour,,
69c956aa5041f331ceed799f4ac8090067bdf83ab405c0b88225a7bb06572881,2026-04,Suffolk Constabulary,Suffolk Constabulary,1.709737,52.483613,On or near Sands Lane,E01030268,East Suffolk 007C,Vehicle crime,Investigation complete; no suspect identified,
5c33652f9aa617684bde928d27f456a55f3c26b5a36b7d2a8da4cc4aaa536b2a,2026-04,Suffolk Constabulary,Suffolk Constabulary,1.707894,52.482556,On or near Fern Avenue,E01030268,East Suffolk 007C,Violence and sexual offences,Unable to prosecute suspect,
17745bc5ded80abf4c525767242889a37d2a1c008f07886adf114a25bc00edc7,2026-04,Suffolk Constabulary,Suffolk Constabulary,1.696079,52.480983,On or near St Michael'S Close,E01030268,East Suffolk 007C,Violence and sexual offences,Investigation complete; no suspect identified,
,2026-04,Suffolk Constabulary,Suffolk Constabulary,1.699576,52.477357,On or near Borrow Road,E01030269,East Suffolk 007D,Anti-social behaviour,,
a81cb9e83197bc51054f34b60fea0cc99d270c90f62125dec03e6db65e537f62,2026-04,Suffolk Constabulary,Suffolk Constabulary,1.699576,52.477357,On or near Borrow Road,E01030269,East Suffolk 007D,Vehicle crime,Investigation complete; no suspect identified,
9501938a3872b1ee1bfbc4292054d9318c59aa2bf403b5bdf7ca7b5f2919fefe,2026-04,Suffolk Constabulary,Suffolk Constabulary,1.707099,52.479756,On or near Moyes Road,E01030269,East Suffolk 007D,Violence and sexual offences,Investigation complete; no suspect identified,
,2026-04,Suffolk Constabulary,Suffolk Constabulary,1.716820,52.462972,On or near Westwood Avenue,E01030288,East Suffolk 007E,Anti-social behaviour,,
39a8e23fab23af83010947472005e6a6f98de8cda7c78092a3dce21752c36291,2026-04,Suffolk Constabulary,Suffolk Constabulary,1.712345,52.458616,On or near Sandbank Road,E01030288,East Suffolk 007E,Burglary,Investigation complete; no suspect identified,
17c8817c93692d2d54b014639caf679b9ac8d51705f9da7d34b6329f2ddea78d,2026-04,Suffolk Constabulary,Suffolk Constabulary,1.714774,52.460005,On or near Broadwaters Road,E01030288,East Suffolk 007E,Violence and sexual offences,Unable to prosecute suspect,
fa85a2aefa7592a622c2dfd6378bbc532cf5c903236d33cdf6d4e69227f44e53,2026-04,Suffolk Constabulary,Suffolk Constabulary,1.714774,52.460005,On or near Broadwaters Road,E01030288,East Suffolk 007E,Violence and sexual offences,Investigation complete; no suspect identified,
c052686f70eeb6be28a4829a078460d73a467fac15185c5aa2c576b2069bb168,2026-04,Suffolk Constabulary,Suffolk Constabulary,1.699959,52.463502,On or near Kingfisher Court,E01030234,East Suffolk 008A,Criminal damage and arson,Unable to prosecute suspect,
b3041c7b091942a4333272f915b529bef29aaf854615ba89ccfdec13f8843176,2026-04,Suffolk Constabulary,Suffolk Constabulary,1.701397,52.460110,On or near Grove Road North,E01030234,East Suffolk 008A,Criminal damage and arson,Investigation complete; no suspect identified,
ec55f99dbb520398bc4776aaa1f7c6f2e38522b314041d7eeb48b66dfa00c4e0,2026-04,Suffolk Constabulary,Suffolk Constabulary,1.694826,52.461117,On or near Harebell Way,E01030234,East Suffolk 008A,Criminal damage and arson,Offender given a caution,
27b4a1bfe76a82f7ecafdd6555e290fff871635f98210311ffdfafb5553eb584,2026-04,Suffolk Constabulary,Suffolk Constabulary,1.697791,52.461186,On or near Charter Way,E01030234,East Suffolk 008A,Criminal damage and arson,Under investigation,
43a7d47182f7fb7da62376ceec8473adc2ceb1dfbde4cc71c4aff69d9220f9bf,2026-04,Suffolk Constabulary,Suffolk Constabulary,1.694826,52.461117,On or near Harebell Way,E01030234,East Suffolk 008A,Drugs,Offender given a caution,
c62290346ea2d84200ad4a3ebaca6255f2327454df01014f3667e38d378259e6,2026-04,Suffolk Constabulary,Suffolk Constabulary,1.701397,52.460110,On or near Grove Road North,E01030234,East Suffolk 008A,Other theft,Investigation complete; no suspect identified,
77e3454f6477010296dd2d90fe901c1ed27b1da40ffbf3c560f35af30d5c9633,2026-04,Suffolk Constabulary,Suffolk Constabulary,1.698114,52.460114,On or near Lily Way,E01030234,East Suffolk 008A,Other theft,Investigation complete; no suspect identified,
22018c92bd0f686f1657ba433afce0af6ed2aae767740abe959626b30a441cfa,2026-04,Suffolk Constabulary,Suffolk Constabulary,1.696439,52.461570,On or near Roosevelt Walk,E01030234,East Suffolk 008A,Vehicle crime,Investigation complete; no suspect identified,
b33ca5f25d0df7ced0e5c2ec81578a3814655ad88543b69a272bd76d013db831,2026-04,Suffolk Constabulary,Suffolk Constabulary,1.701397,52.460110,On or near Grove Road North,E01030234,East Suffolk 008A,Violence and sexual offences,Under investigation,
0104902789956a3ab6edf6f7dfb071e638d8431be0bf0c8e079d0f892a4c8be0,2026-04,Suffolk Constabulary,Suffolk Constabulary,1.699959,52.463502,On or near Kingfisher Court,E01030234,East Suffolk 008A,Violence and sexual offences,Unable to prosecute suspect,
fb3df6cf5944815de41a6351f6c00a8e0522c77531cfd04677e6a63340af92c6,2026-04,Suffolk Constabulary,Suffolk Constabulary,1.694826,52.461117,On or near Harebell Way,E01030234,East Suffolk 008A,Violence and sexual offences,Under investigation,
54b4eb5379239fc34745ff04316998adf8f6e746f0b5df0e7b93ab7dcbb445e1,2026-04,Suffolk Constabulary,Suffolk Constabulary,1.697791,52.461186,On or near Charter Way,E01030234,East Suffolk 008A,Violence and sexual offences,Unable to prosecute suspect,
187335cb1c718cce77622f74c6b0d6fe7deae91b66717bf70c3b575ddd634a49,2026-04,Suffolk Constabulary,Suffolk Constabulary,1.697791,52.461186,On or near Charter Way,E01030234,East Suffolk 008A,Violence and sexual offences,Action to be taken by another organisation,
6171275a44421a15df3e8430061bec2a6d10d74cebb1203c919d6b1c2c731381,2026-04,Suffolk Constabulary,Suffolk Constabulary,1.697791,52.461186,On or near Charter Way,E01030234,East Suffolk 008A,Violence and sexual offences,Under investigation,
4f005c06682d9f6fa8fb9459b6b64458b03d17752e2173cd9efdb272ad9217e9,2026-04,Suffolk Constabulary,Suffolk Constabulary,1.694682,52.459403,On or near Periwinkle Close,E01030234,East Suffolk 008A,Violence and sexual offences,Unable to prosecute suspect,
2d8f5a1473e085197a0ca0086ee9c94c1f699351512da43f4e8c1c78336be6d2,2026-04,Suffolk Constabulary,Suffolk Constabulary,1.697591,52.451604,On or near Borrow Close,E01030236,East Suffolk 008B,Other theft,Investigation complete; no suspect identified,
a487f1abf0612316e2af1620dc9f57b25dcb24d98fc8098604743903c42371b0,2026-04,Suffolk Constabulary,Suffolk Constabulary,1.697591,52.451604,On or near Borrow Close,E01030236,East Suffolk 008B,Public order,Unable to prosecute suspect,
2cf5ac89561d5ea18e8562d11ff84e849638e3c487681b02d75efabc1fe1d5bc,2026-04,Suffolk Constabulary,Suffolk Constabulary,1.695233,52.458253,On or near Buttercup Close,E01030237,East Suffolk 008C,Burglary,Investigation complete; no suspect identified,
27356247d092a653d2d6d4c3f0d72a5c3248a77490a4306f0557324fc6c84e5a,2026-04,Suffolk Constabulary,Suffolk Constabulary,1.693092,52.456242,On or near Capstan Way,E01030237,East Suffolk 008C,Criminal damage and arson,Investigation complete; no suspect identified,
dc459a61a8335c1e0dd4b3721a3eea78dda81d86b933eed2101d847ae1bee6dd,2026-04,Suffolk Constabulary,Suffolk Constabulary,1.693840,52.466401,On or near Burnt Hill Lane,E01030237,East Suffolk 008C,Criminal damage and arson,Investigation complete; no suspect identified,
b8dc280f3e67b80b5b26e9478c432f2a83592b91c148743cc833ffbc6a8871d0,2026-04,Suffolk Constabulary,Suffolk Constabulary,1.688819,52.451986,On or near Thornycroft Gardens,E01030237,East Suffolk 008C,Other theft,Investigation complete; no suspect identified,
b66f4be9aeac57f7450d8388aba8062e0c187e20926ddc36550edd7a7590a011,2026-04,Suffolk Constabulary,Suffolk Constabulary,1.700046,52.457877,On or near Broadoak Close,E01030237,East Suffolk 008C,Violence and sexual offences,Investigation complete; no suspect identified,
,2026-04,Suffolk Constabulary,Suffolk Constabulary,1.705927,52.455489,On or near Elmdale Drive,E01030238,East Suffolk 008D,Anti-social behaviour,,
,2026-04,Suffolk Constabulary,Suffolk Constabulary,1.704010,52.457204,On or near Supermarket,E01030238,East Suffolk 008D,Anti-social behaviour,,
,2026-04,Suffolk Constabulary,Suffolk Constabulary,1.700560,52.454173,On or near The Homestead,E01030238,East Suffolk 008D,Anti-social behaviour,,
33d80c802861f067658277ce5ce391b39803c497e6d690d960281d23d27da3ab,2026-04,Suffolk Constabulary,Suffolk Constabulary,1.707931,52.450956,On or near Deepdale,E01030238,East Suffolk 008D,Criminal damage and arson,Investigation complete; no suspect identified,
e9c4515db7a0bf1d93ba00bbabe60382cda1d0a64d819b397963acead4976ba5,2026-04,Suffolk Constabulary,Suffolk Constabulary,1.704219,52.451630,On or near Dalehaven,E01030238,East Suffolk 008D,Violence and sexual offences,Under investigation,
c796800297ccd657422e8ca434ae6bb4f13e7606512fc6d5480f835fa9c1a805,2026-04,Suffolk Constabulary,Suffolk Constabulary,1.707931,52.450956,On or near Deepdale,E01030238,East Suffolk 008D,Violence and sexual offences,Under investigation,
b18318c7ab41d35fbed7f9ee925023bab77897856e939a6f3470532ea77c9179,2026-04,Suffolk Constabulary,Suffolk Constabulary,1.704010,52.457204,On or near Supermarket,E01030238,East Suffolk 008D,Violence and sexual offences,Under investigation,
22b301c8a0e77dd13cd5f20ee7be6f92f188e6c20645412b8e91ac9124d4c9c4,2026-04,Suffolk Constabulary,Suffolk Constabulary,1.704010,52.457204,On or near Supermarket,E01030238,East Suffolk 008D,Violence and sexual offences,Local resolution,
e818face96ded2c0c821eb255038dda6c9671a3eeceac9b43a767a713011c97e,2026-04,Suffolk Constabulary,Suffolk Constabulary,1.704269,52.456261,On or near Crowhurst Close,E01030238,East Suffolk 008D,Violence and sexual offences,Unable to prosecute suspect,
,2026-04,Suffolk Constabulary,Suffolk Constabulary,1.736967,52.465413,On or near Kirkley Street,E01030257,East Suffolk 009A,Anti-social behaviour,,
8b2d435e9f6e10c9ae0d0390c21521aa98f4050ebc0da750348f621cbd7d4d66,2026-04,Suffolk Constabulary,Suffolk Constabulary,1.727451,52.466955,On or near Kirkley Run,E01030257,East Suffolk 009A,Bicycle theft,Investigation complete; no suspect identified,
a7601be69c391b49aab40bb1cc521e2040d4a70e6860daac9fa08e8e0587e675,2026-04,Suffolk Constabulary,Suffolk Constabulary,1.729843,52.465287,On or near Birds Lane,E01030257,East Suffolk 009A,Criminal damage and arson,Under investigation,
4cc57c82497ef1f4482614f204b3fd76b4d3b95f6ab97b0eaa2152f820431e07,2026-04,Suffolk Constabulary,Suffolk Constabulary,1.729843,52.465287,On or near Birds Lane,E01030257,East Suffolk 009A,Robbery,Investigation complete; no suspect identified,
dfcf17f0e8b6caa388be22a0ed84d5627ac2b3a25dfcc0c532887578f3338880,2026-04,Suffolk Constabulary,Suffolk Constabulary,1.737159,52.464552,On or near Clement Square,E01030257,East Suffolk 009A,Shoplifting,Awaiting court outcome,
9bc0460cf42542e29389672b2053895faed934d0fb80d9749037e9408693fd54,2026-04,Suffolk Constabulary,Suffolk Constabulary,1.737159,52.464552,On or near Clement Square,E01030257,East Suffolk 009A,Shoplifting,Awaiting court outcome,
d28fbbea02b46db6276efb061f8346a0c6131a4ba6d8db28bda2c25c2a93de81,2026-04,Suffolk Constabulary,Suffolk Constabulary,1.733772,52.463337,On or near Laurel Road,E01030257,East Suffolk 009A,Vehicle crime,Investigation complete; no suspect identified,
0871180690c185ac3ed804c5f728369ff4a1cb56458896f1619bfe5847a5cb94,2026-04,Suffolk Constabulary,Suffolk Constabulary,1.735932,52.460849,On or near Badgerwood Close,E01030257,East Suffolk 009A,Violence and sexual offences,Unable to prosecute suspect,
03f9f9c2b4f99ed295ebb53074137e15921c7bc295aed83d85ee0d5d34437467,2026-04,Suffolk Constabulary,Suffolk Constabulary,1.726877,52.466924,On or near Petrol Station,E01030257,East Suffolk 009A,Violence and sexual offences,Investigation complete; no suspect identified,
d349fccfd050c5a6b8e74e1088c76a20e4abf444067ff1a79fe948050a7db35a,2026-04,Suffolk Constabulary,Suffolk Constabulary,1.733772,52.463337,On or near Laurel Road,E01030257,East Suffolk 009A,Violence and sexual offences,Under investigation,
b5cc2fa64bb11064c9775a5a0ded8649263dbfb2137e6408337d77b3be44445f,2026-04,Suffolk Constabulary,Suffolk Constabulary,1.716337,52.456889,On or near Aldwyck Way,E01030274,East Suffolk 009B,Criminal damage and arson,Investigation complete; no suspect identified,
d6d7b5c2209cf3f330082ecd25165f1b1573b06530829feb56a0114b819f9c6c,2026-04,Suffolk Constabulary,Suffolk Constabulary,1.716337,52.456889,On or near Aldwyck Way,E01030274,East Suffolk 009B,Other theft,Investigation complete; no suspect identified,
62584ad008217302ce8318e27171342440ba49a193cf58b6d66179d447c9ac51,2026-04,Suffolk Constabulary,Suffolk Constabulary,1.725509,52.458444,On or near Caddies Walk,E01030274,East Suffolk 009B,Violence and sexual offences,Action to be taken by another organisation,
6ed80105849a1a1ab3456ccc7b1eb57573ece29e7feb59768a68f973b198a8e0,2026-04,Suffolk Constabulary,Suffolk Constabulary,1.726079,52.458399,On or near Bunker Close,E01030274,East Suffolk 009B,Violence and sexual offences,Under investigation,
02d18dae69bcc60b0ab76a451d3b68dcd330f17d4cd39f309c16ec255c78ef34,2026-04,Suffolk Constabulary,Suffolk Constabulary,1.725509,52.458444,On or near Caddies Walk,E01030274,East Suffolk 009B,Violence and sexual offences,Investigation complete; no suspect identified,
632ddaf0439e0d108e201e0d0397ec749c18825a8298a5ed98c982878aa9569d,2026-04,Suffolk Constabulary,Suffolk Constabulary,1.725509,52.458444,On or near Caddies Walk,E01030274,East Suffolk 009B,Violence and sexual offences,Unable to prosecute suspect,
1f872327765913902e0a202c8cdec9a728e8b000bd76dda85a51dbf508d5161a,2026-04,Suffolk Constabulary,Suffolk Constabulary,1.717157,52.455822,On or near Sports/Recreation Area,E01030274,East Suffolk 009B,Violence and sexual offences,Under investigation,
a9e7bb2dff1d5b4c002264120b220eeac7e4ff0cb869b25ec270a083ca268250,2026-04,Suffolk Constabulary,Suffolk Constabulary,1.717157,52.455822,On or near Sports/Recreation Area,E01030274,East Suffolk 009B,Violence and sexual offences,Under investigation,
a0f8779893d96714f1badf46eb49ecccf01246dc38a07465d8f95de4bfd0a61d,2026-04,Suffolk Constabulary,Suffolk Constabulary,1.725509,52.458444,On or near Caddies Walk,E01030274,East Suffolk 009B,Violence and sexual offences,Investigation complete; no suspect identified,
660d11198a6e4f4dc6bd9af8eb22d460aec5c0aa8ccfc0751eb66a469027e256,2026-04,Suffolk Constabulary,Suffolk Constabulary,1.714964,52.455628,On or near Velda Close,E01030274,East Suffolk 009B,Violence and sexual offences,Awaiting court outcome,
8e73ae757b16741479ebaa070bf2cae2e609bb8f03fabdd80c9475d4435ab50c,2026-04,Suffolk Constabulary,Suffolk Constabulary,1.717157,52.455822,On or near Sports/Recreation Area,E01030274,East Suffolk 009B,Violence and sexual offences,Under investigation,
c9ce6e9307455a53c6c8692c66586b132f8f5cd981fb868c9f4e68fba78b502f,2026-04,Suffolk Constabulary,Suffolk Constabulary,1.725509,52.458444,On or near Caddies Walk,E01030274,East Suffolk 009B,Violence and sexual offences,Action to be taken by another organisation,
91a48cfaf7d32623ce995d6e746661c8adc6630f1654b1b2fdd0c1e04fa45d4d,2026-04,Suffolk Constabulary,Suffolk Constabulary,1.726079,52.458399,On or near Bunker Close,E01030274,East Suffolk 009B,Violence and sexual offences,Unable to prosecute suspect,
a83e8643afea81995a26cd5d0c30098f2c8e30d09e3ae2867543b958e4413d8f,2026-04,Suffolk Constabulary,Suffolk Constabulary,1.717157,52.455822,On or near Sports/Recreation Area,E01030274,East Suffolk 009B,Violence and sexual offences,Under investigation,
ecf20f3eaf00b3411cd4d45b3113224e8620c8991d25489ee94892607a35064b,2026-04,Suffolk Constabulary,Suffolk Constabulary,1.716337,52.456889,On or near Aldwyck Way,E01030274,East Suffolk 009B,Violence and sexual offences,Unable to prosecute suspect,
ea67b1bacba4f3b527c7cea1c45fd635c69dbf069c6e9118ebcd891b1f1748a2,2026-04,Suffolk Constabulary,Suffolk Constabulary,1.727779,52.463527,On or near Fen Court,E01030275,East Suffolk 009C,Vehicle crime,Investigation complete; no suspect identified,
326f04cd609371a9da1ffa0fe6b768d161840aa05b04b593354b4b558df75a64,2026-04,Suffolk Constabulary,Suffolk Constabulary,1.729577,52.457974,On or near Walmer Road,E01030275,East Suffolk 009C,Violence and sexual offences,Local resolution,
b71eaf23511d851dc2d806d7f67f847dde8ce8a698fc337411ba8d0a7c877a29,2026-04,Suffolk Constabulary,Suffolk Constabulary,1.731306,52.460825,On or near Miller Close,E01030275,East Suffolk 009C,Violence and sexual offences,Under investigation,
550c3393ca9c50f0746837bcf0a271b2914d201a89a7d8e09c3e38b83d79f244,2026-04,Suffolk Constabulary,Suffolk Constabulary,1.720006,52.463025,On or near Oakwood Road,E01030287,East Suffolk 009D,Public order,Unable to prosecute suspect,
37cee359258858de5f1edcaac8354cbf2130964da74809c3b94254ec8e86a8e2,2026-04,Suffolk Constabulary,Suffolk Constabulary,1.723837,52.462527,On or near Rosewood,E01030287,East Suffolk 009D,Violence and sexual offences,Unable to prosecute suspect,
954bd3436e93fa12360ad0411d7a8511331587f44b663d16370a89d27aeb74e2,2026-04,Suffolk Constabulary,Suffolk Constabulary,1.720006,52.463025,On or near Oakwood Road,E01030287,East Suffolk 009D,Violence and sexual offences,Action to be taken by another organisation,
9a2123ec4872633358032a5d50a752ce0ff688b74d39e4e242050f0d99dcf60d,2026-04,Suffolk Constabulary,Suffolk Constabulary,1.716601,52.460551,On or near Lyngate Avenue,E01030287,East Suffolk 009D,Violence and sexual offences,Unable to prosecute suspect,
2ba308d1a997feebb0a4f0df510a86d7a5b78da538910aa396d99480d633efcd,2026-04,Suffolk Constabulary,Suffolk Constabulary,1.715452,52.458446,On or near St Catherine'S Close,E01030287,East Suffolk 009D,Violence and sexual offences,Action to be taken by another organisation,
fa14eb6250be45257378c2d8dda7f2d11840c5339c7fe11add86665c93e44296,2026-04,Suffolk Constabulary,Suffolk Constabulary,1.716601,52.460551,On or near Lyngate Avenue,E01030287,East Suffolk 009D,Violence and sexual offences,Under investigation,
82565f3424dbf0fa14a0e245b1cbda83ecd0e428e3088ad7a6cbc07f93cf6f8c,2026-04,Suffolk Constabulary,Suffolk Constabulary,1.723837,52.462527,On or near Rosewood,E01030287,East Suffolk 009D,Violence and sexual offences,Investigation complete; no suspect identified,
1866f30ed516dfe50b4df45e8d00d1c8e341fd187ba4b6adbf46dfa4793df16e,2026-04,Suffolk Constabulary,Suffolk Constabulary,1.722835,52.462351,On or near Briarwood Road,E01030287,East Suffolk 009D,Violence and sexual offences,Unable to prosecute suspect,
,2026-04,Suffolk Constabulary,Suffolk Constabulary,1.721718,52.463943,On or near Homefield Avenue,E01030291,East Suffolk 009E,Anti-social behaviour,,
,2026-04,Suffolk Constabulary,Suffolk Constabulary,1.719043,52.465052,On or near Pinewood Avenue,E01030291,East Suffolk 009E,Anti-social behaviour,,
994267f8f6f41c34ec4c326f64ebdcbdcfa8285a498d0c5ff29bbc891ce277d7,2026-04,Suffolk Constabulary,Suffolk Constabulary,1.721718,52.463943,On or near Homefield Avenue,E01030291,East Suffolk 009E,Burglary,Investigation complete; no suspect identified,
26730f82399e689ef80905ba7848568c8f83b202bc4674dfccb794075bc40e26,2026-04,Suffolk Constabulary,Suffolk Constabulary,1.722211,52.465942,On or near The Green,E01030291,East Suffolk 009E,Criminal damage and arson,Investigation complete; no suspect identified,
9950ddfadb2b16e066de92a7dbe79ead1b33245022d85b8ec3ab26cbbd9e387f,2026-04,Suffolk Constabulary,Suffolk Constabulary,1.725901,52.465178,On or near Delius Close,E01030291,East Suffolk 009E,Criminal damage and arson,Investigation complete; no suspect identified,
4f259632cd103b559b196cdea8790d825ec31bf6b592d165058fe17d4367bd38,2026-04,Suffolk Constabulary,Suffolk Constabulary,1.722211,52.465942,On or near The Green,E01030291,East Suffolk 009E,Other theft,Unable to prosecute suspect,
1e2e7d7d69bc88bec8f12a8b29a88c5e86618e294a2aaff8333f89bf337e049a,2026-04,Suffolk Constabulary,Suffolk Constabulary,1.723924,52.466526,On or near Beechwood Gardens,E01030291,East Suffolk 009E,Violence and sexual offences,Action to be taken by another organisation,
dba581e18320d5961bf87023aa9766b7058b779ab8069012d2638da90f6226cb,2026-04,Suffolk Constabulary,Suffolk Constabulary,1.722211,52.465942,On or near The Green,E01030291,East Suffolk 009E,Violence and sexual offences,Under investigation,
aeb89680f03a040134a7237bd6858232107a6f387cd0d6447c5697e4b8fbe6e0,2026-04,Suffolk Constabulary,Suffolk Constabulary,1.722211,52.465942,On or near The Green,E01030291,East Suffolk 009E,Violence and sexual offences,Unable to prosecute suspect,
7aa66e9c700ceb0790e52c573f92695ecc387d65ff1925cc349584f63818d3e2,2026-04,Suffolk Constabulary,Suffolk Constabulary,1.726108,52.465360,On or near Britten Road,E01030291,East Suffolk 009E,Violence and sexual offences,Under investigation,
3cab2229d79b4b983f6a912059d34c87c17b0e6cc23d45d6ad3b1962a88fbfba,2026-04,Suffolk Constabulary,Suffolk Constabulary,1.720902,52.464751,On or near Southfield Gardens,E01030291,East Suffolk 009E,Violence and sexual offences,Local resolution,
929842d56e3dd9d47286d9f23460a4295793b2e8c41fd08376c8fcad157816a6,2026-04,Suffolk Constabulary,Suffolk Constabulary,1.722211,52.465942,On or near The Green,E01030291,East Suffolk 009E,Violence and sexual offences,Under investigation,
ced12541051d18f041408ffc220218fa5afdeeb262c42187be30af3bae9ef944,2026-04,Suffolk Constabulary,Suffolk Constabulary,1.722211,52.465942,On or near The Green,E01030291,East Suffolk 009E,Violence and sexual offences,Under investigation,
4fc437c7295e68e9201cd166637b4701b19ca5c71ad1e19cb9f511f2dd7a9976,2026-04,Suffolk Constabulary,Suffolk Constabulary,1.722211,52.465942,On or near The Green,E01030291,East Suffolk 009E,Violence and sexual offences,Unable to prosecute suspect,
67612fdcb98747e1880cbef765250648edb3fadd11f020b78ad0c76512aedd51,2026-04,Suffolk Constabulary,Suffolk Constabulary,1.571501,52.454044,On or near The Harbourage,E01030223,East Suffolk 010A,Burglary,Investigation complete; no suspect identified,
82ac9268ae8b7f59e092ddc328ed09e0d5cd470f459b19deab14ed8118a9bac7,2026-04,Suffolk Constabulary,Suffolk Constabulary,1.572734,52.454897,On or near Mulberry Close,E01030223,East Suffolk 010A,Burglary,Investigation complete; no suspect identified,
e1ee4e63f6e1ac0e141fcaff8624ce27adfe4bfddbb7830992d531db1e3bd3fb,2026-04,Suffolk Constabulary,Suffolk Constabulary,1.572792,52.458366,On or near Sports/Recreation Area,E01030223,East Suffolk 010A,Burglary,Investigation complete; no suspect identified,
dc92c37d1a3754f17a9ae781800cc4228c3e0e6135f0950d21cc90b4e959f59c,2026-04,Suffolk Constabulary,Suffolk Constabulary,1.568475,52.453766,On or near Parking Area,E01030223,East Suffolk 010A,Criminal damage and arson,Local resolution,
604733e28fe9c3ba11861ffc6d42db7b3472b3f2feb3505bdf9909e8926f6833,2026-04,Suffolk Constabulary,Suffolk Constabulary,1.569880,52.449290,On or near Supermarket,E01030223,East Suffolk 010A,Other theft,Investigation complete; no suspect identified,
ff3a0682fa0ce8681c0076b3edc76f89fc7f023256224c052e81e3be4a65b341,2026-04,Suffolk Constabulary,Suffolk Constabulary,1.568475,52.453766,On or near Parking Area,E01030223,East Suffolk 010A,Public order,Unable to prosecute suspect,
f7131108403ccd0b511bf19a01caba6405154aedbf25171048ff6479766c5f16,2026-04,Suffolk Constabulary,Suffolk Constabulary,1.568739,52.451195,On or near St Anne'S Road,E01030223,East Suffolk 010A,Public order,Unable to prosecute suspect,
1ed13dbed29346f12316f0569e42743aebbd1dadb5149a2092c6e415eb14c4bc,2026-04,Suffolk Constabulary,Suffolk Constabulary,1.575177,52.452350,On or near Hipperson Close,E01030223,East Suffolk 010A,Violence and sexual offences,Action to be taken by another organisation,
86483c4e92563759fab130778e2ecb584565cb27fe9798d258e4a59effeaa983,2026-04,Suffolk Constabulary,Suffolk Constabulary,1.575177,52.452350,On or near Hipperson Close,E01030223,East Suffolk 010A,Violence and sexual offences,Action to be taken by another organisation,
5ac57636da38df56d5a403077cc3ff0887301a578bac705a85e2c199a44dc7d5,2026-04,Suffolk Constabulary,Suffolk Constabulary,1.575177,52.452350,On or near Hipperson Close,E01030223,East Suffolk 010A,Violence and sexual offences,Action to be taken by another organisation,
4d8bb80232303ae8ad508d4b710e1bd25ff707c80f536c5212caac99301b5c6b,2026-04,Suffolk Constabulary,Suffolk Constabulary,1.566461,52.454889,On or near Temperance Place,E01030224,East Suffolk 010B,Criminal damage and arson,Awaiting court outcome,
a466f9567e7479e824be1da8ca29abed67581511f39f570493f3708cfb22bfa5,2026-04,Suffolk Constabulary,Suffolk Constabulary,1.556855,52.451158,On or near Ringsfield Road,E01030224,East Suffolk 010B,Violence and sexual offences,Under investigation,
028f801bde6fbdef13a58034a597eb400b6dc5a2c4d6bb45bd01bfdab0a32aae,2026-04,Suffolk Constabulary,Suffolk Constabulary,1.566461,52.454889,On or near Temperance Place,E01030224,East Suffolk 010B,Violence and sexual offences,Under investigation,
908691d0b61e46dc9fe29b73601d023c336e0f484bd9b9c5725b600924c2d387,2026-04,Suffolk Constabulary,Suffolk Constabulary,1.558512,52.451620,On or near White House Gardens,E01030224,East Suffolk 010B,Violence and sexual offences,Unable to prosecute suspect,
c9d9267d6dba1ab5aee717c962f8cc8182ad93b12c518ae4efdb6fe103d77a48,2026-04,Suffolk Constabulary,Suffolk Constabulary,1.562267,52.458019,On or near New Market,E01030224,East Suffolk 010B,Violence and sexual offences,Investigation complete; no suspect identified,
,2026-04,Suffolk Constabulary,Suffolk Constabulary,1.564560,52.463797,On or near New Road,E01030225,East Suffolk 010C,Anti-social behaviour,,
,2026-04,Suffolk Constabulary,Suffolk Constabulary,1.565060,52.462144,On or near Ravensmere East,E01030225,East Suffolk 010C,Anti-social behaviour,,
413129e883568b902ed057b0a26dd4519b5e2eda131d237fabd4f5a00011527b,2026-04,Suffolk Constabulary,Suffolk Constabulary,1.563040,52.457016,On or near Parking Area,E01030225,East Suffolk 010C,Criminal damage and arson,Investigation complete; no suspect identified,
2023ab1fea9a0b7278ebdce51c5f53e8e56a770b838e672f7c1fbbe753fccd8b,2026-04,Suffolk Constabulary,Suffolk Constabulary,1.563517,52.459637,On or near Old Market,E01030225,East Suffolk 010C,Criminal damage and arson,Local resolution,
3db3f4b3961fc9d7ca7a0b9cb59dca5c3f827a742104d07de0e89c6c40937411,2026-04,Suffolk Constabulary,Suffolk Constabulary,1.562531,52.459828,On or near The Score,E01030225,East Suffolk 010C,Other theft,Investigation complete; no suspect identified,
19514cf241072c52523c0d6329da90273433b973d30fc46132630da7a76155cc,2026-04,Suffolk Constabulary,Suffolk Constabulary,1.565345,52.456928,On or near Parking Area,E01030225,East Suffolk 010C,Public order,Unable to prosecute suspect,
f759755cdc746dd56330aa28ce9dde46c224b2aaaa650339005da8d7a8270ac3,2026-04,Suffolk Constabulary,Suffolk Constabulary,1.569042,52.462762,On or near Parking Area,E01030225,East Suffolk 010C,Shoplifting,Investigation complete; no suspect identified,
fde6adddb427dee9678e5ee1a341e17312b6442f30231f98c63877e261fa4911,2026-04,Suffolk Constabulary,Suffolk Constabulary,1.565242,52.459366,On or near Supermarket,E01030225,East Suffolk 010C,Shoplifting,Investigation complete; no suspect identified,
ba274350ce818a232d226fc25bcd25691fac006e23d83d1638ead08fe00b1563,2026-04,Suffolk Constabulary,Suffolk Constabulary,1.568948,52.461245,On or near George Westwood Way,E01030225,East Suffolk 010C,Shoplifting,Under investigation,
8c914680bd9e7c8f2acfdce44338e04ee4c9d08139dfa85f76e60ed82390af06,2026-04,Suffolk Constabulary,Suffolk Constabulary,1.568948,52.461245,On or near George Westwood Way,E01030225,East Suffolk 010C,Shoplifting,Investigation complete; no suspect identified,
1f7daf74e455bb42672affe36890e3bc749d069578398cfb2a08b6169ebba5ab,2026-04,Suffolk Constabulary,Suffolk Constabulary,1.569042,52.462762,On or near Parking Area,E01030225,East Suffolk 010C,Shoplifting,Investigation complete; no suspect identified,
939c98fd224cc8a78d2bb223766482f3cb295f6b9c4fb41f2890611a6ad97eae,2026-04,Suffolk Constabulary,Suffolk Constabulary,1.569042,52.462762,On or near Parking Area,E01030225,East Suffolk 010C,Shoplifting,Investigation complete; no suspect identified,
424c99ac6e100faf633280d697c4c1b2d2adaf14928d2eb4840d5c1efc2f9273,2026-04,Suffolk Constabulary,Suffolk Constabulary,1.565345,52.456928,On or near Parking Area,E01030225,East Suffolk 010C,Violence and sexual offences,Unable to prosecute suspect,
25a264e49dfb8ab861f5b71a5c9ae2e2e1b401774dcee0021ba4b9605273a75c,2026-04,Suffolk Constabulary,Suffolk Constabulary,1.563325,52.457799,On or near Supermarket,E01030225,East Suffolk 010C,Violence and sexual offences,Investigation complete; no suspect identified,
0fcfa9403e4e0eef6ab02028584fe827719eb6246a1052c881c88fc970c4ac0c,2026-04,Suffolk Constabulary,Suffolk Constabulary,1.567802,52.458185,On or near Station Road,E01030225,East Suffolk 010C,Violence and sexual offences,Unable to prosecute suspect,
1d0e38407929289aaf0c824c4e97606527d3c08bad941ad047ff015c7e89b2b5,2026-04,Suffolk Constabulary,Suffolk Constabulary,1.563325,52.457799,On or near Supermarket,E01030225,East Suffolk 010C,Violence and sexual offences,Under investigation,
33f75d050845c6a54721e945161a2f347ac957486d5b1f7e6376a6abf02dfefb,2026-04,Suffolk Constabulary,Suffolk Constabulary,1.563517,52.459637,On or near Old Market,E01030225,East Suffolk 010C,Violence and sexual offences,Under investigation,
9a381a84359cebd52a069cf91ee0e336e2e940b560222015b59fffd10d29ac69,2026-04,Suffolk Constabulary,Suffolk Constabulary,1.565877,52.455500,On or near Blyburgate Mews,E01030225,East Suffolk 010C,Violence and sexual offences,Investigation complete; no suspect identified,
ce3ffa0e4ef6200b5b3e68804c64507bcfcd90e61c03915c927229ff0bdb6779,2026-04,Suffolk Constabulary,Suffolk Constabulary,1.571384,52.448048,On or near Rigbourne Hill,E01030227,East Suffolk 010D,Criminal damage and arson,Unable to prosecute suspect,
c2f8cff84897a8e6dd8fbe27ee44426889c2bfbc2a44b355f72309b81cc7a7ed,2026-04,Suffolk Constabulary,Suffolk Constabulary,1.578410,52.450462,On or near Ellough Road,E01030227,East Suffolk 010D,Other theft,Investigation complete; no suspect identified,
9c6cdd915583da2124b92d4678bdc4710f8886519e29f063092afcd4aeeca559,2026-04,Suffolk Constabulary,Suffolk Constabulary,1.572974,52.448603,On or near Centre Close,E01030227,East Suffolk 010D,Violence and sexual offences,Unable to prosecute suspect,
bafce626842001a3921f29cb9cbe71bd36f541cb3bdf53fa9d1005ff42dd6fef,2026-04,Suffolk Constabulary,Suffolk Constabulary,1.568125,52.443973,On or near St Michael'S Close,E01030228,East Suffolk 010E,Other theft,Investigation complete; no suspect identified,
11e932a080fb60105bd579a2a89c02da9484b6bbcd0075c0ba6806c6a7942e1e,2026-04,Suffolk Constabulary,Suffolk Constabulary,1.562788,52.447327,On or near Cromwell Avenue,E01030228,East Suffolk 010E,Possession of weapons,Unable to prosecute suspect,
157691565de50b184de916a4dd388fe4e862efe1108252c025b650e38458188e,2026-04,Suffolk Constabulary,Suffolk Constabulary,1.561155,52.446252,On or near London Road,E01030228,East Suffolk 010E,Violence and sexual offences,Unable to prosecute suspect,
b038e7bdbfd81dfcd547aae3aea90d7054be5dc65dab72f049327965d6e831f7,2026-04,Suffolk Constabulary,Suffolk Constabulary,1.564832,52.449307,On or near Pleasant Place,E01030228,East Suffolk 010E,Violence and sexual offences,Unable to prosecute suspect,
b353ff18819c4b3a1c665c70ed8191b45f3efc3817e9908ec84b9f747255bc8b,2026-04,Suffolk Constabulary,Suffolk Constabulary,1.562788,52.447327,On or near Cromwell Avenue,E01030228,East Suffolk 010E,Violence and sexual offences,Unable to prosecute suspect,
6abbfc666700a1516094280b953c1ab7d1e928ba07774d33f717ab334bbf3509,2026-04,Suffolk Constabulary,Suffolk Constabulary,1.561103,52.446335,On or near B1062,E01030228,East Suffolk 010E,Violence and sexual offences,Under investigation,
f8529fcf2577a84597f644d03d80539704f7dc71bd7697fd9700cbcbf35e4891,2026-04,Suffolk Constabulary,Suffolk Constabulary,1.561155,52.446252,On or near London Road,E01030228,East Suffolk 010E,Violence and sexual offences,Under investigation,
65f3eacf224de38865fa0e92cdf56d3d37dd9c9444aa3b3d6ac8a77d162c8aba,2026-04,Suffolk Constabulary,Suffolk Constabulary,1.573190,52.443451,On or near St David'S Close,E01030226,East Suffolk 011A,Violence and sexual offences,Unable to prosecute suspect,
f0d529fc38c9661b31d82cd576e255102192fb8f3b7aacb28e7700243ac0f4df,2026-04,Suffolk Constabulary,Suffolk Constabulary,1.570784,52.446276,On or near Borough End,E01030226,East Suffolk 011A,Violence and sexual offences,Unable to prosecute suspect,
599229a3bbb2e5741a72b437b5ad0e34134a8d40ff5612e8241561a8d8354dba,2026-04,Suffolk Constabulary,Suffolk Constabulary,1.657659,52.444626,On or near Mutford Wood,E01030286,East Suffolk 011B,Criminal damage and arson,Unable to prosecute suspect,
71c12a20ee85d9eaa1da08db56a336ac697bd95e9648a3d47af66ea602518730,2026-04,Suffolk Constabulary,Suffolk Constabulary,1.465256,52.455823,On or near Watch House Hill,E01030286,East Suffolk 011B,Criminal damage and arson,Investigation complete; no suspect identified,
661c56c7daf972a31d060d79861a4919cf351fda44e230c3027220a0934e3c3a,2026-04,Suffolk Constabulary,Suffolk Constabulary,1.577490,52.408980,On or near Spring Park,E01030286,East Suffolk 011B,Possession of weapons,Under investigation,
41300f0e2bce6c554b98cd8f2c1d82e4074bb24b4ea7aae3833e3f655397d0cd,2026-04,Suffolk Constabulary,Suffolk Constabulary,1.545378,52.424861,On or near Redisham Road,E01030286,East Suffolk 011B,Violence and sexual offences,Action to be taken by another organisation,
1179b1808ff558a23ae3904d77231b0c661a4ce2649919e21474b470595deff9,2026-04,Suffolk Constabulary,Suffolk Constabulary,1.543634,52.430076,On or near Russell'S Green,E01030286,East Suffolk 011B,Violence and sexual offences,Unable to prosecute suspect,
,2026-04,Suffolk Constabulary,Suffolk Constabulary,1.581926,52.446991,On or near Foxglove Close,E01030292,East Suffolk 011C,Anti-social behaviour,,
7402b479eea4507c3581a6f9f6243a095b4673eb1fcc7a3066f8aa667b598b55,2026-04,Suffolk Constabulary,Suffolk Constabulary,1.582997,52.447660,On or near Hilltop Rise,E01030292,East Suffolk 011C,Violence and sexual offences,Investigation complete; no suspect identified,
913b5adb9262742e17b7bc6e5d15433490ff29f101b2474aec9ed9ed1457d6dd,2026-04,Suffolk Constabulary,Suffolk Constabulary,1.581926,52.446991,On or near Foxglove Close,E01030292,East Suffolk 011C,Violence and sexual offences,Under investigation,
7b63eac224e89f41fcdfb5574b90480887f0c42a46aff2b9b024421f2e310a30,2026-04,Suffolk Constabulary,Suffolk Constabulary,1.590012,52.447402,On or near Cedar Drive,E01030292,East Suffolk 011C,Violence and sexual offences,Action to be taken by another organisation,
51052148e021e53e6cd4f8c35b33872efb5599ee5155cccf52848d63195dcd71,2026-04,Suffolk Constabulary,Suffolk Constabulary,1.589852,52.450681,On or near Woodland Avenue,E01030294,East Suffolk 011E,Violence and sexual offences,Investigation complete; no suspect identified,
7a2e0d8096cb3c86021feeb3b83b6d2c6c85c93855516cd5407387d46c865164,2026-04,Suffolk Constabulary,Suffolk Constabulary,1.710826,52.452646,On or near Ribblesdale,E01030239,East Suffolk 012A,Bicycle theft,Investigation complete; no suspect identified,
69fee192c2e3b4600b5878167f5fca162963894f9db8d8bf76689e2d66fad4d2,2026-04,Suffolk Constabulary,Suffolk Constabulary,1.709454,52.451915,On or near Bloomfield Way,E01030239,East Suffolk 012A,Burglary,Investigation complete; no suspect identified,
94c6547899663418bfc43ccf033862b74df8eddb54ea115a710fbb508bc9db97,2026-04,Suffolk Constabulary,Suffolk Constabulary,1.710826,52.452646,On or near Ribblesdale,E01030239,East Suffolk 012A,Burglary,Under investigation,
2a56940db1547506e3a3bbd24e0aeb44ad6ae8fe01684ba5a1dc8a318b71ab6a,2026-04,Suffolk Constabulary,Suffolk Constabulary,1.709454,52.451915,On or near Bloomfield Way,E01030239,East Suffolk 012A,Burglary,Investigation complete; no suspect identified,
fd22f9ad17cb39b975775b9fac80118217ff1282b232bf9271a5e124cec557fb,2026-04,Suffolk Constabulary,Suffolk Constabulary,1.715045,52.452738,On or near Ryedale,E01030239,East Suffolk 012A,Robbery,Investigation complete; no suspect identified,
f75502db4d83d894beb0c6be2dd2ec6cc2b20228f520080dcae1abcb0bf36bf6,2026-04,Suffolk Constabulary,Suffolk Constabulary,1.714350,52.450088,On or near Gondree,E01030239,East Suffolk 012A,Vehicle crime,Investigation complete; no suspect identified,
38baf8ae4d2c66d8c4f1efd411b9cfff3684623dc9cb903e7978adfe93f6df7d,2026-04,Suffolk Constabulary,Suffolk Constabulary,1.712118,52.453999,On or near Longbrook Close,E01030239,East Suffolk 012A,Vehicle crime,Investigation complete; no suspect identified,
6e05f1fb8943d8a6aa34940f70e60641e6eafcc9a9cba3d2d09bfeb1c3bb7443,2026-04,Suffolk Constabulary,Suffolk Constabulary,1.710942,52.451752,On or near Ohio Close,E01030239,East Suffolk 012A,Vehicle crime,Investigation complete; no suspect identified,
d6b3a97771b64134068ca81c254d73e190bf158004afa4ac4adfbf5c4aa4cf80,2026-04,Suffolk Constabulary,Suffolk Constabulary,1.712118,52.453999,On or near Longbrook Close,E01030239,East Suffolk 012A,Violence and sexual offences,Under investigation,
6c862a987cb076ea6c4d01e2c3e9c27f16c49178d37ff8426a4056a39174f464,2026-04,Suffolk Constabulary,Suffolk Constabulary,1.712118,52.453999,On or near Longbrook Close,E01030239,East Suffolk 012A,Violence and sexual offences,Under investigation,
8f75a912c84895aed35372cf6814934c51771b6d1f85fa163b615ac8ca524a69,2026-04,Suffolk Constabulary,Suffolk Constabulary,1.726968,52.409673,On or near Beach Road,E01030251,East Suffolk 012B,Criminal damage and arson,Investigation complete; no suspect identified,
d1a727ae7a86b72af1172febb54292e210729a0676b158bb2ce792b9a7ef90bd,2026-04,Suffolk Constabulary,Suffolk Constabulary,1.726968,52.409673,On or near Beach Road,E01030251,East Suffolk 012B,Vehicle crime,Unable to prosecute suspect,
4c67068a394943c38db3f361194c63f317ddaad56562d03a40fec62ab80a0918,2026-04,Suffolk Constabulary,Suffolk Constabulary,1.725570,52.408799,On or near Holly Grange Road,E01030251,East Suffolk 012B,Violence and sexual offences,Under investigation,
27290a9d051da304cf9f1059e3b12c5e41b5141dd0cc354d4819a2f83cb58a35,2026-04,Suffolk Constabulary,Suffolk Constabulary,1.723401,52.416046,On or near Beaconsfield Road,E01030251,East Suffolk 012B,Violence and sexual offences,Investigation complete; no suspect identified,
6d9acd81afefa4aef8b5624648e9ffb49d5f264ac9254e3e1a393ecf42e8e1ad,2026-04,Suffolk Constabulary,Suffolk Constabulary,1.717589,52.432968,On or near Romany Lane,E01030251,East Suffolk 012B,Violence and sexual offences,Action to be taken by another organisation,
81c544da55fc59acbd34ddba6a15064813232aaae199681d5fbb159b65cdf5e3,2026-04,Suffolk Constabulary,Suffolk Constabulary,1.721512,52.417895,On or near Mayfield Avenue,E01030251,East Suffolk 012B,Violence and sexual offences,Unable to prosecute suspect,
8157918810dd7b1c10f9aa15f0ccf71e11ee8c76a59564409abf2db106bf8760,2026-04,Suffolk Constabulary,Suffolk Constabulary,1.719057,52.417037,On or near Roynon Close,E01030251,East Suffolk 012B,Other crime,Further investigation is not in the public interest,
72da0ba434f3dc9ff9090c4df3f0f784085dc61647f21c7e237ac105b6ebb734,2026-04,Suffolk Constabulary,Suffolk Constabulary,1.721937,52.419087,On or near Hall Road,E01030252,East Suffolk 012C,Criminal damage and arson,Investigation complete; no suspect identified,
bd40fb2997cc7c99114ac6f946c3e976f4f3dced97df5763f5718e2d69b57e50,2026-04,Suffolk Constabulary,Suffolk Constabulary,1.711449,52.420685,On or near Petrol Station,E01030252,East Suffolk 012C,Shoplifting,Local resolution,
6fc8b8541079c3421e347568dd2c6619291acd037d7b2ddd857a868bb1c219de,2026-04,Suffolk Constabulary,Suffolk Constabulary,1.717114,52.419815,On or near Mclean Drive,E01030252,East Suffolk 012C,Theft from the person,Investigation complete; no suspect identified,
c9c6db22feb684373c7a06438726e577e2c9e724ad718a9f26a301cf6dbeea38,2026-04,Suffolk Constabulary,Suffolk Constabulary,1.713658,52.418961,On or near Lloyds Avenue,E01030252,East Suffolk 012C,Violence and sexual offences,Awaiting court outcome,
ea584e57e10b27e71323a738e05703f19a2671034d5d408e5eb46dbdd19108c6,2026-04,Suffolk Constabulary,Suffolk Constabulary,1.707901,52.419250,On or near Market Place,E01030252,East Suffolk 012C,Violence and sexual offences,Action to be taken by another organisation,
ce308a60f6c6c8c6a80a18e392b59f48ad28e5dc02a420ffcfaa6a9cdcaf51ee,2026-04,Suffolk Constabulary,Suffolk Constabulary,1.716994,52.418568,On or near Smith Crescent,E01030252,East Suffolk 012C,Other crime,Further investigation is not in the public interest,
,2026-04,Suffolk Constabulary,Suffolk Constabulary,1.723570,52.446029,On or near Shopping Area,E01030253,East Suffolk 012D,Anti-social behaviour,,
6fa81c0b8e47cc19548ac1e4b8c15b472df2072c682e607aea968484d3c9cd97,2026-04,Suffolk Constabulary,Suffolk Constabulary,1.722839,52.445469,On or near Supermarket,E01030253,East Suffolk 012D,Burglary,Investigation complete; no suspect identified,
bee2c321d342dc2447f517d31e053f877e700b30cda12bc67ad4e92e3ee3c2fd,2026-04,Suffolk Constabulary,Suffolk Constabulary,1.714404,52.423282,On or near London Road,E01030253,East Suffolk 012D,Burglary,Unable to prosecute suspect,
d1d310dcf592c62fec4ac9ac6d35f9d3ec0272bf531a776fbd73c38bcf371a8a,2026-04,Suffolk Constabulary,Suffolk Constabulary,1.715289,52.421554,On or near Lincoln Court,E01030253,East Suffolk 012D,Drugs,Awaiting court outcome,
d819a766472bd417024ed0654558f1b094313eae5eba86940d585739a6070157,2026-04,Suffolk Constabulary,Suffolk Constabulary,1.715289,52.421554,On or near Lincoln Court,E01030253,East Suffolk 012D,Drugs,Awaiting court outcome,
3a0c2745f350033caaa875fe07affdd5b138587290c0dc018f4c136b31242327,2026-04,Suffolk Constabulary,Suffolk Constabulary,1.723898,52.444256,On or near Shopping Area,E01030253,East Suffolk 012D,Other theft,Investigation complete; no suspect identified,
558815468a612ea5b2aa07475281050132d63959424650f9759d460fe103b43b,2026-04,Suffolk Constabulary,Suffolk Constabulary,1.723898,52.444256,On or near Shopping Area,E01030253,East Suffolk 012D,Other theft,Unable to prosecute suspect,
4657c7df4265e5ca3ed7ed839ffe0c7ffee36b77afb937fde8039200f15e8089,2026-04,Suffolk Constabulary,Suffolk Constabulary,1.723898,52.444256,On or near Shopping Area,E01030253,East Suffolk 012D,Other theft,Unable to prosecute suspect,
0db0a7d49488269e505ba61c99b121cf90a703e605b7ab11e3b501688875dc92,2026-04,Suffolk Constabulary,Suffolk Constabulary,1.722839,52.445469,On or near Supermarket,E01030253,East Suffolk 012D,Public order,Under investigation,
b5d16581963cc8c168d9bf7681a9f2dfdac0bfb8bad3932a91a9bfe183f687a1,2026-04,Suffolk Constabulary,Suffolk Constabulary,1.723898,52.444256,On or near Shopping Area,E01030253,East Suffolk 012D,Shoplifting,Under investigation,
8952af7579721f8215955afbd6f17e845fb2d550344cd6c9fa86554c7a6d2741,2026-04,Suffolk Constabulary,Suffolk Constabulary,1.723898,52.444256,On or near Shopping Area,E01030253,East Suffolk 012D,Shoplifting,Investigation complete; no suspect identified,
5cee9afcae243eb991e00d40a048cbba8d9ea2e0108ddeb46a95ce8fb42439f9,2026-04,Suffolk Constabulary,Suffolk Constabulary,1.723898,52.444256,On or near Shopping Area,E01030253,East Suffolk 012D,Shoplifting,Investigation complete; no suspect identified,
71ed9d0cb8702286216587087086d55efb8bca9d785662565b0db404fa7e1d33,2026-04,Suffolk Constabulary,Suffolk Constabulary,1.722839,52.445469,On or near Supermarket,E01030253,East Suffolk 012D,Shoplifting,Investigation complete; no suspect identified,
4e977038ab47983418caa2a00fb1561402b22531590e46c2f17674c9dde5553b,2026-04,Suffolk Constabulary,Suffolk Constabulary,1.723898,52.444256,On or near Shopping Area,E01030253,East Suffolk 012D,Shoplifting,Investigation complete; no suspect identified,
0e04d7414aef50687b631f15c2e3952f6a4622bdc9b9ba6cfc6307cc77e6e233,2026-04,Suffolk Constabulary,Suffolk Constabulary,1.722839,52.445469,On or near Supermarket,E01030253,East Suffolk 012D,Shoplifting,Investigation complete; no suspect identified,
ca52cce8f8ab242a86213370f70adaa5ae6e21e5a3a2c26498b8321dee039622,2026-04,Suffolk Constabulary,Suffolk Constabulary,1.723898,52.444256,On or near Shopping Area,E01030253,East Suffolk 012D,Shoplifting,Investigation complete; no suspect identified,
beb760eed4ab8812ab889cbe55b2849eb797d85f46031e7a436573d7b54a9e57,2026-04,Suffolk Constabulary,Suffolk Constabulary,1.708686,52.447685,On or near Easdale,E01030253,East Suffolk 012D,Theft from the person,Under investigation,
07e310b2c1c1c6dad50d42df624e4a76a2164851f2cfa2e979baed216290688f,2026-04,Suffolk Constabulary,Suffolk Constabulary,1.712457,52.448754,On or near Dale End,E01030253,East Suffolk 012D,Vehicle crime,Investigation complete; no suspect identified,
acb243679a40f59f9de720140d5796756dbad0f6bd5705dc1a50571388d086df,2026-04,Suffolk Constabulary,Suffolk Constabulary,1.712457,52.448754,On or near Dale End,E01030253,East Suffolk 012D,Vehicle crime,Investigation complete; no suspect identified,
863d557c43cf38e044808e2561167df0f0de4182c48c5f990797540e1a31a927,2026-04,Suffolk Constabulary,Suffolk Constabulary,1.721017,52.447099,On or near Barley Way,E01030253,East Suffolk 012D,Vehicle crime,Investigation complete; no suspect identified,
42b4dd8f67298c569181572953eae603401a3e6d79ac440f13730403f3632637,2026-04,Suffolk Constabulary,Suffolk Constabulary,1.714404,52.423282,On or near London Road,E01030253,East Suffolk 012D,Vehicle crime,Unable to prosecute suspect,
ab3079cf3c76162af87ff6e6af40615a7c36434be5e08665881067251a19a284,2026-04,Suffolk Constabulary,Suffolk Constabulary,1.714404,52.423282,On or near London Road,E01030253,East Suffolk 012D,Violence and sexual offences,Unable to prosecute suspect,
d3d3442a7bff648bd0927bc583d969a2179c9c601ce2c45d99e9994baab313cc,2026-04,Suffolk Constabulary,Suffolk Constabulary,1.708686,52.447685,On or near Easdale,E01030253,East Suffolk 012D,Violence and sexual offences,Under investigation,
aef8c3723575f560fcc41f2ef6d4960628c0556fc1cbf3df27b0d192f21a2327,2026-04,Suffolk Constabulary,Suffolk Constabulary,1.709721,52.448255,On or near Gratton Dale,E01030253,East Suffolk 012D,Violence and sexual offences,Unable to prosecute suspect,
1776b8d5130fc4fd6f0fbae7440b443ee560fec68351d254be63e7d300baf7a2,2026-04,Suffolk Constabulary,Suffolk Constabulary,1.707800,52.448001,On or near Thixendale,E01030253,East Suffolk 012D,Violence and sexual offences,Unable to prosecute suspect,
2c09c2eb98bf43e12754e8332400e60c1d4ed6ad28ced81cb19692f12aed9f7e,2026-04,Suffolk Constabulary,Suffolk Constabulary,1.723570,52.446029,On or near Shopping Area,E01030253,East Suffolk 012D,Violence and sexual offences,Investigation complete; no suspect identified,
,2026-04,Suffolk Constabulary,Suffolk Constabulary,1.729546,52.453253,On or near Wellington Road,E01030272,East Suffolk 012E,Anti-social behaviour,,
cdbc8ba0f4575d955e157970a1c0baa00d9658cbe9d025f1ff1db9b13f769687,2026-04,Suffolk Constabulary,Suffolk Constabulary,1.730123,52.453801,On or near Supermarket,E01030272,East Suffolk 012E,Public order,Investigation complete; no suspect identified,
9a238a53b10e6e24c5796153969548b240f6900463487db6f406c6f763e95087,2026-04,Suffolk Constabulary,Suffolk Constabulary,1.730123,52.453801,On or near Supermarket,E01030272,East Suffolk 012E,Shoplifting,Under investigation,
0c96aa5fc1c136a680eccaa5a541f7c74ccf44d6928813792df22e165800a3a3,2026-04,Suffolk Constabulary,Suffolk Constabulary,1.734153,52.452019,On or near Long Acre,E01030272,East Suffolk 012E,Violence and sexual offences,Under investigation,
8294c3d4186cd59acde70d79d40bcedad6a5c687f2143c0a7c3e9ca35eb6839e,2026-04,Suffolk Constabulary,Suffolk Constabulary,1.734153,52.452019,On or near Long Acre,E01030272,East Suffolk 012E,Violence and sexual offences,Under investigation,
d76ca0848ed61857ab07f841535e2bb04dd6405994032f1befdc053d6aa78a65,2026-04,Suffolk Constabulary,Suffolk Constabulary,1.733031,52.450759,On or near Nightingale Road,E01030272,East Suffolk 012E,Violence and sexual offences,Under investigation,
57fb7575884d97d9041586382d39a5b70862262a56664bd7f86433076245646a,2026-04,Suffolk Constabulary,Suffolk Constabulary,1.732241,52.447869,On or near Cliftonville,E01030272,East Suffolk 012E,Violence and sexual offences,Unable to prosecute suspect,
6234fe394eaf5e7a38e3edc3980fc789168e5eeda6f6f9760d60db88f83f3161,2026-04,Suffolk Constabulary,Suffolk Constabulary,1.723547,52.453523,On or near Flora Road,E01030273,East Suffolk 012F,Bicycle theft,Investigation complete; no suspect identified,
0c75a48206af14f9a0ff3e20cf04cc9423e863c2e90d5ecb82260dc1a1f991f1,2026-04,Suffolk Constabulary,Suffolk Constabulary,1.723663,52.448788,On or near Foxglove Close,E01030273,East Suffolk 012F,Criminal damage and arson,Investigation complete; no suspect identified,
dadfa9a264ae34dee1ea4e0c0bc9d15c96d3d8dd634b27b1085656e8052c3c07,2026-04,Suffolk Constabulary,Suffolk Constabulary,1.723372,52.448131,On or near Saffron Square,E01030273,East Suffolk 012F,Violence and sexual offences,Unable to prosecute suspect,
1b8838de1a6ae24c307f83a7ebb59ee8b08c93ccdec022b1e3c6eb8c766abc07,2026-04,Suffolk Constabulary,Suffolk Constabulary,1.718785,52.455013,On or near Ubbeston Way,E01030273,East Suffolk 012F,Violence and sexual offences,Under investigation,
27e00d7ee1de435a3caa4c0e6ee51a51afa256115c94d0f40aa1459a7ddbcae2,2026-04,Suffolk Constabulary,Suffolk Constabulary,1.723663,52.448788,On or near Foxglove Close,E01030273,East Suffolk 012F,Other crime,Under investigation,
,2026-04,Suffolk Constabulary,Suffolk Constabulary,1.437212,52.453035,On or near Parking Area,E01030230,East Suffolk 013A,Anti-social behaviour,,
,2026-04,Suffolk Constabulary,Suffolk Constabulary,1.437324,52.456171,On or near Market Place,E01030230,East Suffolk 013A,Anti-social behaviour,,
,2026-04,Suffolk Constabulary,Suffolk Constabulary,1.437663,52.455046,On or near St Marys Street,E01030230,East Suffolk 013A,Anti-social behaviour,,
,2026-04,Suffolk Constabulary,Suffolk Constabulary,1.437324,52.456171,On or near Market Place,E01030230,East Suffolk 013A,Anti-social behaviour,,
,2026-04,Suffolk Constabulary,Suffolk Constabulary,1.437212,52.453035,On or near Parking Area,E01030230,East Suffolk 013A,Anti-social behaviour,,
,2026-04,Suffolk Constabulary,Suffolk Constabulary,1.437663,52.455046,On or near St Marys Street,E01030230,East Suffolk 013A,Anti-social behaviour,,
,2026-04,Suffolk Constabulary,Suffolk Constabulary,1.437663,52.455046,On or near St Marys Street,E01030230,East Suffolk 013A,Anti-social behaviour,,
77ebc99260c58d9c1afabbffde9369fb0a899823c1be7122e940ce7c39530dda,2026-04,Suffolk Constabulary,Suffolk Constabulary,1.443850,52.454704,On or near The Maltings,E01030230,East Suffolk 013A,Criminal damage and arson,Unable to prosecute suspect,
3e82a34dda48309e141f00d390fef334bd761de0ffa80dd7c64caf35478ba279,2026-04,Suffolk Constabulary,Suffolk Constabulary,1.440088,52.451971,On or near Honeypot Meadow,E01030230,East Suffolk 013A,Criminal damage and arson,Investigation complete; no suspect identified,
25d2b74dcf0d8fa33ba099457acbe54b559a1263bb1b3778eb86d2c53f56e7a4,2026-04,Suffolk Constabulary,Suffolk Constabulary,1.437663,52.455046,On or near St Marys Street,E01030230,East Suffolk 013A,Shoplifting,Investigation complete; no suspect identified,
c38cdd9b2b13e56490ee43d61cbc9deb0258665d205e78442b6a39e610a8473a,2026-04,Suffolk Constabulary,Suffolk Constabulary,1.436101,52.458041,On or near Nethergate Street,E01030230,East Suffolk 013A,Violence and sexual offences,Investigation complete; no suspect identified,
625a1622b08a2045644239d3ddda1391c7d5cd3b3d60440de0a14a7adb5c0958,2026-04,Suffolk Constabulary,Suffolk Constabulary,1.424802,52.458000,On or near Park/Open Space,E01030230,East Suffolk 013A,Violence and sexual offences,Unable to prosecute suspect,
966c525a46137005dfe8c3532f8814f4505e3884269de519f2b5c624a3118cc4,2026-04,Suffolk Constabulary,Suffolk Constabulary,1.443113,52.449120,On or near Sports/Recreation Area,E01030230,East Suffolk 013A,Violence and sexual offences,Local resolution,
0048a2842fa975f14c60d80fdd44d85587af994c17477da7d13ddc892400fc9c,2026-04,Suffolk Constabulary,Suffolk Constabulary,1.436101,52.458041,On or near Nethergate Street,E01030230,East Suffolk 013A,Violence and sexual offences,Under investigation,
,2026-04,Suffolk Constabulary,Suffolk Constabulary,1.456341,52.449149,On or near Solace Close,E01030231,East Suffolk 013B,Anti-social behaviour,,
,2026-04,Suffolk Constabulary,Suffolk Constabulary,1.445853,52.452451,On or near Skinners View,E01030231,East Suffolk 013B,Anti-social behaviour,,
8ed2060d7d0d8a6213ef12406a559abcfa1df9324f66623a7c4c65375f1b81fa,2026-04,Suffolk Constabulary,Suffolk Constabulary,1.445520,52.452901,On or near Garden Close,E01030231,East Suffolk 013B,Burglary,Investigation complete; no suspect identified,
215b67ff4e384ee3007e239b1ac63e0f1b0c1dbb790bfe254a623ea8faa719cf,2026-04,Suffolk Constabulary,Suffolk Constabulary,1.450351,52.450296,On or near Petrol Station,E01030231,East Suffolk 013B,Shoplifting,Investigation complete; no suspect identified,
f62f7a60a3278b3e33da7de38cc634560f84c7cd8989960236ecb68ffbe295a0,2026-04,Suffolk Constabulary,Suffolk Constabulary,1.454044,52.452526,On or near Annis Hill Lane,E01030231,East Suffolk 013B,Violence and sexual offences,Unable to prosecute suspect,
5aab221fd28974918aaf31769ce1bbf074075033a1e4d847f5710d3119cb0d28,2026-04,Suffolk Constabulary,Suffolk Constabulary,1.443071,52.446320,On or near Sports/Recreation Area,E01030232,East Suffolk 013C,Violence and sexual offences,Under investigation,
8a86b2998c427bc2e963e203fc0cbe3ff95baf2104e337bae439924ab53358bc,2026-04,Suffolk Constabulary,Suffolk Constabulary,1.500539,52.393387,On or near Hog Lane,E01030285,East Suffolk 013D,Drugs,Under investigation,
1360f83dd19a1df39e42dfb9a325a68a76d1ce934617456cc593d39fbea2df89,2026-04,Suffolk Constabulary,Suffolk Constabulary,1.500539,52.393387,On or near Hog Lane,E01030285,East Suffolk 013D,Drugs,Unable to prosecute suspect,
e15e9d02975834b3790dac52c798acd4e76e28124d79b5ee81b331bd107375bb,2026-04,Suffolk Constabulary,Suffolk Constabulary,1.500539,52.393387,On or near Hog Lane,E01030285,East Suffolk 013D,Drugs,Local resolution,
d688e1b33a73d0552e9fe6d69b3d2b76a6be197871afacd31a173a8b51ee77f4,2026-04,Suffolk Constabulary,Suffolk Constabulary,1.507296,52.410348,On or near Becks Green Lane,E01030285,East Suffolk 013D,Other theft,Under investigation,
5f5aabebcdb8feb18d248d73a701ab987de1147722460af1ed0d7d2b8bd1d536,2026-04,Suffolk Constabulary,Suffolk Constabulary,1.500539,52.393387,On or near Hog Lane,E01030285,East Suffolk 013D,Possession of weapons,Unable to prosecute suspect,
,2026-04,Suffolk Constabulary,Suffolk Constabulary,1.675352,52.339970,On or near Moyse Avenue,E01030283,East Suffolk 014A,Anti-social behaviour,,
85656dda9710a0955fca0f28756f76274ac00a9caf9c17bf58dddaac264c1d4e,2026-04,Suffolk Constabulary,Suffolk Constabulary,1.675352,52.339970,On or near Moyse Avenue,E01030283,East Suffolk 014A,Bicycle theft,Unable to prosecute suspect,
0147443f2796630b3dd20f50ee4e4c9e1df86c33136604f1f6eaabefa75c4b01,2026-04,Suffolk Constabulary,Suffolk Constabulary,1.668777,52.342145,On or near Rissemere Lane East,E01030283,East Suffolk 014A,Burglary,Investigation complete; no suspect identified,
e8dd65f5a62c59ebc4a95135775ad7f29a7797d6bd93e08467d9a3b0538edaac,2026-04,Suffolk Constabulary,Suffolk Constabulary,1.675352,52.339970,On or near Moyse Avenue,E01030283,East Suffolk 014A,Other theft,Unable to prosecute suspect,
1b7f9f5b74324ee93707d202049dc3ce38dd2a1e6b75767cb397d40d9c96cc4a,2026-04,Suffolk Constabulary,Suffolk Constabulary,1.664853,52.340684,On or near Wangford Road,E01030283,East Suffolk 014A,Other theft,Investigation complete; no suspect identified,
138c6f2a97b4dc9de2e28bf9ea3f05000b2d053d194fe30ccf6f56e3d2e1aeec,2026-04,Suffolk Constabulary,Suffolk Constabulary,1.664853,52.340684,On or near Wangford Road,E01030283,East Suffolk 014A,Other theft,Investigation complete; no suspect identified,
5a00a927bfc7308aeeec5ea43bdae88b2043a7ad727171d2fe7ebaa02f37f01b,2026-04,Suffolk Constabulary,Suffolk Constabulary,1.671334,52.341103,On or near Queens Road,E01030283,East Suffolk 014A,Public order,Under investigation,
fe2eb371b51bbd5a4fbd4a734698f1bbb02e51fc170e16e5b7298afc073ad3c3,2026-04,Suffolk Constabulary,Suffolk Constabulary,1.594351,52.364763,On or near Stoven Road,E01030295,East Suffolk 014B,Violence and sexual offences,Unable to prosecute suspect,
877753d16f707ad7e9e638228f6cf578b80012d5687de6549dd3c19bcfd9bfaa,2026-04,Suffolk Constabulary,Suffolk Constabulary,1.579610,52.383776,On or near Woodside,E01030295,East Suffolk 014B,Violence and sexual offences,Investigation complete; no suspect identified,
5a2daa940e93624257a84ae2f4fb1ccd89a82f23b9dab4ae9f9acceda05e3af8,2026-04,Suffolk Constabulary,Suffolk Constabulary,1.670610,52.382475,On or near The Cedars,E01030295,East Suffolk 014B,Violence and sexual offences,Under investigation,
e48a2573a1fe429a45cf4fe3f97245131894a7c395d17473967e36fa5050a082,2026-04,Suffolk Constabulary,Suffolk Constabulary,1.682287,52.327998,On or near Dunwich Road,E01035154,East Suffolk 014C,Bicycle theft,Investigation complete; no suspect identified,
7b5817a5dfb2dcc6e672cfc354058ee7806a89656b5f469366fbfc62cb490f6e,2026-04,Suffolk Constabulary,Suffolk Constabulary,1.680396,52.327148,On or near East Green,E01035154,East Suffolk 014C,Criminal damage and arson,Under investigation,
85f5d92f3b4537d605d55a43758ff6e9b7a92806b24853aa2575eff3178576eb,2026-04,Suffolk Constabulary,Suffolk Constabulary,1.673624,52.330292,On or near Blyth Road,E01035154,East Suffolk 014C,Criminal damage and arson,Investigation complete; no suspect identified,
bb765a2f15bd7dd49346f368b1b1afe06b1672a3b5afb84a81dcd59e4e60c553,2026-04,Suffolk Constabulary,Suffolk Constabulary,1.676955,52.327445,On or near High Street,E01035154,East Suffolk 014C,Other theft,Investigation complete; no suspect identified,
ac097b3193a5d83fb781fce949b2f0bda17a6ca4307eeda63d057c582b078c71,2026-04,Suffolk Constabulary,Suffolk Constabulary,1.679490,52.325081,On or near Queen Street,E01035154,East Suffolk 014C,Other theft,Investigation complete; no suspect identified,
e3c1849eef1823d97073b00fd198e2a53706eca695c232e7acd845bff4b142d6,2026-04,Suffolk Constabulary,Suffolk Constabulary,1.675374,52.328025,On or near York Road,E01035154,East Suffolk 014C,Public order,Under investigation,
e7c6c6a55262d31c1369653d80b08a1b7e6e6b5a92ca7ae7bf6cb1eca66579c7,2026-04,Suffolk Constabulary,Suffolk Constabulary,1.656710,52.333660,On or near Shepherds Lane,E01035154,East Suffolk 014C,Shoplifting,Investigation complete; no suspect identified,
f126dffb767785222a890883f3da52a416a974a16471dbe4760a79e543696800,2026-04,Suffolk Constabulary,Suffolk Constabulary,1.676955,52.327445,On or near High Street,E01035154,East Suffolk 014C,Violence and sexual offences,Unable to prosecute suspect,
61be1cbaea69c9af81464487f516c5c63373b1ce77744a329149eef5d4fd97a9,2026-04,Suffolk Constabulary,Suffolk Constabulary,1.666805,52.314781,On or near Parking Area,E01035154,East Suffolk 014C,Violence and sexual offences,Investigation complete; no suspect identified,
b877829d5222956c72321ba7a4c06628b0a8653885eaeb0b75d0259b6389015f,2026-04,Suffolk Constabulary,Suffolk Constabulary,1.678968,52.329577,On or near Cautley Road,E01035154,East Suffolk 014C,Violence and sexual offences,Action to be taken by another organisation,
4657d46c6636194566020d354a4e57af01523d5cc45e54cdd805940f5a4af9ad,2026-04,Suffolk Constabulary,Suffolk Constabulary,1.672628,52.326817,On or near Sports/Recreation Area,E01035154,East Suffolk 014C,Violence and sexual offences,Unable to prosecute suspect,
,2026-04,Suffolk Constabulary,Suffolk Constabulary,1.623685,52.354440,On or near Norfolk Road,E01030229,East Suffolk 015A,Anti-social behaviour,,
,2026-04,Suffolk Constabulary,Suffolk Constabulary,1.620024,52.355479,On or near High Street,E01030229,East Suffolk 015A,Anti-social behaviour,,
,2026-04,Suffolk Constabulary,Suffolk Constabulary,1.621520,52.353652,On or near Church Street,E01030229,East Suffolk 015A,Anti-social behaviour,,
c61df29085a5af0217e781e035b319c17c09b0aadbb684e6dd120de07f875036,2026-04,Suffolk Constabulary,Suffolk Constabulary,1.623097,52.357309,On or near Blacksmith Close,E01030229,East Suffolk 015A,Public order,Investigation complete; no suspect identified,
72585fef424fd602950f78b78870140e414b93208be41866f5ed284e5a3b7446,2026-04,Suffolk Constabulary,Suffolk Constabulary,1.622282,52.350219,On or near Hill Road,E01030229,East Suffolk 015A,Public order,Under investigation,
ffba4b051e2880a0b54ee78e5ee2230e1cf2e0c043c59bd1d6b7ad638153596c,2026-04,Suffolk Constabulary,Suffolk Constabulary,1.537943,52.351329,On or near Beccles Road,E01030229,East Suffolk 015A,Vehicle crime,Under investigation,
4d0686624777df486f5805c3c58977e50427258fd71d2ff0665f2f06ea0fe3e9,2026-04,Suffolk Constabulary,Suffolk Constabulary,1.621285,52.356348,On or near Old Priory Gardens,E01030229,East Suffolk 015A,Violence and sexual offences,Unable to prosecute suspect,
84524c2f34aaf60bfa0aace85c5d8e1544c27ebf4a6826b3956baeb52729666b,2026-04,Suffolk Constabulary,Suffolk Constabulary,1.623504,52.356712,On or near Elms Lane,E01030229,East Suffolk 015A,Violence and sexual offences,Unable to prosecute suspect,
4645935cd33bb51c2cd31665e48781cabf8fdfe7d7ef87f87c21eb309481b53e,2026-04,Suffolk Constabulary,Suffolk Constabulary,1.506877,52.348362,On or near Bungay Road,E01030243,East Suffolk 015B,Violence and sexual offences,Unable to prosecute suspect,
b81fb30912b08cf56d22e15f60eee90370e1ac9f577f6c1b4ff26d484322c301,2026-04,Suffolk Constabulary,Suffolk Constabulary,1.503609,52.350681,On or near Old Station Road,E01030243,East Suffolk 015B,Violence and sexual offences,Unable to prosecute suspect,
81a5b9c89bdde7bcb79948973cb0f04413453da7ae7357626ea0b7793c536da1,2026-04,Suffolk Constabulary,Suffolk Constabulary,1.502416,52.343583,On or near Thoroughfare,E01030244,East Suffolk 015C,Burglary,Investigation complete; no suspect identified,
6dc00d7763241676fc29fa812dddf76744505942d970c978c6f4f711b15b09a0,2026-04,Suffolk Constabulary,Suffolk Constabulary,1.500172,52.342885,On or near Old Brewery Yard,E01030244,East Suffolk 015C,Robbery,Under investigation,
d486c251b636e391cfd0aeacbbcca94ea14022072966c21303578a9b99862d3c,2026-04,Suffolk Constabulary,Suffolk Constabulary,1.502736,52.340759,On or near Supermarket,E01030244,East Suffolk 015C,Vehicle crime,Under investigation,
974ff8a6581b76a95145c3b60d8be828a508d2b39c5c4fd834719c8657364d4c,2026-04,Suffolk Constabulary,Suffolk Constabulary,1.500871,52.342811,On or near Market Place,E01030244,East Suffolk 015C,Violence and sexual offences,Unable to prosecute suspect,
998c04e5e1d87665b5192e5febf7df74e47ac76b2a8e6f544f6510952ade7c80,2026-04,Suffolk Constabulary,Suffolk Constabulary,1.503675,52.339085,On or near Lambert Close,E01030244,East Suffolk 015C,Violence and sexual offences,Unable to prosecute suspect,
ee9f43bfaae28902eeff771f6adeeee819c07bc26f083454f966087ccd6733eb,2026-04,Suffolk Constabulary,Suffolk Constabulary,1.505517,52.344912,On or near Skoulding Place,E01030244,East Suffolk 015C,Violence and sexual offences,Under investigation,
877d25c6de764ba6ca4d677d317085cf03746d953d9cdb3f7ef7cbce57435d05,2026-04,Suffolk Constabulary,Suffolk Constabulary,1.503799,52.345098,On or near Maltings Close,E01030244,East Suffolk 015C,Other crime,Under investigation,
,2026-04,Suffolk Constabulary,Suffolk Constabulary,1.444428,52.272652,On or near Mount Pleasant,E01030201,East Suffolk 016A,Anti-social behaviour,,
bbb6095c28f9044229c48156e641ec5e894ed6f493c146bf9c906a73de466114,2026-04,Suffolk Constabulary,Suffolk Constabulary,1.444428,52.272652,On or near Mount Pleasant,E01030201,East Suffolk 016A,Criminal damage and arson,Investigation complete; no suspect identified,
7b7d90be737f1d72cd557fe199f3cde84bf624109482ca9855d5ba2613be74a8,2026-04,Suffolk Constabulary,Suffolk Constabulary,1.453867,52.272223,On or near The Causeway,E01030201,East Suffolk 016A,Other theft,Investigation complete; no suspect identified,
cc66f8d398928bb54f70fc1467e8097a58aa147a2e3a126d4c60b55ed205fc02,2026-04,Suffolk Constabulary,Suffolk Constabulary,1.389611,52.327395,On or near Bell Green,E01030201,East Suffolk 016A,Other theft,Unable to prosecute suspect,
12001b3294066aeb464fdfe27b5955027d8d02dfcdb7ae038810121bb6e40429,2026-04,Suffolk Constabulary,Suffolk Constabulary,1.444431,52.270223,On or near Badingham Road,E01030201,East Suffolk 016A,Vehicle crime,Investigation complete; no suspect identified,
6441da0e62ec1a197dbe9d9fb46a6fe48a5273f9b7877314359f9debba870401,2026-04,Suffolk Constabulary,Suffolk Constabulary,1.444431,52.270223,On or near Badingham Road,E01030201,East Suffolk 016A,Violence and sexual offences,Action to be taken by another organisation,
e7ffb3b4bf2dcb6be14179d1ec2847cdb7b07d9a7fdccc1eb21b48fd52dbe645,2026-04,Suffolk Constabulary,Suffolk Constabulary,1.449801,52.272540,On or near Mill Hill,E01030201,East Suffolk 016A,Violence and sexual offences,Under investigation,
561c7475da3bf3be407dd8f11235bd81845fe157df22b0ff4d18ce9047ecf161,2026-04,Suffolk Constabulary,Suffolk Constabulary,1.444431,52.270223,On or near Badingham Road,E01030201,East Suffolk 016A,Violence and sexual offences,Action to be taken by another organisation,
247c4124d1eb993a1d32f5416a792d857e7ff9c2a6e7f522b463ec150892ad5c,2026-04,Suffolk Constabulary,Suffolk Constabulary,1.467746,52.273093,On or near Yoxford Road,E01030201,East Suffolk 016A,Violence and sexual offences,Investigation complete; no suspect identified,
5f2edb4ca481b91d40fa9a052474e2ac6f7d7db7764a3abf8eb51e07c467323c,2026-04,Suffolk Constabulary,Suffolk Constabulary,1.648619,52.314580,On or near Adam'S Lane,E01030219,East Suffolk 016B,Burglary,Investigation complete; no suspect identified,
f72e5126ba6d794323cb6c91a8c2313ea906e327f4f8ba66f3d8d7596d0f38ec,2026-04,Suffolk Constabulary,Suffolk Constabulary,1.569732,52.312208,On or near Hazels Lane,E01030219,East Suffolk 016B,Criminal damage and arson,Investigation complete; no suspect identified,
29ae29f1ecff0e01ef944b60d406c3de681d07e9cf3cc72f705406ae6b7df4e5,2026-04,Suffolk Constabulary,Suffolk Constabulary,1.519676,52.316302,On or near The Hill,E01030219,East Suffolk 016B,Criminal damage and arson,Under investigation,
2fe92418d852cbbe2773d96972340d02b0a6f4827488b4974892ad54a38089ad,2026-04,Suffolk Constabulary,Suffolk Constabulary,1.648619,52.314580,On or near Adam'S Lane,E01030219,East Suffolk 016B,Criminal damage and arson,Investigation complete; no suspect identified,
77cbdb300f7c419e238e633ce91f242c7c6ee642094789b3b65d66f075d03e69,2026-04,Suffolk Constabulary,Suffolk Constabulary,1.519676,52.316302,On or near The Hill,E01030219,East Suffolk 016B,Criminal damage and arson,Under investigation,
30d05624760820ed0a931737bab3a0235735ecb5bc5637f457e90b23ac5e58c8,2026-04,Suffolk Constabulary,Suffolk Constabulary,1.519676,52.316302,On or near The Hill,E01030219,East Suffolk 016B,Criminal damage and arson,Under investigation,
3d230e998cd8f53204dba037ce9bb9bffcfad6254a8f56cfb3319f9f9d9f405d,2026-04,Suffolk Constabulary,Suffolk Constabulary,1.519676,52.316302,On or near The Hill,E01030219,East Suffolk 016B,Criminal damage and arson,Under investigation,
f131447612d3566d2050baeb4f71c18f040e9d0a371962c2714a3ceb91aa7868,2026-04,Suffolk Constabulary,Suffolk Constabulary,1.556946,52.325142,On or near Blyth Close,E01030219,East Suffolk 016B,Other theft,Investigation complete; no suspect identified,
f3a721fef092780139e54b3ee2f5a47faaef334f80978a0fdadab97fb36cebc5,2026-04,Suffolk Constabulary,Suffolk Constabulary,1.518488,52.310950,On or near Church Farm Road,E01030219,East Suffolk 016B,Other theft,Unable to prosecute suspect,
b7d985d8d435a4b1317b86b6232124ddc0352490ab0e3f0c17e10745ae7d535a,2026-04,Suffolk Constabulary,Suffolk Constabulary,1.599175,52.317313,On or near Dunwich Road,E01030219,East Suffolk 016B,Violence and sexual offences,Unable to prosecute suspect,
dd64b54494cc12d6155292c3929e02e62bdc2a862ff1380050044b79a515bfd8,2026-04,Suffolk Constabulary,Suffolk Constabulary,1.519676,52.316302,On or near The Hill,E01030219,East Suffolk 016B,Violence and sexual offences,Under investigation,
3899de742009053ebece961daa5b0e0b4e6f174fcf8bee3d6767acb8f69d4985,2026-04,Suffolk Constabulary,Suffolk Constabulary,1.597826,52.318227,On or near Highfield,E01030219,East Suffolk 016B,Violence and sexual offences,Local resolution,
,2026-04,Suffolk Constabulary,Suffolk Constabulary,1.625205,52.278100,On or near Sandy Lane,E01030222,East Suffolk 016C,Anti-social behaviour,,
38462e78e9a8c80b2f4acafe9e3c42d1b14863376ec692c60cb727f0de6715f3,2026-04,Suffolk Constabulary,Suffolk Constabulary,1.549082,52.274613,On or near Fairfields,E01030222,East Suffolk 016C,Burglary,Investigation complete; no suspect identified,
e8df0729991b836254964d72b52d5882cd46a69eac1cbf398de36fad78388c55,2026-04,Suffolk Constabulary,Suffolk Constabulary,1.498114,52.271261,On or near Yoxwood View,E01030222,East Suffolk 016C,Violence and sexual offences,Action to be taken by another organisation,
2b2212778436b3fe61cb85a791b061bb254589e5738155928895b4f67e81737b,2026-04,Suffolk Constabulary,Suffolk Constabulary,1.537038,52.285211,On or near London Road,E01030222,East Suffolk 016C,Violence and sexual offences,Unable to prosecute suspect,
92a23ddcbf380d50c24353096abd8a857f6949017d19f9eff61c7a141c22de04,2026-04,Suffolk Constabulary,Suffolk Constabulary,1.498114,52.271261,On or near Yoxwood View,E01030222,East Suffolk 016C,Violence and sexual offences,Under investigation,
2062e44d897199c991bcd133b0ecdc7b9a53a157f9b3f4ec991c2859caa66585,2026-04,Suffolk Constabulary,Suffolk Constabulary,1.628192,52.251851,On or near Parking Area,E01030222,East Suffolk 016C,Violence and sexual offences,Unable to prosecute suspect,
7d208d40dc7b426e46378f1acdd1940d1c609b1d6922737cbca8c55bcd1ab6b4,2026-04,Suffolk Constabulary,Suffolk Constabulary,1.539369,52.254676,On or near Yoxford Road,E01030222,East Suffolk 016C,Violence and sexual offences,Investigation complete; no suspect identified,
a8a06150892620375a5e3ba44ecb41f80c39bd3741483001dec5255c735b7b9f,2026-04,Suffolk Constabulary,Suffolk Constabulary,1.537038,52.285211,On or near London Road,E01030222,East Suffolk 016C,Violence and sexual offences,Unable to prosecute suspect,
51745bb84bd8724d58b129ee983ec462b4158c6256e76357a6237e8a1c79232f,2026-04,Suffolk Constabulary,Suffolk Constabulary,1.265810,52.220476,On or near Little Green,E01030154,East Suffolk 017A,Burglary,Investigation complete; no suspect identified,
5872266ca89a87c908db998365df03e421b104c8b6195514faf57ead66d47f01,2026-04,Suffolk Constabulary,Suffolk Constabulary,1.306292,52.157289,On or near Park Lane,E01030154,East Suffolk 017A,Other theft,Under investigation,
40208a027f889487c511cca5597cfb0e6107f07f9784aaaff7305ead35916bdf,2026-04,Suffolk Constabulary,Suffolk Constabulary,1.306292,52.157289,On or near Park Lane,E01030154,East Suffolk 017A,Other theft,Under investigation,
a0932e5b84becde32bd39f8dd3338f90276264631fb4d144e058fcbaded2dd72,2026-04,Suffolk Constabulary,Suffolk Constabulary,1.257031,52.194969,On or near Framsden Road,E01030154,East Suffolk 017A,Other theft,Investigation complete; no suspect identified,
ad2f6c6c2bf6d3b337c23dd6ec8127f2d9e07cbb0677bd8e96b5754d178e8b6b,2026-04,Suffolk Constabulary,Suffolk Constabulary,1.299637,52.159957,On or near Sports/Recreation Area,E01030154,East Suffolk 017A,Violence and sexual offences,Action to be taken by another organisation,
,2026-04,Suffolk Constabulary,Suffolk Constabulary,1.346091,52.215239,On or near Verow Road,E01030172,East Suffolk 017B,Anti-social behaviour,,
,2026-04,Suffolk Constabulary,Suffolk Constabulary,1.336113,52.219641,On or near Potters Brook,E01030172,East Suffolk 017B,Anti-social behaviour,,
0e6fa943df81d028b189db876a26a9a1e5e71b81a793502c8134437322c10888,2026-04,Suffolk Constabulary,Suffolk Constabulary,1.353171,52.208535,On or near Brick Lane,E01030172,East Suffolk 017B,Criminal damage and arson,Investigation complete; no suspect identified,
8e57b021e5c19e165c5cadeaccd64d7ccedc086e6901b2926c66bc3639df1b26,2026-04,Suffolk Constabulary,Suffolk Constabulary,1.342736,52.220866,On or near Parking Area,E01030172,East Suffolk 017B,Violence and sexual offences,Under investigation,
7b9efb62f28566e4e74c1e9e34f56a7f4f9d93e7a380bac84ed660ec8d411e47,2026-04,Suffolk Constabulary,Suffolk Constabulary,1.342736,52.220866,On or near Parking Area,E01030172,East Suffolk 017B,Violence and sexual offences,Under investigation,
b158b498601f510d970fed6a8b0cc4c1bed90d49af71e4cd3e2e5d8e8e6917d0,2026-04,Suffolk Constabulary,Suffolk Constabulary,1.337947,52.218906,On or near Knights Way,E01030172,East Suffolk 017B,Violence and sexual offences,Unable to prosecute suspect,
791277e5e61cceed4b23c60215fefca0d32060661689945e86a6abcefb302589,2026-04,Suffolk Constabulary,Suffolk Constabulary,1.347002,52.222472,On or near Castle Street,E01030173,East Suffolk 017C,Criminal damage and arson,Investigation complete; no suspect identified,
21d3271183b72c6c8b690f94998653dbeac7a39b8af72793d0e0130a6d51191d,2026-04,Suffolk Constabulary,Suffolk Constabulary,1.345669,52.219164,On or near The Knoll,E01030173,East Suffolk 017C,Other theft,Investigation complete; no suspect identified,
af00ba5472dcbbd07a8091c91410a10dd753569f5a6f081af04905194bbf95ac,2026-04,Suffolk Constabulary,Suffolk Constabulary,1.349003,52.223179,On or near Haynings Mill,E01030173,East Suffolk 017C,Public order,Investigation complete; no suspect identified,
854d7d216a674f898aaf0a69f85e031a5646ed4fd3adc83bfee23d35d83a0520,2026-04,Suffolk Constabulary,Suffolk Constabulary,1.351994,52.221871,On or near Pageant Place,E01030173,East Suffolk 017C,Violence and sexual offences,Under investigation,
d93fb46ec5ffe0f09302ae1da27146f817718117e38b06abef77247e0c474213,2026-04,Suffolk Constabulary,Suffolk Constabulary,1.351994,52.221871,On or near Pageant Place,E01030173,East Suffolk 017C,Violence and sexual offences,Investigation complete; no suspect identified,
b1d39995676034977c00e812923e6bc151e3d9b0834b10abc1a9b15ae28c1f30,2026-04,Suffolk Constabulary,Suffolk Constabulary,1.345045,52.222159,On or near Church Street,E01030173,East Suffolk 017C,Other crime,Investigation complete; no suspect identified,
66d8aa803be427d4d2ae3a97a2b3a1e360eb27c288ee005df227a89445ea3858,2026-04,Suffolk Constabulary,Suffolk Constabulary,1.347002,52.222472,On or near Castle Street,E01030173,East Suffolk 017C,Other crime,Investigation complete; no suspect identified,
65f88ac6d15b2c7242e6589846e6e7b570f6a997ee58e3d3b3839b55b2386edf,2026-04,Suffolk Constabulary,Suffolk Constabulary,1.349003,52.223179,On or near Haynings Mill,E01030173,East Suffolk 017C,Other crime,Investigation complete; no suspect identified,
b5455f37ce86994e5b41c8621cfb3fc74971efeaaa1ed98180db648f1a1154be,2026-04,Suffolk Constabulary,Suffolk Constabulary,1.372946,52.182023,On or near Easton Lane,E01030176,East Suffolk 017E,Burglary,Investigation complete; no suspect identified,
c71cd221e69762eecc42ee859702fcb080513c2f1574a5f28c50343b91308aa2,2026-04,Suffolk Constabulary,Suffolk Constabulary,1.424715,52.206578,On or near Chapel Lane,E01030176,East Suffolk 017E,Criminal damage and arson,Under investigation,
b7407b1c3c4f9d85456b5d096baaa14ba9a5e1ced44f187c4d05b595db0b0f0c,2026-04,Suffolk Constabulary,Suffolk Constabulary,1.402518,52.173600,On or near Hall Road,E01030176,East Suffolk 017E,Violence and sexual offences,Action to be taken by another organisation,
795173f7f0d082fa16a06d3c41de9811f95152a1036222bd827f1c38e7cebcdb,2026-04,Suffolk Constabulary,Suffolk Constabulary,1.402518,52.173600,On or near Hall Road,E01030176,East Suffolk 017E,Violence and sexual offences,Investigation complete; no suspect identified,
547c2b300275528c188a692a0925477eac93d758b3261345368b17155323d423,2026-04,Suffolk Constabulary,Suffolk Constabulary,1.402518,52.173600,On or near Hall Road,E01030176,East Suffolk 017E,Violence and sexual offences,Action to be taken by another organisation,
e735ed05fb5e04c6697647ab10ca0f5ff7908189fffa5cea051d55281c91a1f6,2026-04,Suffolk Constabulary,Suffolk Constabulary,1.374065,52.193117,On or near Main Road,E01030176,East Suffolk 017E,Violence and sexual offences,Unable to prosecute suspect,
9fc9640704a4633f69648e7f5fcbfe66453f51b905d63e0329a00b95cdbb99c3,2026-04,Suffolk Constabulary,Suffolk Constabulary,1.374065,52.193117,On or near Main Road,E01030176,East Suffolk 017E,Violence and sexual offences,Under investigation,
96c73071d1bd633bc34a0852ff4f65b5fa6cdcf1f46a38997cac0545b9b826c5,2026-04,Suffolk Constabulary,Suffolk Constabulary,1.442362,52.230295,On or near Sandy Lane,E01030176,East Suffolk 017E,Violence and sexual offences,Unable to prosecute suspect,
,2026-04,Suffolk Constabulary,Suffolk Constabulary,1.582366,52.201523,On or near Red House Lane,E01030186,East Suffolk 018A,Anti-social behaviour,,
c1f88edc9a9f638acb82e2a0c65a50690936c6d8c4588d869d15287dca53801c,2026-04,Suffolk Constabulary,Suffolk Constabulary,1.572144,52.202940,On or near Sycamore Close,E01030186,East Suffolk 018A,Other theft,Investigation complete; no suspect identified,
b643e2ebc8afc3404c6e7d5c565f3548bc9df53ae1c6140e6732b984107e605b,2026-04,Suffolk Constabulary,Suffolk Constabulary,1.572144,52.202940,On or near Sycamore Close,E01030186,East Suffolk 018A,Violence and sexual offences,Unable to prosecute suspect,
775dc097afb222d0d90c0528aeff712ed1ed302d873ce53d6f2605b325f0d336,2026-04,Suffolk Constabulary,Suffolk Constabulary,1.492978,52.225910,On or near Spinney Close,E01030208,East Suffolk 018B,Possession of weapons,Unable to prosecute suspect,
4dc4606b74d83761c21f11446ce24c685faddf6a53f6b9e573894b9d35af949f,2026-04,Suffolk Constabulary,Suffolk Constabulary,1.480927,52.227831,On or near Sandy Lane,E01030208,East Suffolk 018B,Violence and sexual offences,Unable to prosecute suspect,
3c334094f67390a57604a51c4963fc93017d0797abddbe88a44f1b07a8bf6239,2026-04,Suffolk Constabulary,Suffolk Constabulary,1.491838,52.215312,On or near Back Of Market Place,E01030209,East Suffolk 018C,Bicycle theft,Investigation complete; no suspect identified,
a4d685912f9566411069c9cc232c8d176a3937454e53fba570a30b6460d7c6d8,2026-04,Suffolk Constabulary,Suffolk Constabulary,1.491952,52.216019,On or near B1121,E01030209,East Suffolk 018C,Criminal damage and arson,Investigation complete; no suspect identified,
8fbb226969951c9ae0114d5779458b1b010e8ed5f26fa0b507843a69e8b4d61b,2026-04,Suffolk Constabulary,Suffolk Constabulary,1.490985,52.217505,On or near North Entrance,E01030209,East Suffolk 018C,Other theft,Investigation complete; no suspect identified,
4467f5adaaaee36797ac106aff2f8280dcea6871ec45b3cb6bf87a3f2965f753,2026-04,Suffolk Constabulary,Suffolk Constabulary,1.493968,52.213729,On or near Fromus Square,E01030209,East Suffolk 018C,Shoplifting,Under investigation,
9e547b787883059840432b5efc4b3c8b291900e918d9a9b4588ef1674bd88620,2026-04,Suffolk Constabulary,Suffolk Constabulary,1.487887,52.216661,On or near Fairfield Road,E01030209,East Suffolk 018C,Violence and sexual offences,Action to be taken by another organisation,
e93b2cf6f4b362fca5767f3f1f8379d5083d2dbb473bd2f570f034c9d0947d44,2026-04,Suffolk Constabulary,Suffolk Constabulary,1.494834,52.216923,On or near Holly Way,E01030209,East Suffolk 018C,Violence and sexual offences,Unable to prosecute suspect,
41a58e5619a63c1555da8d8f6b156c781e1fa5d3652f4a4d7e804b34f87918cb,2026-04,Suffolk Constabulary,Suffolk Constabulary,1.493968,52.213729,On or near Fromus Square,E01030209,East Suffolk 018C,Violence and sexual offences,Under investigation,
,2026-04,Suffolk Constabulary,Suffolk Constabulary,1.479630,52.213307,On or near Mayflower Avenue,E01030210,East Suffolk 018D,Anti-social behaviour,,
,2026-04,Suffolk Constabulary,Suffolk Constabulary,1.481188,52.212263,On or near Lincoln Avenue,E01030210,East Suffolk 018D,Anti-social behaviour,,
11e489d177314a12e61332709690fb3a93a7008e472daa47d18e154aa77aa78e,2026-04,Suffolk Constabulary,Suffolk Constabulary,1.485916,52.219535,On or near Dove Close,E01030210,East Suffolk 018D,Bicycle theft,Investigation complete; no suspect identified,
2393639b3cd2744c2e33a3e7346bc59678dd2f833515cf285d61bc4e9bc2d445,2026-04,Suffolk Constabulary,Suffolk Constabulary,1.482352,52.214045,On or near Seaman Avenue,E01030210,East Suffolk 018D,Drugs,Unable to prosecute suspect,
1234e1cb2493ade71a1fc32495847d88b71b964cca48ff5b3fdbb03ab2f4db96,2026-04,Suffolk Constabulary,Suffolk Constabulary,1.481949,52.219373,On or near Ashfords Close,E01030210,East Suffolk 018D,Violence and sexual offences,Action to be taken by another organisation,
796b39f870cfa53aeea973fdb67b4d575dc69b84ff3e3869c63639aba324816e,2026-04,Suffolk Constabulary,Suffolk Constabulary,1.485759,52.212865,On or near Millfield Close,E01030210,East Suffolk 018D,Violence and sexual offences,Unable to prosecute suspect,
acc0c45f012384b6e421b21a586a9f148fa7bfe4db9d48c1d3f68436ed5032f9,2026-04,Suffolk Constabulary,Suffolk Constabulary,1.485759,52.212865,On or near Millfield Close,E01030210,East Suffolk 018D,Violence and sexual offences,Unable to prosecute suspect,
1f5d99f98d0e86e2db3cc5fff1b1b8515e84c15a0bb4800f16394511e096042b,2026-04,Suffolk Constabulary,Suffolk Constabulary,1.485972,52.213894,On or near Park Avenue,E01030210,East Suffolk 018D,Violence and sexual offences,Local resolution,
b8b5ef499892fe1719f7df0dd0c5685ae3518dec8cd1a7e068e1bdcd05ec9421,2026-04,Suffolk Constabulary,Suffolk Constabulary,1.486722,52.213008,On or near Fisher Close,E01030210,East Suffolk 018D,Other crime,Investigation complete; no suspect identified,
,2026-04,Suffolk Constabulary,Suffolk Constabulary,1.447586,52.189793,On or near Mill Lane,E01030212,East Suffolk 018E,Anti-social behaviour,,
1898b951a70ab7d22e92718dd3ded5807f63927c7521b4a6588a587923e9cd1b,2026-04,Suffolk Constabulary,Suffolk Constabulary,1.467412,52.191622,On or near Parking Area,E01030212,East Suffolk 018E,Other theft,Under investigation,
d0a9d67e757784e690f4d4c9659034d7727815bfd8e05aac8557a55ce7b8fdfd,2026-04,Suffolk Constabulary,Suffolk Constabulary,1.497724,52.180661,On or near Farnham Road,E01030212,East Suffolk 018E,Vehicle crime,Investigation complete; no suspect identified,
74a1f4af79d45c81b8a76e5009edb5f7e3dcc2bbfd19443b19031deb35b33ac4,2026-04,Suffolk Constabulary,Suffolk Constabulary,1.492812,52.196386,On or near Red Lane,E01030212,East Suffolk 018E,Violence and sexual offences,Under investigation,
07c4f23ce78e8eff024ab5f51925232cdb642b773ef65f0072190e524bf22984,2026-04,Suffolk Constabulary,Suffolk Constabulary,1.484514,52.196964,On or near Meadow Walk,E01030212,East Suffolk 018E,Violence and sexual offences,Action to be taken by another organisation,
8b6dc3be9228cb27cce92cf161ce4fb6d518758c2058c94b8a3f19fe75a08eae,2026-04,Suffolk Constabulary,Suffolk Constabulary,1.492812,52.196386,On or near Red Lane,E01030212,East Suffolk 018E,Violence and sexual offences,Under investigation,
,2026-04,Suffolk Constabulary,Suffolk Constabulary,1.587482,52.163113,On or near The Brambles,E01030152,East Suffolk 019A,Anti-social behaviour,,
3d34aec7971d708da81890c04f32ba2508438c03337e63018cf328215f774359,2026-04,Suffolk Constabulary,Suffolk Constabulary,1.582898,52.205591,On or near Paxton Chadwick Close,E01030187,East Suffolk 019C,Violence and sexual offences,Under investigation,
6660655fcfc5bd7344e7d7a61e967abd8e298f75b20e618b4e400c63f3d529c2,2026-04,Suffolk Constabulary,Suffolk Constabulary,1.583734,52.200888,On or near Perrett Way,E01030187,East Suffolk 019C,Violence and sexual offences,Under investigation,
89d94cdab1059cdfb909ea10e26db097d44c9426b96634e020215f75e45630ef,2026-04,Suffolk Constabulary,Suffolk Constabulary,1.589745,52.205346,On or near Heath View,E01030187,East Suffolk 019C,Violence and sexual offences,Unable to prosecute suspect,
d1bfac6305e582588d7bbf4ac684e85d109214c73da9e7068ff191f0ef40aa35,2026-04,Suffolk Constabulary,Suffolk Constabulary,1.580018,52.204365,On or near Haven Road,E01030187,East Suffolk 019C,Violence and sexual offences,Local resolution,
,2026-04,Suffolk Constabulary,Suffolk Constabulary,1.577527,52.207984,On or near Parking Area,E01030188,East Suffolk 019D,Anti-social behaviour,,
22e377296bd038399c1ef8d42a2691ff73a00e83664a42616754ff4a5faa6dc7,2026-04,Suffolk Constabulary,Suffolk Constabulary,1.575878,52.204230,On or near Orchard Road,E01030188,East Suffolk 019D,Criminal damage and arson,Unable to prosecute suspect,
e24f35834671edb4db9fb4143661d94ca5e003766c531e8caed313fd3196b14b,2026-04,Suffolk Constabulary,Suffolk Constabulary,1.578957,52.208831,On or near Valley Gardens,E01030188,East Suffolk 019D,Drugs,Local resolution,
f0b3269b4d827dd3cc8b4f413ee8b3f1134d2a00eb65d7a1a41281bad7359a04,2026-04,Suffolk Constabulary,Suffolk Constabulary,1.577661,52.205831,On or near High Street,E01030188,East Suffolk 019D,Public order,Unable to prosecute suspect,
6eab90861132c7430c437f21d5e102efde3c5810edc605123c12b844a49874a1,2026-04,Suffolk Constabulary,Suffolk Constabulary,1.575707,52.203920,On or near Police Station,E01030188,East Suffolk 019D,Vehicle crime,Unable to prosecute suspect,
62bdb79796c578ff0b3a3569012baa23d1f09b7644676dcf8e8990a9a8d2c808,2026-04,Suffolk Constabulary,Suffolk Constabulary,1.576864,52.207564,On or near B1122,E01030188,East Suffolk 019D,Violence and sexual offences,Under investigation,
83f61d9dc389382d0a9562650832e572a5ae78f9b9a7623d32a82aa6b1eec104,2026-04,Suffolk Constabulary,Suffolk Constabulary,1.574007,52.206690,On or near Sports/Recreation Area,E01030188,East Suffolk 019D,Violence and sexual offences,Investigation complete; no suspect identified,
0e71207efd5e37eed8ef08036a16ddd38582c3252350e1d587f767f339d44ffe,2026-04,Suffolk Constabulary,Suffolk Constabulary,1.576265,52.205945,On or near Cross Street,E01030188,East Suffolk 019D,Violence and sexual offences,Under investigation,
562ad44b9fe5c11a5229ec66056b7e7208e49dd33cb778373739eb95a7261489,2026-04,Suffolk Constabulary,Suffolk Constabulary,1.575751,52.207562,On or near Parking Area,E01030188,East Suffolk 019D,Violence and sexual offences,Unable to prosecute suspect,
e11264db59d8cfcb28b1ba3f44f445df5fc2bef04e2e4ec859264e0f75f9c218,2026-04,Suffolk Constabulary,Suffolk Constabulary,1.576864,52.207564,On or near B1122,E01030188,East Suffolk 019D,Violence and sexual offences,Unable to prosecute suspect,
b6aa2c70e470dde8b7ba8c2bf31facf0cb0bf2e1973501f824c359abd92f8821,2026-04,Suffolk Constabulary,Suffolk Constabulary,1.576864,52.207564,On or near B1122,E01030188,East Suffolk 019D,Violence and sexual offences,Under investigation,
de97344ca55fcc005d82f2e07222163928d2c91dc0c84bb841201fd048a7a0a1,2026-04,Suffolk Constabulary,Suffolk Constabulary,1.575751,52.207562,On or near Parking Area,E01030188,East Suffolk 019D,Violence and sexual offences,Under investigation,
87df69ded6da51d5d6e3b3f9a1fec0acfc47ab2ffae52c1f82980a5d8e5a53ab,2026-04,Suffolk Constabulary,Suffolk Constabulary,1.577527,52.207984,On or near Parking Area,E01030188,East Suffolk 019D,Violence and sexual offences,Investigation complete; no suspect identified,
40271cf2e0fcab3fc8d55f1145fedc338051a60c5cbcbcf1a350cd9000a05fb6,2026-04,Suffolk Constabulary,Suffolk Constabulary,1.578957,52.208831,On or near Valley Gardens,E01030188,East Suffolk 019D,Violence and sexual offences,Unable to prosecute suspect,
,2026-04,Suffolk Constabulary,Suffolk Constabulary,1.584757,52.206856,On or near Charles Adams Close,E01030189,East Suffolk 019E,Anti-social behaviour,,
2903914535601ca50f64d2bf62e542a5d0957018afaa2391d940ed4fa2e859e7,2026-04,Suffolk Constabulary,Suffolk Constabulary,1.574693,52.211501,On or near Sports/Recreation Area,E01030189,East Suffolk 019E,Other theft,Investigation complete; no suspect identified,
b9c933e488da61137752ec458965b69c80d12862a6696c5b2aa03563e8c5250a,2026-04,Suffolk Constabulary,Suffolk Constabulary,1.584874,52.210316,On or near Valley Road,E01030189,East Suffolk 019E,Possession of weapons,Local resolution,
4826c678f63f1edd902a254c4f7a9e4b996527b97683784cc52e4496c8d70b5f,2026-04,Suffolk Constabulary,Suffolk Constabulary,1.562842,52.208528,On or near Saxmundham Road,E01030189,East Suffolk 019E,Public order,Unable to prosecute suspect,
0cb1426d648207e5ea5a477cb0bac6d51265e29b71fa4830e2bc4f55ff2916f8,2026-04,Suffolk Constabulary,Suffolk Constabulary,1.563557,52.210332,On or near Harling Way,E01030189,East Suffolk 019E,Violence and sexual offences,Unable to prosecute suspect,
ae0a42a5d1b43e2e56bd93fa4d95d78db310e3a113ac9f244d04350631eb7583,2026-04,Suffolk Constabulary,Suffolk Constabulary,1.562842,52.208528,On or near Saxmundham Road,E01030189,East Suffolk 019E,Violence and sexual offences,Action to be taken by another organisation,
e5f718d3fec2476d113a226a9f40655d42e2c23b2e3511b00b162cfd3530fe71,2026-04,Suffolk Constabulary,Suffolk Constabulary,1.565558,52.210339,On or near Sports/Recreation Area,E01030189,East Suffolk 019E,Violence and sexual offences,Unable to prosecute suspect,
2b6bfaea44ee16d87635654d7c065a5086aba26dbd440c0f540da8c314daf0a9,2026-04,Suffolk Constabulary,Suffolk Constabulary,1.570065,52.210594,On or near Westward Ho,E01030189,East Suffolk 019E,Violence and sexual offences,Unable to prosecute suspect,
7b9aede779856fa17181e6862d68718e75adc1fbd14ca71996db47a0690fb922,2026-04,Suffolk Constabulary,Suffolk Constabulary,1.563861,52.210107,On or near Farrow Close,E01030189,East Suffolk 019E,Violence and sexual offences,Unable to prosecute suspect,
0e8f28570e00297a183365f7b1f5c22f8756ccb07eebc495ea153978674f1be2,2026-04,Suffolk Constabulary,Suffolk Constabulary,1.368604,52.139100,On or near Lower Ufford Lane,E01030193,East Suffolk 020A,Other theft,Investigation complete; no suspect identified,
bfeb4a2ac1982030b661c6990515b53a1fb4be52934ac76446f96b1a12b5272f,2026-04,Suffolk Constabulary,Suffolk Constabulary,1.335249,52.104720,On or near The Debenside,E01030194,East Suffolk 020B,Criminal damage and arson,Investigation complete; no suspect identified,
9e133dd1da129f06b5ab170c5a3e1e020249100351dbb01e1c60b837fd8fd54e,2026-04,Suffolk Constabulary,Suffolk Constabulary,1.314602,52.104808,On or near Orchard Close,E01030195,East Suffolk 020C,Other crime,Under investigation,
3e6c470495f9e94cf292f3194a7cb7af146f505be9dd89c5d5ae90a96938adbd,2026-04,Suffolk Constabulary,Suffolk Constabulary,1.363130,52.150855,On or near Supermarket,E01030220,East Suffolk 020D,Other theft,Investigation complete; no suspect identified,
d77d803188b0027fdbb66b40a3daf06355ff314d2a6a57fb6a579cc6abcf42bf,2026-04,Suffolk Constabulary,Suffolk Constabulary,1.359887,52.154756,On or near Broadway,E01030220,East Suffolk 020D,Violence and sexual offences,Unable to prosecute suspect,
,2026-04,Suffolk Constabulary,Suffolk Constabulary,1.250288,52.104963,On or near Chapel Lane,E01030175,East Suffolk 021A,Anti-social behaviour,,
1b0de2b0fa0ba9b56d656db3a6b1afc68771360fe5c70ea24771eea302b12264,2026-04,Suffolk Constabulary,Suffolk Constabulary,1.249003,52.110584,On or near Orchard End,E01030175,East Suffolk 021A,Violence and sexual offences,Under investigation,
178cd561515b773088e88ba584e1592fc714b3ecc76102d27b63fbb53a530bd3,2026-04,Suffolk Constabulary,Suffolk Constabulary,1.247948,52.110334,On or near Meeting Lane,E01030175,East Suffolk 021A,Violence and sexual offences,Under investigation,
4a2362341b4625599c3b18a97c53210b51995b6af0748e8c19d5c5c041285f86,2026-04,Suffolk Constabulary,Suffolk Constabulary,1.275760,52.105940,On or near Riverside,E01030200,East Suffolk 021B,Criminal damage and arson,Unable to prosecute suspect,
9337b43366c6ddc7aee4cdffc8ee720b9eb30961f08bce33716bb6fd58a49825,2026-04,Suffolk Constabulary,Suffolk Constabulary,1.218637,52.150550,On or near St Mary'S View,E01030200,East Suffolk 021B,Violence and sexual offences,Action to be taken by another organisation,
3219a46c9aa3b9db56c8b68711bcb8014c7b52a42bbc2373b425139bf11c8b46,2026-04,Suffolk Constabulary,Suffolk Constabulary,1.194296,52.115066,On or near Wash Lane,E01030221,East Suffolk 021C,Other theft,Investigation complete; no suspect identified,
afdd294c9dc991d3c90131110ec8fef3356d0feaa74584b4174a1298e0c2e02b,2026-04,Suffolk Constabulary,Suffolk Constabulary,1.171528,52.085956,On or near Swan Lane,E01030221,East Suffolk 021C,Violence and sexual offences,Unable to prosecute suspect,
c4356f066b99c07f71697782e9ec2527f30ee8b56a798e9296727e63092bf8c6,2026-04,Suffolk Constabulary,Suffolk Constabulary,1.193270,52.089893,On or near Westerfield Lane,E01030221,East Suffolk 021C,Violence and sexual offences,Under investigation,
7a4267c0642465c37618e2215fa15cecefc592702edfc00e367ad9c24ac019e0,2026-04,Suffolk Constabulary,Suffolk Constabulary,1.231874,52.066247,On or near Doctor Watson'S Lane,E01030221,East Suffolk 021C,Violence and sexual offences,Unable to prosecute suspect,
2d33a464461c58ba0f8eec6e4b1236d8f0cd9ada47effc73ed4277a1cdddbe26,2026-04,Suffolk Constabulary,Suffolk Constabulary,1.311838,52.103582,On or near Rodney Court,E01030155,East Suffolk 022A,Violence and sexual offences,Action to be taken by another organisation,
d5ab3f82047c9592d8de5565d5c4e17395f4453eee976dba872779ac4844a5d1,2026-04,Suffolk Constabulary,Suffolk Constabulary,1.301310,52.100252,On or near Tennyson Close,E01030155,East Suffolk 022A,Violence and sexual offences,Under investigation,
a6db4eb9469f989552f00adfb760323ff932da68203d272e413446183513ed23,2026-04,Suffolk Constabulary,Suffolk Constabulary,1.301310,52.100252,On or near Tennyson Close,E01030155,East Suffolk 022A,Violence and sexual offences,Under investigation,
52cbfa25b3ab47dafaf22baa6267802c706d85e4e20185fa42da5aafb27cb077,2026-04,Suffolk Constabulary,Suffolk Constabulary,1.301310,52.100252,On or near Tennyson Close,E01030155,East Suffolk 022A,Violence and sexual offences,Action to be taken by another organisation,
ea80c21b74f64808bd83a87d1bdcdb5a31f273053885827d542de445810a13cd,2026-04,Suffolk Constabulary,Suffolk Constabulary,1.301310,52.100252,On or near Tennyson Close,E01030155,East Suffolk 022A,Violence and sexual offences,Under investigation,
556d5d11331ed84d026886d7f86f717cc476902d5134366b73735cff7aaf0c92,2026-04,Suffolk Constabulary,Suffolk Constabulary,1.311838,52.103582,On or near Rodney Court,E01030155,East Suffolk 022A,Violence and sexual offences,Unable to prosecute suspect,
,2026-04,Suffolk Constabulary,Suffolk Constabulary,1.294886,52.089396,On or near Lady Margaret Gardens,E01030185,East Suffolk 022B,Anti-social behaviour,,
,2026-04,Suffolk Constabulary,Suffolk Constabulary,1.299083,52.092049,On or near Queens Avenue,E01030185,East Suffolk 022B,Anti-social behaviour,,
be53321e8cc7e72c719ec934c7dc5586c734bb15ee70524175bf130595553f0b,2026-04,Suffolk Constabulary,Suffolk Constabulary,1.294479,52.087438,On or near Christchurch Drive,E01030185,East Suffolk 022B,Criminal damage and arson,Unable to prosecute suspect,
65371cb25ffd4a0b4718896929ded1257590756fd9ca4b48d8999242c763507f,2026-04,Suffolk Constabulary,Suffolk Constabulary,1.297989,52.097800,On or near Petrol Station,E01030185,East Suffolk 022B,Public order,Investigation complete; no suspect identified,
aab4c3e1cac73af4145c22328c9d8b72b9daf82fd6819cf3420e32de436aa47a,2026-04,Suffolk Constabulary,Suffolk Constabulary,1.298725,52.095108,On or near Bilney Road,E01030185,East Suffolk 022B,Shoplifting,Investigation complete; no suspect identified,
71c24b7c79500af67175a0b9b5ab4b958d5c1babfb7489157fc137afb3e2313e,2026-04,Suffolk Constabulary,Suffolk Constabulary,1.300206,52.093214,On or near Gonville Close,E01030185,East Suffolk 022B,Vehicle crime,Investigation complete; no suspect identified,
6970d656c3a906432de1377183461d57da7a858a2bd1c67ec87a359cbd5233b1,2026-04,Suffolk Constabulary,Suffolk Constabulary,1.309931,52.094794,On or near B1079,E01030185,East Suffolk 022B,Vehicle crime,Unable to prosecute suspect,
f275027d6b3b443644df0b445b6e595635229247af81b35a951e0e6fc994873a,2026-04,Suffolk Constabulary,Suffolk Constabulary,1.300206,52.093214,On or near Gonville Close,E01030185,East Suffolk 022B,Vehicle crime,Investigation complete; no suspect identified,
70ea914b207cd70c6ccc4c3d5646fdc7a0d0550db8d440cfbe8f489e9e951587,2026-04,Suffolk Constabulary,Suffolk Constabulary,1.299083,52.092049,On or near Queens Avenue,E01030185,East Suffolk 022B,Violence and sexual offences,Unable to prosecute suspect,
fd24b07f21118a365457bbdc4badab841f0f9325889d1b7b2b64a6f680540cf7,2026-04,Suffolk Constabulary,Suffolk Constabulary,1.298782,52.089557,On or near Old Barrack Road,E01030185,East Suffolk 022B,Violence and sexual offences,Unable to prosecute suspect,
3cbed22f1aef6cafee0278ba8787640c3e505905d7b6800c3c010f886c5514dd,2026-04,Suffolk Constabulary,Suffolk Constabulary,1.296858,52.089602,On or near Newnham Avenue,E01030185,East Suffolk 022B,Violence and sexual offences,Under investigation,
bb75e8281e2883bc39c20d849254c9c07eecb6825582399a8177b72a2ca725da,2026-04,Suffolk Constabulary,Suffolk Constabulary,1.300670,52.097131,On or near Moor'S Way,E01030185,East Suffolk 022B,Violence and sexual offences,Unable to prosecute suspect,
5e8ff51f9fab727ae65a42116a5b73cfb900cc0110804e197c96061e909441ae,2026-04,Suffolk Constabulary,Suffolk Constabulary,1.300151,52.091677,On or near Churchill Close,E01030185,East Suffolk 022B,Violence and sexual offences,Unable to prosecute suspect,
b781a9bf420e990f8bc0734f09b47c2f3deba3baab0cb921af0e2e0eb7addc6c,2026-04,Suffolk Constabulary,Suffolk Constabulary,1.312103,52.089219,On or near Westholme Close,E01030203,East Suffolk 022C,Criminal damage and arson,Investigation complete; no suspect identified,
f870557cc0450f1b023187fdf159dc2e5382329ec6383c7b46e2a44be2c72259,2026-04,Suffolk Constabulary,Suffolk Constabulary,1.305637,52.093394,On or near Bridgewood Road,E01030203,East Suffolk 022C,Public order,Unable to prosecute suspect,
98dd01e107bf4bd107eaa2239a59a11f8b23af677de514401ba5e3d000664514,2026-04,Suffolk Constabulary,Suffolk Constabulary,1.305637,52.093394,On or near Bridgewood Road,E01030203,East Suffolk 022C,Public order,Under investigation,
4443365e44664c5457c83c2119a825a632705b62b7c173e9a54ce030c7cbbc12,2026-04,Suffolk Constabulary,Suffolk Constabulary,1.305637,52.093394,On or near Bridgewood Road,E01030203,East Suffolk 022C,Public order,Unable to prosecute suspect,
2569a27706594ea3858cb3c9f95abca31afbc5cb6588e44dfac1555b9c5eb466,2026-04,Suffolk Constabulary,Suffolk Constabulary,1.311324,52.090536,On or near B1438,E01030203,East Suffolk 022C,Shoplifting,Investigation complete; no suspect identified,
ae3c69468aea4abd9ce47de85fc28482a9c83db953126616ba530d435b824a15,2026-04,Suffolk Constabulary,Suffolk Constabulary,1.300203,52.084679,On or near Sandy Lane,E01030203,East Suffolk 022C,Vehicle crime,Investigation complete; no suspect identified,
5f2f1b287a6f16c437f824557e6af27d14bb64a9a9c528d1fd2beee51d30b282,2026-04,Suffolk Constabulary,Suffolk Constabulary,1.319792,52.090919,On or near Tide Mill Way,E01030203,East Suffolk 022C,Violence and sexual offences,Awaiting court outcome,
6d439a88559af5498d6e36313d82d4bc0f7b35f7adc694b9da29c27f49d3ba85,2026-04,Suffolk Constabulary,Suffolk Constabulary,1.319792,52.090919,On or near Tide Mill Way,E01030203,East Suffolk 022C,Violence and sexual offences,Awaiting court outcome,
da1ea96aad984a99345507050366859c586d19897db2a3a516036f2afe716d12,2026-04,Suffolk Constabulary,Suffolk Constabulary,1.319792,52.090919,On or near Tide Mill Way,E01030203,East Suffolk 022C,Violence and sexual offences,Awaiting court outcome,
4d1393e7750968f636b02ba5489cf4fae1da86faede4aa4a31e924199bae73a0,2026-04,Suffolk Constabulary,Suffolk Constabulary,1.319792,52.090919,On or near Tide Mill Way,E01030203,East Suffolk 022C,Violence and sexual offences,Awaiting court outcome,
c110d2adc5527d26135bfec386f6451173b8cb998e55bb771b5f3d23fe1f70b1,2026-04,Suffolk Constabulary,Suffolk Constabulary,1.310242,52.088147,On or near Birch Close,E01030203,East Suffolk 022C,Violence and sexual offences,Unable to prosecute suspect,
,2026-04,Suffolk Constabulary,Suffolk Constabulary,1.315296,52.095848,On or near Castle Street,E01030211,East Suffolk 022D,Anti-social behaviour,,
,2026-04,Suffolk Constabulary,Suffolk Constabulary,1.320052,52.093825,On or near The Thoroughfare,E01030211,East Suffolk 022D,Anti-social behaviour,,
,2026-04,Suffolk Constabulary,Suffolk Constabulary,1.320052,52.093825,On or near The Thoroughfare,E01030211,East Suffolk 022D,Anti-social behaviour,,
,2026-04,Suffolk Constabulary,Suffolk Constabulary,1.320052,52.093825,On or near The Thoroughfare,E01030211,East Suffolk 022D,Anti-social behaviour,,
77724e0fb6ee7142a8db85b77dedf3a14ec357261bae51e593788178cb2fe588,2026-04,Suffolk Constabulary,Suffolk Constabulary,1.317773,52.096561,On or near Wilderness Lane,E01030211,East Suffolk 022D,Criminal damage and arson,Unable to prosecute suspect,
17ca7c6be3350af712a967589713a10986ab1292e7fb89f1d0286b4170a5c819,2026-04,Suffolk Constabulary,Suffolk Constabulary,1.312988,52.094069,On or near Market Hill,E01030211,East Suffolk 022D,Public order,Unable to prosecute suspect,
7ef07786c270d4ef1c7262a9f68ab6ff72144599cdb8526acad9a4d8d824f002,2026-04,Suffolk Constabulary,Suffolk Constabulary,1.315467,52.093046,On or near Carmelites Place,E01030211,East Suffolk 022D,Violence and sexual offences,Unable to prosecute suspect,
69b32d09aef5f5e9067822af90e16554d89ecec4356c2ed3207ca4cb882dcfe6,2026-04,Suffolk Constabulary,Suffolk Constabulary,1.322199,52.094421,On or near Sutton Close,E01030211,East Suffolk 022D,Violence and sexual offences,Investigation complete; no suspect identified,
d8adf53bb21f0c70bb7b0377fcb7ad4ec8193262a785dea4c18d5cf3f5da2dda,2026-04,Suffolk Constabulary,Suffolk Constabulary,1.317019,52.091725,On or near Quay Street,E01030211,East Suffolk 022D,Violence and sexual offences,Investigation complete; no suspect identified,
,2026-04,Suffolk Constabulary,Suffolk Constabulary,1.449928,52.144086,On or near Snape Road,E01030199,East Suffolk 023A,Anti-social behaviour,,
65f330a10b978272acff48516935912bac1fb99478058b64af661e82cc3137cc,2026-04,Suffolk Constabulary,Suffolk Constabulary,1.544540,52.089531,On or near Orfordness,E01030199,East Suffolk 023A,Burglary,Investigation complete; no suspect identified,
12327a30b947499c281d1c0d36c5ba82d5a19f9c1d49826afe094da94c1ea0d2,2026-04,Suffolk Constabulary,Suffolk Constabulary,1.467216,52.141357,On or near Mill Lane,E01030199,East Suffolk 023A,Burglary,Investigation complete; no suspect identified,
fcfa16b405350eec9a66f8a560602698e538a2dfd282727826eade428b3621cb,2026-04,Suffolk Constabulary,Suffolk Constabulary,1.460015,52.160089,On or near School Road,E01030199,East Suffolk 023A,Criminal damage and arson,Unable to prosecute suspect,
78d49918438437b3d81a9f72c5575693f4891fe5daaebb91ff4e184fe71f0b34,2026-04,Suffolk Constabulary,Suffolk Constabulary,1.526817,52.101046,On or near Newton Broadway,E01030199,East Suffolk 023A,Other theft,Investigation complete; no suspect identified,
e1e464c6b193897986cfcf826ee7acedfc03bc35688454d8304277068a592ee1,2026-04,Suffolk Constabulary,Suffolk Constabulary,1.516850,52.104123,On or near Park/Open Space,E01030199,East Suffolk 023A,Vehicle crime,Investigation complete; no suspect identified,
15e4df987003bb2eb681dcfeee31f619683964639b4617070673a2ba77b860f3,2026-04,Suffolk Constabulary,Suffolk Constabulary,1.397150,52.083586,On or near Aldershot Avenue,E01033443,East Suffolk 023B,Public order,Investigation complete; no suspect identified,
691b11bbbeba4fbd6536b768031ad56e6171dfbb81d3b38f38b058746164dfc2,2026-04,Suffolk Constabulary,Suffolk Constabulary,1.390710,52.079904,On or near Chequer Field,E01033443,East Suffolk 023B,Violence and sexual offences,Action to be taken by another organisation,
2e8ad1681bbf2e3206d2c981a69b57f890f99e9ccb2fd0d1630a9f5de6a024e8,2026-04,Suffolk Constabulary,Suffolk Constabulary,1.369708,52.086634,On or near Park/Open Space,E01033443,East Suffolk 023B,Violence and sexual offences,Under investigation,
,2026-04,Suffolk Constabulary,Suffolk Constabulary,1.421225,52.129534,On or near Elm Close,E01033445,East Suffolk 023C,Anti-social behaviour,,
c151310b1b1a8a0e8226868fbfacf36b274011ac265df0f2cb1a41d31fb22814,2026-04,Suffolk Constabulary,Suffolk Constabulary,1.412987,52.125968,On or near Welburn Close,E01033445,East Suffolk 023C,Violence and sexual offences,Unable to prosecute suspect,
e75562f725c8bc1ac0a3facd6d80fb8655be9f2ea43fbc7b969bc76b79bfc1bf,2026-04,Suffolk Constabulary,Suffolk Constabulary,1.412987,52.125968,On or near Welburn Close,E01033445,East Suffolk 023C,Violence and sexual offences,Unable to prosecute suspect,
aac80ca4aa13e5efde1adb72a0ca25c6947f0e6b62ca3f4527ef9dfa8ec927e9,2026-04,Suffolk Constabulary,Suffolk Constabulary,1.412987,52.125968,On or near Welburn Close,E01033445,East Suffolk 023C,Violence and sexual offences,Unable to prosecute suspect,
37c328e87f2f3b0cae976e32cc58698070750d94c902ba9380336713cc4630f8,2026-04,Suffolk Constabulary,Suffolk Constabulary,1.454207,52.058023,On or near Sports/Recreation Area,E01033446,East Suffolk 023D,Criminal damage and arson,Investigation complete; no suspect identified,
6cb5db4e9d56fcb157bbeebb0a082a1046d6cc42ec538e99eb8cd1932b004340,2026-04,Suffolk Constabulary,Suffolk Constabulary,1.429821,52.051005,On or near Swallows Close,E01033446,East Suffolk 023D,Criminal damage and arson,Unable to prosecute suspect,
5645a650fe6442c4f036833f2eca301d7eba9976b1ddfe703bccaaeebdd158ef,2026-04,Suffolk Constabulary,Suffolk Constabulary,1.454207,52.058023,On or near Sports/Recreation Area,E01033446,East Suffolk 023D,Other theft,Investigation complete; no suspect identified,
2357c9701ee5b96145bbe0cfa5a619af2b9d7aa077f62a831cf09952b59b4587,2026-04,Suffolk Constabulary,Suffolk Constabulary,1.484563,52.086635,On or near The Thrift,E01033446,East Suffolk 023D,Public order,Investigation complete; no suspect identified,
454c5c0165f9267297075b8fd431c410e546c2c817f6efe8b7a5dd252dba35ca,2026-04,Suffolk Constabulary,Suffolk Constabulary,1.454207,52.058023,On or near Sports/Recreation Area,E01033446,East Suffolk 023D,Other crime,Under investigation,
40afc3d3035690ce419dcc40711c0d28e3c59d51468923ba6b225392dedd0c2f,2026-04,Suffolk Constabulary,Suffolk Constabulary,1.454207,52.058023,On or near Sports/Recreation Area,E01033446,East Suffolk 023D,Other crime,Action to be taken by another organisation,
15d82dcf34801f059a58a791a8d7c895ae42542c56ceeaa991d5f812590ce651,2026-04,Suffolk Constabulary,Suffolk Constabulary,1.454207,52.058023,On or near Sports/Recreation Area,E01033446,East Suffolk 023D,Other crime,Unable to prosecute suspect,
10ee5089b9bdc4d17dfe9979e3274a2f6069bb296546723be5ee0bbfb7556433,2026-04,Suffolk Constabulary,Suffolk Constabulary,1.454207,52.058023,On or near Sports/Recreation Area,E01033446,East Suffolk 023D,Other crime,Action to be taken by another organisation,
,2026-04,Suffolk Constabulary,Suffolk Constabulary,1.341978,52.094905,On or near Parking Area,E01033448,East Suffolk 023E,Anti-social behaviour,,
,2026-04,Suffolk Constabulary,Suffolk Constabulary,1.386825,52.050784,On or near Heath Drive,E01033448,East Suffolk 023E,Anti-social behaviour,,
e6e5cb5453fbd889825e9b63bc7df34e940e3244b6759e4f33c2165df4b2b091,2026-04,Suffolk Constabulary,Suffolk Constabulary,1.382900,52.051157,On or near Villa Hill,E01033448,East Suffolk 023E,Criminal damage and arson,Unable to prosecute suspect,
77ba330d57b192bdb23d870ee0fe54ad84e431908de3cebbffad315589660c5f,2026-04,Suffolk Constabulary,Suffolk Constabulary,1.411676,52.130234,On or near Mayhew Road,E01033449,East Suffolk 023F,Violence and sexual offences,Unable to prosecute suspect,
02b38e256405ba77b613062d127c77be06d77796fa9b633067136caa358a26e9,2026-04,Suffolk Constabulary,Suffolk Constabulary,1.406249,52.151986,On or near Ivy Lodge Road,E01033449,East Suffolk 023F,Violence and sexual offences,Unable to prosecute suspect,
58250e2ace6faa688792f17457ddc69371eabb04c6cd796b50e28b6b3be7eb9e,2026-04,Suffolk Constabulary,Suffolk Constabulary,1.416997,52.130250,On or near Maple Close,E01033449,East Suffolk 023F,Violence and sexual offences,Action to be taken by another organisation,
0a10ef42ab37e342b645073921cdfc1476fc4c79f37718c891957c0441c5144a,2026-04,Suffolk Constabulary,Suffolk Constabulary,1.418873,52.132984,On or near St Gregorys Close,E01033449,East Suffolk 023F,Violence and sexual offences,Unable to prosecute suspect,
,2026-04,Suffolk Constabulary,Suffolk Constabulary,1.236330,52.055430,On or near Ogden Grove,E01030179,East Suffolk 024A,Anti-social behaviour,,
60fd5318045670d6ba341af67e02945aad98fbf727542fb9fa07458b0539ae25,2026-04,Suffolk Constabulary,Suffolk Constabulary,1.236330,52.055430,On or near Ogden Grove,E01030179,East Suffolk 024A,Burglary,Under investigation,
5bea0e633a3a7e17ca9b2c155d2c6e694fa40bec57996c9cd41834e3b9af0a06,2026-04,Suffolk Constabulary,Suffolk Constabulary,1.247144,52.062508,On or near Fairbairn Avenue,E01030179,East Suffolk 024A,Violence and sexual offences,Unable to prosecute suspect,
bbbc4b05171084b13338da49d0ca2d8a73ac8e78af048b32568342baebc4dbd8,2026-04,Suffolk Constabulary,Suffolk Constabulary,1.247144,52.062508,On or near Fairbairn Avenue,E01030179,East Suffolk 024A,Violence and sexual offences,Under investigation,
0847b1a0fb4615fcf00036d0f5887a75c39a5f8b4f8ed7fc4a303b76dc293eec,2026-04,Suffolk Constabulary,Suffolk Constabulary,1.239772,52.057422,On or near Walker Chase,E01030179,East Suffolk 024A,Violence and sexual offences,Unable to prosecute suspect,
5385d71e8d8a120783b8ba71459de6c2559c9d23a5fe77bed00884dd39fc38c9,2026-04,Suffolk Constabulary,Suffolk Constabulary,1.249248,52.063340,On or near Stewart Young Grove,E01030179,East Suffolk 024A,Violence and sexual offences,Under investigation,
3da8fc8fde1f82c77882d381a4e4ea5f5c319870aa50cdc7281709c6adaa22ee,2026-04,Suffolk Constabulary,Suffolk Constabulary,1.247144,52.062508,On or near Fairbairn Avenue,E01030179,East Suffolk 024A,Violence and sexual offences,Unable to prosecute suspect,
,2026-04,Suffolk Constabulary,Suffolk Constabulary,1.240660,52.060213,On or near Butler Smith Gardens,E01030180,East Suffolk 024B,Anti-social behaviour,,
a34eda7e9fab3d5f8fc7d7aa230f1a3e9e1d4ffac0fe710a8bcfeb3914b44ac2,2026-04,Suffolk Constabulary,Suffolk Constabulary,1.244710,52.066442,On or near Parking Area,E01030180,East Suffolk 024B,Violence and sexual offences,Under investigation,
b647a6baac0d449bbebceb1c3cbddf40aedefcdfae925f88563cf1ba134550db,2026-04,Suffolk Constabulary,Suffolk Constabulary,1.225187,52.057094,On or near Truro Crescent,E01030183,East Suffolk 024C,Criminal damage and arson,Unable to prosecute suspect,
2ce92cb99d9f16a35086cb11aca68117ac03720f6b242185bd54500c7c7cacd3,2026-04,Suffolk Constabulary,Suffolk Constabulary,1.221732,52.062405,On or near Histon Close,E01030183,East Suffolk 024C,Violence and sexual offences,Unable to prosecute suspect,
3324ec318ec6eef5626a067519abed71e25a2b8eb58886ef8457696382cd2aa2,2026-04,Suffolk Constabulary,Suffolk Constabulary,1.221732,52.062405,On or near Histon Close,E01030183,East Suffolk 024C,Violence and sexual offences,Unable to prosecute suspect,
20041fe856204cc9e17f18a1b21c767231e0eca63b30bdd89b11eab6a79c1b72,2026-04,Suffolk Constabulary,Suffolk Constabulary,1.225187,52.057094,On or near Truro Crescent,E01030183,East Suffolk 024C,Violence and sexual offences,Unable to prosecute suspect,
24e2d566bfe8f6b5e479720ba882a02090170d87ce320dbcee9001d6701c29e2,2026-04,Suffolk Constabulary,Suffolk Constabulary,1.222480,52.062862,On or near Trinity Close,E01030183,East Suffolk 024C,Violence and sexual offences,Unable to prosecute suspect,
e0fac7d43a5ee819d4f16d050d1f5d645583b1d44ee2f47cc72881491f224dd9,2026-04,Suffolk Constabulary,Suffolk Constabulary,1.226693,52.058159,On or near Penzance Road,E01030183,East Suffolk 024C,Other crime,Unable to prosecute suspect,
,2026-04,Suffolk Constabulary,Suffolk Constabulary,1.238087,52.060959,On or near Mead Drive,E01030184,East Suffolk 024D,Anti-social behaviour,,
,2026-04,Suffolk Constabulary,Suffolk Constabulary,1.234154,52.061651,On or near Twelve Acre Approach,E01030184,East Suffolk 024D,Anti-social behaviour,,
,2026-04,Suffolk Constabulary,Suffolk Constabulary,1.238087,52.060959,On or near Mead Drive,E01030184,East Suffolk 024D,Anti-social behaviour,,
,2026-04,Suffolk Constabulary,Suffolk Constabulary,1.234154,52.061651,On or near Twelve Acre Approach,E01030184,East Suffolk 024D,Anti-social behaviour,,
1340be72c8241c6229ff2b9ece72151a08495400712bb279fda5ba13f3bd49af,2026-04,Suffolk Constabulary,Suffolk Constabulary,1.230326,52.064419,On or near Quebec Drive,E01030184,East Suffolk 024D,Criminal damage and arson,Awaiting court outcome,
e7735bf32abf8206aae7503d566ec83802a15fb0f1c04ad3291d3750e258bad0,2026-04,Suffolk Constabulary,Suffolk Constabulary,1.236891,52.066001,On or near A1214,E01030184,East Suffolk 024D,Other theft,Investigation complete; no suspect identified,
300a15266e0194390e2cf6cd4877ca8dc74c7bc7cf8e7fb9c30c7a5c5e7e4ef4,2026-04,Suffolk Constabulary,Suffolk Constabulary,1.232065,52.061825,On or near Michigan Close,E01030184,East Suffolk 024D,Violence and sexual offences,Under investigation,
613635e91c095c5e03dac9aba38093a0a0a46e23b3c8658f53412917305fe3be,2026-04,Suffolk Constabulary,Suffolk Constabulary,1.238087,52.060959,On or near Mead Drive,E01030184,East Suffolk 024D,Violence and sexual offences,Unable to prosecute suspect,
50ae3840237d63c1c62426ee46b249e28cce057b58c6db05e9df5d0fd544c463,2026-04,Suffolk Constabulary,Suffolk Constabulary,1.236891,52.066001,On or near A1214,E01030184,East Suffolk 024D,Violence and sexual offences,Investigation complete; no suspect identified,
46154430939dc548aea7261024deadaa66fde9cf25ad88982ef76c97fea2461a,2026-04,Suffolk Constabulary,Suffolk Constabulary,1.236891,52.066001,On or near A1214,E01030184,East Suffolk 024D,Violence and sexual offences,Investigation complete; no suspect identified,
6dec9a9ae0a1563777d943796a812bca0ca8e9c8bd749875da40c33d04c39d14,2026-04,Suffolk Constabulary,Suffolk Constabulary,1.238087,52.060959,On or near Mead Drive,E01030184,East Suffolk 024D,Violence and sexual offences,Under investigation,
ec848cf6db08be86676ded9e787dacd5e9ed19a85a8a7082e74ba9d8a3b966c9,2026-04,Suffolk Constabulary,Suffolk Constabulary,1.218805,52.063304,On or near Elm Road,E01030207,East Suffolk 024E,Drugs,Local resolution,
3e094af89cbad535c038e107f3cf7799944bd3f27e5551db134bd6132937abe8,2026-04,Suffolk Constabulary,Suffolk Constabulary,1.212615,52.073627,On or near Holly Lane,E01030207,East Suffolk 024E,Violence and sexual offences,Unable to prosecute suspect,
0c0b1ef713a005d791a6b199c83bd17cf0e2e8bb0126c49ec128d5ed14662807,2026-04,Suffolk Constabulary,Suffolk Constabulary,1.212615,52.073627,On or near Holly Lane,E01030207,East Suffolk 024E,Other crime,Unable to prosecute suspect,
,2026-04,Suffolk Constabulary,Suffolk Constabulary,1.278141,52.066613,On or near Supermarket,E01030190,East Suffolk 025B,Anti-social behaviour,,
23ab4464181fa529000ad507e569c3e20fdcb176f86919729e9cb9ced285bd79,2026-04,Suffolk Constabulary,Suffolk Constabulary,1.270960,52.071104,On or near Carol Avenue,E01030190,East Suffolk 025B,Criminal damage and arson,Unable to prosecute suspect,
05923fea19eadd0abe1872721fb0ef9b5c621701d58104851f06fc2842d78468,2026-04,Suffolk Constabulary,Suffolk Constabulary,1.270960,52.071104,On or near Carol Avenue,E01030190,East Suffolk 025B,Criminal damage and arson,Unable to prosecute suspect,
a1e8bacf0dc23e181a1e2aeabf00257b575e8fe56f811ace50017bc4bd5ce2a1,2026-04,Suffolk Constabulary,Suffolk Constabulary,1.270960,52.071104,On or near Carol Avenue,E01030190,East Suffolk 025B,Criminal damage and arson,Unable to prosecute suspect,
1143ff64bf3e4f441d2a21a0d659434315dedb41a96d92ae88863fae71031500,2026-04,Suffolk Constabulary,Suffolk Constabulary,1.281801,52.063706,On or near Hilton Road,E01030190,East Suffolk 025B,Criminal damage and arson,Investigation complete; no suspect identified,
51c446e91f2e66ec6e6682696e376e4d4ba09b9b1dd093a0efc45e6d750eba28,2026-04,Suffolk Constabulary,Suffolk Constabulary,1.270960,52.071104,On or near Carol Avenue,E01030190,East Suffolk 025B,Drugs,Under investigation,
128289a8d837890142012b6d9e21876d56f456b450c375f3b68923ab46f9b18e,2026-04,Suffolk Constabulary,Suffolk Constabulary,1.270960,52.071104,On or near Carol Avenue,E01030190,East Suffolk 025B,Violence and sexual offences,Action to be taken by another organisation,
88b5d5b7377ce9b821a9cb65e17b1716289518fc32fe6f4ea111db2b3ecaf01b,2026-04,Suffolk Constabulary,Suffolk Constabulary,1.270960,52.071104,On or near Carol Avenue,E01030190,East Suffolk 025B,Violence and sexual offences,Unable to prosecute suspect,
b12b69cc7d470aca1b58f87a541b031c7b0b49afe6b047f743eaaffe022c51ff,2026-04,Suffolk Constabulary,Suffolk Constabulary,1.270960,52.071104,On or near Carol Avenue,E01030190,East Suffolk 025B,Violence and sexual offences,Awaiting court outcome,
1c4fee48e5cc3a4de0af58393bd396a27d8ca020f7a98a06ea37780932ca4457,2026-04,Suffolk Constabulary,Suffolk Constabulary,1.270960,52.071104,On or near Carol Avenue,E01030190,East Suffolk 025B,Violence and sexual offences,Under investigation,
e17d98ba8c68e3368d16538d594c57f922d63e91e91c9798eb6fec3c969bda34,2026-04,Suffolk Constabulary,Suffolk Constabulary,1.278141,52.066613,On or near Supermarket,E01030190,East Suffolk 025B,Violence and sexual offences,Investigation complete; no suspect identified,
9b819c9d2789a808bd1eb770fb3d2f32f38cd4649737b126c0862ac481cad603,2026-04,Suffolk Constabulary,Suffolk Constabulary,1.270960,52.071104,On or near Carol Avenue,E01030190,East Suffolk 025B,Violence and sexual offences,Unable to prosecute suspect,
85c1e94d4b2558765e7a97111f0475914f6ca6001aadcc5b3b783e9a1d07c74d,2026-04,Suffolk Constabulary,Suffolk Constabulary,1.270960,52.071104,On or near Carol Avenue,E01030190,East Suffolk 025B,Violence and sexual offences,Action to be taken by another organisation,
41c4a28b6bca19bca1436297504ce5723298e85ad30718f38f76789b759ffd63,2026-04,Suffolk Constabulary,Suffolk Constabulary,1.270960,52.071104,On or near Carol Avenue,E01030190,East Suffolk 025B,Violence and sexual offences,Under investigation,
73c850f34d0a025dddd8f8946e0075e98f51c593a13dff6bd705e74f81b4eeec,2026-04,Suffolk Constabulary,Suffolk Constabulary,1.270960,52.071104,On or near Carol Avenue,E01030190,East Suffolk 025B,Violence and sexual offences,Unable to prosecute suspect,
99423112c569523adfeed4c3493323b8925a597dabcd4fc53fd7438d78990d7c,2026-04,Suffolk Constabulary,Suffolk Constabulary,1.275257,52.061828,On or near Horseman Court,E01030191,East Suffolk 025C,Burglary,Investigation complete; no suspect identified,
ec40c6f07badcb0905c5d9676035ad153fbbe125397d54cd30e769d0ecc859f3,2026-04,Suffolk Constabulary,Suffolk Constabulary,1.272534,52.065690,On or near The Paddocks,E01030191,East Suffolk 025C,Drugs,Awaiting court outcome,
aaa549e0e3463c875f6002a484c0d4e0a4fd7df9a3dbcc1763e60f824b5d9fcf,2026-04,Suffolk Constabulary,Suffolk Constabulary,1.270953,52.065420,On or near Peel Yard,E01030191,East Suffolk 025C,Drugs,Under investigation,
3c91a26defce850f3ebfef06a6e8c922b6940b5971251bf88e69a46746d4ffee,2026-04,Suffolk Constabulary,Suffolk Constabulary,1.270953,52.065420,On or near Peel Yard,E01030191,East Suffolk 025C,Other theft,Under investigation,
e55aaf2e66befe2bf4d07198738542f3394ef2d211591bc7556af121487e856d,2026-04,Suffolk Constabulary,Suffolk Constabulary,1.270953,52.065420,On or near Peel Yard,E01030191,East Suffolk 025C,Other theft,Under investigation,
4c8dc7ad5eb79415f21423710984ea18230d5dd24b5ea6931818a01779143fd3,2026-04,Suffolk Constabulary,Suffolk Constabulary,1.272534,52.065690,On or near The Paddocks,E01030191,East Suffolk 025C,Other theft,Under investigation,
c874bcf29beb0511b9bc74b83b08a75b863b6d8149562203796515c801e6a4b1,2026-04,Suffolk Constabulary,Suffolk Constabulary,1.272534,52.065690,On or near The Paddocks,E01030191,East Suffolk 025C,Other theft,Under investigation,
f99fa86912b1d270ccb06a5540b05c3f1135c833f60046432dbcfbac9e66a361,2026-04,Suffolk Constabulary,Suffolk Constabulary,1.272534,52.065690,On or near The Paddocks,E01030191,East Suffolk 025C,Possession of weapons,Under investigation,
c4ed9df49a122293ac2751df38c26c6103bfc6aeacf4c13b8016f79c01e49904,2026-04,Suffolk Constabulary,Suffolk Constabulary,1.272534,52.065690,On or near The Paddocks,E01030191,East Suffolk 025C,Public order,Under investigation,
baf3a824bdf1b22deaba0d6766492ea567f357daf7c8c56ede00064726ccabfa,2026-04,Suffolk Constabulary,Suffolk Constabulary,1.272534,52.065690,On or near The Paddocks,E01030191,East Suffolk 025C,Public order,Awaiting court outcome,
371b0e5267d6c46eef016919b7ee8c63c78ed31cd7b1254fec17afe62433c5f2,2026-04,Suffolk Constabulary,Suffolk Constabulary,1.273370,52.061161,On or near Parking Area,E01030191,East Suffolk 025C,Public order,Unable to prosecute suspect,
b58b8f4a245135a1cff11208bd372e86cbddc7bf99441d9023d46bca4760d502,2026-04,Suffolk Constabulary,Suffolk Constabulary,1.275138,52.060599,On or near Burgess Place,E01030191,East Suffolk 025C,Shoplifting,Investigation complete; no suspect identified,
eced0c441e95b147c40540cb2d06f6c42204f8ff8a62634498fbea95f5b88026,2026-04,Suffolk Constabulary,Suffolk Constabulary,1.278144,52.063987,On or near Martinsyde,E01030191,East Suffolk 025C,Shoplifting,Investigation complete; no suspect identified,
40acca9774381e897167b4f56cd594e19311342fef95b35c0f422fd521bffee6,2026-04,Suffolk Constabulary,Suffolk Constabulary,1.275257,52.061828,On or near Horseman Court,E01030191,East Suffolk 025C,Vehicle crime,Investigation complete; no suspect identified,
e7607849311d6d0e8718d84af553a2d22a8345b40acf7a56fb970a309803e18f,2026-04,Suffolk Constabulary,Suffolk Constabulary,1.272534,52.065690,On or near The Paddocks,E01030191,East Suffolk 025C,Violence and sexual offences,Awaiting court outcome,
c4e911a79cc51c6e21b7952faf0383ea2723ad0f43d8b97f9e6c956c444cb00d,2026-04,Suffolk Constabulary,Suffolk Constabulary,1.272534,52.065690,On or near The Paddocks,E01030191,East Suffolk 025C,Violence and sexual offences,Under investigation,
8e90337a8841b37bbedba2638c1a5ab614249162edeb9a79fbdf11ab62846ce3,2026-04,Suffolk Constabulary,Suffolk Constabulary,1.275257,52.061828,On or near Horseman Court,E01030191,East Suffolk 025C,Violence and sexual offences,Under investigation,
12a860ac98a2678d2df8e3d74d1f1641d5babe13f53d60e1de1a1eb8db0df7a6,2026-04,Suffolk Constabulary,Suffolk Constabulary,1.271383,52.061126,On or near Parking Area,E01030191,East Suffolk 025C,Violence and sexual offences,Unable to prosecute suspect,
4a551a99fdd34d4623dcccdb95626d39a74a18dd02a8b6b18e4eb4c152b13594,2026-04,Suffolk Constabulary,Suffolk Constabulary,1.272534,52.065690,On or near The Paddocks,E01030191,East Suffolk 025C,Violence and sexual offences,Awaiting court outcome,
1b1e2dbb8ea75805a79f8ad84ef3b0507c30870569427131d8f548ddcf51c07c,2026-04,Suffolk Constabulary,Suffolk Constabulary,1.273025,52.064220,On or near Manor Road,E01030191,East Suffolk 025C,Violence and sexual offences,Local resolution,
182dc5f98660341e987ecfaa9a658c9e5b14c525f7208f3738d9cd4e56093938,2026-04,Suffolk Constabulary,Suffolk Constabulary,1.270953,52.065420,On or near Peel Yard,E01030191,East Suffolk 025C,Violence and sexual offences,Investigation complete; no suspect identified,
97e28e0c7d8ebfca827b0a42353ec61ef10822bc7c964352d44868ccc9d7ba8e,2026-04,Suffolk Constabulary,Suffolk Constabulary,1.272534,52.065690,On or near The Paddocks,E01030191,East Suffolk 025C,Violence and sexual offences,Awaiting court outcome,
f625c53138fe4bf1a9ca478de78aa0020dfd13933bb49c33164275e1560fbd6f,2026-04,Suffolk Constabulary,Suffolk Constabulary,1.275138,52.060599,On or near Burgess Place,E01030191,East Suffolk 025C,Violence and sexual offences,Under investigation,
192bff5447dff75b476cd94b4871e8b3c5575a5c622fa3648cedee0925738b30,2026-04,Suffolk Constabulary,Suffolk Constabulary,1.272534,52.065690,On or near The Paddocks,E01030191,East Suffolk 025C,Violence and sexual offences,Under investigation,
28aed02dabe268e1fd069cdbd12bd7f3d947eb43c7473cdd87fca605511bf869,2026-04,Suffolk Constabulary,Suffolk Constabulary,1.272534,52.065690,On or near The Paddocks,E01030191,East Suffolk 025C,Violence and sexual offences,Awaiting court outcome,
dba29871aff1f3d0234aea911b4772c48af587124fc516576f3acac3cef8be60,2026-04,Suffolk Constabulary,Suffolk Constabulary,1.272534,52.065690,On or near The Paddocks,E01030191,East Suffolk 025C,Violence and sexual offences,Awaiting court outcome,
1671b20d84e08b65e3ac21c1f71a0f2e4f68654173601a702845470592b9b070,2026-04,Suffolk Constabulary,Suffolk Constabulary,1.272534,52.065690,On or near The Paddocks,E01030191,East Suffolk 025C,Violence and sexual offences,Awaiting court outcome,
4c64b789ba1e367952ce270ea27bc1a7545d16ac9a32685a634c63d2757a9fc5,2026-04,Suffolk Constabulary,Suffolk Constabulary,1.272534,52.065690,On or near The Paddocks,E01030191,East Suffolk 025C,Violence and sexual offences,Awaiting court outcome,
d8cb66018bb6f3292d54b24b4fe0dd88991cca0827a909cec1ab8cc59310ac75,2026-04,Suffolk Constabulary,Suffolk Constabulary,1.272534,52.065690,On or near The Paddocks,E01030191,East Suffolk 025C,Violence and sexual offences,Awaiting court outcome,
afe779204a448ed43b2c650a781da337b579cfccd80d5afe8bdbd51218905059,2026-04,Suffolk Constabulary,Suffolk Constabulary,1.270953,52.065420,On or near Peel Yard,E01030191,East Suffolk 025C,Violence and sexual offences,Under investigation,
915fb37fc34c6b6ea5db5c262251dadf817b25899b2f645b490ca54ed873e983,2026-04,Suffolk Constabulary,Suffolk Constabulary,1.278144,52.063987,On or near Martinsyde,E01030191,East Suffolk 025C,Other crime,Under investigation,
c1d80378b66030e597f9ffe06cde1206cd67dbb7d2963f64299a0f3b907b2e38,2026-04,Suffolk Constabulary,Suffolk Constabulary,1.270953,52.065420,On or near Peel Yard,E01030191,East Suffolk 025C,Other crime,Under investigation,
42f79fd2b8cd7d08a073c462a8a91848ff1c6ae0f1d644392d10f8608dbcb8a7,2026-04,Suffolk Constabulary,Suffolk Constabulary,1.272534,52.065690,On or near The Paddocks,E01030191,East Suffolk 025C,Other crime,Under investigation,
55dae851647ce44d869422db6c251d0a775679afedfd28eda8a6d407ee42a09c,2026-04,Suffolk Constabulary,Suffolk Constabulary,1.270953,52.065420,On or near Peel Yard,E01030191,East Suffolk 025C,Other crime,Under investigation,
d2dac5ce4599e48d824c28933fa9c78c5bde7d3a7ed5cbc23ae5bf136979c5e7,2026-04,Suffolk Constabulary,Suffolk Constabulary,1.270953,52.065420,On or near Peel Yard,E01030191,East Suffolk 025C,Other crime,Under investigation,
5e93d832ba8e7be8093b2e35221b8203a5b0910f46240d35f60b8f8ab6d9a661,2026-04,Suffolk Constabulary,Suffolk Constabulary,1.270953,52.065420,On or near Peel Yard,E01030191,East Suffolk 025C,Other crime,Under investigation,
e12298f88fd5e5365a54036b9cfcae45423b2e89fd4238233a63e3c84f4a855e,2026-04,Suffolk Constabulary,Suffolk Constabulary,1.270953,52.065420,On or near Peel Yard,E01030191,East Suffolk 025C,Other crime,Under investigation,
eecf9814a5cd545a0206b3eedc50d315009a3872a0892a3c5d8ab749e435b426,2026-04,Suffolk Constabulary,Suffolk Constabulary,1.270953,52.065420,On or near Peel Yard,E01030191,East Suffolk 025C,Other crime,Investigation complete; no suspect identified,
e4ca4c1cdb27a2cd06d77b9bf9a9545488e8974dc4f05dcdd63fd4ba1856a240,2026-04,Suffolk Constabulary,Suffolk Constabulary,1.270953,52.065420,On or near Peel Yard,E01030191,East Suffolk 025C,Other crime,Under investigation,
9c710305f153c337a2fe8f43b44f19e639b895402aab7fca0745b07643f8266d,2026-04,Suffolk Constabulary,Suffolk Constabulary,1.270953,52.065420,On or near Peel Yard,E01030191,East Suffolk 025C,Other crime,Under investigation,
559bf56bb5cc7a88a145a288c19b9f323bc35869f67c45bd842ced980c2accbf,2026-04,Suffolk Constabulary,Suffolk Constabulary,1.266308,52.061564,On or near Broomfield,E01030192,East Suffolk 025D,Criminal damage and arson,Investigation complete; no suspect identified,
9d498c9266a6d7b1457befceb00cb08ae3fc86ed164a88d1f2505dc10f990447,2026-04,Suffolk Constabulary,Suffolk Constabulary,1.301186,52.020072,On or near Kirton Road,E01030198,East Suffolk 025E,Criminal damage and arson,Under investigation,
3fd22d27f833cc17a8af7e0b4dc1a8aae945ff9525c5f7fc2e12c1b3ef340c2f,2026-04,Suffolk Constabulary,Suffolk Constabulary,1.322756,52.052025,On or near Church Meadows,E01030198,East Suffolk 025E,Vehicle crime,Investigation complete; no suspect identified,
d66d1f683dbd6be95e09a0b4510ac9ce8b999b79c674c954cafafa396245810c,2026-04,Suffolk Constabulary,Suffolk Constabulary,1.269085,52.027678,On or near The Blundells,E01030198,East Suffolk 025E,Other crime,Further investigation is not in the public interest,
,2026-04,Suffolk Constabulary,Suffolk Constabulary,1.257688,52.058619,On or near Evans Drift,E01033442,East Suffolk 025F,Anti-social behaviour,,
dbc86e24b1296cdc8e722447840e6b4fd2ced699d71bc6ca64f7bc1174fb1d38,2026-04,Suffolk Constabulary,Suffolk Constabulary,1.259085,52.061773,On or near Turing Court,E01033442,East Suffolk 025F,Criminal damage and arson,Offender given a caution,
3c1c5a95b03aabc77cd4c3b9bdfc40e8830545a93f4575445d12861bde893201,2026-04,Suffolk Constabulary,Suffolk Constabulary,1.255724,52.062307,On or near Bugsby Way,E01033442,East Suffolk 025F,Public order,Under investigation,
bb01f48b2d20623ae07b7524e1713f5c24c4469d5e8f6a073bb4e758950ed02a,2026-04,Suffolk Constabulary,Suffolk Constabulary,1.257688,52.058619,On or near Evans Drift,E01033442,East Suffolk 025F,Violence and sexual offences,Under investigation,
4093cf0a69c9037ababdd6b92ff4a1e7c88b26bb8839db6457ab96e1e823db88,2026-04,Suffolk Constabulary,Suffolk Constabulary,1.247755,52.058255,On or near Pepper Place,E01033444,East Suffolk 025G,Criminal damage and arson,Investigation complete; no suspect identified,
804d355d6b7cd10fbef9e9ba7d711aea8f5a75c417c79e7848e4041ef79e8c4d,2026-04,Suffolk Constabulary,Suffolk Constabulary,1.241341,52.058144,On or near Peasey Gardens,E01033444,East Suffolk 025G,Other theft,Under investigation,
9011abaebc29fe9bbfc074dface1a934a1ed6d859059c5f9bb14966dd9b199dd,2026-04,Suffolk Constabulary,Suffolk Constabulary,1.241341,52.058144,On or near Peasey Gardens,E01033444,East Suffolk 025G,Violence and sexual offences,Unable to prosecute suspect,
8f13063f2950a84b133d7cf49fc13b6e42bdb2ef40f1c4aee7fe028808df11d6,2026-04,Suffolk Constabulary,Suffolk Constabulary,1.249671,52.059524,On or near Jennings Drift,E01033444,East Suffolk 025G,Violence and sexual offences,Under investigation,
,2026-04,Suffolk Constabulary,Suffolk Constabulary,1.260017,52.063537,On or near Grange Lane,E01033447,East Suffolk 025H,Anti-social behaviour,,
822ae6c446f9dc10741a983abb8cae91f57088927491162310ac12ec7bff9ad4,2026-04,Suffolk Constabulary,Suffolk Constabulary,1.259967,52.064258,On or near Grange Close,E01033447,East Suffolk 025H,Criminal damage and arson,Investigation complete; no suspect identified,
1295a4b3673371e88c9b12df646b2819f4c8f3d5d05ebafefbea987432872abd,2026-04,Suffolk Constabulary,Suffolk Constabulary,1.262778,52.065988,On or near Deben Avenue,E01033447,East Suffolk 025H,Violence and sexual offences,Local resolution,
c309bf6adfb9661bf57702b26890f4ac848dfd6932842eb27b04627ff3a1460e,2026-04,Suffolk Constabulary,Suffolk Constabulary,1.204616,52.037959,On or near Dogwood Close,E01030196,East Suffolk 026A,Other theft,Investigation complete; no suspect identified,
54e5db147c342d28db5bf6afb2f4062bfbd15c45343f37a45f2c0df890132381,2026-04,Suffolk Constabulary,Suffolk Constabulary,1.208213,52.035855,On or near Petrol Station,E01030196,East Suffolk 026A,Shoplifting,Investigation complete; no suspect identified,
f7132334e7917724e3d647b4a4af2a9b197483c2611bbd7a3bf8d46d0904db3f,2026-04,Suffolk Constabulary,Suffolk Constabulary,1.205651,52.036528,On or near Supermarket,E01030196,East Suffolk 026A,Shoplifting,Under investigation,
0c562484221c88704baaf2adb90571dd334303f6af45b77edbefff95d46e7c88,2026-04,Suffolk Constabulary,Suffolk Constabulary,1.205651,52.036528,On or near Supermarket,E01030196,East Suffolk 026A,Shoplifting,Awaiting court outcome,
,2026-04,Suffolk Constabulary,Suffolk Constabulary,1.269160,52.003328,On or near Strattonhall Drift,E01030197,East Suffolk 026B,Anti-social behaviour,,
d13053474240046d6139d25f44bdb93f8b26c33c368260b7787381aa36a8fae1,2026-04,Suffolk Constabulary,Suffolk Constabulary,1.279931,52.048351,On or near Newbourne Road,E01030197,East Suffolk 026B,Drugs,Local resolution,
d39965cf4494248463dc92d999702863a8e166892f872dbc487f74e01a29f07d,2026-04,Suffolk Constabulary,Suffolk Constabulary,1.230675,52.028630,On or near Elmham Drive,E01030197,East Suffolk 026B,Other theft,Investigation complete; no suspect identified,
de409630c0391685032efa9da411dc8c7061552e393fecbcda8a8e0a591d7f2b,2026-04,Suffolk Constabulary,Suffolk Constabulary,1.218441,52.034713,On or near Meadow Crescent,E01030197,East Suffolk 026B,Vehicle crime,Investigation complete; no suspect identified,
e6f604a55062ac42853e2cebd8563ddc20788b482e31138e0f2fb6b4237360d0,2026-04,Suffolk Constabulary,Suffolk Constabulary,1.269160,52.003328,On or near Strattonhall Drift,E01030197,East Suffolk 026B,Vehicle crime,Investigation complete; no suspect identified,
d2d5244a36ac0257f77aad2634282216d8f893bdaba6754f678291153abfb287,2026-04,Suffolk Constabulary,Suffolk Constabulary,1.238355,52.032666,On or near Nightclub,E01030197,East Suffolk 026B,Vehicle crime,Investigation complete; no suspect identified,
8e1f9b0673f83c236146ba7c9e4a0dd964c057bae0fa00007d6dea2f7c30bdc4,2026-04,Suffolk Constabulary,Suffolk Constabulary,1.230675,52.028630,On or near Elmham Drive,E01030197,East Suffolk 026B,Vehicle crime,Investigation complete; no suspect identified,
7bf422d22a33547da739e9e3998de03ec1768ab9a7e6966135df5425e09db491,2026-04,Suffolk Constabulary,Suffolk Constabulary,1.229689,52.035376,On or near Bucklesham Road,E01030197,East Suffolk 026B,Violence and sexual offences,Unable to prosecute suspect,
f60dfa6f53d2114b5484c5febd02304811b87cdef3d2bba1aea4a3edcb3c29e5,2026-04,Suffolk Constabulary,Suffolk Constabulary,1.218441,52.034713,On or near Meadow Crescent,E01030197,East Suffolk 026B,Violence and sexual offences,Unable to prosecute suspect,
c720e5d2d0d54f59e3f01f8da346574f97c05da1af7c2edc18d4f0d55b6b2a29,2026-04,Suffolk Constabulary,Suffolk Constabulary,1.214978,52.051869,On or near Bladen Drive,E01030204,East Suffolk 026C,Criminal damage and arson,Unable to prosecute suspect,
58d8bef672392e9c346bbb21552ecd3042820e56b1db1d89d3724f2640890eec,2026-04,Suffolk Constabulary,Suffolk Constabulary,1.212549,52.066407,On or near The Mills,E01030204,East Suffolk 026C,Violence and sexual offences,Unable to prosecute suspect,
04639609c650f9efd325e801f40d08d6dbf813d66ddd9e1dbca9f5778b26b4f7,2026-04,Suffolk Constabulary,Suffolk Constabulary,1.214469,52.050876,On or near Blair Close,E01030204,East Suffolk 026C,Violence and sexual offences,Local resolution,
4f7f8a3a74d268976768551e008e61aa8990673c29a57ae7acb013046ec2f61c,2026-04,Suffolk Constabulary,Suffolk Constabulary,1.214469,52.050876,On or near Blair Close,E01030204,East Suffolk 026C,Violence and sexual offences,Local resolution,
888b4776c411d360bd29dec4695549f05ae881ddff605a7fdb11a78ab4df61a2,2026-04,Suffolk Constabulary,Suffolk Constabulary,1.209782,52.050626,On or near Chatsworth Drive,E01030206,East Suffolk 026E,Other crime,Awaiting court outcome,
79de74e95766024b56f54d624d116120e28f701b92b55a625b53a98d8428acaa,2026-04,Suffolk Constabulary,Suffolk Constabulary,1.330112,51.957907,On or near Dovedale,E01030171,East Suffolk 027A,Criminal damage and arson,Unable to prosecute suspect,
39586140da9d309e2835ca5f028651d796b9526de3c547288d7ecf0d1df7f801,2026-04,Suffolk Constabulary,Suffolk Constabulary,1.321641,51.950852,On or near Cold Store Road,E01030171,East Suffolk 027A,Other theft,Under investigation,
d0cebe7a6efc5940987ef60306b2fa77662a4e1de929e39163482a1b7e034a9a,2026-04,Suffolk Constabulary,Suffolk Constabulary,1.321641,51.950852,On or near Cold Store Road,E01030171,East Suffolk 027A,Other theft,Investigation complete; no suspect identified,
51fad872740d4ab9c22b8d1b1fdf87e9a86ef4a4e1ef911f6cd96ea37d339106,2026-04,Suffolk Constabulary,Suffolk Constabulary,1.327824,51.958268,On or near Peewit Hill,E01030171,East Suffolk 027A,Public order,Under investigation,
8c7590dab7f864a6219c42e566c4a0c0e1c198060ab7c6ff4755742c96c61881,2026-04,Suffolk Constabulary,Suffolk Constabulary,1.329058,51.959592,On or near Charlotte Close,E01030171,East Suffolk 027A,Violence and sexual offences,Under investigation,
bf2eb8f3e90eda4e4bce5e8321fc9f5b5186dd69a3a95249b2d396d0893ab643,2026-04,Suffolk Constabulary,Suffolk Constabulary,1.331605,51.958602,On or near Philip Avenue,E01030171,East Suffolk 027A,Violence and sexual offences,Unable to prosecute suspect,
b6f06fa03831de3ea60abcdebf8858447e8d35b70c24ea36a26c2d174936933e,2026-04,Suffolk Constabulary,Suffolk Constabulary,1.322857,51.962555,On or near Euston Court,E01030171,East Suffolk 027A,Violence and sexual offences,Investigation complete; no suspect identified,
c14dc444ce5ffb82c9aa1a21efd3b97c3e4a1c44c859a303a1bbb5d3adb9012a,2026-04,Suffolk Constabulary,Suffolk Constabulary,1.330112,51.957907,On or near Dovedale,E01030171,East Suffolk 027A,Violence and sexual offences,Unable to prosecute suspect,
8a9b736cc753edffb23c9f5cfe7224b9da93b8ffea1de9ad3f7679bb47ae4758,2026-04,Suffolk Constabulary,Suffolk Constabulary,1.316614,51.961418,On or near Trinity Avenue,E01030171,East Suffolk 027A,Other crime,Under investigation,
8bbe1b301b891ebd652f51125dda0ae2e874c83f580f1eb8cddb5284bf602194,2026-04,Suffolk Constabulary,Suffolk Constabulary,1.321052,51.981458,On or near Dawson Drive,E01030214,East Suffolk 027B,Violence and sexual offences,Local resolution,
61f28d1bb6bb89c371a2883acca0fca79de92bc5d24e906602b7936dc60f1df7,2026-04,Suffolk Constabulary,Suffolk Constabulary,1.322666,51.980432,On or near Faulkeners Way,E01030214,East Suffolk 027B,Violence and sexual offences,Under investigation,
9b89509cfb080b159a81a468fa3ac46c97dd640135c6d5a04949f28f9a7c31c9,2026-04,Suffolk Constabulary,Suffolk Constabulary,1.322666,51.980432,On or near Faulkeners Way,E01030214,East Suffolk 027B,Violence and sexual offences,Under investigation,
4ad6bb277e91f5455c4f3e7e8ed791500d3596dbcba52265843feecd29ef39f1,2026-04,Suffolk Constabulary,Suffolk Constabulary,1.315950,51.980226,On or near St Mary'S Close,E01030215,East Suffolk 027C,Other theft,Investigation complete; no suspect identified,
cb0f4201094baebd356e8b29f8edc9250b8367b6b33ddb2071af5000c57cf6a2,2026-04,Suffolk Constabulary,Suffolk Constabulary,1.313688,51.985291,On or near High Road,E01030215,East Suffolk 027C,Public order,Unable to prosecute suspect,
15a5c847f0c904ffbaea31f9b79028c8fa9cd165b9dc6e6dc503157e3513674d,2026-04,Suffolk Constabulary,Suffolk Constabulary,1.313688,51.985291,On or near High Road,E01030215,East Suffolk 027C,Shoplifting,Awaiting court outcome,
67faad618d07b99fd5725ff86023e6425d918971ce29ec05555ac366282b952d,2026-04,Suffolk Constabulary,Suffolk Constabulary,1.320003,51.979095,On or near High Road,E01030216,East Suffolk 027D,Public order,Unable to prosecute suspect,
74ffca2b6f11d70d8c6fa0fd33b82ffc6686f822599f07934ee1e8322d0bd2c5,2026-04,Suffolk Constabulary,Suffolk Constabulary,1.321435,52.009645,On or near Burnt House Lane,E01030217,East Suffolk 027E,Criminal damage and arson,Local resolution,
85213db1d7273eb0b8976a9c899912fbac882fb17adbe30e6cba89b5fe4930c5,2026-04,Suffolk Constabulary,Suffolk Constabulary,1.308368,51.991566,On or near High Hall Close,E01030218,East Suffolk 027F,Public order,Under investigation,
cf4ab2c03e584ad6f748e3a83e17c0a4e79a9c9736748f034106be10f86f7d47,2026-04,Suffolk Constabulary,Suffolk Constabulary,1.307720,51.993652,On or near Mill Close,E01030218,East Suffolk 027F,Public order,Awaiting court outcome,
c6afd2c2e37187126a2a96ad4e3bdfac214d10a0e5b19c3673e923525669d4c4,2026-04,Suffolk Constabulary,Suffolk Constabulary,1.302843,51.990147,On or near Grimston Lane,E01030218,East Suffolk 027F,Violence and sexual offences,Unable to prosecute suspect,
eeebaea54e81192d054281e6a4c0d385daee66a08b2455c497e452c8e815b54c,2026-04,Suffolk Constabulary,Suffolk Constabulary,1.313790,51.992591,On or near Capel Close,E01030218,East Suffolk 027F,Violence and sexual offences,Under investigation,
,2026-04,Suffolk Constabulary,Suffolk Constabulary,1.368971,51.977533,On or near Ranson Road,E01030158,East Suffolk 028A,Anti-social behaviour,,
928bb73b188218053e9fa1bbc4dc06aeefea3ca893336ab8b1ba8c665e1877e7,2026-04,Suffolk Constabulary,Suffolk Constabulary,1.389691,51.987866,On or near Parking Area,E01030158,East Suffolk 028A,Criminal damage and arson,Investigation complete; no suspect identified,
77ce8f8f8e9aa33d36c31b67d77bd7640cef2117588bcab7054976b008e9eccb,2026-04,Suffolk Constabulary,Suffolk Constabulary,1.371150,51.974358,On or near Windermere Road,E01030158,East Suffolk 028A,Violence and sexual offences,Action to be taken by another organisation,
,2026-04,Suffolk Constabulary,Suffolk Constabulary,1.344779,51.968158,On or near Devon Road,E01030159,East Suffolk 028B,Anti-social behaviour,,
1d8dec2e19c9f2ece6d8592f4b2f796de784d644349aa1d966086e123228aa63,2026-04,Suffolk Constabulary,Suffolk Constabulary,1.343127,51.967288,On or near Chester Road,E01030159,East Suffolk 028B,Bicycle theft,Unable to prosecute suspect,
562d957503bf3815c60f733e868befbac888a8b0f64595d27c676bfaa684950f,2026-04,Suffolk Constabulary,Suffolk Constabulary,1.350368,51.971435,On or near Grove Road,E01030159,East Suffolk 028B,Shoplifting,Unable to prosecute suspect,
43ae23bb60f6ac1674eeefcc601747e493f300f1e6f97810fb8efcf7d6bc7a71,2026-04,Suffolk Constabulary,Suffolk Constabulary,1.345135,51.969803,On or near Exeter Road,E01030159,East Suffolk 028B,Vehicle crime,Investigation complete; no suspect identified,
da8dc0f647b29bee653d1b806624f4ce0262e24b189bfaf78f3f2d0679d9aef3,2026-04,Suffolk Constabulary,Suffolk Constabulary,1.344779,51.968158,On or near Devon Road,E01030159,East Suffolk 028B,Violence and sexual offences,Unable to prosecute suspect,
712795182506d26d04134ad93de4a580d66a059e263a188090dc418558377caf,2026-04,Suffolk Constabulary,Suffolk Constabulary,1.344779,51.968158,On or near Devon Road,E01030159,East Suffolk 028B,Violence and sexual offences,Unable to prosecute suspect,
db446e09b298c281419d8e64696a10daa2d9cc68f5c63c73cba3a18b8d218c97,2026-04,Suffolk Constabulary,Suffolk Constabulary,1.353184,51.966642,On or near Shopping Area,E01030166,East Suffolk 028D,Burglary,Investigation complete; no suspect identified,
4068cb7b4f931f7199bb5e4afa8855abcc1af015d1f8053721d4462d98227b3e,2026-04,Suffolk Constabulary,Suffolk Constabulary,1.353184,51.966642,On or near Shopping Area,E01030166,East Suffolk 028D,Shoplifting,Investigation complete; no suspect identified,
b7362beea6855e4cb26b5c641e9c237e00e68a1890186057ab0b33009926d281,2026-04,Suffolk Constabulary,Suffolk Constabulary,1.353184,51.966642,On or near Shopping Area,E01030166,East Suffolk 028D,Shoplifting,Awaiting court outcome,
4a43abe303b6e049a32670bf58a1ba3f7c409e7741575baa361ff19581cb21c3,2026-04,Suffolk Constabulary,Suffolk Constabulary,1.353184,51.966642,On or near Shopping Area,E01030166,East Suffolk 028D,Shoplifting,Investigation complete; no suspect identified,
c95708dca03d4929b2916f3ed97fdf0bbde027a80488ae87320b951bdaf58070,2026-04,Suffolk Constabulary,Suffolk Constabulary,1.353184,51.966642,On or near Shopping Area,E01030166,East Suffolk 028D,Shoplifting,Investigation complete; no suspect identified,
5090fc8cdf5b7d6d8ee91606443e094ec64a0f50dbd5bfe6147764c356380420,2026-04,Suffolk Constabulary,Suffolk Constabulary,1.356865,51.968929,On or near Lynwood Avenue,E01030166,East Suffolk 028D,Vehicle crime,Investigation complete; no suspect identified,
eab6e1a4d76cbc4065554738b9fc56dbd45076a9879865ee778b456280cdde78,2026-04,Suffolk Constabulary,Suffolk Constabulary,1.353184,51.966642,On or near Shopping Area,E01030166,East Suffolk 028D,Violence and sexual offences,Unable to prosecute suspect,
52cd6302f219e84c3a153822ed6eef4c5042b54fe70e74861d65d05d84cde050,2026-04,Suffolk Constabulary,Suffolk Constabulary,1.368678,51.967620,On or near Priory Road,E01030166,East Suffolk 028D,Violence and sexual offences,Unable to prosecute suspect,
2b21c2a78091de7b66ac0459fe93cd2bb4c7dd580bb24b92b64e4e18863c7fd6,2026-04,Suffolk Constabulary,Suffolk Constabulary,1.356189,51.972546,On or near Links Avenue,E01033450,East Suffolk 028E,Burglary,Unable to prosecute suspect,
638eac26a815a2bf68c6d0497283bb7c6a26e828a811d2295cccb487e155bdab,2026-04,Suffolk Constabulary,Suffolk Constabulary,1.366233,51.971750,On or near Sports/Recreation Area,E01033450,East Suffolk 028E,Other theft,Under investigation,
6089a0b9c060561ffa91b429999458c890d7e4bd1f979fc66e62ef4bb4fc2254,2026-04,Suffolk Constabulary,Suffolk Constabulary,1.355372,51.975378,On or near Sports/Recreation Area,E01033450,East Suffolk 028E,Other crime,Unable to prosecute suspect,
,2026-04,Suffolk Constabulary,Suffolk Constabulary,1.338814,51.971754,On or near Alexandra Road,E01030160,East Suffolk 029A,Anti-social behaviour,,
39679a43254d95da0169c472dd55e1ea7f0798595583b4b89fad9c58dba43dd0,2026-04,Suffolk Constabulary,Suffolk Constabulary,1.338814,51.971754,On or near Alexandra Road,E01030160,East Suffolk 029A,Drugs,Unable to prosecute suspect,
3d14c6ee9a360616ad0150004fb67a52289b98e3b16605ca4f9726085ac1e223,2026-04,Suffolk Constabulary,Suffolk Constabulary,1.346916,51.969869,On or near Grove Mews,E01030160,East Suffolk 029A,Other theft,Investigation complete; no suspect identified,
a43ee0e504e859fc679109373ab9d0984784ee37732a769d1af723fe4b4c42b8,2026-04,Suffolk Constabulary,Suffolk Constabulary,1.342123,51.971597,On or near Rogers Close,E01030160,East Suffolk 029A,Violence and sexual offences,Action to be taken by another organisation,
fbfeb9e7d0ad9cfdf7f4358c16a37fdf9e0265c243089ec033007b1bd0ce7c34,2026-04,Suffolk Constabulary,Suffolk Constabulary,1.337943,51.972373,On or near Supermarket,E01030160,East Suffolk 029A,Violence and sexual offences,Unable to prosecute suspect,
e0eecaa8eb8008e01abc0d02bf7dee302598bd4a37644986d9ebd598a8c5b7a7,2026-04,Suffolk Constabulary,Suffolk Constabulary,1.345532,51.971617,On or near Exmoor Road,E01030160,East Suffolk 029A,Violence and sexual offences,Unable to prosecute suspect,
d134066a6ba6a0e0cdd753583f75ea633c227ab9d1bec4667698cd13d1a6944a,2026-04,Suffolk Constabulary,Suffolk Constabulary,1.342725,51.974018,On or near Candlet Road,E01030160,East Suffolk 029A,Violence and sexual offences,Unable to prosecute suspect,
05b3e61bc81aa7b887e6cdc64f2abf21c0c4e9253877b5c7b0e68cc247c7d5e9,2026-04,Suffolk Constabulary,Suffolk Constabulary,1.342725,51.974018,On or near Candlet Road,E01030160,East Suffolk 029A,Violence and sexual offences,Unable to prosecute suspect,
,2026-04,Suffolk Constabulary,Suffolk Constabulary,1.336898,51.968508,On or near Margaret Street,E01030161,East Suffolk 029B,Anti-social behaviour,,
d84011caa874e95089bcb7115ff84ce0f2f46cf9782313617562d060583f596a,2026-04,Suffolk Constabulary,Suffolk Constabulary,1.332173,51.974488,On or near Hawkes Lane,E01030161,East Suffolk 029B,Criminal damage and arson,Investigation complete; no suspect identified,
5ad1949fd287ff13b74d205fd1ae0b1742d8cfb8ba00bdc6bc95167f5ae96c1d,2026-04,Suffolk Constabulary,Suffolk Constabulary,1.332173,51.974488,On or near Hawkes Lane,E01030161,East Suffolk 029B,Public order,Under investigation,
ca95eeaef02447b57341744d467c992fdca063efc03b459849230fdf3e62b4d2,2026-04,Suffolk Constabulary,Suffolk Constabulary,1.336898,51.968508,On or near Margaret Street,E01030161,East Suffolk 029B,Shoplifting,Investigation complete; no suspect identified,
25595c3682fb51ea74d8548897d57cd46d2721235abd7958f83b2b524697402f,2026-04,Suffolk Constabulary,Suffolk Constabulary,1.336681,51.973227,On or near High Street,E01030161,East Suffolk 029B,Shoplifting,Unable to prosecute suspect,
32c3e986b5a9b002193342d77db01ec017489f846f54d6d1366515791737da87,2026-04,Suffolk Constabulary,Suffolk Constabulary,1.336023,51.967903,On or near James Boden Close,E01030161,East Suffolk 029B,Violence and sexual offences,Under investigation,
141a5653bf40a3ab010708f2efa25480c99a4a186374d6a7abae8735107bd8ee,2026-04,Suffolk Constabulary,Suffolk Constabulary,1.330330,51.972813,On or near Walton Hall Drive,E01030161,East Suffolk 029B,Violence and sexual offences,Under investigation,
dd146e2b1430a0c63e3fd06adfbe2b592fed4a60bf64b20e13ef4dc38e39ef17,2026-04,Suffolk Constabulary,Suffolk Constabulary,1.330330,51.972813,On or near Walton Hall Drive,E01030161,East Suffolk 029B,Violence and sexual offences,Action to be taken by another organisation,
2f2d77eb5a9a6ac8387f324df459f21874fd94c7bb260f6295cc634a23ff8d82,2026-04,Suffolk Constabulary,Suffolk Constabulary,1.340501,51.967812,On or near Chepstow Road,E01030161,East Suffolk 029B,Other crime,Under investigation,
,2026-04,Suffolk Constabulary,Suffolk Constabulary,1.335131,51.965698,On or near Chestnut Close,E01030168,East Suffolk 029C,Anti-social behaviour,,
d49ce61dfd7bdf71b7357cc7fa789106d79d98cdc381348301742447e65af3c0,2026-04,Suffolk Constabulary,Suffolk Constabulary,1.331443,51.967799,On or near Pond Close,E01030168,East Suffolk 029C,Public order,Under investigation,
67ea142b739f65d142c5776b2701299b76b947a9ce64223ddc5d27eb58164c1b,2026-04,Suffolk Constabulary,Suffolk Constabulary,1.326587,51.964366,On or near Petrol Station,E01030168,East Suffolk 029C,Shoplifting,Investigation complete; no suspect identified,
39d52b76a8020b284ce27814afaa2133448c403cfb84b4aed53db9246645afed,2026-04,Suffolk Constabulary,Suffolk Constabulary,1.326587,51.964366,On or near Petrol Station,E01030168,East Suffolk 029C,Shoplifting,Investigation complete; no suspect identified,
0a80b923dcc24715b6eba099f7fe4ec99e4bae7bc04255c58fa2b0cea7e92803,2026-04,Suffolk Constabulary,Suffolk Constabulary,1.335415,51.966976,On or near Grange Close,E01030168,East Suffolk 029C,Violence and sexual offences,Action to be taken by another organisation,
f6add3fbfa884316dcc919efe0ab932ce76179d7ac22114e28322b21754eab82,2026-04,Suffolk Constabulary,Suffolk Constabulary,1.335415,51.966976,On or near Grange Close,E01030168,East Suffolk 029C,Violence and sexual offences,Under investigation,
7892ec753de0330471164f891cd5cc86a85d1c5f51f1abaf0f86a82ee8ae43c9,2026-04,Suffolk Constabulary,Suffolk Constabulary,1.331825,51.968634,On or near Brackley Close,E01030168,East Suffolk 029C,Violence and sexual offences,Awaiting court outcome,
edcd9feb36ab0078a791347476db9fa227fd996c12eb41544ea61b28c28c772e,2026-04,Suffolk Constabulary,Suffolk Constabulary,1.330944,51.966761,On or near Cricket Hill Road,E01030168,East Suffolk 029C,Violence and sexual offences,Under investigation,
b639fa251e735402a6b481e877fd12c2b2674fb63248d709d9986e0ed0233b88,2026-04,Suffolk Constabulary,Suffolk Constabulary,1.324202,51.966565,On or near Brightwell Close,E01030169,East Suffolk 029D,Criminal damage and arson,Unable to prosecute suspect,
6363f33e0a7a7657b1e973d53584fbf3961ee17b1b91d89ba4b0aea4ecb0bf00,2026-04,Suffolk Constabulary,Suffolk Constabulary,1.326144,51.966447,On or near Darsham Close,E01030169,East Suffolk 029D,Public order,Unable to prosecute suspect,
666b3333308ec69dad4fed528599f814b1f44dcfa4f44dce1d5361554bfdbb66,2026-04,Suffolk Constabulary,Suffolk Constabulary,1.328543,51.970130,On or near Reedland Way,E01030169,East Suffolk 029D,Violence and sexual offences,Unable to prosecute suspect,
1ec618e1a9d33bc5f4ac435b800942333bf27f8572c1bbc5dc6df43c250648e9,2026-04,Suffolk Constabulary,Suffolk Constabulary,1.327544,51.968629,On or near Generals Mews,E01030169,East Suffolk 029D,Violence and sexual offences,Unable to prosecute suspect,
965b2d94f7b0dba2450b585a3b0c7f8d200cff92dd3a908b74c543b2ae51fd63,2026-04,Suffolk Constabulary,Suffolk Constabulary,1.333583,51.959562,On or near Coronation Drive,E01030170,East Suffolk 029E,Bicycle theft,Investigation complete; no suspect identified,
1bce9b70e8ca299604ec85845ba2fc532c4f3d20df90311bfb260244f12a86de,2026-04,Suffolk Constabulary,Suffolk Constabulary,1.338096,51.958382,On or near Andrew Close,E01030170,East Suffolk 029E,Burglary,Under investigation,
e089059430a75bbb41084448f197b3dfa9dfc6c28c78bc3f311b6e6d490a6604,2026-04,Suffolk Constabulary,Suffolk Constabulary,1.333193,51.959007,On or near Anne Street,E01030170,East Suffolk 029E,Burglary,Under investigation,
e35b83e60b9d450a89c0b5e20fafcf07cbf4cadbbb2568f454efc56f71a4cb18,2026-04,Suffolk Constabulary,Suffolk Constabulary,1.332561,51.955796,On or near Rowans Crescent,E01030170,East Suffolk 029E,Criminal damage and arson,Awaiting court outcome,
d4b27f825cee0b50e74cebed087444b27e1547f5977915a6e23f63876f430c74,2026-04,Suffolk Constabulary,Suffolk Constabulary,1.335665,51.960151,On or near Butley Road,E01030170,East Suffolk 029E,Criminal damage and arson,Investigation complete; no suspect identified,
85b17cf3ef22836af44b02882ee94c4a8c70f1715fc586237da7dd5eb59aee2b,2026-04,Suffolk Constabulary,Suffolk Constabulary,1.328920,51.955773,On or near Supermarket,E01030170,East Suffolk 029E,Criminal damage and arson,Unable to prosecute suspect,
605897f038c8b2741f37e3e0a0e27fd7698437e4a22faad8f4b84d0a500626fd,2026-04,Suffolk Constabulary,Suffolk Constabulary,1.329941,51.958343,On or near Larksway,E01030170,East Suffolk 029E,Possession of weapons,Unable to prosecute suspect,
694fca07c8dba9dc250c8d26fd393a006db6aaaa1531cff8e1c80a73e84234fb,2026-04,Suffolk Constabulary,Suffolk Constabulary,1.328920,51.955773,On or near Supermarket,E01030170,East Suffolk 029E,Possession of weapons,Investigation complete; no suspect identified,
afd9868fbed2db37dfc8d05f5d6be187f9f86909181be07722a6c3a9f3f32ecf,2026-04,Suffolk Constabulary,Suffolk Constabulary,1.328920,51.955773,On or near Supermarket,E01030170,East Suffolk 029E,Shoplifting,Investigation complete; no suspect identified,
95da567e673b758b1fa53682f98555b4355a39b63dbc726b014dda56f01c2322,2026-04,Suffolk Constabulary,Suffolk Constabulary,1.329941,51.958343,On or near Larksway,E01030170,East Suffolk 029E,Violence and sexual offences,Awaiting court outcome,
91ee1f9234d26b3ca614e4ff7180938a94dd76074d763fac616dcc8bcef67062,2026-04,Suffolk Constabulary,Suffolk Constabulary,1.332843,51.963901,On or near Oak Close,E01030170,East Suffolk 029E,Violence and sexual offences,Unable to prosecute suspect,
0b86921711e77cdc88308407dd214b5fd0280c7c8475d17ea6267c6815c769a8,2026-04,Suffolk Constabulary,Suffolk Constabulary,1.332843,51.963901,On or near Oak Close,E01030170,East Suffolk 029E,Violence and sexual offences,Unable to prosecute suspect,
795aa167ac09b8266f01b17e61cda0d4943ced44c18a519ca1a1b8cbef6c906d,2026-04,Suffolk Constabulary,Suffolk Constabulary,1.332561,51.955796,On or near Rowans Crescent,E01030170,East Suffolk 029E,Violence and sexual offences,Awaiting court outcome,
3403aa00e6f5e4a3c7a9b5b449e2838a56981296b5205c21a0a149c55503f45f,2026-04,Suffolk Constabulary,Suffolk Constabulary,1.329941,51.958343,On or near Larksway,E01030170,East Suffolk 029E,Violence and sexual offences,Unable to prosecute suspect,
5899f5ae9cb4d84e63cd1ea6090f30a8f3e0b1fddea069c0c4e5790de08ea5dc,2026-04,Suffolk Constabulary,Suffolk Constabulary,1.333193,51.959007,On or near Anne Street,E01030170,East Suffolk 029E,Violence and sexual offences,Unable to prosecute suspect,
2b092f4cfc4e45d6edfd6dcd9163f9c45f7ff8f27f3dfe73933625b35b13eb80,2026-04,Suffolk Constabulary,Suffolk Constabulary,1.334276,51.963797,On or near Wadgate Road,E01030170,East Suffolk 029E,Violence and sexual offences,Unable to prosecute suspect,
,2026-04,Suffolk Constabulary,Suffolk Constabulary,1.342071,51.957415,On or near Cavendish Road,E01030162,East Suffolk 030A,Anti-social behaviour,,
,2026-04,Suffolk Constabulary,Suffolk Constabulary,1.347244,51.959039,On or near Parking Area,E01030162,East Suffolk 030A,Anti-social behaviour,,
157c48cfddf15fd505219679b75d0a7261da4eef3544d9b7e49e5023ce661087,2026-04,Suffolk Constabulary,Suffolk Constabulary,1.348893,51.959865,On or near Wolsey Gardens,E01030162,East Suffolk 030A,Burglary,Under investigation,
586cc22d41f2d1b538268026baf14c558f5d4b2f6ff60dead6b00deed5b98397,2026-04,Suffolk Constabulary,Suffolk Constabulary,1.350858,51.960250,On or near Bent Hill,E01030162,East Suffolk 030A,Burglary,Investigation complete; no suspect identified,
2f0b6a11d6f8f1760ff30bb6a14b7c54157e55718d4fba559cf0cadb0c1a4b0e,2026-04,Suffolk Constabulary,Suffolk Constabulary,1.350497,51.961456,On or near B1082,E01030162,East Suffolk 030A,Criminal damage and arson,Investigation complete; no suspect identified,
5fd81a69207bf4b90bcfcdf270f3422fe2f07eda00a832fe8b6bf1409eaaa668,2026-04,Suffolk Constabulary,Suffolk Constabulary,1.350858,51.960250,On or near Bent Hill,E01030162,East Suffolk 030A,Drugs,Awaiting court outcome,
a54f37770d6af05aa6bb5e935cb856ba54b2de35a7fbe70e779705faf6912985,2026-04,Suffolk Constabulary,Suffolk Constabulary,1.350497,51.961456,On or near B1082,E01030162,East Suffolk 030A,Public order,Awaiting court outcome,
15ca512dd5e90aa1ef711bb594a8da251b692e7a904741b8132e098ff7b2e467,2026-04,Suffolk Constabulary,Suffolk Constabulary,1.350497,51.961456,On or near B1082,E01030162,East Suffolk 030A,Shoplifting,Investigation complete; no suspect identified,
9a4d556821ae8363c5d9031e7f30769b862e21035b12d11bd8875f7b1a0fe374,2026-04,Suffolk Constabulary,Suffolk Constabulary,1.350497,51.961456,On or near B1082,E01030162,East Suffolk 030A,Shoplifting,Investigation complete; no suspect identified,
24995dbaf7457fe586dac5efa63b55999af30aa6056294ea43cb2015af6e1fa9,2026-04,Suffolk Constabulary,Suffolk Constabulary,1.342384,51.958881,On or near Lincoln Terrace,E01030162,East Suffolk 030A,Violence and sexual offences,Unable to prosecute suspect,
16795a022f047d1d3058250e4a05c1446543173240f121fd54b0c23f2b2ac5aa,2026-04,Suffolk Constabulary,Suffolk Constabulary,1.342071,51.957415,On or near Cavendish Road,E01030162,East Suffolk 030A,Violence and sexual offences,Under investigation,
a5d5a5c1c840905ab4efd4cbf5301501105406796b39e673fc4ebf6277373952,2026-04,Suffolk Constabulary,Suffolk Constabulary,1.350858,51.960250,On or near Bent Hill,E01030162,East Suffolk 030A,Violence and sexual offences,Under investigation,
8ed50c289368e3f3f2058ba37dd89f70a862e30fef055c0a8b6ff46edd67c733,2026-04,Suffolk Constabulary,Suffolk Constabulary,1.347027,51.960809,On or near Orwell Road,E01030162,East Suffolk 030A,Violence and sexual offences,Under investigation,
,2026-04,Suffolk Constabulary,Suffolk Constabulary,1.330136,51.944289,On or near Parking Area,E01030163,East Suffolk 030B,Anti-social behaviour,,
,2026-04,Suffolk Constabulary,Suffolk Constabulary,1.330136,51.944289,On or near Parking Area,E01030163,East Suffolk 030B,Anti-social behaviour,,
,2026-04,Suffolk Constabulary,Suffolk Constabulary,1.346398,51.958434,On or near Parking Area,E01030163,East Suffolk 030B,Anti-social behaviour,,
,2026-04,Suffolk Constabulary,Suffolk Constabulary,1.332475,51.948549,On or near Landguard Road,E01030163,East Suffolk 030B,Anti-social behaviour,,
de7d8bf2e23795a504f4d5f229021dadfeb65a1d74b3ecd9e593e57c3a1b8fcf,2026-04,Suffolk Constabulary,Suffolk Constabulary,1.335651,51.951139,On or near Orford Road,E01030163,East Suffolk 030B,Burglary,Unable to prosecute suspect,
837c629e962b9abf0be5bb6343dc4d31a1f53059b177b02168f69dd668a82378,2026-04,Suffolk Constabulary,Suffolk Constabulary,1.337305,51.952639,On or near Micklegate Road,E01030163,East Suffolk 030B,Burglary,Unable to prosecute suspect,
c4600bfe1f86439cb2c67d9220cc483cab422f16c1b9ac685169c0dd56ca2145,2026-04,Suffolk Constabulary,Suffolk Constabulary,1.334012,51.949252,On or near Old Fort Road,E01030163,East Suffolk 030B,Criminal damage and arson,Awaiting court outcome,
65a6c1b41040d73980634631ef33c5e0d7eae9edfe6010dbc2c547a76e24a0d2,2026-04,Suffolk Constabulary,Suffolk Constabulary,1.327188,51.947322,On or near Adastral Close,E01030163,East Suffolk 030B,Criminal damage and arson,Investigation complete; no suspect identified,
df64e034a4918e90a6862b22385679459f388ffcd2da1cb67061e27653729a1e,2026-04,Suffolk Constabulary,Suffolk Constabulary,1.334769,51.952009,On or near Nacton Road,E01030163,East Suffolk 030B,Criminal damage and arson,Local resolution,
55412dbbc7df711f8a3fa7110ffeb850ab7825441fb248233397ca526b860962,2026-04,Suffolk Constabulary,Suffolk Constabulary,1.339532,51.955760,On or near Buregate Road,E01030163,East Suffolk 030B,Other theft,Unable to prosecute suspect,
4d4764da3fa36c34963ca0b885fb38118109272100a676cb5be7214a472def5c,2026-04,Suffolk Constabulary,Suffolk Constabulary,1.326526,51.948015,On or near Schneider Close,E01030163,East Suffolk 030B,Other theft,Investigation complete; no suspect identified,
8c3d909dd416d225c30a20f820b868ddae8b6754e9d8201534513227081235b7,2026-04,Suffolk Constabulary,Suffolk Constabulary,1.341249,51.956530,On or near Russell Road,E01030163,East Suffolk 030B,Public order,Under investigation,
223bdbd5685a209f462f4b7f07e0a956fe23dc41939d3e2501df4c9cd14711c4,2026-04,Suffolk Constabulary,Suffolk Constabulary,1.332475,51.948549,On or near Landguard Road,E01030163,East Suffolk 030B,Public order,Unable to prosecute suspect,
2928666c5c5aca42731354adce2e52595c4912ad7c7ad683382f605a42f7807f,2026-04,Suffolk Constabulary,Suffolk Constabulary,1.346398,51.958434,On or near Parking Area,E01030163,East Suffolk 030B,Shoplifting,Investigation complete; no suspect identified,
0640a2893bb9305f814223e4438c60831e3a98f6ee71ee087d68890a1f0c8c30,2026-04,Suffolk Constabulary,Suffolk Constabulary,1.340993,51.954468,On or near Sea Road,E01030163,East Suffolk 030B,Violence and sexual offences,Investigation complete; no suspect identified,
f0b8122582e455dd781cdeb7a6acd51689e6927ac8b02e20023d3be588e5a22c,2026-04,Suffolk Constabulary,Suffolk Constabulary,1.339505,51.955005,On or near Arwela Road,E01030163,East Suffolk 030B,Violence and sexual offences,Awaiting court outcome,
9c655be83a7d3cb602181ce6234bf6de89d6c484061b39f3b4968d5cd6138ea8,2026-04,Suffolk Constabulary,Suffolk Constabulary,1.334769,51.952009,On or near Nacton Road,E01030163,East Suffolk 030B,Violence and sexual offences,Under investigation,
61974184032da4e950920f2d3050191187e9433e47f4d20657894f822d5660f9,2026-04,Suffolk Constabulary,Suffolk Constabulary,1.337305,51.952639,On or near Micklegate Road,E01030163,East Suffolk 030B,Violence and sexual offences,Under investigation,
5b364946c1e2d5fa432bb19dd0d86b4d66183a4c871fee517baa2c147ea6dff6,2026-04,Suffolk Constabulary,Suffolk Constabulary,1.334012,51.949252,On or near Old Fort Road,E01030163,East Suffolk 030B,Violence and sexual offences,Unable to prosecute suspect,
,2026-04,Suffolk Constabulary,Suffolk Constabulary,1.353087,51.964360,On or near York Road,E01030165,East Suffolk 030C,Anti-social behaviour,,
e22ec6ed15a7538b722e6ec3cbc7ed8a670f52bae612d41e2c7de514d8eac7f4,2026-04,Suffolk Constabulary,Suffolk Constabulary,1.352090,51.962328,On or near Victoria Street,E01030165,East Suffolk 030C,Bicycle theft,Investigation complete; no suspect identified,
7d2ae4aebc72559b46fb1439af7a18b8b19b69ee53324242e2db094e3c4976b7,2026-04,Suffolk Constabulary,Suffolk Constabulary,1.349855,51.962023,On or near Parking Area,E01030165,East Suffolk 030C,Burglary,Under investigation,
a167b4bb7dd48dedc450a4b1cf60daa5b2cf21393dce66ade0cfa9014d56295d,2026-04,Suffolk Constabulary,Suffolk Constabulary,1.351820,51.963973,On or near Hamilton Road,E01030165,East Suffolk 030C,Criminal damage and arson,Unable to prosecute suspect,
7aed84e8d550f4baccf5b41468e2abac091105e68b64f2e3e916bd81e936218c,2026-04,Suffolk Constabulary,Suffolk Constabulary,1.353087,51.964360,On or near York Road,E01030165,East Suffolk 030C,Other theft,Under investigation,
768632384d82c2d21a49ff346b8d0cfa879d4e02572175240431a643abaa3d64,2026-04,Suffolk Constabulary,Suffolk Constabulary,1.348292,51.962931,On or near Tomline Road,E01030165,East Suffolk 030C,Vehicle crime,Investigation complete; no suspect identified,
2ee6aae87c13ccaa356b4f6b58eba3114cb1da18feda3b3630155acd180aa1cc,2026-04,Suffolk Constabulary,Suffolk Constabulary,1.351408,51.966054,On or near St Andrew'S Road,E01030165,East Suffolk 030C,Violence and sexual offences,Unable to prosecute suspect,
51f4574c4246bd8effa667fa0ab1cfc74244539aeaeae48c23e0736f43e099f6,2026-04,Suffolk Constabulary,Suffolk Constabulary,1.362434,51.964543,On or near Berners Road,E01030167,East Suffolk 030D,Criminal damage and arson,Unable to prosecute suspect,
4f0853344a825590d303ad5047597d7f9decac881cb4fecd6327d0f7aaf7412b,2026-04,Suffolk Constabulary,Suffolk Constabulary,1.362434,51.964543,On or near Berners Road,E01030167,East Suffolk 030D,Criminal damage and arson,Unable to prosecute suspect,
f598f70fa7ea7b4e6d5a3eba5ad7a5a219da331f9486f2dfc2cf2c85d90e0392,2026-04,Suffolk Constabulary,Suffolk Constabulary,1.357437,51.963336,On or near Barton Road,E01030167,East Suffolk 030D,Violence and sexual offences,Action to be taken by another organisation,
63bddc97878782b6af89c7739693d2ef6a3429183f7ec1981f92b4c95327339e,2026-04,Suffolk Constabulary,Suffolk Constabulary,0.091221,51.607564,On or near Trotwood,E01021764,Epping Forest 017A,Violence and sexual offences,Under investigation,
bf93a88c2d20eec552b60132bfbab51c8f8ed21fc88450af20d450d6e009c6ba,2026-04,Suffolk Constabulary,Suffolk Constabulary,1.722534,52.559847,On or near Tudor Walk,E01026612,Great Yarmouth 010C,Burglary,Unable to prosecute suspect,
8a096eac7ee8b8cb19419e9ae0847542b925fbe893293588af8f9cc3381cb042,2026-04,Suffolk Constabulary,Suffolk Constabulary,-4.124464,53.118724,On or near Gerddi Padarn,W01000081,Gwynedd 005B,Violence and sexual offences,Unable to prosecute suspect,
267e295ffc3be0558d039be8c458f5e949fc08cdd627bbdbb5cd56617b86ac71,2026-04,Suffolk Constabulary,Suffolk Constabulary,-0.170649,52.346615,On or near Sapley Park,E01018139,Huntingdonshire 009A,Violence and sexual offences,Under investigation,
,2026-04,Suffolk Constabulary,Suffolk Constabulary,1.130243,52.081611,On or near Browning Road,E01030032,Ipswich 001A,Anti-social behaviour,,
7ecfef047f9a7a34c1b8cac1a2435107c5bc72b8f6582f70de9f922faa3d12ff,2026-04,Suffolk Constabulary,Suffolk Constabulary,1.130243,52.081611,On or near Browning Road,E01030032,Ipswich 001A,Criminal damage and arson,Unable to prosecute suspect,
90e150ed807371e5cbcaaeb214116c07cc835451484f1a7f46d2a91dda492faa,2026-04,Suffolk Constabulary,Suffolk Constabulary,1.128378,52.083540,On or near Goldsmith Road,E01030032,Ipswich 001A,Drugs,Local resolution,
00bdd8bcd464b308c1eb47bd6a67584a2080cffc74d0a309996f7c68e618b15e,2026-04,Suffolk Constabulary,Suffolk Constabulary,1.127437,52.082612,On or near Shakespeare Road,E01030032,Ipswich 001A,Public order,Unable to prosecute suspect,
afefa9b6ca683c54265bb0c81abadd698cde8ec5f8cadf33b5cbfa2b6665c468,2026-04,Suffolk Constabulary,Suffolk Constabulary,1.128997,52.080295,On or near Burns Road,E01030032,Ipswich 001A,Violence and sexual offences,Unable to prosecute suspect,
2ed25429aa4e5cb8c47927fc3a098bf9df9e6ae7fe19c6a781e9974990ca57b8,2026-04,Suffolk Constabulary,Suffolk Constabulary,1.127437,52.082612,On or near Shakespeare Road,E01030032,Ipswich 001A,Violence and sexual offences,Unable to prosecute suspect,
490947561142d47381ec8f67a3e0f7c6e5c98c53953f1cdaee5bacff43b7bf5b,2026-04,Suffolk Constabulary,Suffolk Constabulary,1.130243,52.081611,On or near Browning Road,E01030032,Ipswich 001A,Violence and sexual offences,Action to be taken by another organisation,
8c2eff1d916ce882b934e50e96f1426d08b12e288c0d21d769001ffa5f0dbbc8,2026-04,Suffolk Constabulary,Suffolk Constabulary,1.130194,52.082170,On or near Spenser Road,E01030032,Ipswich 001A,Violence and sexual offences,Under investigation,
bb183551718367ddbbc4941d1185ba3287c73619ccd1839e2a7986a7ef26cf55,2026-04,Suffolk Constabulary,Suffolk Constabulary,1.130243,52.081611,On or near Browning Road,E01030032,Ipswich 001A,Other crime,Further investigation is not in the public interest,
8eaf9f14845776762469f1639a4f40d6eac5a157e7aa732871c078bc27478c26,2026-04,Suffolk Constabulary,Suffolk Constabulary,1.130194,52.082170,On or near Spenser Road,E01030032,Ipswich 001A,Other crime,Action to be taken by another organisation,
4af705fae30dea6582e167776132cf62e605acc582af4adc6f2504f3340a08dd,2026-04,Suffolk Constabulary,Suffolk Constabulary,1.146071,52.082493,On or near Supermarket,E01030033,Ipswich 001B,Other theft,Local resolution,
eec5b26725c98a6ae68d0c72c6b3d6ac300cd81fe336cad8026c3dc95eb1ee5f,2026-04,Suffolk Constabulary,Suffolk Constabulary,1.146071,52.082493,On or near Supermarket,E01030033,Ipswich 001B,Other theft,Under investigation,
ecfa178957a2b1cf7df67954fd7fe352d5b3fa2312bb13fc184b0fb779033837,2026-04,Suffolk Constabulary,Suffolk Constabulary,1.146071,52.082493,On or near Supermarket,E01030033,Ipswich 001B,Shoplifting,Awaiting court outcome,
e0729431a5120015d197b2132049107dfd69aa9f42018bd93db19d78681cb873,2026-04,Suffolk Constabulary,Suffolk Constabulary,1.146071,52.082493,On or near Supermarket,E01030033,Ipswich 001B,Shoplifting,Awaiting court outcome,
3cf49c84ab37acb9a1a23dbd23a39737b75c00a51c71ced179f9626aa02962f3,2026-04,Suffolk Constabulary,Suffolk Constabulary,1.142881,52.080114,On or near Congreve Road,E01030033,Ipswich 001B,Violence and sexual offences,Unable to prosecute suspect,
c0ba825c164d4cedfb1ff5596cb5fcb4ebd574905340b6df2bb44f4802018dc2,2026-04,Suffolk Constabulary,Suffolk Constabulary,1.142881,52.080114,On or near Congreve Road,E01030033,Ipswich 001B,Violence and sexual offences,Unable to prosecute suspect,
75909f198de3ef8693bc897c4afba97d764c0ff670e529228e99847c3ae2803b,2026-04,Suffolk Constabulary,Suffolk Constabulary,1.142881,52.080114,On or near Congreve Road,E01030033,Ipswich 001B,Violence and sexual offences,Unable to prosecute suspect,
a6031a0530689051c2687cb2c07217a7768c11385a0e6c86b373a260fed15b72,2026-04,Suffolk Constabulary,Suffolk Constabulary,1.142881,52.080114,On or near Congreve Road,E01030033,Ipswich 001B,Violence and sexual offences,Unable to prosecute suspect,
9fbe6df2562993529a1c043811a1ae19b76287d32ea35c1e7ac55388fc5b3de6,2026-04,Suffolk Constabulary,Suffolk Constabulary,1.142881,52.080114,On or near Congreve Road,E01030033,Ipswich 001B,Violence and sexual offences,Unable to prosecute suspect,
346bdd3a0bc2d30478aea1e2e5a55c17d5c54143b18e63f014d662bd1dd2702c,2026-04,Suffolk Constabulary,Suffolk Constabulary,1.149466,52.085730,On or near Henley Road,E01030034,Ipswich 001C,Violence and sexual offences,Unable to prosecute suspect,
998d120213b3fedca48ff532a6dc448a1345e3ad89ab3993bba88ac4cbbd8415,2026-04,Suffolk Constabulary,Suffolk Constabulary,1.148299,52.089889,On or near Thurleston Lane,E01030034,Ipswich 001C,Violence and sexual offences,Action to be taken by another organisation,
312ea5d17311a3cfc2f3f0ac9b12cc2d0bab629e571a358adcedf45debd9749f,2026-04,Suffolk Constabulary,Suffolk Constabulary,1.149466,52.085730,On or near Henley Road,E01030034,Ipswich 001C,Violence and sexual offences,Unable to prosecute suspect,
,2026-04,Suffolk Constabulary,Suffolk Constabulary,1.133115,52.086355,On or near Akenham Close,E01030035,Ipswich 001D,Anti-social behaviour,,
,2026-04,Suffolk Constabulary,Suffolk Constabulary,1.122939,52.086140,On or near Old Norwich Road,E01030035,Ipswich 001D,Anti-social behaviour,,
fe703c0189fb560f9e2db1b1eb47ab2272ff52cd8fec441cd5a484068ebbc0d5,2026-04,Suffolk Constabulary,Suffolk Constabulary,1.122939,52.086140,On or near Old Norwich Road,E01030035,Ipswich 001D,Drugs,Unable to prosecute suspect,
82a6c78ef6bde70f3d238997f010b73603ef69dcdc9404b1400b6f681e1b0a37,2026-04,Suffolk Constabulary,Suffolk Constabulary,1.116769,52.084333,On or near Anglia Parkway South,E01030035,Ipswich 001D,Other theft,Investigation complete; no suspect identified,
383c717574e8d513ed5760f74b4cf29b01313be01f17979f8440cc3c39ee7ea0,2026-04,Suffolk Constabulary,Suffolk Constabulary,1.131608,52.084641,On or near Hardy Crescent,E01030035,Ipswich 001D,Other theft,Under investigation,
3decf7a3cd84e8afd8f96dffc62c2b0516a7421067d9ea63df8726a9f2721b3b,2026-04,Suffolk Constabulary,Suffolk Constabulary,1.125236,52.084748,On or near Ballater Close,E01030035,Ipswich 001D,Other theft,Under investigation,
840690d70b14a6ea75081b6619520f21b5b88b9d0abb2e2ef6c2ee5e62eb5ced,2026-04,Suffolk Constabulary,Suffolk Constabulary,1.118882,52.086373,On or near Whitton Lane,E01030035,Ipswich 001D,Other theft,Unable to prosecute suspect,
0fae10255e2206b63e460d9455ac276076663e6a8f46d493c6644531b4ce1494,2026-04,Suffolk Constabulary,Suffolk Constabulary,1.134958,52.085775,On or near Carlyle Close,E01030035,Ipswich 001D,Public order,Under investigation,
20f1ba9aba7deb679bc88e28474c4f4547b78cc0ccecd023348429bc893b3c0f,2026-04,Suffolk Constabulary,Suffolk Constabulary,1.122939,52.086140,On or near Old Norwich Road,E01030035,Ipswich 001D,Public order,Under investigation,
5178d17ab8f83458831266b89d54b4aac02b2e56be5490622f4fc494a27dc8e5,2026-04,Suffolk Constabulary,Suffolk Constabulary,1.131778,52.082694,On or near Keats Crescent,E01030035,Ipswich 001D,Public order,Unable to prosecute suspect,
0a3679467aa5c0cc60b9e6a0f8d08341114e51837b0f49824dd152bfccead083,2026-04,Suffolk Constabulary,Suffolk Constabulary,1.118712,52.084983,On or near Shopping Area,E01030035,Ipswich 001D,Shoplifting,Awaiting court outcome,
247646710022adbd3f4cb9f783d053b135e062ff50efec8cba62d35378274c36,2026-04,Suffolk Constabulary,Suffolk Constabulary,1.118712,52.084983,On or near Shopping Area,E01030035,Ipswich 001D,Shoplifting,Investigation complete; no suspect identified,
41f1fd66f9ac6da896e219b74d8e30d9187d7d27a171d41d653a2dc7c0bbdb20,2026-04,Suffolk Constabulary,Suffolk Constabulary,1.118712,52.084983,On or near Shopping Area,E01030035,Ipswich 001D,Shoplifting,Under investigation,
7f36dc77814126ed4dd936d306028f4b598509ac58555434a78ba6e0fdee362c,2026-04,Suffolk Constabulary,Suffolk Constabulary,1.118712,52.084983,On or near Shopping Area,E01030035,Ipswich 001D,Shoplifting,Investigation complete; no suspect identified,
fca6f25cc20bc3baaa348b4d73e70a7e16f9393b9632054e8cc213cca1b857c5,2026-04,Suffolk Constabulary,Suffolk Constabulary,1.118712,52.084983,On or near Shopping Area,E01030035,Ipswich 001D,Shoplifting,Under investigation,
796a6e2f988c47c6c31c967522b71a49c8dbef617973ec53da0752cdbf7b013e,2026-04,Suffolk Constabulary,Suffolk Constabulary,1.118712,52.084983,On or near Shopping Area,E01030035,Ipswich 001D,Shoplifting,Investigation complete; no suspect identified,
690c297362c3bf64f6a9ff064723e210adb3405be2b0e02a06a820fcdb3abdb9,2026-04,Suffolk Constabulary,Suffolk Constabulary,1.118712,52.084983,On or near Shopping Area,E01030035,Ipswich 001D,Shoplifting,Investigation complete; no suspect identified,
46758cf70be21d936d08093e194e844eaa66a29ebb95bee7d98dbad984498b8c,2026-04,Suffolk Constabulary,Suffolk Constabulary,1.118712,52.084983,On or near Shopping Area,E01030035,Ipswich 001D,Shoplifting,Unable to prosecute suspect,
dcda54e368fe0bda6517eb29c85a55de43e583fcbc9a724a160a39cfde53d8ee,2026-04,Suffolk Constabulary,Suffolk Constabulary,1.118712,52.084983,On or near Shopping Area,E01030035,Ipswich 001D,Shoplifting,Awaiting court outcome,
adf59d2f69dc50701e4af19d369a3c781e4881f441fb625fd0379ec683531a1e,2026-04,Suffolk Constabulary,Suffolk Constabulary,1.118882,52.086373,On or near Whitton Lane,E01030035,Ipswich 001D,Violence and sexual offences,Awaiting court outcome,
,2026-04,Suffolk Constabulary,Suffolk Constabulary,1.136364,52.081259,On or near Burke Close,E01030036,Ipswich 001E,Anti-social behaviour,,
,2026-04,Suffolk Constabulary,Suffolk Constabulary,1.135774,52.083469,On or near Parnell Road,E01030036,Ipswich 001E,Anti-social behaviour,,
f88420fd7b2e27570162841beb6f2fc9dd73e2a564ad71e03d9be39d1b0b1057,2026-04,Suffolk Constabulary,Suffolk Constabulary,1.139788,52.081168,On or near Shirley Close,E01030036,Ipswich 001E,Burglary,Under investigation,
1b74b8b31d840724fe0c4f5f80fdf3586ec0142180bab9a49a71feb1c1d1e81e,2026-04,Suffolk Constabulary,Suffolk Constabulary,1.137956,52.083771,On or near Limecroft Close,E01030036,Ipswich 001E,Other theft,Unable to prosecute suspect,
f7f22468765ce478b85b8324f8b8368780e452740b35a47cdf56b189520b8e0c,2026-04,Suffolk Constabulary,Suffolk Constabulary,1.135248,52.085327,On or near Homer Close,E01030036,Ipswich 001E,Shoplifting,Investigation complete; no suspect identified,
d52fba55003d81b93efbf665ff3d495bb638cc8318da499a525d94ccf59ffd83,2026-04,Suffolk Constabulary,Suffolk Constabulary,1.135248,52.085327,On or near Homer Close,E01030036,Ipswich 001E,Shoplifting,Investigation complete; no suspect identified,
92ea8e440068397888e73a9796ebbbd631d6d158ccfb24f5c95d00f310725176,2026-04,Suffolk Constabulary,Suffolk Constabulary,1.135901,52.081325,On or near Burke Road,E01030036,Ipswich 001E,Violence and sexual offences,Unable to prosecute suspect,
637dc17f5c29370217c7cf69013211655763555a0822a8f8c230205a59cfedcd,2026-04,Suffolk Constabulary,Suffolk Constabulary,1.138540,52.081696,On or near Kingsley Close,E01030036,Ipswich 001E,Violence and sexual offences,Unable to prosecute suspect,
dd8a98bfa23fa89bbe74c741d9e6f5411665ef5c9c6584071b4521b11610c8d1,2026-04,Suffolk Constabulary,Suffolk Constabulary,1.137956,52.083771,On or near Limecroft Close,E01030036,Ipswich 001E,Violence and sexual offences,Action to be taken by another organisation,
b5f08e0a330c401487e12e0ffd9b1e3a9b732ad2802a523ab75cd9874d219de3,2026-04,Suffolk Constabulary,Suffolk Constabulary,1.137956,52.083771,On or near Limecroft Close,E01030036,Ipswich 001E,Violence and sexual offences,Unable to prosecute suspect,
d6c639f68ad4cd6dd2b62120d645104c5495aa0d05911843e628d775edda6d78,2026-04,Suffolk Constabulary,Suffolk Constabulary,1.135248,52.085327,On or near Homer Close,E01030036,Ipswich 001E,Violence and sexual offences,Action to be taken by another organisation,
e2187d363853172ef62828a7f19de30a3ea4d6c590e9e3fb64e91b966fe4840d,2026-04,Suffolk Constabulary,Suffolk Constabulary,1.135177,52.082451,On or near Macaulay Road,E01030036,Ipswich 001E,Violence and sexual offences,Investigation complete; no suspect identified,
b6140e641f810ef1e0fe278e3e2677a840c016d6c06d9086afbbbe34c7e0279b,2026-04,Suffolk Constabulary,Suffolk Constabulary,1.135248,52.085327,On or near Homer Close,E01030036,Ipswich 001E,Violence and sexual offences,Unable to prosecute suspect,
84b1e6c7650de1ba3c474ef2e2394ca72f6419cf28741724ed179d51a0d14b45,2026-04,Suffolk Constabulary,Suffolk Constabulary,1.135248,52.085327,On or near Homer Close,E01030036,Ipswich 001E,Violence and sexual offences,Action to be taken by another organisation,
431427cfc59f37b4ebb254ef3632a34e3a04447ffef6c03c9e93e92ccf95f508,2026-04,Suffolk Constabulary,Suffolk Constabulary,1.135774,52.083469,On or near Parnell Road,E01030036,Ipswich 001E,Violence and sexual offences,Unable to prosecute suspect,
54c707e57cfccc630104c00a73ef6c81b6a21b2180cac94cbed673875ab2578b,2026-04,Suffolk Constabulary,Suffolk Constabulary,1.135774,52.083469,On or near Parnell Road,E01030036,Ipswich 001E,Violence and sexual offences,Unable to prosecute suspect,
7eafef777ad91a23bbd23219b73b3f7b56de4f62622949efbebb2818840886c7,2026-04,Suffolk Constabulary,Suffolk Constabulary,1.135774,52.083469,On or near Parnell Road,E01030036,Ipswich 001E,Violence and sexual offences,Investigation complete; no suspect identified,
4177339014b1d8751f00bc8885fac7502c4e1b3ca0adb6c6c55038558059da2a,2026-04,Suffolk Constabulary,Suffolk Constabulary,1.135774,52.083469,On or near Parnell Road,E01030036,Ipswich 001E,Violence and sexual offences,Unable to prosecute suspect,
2923016361b1bfdbba7add9e3f64458b43d1171480f74348fad049394da0f7b4,2026-04,Suffolk Constabulary,Suffolk Constabulary,1.137956,52.083771,On or near Limecroft Close,E01030036,Ipswich 001E,Other crime,Further investigation is not in the public interest,
,2026-04,Suffolk Constabulary,Suffolk Constabulary,1.147789,52.071232,On or near Cotswold Avenue,E01029973,Ipswich 002A,Anti-social behaviour,,
bbcc98834131fa101375bfd37f8afafe5c2a8fec8381829ac1e8b8c1e6cd5296,2026-04,Suffolk Constabulary,Suffolk Constabulary,1.150554,52.072570,On or near One House Lane,E01029973,Ipswich 002A,Public order,Unable to prosecute suspect,
29ce91124fd54be40a6582527946471c105108ea407049eb02fff00f0cb733b5,2026-04,Suffolk Constabulary,Suffolk Constabulary,1.147364,52.074112,On or near Supermarket,E01029973,Ipswich 002A,Shoplifting,Awaiting court outcome,
6b5be5cb4fdb02f181d6e6a53b22e8fe5349dd1af2b7dc3534d585871fb1c64d,2026-04,Suffolk Constabulary,Suffolk Constabulary,1.147364,52.074112,On or near Supermarket,E01029973,Ipswich 002A,Shoplifting,Investigation complete; no suspect identified,
dda096fded68031c6e99c3b5abcddb37a22c463a28d2ae5d4fc646c7fab26966,2026-04,Suffolk Constabulary,Suffolk Constabulary,1.147364,52.074112,On or near Supermarket,E01029973,Ipswich 002A,Shoplifting,Investigation complete; no suspect identified,
bc1d8ed6f32f2c11a6bae74b0be5a055e616f5cc60df92ea31f9a341783ab845,2026-04,Suffolk Constabulary,Suffolk Constabulary,1.147364,52.074112,On or near Supermarket,E01029973,Ipswich 002A,Shoplifting,Awaiting court outcome,
b5f1009155ec745f2655cebc1b0348604ec81e2a065913b2e92525d898e89b37,2026-04,Suffolk Constabulary,Suffolk Constabulary,1.147364,52.074112,On or near Supermarket,E01029973,Ipswich 002A,Shoplifting,Investigation complete; no suspect identified,
0b3d5130f3ad0f16f571229ac421c05bb13184b7a85499c88fe742180512d6b2,2026-04,Suffolk Constabulary,Suffolk Constabulary,1.147364,52.074112,On or near Supermarket,E01029973,Ipswich 002A,Shoplifting,Investigation complete; no suspect identified,
f94316e5135642abf367dc66c0123e4b4682553699866c6271aa2aa3a00b7ccb,2026-04,Suffolk Constabulary,Suffolk Constabulary,1.147364,52.074112,On or near Supermarket,E01029973,Ipswich 002A,Shoplifting,Investigation complete; no suspect identified,
36948eff6b262b5975ae2b2690918613b455738bf6ac5f6a7e76a7050eff931c,2026-04,Suffolk Constabulary,Suffolk Constabulary,1.147364,52.074112,On or near Supermarket,E01029973,Ipswich 002A,Shoplifting,Investigation complete; no suspect identified,
93d19f6a1934d1aff51a7f4f18bbf732f94571ee611ef47810bd89141a885fec,2026-04,Suffolk Constabulary,Suffolk Constabulary,1.147364,52.074112,On or near Supermarket,E01029973,Ipswich 002A,Shoplifting,Investigation complete; no suspect identified,
822b8ca0ce21cb5c799e8a21836d021ec3acf0252b5e144c8b4213ea2d9a95e3,2026-04,Suffolk Constabulary,Suffolk Constabulary,1.147364,52.074112,On or near Supermarket,E01029973,Ipswich 002A,Shoplifting,Investigation complete; no suspect identified,
19b643078ae5da9c9c29bb36e147a7510d9c7d2c1307e5097f8f2c8bbae706bb,2026-04,Suffolk Constabulary,Suffolk Constabulary,1.147364,52.074112,On or near Supermarket,E01029973,Ipswich 002A,Shoplifting,Awaiting court outcome,
7e6d79523e162e654679278a0d6c7f36c0df2913e39edb5cdfac8777c73ee9f7,2026-04,Suffolk Constabulary,Suffolk Constabulary,1.147364,52.074112,On or near Supermarket,E01029973,Ipswich 002A,Shoplifting,Awaiting court outcome,
d86d4d67d7e0bd10a385b7a74bebafcb26bbd8cfbf8a44a0afee8fe521e3fb98,2026-04,Suffolk Constabulary,Suffolk Constabulary,1.147364,52.074112,On or near Supermarket,E01029973,Ipswich 002A,Shoplifting,Investigation complete; no suspect identified,
c68fc518a06ba36b71536343790a820f2e68315cc4c2056ab280f791dba713dd,2026-04,Suffolk Constabulary,Suffolk Constabulary,1.147364,52.074112,On or near Supermarket,E01029973,Ipswich 002A,Shoplifting,Investigation complete; no suspect identified,
55f11221af913ece1b95853f0f01515de705c07b442493da3dcaf968c5796126,2026-04,Suffolk Constabulary,Suffolk Constabulary,1.147364,52.074112,On or near Supermarket,E01029973,Ipswich 002A,Shoplifting,Investigation complete; no suspect identified,
0fe806ec81d8d497051b56c0dd935f1157c75f5fe4bb3ac0f8efd01090653636,2026-04,Suffolk Constabulary,Suffolk Constabulary,1.147364,52.074112,On or near Supermarket,E01029973,Ipswich 002A,Shoplifting,Investigation complete; no suspect identified,
fbbf046b787e0371abb2f78b56d77bba149579aa4a2ae9e7f32f0b35dcfaff28,2026-04,Suffolk Constabulary,Suffolk Constabulary,1.147364,52.074112,On or near Supermarket,E01029973,Ipswich 002A,Shoplifting,Investigation complete; no suspect identified,
f01fa9e7272bad5025db0ecf335abfeb0b48010ebc3b85af015e9f1253d7fa69,2026-04,Suffolk Constabulary,Suffolk Constabulary,1.147364,52.074112,On or near Supermarket,E01029973,Ipswich 002A,Shoplifting,Investigation complete; no suspect identified,
6519f6eec9aa6aef4fc5866075cda9743d831401e1203878a0142feedcc1840e,2026-04,Suffolk Constabulary,Suffolk Constabulary,1.147364,52.074112,On or near Supermarket,E01029973,Ipswich 002A,Shoplifting,Investigation complete; no suspect identified,
79c1242231d369d4c71aec4e5289078c4fbaa6e6e6bcd1ded0007f30e9c4af5c,2026-04,Suffolk Constabulary,Suffolk Constabulary,1.147364,52.074112,On or near Supermarket,E01029973,Ipswich 002A,Shoplifting,Awaiting court outcome,
a6166d0c58b98e4a9e50b5f7c512cee5fa43828f672069f01bf7261cc07883a2,2026-04,Suffolk Constabulary,Suffolk Constabulary,1.145870,52.071553,On or near Cheltenham Avenue,E01029973,Ipswich 002A,Vehicle crime,Investigation complete; no suspect identified,
b9a9be6dda40817f0c53de71059121743c872c35bc52ab7d5dd180c3685e91a6,2026-04,Suffolk Constabulary,Suffolk Constabulary,1.147364,52.074112,On or near Supermarket,E01029973,Ipswich 002A,Vehicle crime,Investigation complete; no suspect identified,
ca69da9486ee784afc831c16493c8c13a2a22488658e1ea39571ac08093315b2,2026-04,Suffolk Constabulary,Suffolk Constabulary,1.150554,52.072570,On or near One House Lane,E01029973,Ipswich 002A,Violence and sexual offences,Under investigation,
9dcc16ea38373a2b7fe7958af555f42d618ee953a006df7fceaffca86906d09e,2026-04,Suffolk Constabulary,Suffolk Constabulary,1.150554,52.072570,On or near One House Lane,E01029973,Ipswich 002A,Violence and sexual offences,Under investigation,
43ee141e5c4a8dba9631e880880d957d488430a35e9e875adc89cc8e9827e388,2026-04,Suffolk Constabulary,Suffolk Constabulary,1.150554,52.072570,On or near One House Lane,E01029973,Ipswich 002A,Violence and sexual offences,Under investigation,
efdcb0cc784c4089eacc923bd4a064671b894aedc54ac1067c4101d68636153a,2026-04,Suffolk Constabulary,Suffolk Constabulary,1.151749,52.076486,On or near Henley Road,E01029973,Ipswich 002A,Violence and sexual offences,Unable to prosecute suspect,
1a3c846205c090ee35d59b6b41637e4080a732a1c5a125f17213a4d9818e05bc,2026-04,Suffolk Constabulary,Suffolk Constabulary,1.142171,52.073118,On or near Dales Road,E01029974,Ipswich 002B,Public order,Unable to prosecute suspect,
8f519a09ee9e8aba825920c9037ab3ec734a3c0e6049bb3bcfc00a34162bf500,2026-04,Suffolk Constabulary,Suffolk Constabulary,1.143692,52.070055,On or near Pine View Road,E01029974,Ipswich 002B,Vehicle crime,Investigation complete; no suspect identified,
e294eb78b54024918a0f977b1d9e48d3812e8aa5cd6c15a14bd9772140a25073,2026-04,Suffolk Constabulary,Suffolk Constabulary,1.139724,52.070898,On or near Dales View Road,E01029974,Ipswich 002B,Violence and sexual offences,Unable to prosecute suspect,
5646cf8c47f789e90854bfbfa5a21cff21de2811699e03ea54bd48c0589811cd,2026-04,Suffolk Constabulary,Suffolk Constabulary,1.143556,52.070400,On or near Pine Avenue,E01029974,Ipswich 002B,Violence and sexual offences,Investigation complete; no suspect identified,
ea2e5afd3a9fe8faa6aaaeb6a3756704ff989c3269b62d134caf63a382546033,2026-04,Suffolk Constabulary,Suffolk Constabulary,1.138035,52.079901,On or near Supermarket,E01029975,Ipswich 002C,Violence and sexual offences,Under investigation,
7c4b785fef61d4b8cd415eb9726d7c1822cf52547aec0270360c8b6440b1741b,2026-04,Suffolk Constabulary,Suffolk Constabulary,1.138035,52.079901,On or near Supermarket,E01029975,Ipswich 002C,Violence and sexual offences,Local resolution,
d18c3eeba5d99370132adc1c8bbc813da6ee999207fc32f39d827c51c441c0c4,2026-04,Suffolk Constabulary,Suffolk Constabulary,1.127872,52.078607,On or near Supermarket,E01029976,Ipswich 002D,Criminal damage and arson,Unable to prosecute suspect,
c21492219c796fe18eb510a762470efb8b2e7a9a0b10aef9bcf8dceeedaebd3c,2026-04,Suffolk Constabulary,Suffolk Constabulary,1.126448,52.075991,On or near Broadway Lane,E01029976,Ipswich 002D,Other theft,Unable to prosecute suspect,
048506de80dc828948afec39f2f86f064ef3166f446d7bd96be4d6974a215d64,2026-04,Suffolk Constabulary,Suffolk Constabulary,1.126865,52.078813,On or near Meredith Road,E01029976,Ipswich 002D,Public order,Under investigation,
83faa1ffe97ab4262dbf4f8beda2cd6792e38fc270d492608567cd2229fcdd24,2026-04,Suffolk Constabulary,Suffolk Constabulary,1.127872,52.078607,On or near Supermarket,E01029976,Ipswich 002D,Shoplifting,Investigation complete; no suspect identified,
623b3ebf9ce1f97004d659fcfb596576f788b59e9b0cd3373dab6d8ac528990a,2026-04,Suffolk Constabulary,Suffolk Constabulary,1.126865,52.078813,On or near Meredith Road,E01029976,Ipswich 002D,Shoplifting,Unable to prosecute suspect,
b90a6aeac229f6fcd1a91df7962bc87365cd8fb6bad711b733b1758439781185,2026-04,Suffolk Constabulary,Suffolk Constabulary,1.127872,52.078607,On or near Supermarket,E01029976,Ipswich 002D,Shoplifting,Investigation complete; no suspect identified,
f1b03f707abd1593d334765f0398ecf2ebff2da1b37244320bbebc881979f5ad,2026-04,Suffolk Constabulary,Suffolk Constabulary,1.126865,52.078813,On or near Meredith Road,E01029976,Ipswich 002D,Shoplifting,Investigation complete; no suspect identified,
00efc28b2f1bb930efda3bb139add9402a015a7a47e0725ee43d2794d61de9e0,2026-04,Suffolk Constabulary,Suffolk Constabulary,1.126865,52.078813,On or near Meredith Road,E01029976,Ipswich 002D,Shoplifting,Investigation complete; no suspect identified,
cdeb4d01b511f289b3aff918f8204139fe66cd46312f9edea2cacf942dc69d8e,2026-04,Suffolk Constabulary,Suffolk Constabulary,1.127872,52.078607,On or near Supermarket,E01029976,Ipswich 002D,Shoplifting,Investigation complete; no suspect identified,
804a5a0ccb08e458467cead55389e5918760a38f8956ee9bd4af3852fdb5e354,2026-04,Suffolk Constabulary,Suffolk Constabulary,1.126865,52.078813,On or near Meredith Road,E01029976,Ipswich 002D,Shoplifting,Unable to prosecute suspect,
0291fc2d03a1e9d64191730414e1ec345535c3759bd5c782505e90a0ed52ee1d,2026-04,Suffolk Constabulary,Suffolk Constabulary,1.127872,52.078607,On or near Supermarket,E01029976,Ipswich 002D,Shoplifting,Under investigation,
a9c9917c026530ed08589871bae49072574a9ef4296ba6ebb46cd11f47f9f48b,2026-04,Suffolk Constabulary,Suffolk Constabulary,1.126865,52.078813,On or near Meredith Road,E01029976,Ipswich 002D,Shoplifting,Under investigation,
fbfe15e4920ca93755ff3de80ae4b652f4a71cb3eac53e1aeab7525583e6e07a,2026-04,Suffolk Constabulary,Suffolk Constabulary,1.126865,52.078813,On or near Meredith Road,E01029976,Ipswich 002D,Shoplifting,Awaiting court outcome,
c71f7cf2b2dd84eb0dc27dc4b54539d75959ea8d660efad9460ed1c0e4477fc2,2026-04,Suffolk Constabulary,Suffolk Constabulary,1.126865,52.078813,On or near Meredith Road,E01029976,Ipswich 002D,Shoplifting,Awaiting court outcome,
966cdf8e716b7c82ecea17f8a08c1c3bd8ca833bc1cbd70e5161d159f105a9bd,2026-04,Suffolk Constabulary,Suffolk Constabulary,1.127872,52.078607,On or near Supermarket,E01029976,Ipswich 002D,Shoplifting,Awaiting court outcome,
57bde55cd4b23dab855afcb27ba1e5786aadad2688ba24418bc957d63f9bbddb,2026-04,Suffolk Constabulary,Suffolk Constabulary,1.126865,52.078813,On or near Meredith Road,E01029976,Ipswich 002D,Shoplifting,Investigation complete; no suspect identified,
bc8232761496362df129529c6f021bf811d3fe2e12e15d9cfd025f035b4ae5fc,2026-04,Suffolk Constabulary,Suffolk Constabulary,1.130443,52.076964,On or near Chesterfield Drive,E01029976,Ipswich 002D,Vehicle crime,Investigation complete; no suspect identified,
9478dcb0828ce44add4668c11ac19a056556939c99d0c360aa1e32498a16ff64,2026-04,Suffolk Constabulary,Suffolk Constabulary,1.127872,52.078607,On or near Supermarket,E01029976,Ipswich 002D,Violence and sexual offences,Under investigation,
8cdffca9fa3a74ef71c99f56021d6b6cb3f7e62b33d76a504689e6985251b7ab,2026-04,Suffolk Constabulary,Suffolk Constabulary,1.130444,52.075732,On or near Highfield Road,E01029976,Ipswich 002D,Violence and sexual offences,Under investigation,
9eb45a8ac8b5ee6552bc1e9266b52880214a4bb962ce645b5fd0e488a80502aa,2026-04,Suffolk Constabulary,Suffolk Constabulary,1.130443,52.076964,On or near Chesterfield Drive,E01029976,Ipswich 002D,Violence and sexual offences,Under investigation,
8000b4b55ff2ab4d09fdb406a582a95fbfc305683d47c9dbfed0e97d64223089,2026-04,Suffolk Constabulary,Suffolk Constabulary,1.137649,52.071700,On or near Silverdale Close,E01029977,Ipswich 002E,Violence and sexual offences,Under investigation,
7718dff4b350388e3b77f45e01895f1d1e4c364f49e1b75336b6224794a71764,2026-04,Suffolk Constabulary,Suffolk Constabulary,1.137649,52.071700,On or near Silverdale Close,E01029977,Ipswich 002E,Violence and sexual offences,Unable to prosecute suspect,
,2026-04,Suffolk Constabulary,Suffolk Constabulary,1.123616,52.067199,On or near Dandalan Close,E01030027,Ipswich 003A,Anti-social behaviour,,
,2026-04,Suffolk Constabulary,Suffolk Constabulary,1.119592,52.066847,On or near Jovian Way,E01030027,Ipswich 003A,Anti-social behaviour,,
33d924c738bc1e58ed455970839e7a3ae3969624bdb4318c86bcaba2e619fab9,2026-04,Suffolk Constabulary,Suffolk Constabulary,1.126032,52.068789,On or near Vincent Close,E01030027,Ipswich 003A,Criminal damage and arson,Investigation complete; no suspect identified,
9ec5c1e319e73ce184ebd2cdb3ed20bf8b23bc2bcdef35e3919b75e1dca05bac,2026-04,Suffolk Constabulary,Suffolk Constabulary,1.126032,52.068789,On or near Vincent Close,E01030027,Ipswich 003A,Other theft,Unable to prosecute suspect,
c3c9fd6f5d8ad1c1aa79bf78cd9ff468f3d4e5d0fc7ee058e9b9a7c3f203d369,2026-04,Suffolk Constabulary,Suffolk Constabulary,1.119421,52.065016,On or near Sproughton Road,E01030027,Ipswich 003A,Other theft,Local resolution,
7ea9490fca7f26cb84221c93434b6cbb948cce12d298d21c070656e4d28098ee,2026-04,Suffolk Constabulary,Suffolk Constabulary,1.120650,52.063392,On or near Supermarket,E01030027,Ipswich 003A,Robbery,Investigation complete; no suspect identified,
8d899e4ec99ad0485f8a0cc1fe63cff949b0af6a7fad893f404a07c512b47bec,2026-04,Suffolk Constabulary,Suffolk Constabulary,1.120650,52.063392,On or near Supermarket,E01030027,Ipswich 003A,Shoplifting,Investigation complete; no suspect identified,
6283915bcf5c84dbf0890df1318ce563bf4157201a55175561033644d68f2172,2026-04,Suffolk Constabulary,Suffolk Constabulary,1.120650,52.063392,On or near Supermarket,E01030027,Ipswich 003A,Shoplifting,Awaiting court outcome,
5c8c7c12a5ba185287d822a5527eb7e3893aba6257e7d61f76ec3458f78d5fe7,2026-04,Suffolk Constabulary,Suffolk Constabulary,1.120650,52.063392,On or near Supermarket,E01030027,Ipswich 003A,Shoplifting,Investigation complete; no suspect identified,
916e25920bce7d4403fdd04dcb39c6d22874a4060293e48f0db221da70696d91,2026-04,Suffolk Constabulary,Suffolk Constabulary,1.122208,52.063971,On or near Boss Hall Road,E01030027,Ipswich 003A,Shoplifting,Investigation complete; no suspect identified,
90e6bdfc4d95fdcd832ad803b15c8f6bddc6c74e3f48340a270b39189f4c5ebd,2026-04,Suffolk Constabulary,Suffolk Constabulary,1.122208,52.063971,On or near Boss Hall Road,E01030027,Ipswich 003A,Shoplifting,Investigation complete; no suspect identified,
96135ec190e89c7eb360215507338f23025b3a045821bc981c47a96ed5500064,2026-04,Suffolk Constabulary,Suffolk Constabulary,1.120650,52.063392,On or near Supermarket,E01030027,Ipswich 003A,Shoplifting,Investigation complete; no suspect identified,
fdd76c31493c114625af3de06293e35b8ab63b8aab970efc6494a992034f40b0,2026-04,Suffolk Constabulary,Suffolk Constabulary,1.118113,52.066346,On or near Ganymede Close,E01030027,Ipswich 003A,Shoplifting,Investigation complete; no suspect identified,
9f926871cad2216df05adb46a309c4544fcaf3fd174f140bf2d6e3b8516e6260,2026-04,Suffolk Constabulary,Suffolk Constabulary,1.122249,52.065805,On or near Lime Tree Place,E01030027,Ipswich 003A,Violence and sexual offences,Unable to prosecute suspect,
d38d3b8911f813dd99e57d4e259da72a9aa98fd3b254a1c94a63eac121909570,2026-04,Suffolk Constabulary,Suffolk Constabulary,1.123741,52.067735,On or near B1067,E01030027,Ipswich 003A,Violence and sexual offences,Investigation complete; no suspect identified,
7658e22a1a924d4071eb85bb767779fa1c7d3c0942472b3abe04e28444368671,2026-04,Suffolk Constabulary,Suffolk Constabulary,1.125290,52.069654,On or near Wallace Road,E01030027,Ipswich 003A,Violence and sexual offences,Under investigation,
,2026-04,Suffolk Constabulary,Suffolk Constabulary,1.117938,52.069067,On or near Adair Road,E01030028,Ipswich 003B,Anti-social behaviour,,
0b9232e019961c242c6d2e985eac734eaebbed70d349ca7961d1934e2fa42fe8,2026-04,Suffolk Constabulary,Suffolk Constabulary,1.113700,52.073604,On or near Morgan Drive,E01030028,Ipswich 003B,Criminal damage and arson,Investigation complete; no suspect identified,
3fad9a9f99f0a9949203d6b6f4f6986f738e810bcb46f24398b2c0f088185c9b,2026-04,Suffolk Constabulary,Suffolk Constabulary,1.109474,52.071179,On or near River Hill,E01030028,Ipswich 003B,Criminal damage and arson,Investigation complete; no suspect identified,
c3c358d3c109cb6f7f77d4e515af476df2a11d67648826cd6a6da8c88212782b,2026-04,Suffolk Constabulary,Suffolk Constabulary,1.117938,52.069067,On or near Adair Road,E01030028,Ipswich 003B,Other theft,Investigation complete; no suspect identified,
17ce0232253e24ca052db52386e02930c8a87436be52a9300a4970c60cb9412b,2026-04,Suffolk Constabulary,Suffolk Constabulary,1.115416,52.075186,On or near Antrim Road,E01030028,Ipswich 003B,Other theft,Under investigation,
6e0e4d9a850e1b8a316cbd3aeccf5e3797ed2c3d2dfd557cc2d8390e15f3b7a4,2026-04,Suffolk Constabulary,Suffolk Constabulary,1.116131,52.077074,On or near Lovetofts Drive,E01030028,Ipswich 003B,Public order,Under investigation,
84a8a822d3603cce21496ae73c6e6511ee3b02ae3fd584c2bcbe6beb83463d24,2026-04,Suffolk Constabulary,Suffolk Constabulary,1.116569,52.068896,On or near B1067,E01030028,Ipswich 003B,Violence and sexual offences,Under investigation,
fce2d15ddf620277f7943081a7d4a15ffae34668e702a2aaae617b7fc91dadb1,2026-04,Suffolk Constabulary,Suffolk Constabulary,1.117938,52.069067,On or near Adair Road,E01030028,Ipswich 003B,Violence and sexual offences,Unable to prosecute suspect,
98958d51f9a24dfceacb7448cd2f67b2bc4b585a64ef0571ab7c61ba5e0c6d12,2026-04,Suffolk Constabulary,Suffolk Constabulary,1.116569,52.068896,On or near B1067,E01030028,Ipswich 003B,Violence and sexual offences,Unable to prosecute suspect,
1939f37c14646d54ac4828c58c7a62beff555b5b6ec0b541476fabd619ba594c,2026-04,Suffolk Constabulary,Suffolk Constabulary,1.109474,52.071179,On or near River Hill,E01030028,Ipswich 003B,Violence and sexual offences,Under investigation,
45dcb7b0491b4284c910d9d4ec0f536a8b1161a871b97ad1ccd563ee6a9f2c39,2026-04,Suffolk Constabulary,Suffolk Constabulary,1.115269,52.070352,On or near Eldred Close,E01030028,Ipswich 003B,Violence and sexual offences,Action to be taken by another organisation,
43062ef514aaef6cbadd2f78f81de645dfd261de9ce828f3d97148c012d3fdc0,2026-04,Suffolk Constabulary,Suffolk Constabulary,1.115416,52.075186,On or near Antrim Road,E01030028,Ipswich 003B,Violence and sexual offences,Unable to prosecute suspect,
528a43bddb3208ed28abb5beea109b3ea8df3e37b906756f9d7d26d01fcb4736,2026-04,Suffolk Constabulary,Suffolk Constabulary,1.116561,52.071307,On or near High View Road,E01030028,Ipswich 003B,Violence and sexual offences,Under investigation,
,2026-04,Suffolk Constabulary,Suffolk Constabulary,1.118062,52.074415,On or near Mcclure Way,E01030029,Ipswich 003C,Anti-social behaviour,,
eaf1e63359a8c0910cb1a4dda9281528b0d250d3ac607f567692bacad425137d,2026-04,Suffolk Constabulary,Suffolk Constabulary,1.118153,52.074457,On or near Supermarket,E01030029,Ipswich 003C,Criminal damage and arson,Unable to prosecute suspect,
8b6d1b5d34269ded2dbce242a170ea814cdb97b3475245c935d4ee8ba02457ef,2026-04,Suffolk Constabulary,Suffolk Constabulary,1.121514,52.073055,On or near Galway Avenue,E01030029,Ipswich 003C,Criminal damage and arson,Investigation complete; no suspect identified,
5edfebec74cf565e248d4930311bbbcf4533d19442519d4579cae90fe22d4d21,2026-04,Suffolk Constabulary,Suffolk Constabulary,1.128886,52.073076,On or near Lister Road,E01030029,Ipswich 003C,Other theft,Under investigation,
8e629bcc0ab8a81f5ee1d0df2f80c893381d7da839e46eb716236d546a50f523,2026-04,Suffolk Constabulary,Suffolk Constabulary,1.121514,52.073055,On or near Galway Avenue,E01030029,Ipswich 003C,Public order,Investigation complete; no suspect identified,
880eb0d5b75e8294967c47d5aafb2cd9e5435bf8cedbef1f5d2f5a0b435e7322,2026-04,Suffolk Constabulary,Suffolk Constabulary,1.118153,52.074457,On or near Supermarket,E01030029,Ipswich 003C,Public order,Unable to prosecute suspect,
33b868ef3001aede80cb4dae4e3f34c485501348016a205567ca896c7a2c00ba,2026-04,Suffolk Constabulary,Suffolk Constabulary,1.121514,52.073055,On or near Galway Avenue,E01030029,Ipswich 003C,Robbery,Unable to prosecute suspect,
fa6d104d8fc6fbc345411178d15c84337b76f343ca602cae7c43f41ca58cbf13,2026-04,Suffolk Constabulary,Suffolk Constabulary,1.118153,52.074457,On or near Supermarket,E01030029,Ipswich 003C,Shoplifting,Investigation complete; no suspect identified,
b16f3dbbd0dca8c94cd473a36bb5e3134620fa83767a169dac25bf540e207732,2026-04,Suffolk Constabulary,Suffolk Constabulary,1.118153,52.074457,On or near Supermarket,E01030029,Ipswich 003C,Shoplifting,Investigation complete; no suspect identified,
46ec928425ebec9f5be6c1e226724548575a8e76c8ddd7db58087ac88ad57ba8,2026-04,Suffolk Constabulary,Suffolk Constabulary,1.116919,52.075605,On or near Kerry Avenue,E01030029,Ipswich 003C,Vehicle crime,Investigation complete; no suspect identified,
4fe5a3929eb132ed547bba8f95eab1fcd59f9a90d5e14f85fa99b40cdea85575,2026-04,Suffolk Constabulary,Suffolk Constabulary,1.121514,52.073055,On or near Galway Avenue,E01030029,Ipswich 003C,Violence and sexual offences,Unable to prosecute suspect,
a0dc067ad190afdd9f054c51f39de1ce9956ce16f0b264eaa810814cc2670a01,2026-04,Suffolk Constabulary,Suffolk Constabulary,1.118528,52.076066,On or near Wexford Road,E01030029,Ipswich 003C,Violence and sexual offences,Under investigation,
5e4ce36706510290fb2560ff59ad72851161be1a520ddd846ccaf7a05d0e0e59,2026-04,Suffolk Constabulary,Suffolk Constabulary,1.118528,52.076066,On or near Wexford Road,E01030029,Ipswich 003C,Violence and sexual offences,Unable to prosecute suspect,
349b8ffb8026c8f81cb33203c3a6da58cbc1158cf4e86bf88bbd2f1571d99457,2026-04,Suffolk Constabulary,Suffolk Constabulary,1.121514,52.073055,On or near Galway Avenue,E01030029,Ipswich 003C,Violence and sexual offences,Unable to prosecute suspect,
28b7cfd0b369ec74e8e9a2e6e1564c1cbc120887fabb5a4a0a8d7b2c9661d4a0,2026-04,Suffolk Constabulary,Suffolk Constabulary,1.121514,52.073055,On or near Galway Avenue,E01030029,Ipswich 003C,Violence and sexual offences,Unable to prosecute suspect,
7e131b14fb5b9a18ea105bc68a7297b31c2a1d3877e6a640d4f44dd53faba305,2026-04,Suffolk Constabulary,Suffolk Constabulary,1.118153,52.074457,On or near Supermarket,E01030029,Ipswich 003C,Violence and sexual offences,Unable to prosecute suspect,
519f96f0c154ec0ca19b32bdcf38bcbde96d519d33cdad03eb99c75ed46753b9,2026-04,Suffolk Constabulary,Suffolk Constabulary,1.121514,52.073055,On or near Galway Avenue,E01030029,Ipswich 003C,Violence and sexual offences,Under investigation,
e4766e89e9a34b93e442eabbde4041ad24b493086af5a284a446c9cc1905bfd2,2026-04,Suffolk Constabulary,Suffolk Constabulary,1.121514,52.073055,On or near Galway Avenue,E01030029,Ipswich 003C,Violence and sexual offences,Action to be taken by another organisation,
2c6c6eacd01886fd6455c5858e41d174a19c251258c9c90d6a0b8d4fdc26c0ab,2026-04,Suffolk Constabulary,Suffolk Constabulary,1.121514,52.073055,On or near Galway Avenue,E01030029,Ipswich 003C,Violence and sexual offences,Under investigation,
071d9c50a1eb7e32944571f806925f6587d99a6231bda8bd9dc48b87ead513e9,2026-04,Suffolk Constabulary,Suffolk Constabulary,1.118528,52.076066,On or near Wexford Road,E01030029,Ipswich 003C,Other crime,Unable to prosecute suspect,
,2026-04,Suffolk Constabulary,Suffolk Constabulary,1.120870,52.070725,On or near Bennett Road,E01030030,Ipswich 003D,Anti-social behaviour,,
ed97516ee8a9e286580fb616455c51b9cbca31286478d91d6e2ca651318346be,2026-04,Suffolk Constabulary,Suffolk Constabulary,1.120870,52.070725,On or near Bennett Road,E01030030,Ipswich 003D,Other theft,Investigation complete; no suspect identified,
b5a27cf51fb72007c662d220f363b823470f4fe75a01833144ba22189c1f8fb0,2026-04,Suffolk Constabulary,Suffolk Constabulary,1.118602,52.067089,On or near Saturn Road,E01030030,Ipswich 003D,Violence and sexual offences,Awaiting court outcome,
32c5ca6fee0ca5e8f169ab1b3cae4ebb5605b7b7b3272310b2be514537fb15fb,2026-04,Suffolk Constabulary,Suffolk Constabulary,1.120870,52.070725,On or near Bennett Road,E01030030,Ipswich 003D,Violence and sexual offences,Action to be taken by another organisation,
fd833f93edcdeba3f82e5e0df382054a0ecc37db35a369f9abc94f263ca0515c,2026-04,Suffolk Constabulary,Suffolk Constabulary,1.121658,52.069886,On or near Shafto Road,E01030030,Ipswich 003D,Violence and sexual offences,Action to be taken by another organisation,
979851e98cc5f8a399e36f3ea9460a717d2aa066ff1f9ba33d72638d12eda26d,2026-04,Suffolk Constabulary,Suffolk Constabulary,1.120870,52.070725,On or near Bennett Road,E01030030,Ipswich 003D,Violence and sexual offences,Action to be taken by another organisation,
0a2612b8c91a5d30b64ff12ef4c5dac84c0ac6e6cdc476927051f3c06ddc7420,2026-04,Suffolk Constabulary,Suffolk Constabulary,1.120870,52.070725,On or near Bennett Road,E01030030,Ipswich 003D,Violence and sexual offences,Unable to prosecute suspect,
2176270e12fa8bdeff21fa27dcd752c5a27729402a7b27bc152157cc6d092fb0,2026-04,Suffolk Constabulary,Suffolk Constabulary,1.118602,52.067089,On or near Saturn Road,E01030030,Ipswich 003D,Violence and sexual offences,Awaiting court outcome,
eaa2e314ae877fd33db1df3f86932f2dda2ade79bfa72ef97f1f2d2cbe61d831,2026-04,Suffolk Constabulary,Suffolk Constabulary,1.118602,52.067089,On or near Saturn Road,E01030030,Ipswich 003D,Violence and sexual offences,Awaiting court outcome,
cf2270bf47f6110402a7a9c5204df442e15a6bbf2e6f6c08a93535611f12b124,2026-04,Suffolk Constabulary,Suffolk Constabulary,1.120870,52.070725,On or near Bennett Road,E01030030,Ipswich 003D,Violence and sexual offences,Investigation complete; no suspect identified,
3803da81a69a720d0aeb35959caa745ad8ce64e85a0be660cbaee3ac0c78a6d3,2026-04,Suffolk Constabulary,Suffolk Constabulary,1.120870,52.070725,On or near Bennett Road,E01030030,Ipswich 003D,Violence and sexual offences,Action to be taken by another organisation,
,2026-04,Suffolk Constabulary,Suffolk Constabulary,1.113560,52.085210,On or near Petrol Station,E01030031,Ipswich 003E,Anti-social behaviour,,
,2026-04,Suffolk Constabulary,Suffolk Constabulary,1.123159,52.079469,On or near Limerick Close,E01030031,Ipswich 003E,Anti-social behaviour,,
87264af2627002b341c5ceecad857fa733419bb39ebf21d95228940f70dffb27,2026-04,Suffolk Constabulary,Suffolk Constabulary,1.112053,52.081805,On or near Egerton Road,E01030031,Ipswich 003E,Criminal damage and arson,Under investigation,
6efd4136299fec2e19c0faa54dfb941191fc0dbc99e75e4a9c04411355933706,2026-04,Suffolk Constabulary,Suffolk Constabulary,1.123159,52.079469,On or near Limerick Close,E01030031,Ipswich 003E,Other theft,Investigation complete; no suspect identified,
f6e28085b9c0e9011bb6d4f161af68de2c545debb6595a4c33ce2546f10b1e4e,2026-04,Suffolk Constabulary,Suffolk Constabulary,1.114123,52.084080,On or near Supermarket,E01030031,Ipswich 003E,Public order,Unable to prosecute suspect,
3618ed1867e8a2607a51606784d9a488d5e3c65dbf9ab15f5e63ba697a20fa80,2026-04,Suffolk Constabulary,Suffolk Constabulary,1.119079,52.078318,On or near Tyrone Close,E01030031,Ipswich 003E,Violence and sexual offences,Unable to prosecute suspect,
691578d0bec76b94f21d81bc49ad6bb80e33795e21dbf5980718aaca878da80e,2026-04,Suffolk Constabulary,Suffolk Constabulary,1.120569,52.077496,On or near Waterford Road,E01030031,Ipswich 003E,Violence and sexual offences,Action to be taken by another organisation,
ac08714c0e67e0d4b5f2c83c4188ff29e3881f5c19e7c832c413cf635c1f1faf,2026-04,Suffolk Constabulary,Suffolk Constabulary,1.118213,52.076992,On or near Kildare Avenue,E01030031,Ipswich 003E,Violence and sexual offences,Under investigation,
2abbae5c65765aade0abb1be616194f4f1b0e31dcbb2aff7e12443cf674896cc,2026-04,Suffolk Constabulary,Suffolk Constabulary,1.176582,52.066276,On or near Beverley Road,E01029997,Ipswich 004A,Criminal damage and arson,Under investigation,
,2026-04,Suffolk Constabulary,Suffolk Constabulary,1.195769,52.068473,On or near Dumbarton Road,E01029998,Ipswich 004B,Anti-social behaviour,,
c3f92ed2cd8c8cafea3b40903b5562266de9c56a26f4700236fddd261775d68d,2026-04,Suffolk Constabulary,Suffolk Constabulary,1.192700,52.068422,On or near Supermarket,E01029998,Ipswich 004B,Shoplifting,Investigation complete; no suspect identified,
b5fd5ee89dee978d027f5f5cfea3a4f7796838253d593366ea6d0e0c2c7f488b,2026-04,Suffolk Constabulary,Suffolk Constabulary,1.194220,52.069064,On or near Selkirk Road,E01029998,Ipswich 004B,Theft from the person,Action to be taken by another organisation,
8b247ffb56f5fa5f6924b8d05db6818d7d4042cbdb0c29fedf04e9cc00cdd132,2026-04,Suffolk Constabulary,Suffolk Constabulary,1.191040,52.067855,On or near Cromarty Road,E01029998,Ipswich 004B,Violence and sexual offences,Action to be taken by another organisation,
4a032b8a8cf5f3ef16a3289a52399be6ab5bab1d0a9db39afd7da3e51c8fba82,2026-04,Suffolk Constabulary,Suffolk Constabulary,1.191552,52.068894,On or near Renfrew Road,E01029998,Ipswich 004B,Violence and sexual offences,Unable to prosecute suspect,
66f6c3eed8c3a81c91d754f4d5099e29d6d5e67774c28e94750a977cdbda4b43,2026-04,Suffolk Constabulary,Suffolk Constabulary,1.191040,52.067855,On or near Cromarty Road,E01029998,Ipswich 004B,Violence and sexual offences,Action to be taken by another organisation,
d909a9b9747947272486e6fb22132be09f7ad1dbd5b5e153b27611ff158145cc,2026-04,Suffolk Constabulary,Suffolk Constabulary,1.182546,52.063543,On or near Roundwood Road,E01029999,Ipswich 004C,Public order,Unable to prosecute suspect,
86320eda5d11c2c55b9c747a5d74095538c91d3e995341eda9532c638d572e39,2026-04,Suffolk Constabulary,Suffolk Constabulary,1.190636,52.067308,On or near Caithness Close,E01029999,Ipswich 004C,Violence and sexual offences,Unable to prosecute suspect,
0af9c4a55e8977d7cf1f521f79a68b9bb895000ea38bd62da7826c6e3bc21a38,2026-04,Suffolk Constabulary,Suffolk Constabulary,1.178483,52.062636,On or near Allington Close,E01030000,Ipswich 004D,Burglary,Under investigation,
600164594a81462838a73c66bfa6f20c8a1b6246cf5ff40694e5d37eda9f085c,2026-04,Suffolk Constabulary,Suffolk Constabulary,1.172378,52.064609,On or near Belvedere Road,E01030000,Ipswich 004D,Violence and sexual offences,Under investigation,
,2026-04,Suffolk Constabulary,Suffolk Constabulary,1.181554,52.070315,On or near Griffiths Close,E01030001,Ipswich 004E,Anti-social behaviour,,
1bcb1c2872406ec56f36f3b4b6f91988054eaf8e2f47d89c2fc0d4317bcd7215,2026-04,Suffolk Constabulary,Suffolk Constabulary,1.177950,52.070323,On or near Supermarket,E01030001,Ipswich 004E,Criminal damage and arson,Unable to prosecute suspect,
ef97b562eae5db156079a63527f18977cf3e78ccec5a327d2a48661479fdded4,2026-04,Suffolk Constabulary,Suffolk Constabulary,1.185869,52.074345,On or near Inverness Road,E01030001,Ipswich 004E,Other theft,Action to be taken by another organisation,
553b40b9bdde7e0b523ac78c2d6c238586f2ff539e3a50f6e3b167097fa4774c,2026-04,Suffolk Constabulary,Suffolk Constabulary,1.183224,52.069991,On or near Orkney Road,E01030001,Ipswich 004E,Public order,Unable to prosecute suspect,
12e03871217bde1a7a9c992ad97e33a98de217acc53156c4b75273d4b766a31a,2026-04,Suffolk Constabulary,Suffolk Constabulary,1.177950,52.070323,On or near Supermarket,E01030001,Ipswich 004E,Shoplifting,Awaiting court outcome,
e79eeb215916b1c0e32df10ba4ca7956328ac1ca86d7b9cfe2c85e88b0b97135,2026-04,Suffolk Constabulary,Suffolk Constabulary,1.177818,52.071549,On or near Ely Road,E01030001,Ipswich 004E,Vehicle crime,Under investigation,
74d13075bb20c452c78664994d20e3d4a1339010b2a0b5c44d879312fbed44af,2026-04,Suffolk Constabulary,Suffolk Constabulary,1.186186,52.073300,On or near Sports/Recreation Area,E01030001,Ipswich 004E,Violence and sexual offences,Under investigation,
c05c135d39a1be99ac6b0c1a2c25761ddcfc5d49738e1b683b8183ebc2ac1163,2026-04,Suffolk Constabulary,Suffolk Constabulary,1.180983,52.070079,On or near Willis Crescent,E01030001,Ipswich 004E,Violence and sexual offences,Under investigation,
cb7f20e4ca15f3a1116598a3273a290beb1e08e5334f07fcd08c9ad3a21f180c,2026-04,Suffolk Constabulary,Suffolk Constabulary,1.186059,52.072091,On or near Fairlight Close,E01030001,Ipswich 004E,Violence and sexual offences,Offender given a caution,
18caf45a937a91638ae0e1c5998face081f85aa269beedecf2afcef97f2c2703,2026-04,Suffolk Constabulary,Suffolk Constabulary,1.165500,52.063310,On or near Tuddenham Avenue,E01030007,Ipswich 005A,Criminal damage and arson,Under investigation,
cbad917689969dc3b4adc1e07a5bf0f849a711cebd1149d539a3c764cc6d84b4,2026-04,Suffolk Constabulary,Suffolk Constabulary,1.160207,52.063560,On or near Parkside Avenue,E01030007,Ipswich 005A,Drugs,Local resolution,
722f3d9916ecb1a4af216b027383ff267bffc17733b22bdb511161f4beb18253,2026-04,Suffolk Constabulary,Suffolk Constabulary,1.166562,52.062436,On or near Bransby Gardens,E01030007,Ipswich 005A,Drugs,Local resolution,
a80c4d04f4936aca8a649110187180ae62b7e256ab39a4eba590ca2ecebf40f8,2026-04,Suffolk Constabulary,Suffolk Constabulary,1.160207,52.063560,On or near Parkside Avenue,E01030007,Ipswich 005A,Other theft,Investigation complete; no suspect identified,
fcc0052fb6f3cc15a330d356b19dd3f8ff6a35a63514e0dab4a559374e5fbcf7,2026-04,Suffolk Constabulary,Suffolk Constabulary,1.161418,52.065003,On or near George Frost Close,E01030007,Ipswich 005A,Vehicle crime,Investigation complete; no suspect identified,
38e2f715b14312e71931ce8cabf2b717c468d19cf39776fc1907b1eead404dd9,2026-04,Suffolk Constabulary,Suffolk Constabulary,1.161418,52.065003,On or near George Frost Close,E01030007,Ipswich 005A,Vehicle crime,Investigation complete; no suspect identified,
45da65b16b8a744681d56211a4fc9f00823d4a43ecdc833bfc587b754b7b7061,2026-04,Suffolk Constabulary,Suffolk Constabulary,1.164206,52.063579,On or near Vermont Crescent,E01030007,Ipswich 005A,Vehicle crime,Investigation complete; no suspect identified,
f9cafbb56c231f4735baedca1701271006a099024a84db60e2808f28fdfd87a0,2026-04,Suffolk Constabulary,Suffolk Constabulary,1.166003,52.060301,On or near Finchley Road,E01030007,Ipswich 005A,Violence and sexual offences,Unable to prosecute suspect,
ed35ff3211225f552400c3ad4c85471aa1f5ba309d7093b39683c6b834d5576a,2026-04,Suffolk Constabulary,Suffolk Constabulary,1.162143,52.065766,On or near Gainsborough Road,E01030007,Ipswich 005A,Violence and sexual offences,Unable to prosecute suspect,
b21df78dded1a0d322fb46af39ceff9ef3d01378bce40ead9175ba4164b8474f,2026-04,Suffolk Constabulary,Suffolk Constabulary,1.162143,52.065766,On or near Gainsborough Road,E01030007,Ipswich 005A,Violence and sexual offences,Under investigation,
18012554c0ebf1ec0f18443bb5e48c009abf3c5c2d5b2a16a846c3b09c24d5f0,2026-04,Suffolk Constabulary,Suffolk Constabulary,1.160207,52.063560,On or near Parkside Avenue,E01030007,Ipswich 005A,Violence and sexual offences,Unable to prosecute suspect,
b642cf38573ca442b60583ad6a25518d4d91c3882886bb2f74fdc4c09ba666e6,2026-04,Suffolk Constabulary,Suffolk Constabulary,1.162143,52.065766,On or near Gainsborough Road,E01030007,Ipswich 005A,Violence and sexual offences,Unable to prosecute suspect,
aea9044d7523520d28918b4ed2c6f6008deb8a5e75b74df34e02ad774cac9dc1,2026-04,Suffolk Constabulary,Suffolk Constabulary,1.168395,52.061937,On or near Meridian Rise,E01030007,Ipswich 005A,Violence and sexual offences,Unable to prosecute suspect,
e6afa366ec09ea4323f9a2fd52fdbcc03ccb7df967f536d2f7af34c3c8fd822f,2026-04,Suffolk Constabulary,Suffolk Constabulary,1.165500,52.063310,On or near Tuddenham Avenue,E01030007,Ipswich 005A,Violence and sexual offences,Offender given a caution,
71443db8618645a9b7c9b7832e5e2f3883cfc70813acc6ea992a989652ecd189,2026-04,Suffolk Constabulary,Suffolk Constabulary,1.166428,52.060947,On or near Hayhill Road,E01030007,Ipswich 005A,Violence and sexual offences,Unable to prosecute suspect,
,2026-04,Suffolk Constabulary,Suffolk Constabulary,1.140205,52.066533,On or near Westwood Avenue,E01030009,Ipswich 005C,Anti-social behaviour,,
f1b3ff0cf38c9faf16cc5d9e268d3891d4d9631d515b665f98dab90465195d8c,2026-04,Suffolk Constabulary,Suffolk Constabulary,1.140205,52.066533,On or near Westwood Avenue,E01030009,Ipswich 005C,Other theft,Unable to prosecute suspect,
3173816433c93efb6fb8dd383ffae9297f532c2c03e4772665aa00b28bacf2c0,2026-04,Suffolk Constabulary,Suffolk Constabulary,1.139757,52.067426,On or near Broom Hill Road,E01030009,Ipswich 005C,Violence and sexual offences,Under investigation,
6f463fd33cf766a6528e90831fd007a198788c8e3878ddd64b13c7a5793a62f8,2026-04,Suffolk Constabulary,Suffolk Constabulary,1.151435,52.063543,On or near Theatre/Concert Hall,E01030009,Ipswich 005C,Violence and sexual offences,Investigation complete; no suspect identified,
,2026-04,Suffolk Constabulary,Suffolk Constabulary,1.162630,52.061103,On or near Hervey Street,E01030010,Ipswich 005D,Anti-social behaviour,,
34ce3102b4e2a37390a5bfb94dbeaf62fd4fb6fbeffff71dd73d18b736202b88,2026-04,Suffolk Constabulary,Suffolk Constabulary,1.160290,52.058332,On or near Cobden Place,E01030010,Ipswich 005D,Burglary,Under investigation,
22caa669ffc2abeb74231e73af27262fcc668b8c045d497d112b3d65bb3d3743,2026-04,Suffolk Constabulary,Suffolk Constabulary,1.165244,52.060718,On or near Cemetery Road,E01030010,Ipswich 005D,Criminal damage and arson,Under investigation,
b5cc72ead37127a4c25b4009759fec41d35f158858d909442bf23f72639d0421,2026-04,Suffolk Constabulary,Suffolk Constabulary,1.165244,52.060718,On or near Cemetery Road,E01030010,Ipswich 005D,Criminal damage and arson,Under investigation,
1ba450c9e020513f78a979ed6e96368daa52dcd61fd80a191f3275144c6f0fc5,2026-04,Suffolk Constabulary,Suffolk Constabulary,1.160970,52.059285,On or near Cobbold Mews,E01030010,Ipswich 005D,Possession of weapons,Awaiting court outcome,
aa55608b2c11c036ec7ea82a6acc3c77d3bbd09de3c4cef5b62058f90cc2aed0,2026-04,Suffolk Constabulary,Suffolk Constabulary,1.159379,52.060515,On or near Bolton Lane,E01030010,Ipswich 005D,Public order,Investigation complete; no suspect identified,
c16583bc44cf2b806e3389994f43bac360f4701915f63de983d14bceb6512841,2026-04,Suffolk Constabulary,Suffolk Constabulary,1.159379,52.060515,On or near Bolton Lane,E01030010,Ipswich 005D,Violence and sexual offences,Unable to prosecute suspect,
65d3a29bf897e0e48214e2454cd40aab5904492e86ad617148e9eea278df5a82,2026-04,Suffolk Constabulary,Suffolk Constabulary,1.159379,52.060515,On or near Bolton Lane,E01030010,Ipswich 005D,Violence and sexual offences,Investigation complete; no suspect identified,
60993546457c18000c884eec865cf7443cd66c868ad86e49b9855c23358a7cdc,2026-04,Suffolk Constabulary,Suffolk Constabulary,1.162726,52.063079,On or near Vermont Road,E01030010,Ipswich 005D,Violence and sexual offences,Unable to prosecute suspect,
8c432e553f70d2cfb70c763790a582af86fabc42e0090d0b116bb68b7f9c2823,2026-04,Suffolk Constabulary,Suffolk Constabulary,1.159379,52.060515,On or near Bolton Lane,E01030010,Ipswich 005D,Violence and sexual offences,Unable to prosecute suspect,
0cfd23304be7e41465dd5c510f0db33ae1d34b8ae32d626f5f1f623a47f86248,2026-04,Suffolk Constabulary,Suffolk Constabulary,1.159379,52.060515,On or near Bolton Lane,E01030010,Ipswich 005D,Violence and sexual offences,Investigation complete; no suspect identified,
5390124c9cce195e37136bd28eab9bc9d1ff969f80dd380d8fd81a57bafa0275,2026-04,Suffolk Constabulary,Suffolk Constabulary,1.159379,52.060515,On or near Bolton Lane,E01030010,Ipswich 005D,Violence and sexual offences,Unable to prosecute suspect,
6ae2c7448237376c5e22d6ea4a5e46dd8e42d7f283d5afeae8e1333fab362bd9,2026-04,Suffolk Constabulary,Suffolk Constabulary,1.159379,52.060515,On or near Bolton Lane,E01030010,Ipswich 005D,Violence and sexual offences,Unable to prosecute suspect,
3504bdd2e7b4b7b638a2c5a44b7dd0a06167bf2b0cd9231822bb7be2b5ffb292,2026-04,Suffolk Constabulary,Suffolk Constabulary,1.159379,52.060515,On or near Bolton Lane,E01030010,Ipswich 005D,Violence and sexual offences,Under investigation,
5af10ea8a797e5cd1562bc1810801406c1fc79dd5b36ba2976a3d92c80a3a9d5,2026-04,Suffolk Constabulary,Suffolk Constabulary,1.162388,52.058501,On or near Blanche Street,E01030010,Ipswich 005D,Violence and sexual offences,Unable to prosecute suspect,
c2241dfdb8a4962ead43a789335193302871bb404c9014098484266e50e2483b,2026-04,Suffolk Constabulary,Suffolk Constabulary,1.159379,52.060515,On or near Bolton Lane,E01030010,Ipswich 005D,Violence and sexual offences,Under investigation,
ca11b8e15805d2de3492e2580b64e8d65d0bbcfb1858d6cf3dfc78295d2e1c35,2026-04,Suffolk Constabulary,Suffolk Constabulary,1.163044,52.058906,On or near Samuel Court,E01030010,Ipswich 005D,Violence and sexual offences,Awaiting court outcome,
d82dd8f128f14b3d4b05fdb4358f46b59b1e32c86c145c14976fdb61a55d5a20,2026-04,Suffolk Constabulary,Suffolk Constabulary,1.162630,52.061103,On or near Hervey Street,E01030010,Ipswich 005D,Violence and sexual offences,Unable to prosecute suspect,
19b1d5afd45b87a2d1edc0d61cbe48452d57cb0fa435f09699a63712e1363e9b,2026-04,Suffolk Constabulary,Suffolk Constabulary,1.163044,52.058906,On or near Samuel Court,E01030010,Ipswich 005D,Violence and sexual offences,Action to be taken by another organisation,
d889563e48f64dd7dd4c4d6da45e7c8a9bcf0d3073fccf93a823258575b52522,2026-04,Suffolk Constabulary,Suffolk Constabulary,1.161386,52.060426,On or near Christchurch Street,E01030010,Ipswich 005D,Other crime,Under investigation,
dbf472f937613d7903d446de22b370195d333770c71716df47e66ef3057d3aa3,2026-04,Suffolk Constabulary,Suffolk Constabulary,1.165404,52.072253,On or near Chelsworth Avenue,E01030011,Ipswich 005E,Other theft,Investigation complete; no suspect identified,
47202ff1af71e3966ff1068b7cae000cee876106e97dbfcc7c5e3cc1a8829ccf,2026-04,Suffolk Constabulary,Suffolk Constabulary,1.175434,52.072306,On or near Dorset Close,E01030011,Ipswich 005E,Vehicle crime,Investigation complete; no suspect identified,
fefe9a85cf4779ecf1cdc444480e1cbea43af2b484bcb4d3e68b55d155d7ac54,2026-04,Suffolk Constabulary,Suffolk Constabulary,1.133109,52.064608,On or near Windsor Road,E01030022,Ipswich 006A,Bicycle theft,Investigation complete; no suspect identified,
b4697ca18be0d440c0e1e4a198c8a49fd8d513a6ee9032a56c014a50cddf2886,2026-04,Suffolk Constabulary,Suffolk Constabulary,1.133441,52.066632,On or near Richmond Road,E01030022,Ipswich 006A,Criminal damage and arson,Investigation complete; no suspect identified,
35b68862993248bb8c56a72d81439af8ba99b5807f80defba2b361dfeda83812,2026-04,Suffolk Constabulary,Suffolk Constabulary,1.133441,52.066632,On or near Richmond Road,E01030022,Ipswich 006A,Criminal damage and arson,Unable to prosecute suspect,
21456cc1916ff53f731ba667c1de1050e423d174e5d4672952ae0ba46552c0f2,2026-04,Suffolk Constabulary,Suffolk Constabulary,1.137873,52.064904,On or near Blenheim Road,E01030022,Ipswich 006A,Other theft,Investigation complete; no suspect identified,
4dd840035d5ddb9971b8bdfe54375143827261811ce9b4b2c75e0165a7585057,2026-04,Suffolk Constabulary,Suffolk Constabulary,1.137383,52.067075,On or near Supermarket,E01030022,Ipswich 006A,Other theft,Under investigation,
7abdcff508eb099fa1e42be8fce0470ae0a971b8c14349e6d38a5ebb0170a371,2026-04,Suffolk Constabulary,Suffolk Constabulary,1.132404,52.067037,On or near Supermarket,E01030022,Ipswich 006A,Possession of weapons,Unable to prosecute suspect,
eb5d6b998ef1b8c20b35eaedce22cd9807bb60c948cf91a712785dc36227baa5,2026-04,Suffolk Constabulary,Suffolk Constabulary,1.132404,52.067037,On or near Supermarket,E01030022,Ipswich 006A,Public order,Under investigation,
2d2f51ad268729d219400a70d8dfbb333bfe934d98d1fc7b2a19e3d1b3156295,2026-04,Suffolk Constabulary,Suffolk Constabulary,1.137383,52.067075,On or near Supermarket,E01030022,Ipswich 006A,Public order,Awaiting court outcome,
322d557e0c00b7adf9d1f0d06d49d4ba2c96c445001dde2e2c69000c6b4710be,2026-04,Suffolk Constabulary,Suffolk Constabulary,1.132404,52.067037,On or near Supermarket,E01030022,Ipswich 006A,Shoplifting,Investigation complete; no suspect identified,
685ceac697b43294a7173e249d235b9576fbe9d6a8d7d30a60f38797a8240527,2026-04,Suffolk Constabulary,Suffolk Constabulary,1.137383,52.067075,On or near Supermarket,E01030022,Ipswich 006A,Shoplifting,Investigation complete; no suspect identified,
5f766ac2949c4fe3b48a2c410aef76ca2d895eeb67a6bd2777bd15c1de02770c,2026-04,Suffolk Constabulary,Suffolk Constabulary,1.137383,52.067075,On or near Supermarket,E01030022,Ipswich 006A,Shoplifting,Awaiting court outcome,
59265d671e956c43a067aa44461a32cda65388270bbe8b8807085e30a4ca36bb,2026-04,Suffolk Constabulary,Suffolk Constabulary,1.132404,52.067037,On or near Supermarket,E01030022,Ipswich 006A,Shoplifting,Awaiting court outcome,
4657e8aad012121dc262714cfb909846fb6a2b9c2e61c4ae395ea8110d11dd9e,2026-04,Suffolk Constabulary,Suffolk Constabulary,1.132404,52.067037,On or near Supermarket,E01030022,Ipswich 006A,Shoplifting,Investigation complete; no suspect identified,
3ea1848b3cf9b38ae1a944e5c0563bab95c083d9d56ae5aa32f9e3b04f8ca4d2,2026-04,Suffolk Constabulary,Suffolk Constabulary,1.137383,52.067075,On or near Supermarket,E01030022,Ipswich 006A,Shoplifting,Awaiting court outcome,
1e242cb475b2262c95c7f03d35d2706baff22444b32300e16785c474418a4cfb,2026-04,Suffolk Constabulary,Suffolk Constabulary,1.137383,52.067075,On or near Supermarket,E01030022,Ipswich 006A,Shoplifting,Awaiting court outcome,
e50b70c8a867ca225837581539b149a2203e432f64c93befe286b9bddcd0e81c,2026-04,Suffolk Constabulary,Suffolk Constabulary,1.137383,52.067075,On or near Supermarket,E01030022,Ipswich 006A,Shoplifting,Investigation complete; no suspect identified,
c26cfbe28213ffd6e8ddd31d15baf42e4264d8ee70ba833060f2a6a9565e3cec,2026-04,Suffolk Constabulary,Suffolk Constabulary,1.137383,52.067075,On or near Supermarket,E01030022,Ipswich 006A,Shoplifting,Investigation complete; no suspect identified,
340060c91f990c0a6a58f88fc37463c6698d880969037211cbb6401d5a8aa4ab,2026-04,Suffolk Constabulary,Suffolk Constabulary,1.132404,52.067037,On or near Supermarket,E01030022,Ipswich 006A,Shoplifting,Awaiting court outcome,
4321dc531900fc2160496b1545df1e0d92acdc40104b76dbd25cdf03f8c63aab,2026-04,Suffolk Constabulary,Suffolk Constabulary,1.137383,52.067075,On or near Supermarket,E01030022,Ipswich 006A,Shoplifting,Investigation complete; no suspect identified,
39cfcfc95e046cfa8f1330bee9ac65ba0211bb2e090cc66d2eade45ff9c3054c,2026-04,Suffolk Constabulary,Suffolk Constabulary,1.137383,52.067075,On or near Supermarket,E01030022,Ipswich 006A,Shoplifting,Awaiting court outcome,
af286eb9849146c717d061265b74f389e09677e4edc45754db2009007f1470b4,2026-04,Suffolk Constabulary,Suffolk Constabulary,1.137383,52.067075,On or near Supermarket,E01030022,Ipswich 006A,Shoplifting,Investigation complete; no suspect identified,
e95c920040f6024ad71ddc6a86e0a65bca0d6009228c5f7f578709453268629f,2026-04,Suffolk Constabulary,Suffolk Constabulary,1.137383,52.067075,On or near Supermarket,E01030022,Ipswich 006A,Shoplifting,Investigation complete; no suspect identified,
f2e3544dc99a43d9876f0a79b54f4dddd180eb6187c63d0d652aa3e85003a690,2026-04,Suffolk Constabulary,Suffolk Constabulary,1.137383,52.067075,On or near Supermarket,E01030022,Ipswich 006A,Shoplifting,Investigation complete; no suspect identified,
7f8837f6c159ba48456ce5ada5c4c77700c8e6d5b1b1063c17d95a09c14a9f37,2026-04,Suffolk Constabulary,Suffolk Constabulary,1.137383,52.067075,On or near Supermarket,E01030022,Ipswich 006A,Shoplifting,Investigation complete; no suspect identified,
ab7e60582c90e866ab63a82be3dc139c3067fc33a93ffa9f6d92cfe404f1d5ff,2026-04,Suffolk Constabulary,Suffolk Constabulary,1.137383,52.067075,On or near Supermarket,E01030022,Ipswich 006A,Shoplifting,Unable to prosecute suspect,
15c2f75e1c3f5cc24cf0616a783110e14153c687ce04111b4c84714bdef8de13,2026-04,Suffolk Constabulary,Suffolk Constabulary,1.137383,52.067075,On or near Supermarket,E01030022,Ipswich 006A,Shoplifting,Investigation complete; no suspect identified,
67c1ab366970402e120e0fa8d8aa7b274c13463256f134eaab72393d30f73f6a,2026-04,Suffolk Constabulary,Suffolk Constabulary,1.132404,52.067037,On or near Supermarket,E01030022,Ipswich 006A,Shoplifting,Investigation complete; no suspect identified,
8a9aec37594ae52206d9694ea79d918b5329d9d3e8aff7fb14bc642d2f3fb82e,2026-04,Suffolk Constabulary,Suffolk Constabulary,1.132404,52.067037,On or near Supermarket,E01030022,Ipswich 006A,Shoplifting,Investigation complete; no suspect identified,
b4fbdb00751fa4b2aef7492c2e5b9875ee979e74714d22fa72cbadc310df06d9,2026-04,Suffolk Constabulary,Suffolk Constabulary,1.132404,52.067037,On or near Supermarket,E01030022,Ipswich 006A,Shoplifting,Investigation complete; no suspect identified,
743c70963e11153c60478cc6cc88ad41f8a5c0767acaeb6d191ffbb02770eca6,2026-04,Suffolk Constabulary,Suffolk Constabulary,1.137383,52.067075,On or near Supermarket,E01030022,Ipswich 006A,Shoplifting,Awaiting court outcome,
558480480c72d7bf02aeb6e2e658b6c93229d80e210e1ec712092996dbc94a6b,2026-04,Suffolk Constabulary,Suffolk Constabulary,1.132404,52.067037,On or near Supermarket,E01030022,Ipswich 006A,Shoplifting,Investigation complete; no suspect identified,
0fc8a3fab89ecfa0b445786aae89b63a0371b11110019a4a3f334364ecfe8e23,2026-04,Suffolk Constabulary,Suffolk Constabulary,1.137383,52.067075,On or near Supermarket,E01030022,Ipswich 006A,Shoplifting,Investigation complete; no suspect identified,
cdb85ebbe54f0ada78c9a750fa15aeb91f0d39a4d8bf3f2befde510c09e05ccd,2026-04,Suffolk Constabulary,Suffolk Constabulary,1.137383,52.067075,On or near Supermarket,E01030022,Ipswich 006A,Shoplifting,Investigation complete; no suspect identified,
2737535c14cacbc6b2975df26e7bf871b3678471790fe6b4e03b656b9235d0c3,2026-04,Suffolk Constabulary,Suffolk Constabulary,1.131340,52.066229,On or near Surbiton Road,E01030022,Ipswich 006A,Violence and sexual offences,Action to be taken by another organisation,
65f3ff21dc12493667dd587e6210786a605cf8efef40932851b874a8b3ca8201,2026-04,Suffolk Constabulary,Suffolk Constabulary,1.134190,52.062951,On or near Beaconsfield Road,E01030022,Ipswich 006A,Violence and sexual offences,Under investigation,
575f8971245c315b9b8713023bd379845da7e36fa10f3f5a25f6804e0adfcde4,2026-04,Suffolk Constabulary,Suffolk Constabulary,1.134751,52.064294,On or near Sallows Close,E01030022,Ipswich 006A,Violence and sexual offences,Investigation complete; no suspect identified,
27d7e06c51529b46abf026458ea6e7797fcb4fe03e32b863fe9e1b0f65608638,2026-04,Suffolk Constabulary,Suffolk Constabulary,1.137383,52.067075,On or near Supermarket,E01030022,Ipswich 006A,Violence and sexual offences,Unable to prosecute suspect,
f14519c6a1d728d6310b8b5679f8814dd38f642f69d312f6467dfb0a83d3a65e,2026-04,Suffolk Constabulary,Suffolk Constabulary,1.131340,52.066229,On or near Surbiton Road,E01030022,Ipswich 006A,Violence and sexual offences,Action to be taken by another organisation,
3030dc5c6ac1d088a26efa9f41ac0fadb0e5c7faa9e2f0f85d9eaec5cc28c346,2026-04,Suffolk Constabulary,Suffolk Constabulary,1.138259,52.064381,On or near Waterloo Road,E01030022,Ipswich 006A,Violence and sexual offences,Under investigation,
e55453036e98fca623342494c6690a1056f140f8f23c5df68f55e9a3ed2976ad,2026-04,Suffolk Constabulary,Suffolk Constabulary,1.138259,52.064381,On or near Waterloo Road,E01030022,Ipswich 006A,Violence and sexual offences,Unable to prosecute suspect,
1ff6c35089ddcd36ba2d0ad1258873d26a12d529a61bd064247eab543483a735,2026-04,Suffolk Constabulary,Suffolk Constabulary,1.138259,52.064381,On or near Waterloo Road,E01030022,Ipswich 006A,Violence and sexual offences,Unable to prosecute suspect,
76571e194ee5c208b351a0b92835faf16f5f08eb82891052391cc906a38b5f1e,2026-04,Suffolk Constabulary,Suffolk Constabulary,1.138259,52.064381,On or near Waterloo Road,E01030022,Ipswich 006A,Violence and sexual offences,Under investigation,
6193398190422894b3c260822d384df5f525447f062b68ed58c2ce2f6d07f862,2026-04,Suffolk Constabulary,Suffolk Constabulary,1.138259,52.064381,On or near Waterloo Road,E01030022,Ipswich 006A,Violence and sexual offences,Under investigation,
fe9a92abc20dcac0b565bc6866b23a68a5d168fc4b140845f4e9b77f0035eab2,2026-04,Suffolk Constabulary,Suffolk Constabulary,1.136898,52.065362,On or near Brooks Hall Road,E01030022,Ipswich 006A,Violence and sexual offences,Unable to prosecute suspect,
,2026-04,Suffolk Constabulary,Suffolk Constabulary,1.136579,52.059759,On or near Shopping Area,E01030023,Ipswich 006B,Anti-social behaviour,,
,2026-04,Suffolk Constabulary,Suffolk Constabulary,1.140253,52.060568,On or near Ainslie Road,E01030023,Ipswich 006B,Anti-social behaviour,,
,2026-04,Suffolk Constabulary,Suffolk Constabulary,1.137827,52.059680,On or near Surrey Road,E01030023,Ipswich 006B,Anti-social behaviour,,
,2026-04,Suffolk Constabulary,Suffolk Constabulary,1.139357,52.061519,On or near Stopford Court,E01030023,Ipswich 006B,Anti-social behaviour,,
6cfb152b80b2936b642e68735bf301592fd42221e3002f11fd65aa7dba04b5fc,2026-04,Suffolk Constabulary,Suffolk Constabulary,1.139357,52.061519,On or near Stopford Court,E01030023,Ipswich 006B,Criminal damage and arson,Investigation complete; no suspect identified,
8ed80638f5eed6abb37fbfd1fc3739635d01f946ed91200701b9fe2abbe02340,2026-04,Suffolk Constabulary,Suffolk Constabulary,1.137040,52.062812,On or near Theatre/Concert Hall,E01030023,Ipswich 006B,Criminal damage and arson,Unable to prosecute suspect,
cdf402bc207a58a51e5cf48181a4ef5c4afdff2e56bc482f8265ee9e1b993c79,2026-04,Suffolk Constabulary,Suffolk Constabulary,1.136579,52.059759,On or near Shopping Area,E01030023,Ipswich 006B,Drugs,Local resolution,
d4e4c45b6404b36502e353447ac7d2bffb64f2406bfed19747148cc66bd8d322,2026-04,Suffolk Constabulary,Suffolk Constabulary,1.137827,52.059680,On or near Surrey Road,E01030023,Ipswich 006B,Other theft,Under investigation,
30da1951555283d8a2cc20f2cdca8cc780ba3334d72c953ba6b576cf64345bc5,2026-04,Suffolk Constabulary,Suffolk Constabulary,1.140253,52.060568,On or near Ainslie Road,E01030023,Ipswich 006B,Other theft,Investigation complete; no suspect identified,
39a5b1ba71aeb99612d2b5f29cb9fa250c41a35f5fa1dbc22a1b1a162b43d4a0,2026-04,Suffolk Constabulary,Suffolk Constabulary,1.137827,52.059680,On or near Surrey Road,E01030023,Ipswich 006B,Other theft,Unable to prosecute suspect,
775bd297f858a658c95de80980bff9fa09175fc2746db6fa4cdf8f2837584132,2026-04,Suffolk Constabulary,Suffolk Constabulary,1.134443,52.061146,On or near Yeoman Close,E01030023,Ipswich 006B,Public order,Investigation complete; no suspect identified,
a552bb1360ae16e954e4634ff66a6e44cc4f5924fbce882c0db0d443fbc4033b,2026-04,Suffolk Constabulary,Suffolk Constabulary,1.138090,52.061759,On or near Sirdar Road,E01030023,Ipswich 006B,Public order,Unable to prosecute suspect,
d0f4c1740da09a6ccdff3b847ba14b0bc6b330d1f2b9c2f1612f6e7620764cfb,2026-04,Suffolk Constabulary,Suffolk Constabulary,1.136579,52.059759,On or near Shopping Area,E01030023,Ipswich 006B,Public order,Awaiting court outcome,
9f536610204d628f4e0c785c2d0a0655cfd3c15a962931737465ea4a068bae8c,2026-04,Suffolk Constabulary,Suffolk Constabulary,1.134443,52.061146,On or near Yeoman Close,E01030023,Ipswich 006B,Public order,Awaiting court outcome,
3ffcc166bdf9c6e0a9e7eff831e898bcefbe4f0c8054f8ab0c7658f17b3be77c,2026-04,Suffolk Constabulary,Suffolk Constabulary,1.136579,52.059759,On or near Shopping Area,E01030023,Ipswich 006B,Shoplifting,Investigation complete; no suspect identified,
a3e36efdd322ecff447be39e12ac4588fe67e4a791f1c22d64cf0b4fe087d05b,2026-04,Suffolk Constabulary,Suffolk Constabulary,1.136579,52.059759,On or near Shopping Area,E01030023,Ipswich 006B,Shoplifting,Awaiting court outcome,
9817c890059a6e6f567dfc684df774a384567d4cdded00066175f0162620893a,2026-04,Suffolk Constabulary,Suffolk Constabulary,1.138679,52.062247,On or near Prospect Road,E01030023,Ipswich 006B,Shoplifting,Investigation complete; no suspect identified,
5d5827db2eea653032b70e32a9bd4f469e9235b97c3bf4337549008feb46a44c,2026-04,Suffolk Constabulary,Suffolk Constabulary,1.140253,52.060568,On or near Ainslie Road,E01030023,Ipswich 006B,Violence and sexual offences,Unable to prosecute suspect,
86428a75b937e64befb7200af879ebb83da5b18ad223c331ec89002910d8f6d5,2026-04,Suffolk Constabulary,Suffolk Constabulary,1.138679,52.062247,On or near Prospect Road,E01030023,Ipswich 006B,Violence and sexual offences,Under investigation,
180e32175b10fc49ab64d587d280a531aff6c355180a5786faa4f44d8442e92d,2026-04,Suffolk Constabulary,Suffolk Constabulary,1.138679,52.062247,On or near Prospect Road,E01030023,Ipswich 006B,Violence and sexual offences,Unable to prosecute suspect,
2f98191780fb94e51bb0acf7aae0f42d61b8b1942eee2375fed84bd692e5f865,2026-04,Suffolk Constabulary,Suffolk Constabulary,1.140253,52.060568,On or near Ainslie Road,E01030023,Ipswich 006B,Violence and sexual offences,Unable to prosecute suspect,
e4560535db8087254c47d69e51800464890922fee3fb78cbf8e8ae8cfeb750f4,2026-04,Suffolk Constabulary,Suffolk Constabulary,1.137827,52.059680,On or near Surrey Road,E01030023,Ipswich 006B,Violence and sexual offences,Unable to prosecute suspect,
012feba9b464d1156e9e5492c2806c21e868157d7f28c8956d65049f51992ff6,2026-04,Suffolk Constabulary,Suffolk Constabulary,1.134443,52.061146,On or near Yeoman Close,E01030023,Ipswich 006B,Violence and sexual offences,Action to be taken by another organisation,
23bafd58002d43ebb8f6f61b20eeec0967ce3ce0829ebf9c3cfd11068f8b02b7,2026-04,Suffolk Constabulary,Suffolk Constabulary,1.137827,52.059680,On or near Surrey Road,E01030023,Ipswich 006B,Violence and sexual offences,Unable to prosecute suspect,
,2026-04,Suffolk Constabulary,Suffolk Constabulary,1.145639,52.060595,On or near Supermarket,E01030024,Ipswich 006C,Anti-social behaviour,,
,2026-04,Suffolk Constabulary,Suffolk Constabulary,1.140202,52.061496,On or near Rendlesham Road,E01030024,Ipswich 006C,Anti-social behaviour,,
,2026-04,Suffolk Constabulary,Suffolk Constabulary,1.145917,52.061631,On or near Gymnasium Street,E01030024,Ipswich 006C,Anti-social behaviour,,
,2026-04,Suffolk Constabulary,Suffolk Constabulary,1.143727,52.060575,On or near Clarkson Street,E01030024,Ipswich 006C,Anti-social behaviour,,
,2026-04,Suffolk Constabulary,Suffolk Constabulary,1.140202,52.061496,On or near Rendlesham Road,E01030024,Ipswich 006C,Anti-social behaviour,,
26ccc9f96e3589d5631e676e93f712fcf09c6f5cd5f7872d3d3bd509738d4cee,2026-04,Suffolk Constabulary,Suffolk Constabulary,1.145639,52.060595,On or near Supermarket,E01030024,Ipswich 006C,Bicycle theft,Investigation complete; no suspect identified,
02ac4ed0dd3ae0218358f3f76e8ffa28c619ba5e6dab883149de5d1cf9822973,2026-04,Suffolk Constabulary,Suffolk Constabulary,1.141924,52.060883,On or near Wilberforce Street,E01030024,Ipswich 006C,Burglary,Under investigation,
2918aad25a8adfbf5ca57e41c26f76f809e4547b993c55e70a24c0890eb44c0c,2026-04,Suffolk Constabulary,Suffolk Constabulary,1.139922,52.063536,On or near Wellington Street,E01030024,Ipswich 006C,Criminal damage and arson,Under investigation,
4566278bd39c053a86cb946da666af78ddb6e2bdc40ea083b76020fb31be3b7b,2026-04,Suffolk Constabulary,Suffolk Constabulary,1.145639,52.060595,On or near Supermarket,E01030024,Ipswich 006C,Drugs,Local resolution,
7ab2162e905fda8e03b14234c07cea0305f2bd95f4c16a2f6f9e3e209455a252,2026-04,Suffolk Constabulary,Suffolk Constabulary,1.143819,52.061067,On or near Granville Street,E01030024,Ipswich 006C,Drugs,Formal action is not in the public interest,
bd77e83d5048210dec885d098a5a385154b1fb18eac51b34d3aa2e64b0f32cfd,2026-04,Suffolk Constabulary,Suffolk Constabulary,1.143819,52.061067,On or near Granville Street,E01030024,Ipswich 006C,Drugs,Local resolution,
2ad3b6aac7e3cfffd1e9ccc155640db0042987ab10d9143863c5a4631df37aa7,2026-04,Suffolk Constabulary,Suffolk Constabulary,1.143819,52.061067,On or near Granville Street,E01030024,Ipswich 006C,Drugs,Local resolution,
3a4b1af953819ea401d13ce33e1bc8454203dec220b054542ba86a3e0d001730,2026-04,Suffolk Constabulary,Suffolk Constabulary,1.140908,52.062826,On or near Beaufort Street,E01030024,Ipswich 006C,Other theft,Unable to prosecute suspect,
9a87c3f68ac405befab4d33b671fcfda273405d989f3018ef718d310da8cddcb,2026-04,Suffolk Constabulary,Suffolk Constabulary,1.142842,52.061273,On or near Gaye Street,E01030024,Ipswich 006C,Possession of weapons,Unable to prosecute suspect,
da437eb7cf1522021a7ab9b0dabcca4771dacafea690f21166527dcd6987ba4e,2026-04,Suffolk Constabulary,Suffolk Constabulary,1.140202,52.061496,On or near Rendlesham Road,E01030024,Ipswich 006C,Possession of weapons,Unable to prosecute suspect,
263779b1989c2b7e5f5720df4edfd1f6c45e07d4fee9f946bdc63637cf39325d,2026-04,Suffolk Constabulary,Suffolk Constabulary,1.140202,52.061496,On or near Rendlesham Road,E01030024,Ipswich 006C,Possession of weapons,Awaiting court outcome,
3a4898e5b26940728b2293dd38ff21a004f08fa1bc0fb4d00f10b8a1edbed776,2026-04,Suffolk Constabulary,Suffolk Constabulary,1.143819,52.061067,On or near Granville Street,E01030024,Ipswich 006C,Robbery,Under investigation,
dcedd97df9f470b90cbd23a12489d3d6c06aebe5af3c1c8b59c41180e8e0bc6b,2026-04,Suffolk Constabulary,Suffolk Constabulary,1.141173,52.060984,On or near Bulwer Road,E01030024,Ipswich 006C,Robbery,Under investigation,
1b55f90021d45cd49b25fd73fe30e3e95bdcb1c58be5b918a5933d254baa68c7,2026-04,Suffolk Constabulary,Suffolk Constabulary,1.142842,52.061273,On or near Gaye Street,E01030024,Ipswich 006C,Theft from the person,Investigation complete; no suspect identified,
1bbd7cfc46c2e2328e6c39aadb2878ec22dac15639485166b843832dd7a23efe,2026-04,Suffolk Constabulary,Suffolk Constabulary,1.145639,52.060595,On or near Supermarket,E01030024,Ipswich 006C,Theft from the person,Under investigation,
beeaa860151dd5b6c9b153b1707a0bcde380020e237bbe715f04f24ff3bf9c36,2026-04,Suffolk Constabulary,Suffolk Constabulary,1.142842,52.061273,On or near Gaye Street,E01030024,Ipswich 006C,Violence and sexual offences,Unable to prosecute suspect,
af35460f9b16889a1ab915add3f3ae7891ef3db1df80f2df95f1c4076c531328,2026-04,Suffolk Constabulary,Suffolk Constabulary,1.141173,52.060984,On or near Bulwer Road,E01030024,Ipswich 006C,Violence and sexual offences,Action to be taken by another organisation,
a83735404a5097d4110a92ae54c1835edbd39d23f3874db6d91a473fd49cc17f,2026-04,Suffolk Constabulary,Suffolk Constabulary,1.141173,52.060984,On or near Bulwer Road,E01030024,Ipswich 006C,Violence and sexual offences,Unable to prosecute suspect,
34e62aa290bf3cf48af3ad2e00ac7df86baeccf698564a36e049a81211e1f859,2026-04,Suffolk Constabulary,Suffolk Constabulary,1.142842,52.061273,On or near Gaye Street,E01030024,Ipswich 006C,Violence and sexual offences,Unable to prosecute suspect,
aca49357f90943231b631f944743492e13c7ec04d414a9065c6e7e2d569dc10d,2026-04,Suffolk Constabulary,Suffolk Constabulary,1.139922,52.063536,On or near Wellington Street,E01030024,Ipswich 006C,Violence and sexual offences,Unable to prosecute suspect,
0263a91c585bc6599307a1bd0c8ba727100e0f482f5bce0f9c0b45a8c0c9cfa1,2026-04,Suffolk Constabulary,Suffolk Constabulary,1.141173,52.060984,On or near Bulwer Road,E01030024,Ipswich 006C,Violence and sexual offences,Action to be taken by another organisation,
0fbde98fee66252c1bd228db7209cc48caca87282b77e328442954099c2bee63,2026-04,Suffolk Constabulary,Suffolk Constabulary,1.140908,52.062826,On or near Beaufort Street,E01030024,Ipswich 006C,Violence and sexual offences,Under investigation,
49a6782fd04b4b46618390f139badcd493bb45fe50b8a2e70700ea920e3ac30d,2026-04,Suffolk Constabulary,Suffolk Constabulary,1.141173,52.060984,On or near Bulwer Road,E01030024,Ipswich 006C,Violence and sexual offences,Further investigation is not in the public interest,
e1b227b41e56268daf9e9410164896a660d9099694edf246e93cd40ed6fa9e71,2026-04,Suffolk Constabulary,Suffolk Constabulary,1.140908,52.062826,On or near Beaufort Street,E01030024,Ipswich 006C,Violence and sexual offences,Unable to prosecute suspect,
ac343a56a03c9e090cf95fff7ed8ff4672d05d31cad9b2065c63dc3920c6f0cd,2026-04,Suffolk Constabulary,Suffolk Constabulary,1.145917,52.061631,On or near Gymnasium Street,E01030024,Ipswich 006C,Violence and sexual offences,Unable to prosecute suspect,
ca0d69dbe49f09dfa2c261dfdd6672affc0821445a3bded8bebc4d4958c19297,2026-04,Suffolk Constabulary,Suffolk Constabulary,1.140908,52.062826,On or near Beaufort Street,E01030024,Ipswich 006C,Violence and sexual offences,Awaiting court outcome,
fb25648c829b2c3cf1381b50ca177695dac43cb48107e0267a62cae0dfcb8552,2026-04,Suffolk Constabulary,Suffolk Constabulary,1.146278,52.060551,On or near Barrack Lane,E01030024,Ipswich 006C,Violence and sexual offences,Under investigation,
42c1cc4412dd3904d26a3652e07179a78c6e1217b93f3fc57f1f126d6ae32822,2026-04,Suffolk Constabulary,Suffolk Constabulary,1.143819,52.061067,On or near Granville Street,E01030024,Ipswich 006C,Violence and sexual offences,Investigation complete; no suspect identified,
d794fd307714466ce0b081d9d11bfe9f0454460fa6eaea6b3a1d1fe22879da3e,2026-04,Suffolk Constabulary,Suffolk Constabulary,1.142842,52.061273,On or near Gaye Street,E01030024,Ipswich 006C,Violence and sexual offences,Unable to prosecute suspect,
242ca212e1dad48e0d4010b4c198fdf2b74e170bdf8a50c90692feaf7c22e116,2026-04,Suffolk Constabulary,Suffolk Constabulary,1.141173,52.060984,On or near Bulwer Road,E01030024,Ipswich 006C,Violence and sexual offences,Under investigation,
0764a767b2b099e5dafdd7f6eba8a99ad7201b518fa5f1b7754d84c2eb3d9b3b,2026-04,Suffolk Constabulary,Suffolk Constabulary,1.141173,52.060984,On or near Bulwer Road,E01030024,Ipswich 006C,Violence and sexual offences,Action to be taken by another organisation,
2d5020a9cfe85f3fd8c4edd9404079bd1f1e5433106b268f11dacc7079370c60,2026-04,Suffolk Constabulary,Suffolk Constabulary,1.143819,52.061067,On or near Granville Street,E01030024,Ipswich 006C,Violence and sexual offences,Under investigation,
929b5f2979adae94b3b2bc81e2b47c97f3cc76a44cd8ca34d05d162fdc51f108,2026-04,Suffolk Constabulary,Suffolk Constabulary,1.143727,52.060575,On or near Clarkson Street,E01030024,Ipswich 006C,Violence and sexual offences,Unable to prosecute suspect,
0b02cb51d843ce25749baa4576cebd259a4f1cc3b98933b7df2f73e0af30b0ad,2026-04,Suffolk Constabulary,Suffolk Constabulary,1.141173,52.060984,On or near Bulwer Road,E01030024,Ipswich 006C,Violence and sexual offences,Action to be taken by another organisation,
4ddd5df77cf307717081d8c1db1fc847a1d3d5468c0544abbdfae2f1743c9e7c,2026-04,Suffolk Constabulary,Suffolk Constabulary,1.143819,52.061067,On or near Granville Street,E01030024,Ipswich 006C,Other crime,Under investigation,
,2026-04,Suffolk Constabulary,Suffolk Constabulary,1.149087,52.060242,On or near Bedford Street,E01030025,Ipswich 006D,Anti-social behaviour,,
,2026-04,Suffolk Constabulary,Suffolk Constabulary,1.149087,52.060242,On or near Bedford Street,E01030025,Ipswich 006D,Anti-social behaviour,,
,2026-04,Suffolk Constabulary,Suffolk Constabulary,1.153761,52.061134,On or near Fonnereau Road,E01030025,Ipswich 006D,Anti-social behaviour,,
97f4aa42461bc03ae828ea255419fb867517fc8187bc69177e61fd94b1cc6219,2026-04,Suffolk Constabulary,Suffolk Constabulary,1.148376,52.059677,On or near St Matthew'S Street,E01030025,Ipswich 006D,Bicycle theft,Investigation complete; no suspect identified,
d96c3dc679bc79e4de94d0f02b08b0d67df5cea591280e268dc3f658916a5758,2026-04,Suffolk Constabulary,Suffolk Constabulary,1.145812,52.063253,On or near Redan Street,E01030025,Ipswich 006D,Burglary,Unable to prosecute suspect,
ef570b6c5005f50c686cc8b1284a1465e8037564a427cdd3468a0980fec9609c,2026-04,Suffolk Constabulary,Suffolk Constabulary,1.148940,52.061263,On or near Berners Street,E01030025,Ipswich 006D,Criminal damage and arson,Unable to prosecute suspect,
77e1879749e0dc7a76812380db1e83234194d21adc9ed98c81b22f349700bff1,2026-04,Suffolk Constabulary,Suffolk Constabulary,1.155115,52.059856,On or near Navarre Street,E01030025,Ipswich 006D,Criminal damage and arson,Unable to prosecute suspect,
bec91033d0f82cf4148a00dfc2f22333572474e2b2edf0fb289bebc1abbdd1d4,2026-04,Suffolk Constabulary,Suffolk Constabulary,1.145781,52.063856,On or near Anglesea Road,E01030025,Ipswich 006D,Other theft,Investigation complete; no suspect identified,
267b4f037fc2b2b33a5893839b57e14b7b7909b0d3e32a4ca59b6e108fa72cc0,2026-04,Suffolk Constabulary,Suffolk Constabulary,1.148376,52.059677,On or near St Matthew'S Street,E01030025,Ipswich 006D,Possession of weapons,Investigation complete; no suspect identified,
89aa644cb172573d3056ef72ac1d16f7b7e8d44596fb9e7c7d1b3bb6e15773e4,2026-04,Suffolk Constabulary,Suffolk Constabulary,1.149156,52.059557,On or near Shopping Area,E01030025,Ipswich 006D,Public order,Awaiting court outcome,
2133b3cb7c442ed3ad4218e1b36e10955417a4fb972e6ffb09a6e2c7b2aab589,2026-04,Suffolk Constabulary,Suffolk Constabulary,1.145812,52.063253,On or near Redan Street,E01030025,Ipswich 006D,Public order,Under investigation,
c315254faf38411d477a806ee3ff7402bf63d53ce66b740b63afd2afc6b0c93f,2026-04,Suffolk Constabulary,Suffolk Constabulary,1.148376,52.059677,On or near St Matthew'S Street,E01030025,Ipswich 006D,Shoplifting,Awaiting court outcome,
69cfde123ebd53bbd2b85584aa556425a44b168fd655bcf448b633a32bbe3d3b,2026-04,Suffolk Constabulary,Suffolk Constabulary,1.149156,52.059557,On or near Shopping Area,E01030025,Ipswich 006D,Shoplifting,Investigation complete; no suspect identified,
565a9752bf48a6add9fe403007db49aef2189fcc56f71ace28c10a79e453d2be,2026-04,Suffolk Constabulary,Suffolk Constabulary,1.148376,52.059677,On or near St Matthew'S Street,E01030025,Ipswich 006D,Shoplifting,Awaiting court outcome,
6e85b3dca1ad8247bb3390f5ff3bb9250e89d9d139e12c29435550d1349b0ff4,2026-04,Suffolk Constabulary,Suffolk Constabulary,1.149156,52.059557,On or near Shopping Area,E01030025,Ipswich 006D,Shoplifting,Investigation complete; no suspect identified,
62371a2435a5e9b342c502c6ab57d317e63250fd3610f74bc3595ecd58f7ef1b,2026-04,Suffolk Constabulary,Suffolk Constabulary,1.149974,52.061235,On or near Dykes Street,E01030025,Ipswich 006D,Vehicle crime,Investigation complete; no suspect identified,
5fdd91f712cc8a67c45d963b06f6baac27a2dcb6f9bac315e04805122c7eb342,2026-04,Suffolk Constabulary,Suffolk Constabulary,1.153761,52.061134,On or near Fonnereau Road,E01030025,Ipswich 006D,Violence and sexual offences,Investigation complete; no suspect identified,
f0b04517861619fb70e799b66759333b1bb5455e8e71da1cb2d188d2927e83fd,2026-04,Suffolk Constabulary,Suffolk Constabulary,1.150256,52.060679,On or near St Georges Street,E01030025,Ipswich 006D,Violence and sexual offences,Unable to prosecute suspect,
7acc0f04f3ff42fd5990e0c62a93e897ae6e84909a2cbfa2caf5208934adaefa,2026-04,Suffolk Constabulary,Suffolk Constabulary,1.143535,52.062630,On or near Cumberland Street,E01030025,Ipswich 006D,Violence and sexual offences,Offender given a caution,
95018a834b28fe0701e632953f8d7cd75be3ab5ea23cb5589a9a25cb39a8c97c,2026-04,Suffolk Constabulary,Suffolk Constabulary,1.154540,52.059971,On or near William Street,E01030025,Ipswich 006D,Violence and sexual offences,Under investigation,
671e7fe91ef3a577918bfaedccb8fbc62e5c4b081c5d29e6b668bc231121980b,2026-04,Suffolk Constabulary,Suffolk Constabulary,1.150256,52.060679,On or near St Georges Street,E01030025,Ipswich 006D,Violence and sexual offences,Unable to prosecute suspect,
57801f8781d1414067c2cdf12903a4ce8c46e66b572ac48b4481cbe90c7f3602,2026-04,Suffolk Constabulary,Suffolk Constabulary,1.148376,52.059677,On or near St Matthew'S Street,E01030025,Ipswich 006D,Violence and sexual offences,Unable to prosecute suspect,
4706c9b2db6a43d9dc18821b7ca595aabb4c7e452ea83d4ed038ee1ee84871ce,2026-04,Suffolk Constabulary,Suffolk Constabulary,1.149087,52.060242,On or near Bedford Street,E01030025,Ipswich 006D,Violence and sexual offences,Unable to prosecute suspect,
53f0ee6904d2459d8d5db0c7664d79297582e8511cc0f7820f39e313e6ca98a2,2026-04,Suffolk Constabulary,Suffolk Constabulary,1.143673,52.062717,On or near Alpe Street,E01030025,Ipswich 006D,Violence and sexual offences,Unable to prosecute suspect,
1a2b437981bc8d0aedcf8a1d694a9420fde3abb972db5a8fbfec892af9973edd,2026-04,Suffolk Constabulary,Suffolk Constabulary,1.154540,52.059971,On or near William Street,E01030025,Ipswich 006D,Other crime,Investigation complete; no suspect identified,
7b2e64a032d515dc735a4305d3705e35fd822fee909bc449189ad09524ae0a7a,2026-04,Suffolk Constabulary,Suffolk Constabulary,1.147750,52.062590,On or near Geneva Road,E01030025,Ipswich 006D,Other crime,Unable to prosecute suspect,
,2026-04,Suffolk Constabulary,Suffolk Constabulary,1.131133,52.068681,On or near Matson Road,E01030026,Ipswich 006E,Anti-social behaviour,,
,2026-04,Suffolk Constabulary,Suffolk Constabulary,1.130697,52.069331,On or near Thompson Road,E01030026,Ipswich 006E,Anti-social behaviour,,
c83c6b369e3d1413f97aba3649bfa62f04f83cd4b32499b1c13c404a029ca126,2026-04,Suffolk Constabulary,Suffolk Constabulary,1.133507,52.069445,On or near Brookfield Road,E01030026,Ipswich 006E,Criminal damage and arson,Unable to prosecute suspect,
74e8afaef3225af91f5fd2748d38763895aaa9f60c4bb9ec3742cf9778b4b501,2026-04,Suffolk Constabulary,Suffolk Constabulary,1.127803,52.065936,On or near Hammersmith Way,E01030026,Ipswich 006E,Criminal damage and arson,Under investigation,
47134e9bf5f117f734c9b5ebc5590f161b6c98bddd0cfa47c1221a212ec281ab,2026-04,Suffolk Constabulary,Suffolk Constabulary,1.127803,52.065936,On or near Hammersmith Way,E01030026,Ipswich 006E,Drugs,Offender given a caution,
a45f9f1164385d8137cc9edb4e778ebeb9afbab45471a5ba2bd68ff52c9be622,2026-04,Suffolk Constabulary,Suffolk Constabulary,1.133507,52.069445,On or near Brookfield Road,E01030026,Ipswich 006E,Other theft,Under investigation,
d9b8b7fd9ab806d300621c0018d8f4e8b4bf80385d6366bd3df0f8c0706e3dce,2026-04,Suffolk Constabulary,Suffolk Constabulary,1.129716,52.067207,On or near Kingston Road,E01030026,Ipswich 006E,Violence and sexual offences,Unable to prosecute suspect,
7794801499370e09100d7c5662e16316ff874e4e878a01c4f4974309a53424e5,2026-04,Suffolk Constabulary,Suffolk Constabulary,1.128894,52.067130,On or near Redhill Close,E01030026,Ipswich 006E,Violence and sexual offences,Unable to prosecute suspect,
1e14e144ba61172a2d0e43c1f0971f453e05c7f7bd49481e2404ebf473ca9744,2026-04,Suffolk Constabulary,Suffolk Constabulary,1.129716,52.067207,On or near Kingston Road,E01030026,Ipswich 006E,Violence and sexual offences,Further investigation is not in the public interest,
f2d8ad43a4a138fcd64dfba1373850e2d3daeba0db53690d8d185f7b33bd918d,2026-04,Suffolk Constabulary,Suffolk Constabulary,1.133507,52.069445,On or near Brookfield Road,E01030026,Ipswich 006E,Violence and sexual offences,Action to be taken by another organisation,
1c1881c9c56f1c22585ac2f4c3b9b996b07a5bd482915d8d770bdf8973a6f3d6,2026-04,Suffolk Constabulary,Suffolk Constabulary,1.128948,52.067902,On or near Edward Close,E01030026,Ipswich 006E,Violence and sexual offences,Local resolution,
5d3b748f53804bd3127e603de64f75321162a2ae11d6656c33cdf284ee3c7332,2026-04,Suffolk Constabulary,Suffolk Constabulary,1.130175,52.066251,On or near Wesley Way,E01030026,Ipswich 006E,Violence and sexual offences,Under investigation,
ed56a4bdada345ea925e88bd3f33b6da37a00473abbb9bc8de143fd7a1118c3e,2026-04,Suffolk Constabulary,Suffolk Constabulary,1.133346,52.068613,On or near Springfield Lane,E01030026,Ipswich 006E,Violence and sexual offences,Under investigation,
f2d188b973df1855fddc34dfc9382a223ef7a70afa42443f29ae7117f442f519,2026-04,Suffolk Constabulary,Suffolk Constabulary,1.129716,52.067207,On or near Kingston Road,E01030026,Ipswich 006E,Violence and sexual offences,Unable to prosecute suspect,
429848efdf6aa6ebaf9b3975e61e37480349f268a293c384806b707dda0fdce8,2026-04,Suffolk Constabulary,Suffolk Constabulary,1.128948,52.067902,On or near Edward Close,E01030026,Ipswich 006E,Other crime,Under investigation,
d975149f7f6cc5664ecc2bb95b34da0768130978d63ae7b3efce9736666450b7,2026-04,Suffolk Constabulary,Suffolk Constabulary,1.129716,52.067207,On or near Kingston Road,E01030026,Ipswich 006E,Other crime,Under investigation,
078f2d13ef3d61c19f707ff665a8e4a66a624d67dcf23f4c6eee094714331d66,2026-04,Suffolk Constabulary,Suffolk Constabulary,1.131133,52.068681,On or near Matson Road,E01030026,Ipswich 006E,Other crime,Under investigation,
fbc4ad54b0a38eaf576c3e3ec232ac70b4c4b88f5e5b2f5eb63f1f74fdd44901,2026-04,Suffolk Constabulary,Suffolk Constabulary,1.180155,52.055981,On or near Marlborough Road,E01029958,Ipswich 007A,Drugs,Local resolution,
6a9c6a864cf86a6aa3a276dc53f97446d1c5a65b416786ce2f883692403ec341,2026-04,Suffolk Constabulary,Suffolk Constabulary,1.182401,52.054328,On or near Derby Close,E01029958,Ipswich 007A,Other theft,Under investigation,
dcc8f89c1273ad045b7783902a48c38bf375af6b13781bd187f7148df549d0c2,2026-04,Suffolk Constabulary,Suffolk Constabulary,1.181011,52.058575,On or near Springland Close,E01029958,Ipswich 007A,Other theft,Under investigation,
12982495b1787bec1f2e02b787c9a1f715247dce1de9adf4739ac9f58ede178e,2026-04,Suffolk Constabulary,Suffolk Constabulary,1.176911,52.057750,On or near Cornwallis Terrace,E01029958,Ipswich 007A,Violence and sexual offences,Action to be taken by another organisation,
c3362d7833887e59fbc08d4636428a64da649a1e6252b18f0761647302291e4f,2026-04,Suffolk Constabulary,Suffolk Constabulary,1.182401,52.054328,On or near Derby Close,E01029958,Ipswich 007A,Violence and sexual offences,Unable to prosecute suspect,
7b5254c7c26160ad535e6d879f6fbad014e8f5442ed5ddc4147d6665551c2ced,2026-04,Suffolk Constabulary,Suffolk Constabulary,1.170189,52.061934,On or near Russet Road,E01029960,Ipswich 007C,Criminal damage and arson,Investigation complete; no suspect identified,
821c8b0cc10a2c4a2dd7931966ed248d80327e2837c31fed8c4fa085ddff3ee5,2026-04,Suffolk Constabulary,Suffolk Constabulary,1.172435,52.060470,On or near Post Mill Close,E01029960,Ipswich 007C,Criminal damage and arson,Under investigation,
2f5e422b148e467b203036d2090113acc8e5e66aae767fee214a559f7e70a8dd,2026-04,Suffolk Constabulary,Suffolk Constabulary,1.170450,52.056350,On or near Grange Road,E01029960,Ipswich 007C,Criminal damage and arson,Unable to prosecute suspect,
a391702c57a319cc171b2f00b8f2206d972d3ad7f57fe1a357425fc66bd05037,2026-04,Suffolk Constabulary,Suffolk Constabulary,1.170450,52.056350,On or near Grange Road,E01029960,Ipswich 007C,Criminal damage and arson,Unable to prosecute suspect,
8c55243e9dbde9d9dd45ef0f1d40b39a15bbf43c563aeed2c6456ce1949c6731,2026-04,Suffolk Constabulary,Suffolk Constabulary,1.170189,52.061934,On or near Russet Road,E01029960,Ipswich 007C,Criminal damage and arson,Investigation complete; no suspect identified,
854b725e1eb7f8f704be1a0a2ce819a436e3062ee7752f877c0890885ff904d1,2026-04,Suffolk Constabulary,Suffolk Constabulary,1.170450,52.056350,On or near Grange Road,E01029960,Ipswich 007C,Other theft,Unable to prosecute suspect,
7332a0e6a22cbbeea6f826ccf9c963da2990679ea71ebe8b1efff1be1ac5abf0,2026-04,Suffolk Constabulary,Suffolk Constabulary,1.170450,52.056350,On or near Grange Road,E01029960,Ipswich 007C,Public order,Unable to prosecute suspect,
7319bb7c2f4068676d1506f17df2770a6515a7f358a41ce319384a44ac1f83c2,2026-04,Suffolk Constabulary,Suffolk Constabulary,1.170450,52.056350,On or near Grange Road,E01029960,Ipswich 007C,Robbery,Under investigation,
11be9b38d24d97a4cef37ef3b26a98deba2991270ecd24efe6c05fc08f04e056,2026-04,Suffolk Constabulary,Suffolk Constabulary,1.171783,52.057457,On or near Bartholomew Street,E01029960,Ipswich 007C,Vehicle crime,Investigation complete; no suspect identified,
74c21f279495a40808c73f6381cd1b9ea9b8f09bd8c0c75bf458e59751e7552c,2026-04,Suffolk Constabulary,Suffolk Constabulary,1.170189,52.061934,On or near Russet Road,E01029960,Ipswich 007C,Violence and sexual offences,Unable to prosecute suspect,
4d2ef5a5cec8a5c1d74fc657d4ba7d791ce3ae878b40cbbea0f3d0c52fee7ef9,2026-04,Suffolk Constabulary,Suffolk Constabulary,1.170189,52.061934,On or near Russet Road,E01029960,Ipswich 007C,Violence and sexual offences,Under investigation,
0b576051deecc766c81aecdb7a1a74bc9e3cf8f65a7866a5fe44ee7bfc1505de,2026-04,Suffolk Constabulary,Suffolk Constabulary,1.171783,52.057457,On or near Bartholomew Street,E01029960,Ipswich 007C,Violence and sexual offences,Awaiting court outcome,
95e8f1897c6801bca86656ca690106061e021ac7a374b7f1afa0e5c1f692db47,2026-04,Suffolk Constabulary,Suffolk Constabulary,1.170594,52.061473,On or near Tydeman Close,E01029960,Ipswich 007C,Violence and sexual offences,Under investigation,
3037ab712bd740c597838d4cc523fe053f3f58c99c4de7e5630b52ed1601341c,2026-04,Suffolk Constabulary,Suffolk Constabulary,1.170594,52.061473,On or near Tydeman Close,E01029960,Ipswich 007C,Violence and sexual offences,Unable to prosecute suspect,
6164b9adbe871d998696a46faf72de1d5033f0a308b4825b6613109c7258bdaf,2026-04,Suffolk Constabulary,Suffolk Constabulary,1.169945,52.057668,On or near Nottidge Road,E01029960,Ipswich 007C,Violence and sexual offences,Awaiting court outcome,
3a47e1963b007d54456be577fbe5151df751930c849b0bacdb1f3f4275894912,2026-04,Suffolk Constabulary,Suffolk Constabulary,1.170450,52.056350,On or near Grange Road,E01029960,Ipswich 007C,Violence and sexual offences,Unable to prosecute suspect,
592b214b379ee1bb71cb2a73d67026df46469ab9ba94e1c23036cda28383078e,2026-04,Suffolk Constabulary,Suffolk Constabulary,1.171783,52.057457,On or near Bartholomew Street,E01029960,Ipswich 007C,Violence and sexual offences,Unable to prosecute suspect,
2b985ae54a9e3fc3828ae85ced8bc07ddc53fbe756f05b25f00e0def75ee6684,2026-04,Suffolk Constabulary,Suffolk Constabulary,1.170450,52.056350,On or near Grange Road,E01029960,Ipswich 007C,Violence and sexual offences,Under investigation,
4352357e568e7ebae0999710cd779a4e24236cc78eec167ec54d47b454b258dc,2026-04,Suffolk Constabulary,Suffolk Constabulary,1.170450,52.056350,On or near Grange Road,E01029960,Ipswich 007C,Violence and sexual offences,Unable to prosecute suspect,
c140e07057bb983556d908c390c835915f35d28334a83557bda550a54f22e898,2026-04,Suffolk Constabulary,Suffolk Constabulary,1.171783,52.057457,On or near Bartholomew Street,E01029960,Ipswich 007C,Violence and sexual offences,Awaiting court outcome,
b4d51b2b6c89b5f88765eea690a550af9b383a96c058db9a45b15bbc4589b5bd,2026-04,Suffolk Constabulary,Suffolk Constabulary,1.170450,52.056350,On or near Grange Road,E01029960,Ipswich 007C,Violence and sexual offences,Unable to prosecute suspect,
6e5c921513b37b2f9dd94118fbad39a5100212449793ab2166b538d4a5a659c8,2026-04,Suffolk Constabulary,Suffolk Constabulary,1.170594,52.061473,On or near Tydeman Close,E01029960,Ipswich 007C,Violence and sexual offences,Action to be taken by another organisation,
e2bcdf3a313458654a3db4d56472f21e836d48490f606fc5e37d39cb016a2096,2026-04,Suffolk Constabulary,Suffolk Constabulary,1.172435,52.060470,On or near Post Mill Close,E01029960,Ipswich 007C,Violence and sexual offences,Unable to prosecute suspect,
57775163a330d699e055e96bcf0d023c0553bf1e5136838fee85026ed8809f1d,2026-04,Suffolk Constabulary,Suffolk Constabulary,1.166359,52.059366,On or near Lacey Street,E01029960,Ipswich 007C,Other crime,Under investigation,
,2026-04,Suffolk Constabulary,Suffolk Constabulary,1.174769,52.055533,On or near Clifford Road,E01029961,Ipswich 007D,Anti-social behaviour,,
cef91239f6e1de1c29d50c0bc8e4e5bf044dc6afc4a59ffe069e7dd50f77c6be,2026-04,Suffolk Constabulary,Suffolk Constabulary,1.180212,52.053911,On or near Fuchsia Lane,E01029961,Ipswich 007D,Bicycle theft,Investigation complete; no suspect identified,
2d7881f66af46c1c6a75ab7d7f6349f12725a8ac0b88c04dc604ea255879ed8d,2026-04,Suffolk Constabulary,Suffolk Constabulary,1.178195,52.053650,On or near Faraday Road,E01029961,Ipswich 007D,Criminal damage and arson,Investigation complete; no suspect identified,
a3e7583ab5cf9123acad4767b0994f34ec997f270dd63aedbdd4256250bc9b94,2026-04,Suffolk Constabulary,Suffolk Constabulary,1.180212,52.053911,On or near Fuchsia Lane,E01029961,Ipswich 007D,Public order,Under investigation,
daf609065b2d587ba77cb56c707aa6409cfd97df4611eb6212776d0bbf519205,2026-04,Suffolk Constabulary,Suffolk Constabulary,1.180212,52.053911,On or near Fuchsia Lane,E01029961,Ipswich 007D,Public order,Awaiting court outcome,
7ef98f26f8e6c0c6589848b3b2a007e677c2f23200660d607a738977097a3391,2026-04,Suffolk Constabulary,Suffolk Constabulary,1.176217,52.053326,On or near Ruskin Road,E01029961,Ipswich 007D,Vehicle crime,Investigation complete; no suspect identified,
5774634fbdec64e6069ebccd5d7b5b7a8f3ff85afa1a1f43a1ee803a03df860c,2026-04,Suffolk Constabulary,Suffolk Constabulary,1.176217,52.053326,On or near Ruskin Road,E01029961,Ipswich 007D,Vehicle crime,Investigation complete; no suspect identified,
8d97cb4f649e80313117b90169dcea3b77b31dfb9bc4c454f2dd161d4b15ecdb,2026-04,Suffolk Constabulary,Suffolk Constabulary,1.167805,52.057528,On or near Lancaster Road,E01029962,Ipswich 007E,Criminal damage and arson,Investigation complete; no suspect identified,
6e4d1ee1e6fdefe077e3265f4596e8f49b83d541e5950e936f7f6ba9db5d61c5,2026-04,Suffolk Constabulary,Suffolk Constabulary,1.172371,52.054842,On or near Rosebery Road,E01029962,Ipswich 007E,Other theft,Unable to prosecute suspect,
dad29e79cf7e37bca2403a10e1a2bbb36a23328de4b78b1cdaa7aac5c2778cc3,2026-04,Suffolk Constabulary,Suffolk Constabulary,1.167622,52.056175,On or near Oxford Road,E01029962,Ipswich 007E,Violence and sexual offences,Under investigation,
cf6ea24d30937d719179c685cf6e73ecc22fb749b7d8ba2fcab5f96dd195c28c,2026-04,Suffolk Constabulary,Suffolk Constabulary,1.166934,52.057380,On or near Palmerston Road,E01029962,Ipswich 007E,Violence and sexual offences,Unable to prosecute suspect,
d36af395b969db05e16856039348a0d93f9ab4632931f9c09463d5bb09cc0bae,2026-04,Suffolk Constabulary,Suffolk Constabulary,1.172371,52.054842,On or near Rosebery Road,E01029962,Ipswich 007E,Other crime,Action to be taken by another organisation,
,2026-04,Suffolk Constabulary,Suffolk Constabulary,1.150660,52.053365,On or near Nightclub,E01033124,Ipswich 007F,Anti-social behaviour,,
,2026-04,Suffolk Constabulary,Suffolk Constabulary,1.155089,52.052446,On or near Foundry Lane,E01033124,Ipswich 007F,Anti-social behaviour,,
073f7b290c13154251ef4a235f8c5fad300d3e1b0440a2f3385213bb652484d5,2026-04,Suffolk Constabulary,Suffolk Constabulary,1.150660,52.053365,On or near Nightclub,E01033124,Ipswich 007F,Criminal damage and arson,Unable to prosecute suspect,
07e1192c5b04b060f0a73e69cd08f0da7d786bce0cecd66a7cd065450f6bc19f,2026-04,Suffolk Constabulary,Suffolk Constabulary,1.157740,52.053013,On or near Key Street,E01033124,Ipswich 007F,Criminal damage and arson,Investigation complete; no suspect identified,
18d4d4041a25538c8de01ed83274e781274c0970754556631d42d4767f1dbef0,2026-04,Suffolk Constabulary,Suffolk Constabulary,1.163459,52.052392,On or near Further/Higher Educational Building,E01033124,Ipswich 007F,Criminal damage and arson,Investigation complete; no suspect identified,
2fba8aba0fd1a9e9629b53dd48fca7a2424621b05f442474359f182ea8f0b2c4,2026-04,Suffolk Constabulary,Suffolk Constabulary,1.150707,52.052779,On or near Parking Area,E01033124,Ipswich 007F,Criminal damage and arson,Investigation complete; no suspect identified,
f9acf2877da5e5f165b2d41a6ccc2c3d51ab9fe3fb77d51646913471773180e0,2026-04,Suffolk Constabulary,Suffolk Constabulary,1.149476,52.052497,On or near Grafton Way,E01033124,Ipswich 007F,Drugs,Under investigation,
9173a6cc76bc71c0ea657942f517e6cbbc16024411c8a0a9809b8fa8c9a80b48,2026-04,Suffolk Constabulary,Suffolk Constabulary,1.157740,52.053013,On or near Key Street,E01033124,Ipswich 007F,Other theft,Under investigation,
e76fe23641b0e4f9a454aac83820d341ffacb953f94cedb3b3b43cf6ba99c111,2026-04,Suffolk Constabulary,Suffolk Constabulary,1.152219,52.052712,On or near Parking Area,E01033124,Ipswich 007F,Other theft,Awaiting court outcome,
cc0bcc9fb2e9eeafe9e345f5beddcc140a39400a3fe4f750633f42bec510e45f,2026-04,Suffolk Constabulary,Suffolk Constabulary,1.159070,52.052636,On or near Common Quay,E01033124,Ipswich 007F,Other theft,Awaiting court outcome,
ea9a7ee4b818f69af772e08b4664c8a6355a1a3542b19c6ada40cfebf817867b,2026-04,Suffolk Constabulary,Suffolk Constabulary,1.161532,52.053199,On or near Fore Street,E01033124,Ipswich 007F,Other theft,Awaiting court outcome,
701c2f9ade0fbb5d7e32448be7b64e4ee0f43cab0add19e5fa34470419879b15,2026-04,Suffolk Constabulary,Suffolk Constabulary,1.149476,52.052497,On or near Grafton Way,E01033124,Ipswich 007F,Possession of weapons,Under investigation,
2587d1d57614ecffe2804a75975778581c5e443b6af4a7144029117d0a0487fa,2026-04,Suffolk Constabulary,Suffolk Constabulary,1.154017,52.054624,On or near Parking Area,E01033124,Ipswich 007F,Public order,Unable to prosecute suspect,
42e7e7d29dfaaf0dce2eca72cbaa61d1280e5057686124c5215cfa46fdf637de,2026-04,Suffolk Constabulary,Suffolk Constabulary,1.161532,52.053199,On or near Fore Street,E01033124,Ipswich 007F,Public order,Under investigation,
dd83a3046a0592ef20dbf4234f6c89e4e197f4f9cb6bdea160636938013cc275,2026-04,Suffolk Constabulary,Suffolk Constabulary,1.147417,52.052256,On or near Commercial Road,E01033124,Ipswich 007F,Shoplifting,Unable to prosecute suspect,
ed41cc5bde098d1b384b0b68496c5c80e1e256308489802efdf66f226ed39c1e,2026-04,Suffolk Constabulary,Suffolk Constabulary,1.149476,52.052497,On or near Grafton Way,E01033124,Ipswich 007F,Vehicle crime,Investigation complete; no suspect identified,
ceb1d596bff3df38f9ff609596c45913cf3ba7b638d055b380f9134e2f67043f,2026-04,Suffolk Constabulary,Suffolk Constabulary,1.161532,52.053199,On or near Fore Street,E01033124,Ipswich 007F,Violence and sexual offences,Under investigation,
202831e4e8f3261242bbcda4b442e3400b2db320d50ef41469d4c9059d330ccc,2026-04,Suffolk Constabulary,Suffolk Constabulary,1.159070,52.052636,On or near Common Quay,E01033124,Ipswich 007F,Violence and sexual offences,Investigation complete; no suspect identified,
22f6f0e456081b6ad68651434eac2a22a08a75250ed143434a9b0a528bf7720a,2026-04,Suffolk Constabulary,Suffolk Constabulary,1.154017,52.054624,On or near Parking Area,E01033124,Ipswich 007F,Violence and sexual offences,Unable to prosecute suspect,
594af451b997e9b1e7c9bb9b7c7afddc792bf5a842547e878b4726899ed8ed64,2026-04,Suffolk Constabulary,Suffolk Constabulary,1.157740,52.053013,On or near Key Street,E01033124,Ipswich 007F,Violence and sexual offences,Unable to prosecute suspect,
5f99068bcf53999021ac7bcd36c5430f80b01f5700e5b97b0af1e8d55f6d271a,2026-04,Suffolk Constabulary,Suffolk Constabulary,1.159070,52.052636,On or near Common Quay,E01033124,Ipswich 007F,Violence and sexual offences,Under investigation,
e254758e17df1315c12ca1c393f968972a36ffeb1d9e5dfe035954f4ca90e1d9,2026-04,Suffolk Constabulary,Suffolk Constabulary,1.154017,52.054624,On or near Parking Area,E01033124,Ipswich 007F,Violence and sexual offences,Unable to prosecute suspect,
895cbe8aaf40565a9c47d40f191ca868f48e23c9b0ed2f2d6a39ed3eaa0e550b,2026-04,Suffolk Constabulary,Suffolk Constabulary,1.149476,52.052497,On or near Grafton Way,E01033124,Ipswich 007F,Violence and sexual offences,Investigation complete; no suspect identified,
b531aee262f194feffebb400bbefabbf53a21ba0e321bccecd3f2c88cd913d92,2026-04,Suffolk Constabulary,Suffolk Constabulary,1.154017,52.054624,On or near Parking Area,E01033124,Ipswich 007F,Violence and sexual offences,Unable to prosecute suspect,
ef065963cd4048a85da3f063996cbafeff638a495c71cfe3b09fad21e3c5eaec,2026-04,Suffolk Constabulary,Suffolk Constabulary,1.163459,52.052392,On or near Further/Higher Educational Building,E01033124,Ipswich 007F,Violence and sexual offences,Investigation complete; no suspect identified,
10cd5d7d3d5f9e7260f12bc92c7b3e35fe7708bc50ad54b1d588a1f76674a139,2026-04,Suffolk Constabulary,Suffolk Constabulary,1.159070,52.052636,On or near Common Quay,E01033124,Ipswich 007F,Violence and sexual offences,Unable to prosecute suspect,
f0768fcd43202c3e77579fddf720f7b2381d89b6d81285e9be40eb9e49b47644,2026-04,Suffolk Constabulary,Suffolk Constabulary,1.159070,52.052636,On or near Common Quay,E01033124,Ipswich 007F,Other crime,Under investigation,
,2026-04,Suffolk Constabulary,Suffolk Constabulary,1.156197,52.056571,On or near Upper Brook Street,E01033125,Ipswich 007G,Anti-social behaviour,,
,2026-04,Suffolk Constabulary,Suffolk Constabulary,1.158187,52.054593,On or near Blackfriars Court,E01033125,Ipswich 007G,Anti-social behaviour,,
,2026-04,Suffolk Constabulary,Suffolk Constabulary,1.156234,52.057101,On or near B1076,E01033125,Ipswich 007G,Anti-social behaviour,,
,2026-04,Suffolk Constabulary,Suffolk Constabulary,1.156197,52.056571,On or near Upper Brook Street,E01033125,Ipswich 007G,Anti-social behaviour,,
,2026-04,Suffolk Constabulary,Suffolk Constabulary,1.157778,52.053750,On or near Pleasant Row,E01033125,Ipswich 007G,Anti-social behaviour,,
8c556401036dcc06cf668eca9ef7bc3033fa6a2f7e7c51cd9c8c5a210a685ca6,2026-04,Suffolk Constabulary,Suffolk Constabulary,1.151547,52.058495,On or near Providence Street,E01033125,Ipswich 007G,Burglary,Investigation complete; no suspect identified,
d665e582c62a8d410700cc91127db6c1bbd1e407b13aca4f42625007b500042c,2026-04,Suffolk Constabulary,Suffolk Constabulary,1.156234,52.057101,On or near B1076,E01033125,Ipswich 007G,Burglary,Under investigation,
c1362f20b4b555f143c5c2fd6bbf2f8f580e5e15935afd340b50c74415c5adc3,2026-04,Suffolk Constabulary,Suffolk Constabulary,1.152961,52.056199,On or near Nightclub,E01033125,Ipswich 007G,Criminal damage and arson,Investigation complete; no suspect identified,
11e6a1e5476bc7b12c0bc889404ede0dc48b312d040f05e2d5856bb6c863f1ac,2026-04,Suffolk Constabulary,Suffolk Constabulary,1.156234,52.057101,On or near B1076,E01033125,Ipswich 007G,Criminal damage and arson,Investigation complete; no suspect identified,
719101c84d546d5365dfec94cf6f00086db3b04ad7bcd2c9479dc75462f245f1,2026-04,Suffolk Constabulary,Suffolk Constabulary,1.157098,52.054047,On or near Parking Area,E01033125,Ipswich 007G,Criminal damage and arson,Awaiting court outcome,
7f5fb60ca29b607c6414de11dc2b586b602b04bff5d69ebe501fca72031dff9d,2026-04,Suffolk Constabulary,Suffolk Constabulary,1.156234,52.057101,On or near B1076,E01033125,Ipswich 007G,Criminal damage and arson,Investigation complete; no suspect identified,
3470ce7db1d266bea0daa6eccfc48367276b0cb7061c3dea2494ef03519fe3a3,2026-04,Suffolk Constabulary,Suffolk Constabulary,1.156197,52.056571,On or near Upper Brook Street,E01033125,Ipswich 007G,Criminal damage and arson,Under investigation,
ec4b2bfdcc019f4611332096b4a5460e0d184cf15e485dc6485811a2813e8cb4,2026-04,Suffolk Constabulary,Suffolk Constabulary,1.150752,52.058597,On or near Westgate Street,E01033125,Ipswich 007G,Criminal damage and arson,Investigation complete; no suspect identified,
45d38547bf92e2ce0c064c82edcf84dd19d7276c5abd66de049ae04f01e7ece1,2026-04,Suffolk Constabulary,Suffolk Constabulary,1.153011,52.058357,On or near Lloyds Avenue,E01033125,Ipswich 007G,Drugs,Unable to prosecute suspect,
6187ae9dc93bb02e475f1f48b8335c2b67f05e186f47738400b43b43c4898381,2026-04,Suffolk Constabulary,Suffolk Constabulary,1.158187,52.054593,On or near Blackfriars Court,E01033125,Ipswich 007G,Drugs,Local resolution,
84af7beda591aba577f8feaf34be4e2923d5b8f554c503836c6a4e981931a2c3,2026-04,Suffolk Constabulary,Suffolk Constabulary,1.153011,52.058357,On or near Lloyds Avenue,E01033125,Ipswich 007G,Drugs,Under investigation,
5edaebbaaf8909a03526321b245e133490926d18b2a4c294edc27bdeb4f7afa4,2026-04,Suffolk Constabulary,Suffolk Constabulary,1.152961,52.056199,On or near Nightclub,E01033125,Ipswich 007G,Drugs,Awaiting court outcome,
86ee2e7c1dbfc0ae1c50e9a64a404744ced4635f9905e6038db5393bdbcdb3cf,2026-04,Suffolk Constabulary,Suffolk Constabulary,1.155761,52.055981,On or near Dogs Head Street,E01033125,Ipswich 007G,Other theft,Unable to prosecute suspect,
72dee92faddfce25765f84b7b5a2a3ebcc8144838640a58c95dce02514137f11,2026-04,Suffolk Constabulary,Suffolk Constabulary,1.150752,52.058597,On or near Westgate Street,E01033125,Ipswich 007G,Other theft,Investigation complete; no suspect identified,
f9205b39b73510d008d05be78074bc5eddb604a9cb38d83af7ef9d212fcddb35,2026-04,Suffolk Constabulary,Suffolk Constabulary,1.156197,52.056571,On or near Upper Brook Street,E01033125,Ipswich 007G,Other theft,Unable to prosecute suspect,
f47eff585d3d8cc9174ef7b844b41f3ed0e65bef77bd089022439746de82c250,2026-04,Suffolk Constabulary,Suffolk Constabulary,1.155761,52.055981,On or near Dogs Head Street,E01033125,Ipswich 007G,Other theft,Investigation complete; no suspect identified,
ff39e22786a2884b3b0c6aeebacace22ade99408a3553e9cbeb2223bf5e83e95,2026-04,Suffolk Constabulary,Suffolk Constabulary,1.149399,52.057824,On or near Black Horse Lane,E01033125,Ipswich 007G,Other theft,Unable to prosecute suspect,
62317218507333e90c68d5b70b137f05642f8154de17c634b7bbe9ef94efd893,2026-04,Suffolk Constabulary,Suffolk Constabulary,1.155792,52.054550,On or near Lower Brook Street,E01033125,Ipswich 007G,Possession of weapons,Under investigation,
054453f0f3625de1994b8141d19edc76792d0d328e564ed7d67050983c30e551,2026-04,Suffolk Constabulary,Suffolk Constabulary,1.156234,52.057101,On or near B1076,E01033125,Ipswich 007G,Possession of weapons,Unable to prosecute suspect,
ef5f6123e8bbefa3345fed27c9f1c1c3e9d5d1eec8c8a382f0d051266a7758e4,2026-04,Suffolk Constabulary,Suffolk Constabulary,1.151803,52.057373,On or near King Street,E01033125,Ipswich 007G,Possession of weapons,Under investigation,
086d731375eed4fde923a5bb1cf4cabf1cc0417139bd892822127c539b97f47a,2026-04,Suffolk Constabulary,Suffolk Constabulary,1.151814,52.056077,On or near Friars Street,E01033125,Ipswich 007G,Public order,Unable to prosecute suspect,
b9b6efc98a6a48b8c764c65618bec74d468b9f16277721fbd8e129eeceabe894,2026-04,Suffolk Constabulary,Suffolk Constabulary,1.155761,52.055981,On or near Dogs Head Street,E01033125,Ipswich 007G,Public order,Unable to prosecute suspect,
c61154d821f0b71ad1546d67726b2d9485ca4d5ea93c7c035971476ae8124a8d,2026-04,Suffolk Constabulary,Suffolk Constabulary,1.160448,52.054794,On or near Waterworks Street,E01033125,Ipswich 007G,Public order,Unable to prosecute suspect,
e199b45957f450bdf85ee98aec94fa5d4b99f0a08ba25e48fc2dca4e1a6d1eb1,2026-04,Suffolk Constabulary,Suffolk Constabulary,1.153011,52.058357,On or near Lloyds Avenue,E01033125,Ipswich 007G,Public order,Investigation complete; no suspect identified,
bde7381fd68fcaeca265d63c5c2778d77b770934df53553656a37949c7fe670f,2026-04,Suffolk Constabulary,Suffolk Constabulary,1.151547,52.058495,On or near Providence Street,E01033125,Ipswich 007G,Public order,Unable to prosecute suspect,
8000c33333da073a2e52be8b05282e802516b17bc4779a158edf787eed868c46,2026-04,Suffolk Constabulary,Suffolk Constabulary,1.155761,52.055981,On or near Dogs Head Street,E01033125,Ipswich 007G,Public order,Unable to prosecute suspect,
71325857cb8e3ebd3dbe2f5a716c6aef5daf5cd06fa53b40d92463274708e93c,2026-04,Suffolk Constabulary,Suffolk Constabulary,1.155772,52.053444,On or near Parking Area,E01033125,Ipswich 007G,Public order,Awaiting court outcome,
5b94cbbec0440d34af03fa8c29e23ac1e280e0364a01cd71cbb8eb9eba381a8b,2026-04,Suffolk Constabulary,Suffolk Constabulary,1.152961,52.056199,On or near Nightclub,E01033125,Ipswich 007G,Public order,Local resolution,
e3c6d93de535a614f1baf4d48fcaad9da89b0a65bc298756804222956968d221,2026-04,Suffolk Constabulary,Suffolk Constabulary,1.153011,52.058357,On or near Lloyds Avenue,E01033125,Ipswich 007G,Public order,Unable to prosecute suspect,
039bf9a5b47f31ffb831e727f2ae431370568ee356f3713c2461f07249afc430,2026-04,Suffolk Constabulary,Suffolk Constabulary,1.153011,52.058357,On or near Lloyds Avenue,E01033125,Ipswich 007G,Public order,Unable to prosecute suspect,
1057eafa985c993105f8ed87b2c4bd76bcbac97197ee8674b6c5ecb94354157a,2026-04,Suffolk Constabulary,Suffolk Constabulary,1.155792,52.054550,On or near Lower Brook Street,E01033125,Ipswich 007G,Public order,Under investigation,
9acb77076b89c84fdf37910399ef105902fc4d061c82aed508a2b9a2048e8975,2026-04,Suffolk Constabulary,Suffolk Constabulary,1.155761,52.055981,On or near Dogs Head Street,E01033125,Ipswich 007G,Public order,Unable to prosecute suspect,
64948b0ee9aeb908931a7f4a7e3bd6e6bc7822224569391d8c6a5582e083c745,2026-04,Suffolk Constabulary,Suffolk Constabulary,1.156197,52.056571,On or near Upper Brook Street,E01033125,Ipswich 007G,Public order,Local resolution,
40f5c3f0d15d0363bb3a21e3548ef8931e01506403b247bf33e0592a48700c82,2026-04,Suffolk Constabulary,Suffolk Constabulary,1.153011,52.058357,On or near Lloyds Avenue,E01033125,Ipswich 007G,Public order,Awaiting court outcome,
7c56cb0c58078fdb416ae45fe5eb7090a6f78c88144f78dcdb8c7a9b6a0bc86c,2026-04,Suffolk Constabulary,Suffolk Constabulary,1.156197,52.056571,On or near Upper Brook Street,E01033125,Ipswich 007G,Public order,Under investigation,
90bc344826bc74719927e4483933bb1c5660feb79de2f604c1a235a61b492fca,2026-04,Suffolk Constabulary,Suffolk Constabulary,1.155772,52.053444,On or near Parking Area,E01033125,Ipswich 007G,Public order,Awaiting court outcome,
10086b14bde1b6e231f4514753965e1bc4c4cc53921a3325b0657b5005ecfa8f,2026-04,Suffolk Constabulary,Suffolk Constabulary,1.151547,52.058495,On or near Providence Street,E01033125,Ipswich 007G,Public order,Under investigation,
aa7d05cf825539c3b97d2e3276911fd2e0b29dfca26b64e14e4e8bfe55d99b24,2026-04,Suffolk Constabulary,Suffolk Constabulary,1.149950,52.056955,On or near Elm Street,E01033125,Ipswich 007G,Public order,Unable to prosecute suspect,
0318b189da9887caa2abe366825178fdc2a1e3b3f4dd394748ab10d6d1c3d511,2026-04,Suffolk Constabulary,Suffolk Constabulary,1.150752,52.058597,On or near Westgate Street,E01033125,Ipswich 007G,Public order,Under investigation,
45f573cc9a6f5143223068726e83622eab0f429b2e82c301efdcb10147364e62,2026-04,Suffolk Constabulary,Suffolk Constabulary,1.156234,52.057101,On or near B1076,E01033125,Ipswich 007G,Robbery,Investigation complete; no suspect identified,
a040da768a0c597b700ed0f6a1abc0f1854c5d394199b8307d6c8a27d0d2670e,2026-04,Suffolk Constabulary,Suffolk Constabulary,1.151803,52.057373,On or near King Street,E01033125,Ipswich 007G,Robbery,Under investigation,
cac866d535392ffbb8e8a0dac7918e059df5c8ee0916cd100033edf1b7778a82,2026-04,Suffolk Constabulary,Suffolk Constabulary,1.152961,52.056199,On or near Nightclub,E01033125,Ipswich 007G,Shoplifting,Awaiting court outcome,
14e8d98eb554b450b96b9c545b850fa5e8cba82e69f804c6ab31bdda2f18865f,2026-04,Suffolk Constabulary,Suffolk Constabulary,1.151547,52.058495,On or near Providence Street,E01033125,Ipswich 007G,Shoplifting,Local resolution,
6c9eff35248d7e38a5d78e3e1b58ec7bbed8f86e660b7e427871d30f99250ca5,2026-04,Suffolk Constabulary,Suffolk Constabulary,1.156197,52.056571,On or near Upper Brook Street,E01033125,Ipswich 007G,Shoplifting,Awaiting court outcome,
8f12261d785c2e73eb259b58e01ee6afa0ebe61d7944415f14f0db06d61a51e2,2026-04,Suffolk Constabulary,Suffolk Constabulary,1.153011,52.058357,On or near Lloyds Avenue,E01033125,Ipswich 007G,Shoplifting,Awaiting court outcome,
f754cafb6ecdc9c5f80c50fde69fc5be4521457954c9693ba869ff024fcc52b1,2026-04,Suffolk Constabulary,Suffolk Constabulary,1.155761,52.055981,On or near Dogs Head Street,E01033125,Ipswich 007G,Shoplifting,Awaiting court outcome,
8d28996133b773b375ef0ed6a9c271d63a58dd40a4d0f0e62eab9035e057be55,2026-04,Suffolk Constabulary,Suffolk Constabulary,1.153011,52.058357,On or near Lloyds Avenue,E01033125,Ipswich 007G,Shoplifting,Investigation complete; no suspect identified,
74b4e3aed3438ba8dcf69aaae1a9d526dbad9ad78a0870e27f1fbd8bc0b03e11,2026-04,Suffolk Constabulary,Suffolk Constabulary,1.153011,52.058357,On or near Lloyds Avenue,E01033125,Ipswich 007G,Shoplifting,Investigation complete; no suspect identified,
8b8b4d81ebcbc2482b02ea8a3911e5053083075cbcbb4c06d9bf42b38964831a,2026-04,Suffolk Constabulary,Suffolk Constabulary,1.156197,52.056571,On or near Upper Brook Street,E01033125,Ipswich 007G,Shoplifting,Awaiting court outcome,
e4c19253948b207090438aa1155eb25749d83233e531aea38abb58bcacdc159b,2026-04,Suffolk Constabulary,Suffolk Constabulary,1.153011,52.058357,On or near Lloyds Avenue,E01033125,Ipswich 007G,Shoplifting,Awaiting court outcome,
a4b84efdcf3cd21d552a54d080103c48c90aa63eea9793d8a79d97eba8dad567,2026-04,Suffolk Constabulary,Suffolk Constabulary,1.153011,52.058357,On or near Lloyds Avenue,E01033125,Ipswich 007G,Shoplifting,Under investigation,
184d141248fc214cb445a343964cf9ac9892b1d62790bdd45cd389283d8bcbc9,2026-04,Suffolk Constabulary,Suffolk Constabulary,1.153271,52.059150,On or near Tower Ramparts,E01033125,Ipswich 007G,Shoplifting,Unable to prosecute suspect,
3ae80049a6fe8db525b4c94f4b2b2056dcdead70d1a17596d9e273c198fff912,2026-04,Suffolk Constabulary,Suffolk Constabulary,1.153271,52.059150,On or near Tower Ramparts,E01033125,Ipswich 007G,Shoplifting,Investigation complete; no suspect identified,
1e05605190816aa17e4845072881336c18388ffdb836510dd0d65676e7916afa,2026-04,Suffolk Constabulary,Suffolk Constabulary,1.156234,52.057101,On or near B1076,E01033125,Ipswich 007G,Shoplifting,Investigation complete; no suspect identified,
edc9de91a30e24a510c883f93ef0375408126634c8763d97ced268bfce9f8663,2026-04,Suffolk Constabulary,Suffolk Constabulary,1.155761,52.055981,On or near Dogs Head Street,E01033125,Ipswich 007G,Shoplifting,Awaiting court outcome,
fef6a5f6f94a3decb04cfa059d262d46d6d12bf767fa72657d434ed4741e75fb,2026-04,Suffolk Constabulary,Suffolk Constabulary,1.156234,52.057101,On or near B1076,E01033125,Ipswich 007G,Shoplifting,Awaiting court outcome,
cb0ce7e16921f055c712107ae269641deb734f20d7b7cf49201bd5df03f9f102,2026-04,Suffolk Constabulary,Suffolk Constabulary,1.153011,52.058357,On or near Lloyds Avenue,E01033125,Ipswich 007G,Shoplifting,Investigation complete; no suspect identified,
13eb5f819af243f2cd5aa30309d4cc5822c3751bacef571183f28a850b7bd892,2026-04,Suffolk Constabulary,Suffolk Constabulary,1.153271,52.059150,On or near Tower Ramparts,E01033125,Ipswich 007G,Shoplifting,Investigation complete; no suspect identified,
927a402e540287a1cf91ea890fbc5bc0e90a29ea0651373fe4f4d112413fd8aa,2026-04,Suffolk Constabulary,Suffolk Constabulary,1.153011,52.058357,On or near Lloyds Avenue,E01033125,Ipswich 007G,Shoplifting,Awaiting court outcome,
4828d4ace9562dbdd0f8755d991e694bbc5983fe6f298b6f73075e9f670974d9,2026-04,Suffolk Constabulary,Suffolk Constabulary,1.156197,52.056571,On or near Upper Brook Street,E01033125,Ipswich 007G,Shoplifting,Investigation complete; no suspect identified,
f125b8b9066bb2f0ebaba975a4ed1dbddbb0a4159f44a72ca27c9ae0f2f6fa5f,2026-04,Suffolk Constabulary,Suffolk Constabulary,1.153011,52.058357,On or near Lloyds Avenue,E01033125,Ipswich 007G,Shoplifting,Unable to prosecute suspect,
1b15a2919a55bf8fe886387aa160583daa95d720b87fbc7ffbacb410db031c4b,2026-04,Suffolk Constabulary,Suffolk Constabulary,1.153271,52.059150,On or near Tower Ramparts,E01033125,Ipswich 007G,Shoplifting,Under investigation,
0b1658d029c0efa23db46f1ed094867e59125a8bb8ccf17665f24d0afa62274f,2026-04,Suffolk Constabulary,Suffolk Constabulary,1.153011,52.058357,On or near Lloyds Avenue,E01033125,Ipswich 007G,Shoplifting,Awaiting court outcome,
a1f22760080e01edde309762a853a3a44e3e371645b8e01b37920310f61eee91,2026-04,Suffolk Constabulary,Suffolk Constabulary,1.156234,52.057101,On or near B1076,E01033125,Ipswich 007G,Shoplifting,Awaiting court outcome,
e75622dbaa182ec27f40dd45e63ae4f40095834e3a04aca928aa3a8db0a48e87,2026-04,Suffolk Constabulary,Suffolk Constabulary,1.156234,52.057101,On or near B1076,E01033125,Ipswich 007G,Shoplifting,Awaiting court outcome,
07c056b3d4d132969e2513f89bec6cbe2ae5bfcc715bd9a6a56fa9e150c3ab96,2026-04,Suffolk Constabulary,Suffolk Constabulary,1.156234,52.057101,On or near B1076,E01033125,Ipswich 007G,Shoplifting,Awaiting court outcome,
e2807dbd436ac145ad491f13fee8306557d4b4a6941fb487aaa73dcd8422ea5a,2026-04,Suffolk Constabulary,Suffolk Constabulary,1.153011,52.058357,On or near Lloyds Avenue,E01033125,Ipswich 007G,Shoplifting,Awaiting court outcome,
6f74e13a5464dffad9a8e15359a6c82b333695531f8a185d006dde5a0dfc2b84,2026-04,Suffolk Constabulary,Suffolk Constabulary,1.156234,52.057101,On or near B1076,E01033125,Ipswich 007G,Shoplifting,Investigation complete; no suspect identified,
277b61f8fc7805df77d5d89f3870cbdec037e93f3cefae8ef7e68e985dcb2e8d,2026-04,Suffolk Constabulary,Suffolk Constabulary,1.153011,52.058357,On or near Lloyds Avenue,E01033125,Ipswich 007G,Shoplifting,Awaiting court outcome,
8f34a82e7257df32c9cf3eabbf2935c4fb4c5fe87a5e25f681816160e5904e08,2026-04,Suffolk Constabulary,Suffolk Constabulary,1.156234,52.057101,On or near B1076,E01033125,Ipswich 007G,Shoplifting,Awaiting court outcome,
be563925a86a811af4c2f8e867cf244195d20836c9d1c1f6bfe2586259e920ee,2026-04,Suffolk Constabulary,Suffolk Constabulary,1.151547,52.058495,On or near Providence Street,E01033125,Ipswich 007G,Shoplifting,Unable to prosecute suspect,
af759b5cf9e7d7f5d50dfb4cde2a1b1843b684475e43778fbd0ac34d398e6c27,2026-04,Suffolk Constabulary,Suffolk Constabulary,1.153011,52.058357,On or near Lloyds Avenue,E01033125,Ipswich 007G,Shoplifting,Awaiting court outcome,
a78d0fce4ed4251de599932d6f51f8af50693c454ad600ddf851075ab31c299d,2026-04,Suffolk Constabulary,Suffolk Constabulary,1.153861,52.059449,On or near Crown Street,E01033125,Ipswich 007G,Shoplifting,Unable to prosecute suspect,
7eaaaea6e8f3e816b25fd23f80c32e4e857e12dd441bfcd40f4b2b8a19c145d9,2026-04,Suffolk Constabulary,Suffolk Constabulary,1.153011,52.058357,On or near Lloyds Avenue,E01033125,Ipswich 007G,Shoplifting,Awaiting court outcome,
eb86859ca9d2ad1f3fc1297b7f02d844b4ddd07541aa9e996e203a79188f1239,2026-04,Suffolk Constabulary,Suffolk Constabulary,1.153011,52.058357,On or near Lloyds Avenue,E01033125,Ipswich 007G,Shoplifting,Awaiting court outcome,
7dd313294735d910be614122628b519717d37edd6a0f916397ac7aa9dc050344,2026-04,Suffolk Constabulary,Suffolk Constabulary,1.156197,52.056571,On or near Upper Brook Street,E01033125,Ipswich 007G,Shoplifting,Awaiting court outcome,
3d87bd9f573405b6717166dbdcea81a83f62ff37863e957fcc03c8a1bd93fc5a,2026-04,Suffolk Constabulary,Suffolk Constabulary,1.153011,52.058357,On or near Lloyds Avenue,E01033125,Ipswich 007G,Shoplifting,Awaiting court outcome,
c426f947fee9f554ea6bbe6d6de322e20f09137907b0f728728a5d73de32280f,2026-04,Suffolk Constabulary,Suffolk Constabulary,1.155761,52.055981,On or near Dogs Head Street,E01033125,Ipswich 007G,Theft from the person,Investigation complete; no suspect identified,
5f899b6aff0c09426af5de1c5f56da5c795cc558385faacc55003b9a58c63c7a,2026-04,Suffolk Constabulary,Suffolk Constabulary,1.149213,52.056435,On or near Curriers' Lane,E01033125,Ipswich 007G,Violence and sexual offences,Awaiting court outcome,
c1b07614bda9762d5063ba352989eb9c4ceb1ca93e26c4f2bf7114df803d3c8b,2026-04,Suffolk Constabulary,Suffolk Constabulary,1.155761,52.055981,On or near Dogs Head Street,E01033125,Ipswich 007G,Violence and sexual offences,Awaiting court outcome,
0eda288df4776476dbcc40e660fc9871bb57d282ff941d3fc67b523b70ab0541,2026-04,Suffolk Constabulary,Suffolk Constabulary,1.156234,52.057101,On or near B1076,E01033125,Ipswich 007G,Violence and sexual offences,Under investigation,
29c0f3b129d51eb0b7d4c92d72d0c44637cc6244fc511805f09653f1d745cf50,2026-04,Suffolk Constabulary,Suffolk Constabulary,1.149399,52.057824,On or near Black Horse Lane,E01033125,Ipswich 007G,Violence and sexual offences,Unable to prosecute suspect,
bd112dafde1de5a2be98847ab3771bdc4c1916664e229a6cec2f8b48e8fea6c7,2026-04,Suffolk Constabulary,Suffolk Constabulary,1.151803,52.057373,On or near King Street,E01033125,Ipswich 007G,Violence and sexual offences,Under investigation,
9702572e8e69a1591a802484d80f6d68168b6fabffc664fa105689c50b82b9c4,2026-04,Suffolk Constabulary,Suffolk Constabulary,1.155761,52.055981,On or near Dogs Head Street,E01033125,Ipswich 007G,Violence and sexual offences,Unable to prosecute suspect,
1eda91057fd9b9f4d7a16436deb3cba660da6d0af7e4beeb7910d742a661823e,2026-04,Suffolk Constabulary,Suffolk Constabulary,1.149213,52.056435,On or near Curriers' Lane,E01033125,Ipswich 007G,Violence and sexual offences,Under investigation,
bb997f1e4fb40d8a7fd524461030143a5f3dca3b15bc1285958eda4aa20aa4bf,2026-04,Suffolk Constabulary,Suffolk Constabulary,1.149399,52.057824,On or near Black Horse Lane,E01033125,Ipswich 007G,Violence and sexual offences,Unable to prosecute suspect,
5b8e6803628ab3003d9033150002cb586d1c9a953c4d02f6ac10c3ec04789393,2026-04,Suffolk Constabulary,Suffolk Constabulary,1.156197,52.056571,On or near Upper Brook Street,E01033125,Ipswich 007G,Violence and sexual offences,Unable to prosecute suspect,
1561018fe545e6c7a3160e8a009143f8bbadcc40e3bbe0f1d9b72fc30cc7ee51,2026-04,Suffolk Constabulary,Suffolk Constabulary,1.157342,52.055848,On or near Tacket Street,E01033125,Ipswich 007G,Violence and sexual offences,Unable to prosecute suspect,
3632434e6127db02a776d8e83530edc124f0f8533ec9eba3b88139dbb09c783c,2026-04,Suffolk Constabulary,Suffolk Constabulary,1.155761,52.055981,On or near Dogs Head Street,E01033125,Ipswich 007G,Violence and sexual offences,Awaiting court outcome,
64dfcd6ccec66113d43176082a0e703e2cca3ac0c8f160e682ee93a5d252543d,2026-04,Suffolk Constabulary,Suffolk Constabulary,1.155792,52.054550,On or near Lower Brook Street,E01033125,Ipswich 007G,Violence and sexual offences,Unable to prosecute suspect,
a697821e5f849ff61df1401f8aeb7056c62741f63837f45559361c8bdab26f91,2026-04,Suffolk Constabulary,Suffolk Constabulary,1.152961,52.056199,On or near Nightclub,E01033125,Ipswich 007G,Violence and sexual offences,Investigation complete; no suspect identified,
26db0876ada9f89dfcc868e9269fa87ec334825a61043a6a2501a1eeff603c92,2026-04,Suffolk Constabulary,Suffolk Constabulary,1.147985,52.057232,On or near Civic Drive,E01033125,Ipswich 007G,Violence and sexual offences,Awaiting court outcome,
ee8bb2d25e358d351aeb41f82f8b8e89aefea8b282fed8dddc489cac92420957,2026-04,Suffolk Constabulary,Suffolk Constabulary,1.152961,52.056199,On or near Nightclub,E01033125,Ipswich 007G,Violence and sexual offences,Unable to prosecute suspect,
5afa604202930ab9d6ed5d75725af076dae3ac23efd4810f5b9a594281997b0f,2026-04,Suffolk Constabulary,Suffolk Constabulary,1.153011,52.058357,On or near Lloyds Avenue,E01033125,Ipswich 007G,Violence and sexual offences,Investigation complete; no suspect identified,
3954ad21608a68f5d7b8d47086eded9f9c271c0b5b78d2e63d31fc32b77737df,2026-04,Suffolk Constabulary,Suffolk Constabulary,1.155761,52.055981,On or near Dogs Head Street,E01033125,Ipswich 007G,Violence and sexual offences,Unable to prosecute suspect,
f5358e2d6e575ecf447c476ea0a7d819659b7ca8a4de99f1053085402dcb2787,2026-04,Suffolk Constabulary,Suffolk Constabulary,1.149213,52.056435,On or near Curriers' Lane,E01033125,Ipswich 007G,Violence and sexual offences,Under investigation,
bf2389b0bf33a4095b030f984a41e1922e373c52ed5d480c4cf0aee981b255d2,2026-04,Suffolk Constabulary,Suffolk Constabulary,1.155761,52.055981,On or near Dogs Head Street,E01033125,Ipswich 007G,Violence and sexual offences,Investigation complete; no suspect identified,
c91836b82a7c98c51929cec94700e614d630d7c2ea1bed30b6ac497fc49e9c21,2026-04,Suffolk Constabulary,Suffolk Constabulary,1.155761,52.055981,On or near Dogs Head Street,E01033125,Ipswich 007G,Violence and sexual offences,Under investigation,
da29407dc96b5d3c1edca5e080510a5c7924a5fb88b41eaedf10272942b8eb18,2026-04,Suffolk Constabulary,Suffolk Constabulary,1.156197,52.056571,On or near Upper Brook Street,E01033125,Ipswich 007G,Violence and sexual offences,Unable to prosecute suspect,
f6af23b9ee41ea26dc0f8107f4d4f825909bb9fffa8365a1dd85ba5bbb3524e3,2026-04,Suffolk Constabulary,Suffolk Constabulary,1.149399,52.057824,On or near Black Horse Lane,E01033125,Ipswich 007G,Violence and sexual offences,Unable to prosecute suspect,
39e1331d8ef1c9ba6320cebcd8fa373284c5b3733d172fe1a87757ab511a402a,2026-04,Suffolk Constabulary,Suffolk Constabulary,1.151814,52.056077,On or near Friars Street,E01033125,Ipswich 007G,Violence and sexual offences,Awaiting court outcome,
7ea1870709be7827e92e88feb41940f06aa98023780bdb5e196608f9c94d32fe,2026-04,Suffolk Constabulary,Suffolk Constabulary,1.148003,52.058931,On or near Theatre/Concert Hall,E01033125,Ipswich 007G,Violence and sexual offences,Action to be taken by another organisation,
7dbb87c1234ff72c6a3c1605eb76fb416d7ceaf146924596b0ff8e115c8496a3,2026-04,Suffolk Constabulary,Suffolk Constabulary,1.155761,52.055981,On or near Dogs Head Street,E01033125,Ipswich 007G,Violence and sexual offences,Investigation complete; no suspect identified,
3a89b5365c5df7e0a92c76ac31134faf7c2be7f1baddf4cc8ef82b47da681666,2026-04,Suffolk Constabulary,Suffolk Constabulary,1.153011,52.058357,On or near Lloyds Avenue,E01033125,Ipswich 007G,Violence and sexual offences,Unable to prosecute suspect,
1452523dcb4d5c4a277d2780946270c42de90364d72273a6eebac4b9a273bcc9,2026-04,Suffolk Constabulary,Suffolk Constabulary,1.153011,52.058357,On or near Lloyds Avenue,E01033125,Ipswich 007G,Violence and sexual offences,Awaiting court outcome,
4c6ba710740d0132deaf0f920630a44cdc9adda813250093900d9cac3bf0a82f,2026-04,Suffolk Constabulary,Suffolk Constabulary,1.150752,52.058597,On or near Westgate Street,E01033125,Ipswich 007G,Violence and sexual offences,Unable to prosecute suspect,
7b506aba109375a26d6fa373eeb242bff448734070a364f99c714a8f2e4d96b5,2026-04,Suffolk Constabulary,Suffolk Constabulary,1.149418,52.054163,On or near Cecilia Street,E01033125,Ipswich 007G,Violence and sexual offences,Investigation complete; no suspect identified,
99d9c2ecf03bd3d976ceb99d5c54239f04167624b777dc47645ae0ad6dfb0f26,2026-04,Suffolk Constabulary,Suffolk Constabulary,1.153697,52.055253,On or near Silent Street,E01033125,Ipswich 007G,Violence and sexual offences,Unable to prosecute suspect,
7dd192f8fcf18379f78c266d7a8c3931f8c696c82cae4f0556fc416c920e6b5d,2026-04,Suffolk Constabulary,Suffolk Constabulary,1.147985,52.057232,On or near Civic Drive,E01033125,Ipswich 007G,Violence and sexual offences,Investigation complete; no suspect identified,
52ecdf925dcd9197a2fdc841988b74f75a9b6db769be1c62cef49301671fc27d,2026-04,Suffolk Constabulary,Suffolk Constabulary,1.155761,52.055981,On or near Dogs Head Street,E01033125,Ipswich 007G,Violence and sexual offences,Awaiting court outcome,
be0d821303e429593381fdd737f84a1f946a7036d5ea1c5277651c62b88829cb,2026-04,Suffolk Constabulary,Suffolk Constabulary,1.156197,52.056571,On or near Upper Brook Street,E01033125,Ipswich 007G,Violence and sexual offences,Action to be taken by another organisation,
d4bbbdb52320e0a3be9e6a47552b8154c1ea32ede5bf4208158491aad763cda1,2026-04,Suffolk Constabulary,Suffolk Constabulary,1.150752,52.058597,On or near Westgate Street,E01033125,Ipswich 007G,Violence and sexual offences,Investigation complete; no suspect identified,
ab625f078b83372f3bfb9a0c107d1426813b9b8563dfd65a8c75b319206d76e1,2026-04,Suffolk Constabulary,Suffolk Constabulary,1.157098,52.054047,On or near Parking Area,E01033125,Ipswich 007G,Violence and sexual offences,Unable to prosecute suspect,
fca650649e0b8bdc244233768df92022266d424ead2a0b0d892e0d05972b5ed8,2026-04,Suffolk Constabulary,Suffolk Constabulary,1.155761,52.055981,On or near Dogs Head Street,E01033125,Ipswich 007G,Violence and sexual offences,Unable to prosecute suspect,
118e8cef61384ed037e6ca94597940dcd28e5c5cf3f2c63650e6a0200ce7b354,2026-04,Suffolk Constabulary,Suffolk Constabulary,1.160448,52.054794,On or near Waterworks Street,E01033125,Ipswich 007G,Violence and sexual offences,Unable to prosecute suspect,
17a4826d93150ae325fa7704404fe74ea9fb2c85370bc832bf9407f21833f5a7,2026-04,Suffolk Constabulary,Suffolk Constabulary,1.156234,52.057101,On or near B1076,E01033125,Ipswich 007G,Violence and sexual offences,Under investigation,
b5debf461c5f0654b9b114927d99128c6cd3991ce414fc7532738652729d135f,2026-04,Suffolk Constabulary,Suffolk Constabulary,1.153011,52.058357,On or near Lloyds Avenue,E01033125,Ipswich 007G,Violence and sexual offences,Awaiting court outcome,
968ffda912a7182f967f7dfa115552d8e4477979dfe0c289f33c9b3821700bb6,2026-04,Suffolk Constabulary,Suffolk Constabulary,1.151547,52.058495,On or near Providence Street,E01033125,Ipswich 007G,Violence and sexual offences,Unable to prosecute suspect,
82b625a1951a54360920ac50c33367216d9147664dc51630e361541dd11834c9,2026-04,Suffolk Constabulary,Suffolk Constabulary,1.153011,52.058357,On or near Lloyds Avenue,E01033125,Ipswich 007G,Violence and sexual offences,Unable to prosecute suspect,
c32d60606f13e7389ea6ff5dba17b19e9394c70866b923ba846fff273257fa8e,2026-04,Suffolk Constabulary,Suffolk Constabulary,1.150752,52.058597,On or near Westgate Street,E01033125,Ipswich 007G,Violence and sexual offences,Unable to prosecute suspect,
4c262cbf7f4a579ca1a7c27a00461b221bc771c352cf1a0a6fa530e040877b46,2026-04,Suffolk Constabulary,Suffolk Constabulary,1.156234,52.057101,On or near B1076,E01033125,Ipswich 007G,Other crime,Unable to prosecute suspect,
5d18c01745077b58846a9df7b9c1e5154f4271adbec67d5d11122f1bc7bb5d85,2026-04,Suffolk Constabulary,Suffolk Constabulary,1.149399,52.057824,On or near Black Horse Lane,E01033125,Ipswich 007G,Other crime,Under investigation,
65604a934669ebab871ddb8fc03d1d91b14af832c9ab14cf88d9ee8b59948d75,2026-04,Suffolk Constabulary,Suffolk Constabulary,1.151577,52.056434,On or near Coytes Gardens,E01033125,Ipswich 007G,Other crime,Awaiting court outcome,
,2026-04,Suffolk Constabulary,Suffolk Constabulary,1.160326,52.057405,On or near Theatre/Concert Hall,E01033129,Ipswich 007H,Anti-social behaviour,,
,2026-04,Suffolk Constabulary,Suffolk Constabulary,1.158128,52.057266,On or near Shopping Area,E01033129,Ipswich 007H,Anti-social behaviour,,
7fcc8d09ce136b30a34a63dfd760a8647a9d69ef096c0b0307ae516c366b7f4e,2026-04,Suffolk Constabulary,Suffolk Constabulary,1.156353,52.058159,On or near Northgate Street,E01033129,Ipswich 007H,Bicycle theft,Unable to prosecute suspect,
7926092e9adf8bd87b00b7160a88a5b392260d226e65989478940bc5ba2a4dd4,2026-04,Suffolk Constabulary,Suffolk Constabulary,1.160898,52.053927,On or near Parking Area,E01033129,Ipswich 007H,Bicycle theft,Investigation complete; no suspect identified,
b40811f0cddbc828efe61d4a9252caea906f3eb4e63a2a323b98e3391f9d0109,2026-04,Suffolk Constabulary,Suffolk Constabulary,1.161606,52.055284,On or near Woodhouse Square,E01033129,Ipswich 007H,Criminal damage and arson,Under investigation,
d3934951f733afc0d2eb4dc49c87ee0d5a15a9f39c610b9fa920adbaf8cff49e,2026-04,Suffolk Constabulary,Suffolk Constabulary,1.165925,52.054871,On or near Further/Higher Educational Building,E01033129,Ipswich 007H,Criminal damage and arson,Investigation complete; no suspect identified,
84c64d3e257af3f297758fea218d96b90dc33d34baf24e173865c5857c386344,2026-04,Suffolk Constabulary,Suffolk Constabulary,1.161627,52.055787,On or near Shaftesbury Square,E01033129,Ipswich 007H,Criminal damage and arson,Investigation complete; no suspect identified,
3f43f382281f573c9dbc10c516adf4044ba385aa672b33305864a88d5de10aa7,2026-04,Suffolk Constabulary,Suffolk Constabulary,1.160612,52.056282,On or near Bond Street,E01033129,Ipswich 007H,Criminal damage and arson,Unable to prosecute suspect,
79a0c16cfd953cc980c1f2b451c5348b8820f92c64d5a2345d8fbd1ada9cee49,2026-04,Suffolk Constabulary,Suffolk Constabulary,1.158359,52.057440,On or near Shopping Area,E01033129,Ipswich 007H,Criminal damage and arson,Investigation complete; no suspect identified,
43853b3838daa40b98cb3ea86863e9581714f78d20a981373157ebcd5c5dbc5e,2026-04,Suffolk Constabulary,Suffolk Constabulary,1.158128,52.057266,On or near Shopping Area,E01033129,Ipswich 007H,Criminal damage and arson,Awaiting court outcome,
07d07ca8bb71504cbd84ee16335ede2dfaf05f1bf3166272914bb86a03cd9b4f,2026-04,Suffolk Constabulary,Suffolk Constabulary,1.163852,52.057121,On or near Wells Close,E01033129,Ipswich 007H,Criminal damage and arson,Awaiting court outcome,
1a316b85cf048f3997ae159ae5e7744944273185ea7f432630f15d125e05078c,2026-04,Suffolk Constabulary,Suffolk Constabulary,1.160898,52.053927,On or near Parking Area,E01033129,Ipswich 007H,Drugs,Local resolution,
656d3d5f4a29df88e2aea7773315531d31847b1b47b2ffdb72fee5a73cebb28e,2026-04,Suffolk Constabulary,Suffolk Constabulary,1.157321,52.056577,On or near Parking Area,E01033129,Ipswich 007H,Drugs,Local resolution,
896080dfa80df4349970f36a7101e6a68d46020b86481689efb661527b375cb4,2026-04,Suffolk Constabulary,Suffolk Constabulary,1.156353,52.058159,On or near Northgate Street,E01033129,Ipswich 007H,Other theft,Investigation complete; no suspect identified,
38ca3d85187f10325630f826a88d59966e01f5fa2a08450322534c6765ab3586,2026-04,Suffolk Constabulary,Suffolk Constabulary,1.156353,52.058159,On or near Northgate Street,E01033129,Ipswich 007H,Other theft,Investigation complete; no suspect identified,
d5bd10643e755a5afc1a1678e2347481eeae805cab6171d4f65c4c41481e0340,2026-04,Suffolk Constabulary,Suffolk Constabulary,1.163852,52.057121,On or near Wells Close,E01033129,Ipswich 007H,Other theft,Unable to prosecute suspect,
672f8f5bb62cbf3460a9e06eec5bbf10c2c84e70f6d67147d8c383452fb4c50d,2026-04,Suffolk Constabulary,Suffolk Constabulary,1.160612,52.056282,On or near Bond Street,E01033129,Ipswich 007H,Other theft,Unable to prosecute suspect,
54297a264931af9364c9f29b26eb32a33290fdf1e650ffeadf65c08acf8d3e1d,2026-04,Suffolk Constabulary,Suffolk Constabulary,1.156353,52.058159,On or near Northgate Street,E01033129,Ipswich 007H,Public order,Unable to prosecute suspect,
cb5ec7d21311c8c65bd404fec8f0e220c90124f7e852ce1b822fad5d923ab3e1,2026-04,Suffolk Constabulary,Suffolk Constabulary,1.158017,52.057548,On or near Shopping Area,E01033129,Ipswich 007H,Public order,Under investigation,
cb77f42d0bce64a130591e29fdbdc9395e427afa12e79d57773d7c65f34cf4f6,2026-04,Suffolk Constabulary,Suffolk Constabulary,1.156353,52.058159,On or near Northgate Street,E01033129,Ipswich 007H,Public order,Awaiting court outcome,
15d3dc453fbd5936b620430baffbd4fd43d09c685b3a27b39554980b1933835f,2026-04,Suffolk Constabulary,Suffolk Constabulary,1.156918,52.059142,On or near St Margaret'S Plain,E01033129,Ipswich 007H,Public order,Investigation complete; no suspect identified,
460966d9015cc4e808677b20854de6f8f90aea2f20f24d83195e19e273b24903,2026-04,Suffolk Constabulary,Suffolk Constabulary,1.165575,52.056320,On or near Regent Street,E01033129,Ipswich 007H,Robbery,Under investigation,
d9c40696b1f5e99029e745d3caf1b94f87f3295c998f3ca44420acba436e0043,2026-04,Suffolk Constabulary,Suffolk Constabulary,1.158359,52.057440,On or near Shopping Area,E01033129,Ipswich 007H,Shoplifting,Awaiting court outcome,
f4c21561f576fb810b9314dff0ee69683a3a2be055c68390ee0f59c2a75524ec,2026-04,Suffolk Constabulary,Suffolk Constabulary,1.158359,52.057440,On or near Shopping Area,E01033129,Ipswich 007H,Shoplifting,Under investigation,
397173636f4e3b7081a175a28d241f21acdf8004ccae1e240bf2a23bb19fa290,2026-04,Suffolk Constabulary,Suffolk Constabulary,1.158359,52.057440,On or near Shopping Area,E01033129,Ipswich 007H,Shoplifting,Awaiting court outcome,
cb27642822f011695e7e28b18e5bf301f8f9c5cd985314e00ca0e33bc7a92f1e,2026-04,Suffolk Constabulary,Suffolk Constabulary,1.158359,52.057440,On or near Shopping Area,E01033129,Ipswich 007H,Shoplifting,Awaiting court outcome,
848670a8703a0fcacb8be7c6e011de1f536ae844a73f579ff2d3621208a78fa6,2026-04,Suffolk Constabulary,Suffolk Constabulary,1.158359,52.057440,On or near Shopping Area,E01033129,Ipswich 007H,Theft from the person,Unable to prosecute suspect,
9e7409a78150c3070a89b4b28b02d0641b19f91d9cffcd53e07da9d62b43e11c,2026-04,Suffolk Constabulary,Suffolk Constabulary,1.157321,52.056577,On or near Parking Area,E01033129,Ipswich 007H,Vehicle crime,Investigation complete; no suspect identified,
908ab08f08ab9ef68aa67e6b029c1112388868783073a79e0418f021da3468fa,2026-04,Suffolk Constabulary,Suffolk Constabulary,1.163242,52.055924,On or near Parking Area,E01033129,Ipswich 007H,Vehicle crime,Investigation complete; no suspect identified,
893699d32ba882e5d4d9889ef62e3f83921601872992e64a2f35d4d12b3a4f29,2026-04,Suffolk Constabulary,Suffolk Constabulary,1.161606,52.055284,On or near Woodhouse Square,E01033129,Ipswich 007H,Violence and sexual offences,Offender given a caution,
99a811b389e017910f2328ea43709344e9f62ac42aafc9da1866ddec02ec0dcf,2026-04,Suffolk Constabulary,Suffolk Constabulary,1.156918,52.059142,On or near St Margaret'S Plain,E01033129,Ipswich 007H,Violence and sexual offences,Investigation complete; no suspect identified,
63e5d5324d5863525dcce4d06642a61b45b9e95e99dda476800313fb124756a4,2026-04,Suffolk Constabulary,Suffolk Constabulary,1.169622,52.053719,On or near Hill House Road,E01033129,Ipswich 007H,Violence and sexual offences,Under investigation,
3f517a17ff3f192a8b1576606e7909931dac434e1510f297a953aa843df0e46a,2026-04,Suffolk Constabulary,Suffolk Constabulary,1.163242,52.055924,On or near Parking Area,E01033129,Ipswich 007H,Violence and sexual offences,Unable to prosecute suspect,
01e6c933b673cfbcbebd7063e4dac192c6771cef3592c544935cc8365586c192,2026-04,Suffolk Constabulary,Suffolk Constabulary,1.156353,52.058159,On or near Northgate Street,E01033129,Ipswich 007H,Violence and sexual offences,Unable to prosecute suspect,
eff45d0b988b7f4cdc2c900d2ad2bd6b701933a4fed53f68216ec29bc2d45c14,2026-04,Suffolk Constabulary,Suffolk Constabulary,1.161606,52.055284,On or near Woodhouse Square,E01033129,Ipswich 007H,Violence and sexual offences,Under investigation,
b77bfb649924af412d140cf4e6542cb2e21c8d6b356722d31e0cbbe943dfc082,2026-04,Suffolk Constabulary,Suffolk Constabulary,1.161627,52.055787,On or near Shaftesbury Square,E01033129,Ipswich 007H,Violence and sexual offences,Unable to prosecute suspect,
a82c983b77b9a9ca7581fe7f44b0ede39a798fa046a87133a379b97cbcf48465,2026-04,Suffolk Constabulary,Suffolk Constabulary,1.158128,52.057266,On or near Shopping Area,E01033129,Ipswich 007H,Violence and sexual offences,Under investigation,
1d077fd1aa869718827ba76fa2b19097c07e063aa47a99de42fea92eaeb78cd3,2026-04,Suffolk Constabulary,Suffolk Constabulary,1.163852,52.057121,On or near Wells Close,E01033129,Ipswich 007H,Violence and sexual offences,Unable to prosecute suspect,
5169c7ba138e9783830ea2c95cf61b1f9f96e395cdde3135edad4dc86a33c625,2026-04,Suffolk Constabulary,Suffolk Constabulary,1.160612,52.056282,On or near Bond Street,E01033129,Ipswich 007H,Violence and sexual offences,Unable to prosecute suspect,
0020ce33803bd7921934a81e95568c0110fd107c4e9636b9af87a4edff598200,2026-04,Suffolk Constabulary,Suffolk Constabulary,1.156353,52.058159,On or near Northgate Street,E01033129,Ipswich 007H,Violence and sexual offences,Unable to prosecute suspect,
9765a82591520a56ecd43fdb3c81b2b817a3bd5dce86e9cc913ed776e3e5e58e,2026-04,Suffolk Constabulary,Suffolk Constabulary,1.168264,52.055564,On or near Kings Avenue,E01033129,Ipswich 007H,Violence and sexual offences,Unable to prosecute suspect,
edfc6e263174df3a07b6151175eb61628294b487dda2f333ac3a720f42cc50cf,2026-04,Suffolk Constabulary,Suffolk Constabulary,1.156353,52.058159,On or near Northgate Street,E01033129,Ipswich 007H,Violence and sexual offences,Unable to prosecute suspect,
192a749d201054ad19fa0ec0f08658328f99a243584cee47f8bf90928ccd30bc,2026-04,Suffolk Constabulary,Suffolk Constabulary,1.161938,52.057083,On or near Newton Street,E01033129,Ipswich 007H,Violence and sexual offences,Under investigation,
1e7ee8fd1ad55965a3ef5180502e41e62807c0e2713efbeda6535e8aef0746ff,2026-04,Suffolk Constabulary,Suffolk Constabulary,1.161606,52.055284,On or near Woodhouse Square,E01033129,Ipswich 007H,Violence and sexual offences,Under investigation,
4cd82a4780f95e52040b9798e233adedfaca50f05d498d22f55e1f184a817c99,2026-04,Suffolk Constabulary,Suffolk Constabulary,1.165925,52.054871,On or near Further/Higher Educational Building,E01033129,Ipswich 007H,Violence and sexual offences,Under investigation,
e82d42b11814881f1327ca07cbdeb7f0a66a0b3797aa6bed621c2f3b5f3ed6f5,2026-04,Suffolk Constabulary,Suffolk Constabulary,1.156353,52.058159,On or near Northgate Street,E01033129,Ipswich 007H,Violence and sexual offences,Unable to prosecute suspect,
91672859d9aaa3aa07dd16115ff929ed48f5ba2dda3aa9efb22462802049f20d,2026-04,Suffolk Constabulary,Suffolk Constabulary,1.156353,52.058159,On or near Northgate Street,E01033129,Ipswich 007H,Violence and sexual offences,Unable to prosecute suspect,
ba2505fa30cda89a213974d4231fa5de1bfc23d29ccfc86fd00f811e1de3ae5b,2026-04,Suffolk Constabulary,Suffolk Constabulary,1.156353,52.058159,On or near Northgate Street,E01033129,Ipswich 007H,Violence and sexual offences,Investigation complete; no suspect identified,
f32d21941876d7f5990e3b03493a36ff3cb73b5892cd06a4a9dee41248ce1445,2026-04,Suffolk Constabulary,Suffolk Constabulary,1.158359,52.057440,On or near Shopping Area,E01033129,Ipswich 007H,Other crime,Under investigation,
6804c1da28896924211fc59a2e07e719e115d8f6111d75f989331232d0c47887,2026-04,Suffolk Constabulary,Suffolk Constabulary,1.181538,52.061560,On or near Petrol Station,E01030002,Ipswich 008A,Criminal damage and arson,Investigation complete; no suspect identified,
20bde6771b419175eb927c7f5a0fdfc39fe2566056b4e1c41229803a38e683fb,2026-04,Suffolk Constabulary,Suffolk Constabulary,1.178998,52.059196,On or near Oakstead Close,E01030002,Ipswich 008A,Criminal damage and arson,Unable to prosecute suspect,
77f314a9ed132631dc2e909fc676a89c33f0139850bc857779bfc19f20d6c932,2026-04,Suffolk Constabulary,Suffolk Constabulary,1.181538,52.061560,On or near Petrol Station,E01030002,Ipswich 008A,Other theft,Investigation complete; no suspect identified,
77e11d287b13053d4f7c29e3aeca243d95ac064335ebf4f00b3953350174a5b8,2026-04,Suffolk Constabulary,Suffolk Constabulary,1.178998,52.059196,On or near Oakstead Close,E01030002,Ipswich 008A,Possession of weapons,Unable to prosecute suspect,
89a7cd28bb684dd127fa4194d5f91dbc790d6afa303c261958d37e2db900a39a,2026-04,Suffolk Constabulary,Suffolk Constabulary,1.178998,52.059196,On or near Oakstead Close,E01030002,Ipswich 008A,Possession of weapons,Unable to prosecute suspect,
34891c2db26e65c512b44580aa493edfa84b5ea2575e9c29f0fff8d4cd4d5c24,2026-04,Suffolk Constabulary,Suffolk Constabulary,1.178998,52.059196,On or near Oakstead Close,E01030002,Ipswich 008A,Possession of weapons,Unable to prosecute suspect,
b5e59259fa0ea3c20ec191b0e8452f4a3fca43465c3f93f6191bc65dc091d787,2026-04,Suffolk Constabulary,Suffolk Constabulary,1.182694,52.061731,On or near Woodbridge Road,E01030002,Ipswich 008A,Shoplifting,Investigation complete; no suspect identified,
a5e677d27b4070396376b69f054f6fbdf4eb08ba55adc28029ff0226e8b47d0a,2026-04,Suffolk Constabulary,Suffolk Constabulary,1.182694,52.061731,On or near Woodbridge Road,E01030002,Ipswich 008A,Shoplifting,Awaiting court outcome,
e75d4b74b70dd5604df08cd9c70ad7b4bb11c35378e26d96e6c3ab70f1c01930,2026-04,Suffolk Constabulary,Suffolk Constabulary,1.182694,52.061731,On or near Woodbridge Road,E01030002,Ipswich 008A,Shoplifting,Investigation complete; no suspect identified,
dfffdcbcdc680e29006f7b48b27edf8a786213d9f731cb2b21e24e68c8002e46,2026-04,Suffolk Constabulary,Suffolk Constabulary,1.182694,52.061731,On or near Woodbridge Road,E01030002,Ipswich 008A,Shoplifting,Awaiting court outcome,
be63ee3500696be451e538c10c9f0b7d99e4fe3b50ae92f196bcbf4a18e5a6c1,2026-04,Suffolk Constabulary,Suffolk Constabulary,1.182694,52.061731,On or near Woodbridge Road,E01030002,Ipswich 008A,Shoplifting,Investigation complete; no suspect identified,
90f1f65fb3e785fcf2855339d12eddc4042de3532e9b6e3f44efc9ef03b1f5f8,2026-04,Suffolk Constabulary,Suffolk Constabulary,1.182694,52.061731,On or near Woodbridge Road,E01030002,Ipswich 008A,Shoplifting,Unable to prosecute suspect,
04a140e22f04c56181eb8d0c33048c3b6cc56c8f47ed70796e3b7fd77e5e618e,2026-04,Suffolk Constabulary,Suffolk Constabulary,1.182694,52.061731,On or near Woodbridge Road,E01030002,Ipswich 008A,Shoplifting,Investigation complete; no suspect identified,
a86760322971956b0d9513b78d20d6151cf4e810da561d92de42dc6af9eef6ca,2026-04,Suffolk Constabulary,Suffolk Constabulary,1.182694,52.061731,On or near Woodbridge Road,E01030002,Ipswich 008A,Shoplifting,Investigation complete; no suspect identified,
63bea4529246ee27b252276587d3682e082c652a98acbf732ef3fc1e5109236a,2026-04,Suffolk Constabulary,Suffolk Constabulary,1.182694,52.061731,On or near Woodbridge Road,E01030002,Ipswich 008A,Shoplifting,Investigation complete; no suspect identified,
b0271d5eb419b2b7e6439cd0e3677baceea278661ad5238b83a6bae86817de95,2026-04,Suffolk Constabulary,Suffolk Constabulary,1.182694,52.061731,On or near Woodbridge Road,E01030002,Ipswich 008A,Shoplifting,Investigation complete; no suspect identified,
bca4cb1bfd8ba797ffe8c53f2aca14bd1c03eb9475a8884de68089f89ca8b596,2026-04,Suffolk Constabulary,Suffolk Constabulary,1.182694,52.061731,On or near Woodbridge Road,E01030002,Ipswich 008A,Shoplifting,Investigation complete; no suspect identified,
0b4b71e5adae344e245e9b36ef6ee95fe37907670c71fad5ba1551d6afd877d6,2026-04,Suffolk Constabulary,Suffolk Constabulary,1.182694,52.061731,On or near Woodbridge Road,E01030002,Ipswich 008A,Shoplifting,Investigation complete; no suspect identified,
2a2a1d0900f118baf29a0aefa23f5b160efe491159fe847223424a759996d728,2026-04,Suffolk Constabulary,Suffolk Constabulary,1.182694,52.061731,On or near Woodbridge Road,E01030002,Ipswich 008A,Shoplifting,Investigation complete; no suspect identified,
24de80178f8584c03096151487d76549974dc5d2c4acd9f974a7a40fd8984b23,2026-04,Suffolk Constabulary,Suffolk Constabulary,1.182694,52.061731,On or near Woodbridge Road,E01030002,Ipswich 008A,Shoplifting,Investigation complete; no suspect identified,
f06d6cbc0dfd398094d053db72cec7c4212b6ba1f6055843e48576cc83b2f4a9,2026-04,Suffolk Constabulary,Suffolk Constabulary,1.182694,52.061731,On or near Woodbridge Road,E01030002,Ipswich 008A,Shoplifting,Investigation complete; no suspect identified,
66bde4efa2447dd94d0ee02198cac0dc9b5e94a1a36f203864004aa97649b63e,2026-04,Suffolk Constabulary,Suffolk Constabulary,1.182694,52.061731,On or near Woodbridge Road,E01030002,Ipswich 008A,Shoplifting,Investigation complete; no suspect identified,
5ada22e2eec4dd0b47015504ddbd054bc07f6513837cd94ed70724265c72cd1f,2026-04,Suffolk Constabulary,Suffolk Constabulary,1.182694,52.061731,On or near Woodbridge Road,E01030002,Ipswich 008A,Shoplifting,Investigation complete; no suspect identified,
e4a8c254e3f5e1510dadd020d9e1e22e17624c5d81e18311b9fd00dc286a163f,2026-04,Suffolk Constabulary,Suffolk Constabulary,1.182694,52.061731,On or near Woodbridge Road,E01030002,Ipswich 008A,Shoplifting,Investigation complete; no suspect identified,
1ed78acb674e5b6e882064df15d170ce30951cfed4b84294ed701d5810e97a6e,2026-04,Suffolk Constabulary,Suffolk Constabulary,1.182694,52.061731,On or near Woodbridge Road,E01030002,Ipswich 008A,Shoplifting,Investigation complete; no suspect identified,
989b01f88bcd0ae62cb70be57f2d6350c81a08e9012b37830f641989862e3812,2026-04,Suffolk Constabulary,Suffolk Constabulary,1.183136,52.059732,On or near Layard Close,E01030002,Ipswich 008A,Violence and sexual offences,Unable to prosecute suspect,
a9ca0fdc416fb936a930a1364867ba96b9cc1b09f064c52b69d0bf562c18860e,2026-04,Suffolk Constabulary,Suffolk Constabulary,1.179832,52.060468,On or near Nelson Road,E01030002,Ipswich 008A,Violence and sexual offences,Investigation complete; no suspect identified,
ec3dc18a356fa61aa0453b0f4c0d6defa11d646d6d318cb924f7bc439e15550e,2026-04,Suffolk Constabulary,Suffolk Constabulary,1.178998,52.059196,On or near Oakstead Close,E01030002,Ipswich 008A,Violence and sexual offences,Unable to prosecute suspect,
5c1079c11ff462a1d08a7e0eaf7cd5ad1a98114ead6812e0c32c9e049933d598,2026-04,Suffolk Constabulary,Suffolk Constabulary,1.180956,52.061499,On or near Gordon Road,E01030002,Ipswich 008A,Violence and sexual offences,Local resolution,
ad453865d2bfde8baa53fcd1b9238b5ff23714efe3dab610afbf54351e17f1c4,2026-04,Suffolk Constabulary,Suffolk Constabulary,1.183136,52.059732,On or near Layard Close,E01030002,Ipswich 008A,Violence and sexual offences,Action to be taken by another organisation,
d1cfbbf3c9d30b7b890e97a5bcc98b34616c92efba2c5c52496e58c41b6f8606,2026-04,Suffolk Constabulary,Suffolk Constabulary,1.183136,52.059732,On or near Layard Close,E01030002,Ipswich 008A,Violence and sexual offences,Action to be taken by another organisation,
ceeafc54331b87a76f6d60f06eb54ecb4593bdfd583a8ab56c31f8dff850a8af,2026-04,Suffolk Constabulary,Suffolk Constabulary,1.178998,52.059196,On or near Oakstead Close,E01030002,Ipswich 008A,Violence and sexual offences,Unable to prosecute suspect,
b571c12e70135d108b2eca3741e4c9ae3a3908c5d8adda83bfd990f01aa33e37,2026-04,Suffolk Constabulary,Suffolk Constabulary,1.182694,52.061731,On or near Woodbridge Road,E01030002,Ipswich 008A,Other crime,Awaiting court outcome,
,2026-04,Suffolk Constabulary,Suffolk Constabulary,1.184212,52.053937,On or near Kemball Street,E01030003,Ipswich 008B,Anti-social behaviour,,
d9363a94266aeb2c0b56aba44497f4c93728590b6fc0c02e17786df8486aa1c3,2026-04,Suffolk Constabulary,Suffolk Constabulary,1.187291,52.059898,On or near Crozier Mews,E01030003,Ipswich 008B,Criminal damage and arson,Investigation complete; no suspect identified,
7f69fdceeeea18b4216f3b1c0c0660abc59099571cc5eab526efe41f9ca08b2a,2026-04,Suffolk Constabulary,Suffolk Constabulary,1.185489,52.058553,On or near Mandy Close,E01030003,Ipswich 008B,Robbery,Unable to prosecute suspect,
a217f0bf17565c82f90def8723963d2b191ce3b497c1d5ff210c009a9843e81c,2026-04,Suffolk Constabulary,Suffolk Constabulary,1.189501,52.060603,On or near Woodbridge Road,E01030003,Ipswich 008B,Violence and sexual offences,Unable to prosecute suspect,
3bd5b785cd3f0af3e7a90544cee7707b14a0ba1609f4fbee47408b43c5592574,2026-04,Suffolk Constabulary,Suffolk Constabulary,1.195024,52.058249,On or near Lattice Avenue,E01030004,Ipswich 008C,Public order,Unable to prosecute suspect,
0e1c424e7cf907062cb23909f9af55474167df9c9466a27ad5d4fbb7413b2d54,2026-04,Suffolk Constabulary,Suffolk Constabulary,1.189282,52.057937,On or near Starfield Close,E01030004,Ipswich 008C,Violence and sexual offences,Action to be taken by another organisation,
d1579a5c5ba77a2f4b2b18e8473fc1f8f55149ee821b8f99f75383d9d5badc3f,2026-04,Suffolk Constabulary,Suffolk Constabulary,1.192930,52.055689,On or near Newbury Road,E01030004,Ipswich 008C,Violence and sexual offences,Investigation complete; no suspect identified,
102cb00b7ac88d42e2623d009b307b04dfe5cf343b6a2305d1e4b04e3a49ab41,2026-04,Suffolk Constabulary,Suffolk Constabulary,1.192930,52.055689,On or near Newbury Road,E01030004,Ipswich 008C,Violence and sexual offences,Under investigation,
66fef4a6e78100937d572f01aa79172c1c9375238008976b71ef063e1e180fe2,2026-04,Suffolk Constabulary,Suffolk Constabulary,1.195024,52.058249,On or near Lattice Avenue,E01030004,Ipswich 008C,Violence and sexual offences,Unable to prosecute suspect,
bb8ec113439ccf86813a0305b5fa5019f03ce1dc3ea6697e6fd209548e5003ee,2026-04,Suffolk Constabulary,Suffolk Constabulary,1.195024,52.058249,On or near Lattice Avenue,E01030004,Ipswich 008C,Violence and sexual offences,Unable to prosecute suspect,
a00de2c638f176d8625b22b360a359bd559fd19e9525c40a8dff5a34de6078ce,2026-04,Suffolk Constabulary,Suffolk Constabulary,1.195024,52.058249,On or near Lattice Avenue,E01030004,Ipswich 008C,Violence and sexual offences,Unable to prosecute suspect,
335b6d99b0a744a8359c60ce9f3b2ce5f9655c19314ba3363985e53dc5802b2e,2026-04,Suffolk Constabulary,Suffolk Constabulary,1.191501,52.054271,On or near Regina Close,E01030004,Ipswich 008C,Violence and sexual offences,Action to be taken by another organisation,
f6399f649a37c829aca4786a903c09ce770898d763d1613726abac513fea3cc5,2026-04,Suffolk Constabulary,Suffolk Constabulary,1.191501,52.054271,On or near Regina Close,E01030004,Ipswich 008C,Violence and sexual offences,Under investigation,
4fad1a6e8197d2db96fb705095eaf22a2654cb0f9bdbb6ccb535a74e733cc059,2026-04,Suffolk Constabulary,Suffolk Constabulary,1.191501,52.054271,On or near Regina Close,E01030004,Ipswich 008C,Violence and sexual offences,Under investigation,
243d632255bc98466b8d9c3686480c23015df9f8b99c3219aedc9c1d972c6c8f,2026-04,Suffolk Constabulary,Suffolk Constabulary,1.195024,52.058249,On or near Lattice Avenue,E01030004,Ipswich 008C,Violence and sexual offences,Investigation complete; no suspect identified,
f02b7e4e2aefbf58a3c6b74e05bdd96f81df81cbf08e8f965f40ca9284c3345c,2026-04,Suffolk Constabulary,Suffolk Constabulary,1.195024,52.058249,On or near Lattice Avenue,E01030004,Ipswich 008C,Violence and sexual offences,Unable to prosecute suspect,
28acf34e69541846ebd344603d0b40a3e8585615044e638c3cdd1d8a21b1e1c6,2026-04,Suffolk Constabulary,Suffolk Constabulary,1.195024,52.058249,On or near Lattice Avenue,E01030004,Ipswich 008C,Violence and sexual offences,Unable to prosecute suspect,
bf72f3240681beda9d229f4e10cb47375bd9109fb2663b596dc48c209c4b2275,2026-04,Suffolk Constabulary,Suffolk Constabulary,1.195024,52.058249,On or near Lattice Avenue,E01030004,Ipswich 008C,Violence and sexual offences,Unable to prosecute suspect,
,2026-04,Suffolk Constabulary,Suffolk Constabulary,1.192769,52.049964,On or near Blackheath Avenue,E01030005,Ipswich 008D,Anti-social behaviour,,
66324408b48560fcf42a49011c1ce1703afb3e7f084e656d4685aeca032e46c9,2026-04,Suffolk Constabulary,Suffolk Constabulary,1.188184,52.050511,On or near Camden Road,E01030005,Ipswich 008D,Criminal damage and arson,Unable to prosecute suspect,
963314e28e0801718ce08290dba65557d27e8d12e3565ed33b9bd663990a99a5,2026-04,Suffolk Constabulary,Suffolk Constabulary,1.185396,52.050290,On or near Ditton Way,E01030005,Ipswich 008D,Criminal damage and arson,Investigation complete; no suspect identified,
e26aa5c82c2669adfd9577c56ef773df180f23f2578560b95b2350b5fbb362a5,2026-04,Suffolk Constabulary,Suffolk Constabulary,1.191751,52.052258,On or near Roy Avenue,E01030005,Ipswich 008D,Criminal damage and arson,Investigation complete; no suspect identified,
2d898d391e9ea516190e47b3b92af01c9729c550359184a7138371b78f0c2bb5,2026-04,Suffolk Constabulary,Suffolk Constabulary,1.191683,52.049058,On or near Redwald Crescent,E01030005,Ipswich 008D,Other theft,Under investigation,
6897ec02a58db870d33e9712403292814836f53c63cbf51828a569fcf04c059a,2026-04,Suffolk Constabulary,Suffolk Constabulary,1.193014,52.049094,On or near George Elliston Road,E01030005,Ipswich 008D,Possession of weapons,Under investigation,
a6889cd1c26b4d1e9c6eb80ac88f2df93e31a5728a001b6ad651ba07362c36f1,2026-04,Suffolk Constabulary,Suffolk Constabulary,1.186120,52.050009,On or near Bull Road,E01030005,Ipswich 008D,Public order,Under investigation,
76003bb4c716cb3d38fc252ffba81977d533a440e78b153a7779ca98245d19b3,2026-04,Suffolk Constabulary,Suffolk Constabulary,1.195006,52.050029,On or near Brightwell Close,E01030005,Ipswich 008D,Violence and sexual offences,Unable to prosecute suspect,
fabddefc15adcb76023f6f778908906aa3ea6a0eed867ce6ee81f3cccc857a1a,2026-04,Suffolk Constabulary,Suffolk Constabulary,1.183872,52.051419,On or near Pearce Road,E01030005,Ipswich 008D,Violence and sexual offences,Under investigation,
22f3425292b148505e790a4bae231f66a0ae10ebe55cb4db8c2d12933b2f2115,2026-04,Suffolk Constabulary,Suffolk Constabulary,1.191751,52.052258,On or near Roy Avenue,E01030005,Ipswich 008D,Violence and sexual offences,Unable to prosecute suspect,
d1f74a6b8e916798e78bd79af058ff135cb057c9a0107fcd770df909923593a5,2026-04,Suffolk Constabulary,Suffolk Constabulary,1.183872,52.051419,On or near Pearce Road,E01030005,Ipswich 008D,Violence and sexual offences,Under investigation,
3f7daf8bef819714858ff227228b05c0ec7342bc04921f02b0e18fea5fbe9200,2026-04,Suffolk Constabulary,Suffolk Constabulary,1.183872,52.051419,On or near Pearce Road,E01030005,Ipswich 008D,Violence and sexual offences,Under investigation,
22b22df4c2e1a22fbe52e1b6ea50f7493865878b4bfd33181563ef2a6fe902f5,2026-04,Suffolk Constabulary,Suffolk Constabulary,1.183872,52.051419,On or near Pearce Road,E01030005,Ipswich 008D,Violence and sexual offences,Under investigation,
0b6150301b2401f28bfa625ddb94bb8fa36094b607e7da4d681690b81b8bb7cc,2026-04,Suffolk Constabulary,Suffolk Constabulary,1.195006,52.050029,On or near Brightwell Close,E01030005,Ipswich 008D,Violence and sexual offences,Action to be taken by another organisation,
cfae8e59e115d9366345ecdb54da9b529e2107db66918d5dac6c66ba882941fe,2026-04,Suffolk Constabulary,Suffolk Constabulary,1.191683,52.049058,On or near Redwald Crescent,E01030005,Ipswich 008D,Violence and sexual offences,Under investigation,
0cbafee852feb255ace82531fb688a3a3aefc519e2863f111aded7906dfb3f1d,2026-04,Suffolk Constabulary,Suffolk Constabulary,1.191683,52.049058,On or near Redwald Crescent,E01030005,Ipswich 008D,Violence and sexual offences,Under investigation,
c58ffec7e7a62ca83259389023dd96ce0cd69bc94e7c766eec5da67396eac1f9,2026-04,Suffolk Constabulary,Suffolk Constabulary,1.183872,52.051419,On or near Pearce Road,E01030005,Ipswich 008D,Violence and sexual offences,Under investigation,
1d6e9cfb714f1e74ac9993996ea97df9c28957a34f7525c1ed1eef0dac250bfb,2026-04,Suffolk Constabulary,Suffolk Constabulary,1.186023,52.051514,On or near Celestion Drive,E01030006,Ipswich 008E,Criminal damage and arson,Unable to prosecute suspect,
89c71c212d3adfcb6353a90badad110412c6782bcb3dfb9542e38aa095967270,2026-04,Suffolk Constabulary,Suffolk Constabulary,1.187102,52.051701,On or near Supermarket,E01030006,Ipswich 008E,Shoplifting,Awaiting court outcome,
bd638a452813af003a1b44c5523c041b0be1a2865e5184cd3f9ecacb451916c4,2026-04,Suffolk Constabulary,Suffolk Constabulary,1.187102,52.051701,On or near Supermarket,E01030006,Ipswich 008E,Shoplifting,Investigation complete; no suspect identified,
f6a59edcb6ba0e8df12a7acd1bae52e249dd78a89cae8f4efc12733f0819c3f3,2026-04,Suffolk Constabulary,Suffolk Constabulary,1.187102,52.051701,On or near Supermarket,E01030006,Ipswich 008E,Shoplifting,Investigation complete; no suspect identified,
d0fb80447710680f679a7bb74a3d170d7192542d2b2c360890b058f568751ef0,2026-04,Suffolk Constabulary,Suffolk Constabulary,1.187102,52.051701,On or near Supermarket,E01030006,Ipswich 008E,Shoplifting,Awaiting court outcome,
9920025f7267d9c23fea225a60c985a4d0a5304b788b7f80881b1e960c51dadd,2026-04,Suffolk Constabulary,Suffolk Constabulary,1.187102,52.051701,On or near Supermarket,E01030006,Ipswich 008E,Shoplifting,Investigation complete; no suspect identified,
224492a7fffb9120c70909de39aef1a8dc3414d9f623b573781e3fa12580770c,2026-04,Suffolk Constabulary,Suffolk Constabulary,1.187102,52.051701,On or near Supermarket,E01030006,Ipswich 008E,Shoplifting,Awaiting court outcome,
af476783a9776a95fdf7623b4698f6c39467b51bce1dbc239e68df6214992045,2026-04,Suffolk Constabulary,Suffolk Constabulary,1.187102,52.051701,On or near Supermarket,E01030006,Ipswich 008E,Shoplifting,Awaiting court outcome,
f8f22a3ea86c8139be2963a41c449496c77dca928c1cfa3b11758e6c14248bc6,2026-04,Suffolk Constabulary,Suffolk Constabulary,1.186023,52.051514,On or near Celestion Drive,E01030006,Ipswich 008E,Violence and sexual offences,Unable to prosecute suspect,
f1d2bea2ba9b0b489769a18e4a4c5bf630dce0acbe885a37e8da8a09a7151574,2026-04,Suffolk Constabulary,Suffolk Constabulary,1.186023,52.051514,On or near Celestion Drive,E01030006,Ipswich 008E,Violence and sexual offences,Unable to prosecute suspect,
71e757d349eafab976d503cc8c00bed23c4693312be7458b523bcb1604e5131b,2026-04,Suffolk Constabulary,Suffolk Constabulary,1.186023,52.051514,On or near Celestion Drive,E01030006,Ipswich 008E,Violence and sexual offences,Unable to prosecute suspect,
d8933d420ff38cf9deff36a763711d42ed98290dbfc59167c0178e4bb57eeb45,2026-04,Suffolk Constabulary,Suffolk Constabulary,1.186023,52.051514,On or near Celestion Drive,E01030006,Ipswich 008E,Violence and sexual offences,Unable to prosecute suspect,
52537ae66cd630de5ad52ad3ab2b01199ea22031aec102f605b85c55f4b4dd06,2026-04,Suffolk Constabulary,Suffolk Constabulary,1.186023,52.051514,On or near Celestion Drive,E01030006,Ipswich 008E,Violence and sexual offences,Unable to prosecute suspect,
fda2eec90977c82f4fecb8902c02683e142c44375397103eaa9c4b8546d13cd6,2026-04,Suffolk Constabulary,Suffolk Constabulary,1.185863,52.054801,On or near Clementine Gardens,E01030006,Ipswich 008E,Violence and sexual offences,Under investigation,
4f79a35c5a76746ce78f5bd8bd15dff98dee46ab54e3e020f689ce1b68c37aca,2026-04,Suffolk Constabulary,Suffolk Constabulary,1.187582,52.052920,On or near Coronation Road,E01030006,Ipswich 008E,Other crime,Further investigation is not in the public interest,
,2026-04,Suffolk Constabulary,Suffolk Constabulary,1.204845,52.060519,On or near Camberley Road,E01029963,Ipswich 009A,Anti-social behaviour,,
cd1b3bb0f51c4a687bc474066c3aede924a86bee5078f68b39b0cc4ffc74779b,2026-04,Suffolk Constabulary,Suffolk Constabulary,1.198722,52.061612,On or near Supermarket,E01029963,Ipswich 009A,Shoplifting,Investigation complete; no suspect identified,
4f4d8cdad9230892b675f8662fc2bb79fe075a9641095e7838fdc775818420a5,2026-04,Suffolk Constabulary,Suffolk Constabulary,1.198722,52.061612,On or near Supermarket,E01029963,Ipswich 009A,Shoplifting,Awaiting court outcome,
0992737aa80cc84f7275e722411923ae94ff400fecd71d1a8ec29e54652b6858,2026-04,Suffolk Constabulary,Suffolk Constabulary,1.198722,52.061612,On or near Supermarket,E01029963,Ipswich 009A,Shoplifting,Investigation complete; no suspect identified,
e2605341fdffcef4323747c4028856b39db445a8bb377c15957e1b70439f6779,2026-04,Suffolk Constabulary,Suffolk Constabulary,1.198722,52.061612,On or near Supermarket,E01029963,Ipswich 009A,Violence and sexual offences,Under investigation,
683c0fdedfd100ba7f9f258c8028979ca04ab385a3b736cce5b8630bf4868433,2026-04,Suffolk Constabulary,Suffolk Constabulary,1.195646,52.061452,On or near Lindsey Road,E01029964,Ipswich 009B,Criminal damage and arson,Awaiting court outcome,
7a3a957bb06e58e1a7b760067ee24d7a0a4def2da829e7b2fd874ad5065955b4,2026-04,Suffolk Constabulary,Suffolk Constabulary,1.188866,52.061717,On or near The Drift,E01029964,Ipswich 009B,Criminal damage and arson,Investigation complete; no suspect identified,
5ae650bab7db9a4c8249c5b95f81dda35b63956bdf0de52369726ed1859f3934,2026-04,Suffolk Constabulary,Suffolk Constabulary,1.189313,52.062398,On or near Sports/Recreation Area,E01029964,Ipswich 009B,Other theft,Investigation complete; no suspect identified,
dad378d97bb42c54ee0eebdf502424cb4d275dc7147f726441058c2416b654a9,2026-04,Suffolk Constabulary,Suffolk Constabulary,1.186637,52.061975,On or near Schreiber Road,E01029964,Ipswich 009B,Violence and sexual offences,Under investigation,
838b1ea78e01282e2261fe18807093682b4780342ece4b1aa726687e64bbe359,2026-04,Suffolk Constabulary,Suffolk Constabulary,1.189313,52.062398,On or near Sports/Recreation Area,E01029964,Ipswich 009B,Violence and sexual offences,Under investigation,
7321d68e8e34801778caf00b5bf3005353d9673d9751cdf50eca79b6c6bf0371,2026-04,Suffolk Constabulary,Suffolk Constabulary,1.197915,52.056849,On or near Hospital,E01029965,Ipswich 009C,Criminal damage and arson,Under investigation,
bdd11a5f5bb1288690be19eeefe3197933f8f66bbeb11a5246e68c36633dce5b,2026-04,Suffolk Constabulary,Suffolk Constabulary,1.197915,52.056849,On or near Hospital,E01029965,Ipswich 009C,Other theft,Investigation complete; no suspect identified,
04144883a96b3cd388ee6fa62607cbe918b927156aaefefb9f7916996e5dc511,2026-04,Suffolk Constabulary,Suffolk Constabulary,1.197915,52.056849,On or near Hospital,E01029965,Ipswich 009C,Other theft,Unable to prosecute suspect,
2ea992e47e28d444f3c49cfd9d3397c967563199f3508893108484add63ecac7,2026-04,Suffolk Constabulary,Suffolk Constabulary,1.197915,52.056849,On or near Hospital,E01029965,Ipswich 009C,Other theft,Investigation complete; no suspect identified,
9a5b363478eb20954fbf76975a705de0bbdbaf7b1e94235f4102f3880c970f9d,2026-04,Suffolk Constabulary,Suffolk Constabulary,1.197915,52.056849,On or near Hospital,E01029965,Ipswich 009C,Other theft,Unable to prosecute suspect,
0413cb328b03742ef3bbca78bcb539dbaf4f4a8800ffbe249e3aedcd07499089,2026-04,Suffolk Constabulary,Suffolk Constabulary,1.197915,52.056849,On or near Hospital,E01029965,Ipswich 009C,Other theft,Investigation complete; no suspect identified,
05cf08de570664ed0ff94597a9e4c7dbfe0653f445783eea3ad082abb696cfc1,2026-04,Suffolk Constabulary,Suffolk Constabulary,1.197915,52.056849,On or near Hospital,E01029965,Ipswich 009C,Public order,Under investigation,
a21d4b2d1527e6b4ada59103696a5b5ca10a4d490e0bf9786c80b7770b7b99a3,2026-04,Suffolk Constabulary,Suffolk Constabulary,1.197915,52.056849,On or near Hospital,E01029965,Ipswich 009C,Public order,Unable to prosecute suspect,
f1c4edf77f3b50cd920be7435c491f9e631c4ec3404aa24ed6c6864c2c2b5bb8,2026-04,Suffolk Constabulary,Suffolk Constabulary,1.203123,52.050115,On or near Foxley Close,E01029965,Ipswich 009C,Violence and sexual offences,Unable to prosecute suspect,
42a215f1838b6e8ecf4679842f94759f802d00f23841db29b8f85520a04573b5,2026-04,Suffolk Constabulary,Suffolk Constabulary,1.197915,52.056849,On or near Hospital,E01029965,Ipswich 009C,Violence and sexual offences,Unable to prosecute suspect,
4d0826eb20b2eeb1d2be480cf57dae7d5856b7c881bbdc0201d88a2a7a4b67f3,2026-04,Suffolk Constabulary,Suffolk Constabulary,1.197915,52.056849,On or near Hospital,E01029965,Ipswich 009C,Violence and sexual offences,Under investigation,
05cc1139308ac3f6862ee8042cff785765555df60cc1d8ec9b363cd4a63474dd,2026-04,Suffolk Constabulary,Suffolk Constabulary,1.197915,52.056849,On or near Hospital,E01029965,Ipswich 009C,Violence and sexual offences,Unable to prosecute suspect,
c46f8c523f8f9c93a45ce2888d3fcfa9fa646033b23cbad4b0bcf4e4dd876ec9,2026-04,Suffolk Constabulary,Suffolk Constabulary,1.197915,52.056849,On or near Hospital,E01029965,Ipswich 009C,Violence and sexual offences,Under investigation,
a4cf30e36da76931798c565b2f7207dc04a027ad423ab42637146466206ca037,2026-04,Suffolk Constabulary,Suffolk Constabulary,1.197915,52.056849,On or near Hospital,E01029965,Ipswich 009C,Violence and sexual offences,Under investigation,
1561dcdd9e469c24def4ebac6b09a13f3787cef79f6c16de63315d030e5cec4e,2026-04,Suffolk Constabulary,Suffolk Constabulary,1.197915,52.056849,On or near Hospital,E01029965,Ipswich 009C,Violence and sexual offences,Under investigation,
dc5ec82a2462256589e7a04c38f5657f8e3846ade10023c7f32a50776c28c723,2026-04,Suffolk Constabulary,Suffolk Constabulary,1.203123,52.050115,On or near Foxley Close,E01029965,Ipswich 009C,Violence and sexual offences,Unable to prosecute suspect,
673707c1bb63d7321ec62c8892d021e8de1cea7842c99ae9a7890d963a4fb05f,2026-04,Suffolk Constabulary,Suffolk Constabulary,1.197915,52.056849,On or near Hospital,E01029965,Ipswich 009C,Violence and sexual offences,Unable to prosecute suspect,
f0eb6d0ca75e393f176b47dcebdef3131bee0e21aa230680783e0163fbfa92d5,2026-04,Suffolk Constabulary,Suffolk Constabulary,1.197915,52.056849,On or near Hospital,E01029965,Ipswich 009C,Violence and sexual offences,Unable to prosecute suspect,
f610a53fb5559c061b280e2b1a640efd81ce00c1ff89fbc3a38c7168c7383c7f,2026-04,Suffolk Constabulary,Suffolk Constabulary,1.201911,52.058260,On or near Adelaide Road,E01029965,Ipswich 009C,Violence and sexual offences,Unable to prosecute suspect,
b0b0d2d6b28713463aa3beae386c14a3ca8e2bcb1169e34987e99222c189065b,2026-04,Suffolk Constabulary,Suffolk Constabulary,1.198050,52.051386,On or near Foxhall Road,E01029966,Ipswich 009D,Criminal damage and arson,Action to be taken by another organisation,
3fc23e40bd0f4eaca70f00f6004d6d12639b5820a7f6fcf95d1c1cbcca8ec6dc,2026-04,Suffolk Constabulary,Suffolk Constabulary,1.198529,52.052380,On or near Pearson Road,E01029966,Ipswich 009D,Criminal damage and arson,Investigation complete; no suspect identified,
dbda71df62cd842de267bf4927d5d9c4188d1e600e4ebe4a130da7e02da774b4,2026-04,Suffolk Constabulary,Suffolk Constabulary,1.202032,52.039558,On or near Warren Heath Road,E01029966,Ipswich 009D,Public order,Under investigation,
de22baaf52a9d58a3c8510713b23a9fbe7bbc514e514f605e85d51ca5595f203,2026-04,Suffolk Constabulary,Suffolk Constabulary,1.196869,52.048333,On or near Temple Road,E01029966,Ipswich 009D,Violence and sexual offences,Unable to prosecute suspect,
369b5de5847d8f0a8e32eca2e8476d97cf78b09c5545fb062aec703dcd4c0b83,2026-04,Suffolk Constabulary,Suffolk Constabulary,1.196869,52.048333,On or near Temple Road,E01029966,Ipswich 009D,Violence and sexual offences,Unable to prosecute suspect,
3b92fcd2d1b0a6e76b4db2edb61ea2a9924d155e3d02409d5e974c6a554981a6,2026-04,Suffolk Constabulary,Suffolk Constabulary,1.199911,52.053143,On or near Heath Lane,E01029966,Ipswich 009D,Violence and sexual offences,Unable to prosecute suspect,
9f429de2c3ee603e1c6eaf6158a8f17a9105cd3adaa0bdfbd1cf8ec52a35c3a9,2026-04,Suffolk Constabulary,Suffolk Constabulary,1.199911,52.053143,On or near Heath Lane,E01029966,Ipswich 009D,Violence and sexual offences,Unable to prosecute suspect,
3f2847b8127e6a20bd9fa1a0eea2e735356c6710d0470c06136f26d15b8acee5,2026-04,Suffolk Constabulary,Suffolk Constabulary,1.203918,52.042682,On or near Dorchester Road,E01029967,Ipswich 009E,Violence and sexual offences,Under investigation,
,2026-04,Suffolk Constabulary,Suffolk Constabulary,1.126016,52.053311,On or near Columbine Gardens,E01029984,Ipswich 010A,Anti-social behaviour,,
9fe4827368f3cecf696174bab06e12c09165a8e4fc8d4a34097bd8415c9ae2e7,2026-04,Suffolk Constabulary,Suffolk Constabulary,1.128227,52.052596,On or near Poppy Close,E01029984,Ipswich 010A,Criminal damage and arson,Under investigation,
1e12d58434cc5020fc13c43e34e45449f7ac1cac3219686df6d3135936bc3749,2026-04,Suffolk Constabulary,Suffolk Constabulary,1.128227,52.052596,On or near Poppy Close,E01029984,Ipswich 010A,Criminal damage and arson,Investigation complete; no suspect identified,
5a751582ef6f4f931470af49a73bec519de7e9c9eedc24ad1442a5c3d4457ec7,2026-04,Suffolk Constabulary,Suffolk Constabulary,1.114696,52.054789,On or near Hadleigh Road,E01029984,Ipswich 010A,Public order,Unable to prosecute suspect,
b7d32c82184f14c5624c56d7a367ea98c25ab632bd46f56d18807f3f92b76fe2,2026-04,Suffolk Constabulary,Suffolk Constabulary,1.127359,52.056864,On or near Dickens Road,E01029984,Ipswich 010A,Violence and sexual offences,Investigation complete; no suspect identified,
9efca55ffdaea1c27826e1af9d986b1338e729f36901716001eaa9d8232fa5e4,2026-04,Suffolk Constabulary,Suffolk Constabulary,1.127359,52.056864,On or near Dickens Road,E01029984,Ipswich 010A,Violence and sexual offences,Unable to prosecute suspect,
b73ec465b67a8b715811f6fe6eb104325864a190382d197582356443f2128df3,2026-04,Suffolk Constabulary,Suffolk Constabulary,1.123641,52.049381,On or near Aster Road,E01029984,Ipswich 010A,Violence and sexual offences,Unable to prosecute suspect,
eb21ea795cc6adeeda418ee6576a1e0f4f123f74bafd87ca0f6a79a50051e419,2026-04,Suffolk Constabulary,Suffolk Constabulary,1.124148,52.055393,On or near Lavenham Road,E01029984,Ipswich 010A,Violence and sexual offences,Investigation complete; no suspect identified,
678f7a535539e30958b0943d3b4b0910614bafea974954e87bfe022a6790dc13,2026-04,Suffolk Constabulary,Suffolk Constabulary,1.128227,52.052596,On or near Poppy Close,E01029984,Ipswich 010A,Other crime,Under investigation,
8c08fb72fc43c1fc42906134406d27cf8fbdd0a321c51b5934454d9451808d32,2026-04,Suffolk Constabulary,Suffolk Constabulary,1.137867,52.053374,On or near Broomwade Close,E01029985,Ipswich 010B,Bicycle theft,Investigation complete; no suspect identified,
636d30051a6d11e55877762035f62ae8df43722905048ca912a1f20b6b9f3121,2026-04,Suffolk Constabulary,Suffolk Constabulary,1.142424,52.050131,On or near Gippeswyk Road,E01029985,Ipswich 010B,Burglary,Unable to prosecute suspect,
b01a35ca3b2a6a2a1c8a8ae4c423764a740f43d1bc2e7a354150ef883eb4d8ec,2026-04,Suffolk Constabulary,Suffolk Constabulary,1.127256,52.055401,On or near Dombey Road,E01029985,Ipswich 010B,Criminal damage and arson,Under investigation,
e50904c393eb732cb4ef1820da3c6a25bd600e2d70dfd20fc6edb0c97bb71dfc,2026-04,Suffolk Constabulary,Suffolk Constabulary,1.142424,52.050131,On or near Gippeswyk Road,E01029985,Ipswich 010B,Criminal damage and arson,Investigation complete; no suspect identified,
69d9a1fdba4ecc9ca104dd9eb4bbbfd439c6f9ef5ccaae97b55644db78ab7b07,2026-04,Suffolk Constabulary,Suffolk Constabulary,1.127256,52.055401,On or near Dombey Road,E01029985,Ipswich 010B,Criminal damage and arson,Under investigation,
7e245bdaa8353750068e446ac287d89f10f9040d85a414a6dbc05c59821d93db,2026-04,Suffolk Constabulary,Suffolk Constabulary,1.142424,52.050131,On or near Gippeswyk Road,E01029985,Ipswich 010B,Criminal damage and arson,Investigation complete; no suspect identified,
f00cecd79f8dbc6465c50c2f14b5260d24fcf099c7b101b6481a8076fe720935,2026-04,Suffolk Constabulary,Suffolk Constabulary,1.137946,52.050143,On or near Theatre/Concert Hall,E01029985,Ipswich 010B,Criminal damage and arson,Under investigation,
e767efec1c62ad1d13fc5cdcc0e9d9b7d29b946065160f2ed76b293ed397b644,2026-04,Suffolk Constabulary,Suffolk Constabulary,1.127256,52.055401,On or near Dombey Road,E01029985,Ipswich 010B,Criminal damage and arson,Investigation complete; no suspect identified,
c23a600bc0a6c0f936cf02a53247ac559d109b0db0a3edece3b24a5aec13c935,2026-04,Suffolk Constabulary,Suffolk Constabulary,1.142424,52.050131,On or near Gippeswyk Road,E01029985,Ipswich 010B,Criminal damage and arson,Unable to prosecute suspect,
372b8877960010bfe1851495dd85733c63cbdc980cce96897b62ab2a1e0c7e9a,2026-04,Suffolk Constabulary,Suffolk Constabulary,1.127256,52.055401,On or near Dombey Road,E01029985,Ipswich 010B,Criminal damage and arson,Under investigation,
27e9c86a3bf7fed838b624e8d8fd3122161613c11143b0948031539a3200ef6e,2026-04,Suffolk Constabulary,Suffolk Constabulary,1.145084,52.052489,On or near Chancery Road,E01029985,Ipswich 010B,Public order,Offender given a caution,
adb7eca601315403e64296a78390b382e81ab41466565caebd490ba9d2e36f82,2026-04,Suffolk Constabulary,Suffolk Constabulary,1.142424,52.050131,On or near Gippeswyk Road,E01029985,Ipswich 010B,Public order,Awaiting court outcome,
1422d11c95e7eb9a14f46c61bafdbe543deae772f822667efa30a6cd4a19dae3,2026-04,Suffolk Constabulary,Suffolk Constabulary,1.142424,52.050131,On or near Gippeswyk Road,E01029985,Ipswich 010B,Public order,Awaiting court outcome,
8d8e8cf968888583ed5b294a3f2c5b7b0b766fbc551431c7e184d215dc3c6073,2026-04,Suffolk Constabulary,Suffolk Constabulary,1.142424,52.050131,On or near Gippeswyk Road,E01029985,Ipswich 010B,Public order,Awaiting court outcome,
5cc2b14412c815cdb19c61d768fa0080b73762c8008765ff077f116ceb92d81e,2026-04,Suffolk Constabulary,Suffolk Constabulary,1.142424,52.050131,On or near Gippeswyk Road,E01029985,Ipswich 010B,Public order,Awaiting court outcome,
cf3276fc4393978f2fe8696c186d9414e8ffc942afb5d995a83ab7769b168942,2026-04,Suffolk Constabulary,Suffolk Constabulary,1.143597,52.051260,On or near Parking Area,E01029985,Ipswich 010B,Public order,Unable to prosecute suspect,
6d05ecf33e92f6b24e6b18206de21b6a9b826b8fb93dc09baea20a084a7c642e,2026-04,Suffolk Constabulary,Suffolk Constabulary,1.145084,52.052489,On or near Chancery Road,E01029985,Ipswich 010B,Public order,Formal action is not in the public interest,
1313c76da991303de20d1695617567608eb8b6da9e02612effe02a47be142cb8,2026-04,Suffolk Constabulary,Suffolk Constabulary,1.145084,52.052489,On or near Chancery Road,E01029985,Ipswich 010B,Public order,Offender given a caution,
b81bb538fec8d541047151e65a6796f6d225d545ca733335d2c668150e30c978,2026-04,Suffolk Constabulary,Suffolk Constabulary,1.142424,52.050131,On or near Gippeswyk Road,E01029985,Ipswich 010B,Public order,Unable to prosecute suspect,
be6893fdc4ef7ec5e239c9eb9a6db2b4f998d9d168418ef08ac9d3a26b9d9845,2026-04,Suffolk Constabulary,Suffolk Constabulary,1.131952,52.058910,On or near Supermarket,E01029985,Ipswich 010B,Shoplifting,Unable to prosecute suspect,
9c8c5af245f1a7bdf077e7c2a501909db0c42889289a2ee71aabdc7411cc22b2,2026-04,Suffolk Constabulary,Suffolk Constabulary,1.131952,52.058910,On or near Supermarket,E01029985,Ipswich 010B,Shoplifting,Unable to prosecute suspect,
caa4f76b5f49d6fe7cf54983b3c7dfcf86403008b8366546b51549c7befe1355,2026-04,Suffolk Constabulary,Suffolk Constabulary,1.131952,52.058910,On or near Supermarket,E01029985,Ipswich 010B,Shoplifting,Local resolution,
658469282e5195b64ace5e4edee107c7b1daab0fad69bc445c7f501c1338c228,2026-04,Suffolk Constabulary,Suffolk Constabulary,1.131952,52.058910,On or near Supermarket,E01029985,Ipswich 010B,Shoplifting,Investigation complete; no suspect identified,
859d1f91af20917c900e3f97eb90ddec4ca1af91c71280bf313bbf69790129a5,2026-04,Suffolk Constabulary,Suffolk Constabulary,1.131952,52.058910,On or near Supermarket,E01029985,Ipswich 010B,Shoplifting,Unable to prosecute suspect,
074281740d69c49f5d247ea423cf210ad2e30d436f0919ef65c561b8f38ec69a,2026-04,Suffolk Constabulary,Suffolk Constabulary,1.131952,52.058910,On or near Supermarket,E01029985,Ipswich 010B,Shoplifting,Unable to prosecute suspect,
d5a473cb102b73e3194b804125be8289aada7834e2bec13acb4253d0b744eec1,2026-04,Suffolk Constabulary,Suffolk Constabulary,1.131952,52.058910,On or near Supermarket,E01029985,Ipswich 010B,Shoplifting,Investigation complete; no suspect identified,
cad13b3f2d4ba031e418880d8c7cf0efa7a6b50153474fbd73c6bdec09af3bbb,2026-04,Suffolk Constabulary,Suffolk Constabulary,1.141913,52.052412,On or near Parking Area,E01029985,Ipswich 010B,Theft from the person,Investigation complete; no suspect identified,
61d7dfbca35859af4206b77dc0fb5b63fa05583af489264d542902e62484f83b,2026-04,Suffolk Constabulary,Suffolk Constabulary,1.140208,52.052232,On or near Enterprise Drive,E01029985,Ipswich 010B,Vehicle crime,Awaiting court outcome,
55c9212b04c27f17ebddade3f361cbb8763952c20c28d9199a13474d2500824d,2026-04,Suffolk Constabulary,Suffolk Constabulary,1.128517,52.060287,On or near Brunel Road,E01029985,Ipswich 010B,Vehicle crime,Investigation complete; no suspect identified,
9118012500099016fda11598a1e6017e02cab23356547dea2f15468eadef1896,2026-04,Suffolk Constabulary,Suffolk Constabulary,1.148779,52.050267,On or near Willoughby Road,E01029985,Ipswich 010B,Violence and sexual offences,Action to be taken by another organisation,
9de4284580371abfef5495b44608fcb6d40c5f3e2a92e738669743144937b4ee,2026-04,Suffolk Constabulary,Suffolk Constabulary,1.148779,52.050267,On or near Willoughby Road,E01029985,Ipswich 010B,Violence and sexual offences,Action to be taken by another organisation,
2920a3eaa54347abeeab2c8f248ca51f68e45ae157b9358825f38545b449cee2,2026-04,Suffolk Constabulary,Suffolk Constabulary,1.148779,52.050267,On or near Willoughby Road,E01029985,Ipswich 010B,Violence and sexual offences,Action to be taken by another organisation,
4b647e8d6809bda05c4a754480ad26f0f7e07267c9ec32d30ec40df891ac719d,2026-04,Suffolk Constabulary,Suffolk Constabulary,1.148779,52.050267,On or near Willoughby Road,E01029985,Ipswich 010B,Violence and sexual offences,Action to be taken by another organisation,
5b0a6214e2e6c4d591ddec39d71796a8fa35803bd50c4aa51a76add5266ad203,2026-04,Suffolk Constabulary,Suffolk Constabulary,1.148779,52.050267,On or near Willoughby Road,E01029985,Ipswich 010B,Violence and sexual offences,Action to be taken by another organisation,
8490ce5afffc549012ba61ba7bf94f8511e4e3a4a2e9caf20bf6e9dc7c11cbb8,2026-04,Suffolk Constabulary,Suffolk Constabulary,1.148779,52.050267,On or near Willoughby Road,E01029985,Ipswich 010B,Violence and sexual offences,Action to be taken by another organisation,
de79f98db0009030d2bd32f5ca278bb758e73e119726caa0bfed4681467500d9,2026-04,Suffolk Constabulary,Suffolk Constabulary,1.132551,52.059343,On or near New Way,E01029985,Ipswich 010B,Violence and sexual offences,Awaiting court outcome,
ec4970662dd2d314b5e5a1b3b1e6091b4e4811efb1d462628d61aa95fefed31f,2026-04,Suffolk Constabulary,Suffolk Constabulary,1.140208,52.052232,On or near Enterprise Drive,E01029985,Ipswich 010B,Violence and sexual offences,Under investigation,
a2bb6e356e1b7c4e63dca80fad9392689164e085fe3fa450e4dcb19eed70434b,2026-04,Suffolk Constabulary,Suffolk Constabulary,1.131952,52.058910,On or near Supermarket,E01029985,Ipswich 010B,Violence and sexual offences,Investigation complete; no suspect identified,
1c9d8484de27302fe02a21a39845e478e817cdfab8b836905b6d8789612a6c89,2026-04,Suffolk Constabulary,Suffolk Constabulary,1.143597,52.051260,On or near Parking Area,E01029985,Ipswich 010B,Violence and sexual offences,Action to be taken by another organisation,
2ebd0def70f1ada9c5dff18f0bc8672a4b1ec8fbbf37513a502801adc85ba825,2026-04,Suffolk Constabulary,Suffolk Constabulary,1.143868,52.053663,On or near Russell Road,E01029985,Ipswich 010B,Violence and sexual offences,Under investigation,
d5b9f742d21fbd1d37644ca25f0801a8988814f4d12d7882d06d8831db1cbe49,2026-04,Suffolk Constabulary,Suffolk Constabulary,1.148779,52.050267,On or near Willoughby Road,E01029985,Ipswich 010B,Violence and sexual offences,Action to be taken by another organisation,
ff010d83022aa394bbb75bec1b27be02f8e9b447dbefe6e6bcb9dfe9f3fae0d4,2026-04,Suffolk Constabulary,Suffolk Constabulary,1.137745,52.052676,On or near Ranelagh Road,E01029985,Ipswich 010B,Violence and sexual offences,Under investigation,
0b99e7eb13128424250e1837a92bd5a922c174172b2b94d0341e2c4f79e3bf6c,2026-04,Suffolk Constabulary,Suffolk Constabulary,1.145084,52.052489,On or near Chancery Road,E01029985,Ipswich 010B,Violence and sexual offences,Unable to prosecute suspect,
09c1765a04b12932f2be728c2a3c5d831c5686bab748093b1d14c452b648f8f5,2026-04,Suffolk Constabulary,Suffolk Constabulary,1.127000,52.055911,On or near Copperfield Road,E01029985,Ipswich 010B,Violence and sexual offences,Under investigation,
0e37e2c1a7a24c93b3efdedb716c34b203f2c32ca0a6025340d20235043db5e1,2026-04,Suffolk Constabulary,Suffolk Constabulary,1.148779,52.050267,On or near Willoughby Road,E01029985,Ipswich 010B,Violence and sexual offences,Action to be taken by another organisation,
454e5dff95a236b7e62b3e1227bb29181cc2fe21b463d384add3f3a35621fe7c,2026-04,Suffolk Constabulary,Suffolk Constabulary,1.143597,52.051260,On or near Parking Area,E01029985,Ipswich 010B,Violence and sexual offences,Investigation complete; no suspect identified,
a34e73bca959c1593183f919cd218056a2ed62fa2f908d446013bbf6130fe4d8,2026-04,Suffolk Constabulary,Suffolk Constabulary,1.143597,52.051260,On or near Parking Area,E01029985,Ipswich 010B,Violence and sexual offences,Awaiting court outcome,
a87dc564c01e7976480fd2cd000df57b60ed652d4d591917fcf5080f4591e1e6,2026-04,Suffolk Constabulary,Suffolk Constabulary,1.140208,52.052232,On or near Enterprise Drive,E01029985,Ipswich 010B,Violence and sexual offences,Under investigation,
eeacb59f2ec2ac5a6a5862140ba0e0ea93bcbb237147637fbcc99794bd8c3b05,2026-04,Suffolk Constabulary,Suffolk Constabulary,1.131952,52.058910,On or near Supermarket,E01029985,Ipswich 010B,Violence and sexual offences,Unable to prosecute suspect,
a82ce01a2a8494121c93025b683a9d4e69c06cf9921490a363ece298ac210dee,2026-04,Suffolk Constabulary,Suffolk Constabulary,1.140208,52.052232,On or near Enterprise Drive,E01029985,Ipswich 010B,Violence and sexual offences,Under investigation,
95e1d3a36cd58d23238f971f61f744eef066e7ce903eccc4ad5a063cb43fd5c6,2026-04,Suffolk Constabulary,Suffolk Constabulary,1.143795,52.052208,On or near Parking Area,E01029985,Ipswich 010B,Violence and sexual offences,Unable to prosecute suspect,
eb9ee48a1015d78d67b2f8d46c86496112c57622060edd527b2013515dbb7174,2026-04,Suffolk Constabulary,Suffolk Constabulary,1.131952,52.058910,On or near Supermarket,E01029985,Ipswich 010B,Violence and sexual offences,Investigation complete; no suspect identified,
647e1576b0d0cc9247965cc9151c52e73d62286173c81bf02502c5ecb90d75bb,2026-04,Suffolk Constabulary,Suffolk Constabulary,1.143597,52.051260,On or near Parking Area,E01029985,Ipswich 010B,Violence and sexual offences,Awaiting court outcome,
2192317878af34fa3cad750522a5b9229714c28b235486e7b57f74a3d216fcb2,2026-04,Suffolk Constabulary,Suffolk Constabulary,1.143597,52.051260,On or near Parking Area,E01029985,Ipswich 010B,Violence and sexual offences,Action to be taken by another organisation,
b0662478e0eef9caf7fd9caf9bd2a538d0187011d3db421a0654eb7a9734a410,2026-04,Suffolk Constabulary,Suffolk Constabulary,1.145084,52.052489,On or near Chancery Road,E01029985,Ipswich 010B,Violence and sexual offences,Unable to prosecute suspect,
6cbfeaf31bc2f704a4443a25a6d929a89299369665c064fc7e45ca88987e15f2,2026-04,Suffolk Constabulary,Suffolk Constabulary,1.127943,52.059385,On or near Dunlop Road,E01029985,Ipswich 010B,Violence and sexual offences,Unable to prosecute suspect,
76cf3cefd99ba69f9b0bc4f55cbc4cec2a8e292fdb346a3635ec8584e638092c,2026-04,Suffolk Constabulary,Suffolk Constabulary,1.148779,52.050267,On or near Willoughby Road,E01029985,Ipswich 010B,Violence and sexual offences,Unable to prosecute suspect,
f4b130346a46cfea965b984e2a51f9ed2341ce13044135499fab7cad49944d85,2026-04,Suffolk Constabulary,Suffolk Constabulary,1.140208,52.052232,On or near Enterprise Drive,E01029985,Ipswich 010B,Violence and sexual offences,Under investigation,
2f2044824e34c8335cb83d3fdcceafd6b4c6b06f4ebc5b680d02fe2334d23fb7,2026-04,Suffolk Constabulary,Suffolk Constabulary,1.137134,52.049382,On or near Talmash Gardens,E01029986,Ipswich 010C,Criminal damage and arson,Investigation complete; no suspect identified,
322e01f22edea0f3b5f65376b432658f7bfbac284901bd4e7d3877510d76aff6,2026-04,Suffolk Constabulary,Suffolk Constabulary,1.131483,52.046996,On or near Jasmine Close,E01029986,Ipswich 010C,Criminal damage and arson,Unable to prosecute suspect,
05439ada63652e871d3c536b68163879c44239f397084956207d45f9b68c0847,2026-04,Suffolk Constabulary,Suffolk Constabulary,1.131483,52.046996,On or near Jasmine Close,E01029986,Ipswich 010C,Drugs,Awaiting court outcome,
b5720253c9f7a8c826a24f9081fb535886cf6b40afbd4f0e21e6c57b5c54605e,2026-04,Suffolk Constabulary,Suffolk Constabulary,1.130080,52.047168,On or near Sorrel Close,E01029986,Ipswich 010C,Other theft,Unable to prosecute suspect,
c5cbb698350adce95bc123138b0c0d3f8dac371e9244d78eee31f7da1dba0fee,2026-04,Suffolk Constabulary,Suffolk Constabulary,1.130080,52.047168,On or near Sorrel Close,E01029986,Ipswich 010C,Other theft,Unable to prosecute suspect,
f84092c4b2768d693c8f9d2f97b978c042b0da3cf99d0d2717fd177df242a55c,2026-04,Suffolk Constabulary,Suffolk Constabulary,1.130074,52.052502,On or near Waller'S Grove,E01029986,Ipswich 010C,Other theft,Unable to prosecute suspect,
c4de33ad603db061adb66236aa43c488720f51908eda77e96b00d8580a797d21,2026-04,Suffolk Constabulary,Suffolk Constabulary,1.134125,52.047861,On or near Maple Close,E01029986,Ipswich 010C,Violence and sexual offences,Under investigation,
dc54d0d6e3d86fb8c69066bc4d77866e568effcd1d2f1e918ebbe1879b484bea,2026-04,Suffolk Constabulary,Suffolk Constabulary,1.130080,52.047168,On or near Sorrel Close,E01029986,Ipswich 010C,Violence and sexual offences,Under investigation,
a56360d1ba841eb483fda8fb041fce229a3b4c3b019e41056c069f9b33f415d2,2026-04,Suffolk Constabulary,Suffolk Constabulary,1.131392,52.046540,On or near Stone Lodge Lane West,E01029986,Ipswich 010C,Violence and sexual offences,Under investigation,
0df95c8bf105c5161b0297e8fc05971eed13e3fe3501608e43cda01ffcb17ae1,2026-04,Suffolk Constabulary,Suffolk Constabulary,1.134125,52.047861,On or near Maple Close,E01029986,Ipswich 010C,Violence and sexual offences,Unable to prosecute suspect,
31a2349f090219822d36963496ff3a6ea7a55cfe72a5024a2f1920186c980fd4,2026-04,Suffolk Constabulary,Suffolk Constabulary,1.131483,52.046996,On or near Jasmine Close,E01029986,Ipswich 010C,Violence and sexual offences,Unable to prosecute suspect,
9c1071825fabbc0000f882a5e4cd58f036c18fa695d6f76a4031816265e0dff9,2026-04,Suffolk Constabulary,Suffolk Constabulary,1.131392,52.046540,On or near Stone Lodge Lane West,E01029986,Ipswich 010C,Violence and sexual offences,Under investigation,
50c4bdfc6541f333cefaf4201950779c74d46673c0c143276943b3736d7494d5,2026-04,Suffolk Constabulary,Suffolk Constabulary,1.129819,52.053867,On or near Iris Close,E01029986,Ipswich 010C,Violence and sexual offences,Unable to prosecute suspect,
52247869388cb08b83c062c9da638db35c78644f4b1caec9509013a7efab9d87,2026-04,Suffolk Constabulary,Suffolk Constabulary,1.131392,52.046540,On or near Stone Lodge Lane West,E01029986,Ipswich 010C,Violence and sexual offences,Awaiting court outcome,
6107dd0814c852f3caea36c15a8b2ef8e806bcb4af82cbccc6f6687d5f1b749d,2026-04,Suffolk Constabulary,Suffolk Constabulary,1.131483,52.046996,On or near Jasmine Close,E01029986,Ipswich 010C,Violence and sexual offences,Unable to prosecute suspect,
7c92dd58d001ae1f3e5c38ba86dfac7c385258f97aa97fa3f31ea36e878cf118,2026-04,Suffolk Constabulary,Suffolk Constabulary,1.131483,52.046996,On or near Jasmine Close,E01029986,Ipswich 010C,Violence and sexual offences,Unable to prosecute suspect,
53bafdfe125a30ee03fe50a37a16ebb9a22e8afa97a06d93faf225bfa2327a0f,2026-04,Suffolk Constabulary,Suffolk Constabulary,1.136440,52.048834,On or near Birkfield Close,E01029986,Ipswich 010C,Violence and sexual offences,Unable to prosecute suspect,
f79dc9613c6382b25a4f4de038c581d1da708e3a9d3d799d651c908c59ca8dd5,2026-04,Suffolk Constabulary,Suffolk Constabulary,1.129819,52.053867,On or near Iris Close,E01029986,Ipswich 010C,Other crime,Unable to prosecute suspect,
e377bde212384a480b11e9c7f9ae89f9db60659d45ef68e27724bb1700048ee3,2026-04,Suffolk Constabulary,Suffolk Constabulary,1.130074,52.052502,On or near Waller'S Grove,E01029986,Ipswich 010C,Other crime,Further investigation is not in the public interest,
,2026-04,Suffolk Constabulary,Suffolk Constabulary,1.126270,52.050049,On or near Orchid Close,E01029987,Ipswich 010D,Anti-social behaviour,,
,2026-04,Suffolk Constabulary,Suffolk Constabulary,1.126270,52.050049,On or near Orchid Close,E01029987,Ipswich 010D,Anti-social behaviour,,
,2026-04,Suffolk Constabulary,Suffolk Constabulary,1.126270,52.050049,On or near Orchid Close,E01029987,Ipswich 010D,Anti-social behaviour,,
9061efd299d5067c3ac492388361f229957a76fec6107dfb16d80ead731de38e,2026-04,Suffolk Constabulary,Suffolk Constabulary,1.131677,52.048943,On or near Violet Close,E01029987,Ipswich 010D,Public order,Unable to prosecute suspect,
ce9c8e44d4338b7e97d94e69798f5f8451342e5026066b6acb907c45d1dc1244,2026-04,Suffolk Constabulary,Suffolk Constabulary,1.127569,52.047973,On or near Larkspur Road,E01029987,Ipswich 010D,Theft from the person,Unable to prosecute suspect,
4deb286618d831a1edc5c3aa09ee6347e0f4a63884e354ac041f34363489d551,2026-04,Suffolk Constabulary,Suffolk Constabulary,1.131693,52.049590,On or near Clover Close,E01029987,Ipswich 010D,Violence and sexual offences,Under investigation,
18d6805fb87d625838e85f96d6c6cbd0c331d1ec9de5c7ce84f508454da58758,2026-04,Suffolk Constabulary,Suffolk Constabulary,1.130936,52.049196,On or near Primrose Hill,E01029987,Ipswich 010D,Violence and sexual offences,Unable to prosecute suspect,
12a9ab1f38b7589f16e5041ac6091f214dad2c281e9299af9c948274e2fccc81,2026-04,Suffolk Constabulary,Suffolk Constabulary,1.131693,52.049590,On or near Clover Close,E01029987,Ipswich 010D,Violence and sexual offences,Under investigation,
57e0359892c282d585ce0dd3b0e635ff7d775827b9c0f76835701cc2f9b87d03,2026-04,Suffolk Constabulary,Suffolk Constabulary,1.127986,52.049976,On or near Crocus Close,E01029987,Ipswich 010D,Violence and sexual offences,Under investigation,
f98c4bbf6e9e0accee774830021f30a9d23720081543ce1d1e99ff15c3086d4f,2026-04,Suffolk Constabulary,Suffolk Constabulary,1.126382,52.049155,On or near Cornflower Close,E01029987,Ipswich 010D,Violence and sexual offences,Under investigation,
c09c486799a08ec33fa486145e9d5e90818ac6edd693ea33df4e516fad37a0ee,2026-04,Suffolk Constabulary,Suffolk Constabulary,1.131693,52.049590,On or near Clover Close,E01029987,Ipswich 010D,Violence and sexual offences,Under investigation,
a1dd23c65eca7e06255347e792be800f860d1bdb2beabefaefc7b25d3aa885d0,2026-04,Suffolk Constabulary,Suffolk Constabulary,1.130936,52.049196,On or near Primrose Hill,E01029987,Ipswich 010D,Violence and sexual offences,Under investigation,
fabd145c2a84b05ab96b42e01a8dc19fb6ed4f3d11d85311862da8d9adabf7b4,2026-04,Suffolk Constabulary,Suffolk Constabulary,1.126270,52.050049,On or near Orchid Close,E01029987,Ipswich 010D,Violence and sexual offences,Investigation complete; no suspect identified,
9bf33070f930d45212db75b6bace02edcd94f74a725fe3d48bcbb050f3823ea9,2026-04,Suffolk Constabulary,Suffolk Constabulary,1.127569,52.047973,On or near Larkspur Road,E01029987,Ipswich 010D,Violence and sexual offences,Unable to prosecute suspect,
f23732f0b1d6ba370798d0fc1b8a1201eb4b3d35866c3f06387f25be5e0b8465,2026-04,Suffolk Constabulary,Suffolk Constabulary,1.127986,52.049976,On or near Crocus Close,E01029987,Ipswich 010D,Violence and sexual offences,Under investigation,
3d61f6cd0961afd9238b2219e808ba0a23e84e96be04ddda0c861179bf37d6e9,2026-04,Suffolk Constabulary,Suffolk Constabulary,1.126270,52.050049,On or near Orchid Close,E01029987,Ipswich 010D,Other crime,Further investigation is not in the public interest,
633a579e47e8560fe222e5286104276226d0996225308eba4fdf232881bc702d,2026-04,Suffolk Constabulary,Suffolk Constabulary,1.130936,52.049196,On or near Primrose Hill,E01029987,Ipswich 010D,Other crime,Awaiting court outcome,
b0d38fad6a8ca3064e10e724d4a7a41bb6a79e5a147e0644308ad46083227452,2026-04,Suffolk Constabulary,Suffolk Constabulary,1.144638,52.054236,On or near Sports/Recreation Area,E01029988,Ipswich 010E,Drugs,Offender given a caution,
d9ee4100fd1239202c288a8f57214c609bb6ee550539d62da5bea189bf093f9b,2026-04,Suffolk Constabulary,Suffolk Constabulary,1.139186,52.058249,On or near Handford Cut,E01029988,Ipswich 010E,Drugs,Awaiting court outcome,
87a3e7f6f83d7a0b3a0605518a1d969d84b0960ee312f763ba678ec605c5e362,2026-04,Suffolk Constabulary,Suffolk Constabulary,1.142663,52.059353,On or near Stevenson Road,E01029988,Ipswich 010E,Drugs,Awaiting court outcome,
5e34de036bd4175cb8695d1c9bfc6046e8fee30e9c44ee0133993cedbf9efb56,2026-04,Suffolk Constabulary,Suffolk Constabulary,1.136909,52.057608,On or near Supermarket,E01029988,Ipswich 010E,Drugs,Action to be taken by another organisation,
bd1086fe215a6dfa61d6d6c3c4321e5a3cc469208d0423444f787ad9cd368b91,2026-04,Suffolk Constabulary,Suffolk Constabulary,1.139153,52.057567,On or near Firmin Close,E01029988,Ipswich 010E,Other theft,Investigation complete; no suspect identified,
47ef7b7eb28f2d235dc3ede197641af21d9708acf414b4ee275aad2d8e5bc449,2026-04,Suffolk Constabulary,Suffolk Constabulary,1.142663,52.059353,On or near Stevenson Road,E01029988,Ipswich 010E,Other theft,Investigation complete; no suspect identified,
04fb8540216ddc182045a3088b339c681673cc17ab9da16e1a6fa856a8b6cfdf,2026-04,Suffolk Constabulary,Suffolk Constabulary,1.142057,52.058407,On or near Emlen Street,E01029988,Ipswich 010E,Public order,Investigation complete; no suspect identified,
e3db4842fe97dae3af6b9d71e502dd166c67651ee69650e2d4b359986ef51d29,2026-04,Suffolk Constabulary,Suffolk Constabulary,1.141592,52.059058,On or near Dillwyn Street West,E01029988,Ipswich 010E,Public order,Unable to prosecute suspect,
f8920ac5f6e63ddd5db6b0e7e63ff440574dd2c980a133c4559b23dd1b3741f0,2026-04,Suffolk Constabulary,Suffolk Constabulary,1.144638,52.054236,On or near Sports/Recreation Area,E01029988,Ipswich 010E,Theft from the person,Investigation complete; no suspect identified,
e45191e69f2356603bb9b6e307883a84aafd533efa115879f327004adada704e,2026-04,Suffolk Constabulary,Suffolk Constabulary,1.139186,52.058249,On or near Handford Cut,E01029988,Ipswich 010E,Violence and sexual offences,Under investigation,
aca0097d96149d591e75fe1e03f5d0aa2ceb8131be3eee31016d264c052ec405,2026-04,Suffolk Constabulary,Suffolk Constabulary,1.140239,52.058707,On or near Elliott Street,E01029988,Ipswich 010E,Violence and sexual offences,Action to be taken by another organisation,
62670d3cdc87bd7ebf7d6dd401a599a0bfbac8909f8d8402d2b1e9598dda671e,2026-04,Suffolk Constabulary,Suffolk Constabulary,1.141525,52.058106,On or near Dillwyn Street,E01029988,Ipswich 010E,Violence and sexual offences,Unable to prosecute suspect,
1bb65b5a95d4da48ab1e58607f3695c117414efc9f8837c46b6a2e5b652bf1c9,2026-04,Suffolk Constabulary,Suffolk Constabulary,1.136909,52.057608,On or near Supermarket,E01029988,Ipswich 010E,Violence and sexual offences,Unable to prosecute suspect,
2012361fe3d3a203b6ac432dd242906fc42396c1606bbbe8799136deb27e6cfb,2026-04,Suffolk Constabulary,Suffolk Constabulary,1.140239,52.058707,On or near Elliott Street,E01029988,Ipswich 010E,Violence and sexual offences,Under investigation,
5ff04edb054d4dabb9475d2257f1441f88d1fd2333147defc866ae0ec17f5b9c,2026-04,Suffolk Constabulary,Suffolk Constabulary,1.144265,52.058276,On or near Dalton Road,E01029988,Ipswich 010E,Violence and sexual offences,Unable to prosecute suspect,
5d659a6603c975628ba9195d23ff5154a655c5ec04f4e0b3481869b4b2854393,2026-04,Suffolk Constabulary,Suffolk Constabulary,1.136909,52.057608,On or near Supermarket,E01029988,Ipswich 010E,Violence and sexual offences,Unable to prosecute suspect,
9ce2ddb02a4f6eb6c71d3a1626f7f4b7c05a8d3e23bed925acab57fb110624e9,2026-04,Suffolk Constabulary,Suffolk Constabulary,1.136909,52.057608,On or near Supermarket,E01029988,Ipswich 010E,Violence and sexual offences,Action to be taken by another organisation,
e4b1410c6e1e77dc99e78f409873f7476ec37d10ef2fde27d4a3cf1965e5b26a,2026-04,Suffolk Constabulary,Suffolk Constabulary,1.139153,52.057567,On or near Firmin Close,E01029988,Ipswich 010E,Violence and sexual offences,Unable to prosecute suspect,
97ef126da624eb17687b977640ac671c7d49ce89f80f39d09d04fef45fa10990,2026-04,Suffolk Constabulary,Suffolk Constabulary,1.144638,52.054236,On or near Sports/Recreation Area,E01029988,Ipswich 010E,Violence and sexual offences,Unable to prosecute suspect,
caa8403402dc08a51e8b8c445c089074213e22600590732a0a37402dfdb6ec49,2026-04,Suffolk Constabulary,Suffolk Constabulary,1.136909,52.057608,On or near Supermarket,E01029988,Ipswich 010E,Violence and sexual offences,Under investigation,
869acead456454d3b1af4c12a72118f3c09737e31228a2908ddafa3272fdc70f,2026-04,Suffolk Constabulary,Suffolk Constabulary,1.140239,52.058707,On or near Elliott Street,E01029988,Ipswich 010E,Violence and sexual offences,Action to be taken by another organisation,
257457942a6a39c411e85741dbbbce6f5fde252e682a6aa4fd0f666da5c536e1,2026-04,Suffolk Constabulary,Suffolk Constabulary,1.136909,52.057608,On or near Supermarket,E01029988,Ipswich 010E,Violence and sexual offences,Action to be taken by another organisation,
8aee874ff6f4fd2c85dc372d9802415dc03c2d11f335b1214772b0f1b66669a0,2026-04,Suffolk Constabulary,Suffolk Constabulary,1.136909,52.057608,On or near Supermarket,E01029988,Ipswich 010E,Violence and sexual offences,Unable to prosecute suspect,
2e89c1673bc7d2ebdb65f0200f1ebfbc8bc4996d0dc84e98e0d7faf2f51f688f,2026-04,Suffolk Constabulary,Suffolk Constabulary,1.140239,52.058707,On or near Elliott Street,E01029988,Ipswich 010E,Violence and sexual offences,Action to be taken by another organisation,
f41a1ae17f647863b6ed225c99d64f486e2f82aa2293b0e5676544ef98dd479e,2026-04,Suffolk Constabulary,Suffolk Constabulary,1.136909,52.057608,On or near Supermarket,E01029988,Ipswich 010E,Violence and sexual offences,Unable to prosecute suspect,
ac77ab8cce32d1195abf99afd2c84fcec3b4f4ed690150d0eba1a6b3a355814f,2026-04,Suffolk Constabulary,Suffolk Constabulary,1.180491,52.050243,On or near York Road,E01029990,Ipswich 011B,Criminal damage and arson,Investigation complete; no suspect identified,
f0429c75833f8128e150f440fdf6d3f10bab71472f814da485fe4ef3289182d0,2026-04,Suffolk Constabulary,Suffolk Constabulary,1.175905,52.049341,On or near Alston Road,E01029990,Ipswich 011B,Other theft,Investigation complete; no suspect identified,
bced8586af17089eb65e08d23b998458e27c9873ab4e88ea29449c4a5c39e9fb,2026-04,Suffolk Constabulary,Suffolk Constabulary,1.175905,52.049341,On or near Alston Road,E01029990,Ipswich 011B,Other theft,Unable to prosecute suspect,
a03c3c2413ceee038d7b493502c33ab0a834ffbb8a74d9d17625d8b58a8cd5bf,2026-04,Suffolk Constabulary,Suffolk Constabulary,1.180412,52.048095,On or near A1156,E01029990,Ipswich 011B,Public order,Unable to prosecute suspect,
94904ddab1b4e8d89502346e69654c02132170c06678d318b5dd460f696cd919,2026-04,Suffolk Constabulary,Suffolk Constabulary,1.177348,52.041711,On or near Trent Road,E01029991,Ipswich 011C,Violence and sexual offences,Awaiting court outcome,
243929c098cbd90491adf2879db951289a9b2e75ec39e6f4528f2097c0f553e8,2026-04,Suffolk Constabulary,Suffolk Constabulary,1.174799,52.040943,On or near Medway Road,E01029991,Ipswich 011C,Violence and sexual offences,Investigation complete; no suspect identified,
230bb0aa0d5c11ea754aaaaef0c9140cb76e7b9d5b9e5135e534257bdccdbcdf,2026-04,Suffolk Constabulary,Suffolk Constabulary,1.177348,52.041711,On or near Trent Road,E01029991,Ipswich 011C,Violence and sexual offences,Awaiting court outcome,
f5b1b330717aba90cd2c0679298dfb6c123434b2ab491c38cfa9146398ebef72,2026-04,Suffolk Constabulary,Suffolk Constabulary,1.177348,52.041711,On or near Trent Road,E01029991,Ipswich 011C,Violence and sexual offences,Awaiting court outcome,
087c78987e7698794fa305c18583bd32f65b536a3c81b727f6a89a7e3f5cb632,2026-04,Suffolk Constabulary,Suffolk Constabulary,1.178649,52.042584,On or near Wye Road,E01029991,Ipswich 011C,Violence and sexual offences,Unable to prosecute suspect,
10a183006cc8bad7a5004353db9095651ef32420449342af5bdadb3cc054d964,2026-04,Suffolk Constabulary,Suffolk Constabulary,1.172646,52.044932,On or near Cliff Lane,E01029992,Ipswich 011D,Violence and sexual offences,Unable to prosecute suspect,
,2026-04,Suffolk Constabulary,Suffolk Constabulary,1.166966,52.049384,On or near Trinity Street,E01033123,Ipswich 011E,Anti-social behaviour,,
,2026-04,Suffolk Constabulary,Suffolk Constabulary,1.166966,52.049384,On or near Trinity Street,E01033123,Ipswich 011E,Anti-social behaviour,,
578329802a1e1e870d916706540a42037890a96d176dcdbe5c2ccea2b37b45d5,2026-04,Suffolk Constabulary,Suffolk Constabulary,1.166966,52.049384,On or near Trinity Street,E01033123,Ipswich 011E,Burglary,Investigation complete; no suspect identified,
b98610c649d86d00625c58aaa153f16161dd65e6595f93756f668c543020bb67,2026-04,Suffolk Constabulary,Suffolk Constabulary,1.172605,52.051759,On or near Cavendish Street,E01033123,Ipswich 011E,Other theft,Unable to prosecute suspect,
a803288973dc4efda99bd1436d3a26feb3a92552b47ddfc25c2d1ca43ca5684c,2026-04,Suffolk Constabulary,Suffolk Constabulary,1.172437,52.053095,On or near Gladstone Road,E01033123,Ipswich 011E,Other theft,Investigation complete; no suspect identified,
6029b14011f5d8e4938a36116349b64976b646ba38a192ca877caf98fe34f6ee,2026-04,Suffolk Constabulary,Suffolk Constabulary,1.172605,52.051759,On or near Cavendish Street,E01033123,Ipswich 011E,Other theft,Investigation complete; no suspect identified,
afb7d8c700ec44ec33e7166170dbae29e1ce68808754f5562c8dfafc3873828a,2026-04,Suffolk Constabulary,Suffolk Constabulary,1.173234,52.053433,On or near Supermarket,E01033123,Ipswich 011E,Public order,Investigation complete; no suspect identified,
6861079307ee7e741c69a615e99efd6c00f644c6e1e90bb059889c45a7eddd15,2026-04,Suffolk Constabulary,Suffolk Constabulary,1.173234,52.053433,On or near Supermarket,E01033123,Ipswich 011E,Robbery,Investigation complete; no suspect identified,
4b48747734f94bb15b551db219ff0c03846f0aaaaee3ccfe5d5497203d31200f,2026-04,Suffolk Constabulary,Suffolk Constabulary,1.173234,52.053433,On or near Supermarket,E01033123,Ipswich 011E,Robbery,Under investigation,
6b422c62587618a853a2047f5954b910f47d1d8c5fd2d9367550f10e7f4c5574,2026-04,Suffolk Constabulary,Suffolk Constabulary,1.173234,52.053433,On or near Supermarket,E01033123,Ipswich 011E,Robbery,Investigation complete; no suspect identified,
63a494d53ec0018666fbafccb33fad118ca944b894f0bcfddd442774080cc8c4,2026-04,Suffolk Constabulary,Suffolk Constabulary,1.173234,52.053433,On or near Supermarket,E01033123,Ipswich 011E,Shoplifting,Investigation complete; no suspect identified,
c2a71d277415d865d9596044e835e2010a6d0c561ac035660f96061454e2c6db,2026-04,Suffolk Constabulary,Suffolk Constabulary,1.173234,52.053433,On or near Supermarket,E01033123,Ipswich 011E,Shoplifting,Awaiting court outcome,
cf7e2d503ad3f9da278a2ae07b39e728bea65d7fc5c577d82260df85cab37564,2026-04,Suffolk Constabulary,Suffolk Constabulary,1.173234,52.053433,On or near Supermarket,E01033123,Ipswich 011E,Shoplifting,Awaiting court outcome,
9d08ec0b377cc3f6ce0076c8c8214f6cc6e7a4f58c41607c40e6c673852cdc00,2026-04,Suffolk Constabulary,Suffolk Constabulary,1.173234,52.053433,On or near Supermarket,E01033123,Ipswich 011E,Shoplifting,Investigation complete; no suspect identified,
2948f1f5249642caf314da107041920d459eb92e64650b95c755d83cfe40efc7,2026-04,Suffolk Constabulary,Suffolk Constabulary,1.173234,52.053433,On or near Supermarket,E01033123,Ipswich 011E,Shoplifting,Investigation complete; no suspect identified,
8f49693fca084a1649ee550dc82c76cf6c92a0b595f51dd0b116603656649b44,2026-04,Suffolk Constabulary,Suffolk Constabulary,1.173234,52.053433,On or near Supermarket,E01033123,Ipswich 011E,Shoplifting,Investigation complete; no suspect identified,
784ff196a12e0a18e9f5ded87239b6d3e2ded0c7d3c48644cefda3bf74a9f8fa,2026-04,Suffolk Constabulary,Suffolk Constabulary,1.173234,52.053433,On or near Supermarket,E01033123,Ipswich 011E,Shoplifting,Investigation complete; no suspect identified,
837823ff6335a967393cf238f4d09ae0c95feace3676411b84f6cfec09b593ae,2026-04,Suffolk Constabulary,Suffolk Constabulary,1.173234,52.053433,On or near Supermarket,E01033123,Ipswich 011E,Shoplifting,Awaiting court outcome,
759a28be3b79642aea3cb9fd8947ac27a13d7dacd457f268749dae196cdcc382,2026-04,Suffolk Constabulary,Suffolk Constabulary,1.173234,52.053433,On or near Supermarket,E01033123,Ipswich 011E,Shoplifting,Awaiting court outcome,
dbba85f81425f6128201dcfa3492be93d3ea496766ac765f1f608bb8bb88ec90,2026-04,Suffolk Constabulary,Suffolk Constabulary,1.173234,52.053433,On or near Supermarket,E01033123,Ipswich 011E,Shoplifting,Unable to prosecute suspect,
38556865f7b206e60a27e8e287e97819ccc0837bd4eb8bb10dbaf5faa3463e75,2026-04,Suffolk Constabulary,Suffolk Constabulary,1.173234,52.053433,On or near Supermarket,E01033123,Ipswich 011E,Shoplifting,Investigation complete; no suspect identified,
c52f00bba7f979d76ec95260931b7b1e0995671c6359d1034868c5c54c0cf01c,2026-04,Suffolk Constabulary,Suffolk Constabulary,1.173234,52.053433,On or near Supermarket,E01033123,Ipswich 011E,Shoplifting,Investigation complete; no suspect identified,
9468f0b1b054bcc8f065c272118c4eb12e16aa2626e94904da3fa2a00736b3d1,2026-04,Suffolk Constabulary,Suffolk Constabulary,1.173234,52.053433,On or near Supermarket,E01033123,Ipswich 011E,Shoplifting,Investigation complete; no suspect identified,
736d360acbe0abe1d4f334f0fcab40b8c137f5f0d710c16e8790c5795f76bd06,2026-04,Suffolk Constabulary,Suffolk Constabulary,1.173234,52.053433,On or near Supermarket,E01033123,Ipswich 011E,Shoplifting,Awaiting court outcome,
a9cba417b99e6de5b20fc27b13d47871332de738be0b1b94ecbdfa670fafd477,2026-04,Suffolk Constabulary,Suffolk Constabulary,1.173234,52.053433,On or near Supermarket,E01033123,Ipswich 011E,Shoplifting,Awaiting court outcome,
471079b70f616167a06446405378285da682b3ec327dae68354c2741407a8060,2026-04,Suffolk Constabulary,Suffolk Constabulary,1.173234,52.053433,On or near Supermarket,E01033123,Ipswich 011E,Shoplifting,Investigation complete; no suspect identified,
f24dbf89fc8e89be5b7bcc804bd30abc013231af4ab349a597d8983391f9c85c,2026-04,Suffolk Constabulary,Suffolk Constabulary,1.173234,52.053433,On or near Supermarket,E01033123,Ipswich 011E,Shoplifting,Investigation complete; no suspect identified,
75d7ca200f22b8a3d96d665bc2bc9c0f96f956c552d62a16536551b185059748,2026-04,Suffolk Constabulary,Suffolk Constabulary,1.173234,52.053433,On or near Supermarket,E01033123,Ipswich 011E,Shoplifting,Investigation complete; no suspect identified,
2e63f388b0fe915f11c5bf5cffc19c1ce14cab770b113320bf1e48c99839a09e,2026-04,Suffolk Constabulary,Suffolk Constabulary,1.172605,52.051759,On or near Cavendish Street,E01033123,Ipswich 011E,Violence and sexual offences,Under investigation,
8cb382882b5d0626297aec140327c61025c90f9cdea8e36db97bffe661670ac1,2026-04,Suffolk Constabulary,Suffolk Constabulary,1.172437,52.053095,On or near Gladstone Road,E01033123,Ipswich 011E,Violence and sexual offences,Unable to prosecute suspect,
ba06c12b1f52c854ebfc640980131f9eae50be7eaa27f54d34a69172adacb214,2026-04,Suffolk Constabulary,Suffolk Constabulary,1.171512,52.053012,On or near Devonshire Road,E01033123,Ipswich 011E,Violence and sexual offences,Unable to prosecute suspect,
bbacb46311a1a42a151b68e441b2e87e977ef0235eeafe265ff7db9a84975b1f,2026-04,Suffolk Constabulary,Suffolk Constabulary,1.172939,52.050293,On or near Rosehill Crescent,E01033123,Ipswich 011E,Violence and sexual offences,Under investigation,
656bc201abdfe04f1e26adbca67ecc2d83f310d11a4deb3cfc0520d7df2f1727,2026-04,Suffolk Constabulary,Suffolk Constabulary,1.173234,52.053433,On or near Supermarket,E01033123,Ipswich 011E,Violence and sexual offences,Under investigation,
,2026-04,Suffolk Constabulary,Suffolk Constabulary,1.165930,52.051238,On or near Pownall Road,E01033126,Ipswich 011F,Anti-social behaviour,,
,2026-04,Suffolk Constabulary,Suffolk Constabulary,1.164389,52.048833,On or near Anchor Street,E01033126,Ipswich 011F,Anti-social behaviour,,
,2026-04,Suffolk Constabulary,Suffolk Constabulary,1.164389,52.048833,On or near Anchor Street,E01033126,Ipswich 011F,Anti-social behaviour,,
,2026-04,Suffolk Constabulary,Suffolk Constabulary,1.164389,52.048833,On or near Anchor Street,E01033126,Ipswich 011F,Anti-social behaviour,,
e59e6c6e30d5a4cde6aa9ac4004b51c9a6d1a1d4e941f8fa75353251f62cedbd,2026-04,Suffolk Constabulary,Suffolk Constabulary,1.165334,52.050651,On or near Duke Street,E01033126,Ipswich 011F,Burglary,Investigation complete; no suspect identified,
65e6c4829ba2564a4ca61158f0accb6b131e3f6ac4bf38f737b350d39179574e,2026-04,Suffolk Constabulary,Suffolk Constabulary,1.153759,52.051996,On or near Bridge Street,E01033126,Ipswich 011F,Criminal damage and arson,Investigation complete; no suspect identified,
365df2a036f979bb9b5acfb876f18f37717bcce0f227f72eff22e4e04bede787,2026-04,Suffolk Constabulary,Suffolk Constabulary,1.164314,52.052108,On or near Coprolite Street,E01033126,Ipswich 011F,Drugs,Local resolution,
23ac8603709396664d5ba76108f5e0feef20940c406d1deabe7efb5c1b7b2407,2026-04,Suffolk Constabulary,Suffolk Constabulary,1.154570,52.052118,On or near St Peters Dock,E01033126,Ipswich 011F,Public order,Investigation complete; no suspect identified,
57010fd76d9a680bde7348e44b099010de558bacbac1aa6e62b82df6cb1f5032,2026-04,Suffolk Constabulary,Suffolk Constabulary,1.166119,52.050405,On or near Hope Court,E01033126,Ipswich 011F,Shoplifting,Local resolution,
e3c5e0806040f8fdaad9928aff4b6192e2d0faaaeece700506b7b6cc8468ca64,2026-04,Suffolk Constabulary,Suffolk Constabulary,1.166119,52.050405,On or near Hope Court,E01033126,Ipswich 011F,Shoplifting,Under investigation,
4790d3cc3a7e900c5c6b02737cc5869ae1281ca46892786dd600502baa1a7c4f,2026-04,Suffolk Constabulary,Suffolk Constabulary,1.166119,52.050405,On or near Hope Court,E01033126,Ipswich 011F,Shoplifting,Investigation complete; no suspect identified,
1ed9a80a676782059d260b7f86e77782d32d8233b28aca9bf1684a57284a0f53,2026-04,Suffolk Constabulary,Suffolk Constabulary,1.166119,52.050405,On or near Hope Court,E01033126,Ipswich 011F,Shoplifting,Investigation complete; no suspect identified,
07921cc7d0535e5adbd2bfeb851292cfcd6ee8bd41f0bcddee09e795bffa00fd,2026-04,Suffolk Constabulary,Suffolk Constabulary,1.166119,52.050405,On or near Hope Court,E01033126,Ipswich 011F,Shoplifting,Investigation complete; no suspect identified,
f95608ff309cc540f736622d28b403ab26ff7b942860d23971b53b475b063dc9,2026-04,Suffolk Constabulary,Suffolk Constabulary,1.153759,52.051996,On or near Bridge Street,E01033126,Ipswich 011F,Theft from the person,Unable to prosecute suspect,
33e080201c2c0168eaaaafbe529359b0a2887e16b0ddf1e2012202e447d39fdf,2026-04,Suffolk Constabulary,Suffolk Constabulary,1.154570,52.052118,On or near St Peters Dock,E01033126,Ipswich 011F,Violence and sexual offences,Unable to prosecute suspect,
6f8f43b00c06c683ceb0e9572bb2226222a62be22cc142562f143c390b19b62b,2026-04,Suffolk Constabulary,Suffolk Constabulary,1.164314,52.052108,On or near Coprolite Street,E01033126,Ipswich 011F,Violence and sexual offences,Awaiting court outcome,
e0da387630489831ee271381c3800f23aee2ee04e4a4bd020f60ad8d41d67b82,2026-04,Suffolk Constabulary,Suffolk Constabulary,1.154570,52.052118,On or near St Peters Dock,E01033126,Ipswich 011F,Violence and sexual offences,Unable to prosecute suspect,
dd93fb7810371bf4cd428d19b6eabdf54af16c50f2467590a7df44f04fc0e962,2026-04,Suffolk Constabulary,Suffolk Constabulary,1.154570,52.052118,On or near St Peters Dock,E01033126,Ipswich 011F,Violence and sexual offences,Under investigation,
a56d54f07af42b4b8bd3521754200271db9fe766428c32fbb03de507bd5cde69,2026-04,Suffolk Constabulary,Suffolk Constabulary,1.153759,52.051996,On or near Bridge Street,E01033126,Ipswich 011F,Violence and sexual offences,Unable to prosecute suspect,
731491e0936d8ccd822b40ab9e0b320d5d0d7f3387c28cf2c41ea67eb140ced5,2026-04,Suffolk Constabulary,Suffolk Constabulary,1.164700,52.048276,On or near Patteson Road,E01033126,Ipswich 011F,Violence and sexual offences,Under investigation,
f3d2de44391969fd19ced5a335888268fe6dbe68aac62e407b6a9513454d5285,2026-04,Suffolk Constabulary,Suffolk Constabulary,1.164147,52.050575,On or near Page Walk,E01033126,Ipswich 011F,Violence and sexual offences,Under investigation,
9e740ca68c9b982b0be252b46868b1fb1d09cdb14c5fc127b86099b14277d841,2026-04,Suffolk Constabulary,Suffolk Constabulary,1.153759,52.051996,On or near Bridge Street,E01033126,Ipswich 011F,Violence and sexual offences,Unable to prosecute suspect,
09da956f907222b37a432870e1933e68a19309dbed2339de4af7d8d4f165a6fb,2026-04,Suffolk Constabulary,Suffolk Constabulary,1.153759,52.051996,On or near Bridge Street,E01033126,Ipswich 011F,Violence and sexual offences,Unable to prosecute suspect,
929ccdaa5b56e893208d5625b828a8fd190917cab1184b4b84ed861dc446afa6,2026-04,Suffolk Constabulary,Suffolk Constabulary,1.164700,52.048276,On or near Patteson Road,E01033126,Ipswich 011F,Violence and sexual offences,Unable to prosecute suspect,
4ca929b74a5e53cc5aa229932489c4f2e79e70b27a73358ca99c02a31b95243a,2026-04,Suffolk Constabulary,Suffolk Constabulary,1.153759,52.051996,On or near Bridge Street,E01033126,Ipswich 011F,Other crime,Awaiting court outcome,
,2026-04,Suffolk Constabulary,Suffolk Constabulary,1.152596,52.047908,On or near Bradley Street,E01029968,Ipswich 012A,Anti-social behaviour,,
5eeac65722a9a743bca9e9eea4ee811aa5e31acb0d963a78c03b347d7d666287,2026-04,Suffolk Constabulary,Suffolk Constabulary,1.155180,52.048567,On or near Vaughan Street,E01029968,Ipswich 012A,Criminal damage and arson,Investigation complete; no suspect identified,
8db21aa123b3389c5849df86f52eec65e26cb4f729698ee49678e7265d76ad46,2026-04,Suffolk Constabulary,Suffolk Constabulary,1.153948,52.047224,On or near Station Street,E01029968,Ipswich 012A,Criminal damage and arson,Investigation complete; no suspect identified,
1283025b555f8c1123ef31e4bb20114f53be218c287958906ade24ce4a9d789f,2026-04,Suffolk Constabulary,Suffolk Constabulary,1.152596,52.047908,On or near Bradley Street,E01029968,Ipswich 012A,Criminal damage and arson,Unable to prosecute suspect,
39f47c4d336d1ac099caa75e85cb4d86fcc83b3a9def61250a751c76d26d391e,2026-04,Suffolk Constabulary,Suffolk Constabulary,1.150744,52.048551,On or near Martin Road,E01029968,Ipswich 012A,Drugs,Local resolution,
fe46b6639a9cbffd4bc369afa9a29006e3a5f5f2c22ce4b2e0c0b27a5ca64801,2026-04,Suffolk Constabulary,Suffolk Constabulary,1.148036,52.048003,On or near Belstead Avenue,E01029968,Ipswich 012A,Other theft,Investigation complete; no suspect identified,
e8737958568fadaf3620548b92606390a4f55b2b3b4b904d3e6e51a78a787817,2026-04,Suffolk Constabulary,Suffolk Constabulary,1.154198,52.047874,On or near Pauline Street,E01029968,Ipswich 012A,Violence and sexual offences,Under investigation,
2bea8990fdfe24a334b5ea1939338958b7b521787c5d933230292526cb24a12f,2026-04,Suffolk Constabulary,Suffolk Constabulary,1.152596,52.047908,On or near Bradley Street,E01029968,Ipswich 012A,Violence and sexual offences,Under investigation,
210f4395cd3393dceb227b5bebc2eef66a52d59db2faaabffdbe8571444cfb31,2026-04,Suffolk Constabulary,Suffolk Constabulary,1.154760,52.047787,On or near Kenyon Street,E01029968,Ipswich 012A,Violence and sexual offences,Unable to prosecute suspect,
d91d5d262eb9cf083939491681278c0ce728825f9e5d4bfcd4ee4cbb375ab280,2026-04,Suffolk Constabulary,Suffolk Constabulary,1.150744,52.049576,On or near Selwyn Close,E01029968,Ipswich 012A,Violence and sexual offences,Unable to prosecute suspect,
d72899a3efeeeb8020555bce0f94ef6551d643ce8ac252e9d8edc4d9c495225c,2026-04,Suffolk Constabulary,Suffolk Constabulary,1.153948,52.047224,On or near Station Street,E01029968,Ipswich 012A,Other crime,Under investigation,
fff4309831dbf4b334a490a1aa61e96380c0e9a2ba1cea2b40953dfeaa9e198a,2026-04,Suffolk Constabulary,Suffolk Constabulary,1.152371,52.041204,On or near Wherstead Road,E01029969,Ipswich 012B,Criminal damage and arson,Investigation complete; no suspect identified,
0cb304438a29503420733915fffe1d87fe034c9a9483d4cac54947b72ddad3cf,2026-04,Suffolk Constabulary,Suffolk Constabulary,1.149536,52.035308,On or near Bostock Road,E01029969,Ipswich 012B,Other theft,Investigation complete; no suspect identified,
f522e03f17f085d1520bca47de4b46cecd5af1d0dff4ade40339553acd99bdeb,2026-04,Suffolk Constabulary,Suffolk Constabulary,1.153592,52.044041,On or near A137,E01029969,Ipswich 012B,Vehicle crime,Unable to prosecute suspect,
8f9fcd08b4c9b5b5686c6aaeac27fcd9f85349129c934ae3f262f35b53831215,2026-04,Suffolk Constabulary,Suffolk Constabulary,1.148119,52.040886,On or near Conway Close,E01029969,Ipswich 012B,Violence and sexual offences,Under investigation,
e056d25dd1524b075269f075bdcb39cf452795fe881d71b2aa0c024dd3749f91,2026-04,Suffolk Constabulary,Suffolk Constabulary,1.144601,52.036888,On or near Monmouth Close,E01029969,Ipswich 012B,Violence and sexual offences,Action to be taken by another organisation,
6ff4e5d50132d3560477c8a588965b9f369c756574cd75f4818859ea7151ec19,2026-04,Suffolk Constabulary,Suffolk Constabulary,1.152371,52.041204,On or near Wherstead Road,E01029969,Ipswich 012B,Violence and sexual offences,Investigation complete; no suspect identified,
3bdab7d31ff5621368fbaca0c0724d2b69d87425d9eb486c4dee48574c2d4d1c,2026-04,Suffolk Constabulary,Suffolk Constabulary,1.153383,52.046870,On or near Webb Street,E01029970,Ipswich 012C,Burglary,Investigation complete; no suspect identified,
fd6ace6289ef402f7562f3c16ff8e73aaddf83d660e7955b1aafbaf405d497e1,2026-04,Suffolk Constabulary,Suffolk Constabulary,1.140631,52.044126,On or near Thornhayes Close,E01029970,Ipswich 012C,Criminal damage and arson,Investigation complete; no suspect identified,
9eccaec21b88d1023b24575d4fd9a0062f62125f8d7316ed4199f84036ba2196,2026-04,Suffolk Constabulary,Suffolk Constabulary,1.153893,52.045616,On or near Bromley Close,E01029970,Ipswich 012C,Other theft,Investigation complete; no suspect identified,
9a868d38185f818f67461fe2533690e2f7888489e153f544cc58e82a9b145985,2026-04,Suffolk Constabulary,Suffolk Constabulary,1.140631,52.044126,On or near Thornhayes Close,E01029970,Ipswich 012C,Vehicle crime,Under investigation,
bf58630ed070ba6be52547b465b5eee8b8e8ff22c9e09b1a37fd0c313db34321,2026-04,Suffolk Constabulary,Suffolk Constabulary,1.146433,52.044907,On or near Oak Hill Lane,E01029970,Ipswich 012C,Violence and sexual offences,Action to be taken by another organisation,
ed6a6054bc5bc86b5567c95c2c292ecf747d208b83be80c90d641f4f4a23285b,2026-04,Suffolk Constabulary,Suffolk Constabulary,1.139729,52.042280,On or near Broomhayes,E01029970,Ipswich 012C,Violence and sexual offences,Investigation complete; no suspect identified,
d7a991e040b9fe1d6303e558ae67384e17bffaf4b530c98711aa06fead4231b7,2026-04,Suffolk Constabulary,Suffolk Constabulary,1.148370,52.044450,On or near Maidenhall Approach,E01029970,Ipswich 012C,Violence and sexual offences,Under investigation,
45c5d69fe03f1ae31757031bee576094ad7338e9b575f0edde0351c8997ccd1c,2026-04,Suffolk Constabulary,Suffolk Constabulary,1.140631,52.044126,On or near Thornhayes Close,E01029970,Ipswich 012C,Violence and sexual offences,Under investigation,
5a5009612eabcd782af2720df1a5a265b6acd4ff16580d60e10d557db77cd03b,2026-04,Suffolk Constabulary,Suffolk Constabulary,1.143355,52.039503,On or near Cardiff Avenue,E01029971,Ipswich 012D,Burglary,Unable to prosecute suspect,
5c22891f1c6af1d13cd86dfd46cf4e36fec35298c0b4d6b188a60ad2dd89ecc7,2026-04,Suffolk Constabulary,Suffolk Constabulary,1.146383,52.041499,On or near Maidenhall Green,E01029971,Ipswich 012D,Public order,Unable to prosecute suspect,
8f932d69c1625cfe1da50d08a4eda1ec9c980e385d887d0433dbd1856e6d76cc,2026-04,Suffolk Constabulary,Suffolk Constabulary,1.146383,52.041499,On or near Maidenhall Green,E01029971,Ipswich 012D,Shoplifting,Under investigation,
c25252379a03f5bd9369b5da848432f7f3bfa3d61ea978326e2e772eced190fa,2026-04,Suffolk Constabulary,Suffolk Constabulary,1.146383,52.041499,On or near Maidenhall Green,E01029971,Ipswich 012D,Shoplifting,Investigation complete; no suspect identified,
3d8c504a8110ee219e4c29cdc60540c5e6c50d67a9fa8497240e95a770a458d4,2026-04,Suffolk Constabulary,Suffolk Constabulary,1.145294,52.040108,On or near Halifax Road,E01029971,Ipswich 012D,Vehicle crime,Investigation complete; no suspect identified,
5cad5bec9b6bc84a5cf9eebe0abed3165c6c56d73dea054a5788cb996bd7a348,2026-04,Suffolk Constabulary,Suffolk Constabulary,1.143423,52.041713,On or near Aberdare Close,E01029971,Ipswich 012D,Violence and sexual offences,Action to be taken by another organisation,
7dca48d7fdf11cd8599b9216ba3c0dc6571218df0a4d041c070c4d7d1330f174,2026-04,Suffolk Constabulary,Suffolk Constabulary,1.144876,52.038320,On or near Tenby Road,E01029971,Ipswich 012D,Violence and sexual offences,Under investigation,
145c73ed53d89df29a934e07d635c46ad187e908c778188eb79328128ba0de9a,2026-04,Suffolk Constabulary,Suffolk Constabulary,1.145294,52.040108,On or near Halifax Road,E01029971,Ipswich 012D,Violence and sexual offences,Unable to prosecute suspect,
1e7ca9244ff1fd7e9c8d1ac2ea281bc8e3afcd3d6036d681138e7bdbd3ec8705,2026-04,Suffolk Constabulary,Suffolk Constabulary,1.145527,52.042593,On or near Brecon Close,E01029971,Ipswich 012D,Violence and sexual offences,Unable to prosecute suspect,
,2026-04,Suffolk Constabulary,Suffolk Constabulary,1.156762,52.044936,On or near Virginia Street,E01033122,Ipswich 012F,Anti-social behaviour,,
b8359c3b768f155988df1f764a8dd6c9585bae6f52b7151b7efb6d6e6bcae8d5,2026-04,Suffolk Constabulary,Suffolk Constabulary,1.157612,52.046029,On or near Jamestown Boulevard,E01033122,Ipswich 012F,Burglary,Investigation complete; no suspect identified,
b69ca37e339daf1744f5861681caa82a312022456e853d6fcc1fdd44c870a0e9,2026-04,Suffolk Constabulary,Suffolk Constabulary,1.156762,52.044936,On or near Virginia Street,E01033122,Ipswich 012F,Criminal damage and arson,Under investigation,
288393ffa2c8cde1964a5b7a3c03382110d6ff97c408560fa6fcdc34b028d074,2026-04,Suffolk Constabulary,Suffolk Constabulary,1.158538,52.045914,On or near Discovery Avenue,E01033122,Ipswich 012F,Criminal damage and arson,Investigation complete; no suspect identified,
1ae8add25369cd44c9acacc17ff73e73515c4313ccbf23e5e56e2b94859f6f67,2026-04,Suffolk Constabulary,Suffolk Constabulary,1.156696,52.050199,On or near Barnard Square,E01033122,Ipswich 012F,Criminal damage and arson,Unable to prosecute suspect,
19fdbf8de03f6b9bfebba7b9413235b2fa5c4cc0e38b4243bf8d00f3e4cfe97f,2026-04,Suffolk Constabulary,Suffolk Constabulary,1.154702,52.043858,On or near Harland Street,E01033122,Ipswich 012F,Criminal damage and arson,Investigation complete; no suspect identified,
72b6633239d006ab1cfafcef4e2720a99c07992bc7828305feb966a0a261f705,2026-04,Suffolk Constabulary,Suffolk Constabulary,1.156696,52.050199,On or near Barnard Square,E01033122,Ipswich 012F,Criminal damage and arson,Investigation complete; no suspect identified,
7411fa94e5c067b9aa944d470ed86597b181b28ce8e3d4e0be32781b2bb1f508,2026-04,Suffolk Constabulary,Suffolk Constabulary,1.156927,52.047072,On or near Hawes Street,E01033122,Ipswich 012F,Drugs,Offender given a caution,
24e050f1cc0c8a4bca545da5457c224e5b79d59f93493acf61f36ad5319b7ca4,2026-04,Suffolk Constabulary,Suffolk Constabulary,1.156474,52.048712,On or near Tyler Street,E01033122,Ipswich 012F,Other theft,Investigation complete; no suspect identified,
ee9a4937681696a24de14851954687bcbc24737713a2c91b616220089a47409e,2026-04,Suffolk Constabulary,Suffolk Constabulary,1.156762,52.044936,On or near Virginia Street,E01033122,Ipswich 012F,Other theft,Investigation complete; no suspect identified,
e1ca282d71742abf527073dead60a1bbf70e69153b3dfe5dd5a37c8a25e40021,2026-04,Suffolk Constabulary,Suffolk Constabulary,1.157612,52.046029,On or near Jamestown Boulevard,E01033122,Ipswich 012F,Public order,Unable to prosecute suspect,
b5602f7b7e83ab0b9cba52da5782fe74eae93b065ba74385330f3879d94b40eb,2026-04,Suffolk Constabulary,Suffolk Constabulary,1.156762,52.044936,On or near Virginia Street,E01033122,Ipswich 012F,Public order,Unable to prosecute suspect,
b1cc50028e96a1e20c0d34597219d6609b5a18acdaba1921ff3e7956fbe103ba,2026-04,Suffolk Constabulary,Suffolk Constabulary,1.155465,52.049090,On or near Supermarket,E01033122,Ipswich 012F,Shoplifting,Awaiting court outcome,
7312d71ddf6ad57ef71e290957cc6089482251f6119bb3a0e4c4de6f515218eb,2026-04,Suffolk Constabulary,Suffolk Constabulary,1.155465,52.049090,On or near Supermarket,E01033122,Ipswich 012F,Shoplifting,Awaiting court outcome,
04962a9425c4bcb7a7982192a47169f443bf19d2342b6eadd4f2fe8d530a2b06,2026-04,Suffolk Constabulary,Suffolk Constabulary,1.155465,52.049090,On or near Supermarket,E01033122,Ipswich 012F,Shoplifting,Investigation complete; no suspect identified,
c4ce410cf902bf038f03565277ad7b9e7a6517ba24adb268c09ab4450f394d8f,2026-04,Suffolk Constabulary,Suffolk Constabulary,1.155465,52.049090,On or near Supermarket,E01033122,Ipswich 012F,Shoplifting,Awaiting court outcome,
e3c3e00b119e5dfef344d8342a53897852ede19a75a9d5aee8c255e2ceead848,2026-04,Suffolk Constabulary,Suffolk Constabulary,1.155465,52.049090,On or near Supermarket,E01033122,Ipswich 012F,Shoplifting,Awaiting court outcome,
385181248d8d15235c408e1dd45e71717da6b0ca2095467f32f7298b36e25dcc,2026-04,Suffolk Constabulary,Suffolk Constabulary,1.155465,52.049090,On or near Supermarket,E01033122,Ipswich 012F,Shoplifting,Awaiting court outcome,
19d1391ccdc8d49c99ebfa68a1f2fe6bf6e2f05ed66f741d5e1b02b494f46e86,2026-04,Suffolk Constabulary,Suffolk Constabulary,1.155465,52.049090,On or near Supermarket,E01033122,Ipswich 012F,Shoplifting,Investigation complete; no suspect identified,
b4be886e45791cdc83a1729b40b78265f05b96fbe8da1e9b6d3a5b1082a1144d,2026-04,Suffolk Constabulary,Suffolk Constabulary,1.155465,52.049090,On or near Supermarket,E01033122,Ipswich 012F,Shoplifting,Awaiting court outcome,
4dcfe4db48dbf9aabda65195a46c1338cc675acdfaf6901ab316e81d3f7d510a,2026-04,Suffolk Constabulary,Suffolk Constabulary,1.155465,52.049090,On or near Supermarket,E01033122,Ipswich 012F,Shoplifting,Investigation complete; no suspect identified,
36c843dcf7786a87276e79a8842e66fe3ed5679139804e03b45a7d338b402124,2026-04,Suffolk Constabulary,Suffolk Constabulary,1.155465,52.049090,On or near Supermarket,E01033122,Ipswich 012F,Shoplifting,Investigation complete; no suspect identified,
a9232567f93804a8640210d350a29bacb206d42f1ccd05bf0d37f020ed896bd0,2026-04,Suffolk Constabulary,Suffolk Constabulary,1.155771,52.045979,On or near Gresley Gardens,E01033122,Ipswich 012F,Violence and sexual offences,Unable to prosecute suspect,
ca1225454bb89643da664a5b7fbe367e0ea8301d9b4009aca010f371575003b8,2026-04,Suffolk Constabulary,Suffolk Constabulary,1.156779,52.048281,On or near Purplett Street,E01033122,Ipswich 012F,Violence and sexual offences,Under investigation,
b1e7197c96a6af51f5f134156c7724959ba1bdca11e403e2201254d03e97eebd,2026-04,Suffolk Constabulary,Suffolk Constabulary,1.156696,52.050199,On or near Barnard Square,E01033122,Ipswich 012F,Violence and sexual offences,Action to be taken by another organisation,
e19824eafaa7e30399bea6dd6bef0d7b38ee1f2e18b27c621e6b0be77fe42105,2026-04,Suffolk Constabulary,Suffolk Constabulary,1.156696,52.050199,On or near Barnard Square,E01033122,Ipswich 012F,Violence and sexual offences,Action to be taken by another organisation,
1288d83486a0780173a8072befdaf306377dbd4a25530ab0455f3785c348e430,2026-04,Suffolk Constabulary,Suffolk Constabulary,1.156762,52.044936,On or near Virginia Street,E01033122,Ipswich 012F,Violence and sexual offences,Under investigation,
,2026-04,Suffolk Constabulary,Suffolk Constabulary,1.155040,52.051341,On or near Dock Street,E01033130,Ipswich 012G,Anti-social behaviour,,
079638d153e6ffd4666dffffdf8d3f667009dfc2f325a8a2c2b49c7d54bfba4d,2026-04,Suffolk Constabulary,Suffolk Constabulary,1.149204,52.050706,On or near B1073,E01033130,Ipswich 012G,Drugs,Offender given a caution,
ec4178b1ee32babc6dec84c1cd2292fb9022a9ead4cc584025c3dcd141d7f561,2026-04,Suffolk Constabulary,Suffolk Constabulary,1.154601,52.049878,On or near Bell Close,E01033130,Ipswich 012G,Possession of weapons,Unable to prosecute suspect,
5ee3348945cb6ce5756bc272e0ae3673e5cef9b36c939c21c6860dbb52ca6acc,2026-04,Suffolk Constabulary,Suffolk Constabulary,1.152952,52.050686,On or near Stoke Street,E01033130,Ipswich 012G,Public order,Under investigation,
264a6b34b11d8665829a95cac73c3b0691be891a3f2df3c51c2350fab3ffb968,2026-04,Suffolk Constabulary,Suffolk Constabulary,1.153883,52.051066,On or near Bell Lane,E01033130,Ipswich 012G,Theft from the person,Unable to prosecute suspect,
4e6ee7b13991b39994ecbb6a0b7910a2415072ad5fa55f3dd5b9faaa4a972325,2026-04,Suffolk Constabulary,Suffolk Constabulary,1.152952,52.050686,On or near Stoke Street,E01033130,Ipswich 012G,Violence and sexual offences,Unable to prosecute suspect,
ea4b8f7734e7bc534ad1eb4425f74880e328fcb0286e770a3d936872cd07424d,2026-04,Suffolk Constabulary,Suffolk Constabulary,1.154601,52.049878,On or near Bell Close,E01033130,Ipswich 012G,Violence and sexual offences,Unable to prosecute suspect,
312065c57a93d0a845f4a9a193b205015d1f4e3c47a9205d7522bdd1f21d492f,2026-04,Suffolk Constabulary,Suffolk Constabulary,1.122387,52.042066,On or near Sheldrake Drive,E01030012,Ipswich 013A,Criminal damage and arson,Offender given a caution,
d74a9642022d5b883b8539991355dc3e0d023f4a5db8eec83d9a13431468397b,2026-04,Suffolk Constabulary,Suffolk Constabulary,1.125491,52.045375,On or near Pelican Close,E01030012,Ipswich 013A,Other theft,Unable to prosecute suspect,
89d87af0fd7aa8666505b818289290a53c9a8ec4fd3acc2071fd0378833a960c,2026-04,Suffolk Constabulary,Suffolk Constabulary,1.125184,52.044322,On or near Bittern Close,E01030012,Ipswich 013A,Other theft,Investigation complete; no suspect identified,
bea915c1cddcd1f3f1ca038ffa0c700049e06eb4075ca895886eb17f21e3186a,2026-04,Suffolk Constabulary,Suffolk Constabulary,1.127088,52.046106,On or near Widgeon Close,E01030012,Ipswich 013A,Violence and sexual offences,Under investigation,
da279961d2d8f9917ecd20f0a02d1ac0600d6f227b57b805d8383488a32f5447,2026-04,Suffolk Constabulary,Suffolk Constabulary,1.127088,52.046106,On or near Widgeon Close,E01030012,Ipswich 013A,Violence and sexual offences,Unable to prosecute suspect,
9f2dd14290c15ce49f1aff7af357d07fadc82ce0a1626b9380d2edb70620cfa1,2026-04,Suffolk Constabulary,Suffolk Constabulary,1.123356,52.044037,On or near Pintail Close,E01030012,Ipswich 013A,Violence and sexual offences,Under investigation,
ee838d45fb250132ee645b0e6cae28e60726fa16c0d2ec3bcb752a11d62310f4,2026-04,Suffolk Constabulary,Suffolk Constabulary,1.126710,52.046323,On or near Marsh Terrace,E01030012,Ipswich 013A,Violence and sexual offences,Action to be taken by another organisation,
0bd8245e8aeb9eed37a4530043dcb500b35577fdc63300e56f205b74593c690a,2026-04,Suffolk Constabulary,Suffolk Constabulary,1.126710,52.046323,On or near Marsh Terrace,E01030012,Ipswich 013A,Violence and sexual offences,Action to be taken by another organisation,
e06fd69959991808e890b2fae6b91edb9848a10127d035ae825a7f9d50cfcf14,2026-04,Suffolk Constabulary,Suffolk Constabulary,1.123919,52.043537,On or near Tern Road,E01030012,Ipswich 013A,Violence and sexual offences,Unable to prosecute suspect,
67d71c214de4724a75bf686444a36adb7bb1fa45d5e8e60ee095cf9fdd6f6c35,2026-04,Suffolk Constabulary,Suffolk Constabulary,1.127088,52.046106,On or near Widgeon Close,E01030012,Ipswich 013A,Violence and sexual offences,Unable to prosecute suspect,
,2026-04,Suffolk Constabulary,Suffolk Constabulary,1.123009,52.046260,On or near Supermarket,E01030013,Ipswich 013B,Anti-social behaviour,,
0d453d1fd8cb19ffdf1cc97ec5586f450c124777416e44992bd9639dd402587d,2026-04,Suffolk Constabulary,Suffolk Constabulary,1.123009,52.046260,On or near Supermarket,E01030013,Ipswich 013B,Bicycle theft,Investigation complete; no suspect identified,
71c35f9cef8ef47a48627c83bed2a56fdf5d54d796ef9980bbd319c4db9468ea,2026-04,Suffolk Constabulary,Suffolk Constabulary,1.123009,52.046260,On or near Supermarket,E01030013,Ipswich 013B,Bicycle theft,Unable to prosecute suspect,
bc89f77d3a4aa7033be133a5b8c5b32b5aa3bc9f91079ca21c48602d10f3d439,2026-04,Suffolk Constabulary,Suffolk Constabulary,1.123009,52.046260,On or near Supermarket,E01030013,Ipswich 013B,Bicycle theft,Awaiting court outcome,
d3901bb09f6d57937dab9224b7f937766c7e854debf58871f487698aeb1ea8d8,2026-04,Suffolk Constabulary,Suffolk Constabulary,1.117467,52.048906,On or near Curlew Road,E01030013,Ipswich 013B,Public order,Local resolution,
21234ac0db2300a8402ed072caf85f5fdaaaf642376e8fa53a176e433599b161,2026-04,Suffolk Constabulary,Suffolk Constabulary,1.123009,52.046260,On or near Supermarket,E01030013,Ipswich 013B,Shoplifting,Investigation complete; no suspect identified,
24d142201a354f8f318c6062c4846106f5d6f6defbede89c880b63357c8eccf9,2026-04,Suffolk Constabulary,Suffolk Constabulary,1.123009,52.046260,On or near Supermarket,E01030013,Ipswich 013B,Shoplifting,Investigation complete; no suspect identified,
5416978848cf17f0b54bec5a1086cf3a96ffb61a6650601d9df1b47a44d80fc0,2026-04,Suffolk Constabulary,Suffolk Constabulary,1.123009,52.046260,On or near Supermarket,E01030013,Ipswich 013B,Shoplifting,Investigation complete; no suspect identified,
45e1d2a6e75a81621881a09e6cd435a7eb2248ea1bfe1e84da9bfe73c4483222,2026-04,Suffolk Constabulary,Suffolk Constabulary,1.123009,52.046260,On or near Supermarket,E01030013,Ipswich 013B,Shoplifting,Formal action is not in the public interest,
a7218958ee84bc979a7bae042b45ef5d3057929fd9dffd7af3a02ce9abda0545,2026-04,Suffolk Constabulary,Suffolk Constabulary,1.123009,52.046260,On or near Supermarket,E01030013,Ipswich 013B,Shoplifting,Investigation complete; no suspect identified,
020515d015d089a94f8b80007403f53e3ac6cc347660f4b1563d2a4ad570f6db,2026-04,Suffolk Constabulary,Suffolk Constabulary,1.123009,52.046260,On or near Supermarket,E01030013,Ipswich 013B,Shoplifting,Awaiting court outcome,
182910d9de3bd4f5a0597e903d77253ef4c83d5ec939b5877d969a5b6853d4a1,2026-04,Suffolk Constabulary,Suffolk Constabulary,1.123009,52.046260,On or near Supermarket,E01030013,Ipswich 013B,Shoplifting,Awaiting court outcome,
7c3ad63b162ef3d99133921ee2d355abb7536a818e161c117228a7051750dc0a,2026-04,Suffolk Constabulary,Suffolk Constabulary,1.123009,52.046260,On or near Supermarket,E01030013,Ipswich 013B,Shoplifting,Awaiting court outcome,
1026e1030ab75a9e113fa1ec065dc930b5bc9ecb0879a01bce2fe24f63c21171,2026-04,Suffolk Constabulary,Suffolk Constabulary,1.123009,52.046260,On or near Supermarket,E01030013,Ipswich 013B,Violence and sexual offences,Unable to prosecute suspect,
7750ce3dd2c96083e71cb313b425a9baf272d9c3951254a8895dd9245d948c72,2026-04,Suffolk Constabulary,Suffolk Constabulary,1.119520,52.047808,On or near Partridge Road,E01030013,Ipswich 013B,Violence and sexual offences,Unable to prosecute suspect,
a675d22b6fa68040096c436424c1928e1b04d3ca0a2cbc0999ef8ecb2504ac5e,2026-04,Suffolk Constabulary,Suffolk Constabulary,1.119520,52.047808,On or near Partridge Road,E01030013,Ipswich 013B,Violence and sexual offences,Unable to prosecute suspect,
80d25d4262448b9182684f5d7cd1acce3d8666f377b94691afdb97971868f698,2026-04,Suffolk Constabulary,Suffolk Constabulary,1.121719,52.044827,On or near Gannet Road,E01030013,Ipswich 013B,Violence and sexual offences,Offender given a caution,
99d465f1cb3a2d45a4ae1395696798ee102abe2f1c1f2f5214ff14bac75fe249,2026-04,Suffolk Constabulary,Suffolk Constabulary,1.119520,52.047808,On or near Partridge Road,E01030013,Ipswich 013B,Violence and sexual offences,Action to be taken by another organisation,
13a4c3addfca9b31237b488d3b57adff8950cf3ea0944411d1cfa46bdd7e14d5,2026-04,Suffolk Constabulary,Suffolk Constabulary,1.119053,52.045087,On or near Redwing Close,E01030013,Ipswich 013B,Violence and sexual offences,Investigation complete; no suspect identified,
be94a52180435c831ba2193692892d88c73f8e9c6c2b72e31a0a96a8345a06c9,2026-04,Suffolk Constabulary,Suffolk Constabulary,1.121719,52.044827,On or near Gannet Road,E01030013,Ipswich 013B,Violence and sexual offences,Under investigation,
,2026-04,Suffolk Constabulary,Suffolk Constabulary,1.112272,52.047623,On or near Lapwing Road,E01030014,Ipswich 013C,Anti-social behaviour,,
c20b68a9e9c498ccbfe24229d7dbe47f8bafb98de9c4192c4f8028873a875690,2026-04,Suffolk Constabulary,Suffolk Constabulary,1.113232,52.045493,On or near Greenfinch Avenue,E01030014,Ipswich 013C,Drugs,Under investigation,
97c75fcec7309edb083fdfad2f300250154b7ec36743af0da2e8ba5d6279e7b0,2026-04,Suffolk Constabulary,Suffolk Constabulary,1.116216,52.044775,On or near Woodpecker Road,E01030014,Ipswich 013C,Vehicle crime,Under investigation,
,2026-04,Suffolk Constabulary,Suffolk Constabulary,1.117486,52.038716,On or near Supermarket,E01030015,Ipswich 013D,Anti-social behaviour,,
,2026-04,Suffolk Constabulary,Suffolk Constabulary,1.117486,52.038716,On or near Supermarket,E01030015,Ipswich 013D,Anti-social behaviour,,
08979a28fc933a03db6206af57c0c5e59400d8aec58987f83f26f1cac30cd370,2026-04,Suffolk Constabulary,Suffolk Constabulary,1.113746,52.038617,On or near Pendleton Road,E01030015,Ipswich 013D,Burglary,Investigation complete; no suspect identified,
4fd8cd4246df494c71d319c944d9f68032cf3348c4e764f55922ed4011afb33a,2026-04,Suffolk Constabulary,Suffolk Constabulary,1.117486,52.038716,On or near Supermarket,E01030015,Ipswich 013D,Criminal damage and arson,Investigation complete; no suspect identified,
bdd502848fa82ab0b65fb197d7a09870211db0d9c4220391289ab66a43ffa737,2026-04,Suffolk Constabulary,Suffolk Constabulary,1.117486,52.038716,On or near Supermarket,E01030015,Ipswich 013D,Shoplifting,Awaiting court outcome,
517d34fa165edbc2f6574af7e1be551b1fe33e178e024d5b563f07ea2b0bcc19,2026-04,Suffolk Constabulary,Suffolk Constabulary,1.117486,52.038716,On or near Supermarket,E01030015,Ipswich 013D,Shoplifting,Awaiting court outcome,
0092deba73e1d0d365a827ed1ae4cf3c350a8b3d100d7010d6bfc98e9d84064d,2026-04,Suffolk Constabulary,Suffolk Constabulary,1.117486,52.038716,On or near Supermarket,E01030015,Ipswich 013D,Shoplifting,Awaiting court outcome,
5184ba03dc4bdc3fa9f7dd920b463d67ec85a291b96c3c7385b61b643329e578,2026-04,Suffolk Constabulary,Suffolk Constabulary,1.117486,52.038716,On or near Supermarket,E01030015,Ipswich 013D,Shoplifting,Awaiting court outcome,
1c9329999b6ec869162e9dc06db42bcf1f1711cde7b4b4c04d25d5381d47d158,2026-04,Suffolk Constabulary,Suffolk Constabulary,1.117486,52.038716,On or near Supermarket,E01030015,Ipswich 013D,Shoplifting,Awaiting court outcome,
ab5f77170b70aea084cf28308009761c2ea133ab5266e474f16dd3f0d6ebdd82,2026-04,Suffolk Constabulary,Suffolk Constabulary,1.117486,52.038716,On or near Supermarket,E01030015,Ipswich 013D,Shoplifting,Awaiting court outcome,
dd39b230114d0b30fe2acb2b3ee9997b5684d9788016cebc487397c80ef81016,2026-04,Suffolk Constabulary,Suffolk Constabulary,1.117486,52.038716,On or near Supermarket,E01030015,Ipswich 013D,Shoplifting,Awaiting court outcome,
0a6eaf2bbda1fb9379c481dcd1cb9c3d10d169ed0430c9d30096edf0d0cdcb99,2026-04,Suffolk Constabulary,Suffolk Constabulary,1.117486,52.038716,On or near Supermarket,E01030015,Ipswich 013D,Shoplifting,Awaiting court outcome,
903426d66e09253561269cb4885bc70191eea59fa0c7544912056e4c7374a638,2026-04,Suffolk Constabulary,Suffolk Constabulary,1.113207,52.042615,On or near Didsbury Close,E01030015,Ipswich 013D,Violence and sexual offences,Action to be taken by another organisation,
f14ba93a8ac06932e18e7021a98d5a6faca41e6bd9225b3a398d6450f6ffb85f,2026-04,Suffolk Constabulary,Suffolk Constabulary,1.113207,52.042615,On or near Didsbury Close,E01030015,Ipswich 013D,Violence and sexual offences,Action to be taken by another organisation,
579cc45f6cfe24b7107fee63b54d655fc5c3d0c6baf6edace29a86e5860a2255,2026-04,Suffolk Constabulary,Suffolk Constabulary,1.113746,52.038617,On or near Pendleton Road,E01030015,Ipswich 013D,Violence and sexual offences,Unable to prosecute suspect,
6162a561b922912503cd956ba7e6c8eb924b7eafa9c35996019b560284125ebc,2026-04,Suffolk Constabulary,Suffolk Constabulary,1.118297,52.043443,On or near Royston Drive,E01030016,Ipswich 013E,Public order,Unable to prosecute suspect,
8079a4f16fbf1f7dda1ffb846a478ec0ce324ab4cc63a960155cc8b2c1e9a829,2026-04,Suffolk Constabulary,Suffolk Constabulary,1.119548,52.041719,On or near Lakeside Close,E01030016,Ipswich 013E,Violence and sexual offences,Under investigation,
51ff1169a81cb74180141e309c8777d0be0de0d1f67f22a5aa8e3e448992da02,2026-04,Suffolk Constabulary,Suffolk Constabulary,1.119548,52.041719,On or near Lakeside Close,E01030016,Ipswich 013E,Violence and sexual offences,Under investigation,
5de5912320def6160f045dcd1c6f0c8197203d2af57fcdebf1fe41f02e774efe,2026-04,Suffolk Constabulary,Suffolk Constabulary,1.120717,52.039655,On or near Barton Close,E01030016,Ipswich 013E,Violence and sexual offences,Under investigation,
05ba0cc589dfaf946d3df140a9a0e457827a8c15a56a206df0cfba598b9476a4,2026-04,Suffolk Constabulary,Suffolk Constabulary,1.118297,52.043443,On or near Royston Drive,E01030016,Ipswich 013E,Violence and sexual offences,Investigation complete; no suspect identified,
d31733417a7aa1a112649a02bfb00c549f6ef7ac58dc554ac53feddd3ed06b0b,2026-04,Suffolk Constabulary,Suffolk Constabulary,1.118297,52.043443,On or near Royston Drive,E01030016,Ipswich 013E,Violence and sexual offences,Investigation complete; no suspect identified,
b76c2dba9f6d5e02bbf10346d3f31a1621e91b1bbd624dd60d786c5c156c6f87,2026-04,Suffolk Constabulary,Suffolk Constabulary,1.193112,52.042085,On or near King'S Way,E01029994,Ipswich 014B,Criminal damage and arson,Investigation complete; no suspect identified,
ac847b0fba57f6aa5885fa09e04d6bdfd73cdb05d43098ca30ea39ba0c6dd639,2026-04,Suffolk Constabulary,Suffolk Constabulary,1.191875,52.040904,On or near Recreation Way,E01029994,Ipswich 014B,Possession of weapons,Under investigation,
efdad792aa299eb271797f8c09b54942d7acf44c730eda2cb097f3970b37b0e2,2026-04,Suffolk Constabulary,Suffolk Constabulary,1.189409,52.038633,On or near Gorse Road,E01029994,Ipswich 014B,Public order,Investigation complete; no suspect identified,
cb678d2fe7fe4a4e9d9e42a9b28304aa7e3da1dd81acbdf09446bdf50aa681b3,2026-04,Suffolk Constabulary,Suffolk Constabulary,1.195444,52.040025,On or near Wright Road,E01029994,Ipswich 014B,Violence and sexual offences,Action to be taken by another organisation,
2ca3a411cc2459b44c8e7ab0d2947c1d896a33dea2765f7a43065060689e8f0d,2026-04,Suffolk Constabulary,Suffolk Constabulary,1.189409,52.038633,On or near Gorse Road,E01029994,Ipswich 014B,Violence and sexual offences,Unable to prosecute suspect,
1da916f6f05a33642a9b4d94b2d5fed31543e2cc744b56c534dfd9a543ac628c,2026-04,Suffolk Constabulary,Suffolk Constabulary,1.191988,52.035730,On or near Nacton Road,E01029994,Ipswich 014B,Violence and sexual offences,Action to be taken by another organisation,
f254968ca723d6b94e1b012933c04e7373641b4f3538b406e006ab76cc301093,2026-04,Suffolk Constabulary,Suffolk Constabulary,1.191988,52.035730,On or near Nacton Road,E01029994,Ipswich 014B,Violence and sexual offences,Unable to prosecute suspect,
8e690ca90e7c542e0c64f5986d2fbcff13495780eae9e8986f8558d4ff8eec97,2026-04,Suffolk Constabulary,Suffolk Constabulary,1.192154,52.039296,On or near Serpentine Road,E01029994,Ipswich 014B,Other crime,Further investigation is not in the public interest,
,2026-04,Suffolk Constabulary,Suffolk Constabulary,1.183125,52.044604,On or near Murray Road,E01029995,Ipswich 014C,Anti-social behaviour,,
460fe3c373111440ff3893a74711b5899c913b4c7d0a95e4288291ed40824e7b,2026-04,Suffolk Constabulary,Suffolk Constabulary,1.182510,52.048145,On or near Supermarket,E01029995,Ipswich 014C,Shoplifting,Investigation complete; no suspect identified,
99920788cc0fc61ce60854e53ec08bd808d60cb723cc435ec9bc83a359408a23,2026-04,Suffolk Constabulary,Suffolk Constabulary,1.182510,52.048145,On or near Supermarket,E01029995,Ipswich 014C,Shoplifting,Investigation complete; no suspect identified,
67455ba8db559ca766071ee39cfd66040f8868948270ad08f0d25170dd855b8f,2026-04,Suffolk Constabulary,Suffolk Constabulary,1.182510,52.048145,On or near Supermarket,E01029995,Ipswich 014C,Shoplifting,Investigation complete; no suspect identified,
3157240997871a7db6f46430bc0e089a552e1c5b515585ca237f490d43d5dc63,2026-04,Suffolk Constabulary,Suffolk Constabulary,1.182510,52.048145,On or near Supermarket,E01029995,Ipswich 014C,Shoplifting,Investigation complete; no suspect identified,
701be4e90d2fc9a6b2575a88e7cb228fc2a1d12104b8e237ada25710720daea5,2026-04,Suffolk Constabulary,Suffolk Constabulary,1.182510,52.048145,On or near Supermarket,E01029995,Ipswich 014C,Shoplifting,Under investigation,
7e4c17a97787cfdbbde307e55fef02afb0273519c609a6338beffca0ee350d00,2026-04,Suffolk Constabulary,Suffolk Constabulary,1.182510,52.048145,On or near Supermarket,E01029995,Ipswich 014C,Shoplifting,Investigation complete; no suspect identified,
70b5b9d8fcdb5163c712b7725ac4884cfed28081be307d03b0ea79fed1cd249b,2026-04,Suffolk Constabulary,Suffolk Constabulary,1.182510,52.048145,On or near Supermarket,E01029995,Ipswich 014C,Shoplifting,Investigation complete; no suspect identified,
8275287b95e3a02f79b7644333eebe5869c3af1e2153231b08295421f095b272,2026-04,Suffolk Constabulary,Suffolk Constabulary,1.182510,52.048145,On or near Supermarket,E01029995,Ipswich 014C,Shoplifting,Investigation complete; no suspect identified,
d06ecbd03724ca67e81441aa7ccf2da13af56fef453cf5857b97e4efcb5d79d5,2026-04,Suffolk Constabulary,Suffolk Constabulary,1.185189,52.045529,On or near Hamilton Road,E01029995,Ipswich 014C,Violence and sexual offences,Under investigation,
3a099da84e68361f882909fbcf5ffa07e49e652d29e5492b55173e964e25c71f,2026-04,Suffolk Constabulary,Suffolk Constabulary,1.183125,52.044604,On or near Murray Road,E01029995,Ipswich 014C,Violence and sexual offences,Action to be taken by another organisation,
be78006fa579fba15bf3cdb02b84c836a7fddf78fd03d950c31a489d569f09b4,2026-04,Suffolk Constabulary,Suffolk Constabulary,1.183627,52.047972,On or near Hines Road,E01029995,Ipswich 014C,Other crime,Further investigation is not in the public interest,
a31ea90045df43c896566d8828d7d00e437dbde007d7b8f0954dde0b0e4240c6,2026-04,Suffolk Constabulary,Suffolk Constabulary,1.188478,52.039890,On or near Coniston Road,E01029996,Ipswich 014D,Other theft,Unable to prosecute suspect,
2da130a89902e4f76a107c5e04c198453626148bd1080d03a973f7b79deb40ed,2026-04,Suffolk Constabulary,Suffolk Constabulary,1.186115,52.042347,On or near St Davids Road,E01029996,Ipswich 014D,Possession of weapons,Under investigation,
d87bef534330d5da84e1ad9fa4fef3712a7f40e6eee99442d42490b5ad6718da,2026-04,Suffolk Constabulary,Suffolk Constabulary,1.187233,52.041255,On or near Queen'S Square,E01029996,Ipswich 014D,Public order,Unable to prosecute suspect,
4f079ee44a013b63c4067bdc1e12e1ae731eef3a5a1bcd4f60160e7add022357,2026-04,Suffolk Constabulary,Suffolk Constabulary,1.191116,52.043758,On or near Badshah Avenue,E01029996,Ipswich 014D,Violence and sexual offences,Under investigation,
d2ddba149fc5aa930c52af0b52126714d06e6f4233fb500171e3c3323029fc25,2026-04,Suffolk Constabulary,Suffolk Constabulary,1.190493,52.041976,On or near Franklin Road,E01029996,Ipswich 014D,Violence and sexual offences,Unable to prosecute suspect,
4906b680e7073dbc4b5094a10cac55a90bda19c358a4f5e3159eb91e8fc5d808,2026-04,Suffolk Constabulary,Suffolk Constabulary,1.192062,52.043526,On or near Hillside Crescent,E01029996,Ipswich 014D,Violence and sexual offences,Under investigation,
d2498ae1f3bdeda6e4b9a49674bf3e5e834f985ae847b5f938d667b19cd9c094,2026-04,Suffolk Constabulary,Suffolk Constabulary,1.189430,52.043021,On or near Shackleton Square,E01029996,Ipswich 014D,Violence and sexual offences,Unable to prosecute suspect,
4e5993d8bd2cd10b642f69852029feb6ccacc795b3d92e0f8f30abb4096c87a5,2026-04,Suffolk Constabulary,Suffolk Constabulary,1.188515,52.040825,On or near Queen'S Way,E01029996,Ipswich 014D,Violence and sexual offences,Unable to prosecute suspect,
5d7c8c70266ffa9b79343bde881d00a3ed5097712c7557452c2b718892d66f85,2026-04,Suffolk Constabulary,Suffolk Constabulary,1.192746,52.042887,On or near Howe Avenue,E01029996,Ipswich 014D,Violence and sexual offences,Investigation complete; no suspect identified,
404225294d277e2ec9052d8d864a5d85bd53a308d805bd9a17575a7a56f880bc,2026-04,Suffolk Constabulary,Suffolk Constabulary,1.192062,52.043526,On or near Hillside Crescent,E01029996,Ipswich 014D,Other crime,Under investigation,
ac5bb9900ae6b35798ea84e6e9d319627d5e8ec417396725e33492b63ae31494,2026-04,Suffolk Constabulary,Suffolk Constabulary,1.201230,52.028751,On or near Edith Cook Way,E01033127,Ipswich 014E,Burglary,Under investigation,
51cc0673c29a9c45509d0e11e5f1eae3593dca96542369bf8873ed908ce8742a,2026-04,Suffolk Constabulary,Suffolk Constabulary,1.194636,52.027671,On or near Elderberry Road,E01033127,Ipswich 014E,Criminal damage and arson,Unable to prosecute suspect,
da0f0eb5654a3f09df0d3bfe64515b97985ea6985f79df26cfd6430bacbd485d,2026-04,Suffolk Constabulary,Suffolk Constabulary,1.197183,52.026595,On or near Cranberry Square,E01033127,Ipswich 014E,Drugs,Local resolution,
61a5ead4b6a98c8feb3c1c22547fb35c243907fe672df43bdc03282c132feeba,2026-04,Suffolk Constabulary,Suffolk Constabulary,1.220266,52.027234,On or near Lytham Road,E01033127,Ipswich 014E,Drugs,Under investigation,
a521590c01258607f4e600eae4a370a2ae0612b35d71566d1ae17d56e78ca6dc,2026-04,Suffolk Constabulary,Suffolk Constabulary,1.214563,52.027821,On or near Belfry Road,E01033127,Ipswich 014E,Other theft,Investigation complete; no suspect identified,
cb03ea808fc330426453deb7244a75b4063f0fa13e8f5e55de599bc4c40e3ce1,2026-04,Suffolk Constabulary,Suffolk Constabulary,1.200651,52.030242,On or near Supermarket,E01033127,Ipswich 014E,Other theft,Investigation complete; no suspect identified,
9c1879dbf104ffd4ae1f216f4b94f5f4c272541e98ea76901c097791f8768895,2026-04,Suffolk Constabulary,Suffolk Constabulary,1.198938,52.031152,On or near Witney Close,E01033127,Ipswich 014E,Public order,Unable to prosecute suspect,
8de2e04279a0a78f594271f81909d0b4e38ac9ceedd0fbf242de17edc9c0dd7f,2026-04,Suffolk Constabulary,Suffolk Constabulary,1.206503,52.033505,On or near Shopping Area,E01033127,Ipswich 014E,Shoplifting,Unable to prosecute suspect,
d33b596de6aeccb2e5e85cfb27a29ce96b046d5dd64e4d3e5e3437f31c095d1a,2026-04,Suffolk Constabulary,Suffolk Constabulary,1.186715,52.023533,On or near Petrol Station,E01033127,Ipswich 014E,Vehicle crime,Investigation complete; no suspect identified,
9a13eddc559da69691c35b4bb377b657ed430c48a5c3c5b616c5396e7624c64a,2026-04,Suffolk Constabulary,Suffolk Constabulary,1.195234,52.026864,On or near Huckleberry Crescent,E01033127,Ipswich 014E,Vehicle crime,Investigation complete; no suspect identified,
279f56366e1a0de378c52d99ca0550727195f4f6eae0d11eb8fc94308383da91,2026-04,Suffolk Constabulary,Suffolk Constabulary,1.194636,52.027671,On or near Elderberry Road,E01033127,Ipswich 014E,Vehicle crime,Investigation complete; no suspect identified,
f44b80986006533570cc22fa520e9766ec674291219172a5a21bcbee8304c12f,2026-04,Suffolk Constabulary,Suffolk Constabulary,1.195234,52.026864,On or near Huckleberry Crescent,E01033127,Ipswich 014E,Vehicle crime,Investigation complete; no suspect identified,
04af866e48eb775e37a516e0f259770c353a7ce966e350552d1ed5f4ba4a3a5e,2026-04,Suffolk Constabulary,Suffolk Constabulary,1.192516,52.025966,On or near Dunwich Close,E01033127,Ipswich 014E,Violence and sexual offences,Unable to prosecute suspect,
2020c88fccb8358af8f51929d57ceb212d1cb0f4e67ea5e69d99c217f73d61ea,2026-04,Suffolk Constabulary,Suffolk Constabulary,1.199713,52.027515,On or near Nene Drive,E01033127,Ipswich 014E,Violence and sexual offences,Unable to prosecute suspect,
c04fc1e9904e2bb78ad401920b2d99543e906b3a692466268d3f803419bb14ed,2026-04,Suffolk Constabulary,Suffolk Constabulary,1.197183,52.026595,On or near Cranberry Square,E01033127,Ipswich 014E,Violence and sexual offences,Awaiting court outcome,
48dce7fb86bb258baa439cbba1162c4d8cf5c3e4ffcd7401fd90711e07a70dd3,2026-04,Suffolk Constabulary,Suffolk Constabulary,1.197880,52.026351,On or near Alnesbourn Crescent,E01033127,Ipswich 014E,Violence and sexual offences,Action to be taken by another organisation,
12c9d54181951d50bc4a7ef22bb06e2d4e05a43bf8a227b0bf11a14d03f38ef9,2026-04,Suffolk Constabulary,Suffolk Constabulary,1.196819,52.029258,On or near Lackford Place,E01033127,Ipswich 014E,Violence and sexual offences,Unable to prosecute suspect,
11e9e2934ad6aff17957d80eb8dbd5d28392de27abb8b979f035b85597451a81,2026-04,Suffolk Constabulary,Suffolk Constabulary,1.204367,52.034467,On or near Supermarket,E01033128,Ipswich 014F,Burglary,Unable to prosecute suspect,
1a4299d44eeb26a7a08001be6b9924c93443009df9062370ac92b27e3fd37e01,2026-04,Suffolk Constabulary,Suffolk Constabulary,1.191692,52.032806,On or near Hunter Road,E01033128,Ipswich 014F,Drugs,Local resolution,
100ac1db09323c802d7cc67238616a9ef56d9c510f2ed125b105cb3e5cc40b0a,2026-04,Suffolk Constabulary,Suffolk Constabulary,1.203666,52.033038,On or near James Bennett Avenue,E01033128,Ipswich 014F,Other theft,Investigation complete; no suspect identified,
97d928abb82e41dcb88b28d6d0cc80314165002c329cf2fb83d1684f4b9d29b8,2026-04,Suffolk Constabulary,Suffolk Constabulary,1.198701,52.034378,On or near Leslie Road,E01033128,Ipswich 014F,Public order,Investigation complete; no suspect identified,
929eff3088acf410d5c3e828568f4f33eb0d77b800a8823480b86df50fce3c25,2026-04,Suffolk Constabulary,Suffolk Constabulary,1.193445,52.033262,On or near Wyvern Road,E01033128,Ipswich 014F,Public order,Under investigation,
a8e07e5558f40ac9b88c079d95397b642e22784cfebc8517ab76187d2c10525d,2026-04,Suffolk Constabulary,Suffolk Constabulary,1.192083,52.028073,On or near Freston Road,E01033128,Ipswich 014F,Public order,Unable to prosecute suspect,
d1dcf968992df1cd206c4174a090b18eb4e58a545c562a2f428684682312fa72,2026-04,Suffolk Constabulary,Suffolk Constabulary,1.191692,52.032806,On or near Hunter Road,E01033128,Ipswich 014F,Violence and sexual offences,Investigation complete; no suspect identified,
6f94f25cfdfaaa5f7953f52a18673892acf80c1d069019a5b5529e731279faa7,2026-04,Suffolk Constabulary,Suffolk Constabulary,1.193925,52.032430,On or near Damselfly Road,E01033128,Ipswich 014F,Violence and sexual offences,Action to be taken by another organisation,
76cf2beeb46b798e09b482c499c4d3f3e34fe695d99639c8ecdcbe89acfae23e,2026-04,Suffolk Constabulary,Suffolk Constabulary,1.192083,52.028073,On or near Freston Road,E01033128,Ipswich 014F,Other crime,Further investigation is not in the public interest,
,2026-04,Suffolk Constabulary,Suffolk Constabulary,1.195894,52.035498,On or near Halton Crescent,E01033131,Ipswich 014G,Anti-social behaviour,,
,2026-04,Suffolk Constabulary,Suffolk Constabulary,1.198457,52.038306,On or near Garland Close,E01033131,Ipswich 014G,Anti-social behaviour,,
,2026-04,Suffolk Constabulary,Suffolk Constabulary,1.198128,52.035743,On or near The Drift,E01033131,Ipswich 014G,Anti-social behaviour,,
86a9fe586407e31715a4f26a8f7c7505d3c8157ada42a8dbd1fef0c2b6d76b36,2026-04,Suffolk Constabulary,Suffolk Constabulary,1.190395,52.034055,On or near Spitfire Close,E01033131,Ipswich 014G,Criminal damage and arson,Investigation complete; no suspect identified,
7e17d09e5b8bcb15a6433ed04701dbb3c7de5755d38a5a8a1e0a2d3c02e37b7e,2026-04,Suffolk Constabulary,Suffolk Constabulary,1.198413,52.039324,On or near Gibson Close,E01033131,Ipswich 014G,Other theft,Investigation complete; no suspect identified,
77a46a35f9ed0d47d8c1481821cf04ef2b49375983f7d405a4b5cda5919ee8be,2026-04,Suffolk Constabulary,Suffolk Constabulary,1.198413,52.039324,On or near Gibson Close,E01033131,Ipswich 014G,Public order,Under investigation,
05b7d59b54109838eb62c86423a82418b51eb586d23ca1dde7c157494d553383,2026-04,Suffolk Constabulary,Suffolk Constabulary,1.198042,52.039028,On or near Bader Close,E01033131,Ipswich 014G,Violence and sexual offences,Under investigation,
20b0cad572489bf0b861c298d437240dbc4afcb6141c55b8192c9113fbfb96c1,2026-04,Suffolk Constabulary,Suffolk Constabulary,1.198128,52.035743,On or near The Drift,E01033131,Ipswich 014G,Violence and sexual offences,Unable to prosecute suspect,
89cf96e165503e0da6a466aec99b53b4037668ffd0c07eced5eeb232a3f803ec,2026-04,Suffolk Constabulary,Suffolk Constabulary,1.198413,52.039324,On or near Gibson Close,E01033131,Ipswich 014G,Violence and sexual offences,Unable to prosecute suspect,
90fa69a2b5d3b0eff67c30c21bbf99436e0f32bab8f5ca054c72d0535be549e6,2026-04,Suffolk Constabulary,Suffolk Constabulary,1.195167,52.037164,On or near Cranwell Crescent,E01033131,Ipswich 014G,Violence and sexual offences,Under investigation,
8b4cc5ca08c575a569a3811c2e707e7a23fb605b4ef14642a6eebbf5a6a4ea73,2026-04,Suffolk Constabulary,Suffolk Constabulary,1.196798,52.036517,On or near Cody Road,E01033131,Ipswich 014G,Violence and sexual offences,Awaiting court outcome,
1e1f8ae1f558cade2a33245d3621665667360227043c1c6a2a0ba5c8497431b3,2026-04,Suffolk Constabulary,Suffolk Constabulary,1.196798,52.036517,On or near Cody Road,E01033131,Ipswich 014G,Violence and sexual offences,Under investigation,
621ad74fa951e6d6c03d17182d9113f278eca5cfa4b0e69647fb8a832838e209,2026-04,Suffolk Constabulary,Suffolk Constabulary,1.199652,52.037473,On or near Reid Close,E01033131,Ipswich 014G,Violence and sexual offences,Unable to prosecute suspect,
6593a2d29f8c479215869af9ce900ed54d11f49b5902e0ae299814a4bd9efc55,2026-04,Suffolk Constabulary,Suffolk Constabulary,1.196798,52.036517,On or near Cody Road,E01033131,Ipswich 014G,Violence and sexual offences,Under investigation,
f0cc199b1c4e642adf70d25fd3adb5fa8e305791ab9532460683b6240203b906,2026-04,Suffolk Constabulary,Suffolk Constabulary,1.198413,52.039324,On or near Gibson Close,E01033131,Ipswich 014G,Other crime,Investigation complete; no suspect identified,
232b3c39876d548f255067c2db165bf3c1d0002e53604db3020efab5cebdab00,2026-04,Suffolk Constabulary,Suffolk Constabulary,1.124569,52.039472,On or near Newnham Court,E01030017,Ipswich 015A,Bicycle theft,Investigation complete; no suspect identified,
3b35857501cb79dd6455bc4a2a8207996f6b1470356531947bbfcae20ffdbc61,2026-04,Suffolk Constabulary,Suffolk Constabulary,1.124569,52.039472,On or near Newnham Court,E01030017,Ipswich 015A,Drugs,Under investigation,
93a7fd7ee1b5a699e1c8770cb237902b3e5fe9ef9d4fdf77408b764060f1c33f,2026-04,Suffolk Constabulary,Suffolk Constabulary,1.124816,52.037370,On or near Woodlark Close,E01030017,Ipswich 015A,Other theft,Investigation complete; no suspect identified,
4f7a7a2d8b7bebde54acabbf29019fd987defe8a5a5e637a33e945bb9ef76335,2026-04,Suffolk Constabulary,Suffolk Constabulary,1.123714,52.037678,On or near St Catherine'S Court,E01030017,Ipswich 015A,Public order,Unable to prosecute suspect,
ce76da84ebec2f5b6dd92e48520de40004380acbe21bfb02d1a0821d01cd2cba,2026-04,Suffolk Constabulary,Suffolk Constabulary,1.124816,52.037370,On or near Woodlark Close,E01030017,Ipswich 015A,Violence and sexual offences,Unable to prosecute suspect,
,2026-04,Suffolk Constabulary,Suffolk Constabulary,1.126753,52.038803,On or near Chesterton Close,E01030018,Ipswich 015B,Anti-social behaviour,,
1a7aaee57d149ad47b200986c7865708adc870de024330df2adc5f33e244619e,2026-04,Suffolk Constabulary,Suffolk Constabulary,1.128709,52.041332,On or near Magdalene Close,E01030018,Ipswich 015B,Burglary,Investigation complete; no suspect identified,
7236a184d69ae5a5f295f812686662bc27a514d7d724991e7944f351390fa523,2026-04,Suffolk Constabulary,Suffolk Constabulary,1.126974,52.041549,On or near Peterhouse Close,E01030018,Ipswich 015B,Criminal damage and arson,Investigation complete; no suspect identified,
ef3236aefc0fedd810ab33116f1113c00998f1b1d910edb2d98e92f889537845,2026-04,Suffolk Constabulary,Suffolk Constabulary,1.126974,52.041549,On or near Peterhouse Close,E01030018,Ipswich 015B,Criminal damage and arson,Unable to prosecute suspect,
ab4ad0cf0732b2647d9ecdf5a63e61e7c6eee87ac12e0358c12b5dc85dbd7837,2026-04,Suffolk Constabulary,Suffolk Constabulary,1.127591,52.039941,On or near Clump Field,E01030018,Ipswich 015B,Criminal damage and arson,Investigation complete; no suspect identified,
153774b704eae01561ef5517e3b23e0e50cc187e41edf8d42b4d0b7fcccb83ee,2026-04,Suffolk Constabulary,Suffolk Constabulary,1.127591,52.039941,On or near Clump Field,E01030018,Ipswich 015B,Public order,Unable to prosecute suspect,
44fa5c5708ee4ee45b445ef5124945414309fa0aff0a5e8a6d77ae39940fb2c7,2026-04,Suffolk Constabulary,Suffolk Constabulary,1.126974,52.041549,On or near Peterhouse Close,E01030018,Ipswich 015B,Public order,Unable to prosecute suspect,
a389862c8674e87997544f82da446e902bc4e6d26a0cccc0218c6dc8e04ab29b,2026-04,Suffolk Constabulary,Suffolk Constabulary,1.127591,52.039941,On or near Clump Field,E01030018,Ipswich 015B,Violence and sexual offences,Action to be taken by another organisation,
4d5f94a34fc7fd0254196ad5d4572589f8f9df1de94f4d7834adae0a6cfb2e76,2026-04,Suffolk Constabulary,Suffolk Constabulary,1.127591,52.039941,On or near Clump Field,E01030018,Ipswich 015B,Violence and sexual offences,Action to be taken by another organisation,
e66d575bb67fd47564dcb992d926897216ed62973efbb6039bc7c8f33c73a160,2026-04,Suffolk Constabulary,Suffolk Constabulary,1.128709,52.041332,On or near Magdalene Close,E01030018,Ipswich 015B,Violence and sexual offences,Unable to prosecute suspect,
dac9c93b84c6b0599b936517b3189a5b2c5ec9d47b597a63311817b4b8e5deef,2026-04,Suffolk Constabulary,Suffolk Constabulary,1.126974,52.041549,On or near Peterhouse Close,E01030018,Ipswich 015B,Violence and sexual offences,Under investigation,
127fa14915c6b578534a191ed164d4a21519d15d1f93f554a9d62cdd19e6ba09,2026-04,Suffolk Constabulary,Suffolk Constabulary,1.127591,52.039941,On or near Clump Field,E01030018,Ipswich 015B,Violence and sexual offences,Unable to prosecute suspect,
0de31b9583c7bd9ce5b4d349b06a608432803ab960d0f4543ffba3552006efb0,2026-04,Suffolk Constabulary,Suffolk Constabulary,1.128709,52.041332,On or near Magdalene Close,E01030018,Ipswich 015B,Violence and sexual offences,Unable to prosecute suspect,
4cdd3f602d49f74f9466b3d50577b03b5228563d42ef6a2ce14e9e2774b76321,2026-04,Suffolk Constabulary,Suffolk Constabulary,1.127591,52.039941,On or near Clump Field,E01030018,Ipswich 015B,Violence and sexual offences,Under investigation,
e1af83b77818ad4183c6798beb951b1efacecf993bad673bdd6ed6c8619ccfc4,2026-04,Suffolk Constabulary,Suffolk Constabulary,1.126974,52.041549,On or near Peterhouse Close,E01030018,Ipswich 015B,Violence and sexual offences,Unable to prosecute suspect,
1ee99aeabbc9f986d982b2322b995c16efdd0fd1e09cff2f18d1f9b89b265834,2026-04,Suffolk Constabulary,Suffolk Constabulary,1.127591,52.039941,On or near Clump Field,E01030018,Ipswich 015B,Violence and sexual offences,Under investigation,
6e48b5855c916cf87dcdf59af99b6b5e40b3f0666c461a6ddeacaf9a0729c965,2026-04,Suffolk Constabulary,Suffolk Constabulary,1.127591,52.039941,On or near Clump Field,E01030018,Ipswich 015B,Other crime,Under investigation,
c1ad6dd6e3c2e76a8089848fcfb566ad802965861eab443e7aee1000b66c5832,2026-04,Suffolk Constabulary,Suffolk Constabulary,1.135979,52.039556,On or near Waltham Close,E01030019,Ipswich 015C,Criminal damage and arson,Investigation complete; no suspect identified,
e7684b37dabb11b522ec531d6ae0f46950982102b0f3c5256918b581dd48bbf7,2026-04,Suffolk Constabulary,Suffolk Constabulary,1.139433,52.037017,On or near Neath Drive,E01030019,Ipswich 015C,Criminal damage and arson,Unable to prosecute suspect,
f192d3750020949d3d28fb313d4fd73329610e342e043005621242adeca1fe7e,2026-04,Suffolk Constabulary,Suffolk Constabulary,1.137098,52.043456,On or near Belstead Road,E01030019,Ipswich 015C,Criminal damage and arson,Unable to prosecute suspect,
aae6489eb010b3b69d1ed2a0e82a3810093fdb803326324aa958c839b2efc04f,2026-04,Suffolk Constabulary,Suffolk Constabulary,1.139284,52.037804,On or near Fritton Close,E01030019,Ipswich 015C,Criminal damage and arson,Unable to prosecute suspect,
6d1a6fc8cdb4e486903944b41d460dbd96c5f7c7d2235e81771283bf956d74e1,2026-04,Suffolk Constabulary,Suffolk Constabulary,1.131586,52.043675,On or near Emmanuel Close,E01030019,Ipswich 015C,Criminal damage and arson,Unable to prosecute suspect,
20bff5b03b394fcbc873fe156e5f972e5df4dc8131918b196186d1863ceeee88,2026-04,Suffolk Constabulary,Suffolk Constabulary,1.137606,52.038838,On or near Malmesbury Close,E01030019,Ipswich 015C,Drugs,Awaiting court outcome,
11b0d0544375f2f40e92f0c39214934a14614c4319a3ab28059f3c7affbe55fc,2026-04,Suffolk Constabulary,Suffolk Constabulary,1.138384,52.042441,On or near Buckfast Close,E01030019,Ipswich 015C,Other theft,Unable to prosecute suspect,
2806eb05242292a6fd789222d8c0a9ff50b00a4b5ae951b797313d9c03f8388d,2026-04,Suffolk Constabulary,Suffolk Constabulary,1.137606,52.038838,On or near Malmesbury Close,E01030019,Ipswich 015C,Public order,Investigation complete; no suspect identified,
ed1120f1e3ff26309e7df89e30c3ee45dbe1d42665cd157d60671249c8093df7,2026-04,Suffolk Constabulary,Suffolk Constabulary,1.136488,52.037860,On or near Supermarket,E01030019,Ipswich 015C,Robbery,Awaiting court outcome,
aeabcd5e2f1822dee48cc4dc6bcc87b9675512048aaad35c4c12aa3bd2d6f418,2026-04,Suffolk Constabulary,Suffolk Constabulary,1.136488,52.037860,On or near Supermarket,E01030019,Ipswich 015C,Shoplifting,Investigation complete; no suspect identified,
d267d738425d4c89dd314d7c79b6b67c277d06d0b69fa3724f252684fe37720d,2026-04,Suffolk Constabulary,Suffolk Constabulary,1.139057,52.046642,On or near Stone Lodge Lane,E01030019,Ipswich 015C,Vehicle crime,Investigation complete; no suspect identified,
aab0ffc30f322a59acadbb52222a795f525dbf195d715df46d3aa9b16cceac8d,2026-04,Suffolk Constabulary,Suffolk Constabulary,1.137098,52.043456,On or near Belstead Road,E01030019,Ipswich 015C,Vehicle crime,Under investigation,
f68c431b88a3f02e4eb207aaddc266a463806717d860d59dfaa53edb0c9fe0af,2026-04,Suffolk Constabulary,Suffolk Constabulary,1.136488,52.037860,On or near Supermarket,E01030019,Ipswich 015C,Violence and sexual offences,Unable to prosecute suspect,
312ed97a9da28ee91d500d5b51216185ebe37a9eef6206c20fa9004bd460a310,2026-04,Suffolk Constabulary,Suffolk Constabulary,1.131586,52.043675,On or near Emmanuel Close,E01030019,Ipswich 015C,Violence and sexual offences,Unable to prosecute suspect,
a67e4c82f09082cdbc2f7828c593db56f80822d64b2ae092d487835f15f48f90,2026-04,Suffolk Constabulary,Suffolk Constabulary,1.137098,52.043456,On or near Belstead Road,E01030019,Ipswich 015C,Violence and sexual offences,Unable to prosecute suspect,
e2cb1e4dc9c6493e7cb37fcfdfa1511df8e4ec2a122f19b073b9f541346e1742,2026-04,Suffolk Constabulary,Suffolk Constabulary,1.136540,52.036312,On or near Oaklee,E01030019,Ipswich 015C,Violence and sexual offences,Unable to prosecute suspect,
d0e80d20efc2f839f8d9c9c7b13aaa3af347463343da21bb24ea3625d42e628d,2026-04,Suffolk Constabulary,Suffolk Constabulary,1.135407,52.035757,On or near Abbotsbury Close,E01030019,Ipswich 015C,Violence and sexual offences,Unable to prosecute suspect,
fec8f98e86adeaa1efd258c7d66272c5a3c596ed71094648da7497dc46eff4b8,2026-04,Suffolk Constabulary,Suffolk Constabulary,1.131728,52.037159,On or near Wigmore Close,E01030020,Ipswich 015D,Other theft,Unable to prosecute suspect,
a7e937a5bab53a28c81689ae6db20eba59e0fc547fec4f242a2a54986db14610,2026-04,Suffolk Constabulary,Suffolk Constabulary,1.135534,52.037984,On or near Stoke Park Drive,E01030020,Ipswich 015D,Other theft,Investigation complete; no suspect identified,
8575f97db8dcdfddb030a7e75f583114604f90ff87ba4dd0e5c3222fecf2491d,2026-04,Suffolk Constabulary,Suffolk Constabulary,1.129143,52.034809,On or near Butley Close,E01030020,Ipswich 015D,Public order,Offender given a caution,
d306ae09a934358a91447b463a23f43fa35febb2791215e93eeea552dc007f61,2026-04,Suffolk Constabulary,Suffolk Constabulary,1.128237,52.037711,On or near Girton Way,E01030020,Ipswich 015D,Violence and sexual offences,Unable to prosecute suspect,
f0b752d0a6d47de86fceb26dd18c2a6a3ad1233d5a891ddfe27573c7f26a4541,2026-04,Suffolk Constabulary,Suffolk Constabulary,1.129143,52.034809,On or near Butley Close,E01030020,Ipswich 015D,Violence and sexual offences,Under investigation,
,2026-04,Suffolk Constabulary,Suffolk Constabulary,1.129739,52.032490,On or near Downside Close,E01030021,Ipswich 015E,Anti-social behaviour,,
,2026-04,Suffolk Constabulary,Suffolk Constabulary,1.130638,52.033672,On or near Netley Close,E01030021,Ipswich 015E,Anti-social behaviour,,
,2026-04,Suffolk Constabulary,Suffolk Constabulary,1.129266,52.031559,On or near Alderlee,E01030021,Ipswich 015E,Anti-social behaviour,,
,2026-04,Suffolk Constabulary,Suffolk Constabulary,1.129739,52.032490,On or near Downside Close,E01030021,Ipswich 015E,Anti-social behaviour,,
c3d162cf20154c7d82e6c22e87fd1f7932b6a9b3fa433da92f33b722aa281495,2026-04,Suffolk Constabulary,Suffolk Constabulary,1.134521,52.032264,On or near Whitland Close,E01030021,Ipswich 015E,Public order,Investigation complete; no suspect identified,
e84169397ea6b55031ae9fa10920510fe62e771e91b797fe6dd4954b6234e11d,2026-04,Suffolk Constabulary,Suffolk Constabulary,1.129739,52.032490,On or near Downside Close,E01030021,Ipswich 015E,Violence and sexual offences,Action to be taken by another organisation,
921fca02628725de60c6c8cba5b2fecba560c3b385f3e3b8627cdf183475f966,2026-04,Suffolk Constabulary,Suffolk Constabulary,1.129266,52.031559,On or near Alderlee,E01030021,Ipswich 015E,Violence and sexual offences,Under investigation,
918c5db4378d5ec18912ad229855cbe4e593c12559b4d3ca2b76b437df51efaa,2026-04,Suffolk Constabulary,Suffolk Constabulary,1.134521,52.032264,On or near Whitland Close,E01030021,Ipswich 015E,Violence and sexual offences,Under investigation,
05dc39f0ad99fb7ea9befe817a8f9eb3e8c56dccb5dff1a5a7421fa75e9f27bb,2026-04,Suffolk Constabulary,Suffolk Constabulary,1.134521,52.032264,On or near Whitland Close,E01030021,Ipswich 015E,Violence and sexual offences,Unable to prosecute suspect,
b145f35af7efbd44b2bcf53bce27c812da99feecfcb89521f436e598f00a54c5,2026-04,Suffolk Constabulary,Suffolk Constabulary,1.129739,52.032490,On or near Downside Close,E01030021,Ipswich 015E,Violence and sexual offences,Action to be taken by another organisation,
f71198d70bcb5815ca1f1c468f76c28845fae31e59eddd428185d320917df169,2026-04,Suffolk Constabulary,Suffolk Constabulary,1.127265,52.034229,On or near Furness Close,E01030021,Ipswich 015E,Violence and sexual offences,Unable to prosecute suspect,
6b04e1ee50261708794775031350578b0588a0ebd813a7eae185335988c51686,2026-04,Suffolk Constabulary,Suffolk Constabulary,1.134521,52.032264,On or near Whitland Close,E01030021,Ipswich 015E,Violence and sexual offences,Under investigation,
8149aee0154e7fd9074ba1a51509efcdee3b4ad9e2f50b23258c99b572cd06ed,2026-04,Suffolk Constabulary,Suffolk Constabulary,1.127265,52.034229,On or near Furness Close,E01030021,Ipswich 015E,Violence and sexual offences,Unable to prosecute suspect,
97a88d0b1f44d67cc416a43f1fb85fda94ced473f24574a68c7729d6a3db539e,2026-04,Suffolk Constabulary,Suffolk Constabulary,1.129266,52.031559,On or near Alderlee,E01030021,Ipswich 015E,Violence and sexual offences,Unable to prosecute suspect,
3d207e3ac7269f1218abd7a595642c3f92b677ac69bd9d68db1a2628ee540223,2026-04,Suffolk Constabulary,Suffolk Constabulary,1.127265,52.034229,On or near Furness Close,E01030021,Ipswich 015E,Violence and sexual offences,Unable to prosecute suspect,
956663528d50d768b2a42dd31f60f9ea11171c125a191280e4493ded908aa127,2026-04,Suffolk Constabulary,Suffolk Constabulary,1.186015,52.038491,On or near Bernard Crescent,E01029978,Ipswich 016A,Bicycle theft,Investigation complete; no suspect identified,
89bf263cd61023e7e27a4a2d48ec98f7150c2964c67625ff8b3f77dbd4a934d7,2026-04,Suffolk Constabulary,Suffolk Constabulary,1.188365,52.034011,On or near Maybury Road,E01029978,Ipswich 016A,Violence and sexual offences,Under investigation,
,2026-04,Suffolk Constabulary,Suffolk Constabulary,1.179031,52.035433,On or near Reynolds Close,E01029979,Ipswich 016B,Anti-social behaviour,,
,2026-04,Suffolk Constabulary,Suffolk Constabulary,1.176928,52.035795,On or near Raeburn Road,E01029979,Ipswich 016B,Anti-social behaviour,,
d1aefa48905a6ff81cb4d9ef564c073fa0f2dc8d4ea47edb982bcebfa75791ce,2026-04,Suffolk Constabulary,Suffolk Constabulary,1.180006,52.036225,On or near Stubbs Close,E01029979,Ipswich 016B,Criminal damage and arson,Investigation complete; no suspect identified,
26b21107388ceeb738105f30a091331d0a453cc54c680a9acc7fee62bdf67d25,2026-04,Suffolk Constabulary,Suffolk Constabulary,1.180880,52.033539,On or near Rubens Road,E01029979,Ipswich 016B,Drugs,Local resolution,
a7f74f8e37f30ef0d1e9b3150172d56cba7d33a6587983c6f546b30d3cd6270a,2026-04,Suffolk Constabulary,Suffolk Constabulary,1.180006,52.036225,On or near Stubbs Close,E01029979,Ipswich 016B,Drugs,Investigation complete; no suspect identified,
1a87dcc24a72493e09de3aa2e601122dc0a1b1ac106bd90a5abdf720881f8d9c,2026-04,Suffolk Constabulary,Suffolk Constabulary,1.176928,52.035795,On or near Raeburn Road,E01029979,Ipswich 016B,Other theft,Investigation complete; no suspect identified,
86202037cbe98df592fe6c86171785e674213529d9e979f7eaee090a80e13123,2026-04,Suffolk Constabulary,Suffolk Constabulary,1.179031,52.035433,On or near Reynolds Close,E01029979,Ipswich 016B,Shoplifting,Awaiting court outcome,
9ef8b0ef168b39d1247152d84e3eeddb65b9ac20d778e9ccb7094d76bd797c26,2026-04,Suffolk Constabulary,Suffolk Constabulary,1.179031,52.035433,On or near Reynolds Close,E01029979,Ipswich 016B,Shoplifting,Awaiting court outcome,
2446945523279271f4e536fc030add8953e5aa6e5e97a070f6d67461e5de2e35,2026-04,Suffolk Constabulary,Suffolk Constabulary,1.179031,52.035433,On or near Reynolds Close,E01029979,Ipswich 016B,Shoplifting,Awaiting court outcome,
6a134d2a6b3b0f1dea55bfbb50e8d9d7664354def9d5b5ff401b1596401a8e7f,2026-04,Suffolk Constabulary,Suffolk Constabulary,1.179031,52.035433,On or near Reynolds Close,E01029979,Ipswich 016B,Shoplifting,Investigation complete; no suspect identified,
407344232e9067aaa10ca77087967505a8382a80e1ef0223fde7710be298709d,2026-04,Suffolk Constabulary,Suffolk Constabulary,1.179031,52.035433,On or near Reynolds Close,E01029979,Ipswich 016B,Shoplifting,Awaiting court outcome,
9b6506fc7f3d9d2954be9e89d3f83a82f90104373c365a9c4f14f34f8401d5a6,2026-04,Suffolk Constabulary,Suffolk Constabulary,1.185311,52.034130,On or near Scott Road,E01029979,Ipswich 016B,Vehicle crime,Investigation complete; no suspect identified,
3d60b5f99e015f818830cb3de726fb81fb048975e72c80335a03c5b63ae47c78,2026-04,Suffolk Constabulary,Suffolk Constabulary,1.176928,52.035795,On or near Raeburn Road,E01029979,Ipswich 016B,Violence and sexual offences,Under investigation,
cf89c1fbe111d31cee5364b51659f69a6f294b82e4eb6c676c71b461f295efcf,2026-04,Suffolk Constabulary,Suffolk Constabulary,1.176928,52.035795,On or near Raeburn Road,E01029979,Ipswich 016B,Violence and sexual offences,Unable to prosecute suspect,
d9671f140bbc402cbd72abf12487fe8f4714bc9ad22d07413a1e6682906387dc,2026-04,Suffolk Constabulary,Suffolk Constabulary,1.185311,52.034130,On or near Scott Road,E01029979,Ipswich 016B,Violence and sexual offences,Action to be taken by another organisation,
4774493e878fcdc4aab291cc36c3319de62affbb2efd4c6af89f0621d166a9d2,2026-04,Suffolk Constabulary,Suffolk Constabulary,1.185311,52.034130,On or near Scott Road,E01029979,Ipswich 016B,Violence and sexual offences,Action to be taken by another organisation,
31fc6c394a9fc9443242e42fccc858e842613b00cb7d2d0566139b0cbcaf2435,2026-04,Suffolk Constabulary,Suffolk Constabulary,1.185311,52.034130,On or near Scott Road,E01029979,Ipswich 016B,Violence and sexual offences,Action to be taken by another organisation,
f915ee0c2ad5ab0e897063b12dc804112079400377cc934045e72acc860b2dbd,2026-04,Suffolk Constabulary,Suffolk Constabulary,1.185311,52.034130,On or near Scott Road,E01029979,Ipswich 016B,Violence and sexual offences,Action to be taken by another organisation,
d1c88b418f9ee9a2a4016fccfd3fa3cc7e05ca98fc67db997ccf06f670654ea2,2026-04,Suffolk Constabulary,Suffolk Constabulary,1.176928,52.035795,On or near Raeburn Road,E01029979,Ipswich 016B,Violence and sexual offences,Unable to prosecute suspect,
472d459c815c56d4697f40eed1efd0b1f2e5cf7ce3c71c41a64057dd8ed1e0ad,2026-04,Suffolk Constabulary,Suffolk Constabulary,1.184583,52.034761,On or near Henry Road,E01029979,Ipswich 016B,Violence and sexual offences,Action to be taken by another organisation,
dd5cee17cf1b55e714387157b3bfdf9bfc12ce7c399afdb507c39a1f6d30dc6b,2026-04,Suffolk Constabulary,Suffolk Constabulary,1.179031,52.035433,On or near Reynolds Close,E01029979,Ipswich 016B,Violence and sexual offences,Unable to prosecute suspect,
4dbd96730fca9378345ba9b068aa58815156c1c6197dc6acd420d7cfb6f3967a,2026-04,Suffolk Constabulary,Suffolk Constabulary,1.179031,52.035433,On or near Reynolds Close,E01029979,Ipswich 016B,Violence and sexual offences,Unable to prosecute suspect,
,2026-04,Suffolk Constabulary,Suffolk Constabulary,1.175339,52.038069,On or near Hayman Road,E01029980,Ipswich 016C,Anti-social behaviour,,
872b149454765682c28a11350d805eb0b8f001734ed5ad71654136e5362d47fd,2026-04,Suffolk Constabulary,Suffolk Constabulary,1.170321,52.037637,On or near Holbrook Road,E01029980,Ipswich 016C,Burglary,Unable to prosecute suspect,
7fecbe9dfea1cd5a7f1509836859ced6e81e6a56f191727df0e6d0db3869d555,2026-04,Suffolk Constabulary,Suffolk Constabulary,1.170321,52.037637,On or near Holbrook Road,E01029980,Ipswich 016C,Criminal damage and arson,Under investigation,
5a87e81bdfbb97dd9442d1a2ba4d2444189e53cf988a350dfb1df1cf0456e9b6,2026-04,Suffolk Constabulary,Suffolk Constabulary,1.176439,52.037535,On or near Hogarth Road,E01029980,Ipswich 016C,Drugs,Investigation complete; no suspect identified,
ebd963909a7bf8abb2c1e21fb34aba652c2af444b76cfe60c209e2c71f5dac6d,2026-04,Suffolk Constabulary,Suffolk Constabulary,1.166931,52.036721,On or near Hood Road,E01029980,Ipswich 016C,Other theft,Unable to prosecute suspect,
952125c207f18a8032c7ae73b55204c946b40828e114efc9f9109c0d935a858e,2026-04,Suffolk Constabulary,Suffolk Constabulary,1.170397,52.035414,On or near Sandyhill Lane,E01029980,Ipswich 016C,Vehicle crime,Investigation complete; no suspect identified,
17ef3ce40b154d943444ae70d7fb69a45a66157822de0051153bb5deb1f5502c,2026-04,Suffolk Constabulary,Suffolk Constabulary,1.170397,52.035414,On or near Sandyhill Lane,E01029980,Ipswich 016C,Violence and sexual offences,Unable to prosecute suspect,
08cbc497d8345e6b80d2e11e7cd41adf3134f6acb3b6ad65ef3c7b28ca8de53c,2026-04,Suffolk Constabulary,Suffolk Constabulary,1.168592,52.037324,On or near Hawke Road,E01029980,Ipswich 016C,Violence and sexual offences,Unable to prosecute suspect,
73ee22b3149903f215a03ddceec068a5e05bfbc99fd3536704704dea1df4a150,2026-04,Suffolk Constabulary,Suffolk Constabulary,1.168592,52.037324,On or near Hawke Road,E01029980,Ipswich 016C,Violence and sexual offences,Unable to prosecute suspect,
7073a7712179c74e362041bfd2d7760d7e535cc6e0a004305855d61b8a41ef66,2026-04,Suffolk Constabulary,Suffolk Constabulary,1.168592,52.037324,On or near Hawke Road,E01029980,Ipswich 016C,Violence and sexual offences,Unable to prosecute suspect,
3f0e1d6ce8fc39d46aeaf9d952bcc61a2dd1d8034e12d94aee6373d83301bbde,2026-04,Suffolk Constabulary,Suffolk Constabulary,1.168592,52.037324,On or near Hawke Road,E01029980,Ipswich 016C,Violence and sexual offences,Unable to prosecute suspect,
b7b5c7d264298a68449be03e1466d41255cfdf021a5570061ec82eb6cd488a35,2026-04,Suffolk Constabulary,Suffolk Constabulary,1.168592,52.037324,On or near Hawke Road,E01029980,Ipswich 016C,Violence and sexual offences,Action to be taken by another organisation,
ce7d04312fab112b7cd76aefbe6695773c29709844d412321535b53adebea3a7,2026-04,Suffolk Constabulary,Suffolk Constabulary,1.176439,52.037535,On or near Hogarth Road,E01029980,Ipswich 016C,Violence and sexual offences,Under investigation,
832313df97856a29f5e614e78ff7379e4eb04b20de47f00836db18563e5e09c4,2026-04,Suffolk Constabulary,Suffolk Constabulary,1.170321,52.037637,On or near Holbrook Road,E01029980,Ipswich 016C,Violence and sexual offences,Investigation complete; no suspect identified,
1bd7284c6c8da2bc41d22ad56e8ac750148f0eac7ec2840cc67938bad4031247,2026-04,Suffolk Constabulary,Suffolk Constabulary,1.186373,52.030809,On or near Brazier'S Wood Road,E01029981,Ipswich 016D,Bicycle theft,Investigation complete; no suspect identified,
cd275a4daaf820c0acce46287359cc315224afb68c567be2b965e2a7b9707c45,2026-04,Suffolk Constabulary,Suffolk Constabulary,1.187541,52.032469,On or near Windermere Close,E01029981,Ipswich 016D,Burglary,Investigation complete; no suspect identified,
42b3ae6223e28b04452be2ff8ea7da9aa4e7258138e5ce5a949a2ebef4b477bf,2026-04,Suffolk Constabulary,Suffolk Constabulary,1.182520,52.032407,On or near Hossack Road,E01029981,Ipswich 016D,Violence and sexual offences,Action to be taken by another organisation,
0742be1af7d53dc5d2bf878d4dc2d1852714a117266954a9cd74e72b6170a3f6,2026-04,Suffolk Constabulary,Suffolk Constabulary,1.186373,52.030809,On or near Brazier'S Wood Road,E01029981,Ipswich 016D,Violence and sexual offences,Action to be taken by another organisation,
b144a7a09a166ec9763ee6f66b1e7f8c3afee24916f223276fc0625fb9b30922,2026-04,Suffolk Constabulary,Suffolk Constabulary,1.186373,52.030809,On or near Brazier'S Wood Road,E01029981,Ipswich 016D,Violence and sexual offences,Unable to prosecute suspect,
,2026-04,Suffolk Constabulary,Suffolk Constabulary,1.180386,52.033157,On or near Reynolds Avenue,E01029982,Ipswich 016E,Anti-social behaviour,,
,2026-04,Suffolk Constabulary,Suffolk Constabulary,1.181844,52.031310,On or near Nightingale Road,E01029982,Ipswich 016E,Anti-social behaviour,,
b751d7f26e4a5809af850dfbcb34d1eed981873008a244a80313999af12679eb,2026-04,Suffolk Constabulary,Suffolk Constabulary,1.178938,52.031856,On or near Shannon Road,E01029982,Ipswich 016E,Vehicle crime,Investigation complete; no suspect identified,
4dc4a4a10dd78e902b8bdbb83ab7d72fe4561a02bf823f7ead71c98a886e0fe4,2026-04,Suffolk Constabulary,Suffolk Constabulary,1.177829,52.032875,On or near Romney Road,E01029982,Ipswich 016E,Violence and sexual offences,Unable to prosecute suspect,
84a525d15ca70963e62505693e41bf945b198561b8a918ac18bd3717874a8889,2026-04,Suffolk Constabulary,Suffolk Constabulary,1.181844,52.031310,On or near Nightingale Road,E01029982,Ipswich 016E,Violence and sexual offences,Unable to prosecute suspect,
665c24f52248ace63856f36792aea4b483511055e54feada1db8c1b0bd427838,2026-04,Suffolk Constabulary,Suffolk Constabulary,1.177829,52.032875,On or near Romney Road,E01029982,Ipswich 016E,Violence and sexual offences,Local resolution,
e1d5e7cecc9500236b924005d7600e433713fb5adcf34ff8d4d149d1e3794479,2026-04,Suffolk Constabulary,Suffolk Constabulary,1.179584,52.030480,On or near Leighton Road,E01029982,Ipswich 016E,Violence and sexual offences,Under investigation,
3e70b46a104a1766933c9695ca4bb5c76fc3a7d9e431cf4abf25175f062c7faa,2026-04,Suffolk Constabulary,Suffolk Constabulary,1.179584,52.030480,On or near Leighton Road,E01029982,Ipswich 016E,Violence and sexual offences,Unable to prosecute suspect,
96ac90ad806b23f2f5095285ba5b37343a3914d67a0a34026739681bb72329be,2026-04,Suffolk Constabulary,Suffolk Constabulary,1.179584,52.030480,On or near Leighton Road,E01029982,Ipswich 016E,Violence and sexual offences,Unable to prosecute suspect,
dff49af36a5d50bec3d80d00ac598288e02b2dd121273b35cd291ad28dade7c3,2026-04,Suffolk Constabulary,Suffolk Constabulary,1.177829,52.032875,On or near Romney Road,E01029982,Ipswich 016E,Violence and sexual offences,Unable to prosecute suspect,
dae72da26f170f3d812621b83f93d11d5a62c3b62c3e66c964f9e905cfbaf3a6,2026-04,Suffolk Constabulary,Suffolk Constabulary,1.179584,52.030480,On or near Leighton Road,E01029982,Ipswich 016E,Violence and sexual offences,Unable to prosecute suspect,
a017facb14cd11c21fe39dd71c1dbe02143ab2fcf80125255fcfb44a86890cc0,2026-04,Suffolk Constabulary,Suffolk Constabulary,1.180386,52.033157,On or near Reynolds Avenue,E01029982,Ipswich 016E,Other crime,Further investigation is not in the public interest,
,2026-04,Suffolk Constabulary,Suffolk Constabulary,1.183266,52.041254,On or near Laud Mews,E01029983,Ipswich 016F,Anti-social behaviour,,
,2026-04,Suffolk Constabulary,Suffolk Constabulary,1.183034,52.038410,On or near Fairfield Road,E01029983,Ipswich 016F,Anti-social behaviour,,
814be95d3e53e11d7a0eda4bdb9d92aa6392f103f15b8e6218c87fe6aec09d69,2026-04,Suffolk Constabulary,Suffolk Constabulary,1.181410,52.036286,On or near Supermarket,E01029983,Ipswich 016F,Shoplifting,Investigation complete; no suspect identified,
ef3a65249cf0c6642aeec3c26d05e9442b8c4f998285cee6bb94aa03fbb681d8,2026-04,Suffolk Constabulary,Suffolk Constabulary,1.184902,52.039654,On or near Hulver Court,E01029983,Ipswich 016F,Shoplifting,Investigation complete; no suspect identified,
1ba2b48aebb28c049b78283272a12caccc2243f867590bdae136053cbdc260fd,2026-04,Suffolk Constabulary,Suffolk Constabulary,1.181410,52.036286,On or near Supermarket,E01029983,Ipswich 016F,Shoplifting,Awaiting court outcome,
69bec14e57b103e1a8ff8e9cb719eb8728ef093c0073f5c008767d5530502f81,2026-04,Suffolk Constabulary,Suffolk Constabulary,1.184902,52.039654,On or near Hulver Court,E01029983,Ipswich 016F,Shoplifting,Investigation complete; no suspect identified,
a647b952628e6a816d9d25a38aaabffbdd370844c9af1da5ffb83c38904c183d,2026-04,Suffolk Constabulary,Suffolk Constabulary,1.181410,52.036286,On or near Supermarket,E01029983,Ipswich 016F,Shoplifting,Investigation complete; no suspect identified,
5baf9a10482d57609ee4664ce73e7e727e63a972588d948b853c17c6950a90c9,2026-04,Suffolk Constabulary,Suffolk Constabulary,1.181410,52.036286,On or near Supermarket,E01029983,Ipswich 016F,Shoplifting,Investigation complete; no suspect identified,
9ec1bb187ca630abcdfba6e2eeb36eb7a483967ae71b1b7947c0c36dc48a51f8,2026-04,Suffolk Constabulary,Suffolk Constabulary,1.184902,52.039654,On or near Hulver Court,E01029983,Ipswich 016F,Shoplifting,Awaiting court outcome,
e193c4796e67d4c21e20d30512eb7b8db9ec1c894cac14152621810c403d3374,2026-04,Suffolk Constabulary,Suffolk Constabulary,1.181410,52.036286,On or near Supermarket,E01029983,Ipswich 016F,Shoplifting,Investigation complete; no suspect identified,
e2dd2732cfe19d0876f8ef6feca2ac7e75fce90e30f74b24e37b4bcd91e04862,2026-04,Suffolk Constabulary,Suffolk Constabulary,1.183055,52.040756,On or near Norman Crescent,E01029983,Ipswich 016F,Vehicle crime,Investigation complete; no suspect identified,
6cafd845819815895f8c624fd568d6c1abdf54422916dcc42124ca23b053c8bf,2026-04,Suffolk Constabulary,Suffolk Constabulary,1.181410,52.036286,On or near Supermarket,E01029983,Ipswich 016F,Violence and sexual offences,Unable to prosecute suspect,
affe5e3fe124fe114977e9459abf8ef9a6c127dcdf8081c3f9b5e9325a57abdb,2026-04,Suffolk Constabulary,Suffolk Constabulary,1.183266,52.041254,On or near Laud Mews,E01029983,Ipswich 016F,Violence and sexual offences,Unable to prosecute suspect,
31d90dfba70f6d32967def0a788bb2d3392d036fec9d791aa0279f26ae58e104,2026-04,Suffolk Constabulary,Suffolk Constabulary,1.184528,52.040141,On or near Henstead Gardens,E01029983,Ipswich 016F,Violence and sexual offences,Under investigation,
ea38fba200977db55d7352b47a3a8f831d7243d832e33318b12045a9beb298ee,2026-04,Suffolk Constabulary,Suffolk Constabulary,1.183266,52.041254,On or near Laud Mews,E01029983,Ipswich 016F,Violence and sexual offences,Unable to prosecute suspect,
db2f596d75d5a06a5552de868f15fe16119dc9c8784d079415bd02f9bb111cc7,2026-04,Suffolk Constabulary,Suffolk Constabulary,0.385979,52.608286,On or near The Firs,E01033036,King's Lynn and West Norfolk 017E,Violence and sexual offences,Under investigation,
a7672db5e7fe991dbb00af6470d9da478aaeaf52a3862583db2485d68635821a,2026-04,Suffolk Constabulary,Suffolk Constabulary,0.007206,51.441282,On or near South Park Crescent,E01003354,Lewisham 026D,Violence and sexual offences,Under investigation,
b037f2bb80f4250f37dd658f158cca3a98a3cafe6c0d80d9ec8f6ce5ce006c96,2026-04,Suffolk Constabulary,Suffolk Constabulary,0.678211,51.734953,On or near Mill Lane,E01021891,Maldon 004C,Drugs,Under investigation,
0ac6937f8899024ebd41f5cc64a13a16614e8f3a9ba023e13d851d9093982b30,2026-04,Suffolk Constabulary,Suffolk Constabulary,1.146050,52.326773,On or near Ashton Road,E01030052,Mid Suffolk 001A,Drugs,Local resolution,
0118031901eb63d8e1dda0ec08e8a50ff8588b565fb9694624cd4b010cb0e7cb,2026-04,Suffolk Constabulary,Suffolk Constabulary,1.146368,52.320712,On or near Broad Street,E01030052,Mid Suffolk 001A,Public order,Unable to prosecute suspect,
076372b69f62f48db5a9298feb2f92b4dd1fd3ea1d3e132c2680cf8027121b02,2026-04,Suffolk Constabulary,Suffolk Constabulary,1.137154,52.324069,On or near Millfield,E01030052,Mid Suffolk 001A,Violence and sexual offences,Investigation complete; no suspect identified,
8a3db73afbff2e60a5a1a34a118990479fe5216f2fcead9fead1afafa5ca789a,2026-04,Suffolk Constabulary,Suffolk Constabulary,1.146050,52.326773,On or near Ashton Road,E01030052,Mid Suffolk 001A,Violence and sexual offences,Unable to prosecute suspect,
edecd0d9bac499ff5fb12db9fa6e43ef00a5593e7923e3d252797461959a700e,2026-04,Suffolk Constabulary,Suffolk Constabulary,1.151477,52.319703,On or near Hoxne Road,E01030052,Mid Suffolk 001A,Violence and sexual offences,Under investigation,
fe809149f928f6edee33f72de334a0691232268fa5bdede47710c0181d8b56e2,2026-04,Suffolk Constabulary,Suffolk Constabulary,1.147674,52.321738,On or near Wellington Road,E01030052,Mid Suffolk 001A,Violence and sexual offences,Unable to prosecute suspect,
09a894af51e1c3fa7736e601c3e40b749f4e40867204ecf5c19a545487af49d1,2026-04,Suffolk Constabulary,Suffolk Constabulary,1.200844,52.345841,On or near Abbey Hill,E01030058,Mid Suffolk 001B,Burglary,Investigation complete; no suspect identified,
250ae13855ff48d8b9802775c019afc84c4c2f0a4292500afbd2aba864ade0dd,2026-04,Suffolk Constabulary,Suffolk Constabulary,1.215906,52.326968,On or near Church Road,E01030058,Mid Suffolk 001B,Criminal damage and arson,Local resolution,
749fe7a93f8fae23b0071b4459f3009ea2c5429a0ce9707699f0bc6f68850a96,2026-04,Suffolk Constabulary,Suffolk Constabulary,1.267977,52.346520,On or near Vicarage Road,E01030058,Mid Suffolk 001B,Other theft,Investigation complete; no suspect identified,
882f11d870eae04d863c2757d25914517b8fa6f6f5ccd96edc2477e6689ed7ed,2026-04,Suffolk Constabulary,Suffolk Constabulary,1.199735,52.349595,On or near Low Street,E01030058,Mid Suffolk 001B,Violence and sexual offences,Under investigation,
30e6df9e4a039857d85bd8d50ba407d95bd45f11b7d53009ab84530ad5d885b1,2026-04,Suffolk Constabulary,Suffolk Constabulary,1.104684,52.361522,On or near Sycamore Close,E01030064,Mid Suffolk 001C,Burglary,Investigation complete; no suspect identified,
52ceebbde41b762304cec997945ac1f0334759fcdd741a7901c3076d2cb22c8d,2026-04,Suffolk Constabulary,Suffolk Constabulary,1.134402,52.339051,On or near Airport/Airfield,E01030064,Mid Suffolk 001C,Burglary,Investigation complete; no suspect identified,
d2b3bb9f5995e6585e1a3103147cfa1c09958095c1c8c8d47ed894e403fa0fba,2026-04,Suffolk Constabulary,Suffolk Constabulary,1.128452,52.341567,On or near Parking Area,E01030064,Mid Suffolk 001C,Criminal damage and arson,Investigation complete; no suspect identified,
eaba1459bdde01b36bacffcf0b8be7c4e2429077b40504d44a35735e3abf6317,2026-04,Suffolk Constabulary,Suffolk Constabulary,1.140925,52.344762,On or near Rectory Road,E01030064,Mid Suffolk 001C,Possession of weapons,Under investigation,
e7008212fb9d8ae00ae0e4d676f62bfa0666644e57a2b3a90df815a4831a17b0,2026-04,Suffolk Constabulary,Suffolk Constabulary,1.100911,52.362187,On or near Hilling Gardens,E01030064,Mid Suffolk 001C,Vehicle crime,Investigation complete; no suspect identified,
93b627ca96634ae76c82909781bb680362a1ac97297b9b34584506f8a70a7c2f,2026-04,Suffolk Constabulary,Suffolk Constabulary,1.113576,52.326501,On or near Old Norwich Road,E01030064,Mid Suffolk 001C,Vehicle crime,Unable to prosecute suspect,
5fa5b94e4b53cd5e302fd54f8c415043b7b60a7391e34abc3b7af5e428d27738,2026-04,Suffolk Constabulary,Suffolk Constabulary,1.110853,52.363806,On or near Rose Lane Close,E01030064,Mid Suffolk 001C,Vehicle crime,Investigation complete; no suspect identified,
288168377c01a94a8b0504587cf0a2ddf5230bd1ac96b900997dcbe7f3ebe951,2026-04,Suffolk Constabulary,Suffolk Constabulary,1.140925,52.344762,On or near Rectory Road,E01030064,Mid Suffolk 001C,Violence and sexual offences,Action to be taken by another organisation,
8fac416b05af8c4e1bc75b5732030e4bedc2bedce1d18f458bbdc08bcfa32500,2026-04,Suffolk Constabulary,Suffolk Constabulary,1.158619,52.345773,On or near The Street,E01030064,Mid Suffolk 001C,Violence and sexual offences,Action to be taken by another organisation,
fd3b89239c6989bd4e3914a42caab5446f8881db3a2d75935539e106367fbc58,2026-04,Suffolk Constabulary,Suffolk Constabulary,1.158619,52.345773,On or near The Street,E01030064,Mid Suffolk 001C,Violence and sexual offences,Unable to prosecute suspect,
c35ae31848e54ab50efc6f25ab88292551dba3b9c9d90ca1fa1f1c24278047ce,2026-04,Suffolk Constabulary,Suffolk Constabulary,1.135788,52.284011,On or near Mill Lane,E01030088,Mid Suffolk 001D,Violence and sexual offences,Under investigation,
9d272a5c64fce52ae57081c08804a638b71d63b9dc4e398f2cf1282b3bf4f95c,2026-04,Suffolk Constabulary,Suffolk Constabulary,1.157277,52.295004,On or near Cedars Close,E01030088,Mid Suffolk 001D,Violence and sexual offences,Unable to prosecute suspect,
3055778f4e1b7e3e9102ac81b2e195c2c65a8bfbac4cef905d6bd40e5fb85323,2026-04,Suffolk Constabulary,Suffolk Constabulary,1.138789,52.279786,On or near High Street,E01030088,Mid Suffolk 001D,Violence and sexual offences,Unable to prosecute suspect,
,2026-04,Suffolk Constabulary,Suffolk Constabulary,1.069667,52.370909,On or near Rash'S Crescent,E01030054,Mid Suffolk 002B,Anti-social behaviour,,
08ed711a3f01341ea68b1ddb0f9734a6c979abb18cc97eda123d7e22411a845f,2026-04,Suffolk Constabulary,Suffolk Constabulary,1.079294,52.328506,On or near Robinsons Close,E01030055,Mid Suffolk 002C,Other theft,Investigation complete; no suspect identified,
eea91aeb6a3402fce6f1a84065aa472589c146ce1f26a6e31ee4f2ee16c9c053,2026-04,Suffolk Constabulary,Suffolk Constabulary,1.043412,52.303823,On or near West View Gardens,E01030055,Mid Suffolk 002C,Other theft,Action to be taken by another organisation,
4758250cd22e900e55acc231dc389d83a722d7d0870021130f08c9caef3d4d78,2026-04,Suffolk Constabulary,Suffolk Constabulary,1.076998,52.302149,On or near Park/Open Space,E01030055,Mid Suffolk 002C,Public order,Unable to prosecute suspect,
acd62f618833c81a372ba6357a78d592e1f5180f2d51c675b17703e07b0fc214,2026-04,Suffolk Constabulary,Suffolk Constabulary,1.084977,52.329167,On or near Browns Acre,E01030055,Mid Suffolk 002C,Violence and sexual offences,Unable to prosecute suspect,
467ea54fdc0e7d8c56843df7fb95a7c0e3dd6439d54dad7f63f1ef43a3d57604,2026-04,Suffolk Constabulary,Suffolk Constabulary,1.076062,52.324660,On or near Rectory Road,E01030055,Mid Suffolk 002C,Violence and sexual offences,Under investigation,
,2026-04,Suffolk Constabulary,Suffolk Constabulary,1.010002,52.344386,On or near Park View,E01030066,Mid Suffolk 002D,Anti-social behaviour,,
,2026-04,Suffolk Constabulary,Suffolk Constabulary,1.010002,52.344386,On or near Park View,E01030066,Mid Suffolk 002D,Anti-social behaviour,,
0cc9d701b4cca5fcd355d1230828fc1378d71cc416632b9890fe76731bef342c,2026-04,Suffolk Constabulary,Suffolk Constabulary,0.989657,52.338176,On or near Church Meadow,E01030066,Mid Suffolk 002D,Other theft,Investigation complete; no suspect identified,
bbb489ec0f9929dd2432c0ff2da861f46eaa4971834cf061062428d65628f4a6,2026-04,Suffolk Constabulary,Suffolk Constabulary,0.990296,52.338079,On or near Hinderclay Road,E01030066,Mid Suffolk 002D,Public order,Unable to prosecute suspect,
6214010949a8bb36aadabd9a87bc6cf1c2f945716d1be6ccdc789ab0512db245,2026-04,Suffolk Constabulary,Suffolk Constabulary,1.010002,52.344386,On or near Park View,E01030066,Mid Suffolk 002D,Public order,Unable to prosecute suspect,
7c68620498d0faaddde5b5b181bd523ebc003bd835bab35ea3302cc32500b409,2026-04,Suffolk Constabulary,Suffolk Constabulary,1.010002,52.344386,On or near Park View,E01030066,Mid Suffolk 002D,Violence and sexual offences,Local resolution,
,2026-04,Suffolk Constabulary,Suffolk Constabulary,1.001652,52.340560,On or near The Street,E01030067,Mid Suffolk 002E,Anti-social behaviour,,
7260a2acb9e25a28be4632e101b89ad55b5ffb39317c380558b442393243a7fc,2026-04,Suffolk Constabulary,Suffolk Constabulary,1.001652,52.340560,On or near The Street,E01030067,Mid Suffolk 002E,Violence and sexual offences,Under investigation,
febfe740b86a8437b127636833ef743f0112b0d1f080314c887a7a856b0fb8c0,2026-04,Suffolk Constabulary,Suffolk Constabulary,1.017518,52.334652,On or near Bridewell Lane,E01030067,Mid Suffolk 002E,Violence and sexual offences,Unable to prosecute suspect,
,2026-04,Suffolk Constabulary,Suffolk Constabulary,0.946665,52.330407,On or near Bury Road,E01030068,Mid Suffolk 002F,Anti-social behaviour,,
,2026-04,Suffolk Constabulary,Suffolk Constabulary,0.934744,52.302897,On or near The Street,E01030068,Mid Suffolk 002F,Anti-social behaviour,,
,2026-04,Suffolk Constabulary,Suffolk Constabulary,0.946665,52.330407,On or near Bury Road,E01030068,Mid Suffolk 002F,Anti-social behaviour,,
895de03f87f8a1f169a8172a25f0916a682512b9af569846aea9afe0c2fd329b,2026-04,Suffolk Constabulary,Suffolk Constabulary,0.950261,52.292474,On or near Crownland Road,E01030068,Mid Suffolk 002F,Criminal damage and arson,Investigation complete; no suspect identified,
d299e36d5360f2b4aa528cb49b1789123ec99fc55e217c8caeb8638ca83f19bf,2026-04,Suffolk Constabulary,Suffolk Constabulary,0.941937,52.302089,On or near Elm Drive,E01030068,Mid Suffolk 002F,Other theft,Investigation complete; no suspect identified,
7196afa363851d6c60e1b3ba0e50217ff4cc31ce9e488d08725dacf5dd89b3b5,2026-04,Suffolk Constabulary,Suffolk Constabulary,0.929822,52.307536,On or near Sports/Recreation Area,E01030068,Mid Suffolk 002F,Violence and sexual offences,Investigation complete; no suspect identified,
,2026-04,Suffolk Constabulary,Suffolk Constabulary,1.318899,52.348364,On or near Church Street,E01030053,Mid Suffolk 003A,Anti-social behaviour,,
8b6c7efbdbfe6f499b67be138ba4c4532581c2ff70b7042818850dd5f3215332,2026-04,Suffolk Constabulary,Suffolk Constabulary,1.330431,52.356215,On or near Gules Green Lane,E01030053,Mid Suffolk 003A,Burglary,Investigation complete; no suspect identified,
2db6a6b386a2b86a2a4714e767b37ee6f500765fe0b4f6d2cd8666c9eb9c62de,2026-04,Suffolk Constabulary,Suffolk Constabulary,1.347215,52.386041,On or near Foxes Lane,E01030053,Mid Suffolk 003A,Criminal damage and arson,Investigation complete; no suspect identified,
c5d1c55465faad982b47490080eb9586aa7056577605694e098e63d545b869d3,2026-04,Suffolk Constabulary,Suffolk Constabulary,1.293503,52.373791,On or near Church Road,E01030053,Mid Suffolk 003A,Violence and sexual offences,Under investigation,
a89fbc627ca2cd5727e76b09fd5ae41973ef7506fd69ec633a498b0dbcf7219b,2026-04,Suffolk Constabulary,Suffolk Constabulary,1.347215,52.386041,On or near Foxes Lane,E01030053,Mid Suffolk 003A,Violence and sexual offences,Unable to prosecute suspect,
a7d12194e2724425191f179384938a898bd298188cc63074ee46a99ab6a0d62c,2026-04,Suffolk Constabulary,Suffolk Constabulary,1.319551,52.346880,On or near Laxfield Road,E01030053,Mid Suffolk 003A,Violence and sexual offences,Unable to prosecute suspect,
92a1905d51e285da700db82ecaa99a47fda7f64b10c6f26f78350eb8e00f48c9,2026-04,Suffolk Constabulary,Suffolk Constabulary,1.319551,52.346880,On or near Laxfield Road,E01030053,Mid Suffolk 003A,Violence and sexual offences,Unable to prosecute suspect,
500086657422b755029201bd8fd3d7c81377cc6af8b889231800e47cc2f8b719,2026-04,Suffolk Constabulary,Suffolk Constabulary,1.267508,52.241671,On or near Sports/Recreation Area,E01030090,Mid Suffolk 003C,Burglary,Investigation complete; no suspect identified,
35b770605d297dfa8456564cdb044764912f747e33fa29368742ec0cd28ac153,2026-04,Suffolk Constabulary,Suffolk Constabulary,1.253884,52.249605,On or near Parking Area,E01030090,Mid Suffolk 003C,Criminal damage and arson,Formal action is not in the public interest,
f84f8a80857e8d415dc657aaf03cf5e737443f49387bfddb80ab9abdab513df8,2026-04,Suffolk Constabulary,Suffolk Constabulary,1.249658,52.254146,On or near Southolt Road,E01030090,Mid Suffolk 003C,Other theft,Investigation complete; no suspect identified,
,2026-04,Suffolk Constabulary,Suffolk Constabulary,1.271660,52.322818,On or near Westhall,E01034570,Mid Suffolk 003D,Anti-social behaviour,,
490da67e7d27adc04bad6be922d511cca345ad3cda3fd1864af63d6bd659720c,2026-04,Suffolk Constabulary,Suffolk Constabulary,1.270086,52.317214,On or near Bishops Way,E01034570,Mid Suffolk 003D,Violence and sexual offences,Investigation complete; no suspect identified,
59835494d80566921323f1a06cfb9e63d7d2a6fb2bacd9bc49e1da5312f0a11b,2026-04,Suffolk Constabulary,Suffolk Constabulary,1.265634,52.316734,On or near New Street Close,E01034570,Mid Suffolk 003D,Violence and sexual offences,Unable to prosecute suspect,
09ecadb284fec5f7943b670dfae2e5845f244735bb776afe3a365d73ca5ea8ab,2026-04,Suffolk Constabulary,Suffolk Constabulary,1.270086,52.317214,On or near Bishops Way,E01034570,Mid Suffolk 003D,Violence and sexual offences,Investigation complete; no suspect identified,
37856f5aa40e010ae479affeb7b6e9f8d241414b0d1c289fba9f74ce66255280,2026-04,Suffolk Constabulary,Suffolk Constabulary,1.373602,52.292777,On or near Gin Lane,E01034571,Mid Suffolk 003E,Violence and sexual offences,Action to be taken by another organisation,
,2026-04,Suffolk Constabulary,Suffolk Constabulary,0.869415,52.275402,On or near St George'S Road,E01030040,Mid Suffolk 004A,Anti-social behaviour,,
07777236a93cd327e3d5a4e189de6714b0badfacb4e7d842b04beb67cfd6d946,2026-04,Suffolk Constabulary,Suffolk Constabulary,0.869415,52.275402,On or near St George'S Road,E01030040,Mid Suffolk 004A,Criminal damage and arson,Unable to prosecute suspect,
ea71ff4a15e4090c22581226ed8355993a434f0b30bed2d71cd711536bccc8ed,2026-04,Suffolk Constabulary,Suffolk Constabulary,0.869415,52.275402,On or near St George'S Road,E01030040,Mid Suffolk 004A,Criminal damage and arson,Unable to prosecute suspect,
6b2e9db0c5153bf32ed3b7098aa6337a978f5bfa98e310bc2504e19d331b279a,2026-04,Suffolk Constabulary,Suffolk Constabulary,0.950352,52.284360,On or near Sheepgate Lane,E01030040,Mid Suffolk 004A,Other theft,Investigation complete; no suspect identified,
f3e0d62b2a6ee1f2dc530f93197d9aedb9bf93287e81159617644e5e682bc61e,2026-04,Suffolk Constabulary,Suffolk Constabulary,0.869415,52.275402,On or near St George'S Road,E01030040,Mid Suffolk 004A,Violence and sexual offences,Unable to prosecute suspect,
189a674a64a4c7a3de5ecd446a480aa2395d14665ebf50077cace17c92eb2280,2026-04,Suffolk Constabulary,Suffolk Constabulary,0.869415,52.275402,On or near St George'S Road,E01030040,Mid Suffolk 004A,Violence and sexual offences,Under investigation,
953fcdb59e5cb94c482477bb85ca2a56a79da731d5894281cf954e24a4aad7d4,2026-04,Suffolk Constabulary,Suffolk Constabulary,0.869415,52.275402,On or near St George'S Road,E01030040,Mid Suffolk 004A,Violence and sexual offences,Under investigation,
142d68e9299847653dc77cfadb70edb0cb91bec123fd726b4bb2162b5b0ea0e5,2026-04,Suffolk Constabulary,Suffolk Constabulary,0.869415,52.275402,On or near St George'S Road,E01030040,Mid Suffolk 004A,Violence and sexual offences,Unable to prosecute suspect,
944260f11f905314857b380e48a5c0d2cfa7f597715f2a2653320a2d6622f7f5,2026-04,Suffolk Constabulary,Suffolk Constabulary,0.868337,52.255526,On or near School Close,E01030049,Mid Suffolk 004B,Burglary,Investigation complete; no suspect identified,
497fd661da92ebaae23957c0a29501456dfde188c0c8af02874e3da3c0610d5d,2026-04,Suffolk Constabulary,Suffolk Constabulary,0.860524,52.232271,On or near Park/Open Space,E01030049,Mid Suffolk 004B,Criminal damage and arson,Investigation complete; no suspect identified,
1f5c1eaa629ef8bde327bd85b35b7ce43a24160f33da3ac83def9b9a6481e82f,2026-04,Suffolk Constabulary,Suffolk Constabulary,0.881650,52.234167,On or near Broadgrass Green,E01030049,Mid Suffolk 004B,Other theft,Under investigation,
9d523b8c98ef3f1ade444ea336841699033ca71bad481e6297a74f5d3f53a686,2026-04,Suffolk Constabulary,Suffolk Constabulary,0.921254,52.244165,On or near Oak Lane,E01030049,Mid Suffolk 004B,Violence and sexual offences,Unable to prosecute suspect,
009e173facbce6bf25839b95b306534472aa0ff54973eb5ea479a9fd94019442,2026-04,Suffolk Constabulary,Suffolk Constabulary,0.921254,52.244165,On or near Oak Lane,E01030049,Mid Suffolk 004B,Violence and sexual offences,Unable to prosecute suspect,
77a28fbbf891d351e7b7603c3ca87b94db9350f9a4fd9d819ce96b694ca4e22b,2026-04,Suffolk Constabulary,Suffolk Constabulary,0.879026,52.255759,On or near Park/Open Space,E01030049,Mid Suffolk 004B,Violence and sexual offences,Under investigation,
bf99a23ec58228cf35549fccd681ecfb03120955eb35249394bbf2bf3dd88f85,2026-04,Suffolk Constabulary,Suffolk Constabulary,0.867100,52.263156,On or near Hall'S Lane,E01030049,Mid Suffolk 004B,Violence and sexual offences,Action to be taken by another organisation,
5efe23d65589df896403edec123579f430fae3f8726b308d258f01fce4f54867,2026-04,Suffolk Constabulary,Suffolk Constabulary,0.882362,52.254636,On or near Prospect Road,E01030049,Mid Suffolk 004B,Violence and sexual offences,Action to be taken by another organisation,
,2026-04,Suffolk Constabulary,Suffolk Constabulary,0.917514,52.240984,On or near Ropers Gardens,E01030050,Mid Suffolk 004C,Anti-social behaviour,,
1cfd988d85f377a4ae270492543541f397481fcab998b73b2e3e7f3087b3db21,2026-04,Suffolk Constabulary,Suffolk Constabulary,0.912084,52.235011,On or near New Road,E01030050,Mid Suffolk 004C,Criminal damage and arson,Investigation complete; no suspect identified,
9bb36f19ced36bad7545dce7d40ee2018d1061914577d421c1db099500abd22d,2026-04,Suffolk Constabulary,Suffolk Constabulary,0.916244,52.239045,On or near Orchard Close,E01030050,Mid Suffolk 004C,Public order,Under investigation,
39d0abe0ff416f64a3fc36d59e764b295fc66566fe605cf0db8a70581d90d4ad,2026-04,Suffolk Constabulary,Suffolk Constabulary,0.917514,52.240984,On or near Ropers Gardens,E01030050,Mid Suffolk 004C,Violence and sexual offences,Unable to prosecute suspect,
a5896abdf58d8f1a2379cd0375a729a1e99f449d6a48a62c7075ca27f55ce731,2026-04,Suffolk Constabulary,Suffolk Constabulary,0.919108,52.243840,On or near Ashfield Road,E01030050,Mid Suffolk 004C,Violence and sexual offences,Unable to prosecute suspect,
,2026-04,Suffolk Constabulary,Suffolk Constabulary,0.802781,52.256337,On or near Marley Close,E01030084,Mid Suffolk 004D,Anti-social behaviour,,
c635dce3dd7b53ce587aff7811cdc28a4232c873e603aac9463efa74445f14b3,2026-04,Suffolk Constabulary,Suffolk Constabulary,0.802781,52.256337,On or near Marley Close,E01030084,Mid Suffolk 004D,Burglary,Under investigation,
22fb38689aba4ad24ab5ab36b6198e59b85c4ca2cede28728ae804213ae118a2,2026-04,Suffolk Constabulary,Suffolk Constabulary,0.812326,52.254330,On or near Rylands Close,E01030084,Mid Suffolk 004D,Burglary,Investigation complete; no suspect identified,
ce7b1bb7e7ecfa7f9c5eab759dced425c7efaa83c8270d8acdd89e345914e8a3,2026-04,Suffolk Constabulary,Suffolk Constabulary,0.803513,52.254935,On or near Bracken Row,E01030084,Mid Suffolk 004D,Criminal damage and arson,Investigation complete; no suspect identified,
50ed21c1704ad80f6a63aea174b02d32ba7f2d00aac6af57dc09be031732d1eb,2026-04,Suffolk Constabulary,Suffolk Constabulary,0.810277,52.253209,On or near Pheasant Close,E01030084,Mid Suffolk 004D,Other theft,Investigation complete; no suspect identified,
6352f3128491231ef60daf2f669080ebde9128b070481391a28e92f9481dcede,2026-04,Suffolk Constabulary,Suffolk Constabulary,0.830162,52.249083,On or near Barrell'S Road,E01030084,Mid Suffolk 004D,Public order,Local resolution,
e1ec29c07191ca592953b810d368fe4cb1aa0398c279be5b85de9fb5f310f5f4,2026-04,Suffolk Constabulary,Suffolk Constabulary,0.806095,52.253588,On or near Hazelwood Close,E01030084,Mid Suffolk 004D,Violence and sexual offences,Unable to prosecute suspect,
8eeee14b7d56116fe11bbeb80a79d4bd0d9ac06edfb2e5425e3553a7aa28d30d,2026-04,Suffolk Constabulary,Suffolk Constabulary,0.804331,52.258378,On or near Mill Lane,E01030084,Mid Suffolk 004D,Violence and sexual offences,Unable to prosecute suspect,
83eb0a2db7f72287f4556eb5f46d670a97cd683e83506db054544cc2178e5992,2026-04,Suffolk Constabulary,Suffolk Constabulary,0.806095,52.253588,On or near Hazelwood Close,E01030084,Mid Suffolk 004D,Violence and sexual offences,Action to be taken by another organisation,
f1ab5f47b6bb61dae240155a8f9b9a3daf42fcc2bccaa2262c181b840bd0f70a,2026-04,Suffolk Constabulary,Suffolk Constabulary,0.806095,52.253588,On or near Hazelwood Close,E01030084,Mid Suffolk 004D,Violence and sexual offences,Action to be taken by another organisation,
dd5c42f8262aed48e8c15ff7b464541b9dbe878adf9b682b2050e91a3e32c988,2026-04,Suffolk Constabulary,Suffolk Constabulary,0.802781,52.256337,On or near Marley Close,E01030084,Mid Suffolk 004D,Violence and sexual offences,Unable to prosecute suspect,
54f89244400384b0363a241eb7a9a4c992f889c924cd4755e44bebb957915394,2026-04,Suffolk Constabulary,Suffolk Constabulary,0.811332,52.256215,On or near Cedars Close,E01030084,Mid Suffolk 004D,Violence and sexual offences,Under investigation,
,2026-04,Suffolk Constabulary,Suffolk Constabulary,0.824261,52.248451,On or near Old Post Office Lane,E01030085,Mid Suffolk 004E,Anti-social behaviour,,
c1cd1776e4e554d740375754ea42a4781835a94dd51d9c91f102bf9a9567239f,2026-04,Suffolk Constabulary,Suffolk Constabulary,0.811496,52.250941,On or near Field View,E01030085,Mid Suffolk 004E,Criminal damage and arson,Investigation complete; no suspect identified,
256cdbef565f09b497c8ea2ca21c6115c56fe37cfed39813bcc1a189e4086b6c,2026-04,Suffolk Constabulary,Suffolk Constabulary,0.809980,52.250251,On or near Supermarket,E01030085,Mid Suffolk 004E,Public order,Unable to prosecute suspect,
2646d63dc806c0c42a3c0ff9f9b2df259aa1b409f47df3b7b49b985589f7a48a,2026-04,Suffolk Constabulary,Suffolk Constabulary,0.809980,52.250251,On or near Supermarket,E01030085,Mid Suffolk 004E,Shoplifting,Investigation complete; no suspect identified,
7ae82657f185b40dec242249177bde01d82e27bb74aa06595e08ab93f2fe31ec,2026-04,Suffolk Constabulary,Suffolk Constabulary,0.809980,52.250251,On or near Supermarket,E01030085,Mid Suffolk 004E,Shoplifting,Under investigation,
a74bcef43436b0da0a5a00fe2d3d2297f2712a961fdb9987f660c0dd4314410e,2026-04,Suffolk Constabulary,Suffolk Constabulary,0.808248,52.250560,On or near Fox And Hounds Close,E01030085,Mid Suffolk 004E,Violence and sexual offences,Under investigation,
34459a2f01587ccf854c3e10f31bb811bf4db844a64e582c664f4b091ca8fdb2,2026-04,Suffolk Constabulary,Suffolk Constabulary,0.814046,52.253255,On or near Cloverfields,E01030085,Mid Suffolk 004E,Violence and sexual offences,Investigation complete; no suspect identified,
1098760757054b7db67ce3621933dcd9bda48faebcc3f782af8a67d55db4cca6,2026-04,Suffolk Constabulary,Suffolk Constabulary,0.998939,52.225146,On or near Falconer Avenue,E01030037,Mid Suffolk 005A,Other theft,Unable to prosecute suspect,
c505f75a8f1165eb58ab63996359537f642b4c9db318d935a1c23a896324ff07,2026-04,Suffolk Constabulary,Suffolk Constabulary,0.999824,52.222209,On or near Greenacres,E01030037,Mid Suffolk 005A,Public order,Investigation complete; no suspect identified,
ff1c7022fedf97e1f9358f09142f5d3453f23b00aa9fe807d98693eec1f625cb,2026-04,Suffolk Constabulary,Suffolk Constabulary,1.001091,52.224488,On or near Finningham Road,E01030037,Mid Suffolk 005A,Theft from the person,Under investigation,
453766304ad9549df42363b64306a7058d8e62a77b8e94c0cdf2fc5308018753,2026-04,Suffolk Constabulary,Suffolk Constabulary,0.987739,52.259857,On or near Shelley Way,E01030038,Mid Suffolk 005B,Other theft,Under investigation,
cdcd1e9480a6455daa69d4e01f61c3285c79f89b4e184957fc5f18830181c70e,2026-04,Suffolk Constabulary,Suffolk Constabulary,0.999041,52.262908,On or near Petrol Station,E01030038,Mid Suffolk 005B,Public order,Investigation complete; no suspect identified,
fb6c9191b5e14cacd4b2f02d007dcf02dfba82e1ffc9225bde805355396ea457,2026-04,Suffolk Constabulary,Suffolk Constabulary,1.006521,52.263515,On or near Sports/Recreation Area,E01030038,Mid Suffolk 005B,Violence and sexual offences,Investigation complete; no suspect identified,
7ff94ba1a1303a7c38b7153ce48dec792bed0fd6c6a71ae2814e3f4656f2a5d9,2026-04,Suffolk Constabulary,Suffolk Constabulary,0.987739,52.259857,On or near Shelley Way,E01030038,Mid Suffolk 005B,Violence and sexual offences,Under investigation,
0ccfb7a499821fbf825adfb86e5a28bdea03c9876468915dac5376f5554b5cf8,2026-04,Suffolk Constabulary,Suffolk Constabulary,1.065400,52.286158,On or near Dove Lane,E01030059,Mid Suffolk 005C,Vehicle crime,Investigation complete; no suspect identified,
,2026-04,Suffolk Constabulary,Suffolk Constabulary,1.033623,52.208475,On or near Gipping Road,E01030081,Mid Suffolk 005D,Anti-social behaviour,,
,2026-04,Suffolk Constabulary,Suffolk Constabulary,1.016788,52.198331,On or near Thorney Green Road,E01030081,Mid Suffolk 005D,Anti-social behaviour,,
,2026-04,Suffolk Constabulary,Suffolk Constabulary,1.016788,52.198331,On or near Thorney Green Road,E01030081,Mid Suffolk 005D,Anti-social behaviour,,
d3a4aa1e47cb8529fae32db722d660ae1f8941ce1bbe692a023fac36f0cde22c,2026-04,Suffolk Constabulary,Suffolk Constabulary,1.024508,52.201658,On or near Reeds Way,E01030081,Mid Suffolk 005D,Criminal damage and arson,Unable to prosecute suspect,
07ecbee769dff733f87596a079107f453943c3e338c29be165751a5b3ede17c9,2026-04,Suffolk Constabulary,Suffolk Constabulary,1.026597,52.203763,On or near Cranesbill Way,E01030081,Mid Suffolk 005D,Possession of weapons,Unable to prosecute suspect,
012e2e08696f13cc0e5e7603982816ac665a6b9bbb7be7ee2e7106d4d95166c9,2026-04,Suffolk Constabulary,Suffolk Constabulary,1.021909,52.184071,On or near Mill Lane,E01030081,Mid Suffolk 005D,Public order,Unable to prosecute suspect,
73b970de542fc7fed44da1f6c6cddcb8898975f1d3abc23c4ac6e8986a826e28,2026-04,Suffolk Constabulary,Suffolk Constabulary,1.024508,52.201658,On or near Reeds Way,E01030081,Mid Suffolk 005D,Robbery,Unable to prosecute suspect,
7d5b6816561f7ac792fb697f25896bf4e6b6d83bf29449b314d190c994386976,2026-04,Suffolk Constabulary,Suffolk Constabulary,1.028397,52.200397,On or near Sports/Recreation Area,E01030081,Mid Suffolk 005D,Violence and sexual offences,Unable to prosecute suspect,
9593e88a776e885e4ae75db4ef571d85fb94705ba97aab1a5de8873ae9448ebc,2026-04,Suffolk Constabulary,Suffolk Constabulary,1.043497,52.203013,On or near Bell'S Lane,E01030081,Mid Suffolk 005D,Violence and sexual offences,Unable to prosecute suspect,
e166f0811287d110330ea7f59f10d5d3a7468834bde9c32f7014af38814bad70,2026-04,Suffolk Constabulary,Suffolk Constabulary,1.043497,52.203013,On or near Bell'S Lane,E01030081,Mid Suffolk 005D,Violence and sexual offences,Unable to prosecute suspect,
2c4d8efa1368eb85fc247da6c92f978618af750d77caa2ce98e9957bd5aa7568,2026-04,Suffolk Constabulary,Suffolk Constabulary,1.043497,52.203013,On or near Bell'S Lane,E01030081,Mid Suffolk 005D,Violence and sexual offences,Unable to prosecute suspect,
38291033a87f56fc817430364fc6d481edf8b85e95d15f7a8578974aef2a892f,2026-04,Suffolk Constabulary,Suffolk Constabulary,1.043497,52.203013,On or near Bell'S Lane,E01030081,Mid Suffolk 005D,Violence and sexual offences,Unable to prosecute suspect,
8227af98685e8d4e63c54f9344862614effcf8d7dfecb5cae2e18d5735711e47,2026-04,Suffolk Constabulary,Suffolk Constabulary,1.024265,52.200882,On or near Barley Close,E01030081,Mid Suffolk 005D,Violence and sexual offences,Under investigation,
01fcf9575fda37cd4222df7bfd773027b34adb925edcca96da575673335f79f6,2026-04,Suffolk Constabulary,Suffolk Constabulary,0.906738,52.234127,On or near Church Road,E01030051,Mid Suffolk 006A,Drugs,Awaiting court outcome,
9a4634f4d6dc0c3612e5c41eeadbdf0f47c5c5c10063b45f295bcefe436e6f84,2026-04,Suffolk Constabulary,Suffolk Constabulary,0.906170,52.237316,On or near Old Schools Court,E01030051,Mid Suffolk 006A,Other theft,Investigation complete; no suspect identified,
78ac460a75d8fe11a6f669a6e11e366c0e4aa0fa6ab808222be4a285fa580cbd,2026-04,Suffolk Constabulary,Suffolk Constabulary,0.921783,52.231264,On or near Farthing Land,E01030051,Mid Suffolk 006A,Public order,Under investigation,
b3467894ab6f7f8bffde07e7e765aecbbfe2111711f1e8ec37828556042cdb75,2026-04,Suffolk Constabulary,Suffolk Constabulary,0.908634,52.237579,On or near Farm Meadow,E01030051,Mid Suffolk 006A,Vehicle crime,Investigation complete; no suspect identified,
d8b3a276ce194c6cf7888eb2b4291352acfa84d318fc59b3d0906afce38de62a,2026-04,Suffolk Constabulary,Suffolk Constabulary,0.907643,52.238340,On or near School Avenue,E01030051,Mid Suffolk 006A,Violence and sexual offences,Unable to prosecute suspect,
b19e525dd2c08a2a077cae38e86f6c334199a919141e817d99510f6d4c835a2b,2026-04,Suffolk Constabulary,Suffolk Constabulary,0.921783,52.231264,On or near Farthing Land,E01030051,Mid Suffolk 006A,Violence and sexual offences,Under investigation,
6db36289500027e5691f2561d9b3ee7a2cf2a7778b0089c12b1af2f40b1f9613,2026-04,Suffolk Constabulary,Suffolk Constabulary,0.907643,52.238340,On or near School Avenue,E01030051,Mid Suffolk 006A,Violence and sexual offences,Unable to prosecute suspect,
e29ec01accf5456a2a55d21fa69703e7fbb41f1be31b75def98628c4250ef3eb,2026-04,Suffolk Constabulary,Suffolk Constabulary,0.916187,52.233119,On or near Sports/Recreation Area,E01030051,Mid Suffolk 006A,Other crime,Under investigation,
,2026-04,Suffolk Constabulary,Suffolk Constabulary,0.938825,52.241795,On or near Drove Lane,E01030056,Mid Suffolk 006B,Anti-social behaviour,,
,2026-04,Suffolk Constabulary,Suffolk Constabulary,0.972933,52.216208,On or near Abbey Fields,E01030056,Mid Suffolk 006B,Anti-social behaviour,,
,2026-04,Suffolk Constabulary,Suffolk Constabulary,0.972933,52.216208,On or near Abbey Fields,E01030056,Mid Suffolk 006B,Anti-social behaviour,,
c48b74fbb93475eab6a8330e68b57012d72945e8ec5d3c34bed238fb9f44683a,2026-04,Suffolk Constabulary,Suffolk Constabulary,0.983063,52.213119,On or near Dagworth Lane,E01030056,Mid Suffolk 006B,Other theft,Investigation complete; no suspect identified,
120e4f094cf44eee1a51e059b6d311a4489ee407ec88cac3dd9c3b38e2a22b9f,2026-04,Suffolk Constabulary,Suffolk Constabulary,0.962185,52.222126,On or near Plashwood Road,E01030056,Mid Suffolk 006B,Other theft,Under investigation,
791b506786edafe060eb5d6c50e1d7e65948864496dfcaf47192b388b53ef218,2026-04,Suffolk Constabulary,Suffolk Constabulary,0.966733,52.220276,On or near Old Street,E01030056,Mid Suffolk 006B,Shoplifting,Investigation complete; no suspect identified,
9c0f960b4cf632e3ff5c39a82a9559c8197f398a20f02a93c5b655f6cc4605e6,2026-04,Suffolk Constabulary,Suffolk Constabulary,0.967535,52.220895,On or near Church View,E01030056,Mid Suffolk 006B,Violence and sexual offences,Unable to prosecute suspect,
b55b216be77e28319bda07b3d4866d555effae6de95696e81c14924f7ddc9ce8,2026-04,Suffolk Constabulary,Suffolk Constabulary,0.970790,52.217881,On or near Eve Balfour Way,E01030056,Mid Suffolk 006B,Violence and sexual offences,Unable to prosecute suspect,
05f476b65d2f0f4bbd3064df39ac493101dc627b2f409af0b61bd4e5534a8887,2026-04,Suffolk Constabulary,Suffolk Constabulary,0.967535,52.220895,On or near Church View,E01030056,Mid Suffolk 006B,Violence and sexual offences,Unable to prosecute suspect,
07e7fee0c84661197ec9706142934502ecf3819681250560e90f83186349b6df,2026-04,Suffolk Constabulary,Suffolk Constabulary,0.972827,52.218783,On or near Bixby Avenue,E01030056,Mid Suffolk 006B,Violence and sexual offences,Under investigation,
4cfb0f9347a11d0df50716f17e906fe4b2b34f81979be7b7e67696b8331e6308,2026-04,Suffolk Constabulary,Suffolk Constabulary,0.972100,52.219737,On or near Station Road,E01030056,Mid Suffolk 006B,Violence and sexual offences,Under investigation,
467d73205a7e45a0e8cb57e1ee0ae61b140d2a0dce17e2453bbb37a989aa3de6,2026-04,Suffolk Constabulary,Suffolk Constabulary,0.934166,52.224697,On or near Park View,E01030056,Mid Suffolk 006B,Violence and sexual offences,Under investigation,
8b2a341ee3eb09fc4754ed3d1da2bf6e2d6bbcf2f38585cb28ee8ce00d83424d,2026-04,Suffolk Constabulary,Suffolk Constabulary,0.866617,52.207275,On or near Gedding Road,E01030065,Mid Suffolk 006C,Criminal damage and arson,Unable to prosecute suspect,
4a0f51a3ce2dfefe9850b63ca8f19c6635643eb8685019590ffdda4acf3b286e,2026-04,Suffolk Constabulary,Suffolk Constabulary,0.866793,52.218413,On or near The Street,E01030065,Mid Suffolk 006C,Other theft,Under investigation,
e5d74e4ab77ecadfa985161affaa36280b4218944110153063395aa0de261ff9,2026-04,Suffolk Constabulary,Suffolk Constabulary,0.892257,52.190047,On or near Windyridge Road,E01030065,Mid Suffolk 006C,Violence and sexual offences,Action to be taken by another organisation,
b6ea095298f15d9861acfabfe04b88ab8e83c071a11c5923bd4c5ea8e78c3ea3,2026-04,Suffolk Constabulary,Suffolk Constabulary,0.866617,52.207275,On or near Gedding Road,E01030065,Mid Suffolk 006C,Violence and sexual offences,Awaiting court outcome,
95b9a19345d07b0199ec052cb51fe90fc62fb0b9860b7828ff26754edc3f2dfe,2026-04,Suffolk Constabulary,Suffolk Constabulary,0.836917,52.233012,On or near Tostock Road,E01030086,Mid Suffolk 006D,Other theft,Under investigation,
011a9735e710b055ce3e18ff7f4de2ce7d77ac6a1cad1f39041aca4d7ef839aa,2026-04,Suffolk Constabulary,Suffolk Constabulary,0.829227,52.236695,On or near Thurston Road,E01030086,Mid Suffolk 006D,Violence and sexual offences,Unable to prosecute suspect,
e94e9bb8e8ecf37d2a244649f5ec0335ed1d123cbb6ed7c6fb4a2799eddaa735,2026-04,Suffolk Constabulary,Suffolk Constabulary,0.833482,52.219560,On or near Lime Tree Close,E01030086,Mid Suffolk 006D,Other crime,Under investigation,
,2026-04,Suffolk Constabulary,Suffolk Constabulary,0.892929,52.220446,On or near Lanecroft,E01030089,Mid Suffolk 006E,Anti-social behaviour,,
f3fc15792755bfe613d47670d47335ba7772696e79411b23d6b8357552d0a2e2,2026-04,Suffolk Constabulary,Suffolk Constabulary,0.891526,52.224312,On or near Petrol Station,E01030089,Mid Suffolk 006E,Possession of weapons,Unable to prosecute suspect,
3072beebb49ad9dcfc3303bfbd94ae817627be70e943f6794aa2dca1caa19372,2026-04,Suffolk Constabulary,Suffolk Constabulary,0.889129,52.221906,On or near Green Road,E01030089,Mid Suffolk 006E,Violence and sexual offences,Under investigation,
3c4e3789231720bcf184768f3c08eaca658d65ea3c80727f3603520691eec5bc,2026-04,Suffolk Constabulary,Suffolk Constabulary,0.893859,52.222815,On or near Heath Road,E01030089,Mid Suffolk 006E,Violence and sexual offences,Unable to prosecute suspect,
8aada38c1811148e912011cc36bb7d066677f082d188bad2f252342c5e7befe2,2026-04,Suffolk Constabulary,Suffolk Constabulary,0.894176,52.223851,On or near Saffrons Close,E01030089,Mid Suffolk 006E,Violence and sexual offences,Unable to prosecute suspect,
f7b1aab0bc7bc64163db12b69a913905c1d1aa94af738b9f08cc2a4d0afb87d0,2026-04,Suffolk Constabulary,Suffolk Constabulary,0.893859,52.222815,On or near Heath Road,E01030089,Mid Suffolk 006E,Violence and sexual offences,Unable to prosecute suspect,
,2026-04,Suffolk Constabulary,Suffolk Constabulary,1.180627,52.227230,On or near Aspall Road,E01030048,Mid Suffolk 007A,Anti-social behaviour,,
f0671fc56bf38c97bafe45de12a2220f40dca385d0da2cf4e9e7c6273a512723,2026-04,Suffolk Constabulary,Suffolk Constabulary,1.173749,52.223413,On or near Sackvylle Street,E01030048,Mid Suffolk 007A,Violence and sexual offences,Unable to prosecute suspect,
c049277f1c2840d7c3a10ca815530a50722edd0c6b3f0cc6a383493290b8a750,2026-04,Suffolk Constabulary,Suffolk Constabulary,1.191977,52.185389,On or near New Road,E01030057,Mid Suffolk 007B,Burglary,Investigation complete; no suspect identified,
b089bcd0e58ccd2396171e467e708ffc8f0bd527169310cff609150a7d3cfbe1,2026-04,Suffolk Constabulary,Suffolk Constabulary,1.120877,52.144825,On or near High Street,E01030057,Mid Suffolk 007B,Burglary,Investigation complete; no suspect identified,
141e8f9797e3ec0be1ed04b7974a7f5d33c42c749cc38a5d7536329c2b215bc5,2026-04,Suffolk Constabulary,Suffolk Constabulary,1.141568,52.169386,On or near Stone Street,E01030057,Mid Suffolk 007B,Burglary,Investigation complete; no suspect identified,
ee3093803512cd136754edfcd246e77b0ddf0bde95e7b871b4424af74cba9d77,2026-04,Suffolk Constabulary,Suffolk Constabulary,1.079675,52.147483,On or near Petrol Station,E01030057,Mid Suffolk 007B,Violence and sexual offences,Unable to prosecute suspect,
b0787c57c8fb7fc4154f66992e8fbb24de1aa649c6e7b0ddf661e3fd99b2d95f,2026-04,Suffolk Constabulary,Suffolk Constabulary,1.079675,52.147483,On or near Petrol Station,E01030057,Mid Suffolk 007B,Violence and sexual offences,Unable to prosecute suspect,
a563a4e92d7e36540f94181b8626508c4e185a6eeb41ee1dfc5196aa0d64b9c5,2026-04,Suffolk Constabulary,Suffolk Constabulary,1.196443,52.150156,On or near Helmingham Road,E01030057,Mid Suffolk 007B,Other crime,Action to be taken by another organisation,
,2026-04,Suffolk Constabulary,Suffolk Constabulary,1.099424,52.199821,On or near Norwich Road,E01030083,Mid Suffolk 007C,Anti-social behaviour,,
bc96460891aae49c8610381ee692130bf87b1648b8ce26825240f2fb88eb9427,2026-04,Suffolk Constabulary,Suffolk Constabulary,1.068006,52.154244,On or near Parking Area,E01030083,Mid Suffolk 007C,Criminal damage and arson,Investigation complete; no suspect identified,
1e956ff89eef341e502210e637eb923a6fa2d809321007acbc6465e398700637,2026-04,Suffolk Constabulary,Suffolk Constabulary,1.135493,52.190944,On or near East End Road,E01030083,Mid Suffolk 007C,Other theft,Investigation complete; no suspect identified,
ade127cc9e1e62d24cfc76d6d99566bffee8022b024cccf2cc2a35ac6e7753b8,2026-04,Suffolk Constabulary,Suffolk Constabulary,1.123216,52.195955,On or near Scott'S Hill,E01030083,Mid Suffolk 007C,Other theft,Investigation complete; no suspect identified,
9b16c5a8fa94b4208a86ca846d1296c1809bd9c174500b94899c27f3cbd763fb,2026-04,Suffolk Constabulary,Suffolk Constabulary,1.059511,52.160428,On or near Flordon Road,E01030083,Mid Suffolk 007C,Vehicle crime,Awaiting court outcome,
2934c90a2ec4959fb160edba1fff5c7ba18e4546a8a4b1fa01a44d57d1141a30,2026-04,Suffolk Constabulary,Suffolk Constabulary,1.091674,52.199739,On or near Sports/Recreation Area,E01030083,Mid Suffolk 007C,Violence and sexual offences,Offender given a caution,
34c795e283c9d5277d38c55ab6f37e221f1c8fe3c56cc9466e58ee793617d52b,2026-04,Suffolk Constabulary,Suffolk Constabulary,1.092139,52.178589,On or near All Saints Road,E01030083,Mid Suffolk 007C,Violence and sexual offences,Action to be taken by another organisation,
1e0d10045aa17c08e9ad799a4910b12ddd6b99be7f5b2334d5f7d1d3a7d1d4fb,2026-04,Suffolk Constabulary,Suffolk Constabulary,1.099587,52.197109,On or near Mowness Hall Lane,E01030083,Mid Suffolk 007C,Violence and sexual offences,Under investigation,
3ea8e10865d0d2e924ef5c0ef1a4231550fcacab97c971fcfd78ab8604e1344b,2026-04,Suffolk Constabulary,Suffolk Constabulary,1.099424,52.199821,On or near Norwich Road,E01030083,Mid Suffolk 007C,Violence and sexual offences,Action to be taken by another organisation,
ce5e89b2fd092e0bc8fc78bb8a8f713467d1da32b21586f9c17bf44555547f0d,2026-04,Suffolk Constabulary,Suffolk Constabulary,1.092139,52.178589,On or near All Saints Road,E01030083,Mid Suffolk 007C,Violence and sexual offences,Unable to prosecute suspect,
a848a7aa3ffe2ea5ee85814ad62443bf2496485cd3a8c9e3a85120c902d1dd58,2026-04,Suffolk Constabulary,Suffolk Constabulary,1.059511,52.160428,On or near Flordon Road,E01030083,Mid Suffolk 007C,Violence and sexual offences,Unable to prosecute suspect,
ca9e982360eb8948a1385a62131a6bdd4d808389c30fce2b78e2846d3f51b2af,2026-04,Suffolk Constabulary,Suffolk Constabulary,1.099424,52.199821,On or near Norwich Road,E01030083,Mid Suffolk 007C,Violence and sexual offences,Under investigation,
aba07d6c6f079b87c7528c7445b47651ead6ff7eaad392e002e5819f65bde368,2026-04,Suffolk Constabulary,Suffolk Constabulary,1.123216,52.195955,On or near Scott'S Hill,E01030083,Mid Suffolk 007C,Other crime,Further investigation is not in the public interest,
,2026-04,Suffolk Constabulary,Suffolk Constabulary,1.136447,52.232730,On or near Park/Open Space,E01030087,Mid Suffolk 007D,Anti-social behaviour,,
,2026-04,Suffolk Constabulary,Suffolk Constabulary,1.101247,52.289385,On or near Huggins Lane,E01030087,Mid Suffolk 007D,Anti-social behaviour,,
6de4e40290d1cab171307e5e171d2bda7373fe9a89639972c9e5739c5a13c1b0,2026-04,Suffolk Constabulary,Suffolk Constabulary,1.114530,52.255039,On or near Hockey Hill,E01030087,Mid Suffolk 007D,Criminal damage and arson,Investigation complete; no suspect identified,
0123037a72bda96ac7b72e5da328b6fa13fcbf316bbf92548754c70388e28891,2026-04,Suffolk Constabulary,Suffolk Constabulary,1.136447,52.232730,On or near Park/Open Space,E01030087,Mid Suffolk 007D,Vehicle crime,Unable to prosecute suspect,
103939a40020b6eec874fdc83f5f136418aad4c46a7e28028585af3f5593a6c7,2026-04,Suffolk Constabulary,Suffolk Constabulary,1.100225,52.258168,On or near Brockford Road,E01030087,Mid Suffolk 007D,Violence and sexual offences,Unable to prosecute suspect,
,2026-04,Suffolk Constabulary,Suffolk Constabulary,0.991705,52.188133,On or near Kettlelea Court,E01030073,Mid Suffolk 008A,Anti-social behaviour,,
,2026-04,Suffolk Constabulary,Suffolk Constabulary,0.989037,52.188497,On or near B1115,E01030073,Mid Suffolk 008A,Anti-social behaviour,,
,2026-04,Suffolk Constabulary,Suffolk Constabulary,0.988413,52.187703,On or near Lucena Court,E01030073,Mid Suffolk 008A,Anti-social behaviour,,
b592d702de4582d8b3dfeda64b486ffa7fb44e2953378a271a44a8db0f458e86,2026-04,Suffolk Constabulary,Suffolk Constabulary,0.991705,52.188133,On or near Kettlelea Court,E01030073,Mid Suffolk 008A,Criminal damage and arson,Investigation complete; no suspect identified,
c5ee75d6f9bd9a34cbb32cb818e519f0a3a6ea58e3836c662893727218503e31,2026-04,Suffolk Constabulary,Suffolk Constabulary,0.991705,52.188133,On or near Kettlelea Court,E01030073,Mid Suffolk 008A,Drugs,Under investigation,
ef827e6ef6d1e9750da9ae136b9965b93d4b5f8e35f3f9f5b434003682a0bf8a,2026-04,Suffolk Constabulary,Suffolk Constabulary,0.988409,52.191355,On or near Kent Road,E01030073,Mid Suffolk 008A,Drugs,Under investigation,
0d49501717cb199bb5765c58cb2eafe88016500c316a66e0591336918ce8fd55,2026-04,Suffolk Constabulary,Suffolk Constabulary,0.987677,52.190042,On or near Recreation Road,E01030073,Mid Suffolk 008A,Robbery,Awaiting court outcome,
f1619ff26f96445147443c26d39770fecf3f14463abcfddda13d61879397462c,2026-04,Suffolk Constabulary,Suffolk Constabulary,0.985846,52.191977,On or near Lydgate Road,E01030073,Mid Suffolk 008A,Violence and sexual offences,Investigation complete; no suspect identified,
e6a9db3781af57f39daf98e480937c81e045690a0dfa6ce53476c379e3cda3a6,2026-04,Suffolk Constabulary,Suffolk Constabulary,0.992060,52.187323,On or near Parking Area,E01030073,Mid Suffolk 008A,Violence and sexual offences,Awaiting court outcome,
fe641a7b3a966b078cc13d867efb646fab166a55a69f4e5bdde5e7af382bd235,2026-04,Suffolk Constabulary,Suffolk Constabulary,0.989841,52.186093,On or near Seabreeze Road,E01030073,Mid Suffolk 008A,Violence and sexual offences,Unable to prosecute suspect,
12b233f131b10adc7608ba32101ef60fc4abf2b23d1790132aef3e351995a743,2026-04,Suffolk Constabulary,Suffolk Constabulary,0.992060,52.187323,On or near Parking Area,E01030073,Mid Suffolk 008A,Other crime,Under investigation,
909f5cda3af7d7d140ac4988b4d6836a680b668374e6b8d071cfbcb6a0c4ae07,2026-04,Suffolk Constabulary,Suffolk Constabulary,0.990973,52.189221,On or near Childer Road,E01030077,Mid Suffolk 008B,Bicycle theft,Unable to prosecute suspect,
1ad17c4a4c0c3401c4cec11dfda33b77b9445a6b86c420c1db9b194a4fe17756,2026-04,Suffolk Constabulary,Suffolk Constabulary,0.990635,52.190291,On or near Walnut Tree Walk,E01030077,Mid Suffolk 008B,Vehicle crime,Under investigation,
86d3314c47e1d602114e5edb99ea662b057b20b12116343e821ddad4d83e9a3c,2026-04,Suffolk Constabulary,Suffolk Constabulary,0.991992,52.191318,On or near Violet Hill Road,E01030077,Mid Suffolk 008B,Violence and sexual offences,Under investigation,
238948a3dc96095aa3c66f680d6c26ca8f4525789d7b790ccfd1c18696d263b5,2026-04,Suffolk Constabulary,Suffolk Constabulary,0.991992,52.191318,On or near Violet Hill Road,E01030077,Mid Suffolk 008B,Violence and sexual offences,Unable to prosecute suspect,
46f054906565395d63bd7ae107235b4fbcf70a0e1144e8c14bb33eef9be35585,2026-04,Suffolk Constabulary,Suffolk Constabulary,0.990635,52.190291,On or near Walnut Tree Walk,E01030077,Mid Suffolk 008B,Violence and sexual offences,Unable to prosecute suspect,
c6a72607678d789655856085e5ec353fc608005423b47be488d4f0390934feef,2026-04,Suffolk Constabulary,Suffolk Constabulary,0.990635,52.190291,On or near Walnut Tree Walk,E01030077,Mid Suffolk 008B,Violence and sexual offences,Under investigation,
7e5ea7d401d0b76857e49a3671f7ebc328eeb134cb105e2a0290b1644edfbe1b,2026-04,Suffolk Constabulary,Suffolk Constabulary,0.985530,52.192930,On or near Kingsmead Road,E01030077,Mid Suffolk 008B,Violence and sexual offences,Unable to prosecute suspect,
71b4e41972f5459bb5260aad589a9504a107285278cf456453576ec29e16b53b,2026-04,Suffolk Constabulary,Suffolk Constabulary,0.985530,52.192930,On or near Kingsmead Road,E01030077,Mid Suffolk 008B,Violence and sexual offences,Unable to prosecute suspect,
fed8d96a4f59a90edda76956eef1e01787eb0b0bcb4d93fd4307affa169e3315,2026-04,Suffolk Constabulary,Suffolk Constabulary,0.990635,52.190291,On or near Walnut Tree Walk,E01030077,Mid Suffolk 008B,Violence and sexual offences,Unable to prosecute suspect,
cff34f32055917b3f0c324555bacaa8a7d007d3cc8f0af23b008390cc9d9491c,2026-04,Suffolk Constabulary,Suffolk Constabulary,0.990059,52.192608,On or near Police Station,E01030077,Mid Suffolk 008B,Violence and sexual offences,Unable to prosecute suspect,
2b0c7c78a66045247af2cc4a10f4dc551d4abe16d0c184270d34aa1e27dffd7e,2026-04,Suffolk Constabulary,Suffolk Constabulary,0.991992,52.191318,On or near Violet Hill Road,E01030077,Mid Suffolk 008B,Violence and sexual offences,Unable to prosecute suspect,
ba321e6ebbadf9cef66f5d98f86ec05aca25bfa59f49242cf8be4cd7d2d57d1f,2026-04,Suffolk Constabulary,Suffolk Constabulary,0.991992,52.191318,On or near Violet Hill Road,E01030077,Mid Suffolk 008B,Violence and sexual offences,Unable to prosecute suspect,
ebda80db365e196e8e7807b0cfa11357c08cf0c072966856b6b2caebbf0b0b56,2026-04,Suffolk Constabulary,Suffolk Constabulary,0.991992,52.191318,On or near Violet Hill Road,E01030077,Mid Suffolk 008B,Violence and sexual offences,Unable to prosecute suspect,
e1b2be4f323de2be0c06f0223ba56cd1ac5a78b0bf66f89dda3bb73be88f5e4b,2026-04,Suffolk Constabulary,Suffolk Constabulary,0.991992,52.191318,On or near Violet Hill Road,E01030077,Mid Suffolk 008B,Violence and sexual offences,Under investigation,
4899504395adb2c5afe2d70eb1c3ed5a30d80b55dc92705ea84124cfa813e39a,2026-04,Suffolk Constabulary,Suffolk Constabulary,0.988613,52.175638,On or near The Twinnings,E01030079,Mid Suffolk 008C,Criminal damage and arson,Unable to prosecute suspect,
373ffce525d5fc60d7aa963cf07850a53b08475986f413c4e047e2a7d7e5df14,2026-04,Suffolk Constabulary,Suffolk Constabulary,0.988613,52.175638,On or near The Twinnings,E01030079,Mid Suffolk 008C,Violence and sexual offences,Unable to prosecute suspect,
938ad798886b61408da15e21f959b91b01977dd051a1ec6e609eeeb1f6323c8e,2026-04,Suffolk Constabulary,Suffolk Constabulary,0.989291,52.175711,On or near Verneuil Avenue,E01030079,Mid Suffolk 008C,Violence and sexual offences,Unable to prosecute suspect,
4dd64f503625409bf66d64d2aac8708069d950203982d74ed5bb0da6de7d4427,2026-04,Suffolk Constabulary,Suffolk Constabulary,0.988321,52.176743,On or near Farrier'S Road,E01030079,Mid Suffolk 008C,Violence and sexual offences,Unable to prosecute suspect,
145b0975276822ddc6c7ab0d0b4a4a27cc3876c130772d112b53c6958eab8f2f,2026-04,Suffolk Constabulary,Suffolk Constabulary,0.989291,52.175711,On or near Verneuil Avenue,E01030079,Mid Suffolk 008C,Violence and sexual offences,Unable to prosecute suspect,
eb1924813435463513eb69a5c07301270a2c318c95a6dd6086b1f4b1de12d4ed,2026-04,Suffolk Constabulary,Suffolk Constabulary,0.989291,52.175711,On or near Verneuil Avenue,E01030079,Mid Suffolk 008C,Violence and sexual offences,Unable to prosecute suspect,
55f5fe453b51efa54408fca61bbe34643d91553800087f94a93f58448c4be714,2026-04,Suffolk Constabulary,Suffolk Constabulary,0.989291,52.175711,On or near Verneuil Avenue,E01030079,Mid Suffolk 008C,Violence and sexual offences,Under investigation,
918fd6272f0ced7caf0977ad77fb8aacc370720cbc5e107dbf3d1e16aa42aa6a,2026-04,Suffolk Constabulary,Suffolk Constabulary,0.991203,52.177389,On or near Wayside Close,E01030080,Mid Suffolk 008D,Criminal damage and arson,Local resolution,
5293e7f2430cdb8cf9abb707172d5c3864ce9a86e9273d069b8b241a45513c9a,2026-04,Suffolk Constabulary,Suffolk Constabulary,0.998455,52.180461,On or near Petrol Station,E01030080,Mid Suffolk 008D,Shoplifting,Investigation complete; no suspect identified,
,2026-04,Suffolk Constabulary,Suffolk Constabulary,0.965372,52.190632,On or near Starhouse Lane,E01030063,Mid Suffolk 009A,Anti-social behaviour,,
,2026-04,Suffolk Constabulary,Suffolk Constabulary,0.965372,52.190632,On or near Starhouse Lane,E01030063,Mid Suffolk 009A,Anti-social behaviour,,
b67f78dd7344bdcbfadf7da0e8db04faee98a236995f63e1f59f9dbc63de9bd1,2026-04,Suffolk Constabulary,Suffolk Constabulary,0.965372,52.190632,On or near Starhouse Lane,E01030063,Mid Suffolk 009A,Public order,Local resolution,
86cd608461795323f213cb20f976ab31f4bfdd106a1e96c24fc22163dcbad22e,2026-04,Suffolk Constabulary,Suffolk Constabulary,0.961333,52.197677,On or near Northfield Road,E01030063,Mid Suffolk 009A,Violence and sexual offences,Under investigation,
f5cf9ad2c59e1b1f7cdc61c29f012c7bfbf49c99664ad44eb5a3b964cb78cde9,2026-04,Suffolk Constabulary,Suffolk Constabulary,0.965372,52.190632,On or near Starhouse Lane,E01030063,Mid Suffolk 009A,Violence and sexual offences,Action to be taken by another organisation,
037b331730319ca531e4092ccb10d1ccd441fbaaddbb79ca8c3bf14fc7ff4890,2026-04,Suffolk Constabulary,Suffolk Constabulary,0.970625,52.192380,On or near Union Road,E01030063,Mid Suffolk 009A,Violence and sexual offences,Unable to prosecute suspect,
133c8f2b0cb0a170366f341a8e24825a193e122b6ef74c1103a73ad0482dd6ca,2026-04,Suffolk Constabulary,Suffolk Constabulary,0.945487,52.182695,On or near St Andrews Close,E01030063,Mid Suffolk 009A,Other crime,Action to be taken by another organisation,
,2026-04,Suffolk Constabulary,Suffolk Constabulary,0.975129,52.190800,On or near Grebe Close,E01030072,Mid Suffolk 009C,Anti-social behaviour,,
,2026-04,Suffolk Constabulary,Suffolk Constabulary,0.975844,52.190333,On or near Drake Close,E01030072,Mid Suffolk 009C,Anti-social behaviour,,
6408daa2a6d9aec974d6ec3b4403529adc4be175ae258b8498c7a203dee7791c,2026-04,Suffolk Constabulary,Suffolk Constabulary,0.984035,52.192239,On or near Blackerby Close,E01030072,Mid Suffolk 009C,Drugs,Offender given a caution,
907b5402475bcb6b0fa0a2862c877e7d804caa02f72c3f954654c68a313769fc,2026-04,Suffolk Constabulary,Suffolk Constabulary,0.980633,52.190832,On or near Cavendish Road,E01030072,Mid Suffolk 009C,Public order,Under investigation,
aa549673abe17fc700afd25eef48315adaa4e5401b9a30f9674623912b81dfe2,2026-04,Suffolk Constabulary,Suffolk Constabulary,0.981579,52.192499,On or near Gainsborough Road,E01030072,Mid Suffolk 009C,Public order,Investigation complete; no suspect identified,
8c0625d3af2e437e5910e1436996aba5be481435f3f755eb434cb7cc06419900,2026-04,Suffolk Constabulary,Suffolk Constabulary,0.982997,52.192913,On or near Constable Way,E01030072,Mid Suffolk 009C,Violence and sexual offences,Unable to prosecute suspect,
e2ead9305e27dd5017ad2a090ce35e5b2e9666c2accec46ce888a1231b9f38a8,2026-04,Suffolk Constabulary,Suffolk Constabulary,0.981579,52.192499,On or near Gainsborough Road,E01030072,Mid Suffolk 009C,Violence and sexual offences,Investigation complete; no suspect identified,
cfa24ee7d57a1bb3d1bdb2d04951a17a9b8a0afe2ad81a578e558413828b3ab8,2026-04,Suffolk Constabulary,Suffolk Constabulary,0.976112,52.188644,On or near Meadow Close,E01030072,Mid Suffolk 009C,Violence and sexual offences,Unable to prosecute suspect,
,2026-04,Suffolk Constabulary,Suffolk Constabulary,0.978252,52.200956,On or near Shepherds Lane,E01030075,Mid Suffolk 009D,Anti-social behaviour,,
efb178ed52313e7fb0d3dc524a532cb75378a444edd80b01df06dbd0df0b0e59,2026-04,Suffolk Constabulary,Suffolk Constabulary,0.982460,52.199977,On or near Brooke Way,E01030075,Mid Suffolk 009D,Criminal damage and arson,Investigation complete; no suspect identified,
2c7754f19c2b3c02a5e48e8bd780a0b60cf3075ee2b26eea8e22f736779c3240,2026-04,Suffolk Constabulary,Suffolk Constabulary,0.976504,52.197358,On or near Sheridan Close,E01030075,Mid Suffolk 009D,Violence and sexual offences,Unable to prosecute suspect,
e7a5c048644250900f1f09c1b1ffe81cc404562bf30511535d75f6e4f2fe6f4f,2026-04,Suffolk Constabulary,Suffolk Constabulary,0.979046,52.201017,On or near Shepherds Lane,E01030075,Mid Suffolk 009D,Violence and sexual offences,Unable to prosecute suspect,
8c60587a2f314da4023a76e3b85fda2a28769638b913f70f6d97147ff9bfd33d,2026-04,Suffolk Constabulary,Suffolk Constabulary,0.981399,52.195283,On or near Spencer Way,E01030075,Mid Suffolk 009D,Violence and sexual offences,Under investigation,
23b6feff15bdf8b1a0a660511c066627e876c184db0e76d84880936411e592f4,2026-04,Suffolk Constabulary,Suffolk Constabulary,0.979046,52.201017,On or near Shepherds Lane,E01030075,Mid Suffolk 009D,Violence and sexual offences,Unable to prosecute suspect,
b3a148277539e6194b396ac030278ff89b4afcea6bb976719dca3cfc2dea8da9,2026-04,Suffolk Constabulary,Suffolk Constabulary,0.976560,52.196232,On or near Thackeray Grove,E01030075,Mid Suffolk 009D,Other crime,Under investigation,
0cf98b06db67d6ca661f6f6077b0b12482ac9a748990043f55b56e301d8e810d,2026-04,Suffolk Constabulary,Suffolk Constabulary,1.048966,52.157616,On or near Luff Meadow,E01030060,Mid Suffolk 010A,Criminal damage and arson,Unable to prosecute suspect,
a8aa36e7e2c2ad7f4a30ec71651eae3314b65692084af196668b65e6276afc6b,2026-04,Suffolk Constabulary,Suffolk Constabulary,1.044020,52.158859,On or near Steggall Close,E01030060,Mid Suffolk 010A,Other theft,Investigation complete; no suspect identified,
c37f4ab472c1ccbd290d0b28d9033dd468311540150c3f93978adeb76355d297,2026-04,Suffolk Constabulary,Suffolk Constabulary,1.046885,52.156915,On or near Cedar Walk,E01030060,Mid Suffolk 010A,Shoplifting,Investigation complete; no suspect identified,
20bf2654446d11286f4a67273f7a221b86ac42ac8b89e81ce412b18539ecef49,2026-04,Suffolk Constabulary,Suffolk Constabulary,1.048966,52.157616,On or near Luff Meadow,E01030060,Mid Suffolk 010A,Violence and sexual offences,Unable to prosecute suspect,
16aa2d0261efc51c14e950ed1711a7332f3d46c7e6c855abfe366ac03f5183ec,2026-04,Suffolk Constabulary,Suffolk Constabulary,1.046885,52.156915,On or near Cedar Walk,E01030060,Mid Suffolk 010A,Violence and sexual offences,Awaiting court outcome,
bc4a936c66aff174730d783f0fc8641c4df61c146904d50362b450fb5c21ff97,2026-04,Suffolk Constabulary,Suffolk Constabulary,1.046885,52.156915,On or near Cedar Walk,E01030060,Mid Suffolk 010A,Violence and sexual offences,Unable to prosecute suspect,
87475c225ffff69b8362fa6ba3d0dfc95508e4109bfa832f76873a494e45623c,2026-04,Suffolk Constabulary,Suffolk Constabulary,1.044020,52.158859,On or near Steggall Close,E01030060,Mid Suffolk 010A,Violence and sexual offences,Awaiting court outcome,
3888f8668a904dc01bab330a627df289055c4ce03f8e0e2dadf48ab662d98053,2026-04,Suffolk Constabulary,Suffolk Constabulary,1.046396,52.159598,On or near Freehold Road,E01030060,Mid Suffolk 010A,Other crime,Under investigation,
b97406aae58d8a64257b077c5706d203625b167b38c78e29615ba0cb4f6243e2,2026-04,Suffolk Constabulary,Suffolk Constabulary,0.995009,52.187446,On or near Crowe Street,E01030071,Mid Suffolk 010B,Bicycle theft,Investigation complete; no suspect identified,
ca74aa8e9386797ba11b814e88970f834eba568bc9fdad4802cad04eccfd8c54,2026-04,Suffolk Constabulary,Suffolk Constabulary,0.995009,52.187446,On or near Crowe Street,E01030071,Mid Suffolk 010B,Criminal damage and arson,Awaiting court outcome,
71a822c037085f1ff496954e14308b304b583b65c455ca2a2fc7b63568fb52cc,2026-04,Suffolk Constabulary,Suffolk Constabulary,0.995009,52.187446,On or near Crowe Street,E01030071,Mid Suffolk 010B,Criminal damage and arson,Awaiting court outcome,
8ec54060764aa84257014e330a5a730f833e25d117caaae0cde69528b9bf17df,2026-04,Suffolk Constabulary,Suffolk Constabulary,0.995508,52.186588,On or near Marriott'S Walk,E01030071,Mid Suffolk 010B,Criminal damage and arson,Investigation complete; no suspect identified,
0ff34074bbf13f10f3c3f8c5b97b5243200fa6dd1ed15f49dffef63c8cb23a97,2026-04,Suffolk Constabulary,Suffolk Constabulary,0.997816,52.186538,On or near Ipswich Street,E01030071,Mid Suffolk 010B,Drugs,Local resolution,
c754095da144ba3267ce1fb7ccaea9ecbbaf3df90d14c0b389514155712ce88a,2026-04,Suffolk Constabulary,Suffolk Constabulary,1.000560,52.186001,On or near Gipping Way,E01030071,Mid Suffolk 010B,Other theft,Investigation complete; no suspect identified,
ae3ba361f6c3fef54d0ae1b559d753abb5eeb46cdc28fa3252abfeb94fa5f2c4,2026-04,Suffolk Constabulary,Suffolk Constabulary,0.997816,52.186538,On or near Ipswich Street,E01030071,Mid Suffolk 010B,Public order,Unable to prosecute suspect,
a6d3dab8ac91fb20765d95073fce7ec060d64415afc3859845c0a3a34de690d2,2026-04,Suffolk Constabulary,Suffolk Constabulary,0.997816,52.186538,On or near Ipswich Street,E01030071,Mid Suffolk 010B,Public order,Unable to prosecute suspect,
6f8a2d8bb9df803568f2cc1a5e06c89c7f3a833bcfb6a48e1c99b67871725cc7,2026-04,Suffolk Constabulary,Suffolk Constabulary,0.995812,52.187736,On or near Theatre/Concert Hall,E01030071,Mid Suffolk 010B,Public order,Under investigation,
97741e78642734185407dab6ad3d9be50c968ad6f663d87492a6e8141b657272,2026-04,Suffolk Constabulary,Suffolk Constabulary,0.997740,52.186055,On or near Stricklands Road,E01030071,Mid Suffolk 010B,Public order,Unable to prosecute suspect,
4d763132875abd0af6d47753e2c9b8578e74f7f89fa5ca9d98b05afd079c71b1,2026-04,Suffolk Constabulary,Suffolk Constabulary,0.998508,52.182896,On or near Woodfield Drive,E01030071,Mid Suffolk 010B,Public order,Under investigation,
332e49f77297a36a6079c10f3ac247f8ab74f47d08a3056ddc4755f0236bec58,2026-04,Suffolk Constabulary,Suffolk Constabulary,0.999771,52.186660,On or near A1308,E01030071,Mid Suffolk 010B,Shoplifting,Awaiting court outcome,
12bf104b67e84a1919813cf4760cde7170d67a7cb9cdcc02d1c4ad94d5c0e2fa,2026-04,Suffolk Constabulary,Suffolk Constabulary,0.995812,52.187736,On or near Theatre/Concert Hall,E01030071,Mid Suffolk 010B,Shoplifting,Investigation complete; no suspect identified,
2653ea5e71868991eb190acc0000fbc0799a2c36fc1782ad7d249a94834a32ba,2026-04,Suffolk Constabulary,Suffolk Constabulary,1.000560,52.186001,On or near Gipping Way,E01030071,Mid Suffolk 010B,Shoplifting,Unable to prosecute suspect,
e3c97f5676fd655ce87a5e801cc9fc9f5c57f34be4dbea021b0df38fbfc16d2e,2026-04,Suffolk Constabulary,Suffolk Constabulary,0.995812,52.187736,On or near Theatre/Concert Hall,E01030071,Mid Suffolk 010B,Shoplifting,Investigation complete; no suspect identified,
31f1e8e89aff925a44b75bf34d2c091914ceec2957d25b999d064a915750f4b1,2026-04,Suffolk Constabulary,Suffolk Constabulary,0.995812,52.187736,On or near Theatre/Concert Hall,E01030071,Mid Suffolk 010B,Shoplifting,Local resolution,
5343cf3d222dbdf6b004ed475735b9615f03a56ec76875fb2b0f28f930c055af,2026-04,Suffolk Constabulary,Suffolk Constabulary,0.995812,52.187736,On or near Theatre/Concert Hall,E01030071,Mid Suffolk 010B,Shoplifting,Investigation complete; no suspect identified,
e357affefa2814f1bce82cb33a11dbef896c103058e88a2694716e231e523fa0,2026-04,Suffolk Constabulary,Suffolk Constabulary,0.997740,52.186055,On or near Stricklands Road,E01030071,Mid Suffolk 010B,Violence and sexual offences,Under investigation,
c0ae9edb87c5520e4f09473097842dcb2bc8fa1a536aba185d73fc206f8edcfc,2026-04,Suffolk Constabulary,Suffolk Constabulary,0.995508,52.186588,On or near Marriott'S Walk,E01030071,Mid Suffolk 010B,Violence and sexual offences,Unable to prosecute suspect,
d999fc7c0f6021274236f94d4b1f3e56d9f2da22962aec09f992a0bb90adc402,2026-04,Suffolk Constabulary,Suffolk Constabulary,0.995508,52.186588,On or near Marriott'S Walk,E01030071,Mid Suffolk 010B,Violence and sexual offences,Unable to prosecute suspect,
ba4df1f49aeb6a156740f92aafad7efe0318783325723777bc983bb4d8b62559,2026-04,Suffolk Constabulary,Suffolk Constabulary,0.997816,52.186538,On or near Ipswich Street,E01030071,Mid Suffolk 010B,Violence and sexual offences,Under investigation,
bba5f7a51f246b1083080949cad0643de39075faac04db6650b104868d4ba10e,2026-04,Suffolk Constabulary,Suffolk Constabulary,0.995009,52.187446,On or near Crowe Street,E01030071,Mid Suffolk 010B,Violence and sexual offences,Under investigation,
4bfdf10f254bd51993f52b5737cf2e88b12e17b011cd3a4581b68db9cdcf480b,2026-04,Suffolk Constabulary,Suffolk Constabulary,0.995508,52.186588,On or near Marriott'S Walk,E01030071,Mid Suffolk 010B,Violence and sexual offences,Local resolution,
c2221dceb173a0420616564dd1a9abe08a93d5b90f7b93a8d0ec64a6cd84dcda,2026-04,Suffolk Constabulary,Suffolk Constabulary,0.997655,52.195005,On or near Spring Row,E01030076,Mid Suffolk 010D,Criminal damage and arson,Unable to prosecute suspect,
7e9113c77b9473a33a51789968c2f7bfa28edb268d3faa36562888286ba85ca7,2026-04,Suffolk Constabulary,Suffolk Constabulary,0.993396,52.194790,On or near The Osiers,E01030076,Mid Suffolk 010D,Shoplifting,Investigation complete; no suspect identified,
07bb888004a62fb91738466ef5370a08b8bfca310d9c8f11079242c06941c053,2026-04,Suffolk Constabulary,Suffolk Constabulary,0.989602,52.196910,On or near St Edmunds Close,E01030076,Mid Suffolk 010D,Violence and sexual offences,Unable to prosecute suspect,
4487a767443cb3d7f5131af452f7d37b289a9059630ad8d086586a43c11368a5,2026-04,Suffolk Constabulary,Suffolk Constabulary,0.997655,52.195005,On or near Spring Row,E01030076,Mid Suffolk 010D,Violence and sexual offences,Unable to prosecute suspect,
2dc66c0e034bf628fe93b41764f50f3f6601f2a63aacbe046138147657018bab,2026-04,Suffolk Constabulary,Suffolk Constabulary,1.001639,52.176395,On or near Chelsworth Way,E01030078,Mid Suffolk 010E,Public order,Unable to prosecute suspect,
c3ac58e4709292467e3612d3852a257b270fa26645608642da8ac32e839b445e,2026-04,Suffolk Constabulary,Suffolk Constabulary,1.013433,52.177731,On or near A1120,E01030078,Mid Suffolk 010E,Violence and sexual offences,Investigation complete; no suspect identified,
c4063db80ff216e73cd172298e5d848e2a8a73280cd7f730074f8221d35b9140,2026-04,Suffolk Constabulary,Suffolk Constabulary,1.008951,52.176578,On or near Needham Road,E01030078,Mid Suffolk 010E,Violence and sexual offences,Under investigation,
7c6265e62f624498fa2c668969a583e941bd6312ef28f2417126a66a0a40c748,2026-04,Suffolk Constabulary,Suffolk Constabulary,1.008951,52.176578,On or near Needham Road,E01030078,Mid Suffolk 010E,Violence and sexual offences,Unable to prosecute suspect,
83c8546ae5a638a3d10a7d8224fe2c1f9ccf2bf3c9af9d096166b2ddaf249ebc,2026-04,Suffolk Constabulary,Suffolk Constabulary,1.004204,52.177553,On or near Aldham Gardens,E01030078,Mid Suffolk 010E,Violence and sexual offences,Under investigation,
0c4bb24123a80d69b1885bd7efbefab65c35087cc0d31b6f17e794b8347a0065,2026-04,Suffolk Constabulary,Suffolk Constabulary,1.008951,52.176578,On or near Needham Road,E01030078,Mid Suffolk 010E,Violence and sexual offences,Under investigation,
c7602833c063fd77f611bc966f6e4518cb9c1001ded6303cff1c9b2f45574ccc,2026-04,Suffolk Constabulary,Suffolk Constabulary,1.013433,52.177731,On or near A1120,E01030078,Mid Suffolk 010E,Other crime,Unable to prosecute suspect,
d7f3c18f80b4c06db8b109a4143511fca53893f65e7847bc9c017c00b9aa7350,2026-04,Suffolk Constabulary,Suffolk Constabulary,1.012905,52.189616,On or near Pintail Road,E01033316,Mid Suffolk 010F,Criminal damage and arson,Investigation complete; no suspect identified,
152a9f1a44136fa3bedb4bc149b25a47e8a33a84f3177fe94a30e90a7dd537b9,2026-04,Suffolk Constabulary,Suffolk Constabulary,1.005416,52.192478,On or near Egret Drive,E01033316,Mid Suffolk 010F,Violence and sexual offences,Awaiting court outcome,
6aba2138302419f19e84c7df6c3854dfdf3400cca8b7616a35cbdd0153ed1989,2026-04,Suffolk Constabulary,Suffolk Constabulary,1.005416,52.192478,On or near Egret Drive,E01033316,Mid Suffolk 010F,Violence and sexual offences,Unable to prosecute suspect,
2275ee0d3debc15fc6739419f9419168b9e9c6c518dfdc3dc95ac47796c4dc6f,2026-04,Suffolk Constabulary,Suffolk Constabulary,1.006653,52.191512,On or near Wagtail Drive,E01033316,Mid Suffolk 010F,Violence and sexual offences,Under investigation,
5c2213e91d27239ca0b9c18aa22aba444ce9d5ef0d8b922cdbb8759cb58a05c5,2026-04,Suffolk Constabulary,Suffolk Constabulary,1.010656,52.189674,On or near Kittiwake Court,E01033316,Mid Suffolk 010F,Violence and sexual offences,Under investigation,
ef21663a1376ccb1d4caa689b3b057145ead93d29c226d4c380de885a8a471f1,2026-04,Suffolk Constabulary,Suffolk Constabulary,1.006653,52.191512,On or near Wagtail Drive,E01033316,Mid Suffolk 010F,Violence and sexual offences,Unable to prosecute suspect,
21f859a2a94afe60f14c13f6699c66822c9c0561c80fc1123b376dc04b0df84a,2026-04,Suffolk Constabulary,Suffolk Constabulary,1.005416,52.192478,On or near Egret Drive,E01033316,Mid Suffolk 010F,Violence and sexual offences,Awaiting court outcome,
ead545cd20a6add82715a60196160fe65542b2ae8b32e26494b63ac8677864c4,2026-04,Suffolk Constabulary,Suffolk Constabulary,1.010542,52.191673,On or near Jackdaw Close,E01033316,Mid Suffolk 010F,Violence and sexual offences,Investigation complete; no suspect identified,
b7cf6c647d00840c7e9528d537c4e0244026a561f53ad58af88d8d67f7b3a15a,2026-04,Suffolk Constabulary,Suffolk Constabulary,1.012905,52.189616,On or near Pintail Road,E01033316,Mid Suffolk 010F,Violence and sexual offences,Investigation complete; no suspect identified,
a13752f1df4b7735155f36e6079ae6b14195cebcb4517cbb9af2a71a30bfc346,2026-04,Suffolk Constabulary,Suffolk Constabulary,1.010542,52.191673,On or near Jackdaw Close,E01033316,Mid Suffolk 010F,Violence and sexual offences,Offender given a caution,
d5dd4c4d1df6e5833ddd2a05b68f52ce46b72943a605500129de4a1b1e257021,2026-04,Suffolk Constabulary,Suffolk Constabulary,1.006653,52.191512,On or near Wagtail Drive,E01033316,Mid Suffolk 010F,Violence and sexual offences,Under investigation,
c628eb1b04a6e496cac8777e8200f3fbb63a19bdc565f8adcaf4dc18e097f3f6,2026-04,Suffolk Constabulary,Suffolk Constabulary,1.005416,52.192478,On or near Egret Drive,E01033316,Mid Suffolk 010F,Other crime,Awaiting court outcome,
5071a190e7f19ac9486d29c7f02583a4763924c2542ffbdb02678abbf45a181a,2026-04,Suffolk Constabulary,Suffolk Constabulary,1.013428,52.186968,On or near Puffin Court,E01033317,Mid Suffolk 010G,Criminal damage and arson,Investigation complete; no suspect identified,
a37f3f19ad33e42d8208e3ce64e8cef836a8249c1b540f67513083f00da0db13,2026-04,Suffolk Constabulary,Suffolk Constabulary,0.994437,52.191769,On or near A1308,E01033317,Mid Suffolk 010G,Public order,Investigation complete; no suspect identified,
675faf9e334a20074b3c1287cf41400376c7085588bc645debe1b44101352ac2,2026-04,Suffolk Constabulary,Suffolk Constabulary,1.013428,52.186968,On or near Puffin Court,E01033317,Mid Suffolk 010G,Violence and sexual offences,Unable to prosecute suspect,
f29b9633efe0c42ea2663fd86d920db75110398ee43b5623dade499cde508db8,2026-04,Suffolk Constabulary,Suffolk Constabulary,1.002824,52.190287,On or near Edinburgh Close,E01033317,Mid Suffolk 010G,Violence and sexual offences,Under investigation,
0bcfc59cdc0e88ae9688de5dad346b7f2d42067e91f224aaabc725d8042046e4,2026-04,Suffolk Constabulary,Suffolk Constabulary,0.994485,52.189438,On or near Thurlow Court,E01033317,Mid Suffolk 010G,Violence and sexual offences,Under investigation,
2a781ac1825c8f2ff3978ac10005ae370316a03386b509d923399054efb1823e,2026-04,Suffolk Constabulary,Suffolk Constabulary,1.009007,52.190606,On or near Guillemot Close,E01033319,Mid Suffolk 010H,Violence and sexual offences,Investigation complete; no suspect identified,
,2026-04,Suffolk Constabulary,Suffolk Constabulary,1.047650,52.094695,On or near Park Cottages,E01030041,Mid Suffolk 011A,Anti-social behaviour,,
,2026-04,Suffolk Constabulary,Suffolk Constabulary,1.040677,52.098014,On or near Chapel Lane,E01030041,Mid Suffolk 011A,Anti-social behaviour,,
,2026-04,Suffolk Constabulary,Suffolk Constabulary,1.055768,52.117104,On or near Link Lane,E01030041,Mid Suffolk 011A,Anti-social behaviour,,
,2026-04,Suffolk Constabulary,Suffolk Constabulary,1.035127,52.144852,On or near The Causeway,E01030041,Mid Suffolk 011A,Anti-social behaviour,,
1d74bb1d7169a45d5acc908207d8ee84b106aadacb59edb7a25fd684c806e4c5,2026-04,Suffolk Constabulary,Suffolk Constabulary,1.080846,52.129716,On or near Lower Street,E01030041,Mid Suffolk 011A,Violence and sexual offences,Action to be taken by another organisation,
1e89d0eefdd1aed596cfaec31fd0dc965166b14165cae7a5a49debeb27954d70,2026-04,Suffolk Constabulary,Suffolk Constabulary,1.035127,52.144852,On or near The Causeway,E01030041,Mid Suffolk 011A,Violence and sexual offences,Investigation complete; no suspect identified,
4101b36ddcf31348e0b499fdeb43b5a5284a3d2f3eaf595169acb71be33b9452,2026-04,Suffolk Constabulary,Suffolk Constabulary,1.035711,52.140979,On or near Parson'S Lane,E01030041,Mid Suffolk 011A,Violence and sexual offences,Under investigation,
e27ba2693aff08dc2eede415e2404e96856cbc463ece5c92269ad328ab612821,2026-04,Suffolk Constabulary,Suffolk Constabulary,1.100811,52.107455,On or near Chapel Lane,E01030043,Mid Suffolk 011B,Criminal damage and arson,Investigation complete; no suspect identified,
386546ac555b929330b228e37d826db41994f1259b4a4ca6844c7146c163619a,2026-04,Suffolk Constabulary,Suffolk Constabulary,1.100811,52.107455,On or near Chapel Lane,E01030043,Mid Suffolk 011B,Vehicle crime,Investigation complete; no suspect identified,
c4cc8ba858633c9311da343fd267a2c09a8591a9b4cfb9bd5c404581c0514ea5,2026-04,Suffolk Constabulary,Suffolk Constabulary,1.095645,52.111737,On or near Moses Walk,E01030043,Mid Suffolk 011B,Violence and sexual offences,Investigation complete; no suspect identified,
527326788494470a7ce8fd8de8dcdb86b5406993c81cf6bbf90f304c8ed2f299,2026-04,Suffolk Constabulary,Suffolk Constabulary,1.090931,52.114757,On or near Kingfisher Drive,E01030043,Mid Suffolk 011B,Violence and sexual offences,Unable to prosecute suspect,
f63002cf860be303df3ca43e093434e5008e2edb14d39ee0026b1aef9a062793,2026-04,Suffolk Constabulary,Suffolk Constabulary,1.099325,52.110471,On or near Gipping Road,E01030043,Mid Suffolk 011B,Violence and sexual offences,Unable to prosecute suspect,
,2026-04,Suffolk Constabulary,Suffolk Constabulary,1.045496,52.153920,On or near Ranson Road,E01030061,Mid Suffolk 011C,Anti-social behaviour,,
,2026-04,Suffolk Constabulary,Suffolk Constabulary,1.045496,52.153920,On or near Ranson Road,E01030061,Mid Suffolk 011C,Anti-social behaviour,,
5f642d03e52e4cac52f559bd0d3ae7793ea1e4fb17612d6105794193120ebf98,2026-04,Suffolk Constabulary,Suffolk Constabulary,1.050326,52.153138,On or near The Causeway,E01030061,Mid Suffolk 011C,Bicycle theft,Investigation complete; no suspect identified,
797918a23aaa6a92f2539bdfa69b07437295097ba445e3448e9d1be8b935515b,2026-04,Suffolk Constabulary,Suffolk Constabulary,1.050326,52.153138,On or near The Causeway,E01030061,Mid Suffolk 011C,Bicycle theft,Investigation complete; no suspect identified,
3b34ae6732f4c489a2bd72c58276f9cb92635335fd719ccf22487ce321c8ae63,2026-04,Suffolk Constabulary,Suffolk Constabulary,1.051662,52.153859,On or near High Street,E01030061,Mid Suffolk 011C,Criminal damage and arson,Investigation complete; no suspect identified,
533f907332f8ad5e53765c9b4465a8f60c8c797e82da36e468f118ff5635ac8e,2026-04,Suffolk Constabulary,Suffolk Constabulary,1.053393,52.149748,On or near Supermarket,E01030061,Mid Suffolk 011C,Criminal damage and arson,Investigation complete; no suspect identified,
a710ae5036aa736e776bc56accf2c05c898cde874c57524d1d3772681cf64a46,2026-04,Suffolk Constabulary,Suffolk Constabulary,1.053420,52.153265,On or near Jubilee Crescent,E01030061,Mid Suffolk 011C,Other theft,Investigation complete; no suspect identified,
5777b442168376d548ad1838c2b726dd223ed6a6ce125824fb46ae76ea36cfa6,2026-04,Suffolk Constabulary,Suffolk Constabulary,1.046802,52.151638,On or near Quinton Road,E01030061,Mid Suffolk 011C,Public order,Action to be taken by another organisation,
9200c7f8e6c1fc3e0794262cc29ee9b129e832c0ade2e2c0f74d432a23349645,2026-04,Suffolk Constabulary,Suffolk Constabulary,1.050326,52.153138,On or near The Causeway,E01030061,Mid Suffolk 011C,Vehicle crime,Investigation complete; no suspect identified,
a4ac422f238990525838d342d1d3ca13a9c0723e6946ed3c480b5935e33b86d7,2026-04,Suffolk Constabulary,Suffolk Constabulary,1.050326,52.153138,On or near The Causeway,E01030061,Mid Suffolk 011C,Violence and sexual offences,Local resolution,
ff829967ad01146883f568d1e69a0a08fce01c0f4100ffcd853b333d497a6444,2026-04,Suffolk Constabulary,Suffolk Constabulary,1.046802,52.151638,On or near Quinton Road,E01030061,Mid Suffolk 011C,Violence and sexual offences,Unable to prosecute suspect,
8c9be924d9b71635d9bf10454923d9460abcf17ae173135552fbaa81b697ca72,2026-04,Suffolk Constabulary,Suffolk Constabulary,1.046802,52.151638,On or near Quinton Road,E01030061,Mid Suffolk 011C,Violence and sexual offences,Unable to prosecute suspect,
654b44cf1a36ae9aec4f1e08db6da745882a83af6e7b897459c89f1e063bd0cb,2026-04,Suffolk Constabulary,Suffolk Constabulary,1.051684,52.153390,On or near Shopping Area,E01030061,Mid Suffolk 011C,Violence and sexual offences,Unable to prosecute suspect,
2508925eef2995f5d6ed2dc4ced054d3c48dd6cb746cc33ca4031de46539ae54,2026-04,Suffolk Constabulary,Suffolk Constabulary,1.050493,52.155580,On or near King William Street,E01030061,Mid Suffolk 011C,Violence and sexual offences,Investigation complete; no suspect identified,
2deabef6528f078b37ec8bd89748fe8d1573c382eb4b88d130399f810044bb3b,2026-04,Suffolk Constabulary,Suffolk Constabulary,1.046802,52.151638,On or near Quinton Road,E01030061,Mid Suffolk 011C,Violence and sexual offences,Unable to prosecute suspect,
5b1bdef76b8d5382aec5c9bb36f86277699aa8c0d00f0fda7f44c3f7a69c9ae7,2026-04,Suffolk Constabulary,Suffolk Constabulary,1.051662,52.153859,On or near High Street,E01030061,Mid Suffolk 011C,Violence and sexual offences,Action to be taken by another organisation,
7ad6daf1e4ab887ffda27b7be01f1fcf6fa37d52f45e3c251419cc371b8be0a8,2026-04,Suffolk Constabulary,Suffolk Constabulary,0.970216,52.125659,On or near Valley Road,E01030070,Mid Suffolk 011E,Other theft,Under investigation,
6f0a781299f09967c5a4bf1ea777868cf6989893f4508722401f8161dd0f824c,2026-04,Suffolk Constabulary,Suffolk Constabulary,0.970631,52.127510,On or near Pine Square,E01030070,Mid Suffolk 011E,Violence and sexual offences,Local resolution,
96ef9472e1073ddc6588771fdeaf1fa042c5046414a93dd41aae1075a3b760e2,2026-04,Suffolk Constabulary,Suffolk Constabulary,0.991787,52.123323,On or near Lower Farm Road,E01030070,Mid Suffolk 011E,Violence and sexual offences,Action to be taken by another organisation,
8b1b315e8a6168e2f5dd1fdc509d4b4322df2c8652cb0b5991959a6fe616e7ca,2026-04,Suffolk Constabulary,Suffolk Constabulary,0.970216,52.125659,On or near Valley Road,E01030070,Mid Suffolk 011E,Violence and sexual offences,Under investigation,
b7b5ef24e51f0b0de896585a673dd98cd6f1d9dc6ce9eb730139c35f714fe269,2026-04,Suffolk Constabulary,Suffolk Constabulary,0.978322,52.115750,On or near The Street,E01030070,Mid Suffolk 011E,Other crime,Investigation complete; no suspect identified,
27e06fee56992a13e7412beeacf84e6993fd567bf7448a211c8d15ef6de08132,2026-04,Suffolk Constabulary,Suffolk Constabulary,0.978322,52.115750,On or near The Street,E01030070,Mid Suffolk 011E,Other crime,Investigation complete; no suspect identified,
,2026-04,Suffolk Constabulary,Suffolk Constabulary,1.093602,52.080978,On or near Kentons Road,E01030042,Mid Suffolk 012A,Anti-social behaviour,,
e3635d3dfdd89daa223484b39bab1c0a164388a3e7860c5be3f46128f672e719,2026-04,Suffolk Constabulary,Suffolk Constabulary,1.042364,52.081395,On or near Tye Lane,E01030042,Mid Suffolk 012A,Burglary,Investigation complete; no suspect identified,
d90e84248c5b4ee7aa0f18d9fffb06877bf5bc47afacf85f838d4e29f2006658,2026-04,Suffolk Constabulary,Suffolk Constabulary,1.094101,52.087079,On or near Park/Open Space,E01030042,Mid Suffolk 012A,Criminal damage and arson,Unable to prosecute suspect,
c5943d67bfa21656a8e962eb126acf6b0308b94d402ad2539b787d383787236d,2026-04,Suffolk Constabulary,Suffolk Constabulary,1.107783,52.078131,On or near Limes Avenue,E01030042,Mid Suffolk 012A,Criminal damage and arson,Unable to prosecute suspect,
f3e1f0dab4006b032dc16bf43a87852233bf97b0811cd01c1cd9fa6459a92f77,2026-04,Suffolk Constabulary,Suffolk Constabulary,1.093602,52.080978,On or near Kentons Road,E01030042,Mid Suffolk 012A,Other theft,Investigation complete; no suspect identified,
1362f814c163a6a91f3c264372bcb03efc9e861e16c0e4fe3ac7bb03c1291129,2026-04,Suffolk Constabulary,Suffolk Constabulary,1.096703,52.073063,On or near Fitzgerald Road,E01030042,Mid Suffolk 012A,Violence and sexual offences,Unable to prosecute suspect,
25093f6074ce1e05e873b4916f219d4f8a9cd220e86a92488f621e1bd57ab02e,2026-04,Suffolk Constabulary,Suffolk Constabulary,1.107783,52.078131,On or near Limes Avenue,E01030042,Mid Suffolk 012A,Violence and sexual offences,Under investigation,
0e996ffc1eaac0a08a18497135e5c7e05e7cbb2c5f557dc8f21a1cd0087ae85b,2026-04,Suffolk Constabulary,Suffolk Constabulary,1.099922,52.072969,On or near Vicarage Close,E01030042,Mid Suffolk 012A,Violence and sexual offences,Under investigation,
75726823b10d0ef99420386b38546fa9cf3a8cf75fde766d226a64605043bbcc,2026-04,Suffolk Constabulary,Suffolk Constabulary,1.097433,52.079393,On or near Flindell Drive,E01030044,Mid Suffolk 012B,Criminal damage and arson,Investigation complete; no suspect identified,
f102825c9d5d7cadebf2cfed9a7f287ebe75228885fd1da06c450ad803e87793,2026-04,Suffolk Constabulary,Suffolk Constabulary,1.098791,52.077496,On or near Bushman Gardens,E01030044,Mid Suffolk 012B,Other crime,Further investigation is not in the public interest,
006a719fb5efd3aadad5ec68dba1dff50dd085f2130988c1499bb9752f2c0c33,2026-04,Suffolk Constabulary,Suffolk Constabulary,1.112351,52.107897,On or near York Crescent,E01030045,Mid Suffolk 012C,Other theft,Investigation complete; no suspect identified,
f27cdd5fd604bf3237c862658513d25c86787169386bc2a30b0833deba8704de,2026-04,Suffolk Constabulary,Suffolk Constabulary,1.110764,52.104827,On or near Morgan Court,E01030045,Mid Suffolk 012C,Other theft,Unable to prosecute suspect,
ff1dc948c21f308b6d37b6054c8763d2bb2f7cc5a6a0f55140b53007f0651fee,2026-04,Suffolk Constabulary,Suffolk Constabulary,1.118387,52.110247,On or near Hereford Drive,E01030045,Mid Suffolk 012C,Violence and sexual offences,Unable to prosecute suspect,
04e8dbefa0e58193243cabad0d433fd1bbceaaaf214bd325cf63a9f9a6d0dca2,2026-04,Suffolk Constabulary,Suffolk Constabulary,1.115530,52.105304,On or near Poplar Close,E01030045,Mid Suffolk 012C,Violence and sexual offences,Investigation complete; no suspect identified,
69be7986f3d3a97ab80b1e292ad91c7fd1783d74352d2c3e81a8dd0cfb072721,2026-04,Suffolk Constabulary,Suffolk Constabulary,1.118387,52.110247,On or near Hereford Drive,E01030045,Mid Suffolk 012C,Violence and sexual offences,Unable to prosecute suspect,
fd9da81b5008e07a5a229df12349907f87bbde344782ec184295fe744041f8a7,2026-04,Suffolk Constabulary,Suffolk Constabulary,1.115910,52.103432,On or near Willow Close,E01030045,Mid Suffolk 012C,Violence and sexual offences,Unable to prosecute suspect,
3b35e600f81fd8bb4e67eaae38ad691a99ce3d5219469811e3a2e5c1eafa47bd,2026-04,Suffolk Constabulary,Suffolk Constabulary,1.114798,52.130200,On or near Sandy Lane,E01030046,Mid Suffolk 012D,Violence and sexual offences,Under investigation,
6f5074d5244b41d1a243c0e2c315fb87b99476d80f25af591a0ae29a3d4d73d2,2026-04,Suffolk Constabulary,Suffolk Constabulary,1.116201,52.112418,On or near Glebe Way,E01030046,Mid Suffolk 012D,Violence and sexual offences,Unable to prosecute suspect,
c8150e1513388d9ca791a2f37e49784d08941c19f9ab23aae4be1611f586d2ba,2026-04,Suffolk Constabulary,Suffolk Constabulary,1.116201,52.112418,On or near Glebe Way,E01030046,Mid Suffolk 012D,Violence and sexual offences,Unable to prosecute suspect,
b840303c9a0588ea56b4dcc9acb9e09bbf7fee63f549ee1f8c36bb22bae1c8d4,2026-04,Suffolk Constabulary,Suffolk Constabulary,1.102475,52.120902,On or near Shrubland Close,E01030046,Mid Suffolk 012D,Violence and sexual offences,Under investigation,
b4fe4f40f6262b929184d43c7a16e5d3034385f4ab71197263de51ab1f9a3186,2026-04,Suffolk Constabulary,Suffolk Constabulary,1.116201,52.112418,On or near Glebe Way,E01030046,Mid Suffolk 012D,Violence and sexual offences,Unable to prosecute suspect,
c0a5bcdd371b86e153f3707b74dcd43114cd9c1119306ddf5c0e76599c5badd3,2026-04,Suffolk Constabulary,Suffolk Constabulary,1.109135,52.111013,On or near Parking Area,E01030047,Mid Suffolk 012E,Violence and sexual offences,Under investigation,
9f62055d327254eeb48c89b0e5b3746e924997230725476223eaec51c7893262,2026-04,Suffolk Constabulary,Suffolk Constabulary,1.109135,52.111013,On or near Parking Area,E01030047,Mid Suffolk 012E,Violence and sexual offences,Under investigation,
99dce0135a675060807d0d63cf5303c8727fec8e163998efac4231e4c2d4562e,2026-04,Suffolk Constabulary,Suffolk Constabulary,-1.402702,53.169538,On or near Florence Road,E01034648,North East Derbyshire 012E,Criminal damage and arson,Under investigation,
7a897ade74711d7fc70fe96be8403776a27088514654192dcd0c9aac5eeeebb8,2026-04,Suffolk Constabulary,Suffolk Constabulary,-0.399807,53.000059,On or near St Giles Avenue,E01026232,North Kesteven 010D,Violence and sexual offences,Under investigation,
40bc4cd7bbf80de57c497569c801c82a23a1d54a2624eea707550bade8995f5c,2026-04,Suffolk Constabulary,Suffolk Constabulary,1.466279,52.703104,On or near Pinewood Drive,E01026769,North Norfolk 014B,Violence and sexual offences,Under investigation,
aa733722102984ccb0342c411d23c61ede8efe927c87dbf8acdf443b8c87d4bc,2026-04,Suffolk Constabulary,Suffolk Constabulary,1.515036,52.702548,On or near Hall Road,E01026784,North Norfolk 014D,Possession of weapons,Unable to prosecute suspect,
d0d8c0717ba7874c5042d7144b17d5e39cfcdd523520e21c9cac2f1bac6ff982,2026-04,Suffolk Constabulary,Suffolk Constabulary,-1.923101,55.123163,On or near Parking Area,E01027447,Northumberland 015A,Violence and sexual offences,Under investigation,
39017642e7b386eb67867b2630b3f596a5b93ec7397ed7bd850c147ffafccaf6,2026-04,Suffolk Constabulary,Suffolk Constabulary,0.069640,51.577309,On or near Headley Approach,E01003653,Redbridge 015D,Violence and sexual offences,Unable to prosecute suspect,
615ec74ce7b2448289d7728652a1083477beadf791abc412cac4a51986595f01,2026-04,Suffolk Constabulary,Suffolk Constabulary,0.620247,51.620516,On or near Burnham Road,E01021944,Rochford 001C,Violence and sexual offences,Under investigation,
2a27b6cce2be6fa68dfde270b33475122c8a253c1e88cd67fc56b475bda06735,2026-04,Suffolk Constabulary,Suffolk Constabulary,1.420267,52.452465,On or near Princess Way,E01026894,South Norfolk 012C,Violence and sexual offences,Unable to prosecute suspect,
946d84bbda151e66be5db56d1f59696256f61658383185c7c8d9c7f0336b8f42,2026-04,Suffolk Constabulary,Suffolk Constabulary,1.420229,52.449507,On or near Granary Close,E01026894,South Norfolk 012C,Other crime,Under investigation,
47af15bbf082c7166175679ce0ebc5ecffd1ceda356f435fa6eed46dbd5204b9,2026-04,Suffolk Constabulary,Suffolk Constabulary,1.187265,52.664705,On or near Falcon Crescent,E01035152,South Norfolk 016C,Violence and sexual offences,Under investigation,
bf5af458afea4d625775e31da68fddd2b13a2cb771a80199d7bc781bcf13a47e,2026-04,Suffolk Constabulary,Suffolk Constabulary,0.855002,51.393814,On or near Prison,E01035300,Swale 006E,Violence and sexual offences,Under investigation,
4f5fbed446d10362da13b78f39a1106194695f6f51ea6e348270acf5448180d4,2026-04,Suffolk Constabulary,Suffolk Constabulary,1.091866,51.941754,On or near Stourview Close,E01022021,Tendring 003G,Violence and sexual offences,Under investigation,
cd18ef21bd27ff918fb825e4c6a449f7c0b916811ad96ac4075ee6c297dae3ae,2026-04,Suffolk Constabulary,Suffolk Constabulary,1.041577,51.883957,On or near Chase Road West,E01022051,Tendring 005C,Violence and sexual offences,Under investigation,
5dd43a385a156af2826a23551a711f6d0ac39fe35a674b11bf4c477ca20dc844,2026-04,Suffolk Constabulary,Suffolk Constabulary,1.150797,51.786894,On or near Edith Road,E01022025,Tendring 016B,Violence and sexual offences,Under investigation,
1bf87211bb36cb49e4618b30b914fb5ad16278489288819e0ffce7d5c7c28068,2026-04,Suffolk Constabulary,Suffolk Constabulary,1.113617,51.781275,On or near Boleyn Way,E01021990,Tendring 018C,Other crime,Under investigation,
e81abb881707e621685af67fbefbaa9841016151c02bb857665321f8aa4ca664,2026-04,Suffolk Constabulary,Suffolk Constabulary,1.080275,51.800771,On or near Kincaid Road,E01022045,Tendring 018D,Other crime,Under investigation,
fe22162d6115bbb8aef3f40d70a23aa5d9dfcdedde3e63af44c55e8397125355,2026-04,Suffolk Constabulary,Suffolk Constabulary,0.248741,51.209223,On or near Ashley Road,E01024752,Tonbridge and Malling 010B,Violence and sexual offences,Under investigation,
858e9c7cf28e4dab66cdc4806e7b436c49bc72f0097b0fbde7ffdea87e01fd68,2026-04,Suffolk Constabulary,Suffolk Constabulary,-0.155901,51.428368,On or near Lucien Road,E01004532,Wandsworth 032A,Violence and sexual offences,Under investigation,
9f87406e061c7a66556e1e8505182a490f5828b725328c866ace90b101627614,2026-04,Suffolk Constabulary,Suffolk Constabulary,-1.528939,52.284523,On or near Forfield Place,E01031336,Warwick 010F,Violence and sexual offences,Unable to prosecute suspect,
6266204f6bc3a5b4fe6cc4a97f148ba9035ea9032ecfb87070ca0f975ccbd7f4,2026-04,Suffolk Constabulary,Suffolk Constabulary,-1.552515,52.279724,On or near Conrad Lewis Way,E01031315,Warwick 012A,Violence and sexual offences,Under investigation,
2395ce3ba73b48e916d6db236c34769d7dc8ecb639cacb3972d3405a4010347a,2026-04,Suffolk Constabulary,Suffolk Constabulary,-1.552515,52.279724,On or near Conrad Lewis Way,E01031315,Warwick 012A,Violence and sexual offences,Under investigation,
2a3ffd581fedc724b5cda1b517e7c5ece3a4410c528f23cc8c81800a467550a1,2026-04,Suffolk Constabulary,Suffolk Constabulary,0.529363,52.415170,On or near Highfields,E01029942,West Suffolk 001A,Other theft,Investigation complete; no suspect identified,
84192c88ac5a866ce32fc4382dc668c75318e8ccaf781bb5da8a1010b8998286,2026-04,Suffolk Constabulary,Suffolk Constabulary,0.522970,52.414209,On or near Springfield Drive,E01029942,West Suffolk 001A,Other crime,Under investigation,
2529e569bfc02fbc2a22b78484b27daa55d4ae849de5bedaecbc2ec5bf8a6852,2026-04,Suffolk Constabulary,Suffolk Constabulary,0.520980,52.422129,On or near Meadow Drive,E01029944,West Suffolk 001B,Theft from the person,Unable to prosecute suspect,
caa47e9ca9e02db65e716d118bd9327e8dba53b2491f4720a2bce2b487453053,2026-04,Suffolk Constabulary,Suffolk Constabulary,0.522187,52.423173,On or near Woodlands,E01029944,West Suffolk 001B,Violence and sexual offences,Under investigation,
c1b0c3ee48c6496b27e4e9bb30eca4b757ac026d3ef2a6f754b8e0a703914cd6,2026-04,Suffolk Constabulary,Suffolk Constabulary,0.547209,52.425245,On or near Cawseyhorn Drove,E01034561,West Suffolk 001C,Burglary,Awaiting court outcome,
892add2edc35d81689bd3279ec4cdc8204edfe96590e3f88c9a5ddd42f2f7dae,2026-04,Suffolk Constabulary,Suffolk Constabulary,0.535542,52.448021,On or near B1112,E01034561,West Suffolk 001C,Burglary,Investigation complete; no suspect identified,
52ee1169d447c3e7b64aef46077840980d44ea2323054c5902548c44273425d5,2026-04,Suffolk Constabulary,Suffolk Constabulary,0.526920,52.407435,On or near Bell Trees,E01034561,West Suffolk 001C,Criminal damage and arson,Unable to prosecute suspect,
ea97648e2f4b035fbadbdeb7445b016e1ac3bff5b90f249dfd41b1fa686506bd,2026-04,Suffolk Constabulary,Suffolk Constabulary,0.468162,52.429484,On or near Poultry Road,E01034561,West Suffolk 001C,Criminal damage and arson,Investigation complete; no suspect identified,
ec95981a808b6f841371fd8b75176cc48e120b7b74637346a05b2174366077c9,2026-04,Suffolk Constabulary,Suffolk Constabulary,0.510859,52.407597,On or near Furthest Drove,E01034561,West Suffolk 001C,Other theft,Investigation complete; no suspect identified,
7201668a665ca5d3b44182a514ab5e945c5828848156f16e55fefb9016ea84a5,2026-04,Suffolk Constabulary,Suffolk Constabulary,0.510859,52.407597,On or near Furthest Drove,E01034561,West Suffolk 001C,Other theft,Investigation complete; no suspect identified,
86b3089cb0747b744f109c96a3ce81c052f34c3be793c192ee6b291ff45766d3,2026-04,Suffolk Constabulary,Suffolk Constabulary,0.516398,52.420950,On or near Quayside Court,E01034561,West Suffolk 001C,Other theft,Investigation complete; no suspect identified,
5e3a09c514efdb87b73dd4f362544896a43caad82a9efc8d16b687c9da58b6dd,2026-04,Suffolk Constabulary,Suffolk Constabulary,0.518115,52.416684,On or near Supermarket,E01034561,West Suffolk 001C,Shoplifting,Investigation complete; no suspect identified,
d6e52b6b0bce0aa2d537e71b869cdeffb5fc253afb2cf636d15b4e25673c54af,2026-04,Suffolk Constabulary,Suffolk Constabulary,0.528120,52.405530,On or near Avenue Road,E01034561,West Suffolk 001C,Theft from the person,Unable to prosecute suspect,
9aab0763cd6bb51717fec45220e6afd5f39fed2ca232b4e43341774b66e952e1,2026-04,Suffolk Constabulary,Suffolk Constabulary,0.503291,52.405078,On or near Undley Road,E01034561,West Suffolk 001C,Vehicle crime,Under investigation,
2605dedd401980639e3abc1533c379ca2a98cdc4af306a376ea90aca3b0245da,2026-04,Suffolk Constabulary,Suffolk Constabulary,0.526920,52.407435,On or near Bell Trees,E01034561,West Suffolk 001C,Violence and sexual offences,Unable to prosecute suspect,
74cb0793f62852ae5aabfba192e0fe74e62d2e5f5e31c13b144b393e67800278,2026-04,Suffolk Constabulary,Suffolk Constabulary,0.528120,52.405530,On or near Avenue Road,E01034561,West Suffolk 001C,Violence and sexual offences,Unable to prosecute suspect,
5ce85413325c0d2710d7aafb1fdf46f174b8cd8f317a96351cf417252ade1eb8,2026-04,Suffolk Constabulary,Suffolk Constabulary,0.526920,52.407435,On or near Bell Trees,E01034561,West Suffolk 001C,Violence and sexual offences,Unable to prosecute suspect,
a14f21d908ba191797c5aaa6c2dfe489ae5dab37345fc5d681bdc8af8f39b31e,2026-04,Suffolk Constabulary,Suffolk Constabulary,0.519276,52.415196,On or near St Marys Mews,E01034561,West Suffolk 001C,Violence and sexual offences,Under investigation,
199d6963ce1059c7dc69a378240de2de7f87ed301288356d87fedcc9f08fd3e7,2026-04,Suffolk Constabulary,Suffolk Constabulary,0.526920,52.407435,On or near Bell Trees,E01034561,West Suffolk 001C,Violence and sexual offences,Unable to prosecute suspect,
0fbbd9aaec117a99966d73cc16390555ef2ec79f2d04152cebb2ebd7799cd732,2026-04,Suffolk Constabulary,Suffolk Constabulary,0.526920,52.407435,On or near Bell Trees,E01034561,West Suffolk 001C,Violence and sexual offences,Under investigation,
f7ab16517aaba6d44b56007b71e5e9ad37b7cdb61d84deda7ac3dc3fbf045558,2026-04,Suffolk Constabulary,Suffolk Constabulary,0.543734,52.391212,On or near Windsor Circle,E01034562,West Suffolk 001D,Drugs,Awaiting court outcome,
2c327bf63c3874d264a9d40a634c3482ce6b455e61bed45b761a8946cf616c6c,2026-04,Suffolk Constabulary,Suffolk Constabulary,0.543734,52.391212,On or near Windsor Circle,E01034562,West Suffolk 001D,Drugs,Under investigation,
7c70f87b0f629d7935a3c18a41026e74e492260ee5248482380f052172a38fe5,2026-04,Suffolk Constabulary,Suffolk Constabulary,0.541753,52.388961,On or near Alconbury,E01034562,West Suffolk 001D,Violence and sexual offences,Action to be taken by another organisation,
f03222f93f7812db90221a6ff17a42d8f71078080670f20bbcd81f7f96c8539a,2026-04,Suffolk Constabulary,Suffolk Constabulary,0.543734,52.391212,On or near Windsor Circle,E01034562,West Suffolk 001D,Violence and sexual offences,Investigation complete; no suspect identified,
bcedd09a7b9df7cb9badcc04a10d181efd9c33cbc5ad1911de9808ed56ca02fd,2026-04,Suffolk Constabulary,Suffolk Constabulary,0.541753,52.388961,On or near Alconbury,E01034562,West Suffolk 001D,Violence and sexual offences,Action to be taken by another organisation,
91ee2d260ffd73277320efa4fe1ae73b7e635654465003aeccef312a2b4e1798,2026-04,Suffolk Constabulary,Suffolk Constabulary,0.543734,52.391212,On or near Windsor Circle,E01034562,West Suffolk 001D,Violence and sexual offences,Under investigation,
61f9d8e7ba9ee56816a29dc9a1d3a76d7bb020853e485290ba44ccfe4d0c9442,2026-04,Suffolk Constabulary,Suffolk Constabulary,0.536978,52.390017,On or near Lord'S Walk,E01034562,West Suffolk 001D,Other crime,Under investigation,
7dcb4f9cf77e0796ead5f205622322af9327379b1bb0de93267ec30eb5a3468e,2026-04,Suffolk Constabulary,Suffolk Constabulary,0.642635,52.443994,On or near Nightingale Road,E01029926,West Suffolk 002A,Violence and sexual offences,Local resolution,
4c5739b76bff4bf0dc3bf16a02b99d47379a851ce7872694a3ee1b599b5161bb,2026-04,Suffolk Constabulary,Suffolk Constabulary,0.622044,52.448409,On or near Gentle Court,E01029927,West Suffolk 002B,Bicycle theft,Investigation complete; no suspect identified,
0ee2b80361220ccea575a4a371bb0f62860de5fec7268dfbcbd6fe33bf22b247,2026-04,Suffolk Constabulary,Suffolk Constabulary,0.622580,52.444045,On or near Elizabeth Road,E01029927,West Suffolk 002B,Criminal damage and arson,Investigation complete; no suspect identified,
d90e51f23232e258605dc82d52af95ad03c27e4ec6f00990207ce6fb13b3d4da,2026-04,Suffolk Constabulary,Suffolk Constabulary,0.625885,52.447164,On or near George Street,E01029927,West Suffolk 002B,Criminal damage and arson,Local resolution,
564acbbc0c9e1042657ce57b2170ac4c3e6561a867084dd6866423e62466f07a,2026-04,Suffolk Constabulary,Suffolk Constabulary,0.622580,52.444045,On or near Elizabeth Road,E01029927,West Suffolk 002B,Criminal damage and arson,Local resolution,
0074a5fc1d15c45c124fdb8d2662576d443186451795e12f0475ba127031c182,2026-04,Suffolk Constabulary,Suffolk Constabulary,0.624319,52.449042,On or near Whitehart Lane,E01029927,West Suffolk 002B,Criminal damage and arson,Investigation complete; no suspect identified,
bf60322ce6100ab18998c14862487e86ef7b3debff89fdfe3543b2463070e2c7,2026-04,Suffolk Constabulary,Suffolk Constabulary,0.624919,52.448498,On or near Lode Street,E01029927,West Suffolk 002B,Drugs,Under investigation,
3c83ef85031b1a981717ef5c18fbd2e1dbb4a53338134291cc82bce500119480,2026-04,Suffolk Constabulary,Suffolk Constabulary,0.624919,52.448498,On or near Lode Street,E01029927,West Suffolk 002B,Drugs,Under investigation,
831351114c33aafa8ec1c0d118d4dea5df89cf349c4bee4616397c9358701f72,2026-04,Suffolk Constabulary,Suffolk Constabulary,0.624919,52.448498,On or near Lode Street,E01029927,West Suffolk 002B,Drugs,Awaiting court outcome,
9d5dbfb1bcb464ceeec2dcc394fbc128f979f304b84972783727e371e91602bd,2026-04,Suffolk Constabulary,Suffolk Constabulary,0.623293,52.450845,On or near High Street,E01029927,West Suffolk 002B,Drugs,Awaiting court outcome,
c8624c0404ed15327920a2435adf3ffcae402cc28e4ea2b75c55d2673057fe83,2026-04,Suffolk Constabulary,Suffolk Constabulary,0.624919,52.448498,On or near Lode Street,E01029927,West Suffolk 002B,Other theft,Investigation complete; no suspect identified,
1b42bbb2486349fd75c9f76f145526918f6c8a64a7044a837f55ca353ceccddf,2026-04,Suffolk Constabulary,Suffolk Constabulary,0.623074,52.447163,On or near Stores Street,E01029927,West Suffolk 002B,Other theft,Unable to prosecute suspect,
a06fac863736179837f90c535238dbd54284cd007191cffc57933a63627c20b4,2026-04,Suffolk Constabulary,Suffolk Constabulary,0.623293,52.450845,On or near High Street,E01029927,West Suffolk 002B,Possession of weapons,Under investigation,
329d1040b4a5de96fb9b3974e3d0457e15fadceba96942e92155f48f67628eb4,2026-04,Suffolk Constabulary,Suffolk Constabulary,0.621107,52.453205,On or near Station Way,E01029927,West Suffolk 002B,Possession of weapons,Under investigation,
3089630c0fac08e29d9db4085b3a533b88cb7c9a93a29542f20d1832dad56806,2026-04,Suffolk Constabulary,Suffolk Constabulary,0.624537,52.449739,On or near Supermarket,E01029927,West Suffolk 002B,Shoplifting,Under investigation,
c6802c061d6fadbd2de500addbc96129e1cbe1568a1f44e8c7e0e1b71787459a,2026-04,Suffolk Constabulary,Suffolk Constabulary,0.625885,52.447164,On or near George Street,E01029927,West Suffolk 002B,Violence and sexual offences,Unable to prosecute suspect,
71ced4527956226d2134ee23083e2e4d5a65bc86f8f7a9c4466cb3eb74cd355c,2026-04,Suffolk Constabulary,Suffolk Constabulary,0.622580,52.444045,On or near Elizabeth Road,E01029927,West Suffolk 002B,Violence and sexual offences,Unable to prosecute suspect,
9cad8e30de7313518d92d33b28b810106e43135506ae7a1fefc831fd8d9aefd9,2026-04,Suffolk Constabulary,Suffolk Constabulary,0.624919,52.448498,On or near Lode Street,E01029927,West Suffolk 002B,Violence and sexual offences,Unable to prosecute suspect,
20edc6badb9162a94ab387a7c7b22a3c202ef49e447e1ee5ed56057fca29870b,2026-04,Suffolk Constabulary,Suffolk Constabulary,0.622580,52.444045,On or near Elizabeth Road,E01029927,West Suffolk 002B,Violence and sexual offences,Under investigation,
7d2b8424dabf3264f33b916326f15fdebfd4860cce8c51aac8dcbb66894068ab,2026-04,Suffolk Constabulary,Suffolk Constabulary,0.621107,52.453205,On or near Station Way,E01029927,West Suffolk 002B,Violence and sexual offences,Under investigation,
82e27d355f2acde700ccefd4423ed8772d4ea7af464f33fe1d6d991ee1710d9c,2026-04,Suffolk Constabulary,Suffolk Constabulary,0.623293,52.450845,On or near High Street,E01029927,West Suffolk 002B,Violence and sexual offences,Under investigation,
227fafbacb00072f188fd761ec2b13c4da09e4bca388e8ffbe073fb8a4872801,2026-04,Suffolk Constabulary,Suffolk Constabulary,0.626798,52.443960,On or near Heath Road,E01029927,West Suffolk 002B,Violence and sexual offences,Under investigation,
ea9c3e14dc674a7f61db168ec98cf79583901c42406f382da8dbb9d7144801e1,2026-04,Suffolk Constabulary,Suffolk Constabulary,0.642877,52.394449,On or near Park/Open Space,E01029928,West Suffolk 002C,Bicycle theft,Investigation complete; no suspect identified,
8dacbc29a42ae36b0d84afc72576178b2e2c6274feae7f3a6a482ff44ad7bd85,2026-04,Suffolk Constabulary,Suffolk Constabulary,0.631837,52.445296,On or near Robert Linge Crescent,E01029928,West Suffolk 002C,Burglary,Investigation complete; no suspect identified,
28f668f4c82ee50c436c87946235b9e2c0f0e0575fa790d4169cac24ca7c0ebb,2026-04,Suffolk Constabulary,Suffolk Constabulary,0.646189,52.393790,On or near Park/Open Space,E01029928,West Suffolk 002C,Criminal damage and arson,Investigation complete; no suspect identified,
d75ef0c3ab1cf1094a748d7d4c5504b8d7651a5d0dea2216f61ec0c99ce3d978,2026-04,Suffolk Constabulary,Suffolk Constabulary,0.679407,52.387925,On or near Parking Area,E01029928,West Suffolk 002C,Drugs,Awaiting court outcome,
1c19bf023c8c3becc7966fa1d040396902ee68b9d5d15f5acaae6dd41d35e968,2026-04,Suffolk Constabulary,Suffolk Constabulary,0.660824,52.434971,On or near Parking Area,E01029928,West Suffolk 002C,Other theft,Investigation complete; no suspect identified,
edaa0515e6c3381324f93b38ac56f69630dca9bb5c0ee5420eb913ab2705075b,2026-04,Suffolk Constabulary,Suffolk Constabulary,0.637526,52.442489,On or near Mallard Way,E01029928,West Suffolk 002C,Vehicle crime,Investigation complete; no suspect identified,
d6d72953972d15daf87d75114f219197bf4df619163e1b3fed2a85eab76601ca,2026-04,Suffolk Constabulary,Suffolk Constabulary,0.615000,52.442046,On or near Parsons Close,E01029929,West Suffolk 002D,Burglary,Suspect charged as part of another case,
4f089fd9f5ae10cdde0870bc6a0af89ed257c92d54fd7536c013cd8f40127da3,2026-04,Suffolk Constabulary,Suffolk Constabulary,0.612088,52.444556,On or near Church End,E01029929,West Suffolk 002D,Criminal damage and arson,Investigation complete; no suspect identified,
359f348be1136f1f9acc29b712864885e270d2abd37064586b09ced7e8547241,2026-04,Suffolk Constabulary,Suffolk Constabulary,0.618499,52.444639,On or near Petrol Station,E01029929,West Suffolk 002D,Other theft,Investigation complete; no suspect identified,
2fbde74af3640d30dce0993709e1badc3a5ad205bd397b8fb672f10e23c1df43,2026-04,Suffolk Constabulary,Suffolk Constabulary,0.608939,52.442818,On or near Queens Road,E01029929,West Suffolk 002D,Other theft,Investigation complete; no suspect identified,
76feb97ab59f5ef4bf9690f3524d1c1066f712d3331815f6cf1e91c3b34bacf1,2026-04,Suffolk Constabulary,Suffolk Constabulary,0.618499,52.444639,On or near Petrol Station,E01029929,West Suffolk 002D,Other theft,Investigation complete; no suspect identified,
094445522382399294f4ba7abf1ec0ba688d78b59ac85d3ae70b2b34eedff4eb,2026-04,Suffolk Constabulary,Suffolk Constabulary,0.603065,52.442282,On or near The Hill,E01029929,West Suffolk 002D,Violence and sexual offences,Offender given a caution,
d1fbce1fe90d33b723d752b8d5914ecfab683fa39e9b6d928628ed5f4f9515d9,2026-04,Suffolk Constabulary,Suffolk Constabulary,0.618545,52.443262,On or near Rowan Drive,E01029929,West Suffolk 002D,Violence and sexual offences,Unable to prosecute suspect,
8e78e80f54d5ddc5af64a0d9b6e5e1d08da3432b67cfcf8a4ef6b6efd03ff89f,2026-04,Suffolk Constabulary,Suffolk Constabulary,0.614896,52.445007,On or near Church Road,E01029929,West Suffolk 002D,Violence and sexual offences,Unable to prosecute suspect,
5587f114d93d6b04d583c75e19c4a887431a83285e7e5c4d87445bdc96b047a2,2026-04,Suffolk Constabulary,Suffolk Constabulary,0.615000,52.442046,On or near Parsons Close,E01029929,West Suffolk 002D,Violence and sexual offences,Unable to prosecute suspect,
c2a833a415b8115ae1c658539cadff7867e4e036390cf1bf3080a1fdc2adca1d,2026-04,Suffolk Constabulary,Suffolk Constabulary,0.603430,52.445979,On or near Chalk Road,E01029930,West Suffolk 002E,Burglary,Investigation complete; no suspect identified,
d824502f75806d6c5afff325066f56ea32fa40be4f45efd0283b6fc40b1623b8,2026-04,Suffolk Constabulary,Suffolk Constabulary,0.623215,52.442844,On or near Rattler'S Road,E01029930,West Suffolk 002E,Burglary,Investigation complete; no suspect identified,
bbfd6fb1a744c64597ae0af5e98af57e9fc63de12e178667c6a669d74a5fa601,2026-04,Suffolk Constabulary,Suffolk Constabulary,0.606793,52.439880,On or near Petunia Way,E01029930,West Suffolk 002E,Criminal damage and arson,Investigation complete; no suspect identified,
e234d79f3cd299c48306d161503babd9c454511f3d0420b81cb3a6fbc7a73036,2026-04,Suffolk Constabulary,Suffolk Constabulary,0.599388,52.438811,On or near Oaklands Drive,E01029930,West Suffolk 002E,Other theft,Unable to prosecute suspect,
f9365efa328b8c986325d1571e9b08be99d3ad7a860d16742c23a575a95b4451,2026-04,Suffolk Constabulary,Suffolk Constabulary,0.603651,52.436496,On or near Norwood Road,E01029930,West Suffolk 002E,Public order,Unable to prosecute suspect,
61cd11db26016678d7090c434196d789bb5ea9b1a13659cc890b2d73f2623ef8,2026-04,Suffolk Constabulary,Suffolk Constabulary,0.624808,52.440695,On or near Walton Way,E01029930,West Suffolk 002E,Vehicle crime,Investigation complete; no suspect identified,
ac70ac408f01e33932e88413fcac0788984b6d8d44a3b706fdd78237e5fdda96,2026-04,Suffolk Constabulary,Suffolk Constabulary,0.603651,52.436496,On or near Norwood Road,E01029930,West Suffolk 002E,Violence and sexual offences,Unable to prosecute suspect,
63f888b7cf91ca9e3b2c0779de80f3d4ab1af4fb4b6f8434856f30cba06eb173,2026-04,Suffolk Constabulary,Suffolk Constabulary,0.608791,52.441059,On or near Ashdale Park,E01029930,West Suffolk 002E,Violence and sexual offences,Unable to prosecute suspect,
abd37490e9f11b1a375a969c320f99fab7f938e689d27313b6059c92cbe2dfef,2026-04,Suffolk Constabulary,Suffolk Constabulary,0.623472,52.442218,On or near Firs Way,E01029930,West Suffolk 002E,Violence and sexual offences,Unable to prosecute suspect,
04d9fe162995a9ec02566fa5b5f41e30a134fce739deb2f1f201c39b281ba660,2026-04,Suffolk Constabulary,Suffolk Constabulary,0.602119,52.438472,On or near Woodlands Rise,E01029930,West Suffolk 002E,Violence and sexual offences,Unable to prosecute suspect,
0741163c789d257675d6a84536c9bff01dbac270c736da45bb485cd6bc5c271e,2026-04,Suffolk Constabulary,Suffolk Constabulary,0.608791,52.441059,On or near Ashdale Park,E01029930,West Suffolk 002E,Violence and sexual offences,Unable to prosecute suspect,
7940ff942904461912900f626013418f5e55ac4e26f70859a343d9ccaa32a902,2026-04,Suffolk Constabulary,Suffolk Constabulary,0.608791,52.441059,On or near Ashdale Park,E01029930,West Suffolk 002E,Violence and sexual offences,Unable to prosecute suspect,
0fd40f5e8b20ceb567b0ce3035c679f8e4d7d1270890eb11acf8a05c265d465a,2026-04,Suffolk Constabulary,Suffolk Constabulary,0.510087,52.336493,On or near Station Road,E01029945,West Suffolk 003A,Burglary,Suspect charged as part of another case,
510654e2735085a0e2c997f994a83f04ecff32632c0fdaa3ef9af899795a245c,2026-04,Suffolk Constabulary,Suffolk Constabulary,0.506043,52.338198,On or near Bridge Farm Close,E01029945,West Suffolk 003A,Criminal damage and arson,Investigation complete; no suspect identified,
97e3204948dbdbdd0926fcc26291240db1b3212c1acce526303a0d00a490be3c,2026-04,Suffolk Constabulary,Suffolk Constabulary,0.437654,52.321501,On or near Fordham Road,E01029945,West Suffolk 003A,Vehicle crime,Investigation complete; no suspect identified,
4ed88b0a086082cf9d04b25188934eb8e87e4e045a527ec537d311b20593eea6,2026-04,Suffolk Constabulary,Suffolk Constabulary,0.502994,52.338281,On or near Mace Road,E01029945,West Suffolk 003A,Violence and sexual offences,Under investigation,
0425c0a4460725e4aafb85ae709d636a83607483046237abcb8037a94d6fa3ed,2026-04,Suffolk Constabulary,Suffolk Constabulary,0.439980,52.321903,On or near The Driftway,E01029945,West Suffolk 003A,Violence and sexual offences,Unable to prosecute suspect,
632b8df2e4fe33bafa23fc20d5b38c60cbf18cb330dd23059732119f97f85336,2026-04,Suffolk Constabulary,Suffolk Constabulary,0.506680,52.338814,On or near Old Dairy Court,E01029945,West Suffolk 003A,Violence and sexual offences,Unable to prosecute suspect,
c944a7e44651b92c2482f1ebc44347d0ce5e1be18e7ad91bc08509cf7f6ce06b,2026-04,Suffolk Constabulary,Suffolk Constabulary,0.480307,52.375664,On or near Skelton'S Drove,E01032523,West Suffolk 003B,Burglary,Suspect charged as part of another case,
44e23260b78b61a5f4e2c017796ab0e79093e084ae777f7a0b255acad2e456f9,2026-04,Suffolk Constabulary,Suffolk Constabulary,0.479255,52.372619,On or near Dairy Drive,E01032523,West Suffolk 003B,Vehicle crime,Local resolution,
b4939a8170e9fed410005dd41ba56a2290d7bde13a0a141cea325e6cc8b0eafc,2026-04,Suffolk Constabulary,Suffolk Constabulary,0.476921,52.373981,On or near Washington Street,E01032523,West Suffolk 003B,Vehicle crime,Investigation complete; no suspect identified,
48b45cc4e47326dedf5a55c1ca204fb0d6f16f62ca7f66cd806457db39353d22,2026-04,Suffolk Constabulary,Suffolk Constabulary,0.480144,52.373536,On or near Cutters Close,E01032523,West Suffolk 003B,Violence and sexual offences,Under investigation,
4a53813fba6f4e58968951760c6a069cf618256ea651a38444b1d03ac09f5b78,2026-04,Suffolk Constabulary,Suffolk Constabulary,0.482347,52.372743,On or near Pasture Way,E01032523,West Suffolk 003B,Violence and sexual offences,Unable to prosecute suspect,
ea71708d2b9589d70caf4cdaa755e285662333258251a2706700d2b754cc9c1a,2026-04,Suffolk Constabulary,Suffolk Constabulary,0.462934,52.372646,On or near The Grove,E01032523,West Suffolk 003B,Violence and sexual offences,Under investigation,
fb4efe34f77a87bef0541e2ebe6e2f1e04808a65dab2233b203e9fe790bb5c51,2026-04,Suffolk Constabulary,Suffolk Constabulary,0.480307,52.375664,On or near Skelton'S Drove,E01032523,West Suffolk 003B,Violence and sexual offences,Unable to prosecute suspect,
17cb87da014c1661426715e741da4090b736f23ecc4ccc8711f10dc2de8159ec,2026-04,Suffolk Constabulary,Suffolk Constabulary,0.482347,52.372743,On or near Pasture Way,E01032523,West Suffolk 003B,Violence and sexual offences,Unable to prosecute suspect,
0639d4f92e9a1dfb39ca3146b1bd70ec3349711ee6aa77027c4a06589a6ade59,2026-04,Suffolk Constabulary,Suffolk Constabulary,0.462934,52.372646,On or near The Grove,E01032523,West Suffolk 003B,Violence and sexual offences,Under investigation,
cecb70e8f9e9eff500e15912548670bd0bf5095f3b2d8c5cd753324cbce11ec5,2026-04,Suffolk Constabulary,Suffolk Constabulary,0.462934,52.372646,On or near The Grove,E01032523,West Suffolk 003B,Violence and sexual offences,Unable to prosecute suspect,
a38a512f97f6adbb86e4514bed9743f6d7bb4f576bac4240527d9a82f5172566,2026-04,Suffolk Constabulary,Suffolk Constabulary,0.494295,52.373067,On or near Rose Green Lane,E01032524,West Suffolk 003C,Criminal damage and arson,Investigation complete; no suspect identified,
a9bab031d82e3dc4cff46795190bcc7c99f699959f4ae6b489cde64467f68598,2026-04,Suffolk Constabulary,Suffolk Constabulary,0.484511,52.372302,On or near Harrow Drive,E01032524,West Suffolk 003C,Criminal damage and arson,Investigation complete; no suspect identified,
d3edcc8b77a9a7e6d955ffe180baae8427b108b87eadc4237c8769944b00f8b8,2026-04,Suffolk Constabulary,Suffolk Constabulary,0.487042,52.371844,On or near Holmsey Green Gardens,E01032524,West Suffolk 003C,Other theft,Investigation complete; no suspect identified,
9c823c8cc3a745074b088f1c3278db51951c7ae76960ccd46fd013fd7bf6c3fd,2026-04,Suffolk Constabulary,Suffolk Constabulary,0.453548,52.356520,On or near Manor Farm Road,E01032526,West Suffolk 003D,Other theft,Investigation complete; no suspect identified,
8d54f3a763f78743f8670b7612cc230a5f14ae8bd1ccbbda6df6cd055d45233d,2026-04,Suffolk Constabulary,Suffolk Constabulary,0.457465,52.355126,On or near Chapel Road,E01032526,West Suffolk 003D,Other theft,Investigation complete; no suspect identified,
3f0f118c6fbbc9380dc64ab68bff09ad99a4621ceb3265af40cc6b61f2b73fc6,2026-04,Suffolk Constabulary,Suffolk Constabulary,0.461166,52.362000,On or near Pollards Lane,E01032526,West Suffolk 003D,Other theft,Investigation complete; no suspect identified,
baaa5ec001c8377462891d093fefdf3330649dfb4943e12fbd8563492cc33ce7,2026-04,Suffolk Constabulary,Suffolk Constabulary,0.456545,52.357861,On or near Beeches Road,E01032526,West Suffolk 003D,Possession of weapons,Awaiting court outcome,
766b137320684b879fcbcec1fac0b68a68e709628be80f0ede1ad2e8a3641ca8,2026-04,Suffolk Constabulary,Suffolk Constabulary,0.430462,52.368874,On or near Sports/Recreation Area,E01032526,West Suffolk 003D,Robbery,Awaiting court outcome,
8233d37055874618b7b5141f93b257bd787102237e4b11fea0e4f64f0c0225de,2026-04,Suffolk Constabulary,Suffolk Constabulary,0.468701,52.347770,On or near Bagsham Lane,E01032526,West Suffolk 003D,Violence and sexual offences,Under investigation,
3a429e647c877eab2df13b36214115e25488f8d54c5355f80c73815d2926650c,2026-04,Suffolk Constabulary,Suffolk Constabulary,0.447749,52.365597,On or near Cow And Sheep Drove,E01032526,West Suffolk 003D,Violence and sexual offences,Under investigation,
8e340f6e06e74c6db6461886cf3672954bc32e82c08edc86cf2161c62064de3b,2026-04,Suffolk Constabulary,Suffolk Constabulary,0.468701,52.347770,On or near Bagsham Lane,E01032526,West Suffolk 003D,Violence and sexual offences,Offender given a caution,
331da227123a57b2bc569d7727a7b50171c40b6125cd6b4e1fafd2651221a182,2026-04,Suffolk Constabulary,Suffolk Constabulary,0.466648,52.348604,On or near Neve Gardens,E01032526,West Suffolk 003D,Violence and sexual offences,Under investigation,
692b8c77fccda1baa98d0827c86bda0b847df9bf8ac95c92e67befa029bd3d5e,2026-04,Suffolk Constabulary,Suffolk Constabulary,0.468701,52.347770,On or near Bagsham Lane,E01032526,West Suffolk 003D,Violence and sexual offences,Unable to prosecute suspect,
c2112299cf51795278e385291bafa104ba95436e5f681f281df31b485f302494,2026-04,Suffolk Constabulary,Suffolk Constabulary,0.514058,52.365086,On or near Eriswell Road,E01034564,West Suffolk 003E,Other theft,Investigation complete; no suspect identified,
4f5d757f708ae19f90c86c1f937ae9243a0a1042272638b1814856f0dcae369d,2026-04,Suffolk Constabulary,Suffolk Constabulary,0.515894,52.364822,On or near Eldon Lane,E01034564,West Suffolk 003E,Other theft,Investigation complete; no suspect identified,
,2026-04,Suffolk Constabulary,Suffolk Constabulary,0.496951,52.371446,On or near Acres Walk,E01034565,West Suffolk 003F,Anti-social behaviour,,
1e495b5a1759112efb84332b8bb9400aa67dac8688a3b256f8d2872ca2c1cab7,2026-04,Suffolk Constabulary,Suffolk Constabulary,0.498566,52.371169,On or near Lizards Way,E01034565,West Suffolk 003F,Criminal damage and arson,Unable to prosecute suspect,
8388877cf9a117fe98f4346d22a0541435024a88551c6b3dffedfbca9d07c378,2026-04,Suffolk Constabulary,Suffolk Constabulary,0.497289,52.374568,On or near Girling Way,E01034565,West Suffolk 003F,Drugs,Unable to prosecute suspect,
946831de49846c2982724e75f9d3e0471ff1355f8b4f69844ac114b07e6bd369,2026-04,Suffolk Constabulary,Suffolk Constabulary,0.497289,52.374568,On or near Girling Way,E01034565,West Suffolk 003F,Drugs,Under investigation,
0c7e5939ef9f6f81790c0670b067496b5dc84f486c44b54c91858398d1a882ea,2026-04,Suffolk Constabulary,Suffolk Constabulary,0.499139,52.371949,On or near Hicfield Road,E01034565,West Suffolk 003F,Public order,Unable to prosecute suspect,
682aa2c21ad9131fc7a05944fadf191478ac43a6a15e9635ff9cd103b1ca5028,2026-04,Suffolk Constabulary,Suffolk Constabulary,0.499139,52.371949,On or near Hicfield Road,E01034565,West Suffolk 003F,Public order,Unable to prosecute suspect,
27c6556160919c42acc9ad3ff9318d7236010f7498fc0d85ead908f957afd225,2026-04,Suffolk Constabulary,Suffolk Constabulary,0.499139,52.371949,On or near Hicfield Road,E01034565,West Suffolk 003F,Public order,Unable to prosecute suspect,
10d1d4a54190de2494b52e9441a9b64ffaacc20b57313594fa1a39fd65db0a35,2026-04,Suffolk Constabulary,Suffolk Constabulary,0.497289,52.374568,On or near Girling Way,E01034565,West Suffolk 003F,Violence and sexual offences,Under investigation,
,2026-04,Suffolk Constabulary,Suffolk Constabulary,0.519468,52.351230,On or near St John'S Close,E01029938,West Suffolk 004A,Anti-social behaviour,,
6be06d5c8407b487df090233746e1cc453541e1232d5a08f8f6f4fee26478ddc,2026-04,Suffolk Constabulary,Suffolk Constabulary,0.519468,52.351230,On or near St John'S Close,E01029938,West Suffolk 004A,Violence and sexual offences,Unable to prosecute suspect,
bf8b24928b2eb55b94777a37537bcef4db44949f9b4548726b88fa4d579d1710,2026-04,Suffolk Constabulary,Suffolk Constabulary,0.519468,52.351230,On or near St John'S Close,E01029938,West Suffolk 004A,Violence and sexual offences,Unable to prosecute suspect,
87444daa49c47bdb69eb5580b2198f8945b882f0b2018b53f55fd71f45e7d6b4,2026-04,Suffolk Constabulary,Suffolk Constabulary,0.521196,52.349332,On or near Clare Close,E01029938,West Suffolk 004A,Violence and sexual offences,Action to be taken by another organisation,
5852ce86e97c947f183c2cfc52e4b9cf03dc3c2b0b23d582e379c58257e0361b,2026-04,Suffolk Constabulary,Suffolk Constabulary,0.501695,52.350628,On or near Miles Hawk Way,E01029939,West Suffolk 004B,Vehicle crime,Investigation complete; no suspect identified,
bf27cbfa5ee5c901c51206a8fcbe5ad52df56673fff16ebfc3cf07d1c81e7a26,2026-04,Suffolk Constabulary,Suffolk Constabulary,0.502035,52.349883,On or near Fairey Fox Drive,E01029939,West Suffolk 004B,Vehicle crime,Investigation complete; no suspect identified,
2db18af52ca0f78e4c2ec90740575ccbd343e5a2fe5bb15b87113b2a718fe356,2026-04,Suffolk Constabulary,Suffolk Constabulary,0.514723,52.349119,On or near Scott Avenue,E01029940,West Suffolk 004C,Other theft,Unable to prosecute suspect,
6a414611fdc5c89218b61c433703becfde095fdb5888205bcd54f53e9ab191dc,2026-04,Suffolk Constabulary,Suffolk Constabulary,0.507518,52.352572,On or near Finchley Avenue,E01029940,West Suffolk 004C,Other theft,Under investigation,
aff9cff919d996ceac251fec6853f22740c3993f9cb66cbf92a2e4d0ec6c109e,2026-04,Suffolk Constabulary,Suffolk Constabulary,0.512410,52.351066,On or near Darwin Close,E01029940,West Suffolk 004C,Violence and sexual offences,Under investigation,
8078eb64d5134abb4d49458b8a6409145cf5d6eb2b25bebc8b04e9e3a70cdcbe,2026-04,Suffolk Constabulary,Suffolk Constabulary,0.514723,52.349119,On or near Scott Avenue,E01029940,West Suffolk 004C,Violence and sexual offences,Unable to prosecute suspect,
,2026-04,Suffolk Constabulary,Suffolk Constabulary,0.526853,52.349391,On or near Juniper Close,E01029946,West Suffolk 004D,Anti-social behaviour,,
fa28437dd115e8deeec794358f015eb4995caecdaff4e87f0c28db3a1b315980,2026-04,Suffolk Constabulary,Suffolk Constabulary,0.524786,52.347654,On or near Hornbeam Road,E01029946,West Suffolk 004D,Burglary,Suspect charged as part of another case,
5be48d1ae1d4015658c1211ac5f02839eb0957a96a849cad53f79d7fd381bc9e,2026-04,Suffolk Constabulary,Suffolk Constabulary,0.520029,52.343269,On or near Osprey Close,E01029946,West Suffolk 004D,Criminal damage and arson,Unable to prosecute suspect,
b33aee51a3d06308c20cfa14b32edbfe15950311c029c2b03c00684eb2d93a5a,2026-04,Suffolk Constabulary,Suffolk Constabulary,0.515605,52.346034,On or near Wake Avenue,E01029946,West Suffolk 004D,Criminal damage and arson,Investigation complete; no suspect identified,
4287ed30fa3db32b8d4c77bbc2c0d76ad1b4c8ed8ddf656a5b08c2438127c3e1,2026-04,Suffolk Constabulary,Suffolk Constabulary,0.524786,52.347654,On or near Hornbeam Road,E01029946,West Suffolk 004D,Other theft,Investigation complete; no suspect identified,
6a2b51f1a7a0f10df7118466ec9f2531a6a72c71575d63616adc60d4feb5e1e0,2026-04,Suffolk Constabulary,Suffolk Constabulary,0.514868,52.346760,On or near Fleming Avenue,E01029946,West Suffolk 004D,Public order,Under investigation,
e32a0a48b54f917bc4cde27e992bb99883ca111d8bfadb72494000d1b20e0a66,2026-04,Suffolk Constabulary,Suffolk Constabulary,0.517123,52.345615,On or near Peterhouse Close,E01029946,West Suffolk 004D,Violence and sexual offences,Unable to prosecute suspect,
082d7382e43553ecd3313d741cc9610545fc7b59eb0ebe9b035fae31e658e9de,2026-04,Suffolk Constabulary,Suffolk Constabulary,0.524595,52.348684,On or near Lime Close,E01029946,West Suffolk 004D,Violence and sexual offences,Under investigation,
4d4d2c0b574ed470eb765aa36a6e709af5bed67a1351f4736b6a3e69fb9a804e,2026-04,Suffolk Constabulary,Suffolk Constabulary,0.527004,52.348434,On or near Laburnum Avenue,E01029946,West Suffolk 004D,Violence and sexual offences,Unable to prosecute suspect,
37858078f19320a3ff6ae7cccec67588bf1e0f980208ba6d980f11964d9b72ef,2026-04,Suffolk Constabulary,Suffolk Constabulary,0.513998,52.345915,On or near Hereward Avenue,E01029946,West Suffolk 004D,Violence and sexual offences,Unable to prosecute suspect,
7adbb37e3b9dd7d001075b8b6c67734f4396ff2bd66e73dbe2ab69905737b2ab,2026-04,Suffolk Constabulary,Suffolk Constabulary,0.513998,52.345915,On or near Hereward Avenue,E01029946,West Suffolk 004D,Violence and sexual offences,Unable to prosecute suspect,
b27fdba478686aa22ca627d3159ff395d5ad5493c51554e6afc37a5ed7959fef,2026-04,Suffolk Constabulary,Suffolk Constabulary,0.515605,52.346034,On or near Wake Avenue,E01029946,West Suffolk 004D,Violence and sexual offences,Offender given a caution,
76d6b5fd3b960618ac7105a9a6d783606cd3221ce7a2ed1844b2dd7325fd292c,2026-04,Suffolk Constabulary,Suffolk Constabulary,0.520029,52.343269,On or near Osprey Close,E01029946,West Suffolk 004D,Violence and sexual offences,Under investigation,
81828850b5552d10a709cf1c7bea3fcea096044bc54ed586b8fadab8a16c2cb2,2026-04,Suffolk Constabulary,Suffolk Constabulary,0.504778,52.342568,On or near Riverside Close,E01029947,West Suffolk 004E,Burglary,Under investigation,
3108b91aa32f8a77be0969d74921edcf8ba57f71e20221b9361695aaaef2301b,2026-04,Suffolk Constabulary,Suffolk Constabulary,0.510246,52.342929,On or near White Hart Court,E01029947,West Suffolk 004E,Criminal damage and arson,Unable to prosecute suspect,
7e2f09a3b977ac3c8b1da9a6806c17491e1d6d9d455ea3c6c220b8b64f2707d5,2026-04,Suffolk Constabulary,Suffolk Constabulary,0.511719,52.342450,On or near Shopping Area,E01029947,West Suffolk 004E,Criminal damage and arson,Investigation complete; no suspect identified,
3cc78366ab163e3790b97b2b8100118cd69e17863a93179e8f406bc7b8dff9e2,2026-04,Suffolk Constabulary,Suffolk Constabulary,0.535483,52.342800,On or near Parking Area,E01029947,West Suffolk 004E,Criminal damage and arson,Unable to prosecute suspect,
5192bbeed2c955ec2112d9338d56f5dbd204b1d5880fc97287a30140194aac9b,2026-04,Suffolk Constabulary,Suffolk Constabulary,0.513164,52.342876,On or near Recreation Way,E01029947,West Suffolk 004E,Criminal damage and arson,Investigation complete; no suspect identified,
d2ce7f837aa170b27b440d4ca0f20d83aa2dc7336f5422f114ab712290eb2d56,2026-04,Suffolk Constabulary,Suffolk Constabulary,0.503838,52.341770,On or near Wamil Walk,E01029947,West Suffolk 004E,Drugs,Unable to prosecute suspect,
cdb94ba481c605f0334f1d9e771ec08a321d28796d1f5a0a4a056a737f6b9f51,2026-04,Suffolk Constabulary,Suffolk Constabulary,0.508050,52.340709,On or near Mill Street,E01029947,West Suffolk 004E,Other theft,Investigation complete; no suspect identified,
68968e778207c5340b798e32907416465a41911963b869e33bcf190cce1fce69,2026-04,Suffolk Constabulary,Suffolk Constabulary,0.511719,52.342450,On or near Shopping Area,E01029947,West Suffolk 004E,Shoplifting,Investigation complete; no suspect identified,
7e43c573384e94f7a83ba82b6a62683e08221368e67dba8f0d00633871f4d68a,2026-04,Suffolk Constabulary,Suffolk Constabulary,0.513164,52.342876,On or near Recreation Way,E01029947,West Suffolk 004E,Shoplifting,Investigation complete; no suspect identified,
cdba21e3e8848e76fb53999b1bb7b3071fdab013bdc8a7a0992c2e1b04f8d19f,2026-04,Suffolk Constabulary,Suffolk Constabulary,0.513164,52.342876,On or near Recreation Way,E01029947,West Suffolk 004E,Shoplifting,Investigation complete; no suspect identified,
6d9744075ab065005fefe4da3013519f4de7c2c776a4ba80e46ae04e023a4c16,2026-04,Suffolk Constabulary,Suffolk Constabulary,0.511719,52.342450,On or near Shopping Area,E01029947,West Suffolk 004E,Shoplifting,Local resolution,
24f8ea1c6c407de694cafae0407066ecdfdc037c86a188454858992221e2e9e3,2026-04,Suffolk Constabulary,Suffolk Constabulary,0.508050,52.340709,On or near Mill Street,E01029947,West Suffolk 004E,Violence and sexual offences,Unable to prosecute suspect,
1a6a0f377529aa5f9b3c70beba6477daf0a118e29d465f8877f0ab9aab700a08,2026-04,Suffolk Constabulary,Suffolk Constabulary,0.509326,52.343542,On or near Old Bakery Lane,E01029947,West Suffolk 004E,Violence and sexual offences,Action to be taken by another organisation,
15170ddc4d3034a0972d4ed9b9535fc6cc656cc534fad92682dba6d0bb1ef0c5,2026-04,Suffolk Constabulary,Suffolk Constabulary,0.510768,52.342558,On or near St Andrew'S Street,E01029947,West Suffolk 004E,Violence and sexual offences,Action to be taken by another organisation,
28e14c3285ef82c3333e2da477cb226667e5b316ca55055404d2d05b4d542d4a,2026-04,Suffolk Constabulary,Suffolk Constabulary,0.504894,52.345128,On or near Threshers Yard,E01029947,West Suffolk 004E,Violence and sexual offences,Unable to prosecute suspect,
29a294e389120f4ba4ed8d2f718f5feb68e5fe553bfecdee53c38e7da288011d,2026-04,Suffolk Constabulary,Suffolk Constabulary,0.516847,52.344380,On or near Kingsway,E01029947,West Suffolk 004E,Violence and sexual offences,Under investigation,
5eff8e33a5cd8b286cf9940054cb150e9ea4ca72567b7e1d93bf0428a0a0b2e7,2026-04,Suffolk Constabulary,Suffolk Constabulary,0.509705,52.343228,On or near High Street,E01029947,West Suffolk 004E,Violence and sexual offences,Unable to prosecute suspect,
0d272fa67cdde783b3f503dfa8387a0887efa0d9320ce4590b6ed56beef48114,2026-04,Suffolk Constabulary,Suffolk Constabulary,0.508050,52.340709,On or near Mill Street,E01029947,West Suffolk 004E,Violence and sexual offences,Under investigation,
61d52b87b494be89188c8504838d36c7ad5996decc1b19d58513cc298164feba,2026-04,Suffolk Constabulary,Suffolk Constabulary,0.508697,52.342017,On or near Aldrich Place,E01029947,West Suffolk 004E,Violence and sexual offences,Investigation complete; no suspect identified,
43b66e5a0b79efe03a4f499f38a6666f190ee48e4282dbe5979d162ca9fcfae2,2026-04,Suffolk Constabulary,Suffolk Constabulary,0.511719,52.342450,On or near Shopping Area,E01029947,West Suffolk 004E,Violence and sexual offences,Unable to prosecute suspect,
82cfaa53877daa473f24c24b540891b404b505ffd5be5758bcae16648c57f309,2026-04,Suffolk Constabulary,Suffolk Constabulary,0.510246,52.342929,On or near White Hart Court,E01029947,West Suffolk 004E,Violence and sexual offences,Unable to prosecute suspect,
c4505d0a9bfa96d9e12ee76626cc250bf328b15c151e2b7fd8b5ebf63907b319,2026-04,Suffolk Constabulary,Suffolk Constabulary,0.509705,52.343228,On or near High Street,E01029947,West Suffolk 004E,Other crime,Under investigation,
c9f14ae8b028f52f2393669bef8f5055ae5b371a538490da2d8da861570efa43,2026-04,Suffolk Constabulary,Suffolk Constabulary,0.846157,52.327432,On or near Lammas Close,E01030095,West Suffolk 005A,Other theft,Under investigation,
5c8db9811f809d0d2185d0ccad5a864b35a630a6d70b5fc5fdb1061b3f80e4cd,2026-04,Suffolk Constabulary,Suffolk Constabulary,0.865087,52.366409,On or near Rushford Road,E01030095,West Suffolk 005A,Violence and sexual offences,Unable to prosecute suspect,
74d3463ea24c0d9a7b7f1cbdcdc1103d0825544357fc380acc770639d3c6203b,2026-04,Suffolk Constabulary,Suffolk Constabulary,0.960142,52.365791,On or near Church Lane,E01030096,West Suffolk 005B,Violence and sexual offences,Action to be taken by another organisation,
160d5fa158c5d6f1343dce58225c5adacc7de1191a79237147ad92b72565b5e7,2026-04,Suffolk Constabulary,Suffolk Constabulary,0.960142,52.365791,On or near Church Lane,E01030096,West Suffolk 005B,Violence and sexual offences,Action to be taken by another organisation,
c776f945f8946c1ba75164434bbb211a98d2e8734f70bc6ace39f2d4c1b32c57,2026-04,Suffolk Constabulary,Suffolk Constabulary,0.960142,52.365791,On or near Church Lane,E01030096,West Suffolk 005B,Violence and sexual offences,Action to be taken by another organisation,
c473a4d977b831068b1aedef6b35288c6d24dfc2ca31d0b48ba3cd27b10d1073,2026-04,Suffolk Constabulary,Suffolk Constabulary,0.909716,52.338437,On or near The Street,E01030096,West Suffolk 005B,Violence and sexual offences,Action to be taken by another organisation,
,2026-04,Suffolk Constabulary,Suffolk Constabulary,0.928939,52.372253,On or near Thelnetham Road,E01030097,West Suffolk 005C,Anti-social behaviour,,
cd05322c216859283ca4ec9cecbc738d41240c7e36c3e1fe48f7131e370a66f9,2026-04,Suffolk Constabulary,Suffolk Constabulary,0.929591,52.372992,On or near Pine Tree Court,E01030097,West Suffolk 005C,Public order,Unable to prosecute suspect,
2f8389dcb2683f1a5066a4d7e9e2096747122b38f54b7dcf2466c75458fc5de3,2026-04,Suffolk Constabulary,Suffolk Constabulary,0.921999,52.374394,On or near Nethergate Street,E01030097,West Suffolk 005C,Violence and sexual offences,Investigation complete; no suspect identified,
d227e4da02d4e799ef3e3fb20510ed5933dcc3485ec6e1119787cfc4398f780c,2026-04,Suffolk Constabulary,Suffolk Constabulary,0.925306,52.371740,On or near Bury Road,E01030097,West Suffolk 005C,Violence and sexual offences,Unable to prosecute suspect,
ad92d160ce9bd94f7b7326debc333aa410ecbafed665b78516b182ed06a8090a,2026-04,Suffolk Constabulary,Suffolk Constabulary,0.884273,52.326264,On or near Duke Street,E01030145,West Suffolk 005D,Burglary,Investigation complete; no suspect identified,
599855f07f2b5e9a0553b2dfeebd162765d33d1647414647a6abbab0fb306584,2026-04,Suffolk Constabulary,Suffolk Constabulary,0.880322,52.333223,On or near Hilltop Way,E01030145,West Suffolk 005D,Other theft,Investigation complete; no suspect identified,
,2026-04,Suffolk Constabulary,Suffolk Constabulary,0.888908,52.323957,On or near Gilbert Road,E01030146,West Suffolk 005E,Anti-social behaviour,,
98884b0ed57e39668acad224c079c661f3a1a9d2ad58d7fd7b7eaf1c0052204c,2026-04,Suffolk Constabulary,Suffolk Constabulary,0.886241,52.324481,On or near Horseshoe Rise,E01030146,West Suffolk 005E,Shoplifting,Investigation complete; no suspect identified,
2bce94b3d4ab50e0e9ee75d8b36162c5796580cee2232cbc39a706d6093d6d27,2026-04,Suffolk Constabulary,Suffolk Constabulary,0.871618,52.331204,On or near Chare Lane,E01030146,West Suffolk 005E,Vehicle crime,Investigation complete; no suspect identified,
017680dcf728c62debb77319ba87507cdf17fe92f0f677016436e6a3ef80174d,2026-04,Suffolk Constabulary,Suffolk Constabulary,0.886241,52.324481,On or near Horseshoe Rise,E01030146,West Suffolk 005E,Violence and sexual offences,Action to be taken by another organisation,
ab8358979086a98c8e60549c9d980fdceb2fccbaf8a8a3c31a2095c09de529a4,2026-04,Suffolk Constabulary,Suffolk Constabulary,0.886241,52.324481,On or near Horseshoe Rise,E01030146,West Suffolk 005E,Violence and sexual offences,Unable to prosecute suspect,
bd7c80930dfeab1df6b080f33ba15df8b4d18712ac5d57a28105b3d2fe91db70,2026-04,Suffolk Constabulary,Suffolk Constabulary,0.885231,52.323399,On or near Meadow Court,E01030146,West Suffolk 005E,Violence and sexual offences,Action to be taken by another organisation,
97736ac580e5411d517c5be22ec389fe46b77e913e3f3d4e206c2943592125a6,2026-04,Suffolk Constabulary,Suffolk Constabulary,0.886241,52.324481,On or near Horseshoe Rise,E01030146,West Suffolk 005E,Violence and sexual offences,Action to be taken by another organisation,
9901df421de44170d8bb685c9777a4f36bc4a6c57b49942df2f01481596dc400,2026-04,Suffolk Constabulary,Suffolk Constabulary,0.886241,52.324481,On or near Horseshoe Rise,E01030146,West Suffolk 005E,Violence and sexual offences,Action to be taken by another organisation,
830cd04bc29e4589cbde082d7c8c5b3045b21c1753cb08e5cdbf717b620bc132,2026-04,Suffolk Constabulary,Suffolk Constabulary,0.786879,52.378163,On or near The Street,E01030094,West Suffolk 006A,Burglary,Investigation complete; no suspect identified,
8605eccbbf3512fb4dcf0cc2101dfdd09068c5c42256666fb7b01d03e7eb7a14,2026-04,Suffolk Constabulary,Suffolk Constabulary,0.784643,52.380221,On or near Thetford Road,E01030094,West Suffolk 006A,Burglary,Investigation complete; no suspect identified,
cd16ae7aa62a8e974cb98e960f15ed4a5702d511e659fb54654bcfd39b8176c0,2026-04,Suffolk Constabulary,Suffolk Constabulary,0.806066,52.335460,On or near Malting Row,E01030094,West Suffolk 006A,Violence and sexual offences,Under investigation,
,2026-04,Suffolk Constabulary,Suffolk Constabulary,0.832150,52.303470,On or near The Langridge,E01030121,West Suffolk 006B,Anti-social behaviour,,
,2026-04,Suffolk Constabulary,Suffolk Constabulary,0.833706,52.296148,On or near Peacock Rise,E01030121,West Suffolk 006B,Anti-social behaviour,,
51231cace17daf06ebc0736e177245a3de5eb73ca369a7c1919efb56c1ced5fd,2026-04,Suffolk Constabulary,Suffolk Constabulary,0.809637,52.320933,On or near Thetford Road,E01030121,West Suffolk 006B,Criminal damage and arson,Investigation complete; no suspect identified,
b84eece3bf688990dc2869871987eb4411fcbff96efa4310bc9a7c8d224e8f16,2026-04,Suffolk Constabulary,Suffolk Constabulary,0.836985,52.298102,On or near Crown Lane,E01030121,West Suffolk 006B,Other theft,Investigation complete; no suspect identified,
8d818964056d75b137c4139db4913bac41a737e78bb0f50cf123f12e65c1cce2,2026-04,Suffolk Constabulary,Suffolk Constabulary,0.841531,52.302444,On or near Coltsfoot Close,E01030121,West Suffolk 006B,Violence and sexual offences,Under investigation,
c93dbd692c9c9657892e92493a4bdf2497fc09dd0501d3b6612bb1915881d1a3,2026-04,Suffolk Constabulary,Suffolk Constabulary,0.830663,52.302481,On or near Peddars Close,E01030121,West Suffolk 006B,Violence and sexual offences,Under investigation,
355526b8c022f9de6adea1a31a8459869e1125cb7c3d244143f2847ae6836aba,2026-04,Suffolk Constabulary,Suffolk Constabulary,0.836837,52.296945,On or near New Road,E01030121,West Suffolk 006B,Violence and sexual offences,Investigation complete; no suspect identified,
18ac9c5fb06db8c982c16241a3f9bd5ef94e4b4fece6ba921a2d23442f4b9c03,2026-04,Suffolk Constabulary,Suffolk Constabulary,0.727386,52.293581,On or near Church Lane,E01030133,West Suffolk 006D,Criminal damage and arson,Under investigation,
616cde9d3152e0be7f468af65f222548d30572604107429866842066d7984855,2026-04,Suffolk Constabulary,Suffolk Constabulary,0.775622,52.335038,On or near Green Lane,E01030133,West Suffolk 006D,Other theft,Investigation complete; no suspect identified,
0093d5ce339efffb8ea17e17d34a03bb511c584d06617a089b244da68088f8ef,2026-04,Suffolk Constabulary,Suffolk Constabulary,0.775622,52.335038,On or near Green Lane,E01030133,West Suffolk 006D,Violence and sexual offences,Under investigation,
,2026-04,Suffolk Constabulary,Suffolk Constabulary,0.517091,52.246015,On or near Highwood Road,E01029941,West Suffolk 007A,Anti-social behaviour,,
99898ca244017467c773c8cc723a5188b55b9ea0b11c817d1b3e0c8b8f3c9d8f,2026-04,Suffolk Constabulary,Suffolk Constabulary,0.591441,52.329925,On or near Mildenhall Road,E01029941,West Suffolk 007A,Other theft,Investigation complete; no suspect identified,
028defd58a3d969d34ff8e467476bd03e4d3f2cb22a98fda0a7a41f5cacc77b3,2026-04,Suffolk Constabulary,Suffolk Constabulary,0.516685,52.245062,On or near Meadow Way,E01029941,West Suffolk 007A,Public order,Unable to prosecute suspect,
b20f93acc8076a1af978a7ba8f835510a0d7efcfc1f7783558cd78356f8251bd,2026-04,Suffolk Constabulary,Suffolk Constabulary,0.485519,52.248348,On or near St Peters Close,E01029957,West Suffolk 007B,Drugs,Awaiting court outcome,
a41411f75310b7019cc6f7901be5ea8c37b43f83708fb65c069ae468c06abc1c,2026-04,Suffolk Constabulary,Suffolk Constabulary,0.487179,52.269643,On or near Sire Lane,E01029957,West Suffolk 007B,Vehicle crime,Investigation complete; no suspect identified,
2c227c6a18eb8c073def853039d8851d9ffb75b580e4def6bcc24bdeb5f82313,2026-04,Suffolk Constabulary,Suffolk Constabulary,0.498458,52.272633,On or near Orchard Place,E01029957,West Suffolk 007B,Violence and sexual offences,Unable to prosecute suspect,
545faa55b4c1540cd79c59c09714132823debf98cf9e41a60862924dcbf8fb35,2026-04,Suffolk Constabulary,Suffolk Constabulary,0.499064,52.274806,On or near St Mary'S Road,E01029957,West Suffolk 007B,Violence and sexual offences,Unable to prosecute suspect,
c6b23bd79fa244fbb64f19263a132328b9a65fd52a2f2aaf8e115b2290c17cb4,2026-04,Suffolk Constabulary,Suffolk Constabulary,0.499064,52.274806,On or near St Mary'S Road,E01029957,West Suffolk 007B,Other crime,Further investigation is not in the public interest,
1dc74bf45be51660970f37721ac38226bbb6c96e0481d1fab68004dbbb7067e8,2026-04,Suffolk Constabulary,Suffolk Constabulary,0.487951,52.269816,On or near Larnach Drive,E01029957,West Suffolk 007B,Other crime,Under investigation,
c11618a7284878a07747e8b47a54f1f0183e41ebdf4fa79f9bc484bbc1517990,2026-04,Suffolk Constabulary,Suffolk Constabulary,0.492762,52.303049,On or near Gorse Close,E01033452,West Suffolk 007C,Criminal damage and arson,Unable to prosecute suspect,
df4b9df5c7186f08fd0b2a5c4e0af73267d2d4ab37b95612a0e4511c1acd5613,2026-04,Suffolk Constabulary,Suffolk Constabulary,0.485649,52.299917,On or near White Mullein Drive,E01033452,West Suffolk 007C,Other theft,Investigation complete; no suspect identified,
b7b7e35937f6b99bacd62d26e7018f20ac2d957bbaadb9b86de5f0de33d08016,2026-04,Suffolk Constabulary,Suffolk Constabulary,0.492762,52.303049,On or near Gorse Close,E01033452,West Suffolk 007C,Possession of weapons,Unable to prosecute suspect,
6948634367d433eb31fdd62c8a0d722bb377b3a82b87901238601ff0f841d131,2026-04,Suffolk Constabulary,Suffolk Constabulary,0.497117,52.300934,On or near Blackthorn Close,E01033452,West Suffolk 007C,Violence and sexual offences,Under investigation,
9107e01247fb6232ec5088ff652ca0d86581a0673fa07d0edf5b465c9a207867,2026-04,Suffolk Constabulary,Suffolk Constabulary,0.490891,52.305247,On or near Lavender Close,E01033454,West Suffolk 007D,Public order,Under investigation,
4e04ffef176819f0453c37fc4d377fe4c42bf5094dbe85142c1cb8a5566df488,2026-04,Suffolk Constabulary,Suffolk Constabulary,0.496917,52.309886,On or near Elderberry Road,E01033454,West Suffolk 007D,Vehicle crime,Investigation complete; no suspect identified,
f7090bb6cdafe407710913a7d887670c875172d847d6c932f307ad835f0bf8b9,2026-04,Suffolk Constabulary,Suffolk Constabulary,0.499323,52.309628,On or near Acorn Way,E01033454,West Suffolk 007D,Violence and sexual offences,Action to be taken by another organisation,
f5e8af076c67663fe8616ada90e513eaa2f0ce4f8f627faf50b95c6cb89bdb2b,2026-04,Suffolk Constabulary,Suffolk Constabulary,0.482117,52.301808,On or near Turnpike Lane,E01033454,West Suffolk 007D,Violence and sexual offences,Unable to prosecute suspect,
8d151acffedcc89e0574b26aed8c5f1ae6e5ee3281c541f35d54c5e2e7effd23,2026-04,Suffolk Constabulary,Suffolk Constabulary,0.482117,52.301808,On or near Turnpike Lane,E01033454,West Suffolk 007D,Violence and sexual offences,Unable to prosecute suspect,
5738694a76f90c68c9b1a3fb3c6ff744b8fdeb025e69e66324cf50f3c79ee1dd,2026-04,Suffolk Constabulary,Suffolk Constabulary,0.491211,52.304934,On or near Magnolia Close,E01033454,West Suffolk 007D,Other crime,Unable to prosecute suspect,
,2026-04,Suffolk Constabulary,Suffolk Constabulary,0.501728,52.306223,On or near Parsley Close,E01034566,West Suffolk 007E,Anti-social behaviour,,
,2026-04,Suffolk Constabulary,Suffolk Constabulary,0.497359,52.304697,On or near Hundred Acre Way,E01034566,West Suffolk 007E,Anti-social behaviour,,
,2026-04,Suffolk Constabulary,Suffolk Constabulary,0.501728,52.306223,On or near Parsley Close,E01034566,West Suffolk 007E,Anti-social behaviour,,
,2026-04,Suffolk Constabulary,Suffolk Constabulary,0.496778,52.301678,On or near Privet Way,E01034566,West Suffolk 007E,Anti-social behaviour,,
,2026-04,Suffolk Constabulary,Suffolk Constabulary,0.499851,52.306748,On or near Tayberry Close,E01034566,West Suffolk 007E,Anti-social behaviour,,
,2026-04,Suffolk Constabulary,Suffolk Constabulary,0.496452,52.307872,On or near Juniper Road,E01034566,West Suffolk 007E,Anti-social behaviour,,
300b8cb6b4863692a897d7e9d89bb5375ae196155e6ca00597bec39cc1bfb66e,2026-04,Suffolk Constabulary,Suffolk Constabulary,0.499636,52.308407,On or near Poppy Close,E01034566,West Suffolk 007E,Criminal damage and arson,Under investigation,
68b5ca69f18e4b4cf827125b4c89d0a15b70a1de3fb19ce2b065c079cdd22875,2026-04,Suffolk Constabulary,Suffolk Constabulary,0.499851,52.306748,On or near Tayberry Close,E01034566,West Suffolk 007E,Other theft,Investigation complete; no suspect identified,
7504f4a710b5ccc71c637043cfe664d599679647a837d4949ee200f9b698eb32,2026-04,Suffolk Constabulary,Suffolk Constabulary,0.501728,52.306223,On or near Parsley Close,E01034566,West Suffolk 007E,Public order,Under investigation,
1d330cc6507db9d5ba8de423bd5e1a6fbcc098ea655d9164674b2a4ada3a4cbe,2026-04,Suffolk Constabulary,Suffolk Constabulary,0.497909,52.303534,On or near Plantation Way,E01034566,West Suffolk 007E,Public order,Unable to prosecute suspect,
7c0cc6e13d59286cafc4adf925b521f22559bde92d3b4144c8be17e0b6411b4e,2026-04,Suffolk Constabulary,Suffolk Constabulary,0.495922,52.304448,On or near Fennel Drive,E01034566,West Suffolk 007E,Violence and sexual offences,Unable to prosecute suspect,
c9b49fa7293de517cc627699d75ca269c9734d4468e336f6cd032689907c67bf,2026-04,Suffolk Constabulary,Suffolk Constabulary,0.501680,52.309524,On or near Bilberry Close,E01034566,West Suffolk 007E,Violence and sexual offences,Unable to prosecute suspect,
16fbc6e66300ec018396714263f33d5d1fa8f4afc48991ea0785a331a712f832,2026-04,Suffolk Constabulary,Suffolk Constabulary,0.497909,52.303534,On or near Plantation Way,E01034566,West Suffolk 007E,Violence and sexual offences,Local resolution,
32e5bfcc6b371ac0a70ed412e232d23c191a7e2d5065c24608e55c61c600fc68,2026-04,Suffolk Constabulary,Suffolk Constabulary,0.501728,52.306223,On or near Parsley Close,E01034566,West Suffolk 007E,Violence and sexual offences,Offender given a caution,
c14816b215d1c7defdf83824174dbee9560a9cc860625f82e0ee96036a3318c3,2026-04,Suffolk Constabulary,Suffolk Constabulary,0.498322,52.304343,On or near Hawthorne Close,E01034566,West Suffolk 007E,Violence and sexual offences,Unable to prosecute suspect,
f94a6964a71dfe30d174d89cb9132f470649a0c4a3bd0a55521b14418cdf683c,2026-04,Suffolk Constabulary,Suffolk Constabulary,0.501285,52.302788,On or near Myrtle Lane,E01034567,West Suffolk 007F,Other theft,Unable to prosecute suspect,
98a1b821a9d37729ac85875a83935d8d22d8f89ecb9d930c59835b243d92355e,2026-04,Suffolk Constabulary,Suffolk Constabulary,0.499789,52.299663,On or near Burdock Road,E01034567,West Suffolk 007F,Violence and sexual offences,Unable to prosecute suspect,
d0864c7238c5646c49429bfc10d62af3e36e2bf5b6c3777d7497e22981730715,2026-04,Suffolk Constabulary,Suffolk Constabulary,0.366031,52.259959,On or near Heath Road,E01029937,West Suffolk 008A,Burglary,Under investigation,
1dc091d9ea9a8046427809f084126d5373050b91d69f8c2691be6da5edef72e1,2026-04,Suffolk Constabulary,Suffolk Constabulary,0.371810,52.261974,On or near Frogmore,E01029937,West Suffolk 008A,Criminal damage and arson,Under investigation,
60dbedb9d1b48480756a5203086000070e74cef7fe431d4ddd90e631c1b37296,2026-04,Suffolk Constabulary,Suffolk Constabulary,0.366503,52.265237,On or near Queensway,E01029937,West Suffolk 008A,Public order,Awaiting court outcome,
89061f68218b4e91e1fcaf31f2747cf42ff3f8f94f207407e65515fd04550621,2026-04,Suffolk Constabulary,Suffolk Constabulary,0.376207,52.263081,On or near Exning Road,E01029937,West Suffolk 008A,Vehicle crime,Investigation complete; no suspect identified,
44ae5bd4896b15542c876860daf7fde7fd655ab7c655eed7be624456355f091c,2026-04,Suffolk Constabulary,Suffolk Constabulary,0.364504,52.264863,On or near Plover Place,E01029937,West Suffolk 008A,Vehicle crime,Investigation complete; no suspect identified,
416389d5446a8d50fe25ff1585127e876770877a6b4dec6cda186bd3807f02da,2026-04,Suffolk Constabulary,Suffolk Constabulary,0.360690,52.266441,On or near Tern Place,E01029937,West Suffolk 008A,Vehicle crime,Investigation complete; no suspect identified,
dbec63a37293689ed797470eabbf5722340e0dad48db09d9efb552093225d524,2026-04,Suffolk Constabulary,Suffolk Constabulary,0.359853,52.267789,On or near Parking Area,E01029937,West Suffolk 008A,Violence and sexual offences,Under investigation,
22cd95e177676dc5787515dd16ec40a4bafbbfd67e8eecdd60194767864df0ba,2026-04,Suffolk Constabulary,Suffolk Constabulary,0.365330,52.266060,On or near Queens View,E01029937,West Suffolk 008A,Violence and sexual offences,Under investigation,
5dd5b2f3c9f24218973d750c36802eb89df261a0f147c6f2d69602e15796194f,2026-04,Suffolk Constabulary,Suffolk Constabulary,0.359853,52.267789,On or near Parking Area,E01029937,West Suffolk 008A,Violence and sexual offences,Unable to prosecute suspect,
c6a6cf7b3cd43f3ddd5c5aeb1b2f718a3db4d2a417c678476717578be3c14daa,2026-04,Suffolk Constabulary,Suffolk Constabulary,0.359853,52.267789,On or near Parking Area,E01029937,West Suffolk 008A,Violence and sexual offences,Under investigation,
6fc5933057b2853998048211c5886a314b8ad98155deafa8b7abae9b2e887852,2026-04,Suffolk Constabulary,Suffolk Constabulary,0.366503,52.265237,On or near Queensway,E01029937,West Suffolk 008A,Violence and sexual offences,Awaiting court outcome,
e018445ca66b7261c6e17c0e6a5dc6d49663aeeb1d6d4bcc21b8f0a4175aa6fa,2026-04,Suffolk Constabulary,Suffolk Constabulary,0.371640,52.264549,On or near New River Green,E01029937,West Suffolk 008A,Violence and sexual offences,Under investigation,
dfc2e5a6129ce9d5c1e150eaa884ae1462d39ae4c4f943f7242ac2a465f18332,2026-04,Suffolk Constabulary,Suffolk Constabulary,0.398433,52.272748,On or near Snailwell Short Road,E01029937,West Suffolk 008A,Violence and sexual offences,Unable to prosecute suspect,
cdf9cec0e772afae3f33a53d7b3f3148ea30392699fbdc06377e1f21e1b4f40e,2026-04,Suffolk Constabulary,Suffolk Constabulary,0.360122,52.267073,On or near The Drift,E01029937,West Suffolk 008A,Violence and sexual offences,Investigation complete; no suspect identified,
836b9775347d3a0be762caffec87c38a888967f1f2c30861987ffec76d220bcf,2026-04,Suffolk Constabulary,Suffolk Constabulary,0.392404,52.255246,On or near Guineas Close,E01029953,West Suffolk 008B,Criminal damage and arson,Investigation complete; no suspect identified,
4a073f50a8a0ab4639f2edc2ee2b2e3c155a18c2617ce6becc4e4cf41aa5f086,2026-04,Suffolk Constabulary,Suffolk Constabulary,0.395163,52.258849,On or near Willie Snaith Road,E01029953,West Suffolk 008B,Drugs,Unable to prosecute suspect,
85a73b088263b62a2925782b9fdc0423803a5f19dd20102eb6ff2c6db048095f,2026-04,Suffolk Constabulary,Suffolk Constabulary,0.395163,52.258849,On or near Willie Snaith Road,E01029953,West Suffolk 008B,Drugs,Under investigation,
2e9970e578831a0587bd0a49269221e3bef0ab68aaadc7fc6417401c17bb8927,2026-04,Suffolk Constabulary,Suffolk Constabulary,0.389922,52.256771,On or near Laureate Gardens,E01029953,West Suffolk 008B,Other theft,Unable to prosecute suspect,
25e67fc071cf1a70ec452d8d623f8e8104c61dd17f9ff8b8cb77a22381d64078,2026-04,Suffolk Constabulary,Suffolk Constabulary,0.397673,52.262998,On or near Petrol Station,E01029953,West Suffolk 008B,Possession of weapons,Awaiting court outcome,
8fb706af25c2483e209780e07a7f32a0e82a10a3f4f9ff8a49c53aaee6955d03,2026-04,Suffolk Constabulary,Suffolk Constabulary,0.396089,52.262285,On or near Supermarket,E01029953,West Suffolk 008B,Shoplifting,Unable to prosecute suspect,
7b3a0c388e8483c77e9ee8378b037cf3491337d0f0534515224ceed2a3afb823,2026-04,Suffolk Constabulary,Suffolk Constabulary,0.396089,52.262285,On or near Supermarket,E01029953,West Suffolk 008B,Shoplifting,Awaiting court outcome,
f1a6c775536715e578d9b68ff781596c35e79f5c5ad20caff53d9851c5b88916,2026-04,Suffolk Constabulary,Suffolk Constabulary,0.397673,52.262998,On or near Petrol Station,E01029953,West Suffolk 008B,Shoplifting,Awaiting court outcome,
52b9d83059b4b6a0573e46e80287e06793adb6f2e7ed00ce8db47d9a25a8e8f3,2026-04,Suffolk Constabulary,Suffolk Constabulary,0.395163,52.258849,On or near Willie Snaith Road,E01029953,West Suffolk 008B,Shoplifting,Awaiting court outcome,
8a338f72d977c66c2219ef6ff131d2c25029b5e5693e064352657d4ee4353021,2026-04,Suffolk Constabulary,Suffolk Constabulary,0.395163,52.258849,On or near Willie Snaith Road,E01029953,West Suffolk 008B,Shoplifting,Awaiting court outcome,
a62e50dab0ff890b1256368f7c1d2430d38966d9509ad4ef79bacd8fa7f69254,2026-04,Suffolk Constabulary,Suffolk Constabulary,0.395163,52.258849,On or near Willie Snaith Road,E01029953,West Suffolk 008B,Shoplifting,Awaiting court outcome,
0f4863abd2bc745355a8cf682cf579734982ab4443bf14c2cb0df1da7be0e0a1,2026-04,Suffolk Constabulary,Suffolk Constabulary,0.396089,52.262285,On or near Supermarket,E01029953,West Suffolk 008B,Shoplifting,Investigation complete; no suspect identified,
ab5479482253bfbc1b8b62896ae2ca22f1ac5e9ea8e567879e436f997acf2a34,2026-04,Suffolk Constabulary,Suffolk Constabulary,0.395163,52.258849,On or near Willie Snaith Road,E01029953,West Suffolk 008B,Shoplifting,Under investigation,
0b27e76877d767cad81d6ced67bd59a6373c01d96a8f89cdfc71fd684cbaf10c,2026-04,Suffolk Constabulary,Suffolk Constabulary,0.395163,52.258849,On or near Willie Snaith Road,E01029953,West Suffolk 008B,Shoplifting,Under investigation,
fa6deb46d364095cd202356d8d63b996fb964259829f66bac152e49b61b81ed0,2026-04,Suffolk Constabulary,Suffolk Constabulary,0.389922,52.256771,On or near Laureate Gardens,E01029953,West Suffolk 008B,Violence and sexual offences,Unable to prosecute suspect,
26dcf3db92f9d32b61a72524e986c3514bbb0f71b7b846c02c9a80f3db0d3734,2026-04,Suffolk Constabulary,Suffolk Constabulary,0.391093,52.261099,On or near Studlands Park Avenue,E01029953,West Suffolk 008B,Violence and sexual offences,Under investigation,
90c39c1bbd8fe0425be79f678c19fd28630e63a00a6df0786c67026dbd9c5a32,2026-04,Suffolk Constabulary,Suffolk Constabulary,0.393886,52.253921,On or near Griffin Gardens,E01029955,West Suffolk 008C,Burglary,Investigation complete; no suspect identified,
bd86805d5843d1b036a96bedba23c4f698ab3d648385dfcbf8b368cfc887da5d,2026-04,Suffolk Constabulary,Suffolk Constabulary,0.400878,52.249633,On or near Engelhard Road,E01029955,West Suffolk 008C,Other theft,Unable to prosecute suspect,
9200019ee053acf1bb6ab80eeb60ffeb100615b9dd810e5c99eedd658661cd5a,2026-04,Suffolk Constabulary,Suffolk Constabulary,0.400878,52.249633,On or near Engelhard Road,E01029955,West Suffolk 008C,Other theft,Unable to prosecute suspect,
c63877e6b4dc8b537272081cbb765126d94853c408de277dd959508b39b7c428,2026-04,Suffolk Constabulary,Suffolk Constabulary,0.395373,52.254043,On or near Corsican Pine Close,E01029955,West Suffolk 008C,Possession of weapons,Unable to prosecute suspect,
300fcce4a34ce30ec8a1b42752df7c21f27134610bf1a45baed3becc5982948d,2026-04,Suffolk Constabulary,Suffolk Constabulary,0.395373,52.254043,On or near Corsican Pine Close,E01029955,West Suffolk 008C,Violence and sexual offences,Unable to prosecute suspect,
b42b27a1ecca10aec549284e0bc4ce541f5c9bddea5a81f63fc8312f43f20185,2026-04,Suffolk Constabulary,Suffolk Constabulary,0.400878,52.249633,On or near Engelhard Road,E01029955,West Suffolk 008C,Violence and sexual offences,Action to be taken by another organisation,
865131c95bb57ab9f659660bf0f9e6b25c1cc38c515278186bdab1a6a0e59317,2026-04,Suffolk Constabulary,Suffolk Constabulary,0.393886,52.253921,On or near Griffin Gardens,E01029955,West Suffolk 008C,Violence and sexual offences,Under investigation,
5eb533eda8254f044550ba5f033ed523b74b54876af938c260097c8966e384ae,2026-04,Suffolk Constabulary,Suffolk Constabulary,0.400878,52.249633,On or near Engelhard Road,E01029955,West Suffolk 008C,Violence and sexual offences,Unable to prosecute suspect,
18ebbd7ea679f1a7991812f6c84f4b6da1a4ef9c371b9a3fc04836175689851f,2026-04,Suffolk Constabulary,Suffolk Constabulary,0.395373,52.254043,On or near Corsican Pine Close,E01029955,West Suffolk 008C,Violence and sexual offences,Unable to prosecute suspect,
45aa628b2ad584b737c396f1fa3ebe914a1fa40e17bd29b2acec39de33f42902,2026-04,Suffolk Constabulary,Suffolk Constabulary,0.400878,52.249633,On or near Engelhard Road,E01029955,West Suffolk 008C,Violence and sexual offences,Unable to prosecute suspect,
b847ae42eb48ebf94921c47ed6b0baf05346d0b75a00a668787eabfc00bd2343,2026-04,Suffolk Constabulary,Suffolk Constabulary,0.400878,52.249633,On or near Engelhard Road,E01029955,West Suffolk 008C,Violence and sexual offences,Unable to prosecute suspect,
,2026-04,Suffolk Constabulary,Suffolk Constabulary,0.383976,52.263392,On or near Royal Palace Close,E01029956,West Suffolk 008D,Anti-social behaviour,,
616dc18ff89a4e84ba9e67e5f605c5ed70914e2b7c564eb247161eee5eb500c1,2026-04,Suffolk Constabulary,Suffolk Constabulary,0.391958,52.264643,On or near Hyperion Way,E01029956,West Suffolk 008D,Public order,Investigation complete; no suspect identified,
4decb06809c6ee9b6b3188eb088674b527203a6dc33711472cd34c83c71d8c34,2026-04,Suffolk Constabulary,Suffolk Constabulary,0.383800,52.264205,On or near Highclere Close,E01029956,West Suffolk 008D,Violence and sexual offences,Unable to prosecute suspect,
eb10098cea89b913bf507dea82fb778606c88c0804d9f6325b362347017ad8c4,2026-04,Suffolk Constabulary,Suffolk Constabulary,0.385408,52.260854,On or near Petingo Close,E01029956,West Suffolk 008D,Violence and sexual offences,Under investigation,
e251a9eff900d061b9f9497935ad20e28809ebc53241defc9072bee0ec5e21a1,2026-04,Suffolk Constabulary,Suffolk Constabulary,0.408142,52.246868,On or near Supermarket,E01034568,West Suffolk 008E,Bicycle theft,Investigation complete; no suspect identified,
e5f41ef53206ffba0d2ef4fdde199956b362ea8cd908a3e2e5f8eda9b2d829ca,2026-04,Suffolk Constabulary,Suffolk Constabulary,0.406239,52.255558,On or near Wyndham Way,E01034568,West Suffolk 008E,Burglary,Investigation complete; no suspect identified,
41c419f44188acd15d0829b518be732a7f40c8b5bac3b41dfe9841a6b7bbfe5d,2026-04,Suffolk Constabulary,Suffolk Constabulary,0.406239,52.255558,On or near Wyndham Way,E01034568,West Suffolk 008E,Burglary,Suspect charged as part of another case,
2467ab70cede6ccb462a27fa9d6d526c9b061e47803d985b0ac0ee0ba43c489c,2026-04,Suffolk Constabulary,Suffolk Constabulary,0.405466,52.246689,On or near Exeter Road,E01034568,West Suffolk 008E,Criminal damage and arson,Under investigation,
abc23244d51e09812b78fae395ed41eb9bf99bde3573f040cf4c17ccd3c09e64,2026-04,Suffolk Constabulary,Suffolk Constabulary,0.404475,52.244623,On or near Parking Area,E01034568,West Suffolk 008E,Criminal damage and arson,Unable to prosecute suspect,
e6c86b8e82ad55bf78da80ac3fed8566270316582c18f668d96f41caac04fabd,2026-04,Suffolk Constabulary,Suffolk Constabulary,0.405402,52.244433,On or near Drapery Row,E01034568,West Suffolk 008E,Drugs,Local resolution,
2cc557d157213fbb9073cd4623053edc97b9ecb33dda036c6f3db75308730f1b,2026-04,Suffolk Constabulary,Suffolk Constabulary,0.407460,52.249967,On or near Brewers Lane,E01034568,West Suffolk 008E,Other theft,Under investigation,
b92cddf34362a1deced72014f1bdf98fd64093de07699209eeadcf95f2d81aad,2026-04,Suffolk Constabulary,Suffolk Constabulary,0.407460,52.249967,On or near Brewers Lane,E01034568,West Suffolk 008E,Other theft,Investigation complete; no suspect identified,
5e63b97fc845259df3d5bc2967b8c1d3374251fa4ec22dbf68ffb217d157c118,2026-04,Suffolk Constabulary,Suffolk Constabulary,0.408142,52.246868,On or near Supermarket,E01034568,West Suffolk 008E,Other theft,Investigation complete; no suspect identified,
150dcbadba7ea90d5e56b3c20d67d6e246efa6a2777f8d82ddde33043ff15671,2026-04,Suffolk Constabulary,Suffolk Constabulary,0.405402,52.244433,On or near Drapery Row,E01034568,West Suffolk 008E,Other theft,Investigation complete; no suspect identified,
8cccc1d66408206f949959021220bf35e07dcd5254545522d34fc8df062f2c1f,2026-04,Suffolk Constabulary,Suffolk Constabulary,0.405402,52.244433,On or near Drapery Row,E01034568,West Suffolk 008E,Public order,Investigation complete; no suspect identified,
5960be3085da42dd7116c4a0903f97926dd52248ba3481a6c69dbd4e7f66ef32,2026-04,Suffolk Constabulary,Suffolk Constabulary,0.405402,52.244433,On or near Drapery Row,E01034568,West Suffolk 008E,Theft from the person,Investigation complete; no suspect identified,
b4e3b2526dbf2b67a4edda79e4b8aebe1f3cbd3cd45e4c4c96f459c4023d3d38,2026-04,Suffolk Constabulary,Suffolk Constabulary,0.403667,52.249999,On or near Permian Close,E01034569,West Suffolk 008F,Other theft,Unable to prosecute suspect,
c6159c9e9f69429b4da73ff6b5f70287792b28532f1e03de41e7e9424371beaf,2026-04,Suffolk Constabulary,Suffolk Constabulary,0.400559,52.252670,On or near Greville Starkey Avenue,E01034569,West Suffolk 008F,Possession of weapons,Awaiting court outcome,
bd448652d39deff903c88993ca2a3715500e4d997f33ae5eb8a70e1a76022f29,2026-04,Suffolk Constabulary,Suffolk Constabulary,0.403575,52.249111,On or near Wilfred Sherman Close,E01034569,West Suffolk 008F,Public order,Investigation complete; no suspect identified,
85488af34b7c28835fcdf19b707f76a0537a226edf3e12171b7fd32204784587,2026-04,Suffolk Constabulary,Suffolk Constabulary,0.400559,52.252670,On or near Greville Starkey Avenue,E01034569,West Suffolk 008F,Violence and sexual offences,Unable to prosecute suspect,
2e220c556b4ba7a188166f0bb4c229b9d5d0f1e28323b2df735d2d39425f6725,2026-04,Suffolk Constabulary,Suffolk Constabulary,0.400559,52.252670,On or near Greville Starkey Avenue,E01034569,West Suffolk 008F,Violence and sexual offences,Action to be taken by another organisation,
,2026-04,Suffolk Constabulary,Suffolk Constabulary,0.707427,52.263798,On or near Wordsworth Road,E01030130,West Suffolk 009A,Anti-social behaviour,,
,2026-04,Suffolk Constabulary,Suffolk Constabulary,0.707427,52.263798,On or near Wordsworth Road,E01030130,West Suffolk 009A,Anti-social behaviour,,
4bc8c3c0f11bc7089deb3cef544912392d726f3250dda464683bd7949dd9e00e,2026-04,Suffolk Constabulary,Suffolk Constabulary,0.706299,52.258995,On or near Pine Leys,E01030130,West Suffolk 009A,Bicycle theft,Investigation complete; no suspect identified,
3b61e17a81e4b096ee6c7ce49605312f15c81d81a838e4354846c19a1a838129,2026-04,Suffolk Constabulary,Suffolk Constabulary,0.710143,52.262432,On or near Friary Meadow,E01030130,West Suffolk 009A,Public order,Unable to prosecute suspect,
f70f2eaac05bf4f228e16c94cd3da17133e2ebc28f73000a8cacbbb2432a1b60,2026-04,Suffolk Constabulary,Suffolk Constabulary,0.710143,52.262432,On or near Friary Meadow,E01030130,West Suffolk 009A,Shoplifting,Local resolution,
fce70d7d446700c215489b315897e673b566552976d9aab0c5165731d42ae408,2026-04,Suffolk Constabulary,Suffolk Constabulary,0.710143,52.262432,On or near Friary Meadow,E01030130,West Suffolk 009A,Shoplifting,Local resolution,
11927d256fc72bcdb66e239e1c1296bf66f06bc454b51c80c87bec37b139b178,2026-04,Suffolk Constabulary,Suffolk Constabulary,0.710143,52.262432,On or near Friary Meadow,E01030130,West Suffolk 009A,Shoplifting,Awaiting court outcome,
828faed0d5587208774dc53dfb1c69d75ea0046ec1849a310fbef3b375e63aa5,2026-04,Suffolk Constabulary,Suffolk Constabulary,0.703509,52.264679,On or near Anselm Avenue,E01030131,West Suffolk 009B,Possession of weapons,Under investigation,
dc635177b568587f4a4b4d4d0f1f9acd25562c6aeb05514aee0311d2ba915080,2026-04,Suffolk Constabulary,Suffolk Constabulary,0.703280,52.263578,On or near Lake Avenue,E01030131,West Suffolk 009B,Public order,Unable to prosecute suspect,
9b07e0f57b8e1d382934fe9cb78fab8b5e81d43e3902e367170647e710403098,2026-04,Suffolk Constabulary,Suffolk Constabulary,0.703280,52.263578,On or near Lake Avenue,E01030131,West Suffolk 009B,Shoplifting,Unable to prosecute suspect,
d67c83c7f3186c62fab5fbfba70bda4362eb26c36846885372be2e91d90321a7,2026-04,Suffolk Constabulary,Suffolk Constabulary,0.703280,52.263578,On or near Lake Avenue,E01030131,West Suffolk 009B,Shoplifting,Unable to prosecute suspect,
4e79297ca93b9539f7763571aa23eedbe37a43493c5f63a94319599307d5b5da,2026-04,Suffolk Constabulary,Suffolk Constabulary,0.703280,52.263578,On or near Lake Avenue,E01030131,West Suffolk 009B,Shoplifting,Awaiting court outcome,
c01b735459284f14864c8a25c600e17bbcf5e5672b9ea2b035325c815edb7a8e,2026-04,Suffolk Constabulary,Suffolk Constabulary,0.702740,52.265290,On or near Waveney Road,E01030131,West Suffolk 009B,Violence and sexual offences,Unable to prosecute suspect,
68456aca2f85cc4cf293431cc3a94497f3d2bd87d88504396e9d09b0620b8afc,2026-04,Suffolk Constabulary,Suffolk Constabulary,0.702740,52.265290,On or near Waveney Road,E01030131,West Suffolk 009B,Violence and sexual offences,Unable to prosecute suspect,
30dd44bc953724316d3d40e8a19857f0e6d2ccefe80541b863b0a69bad739c2e,2026-04,Suffolk Constabulary,Suffolk Constabulary,0.702740,52.265290,On or near Waveney Road,E01030131,West Suffolk 009B,Other crime,Unable to prosecute suspect,
,2026-04,Suffolk Constabulary,Suffolk Constabulary,0.694570,52.259155,On or near Gorst Close,E01030139,West Suffolk 009C,Anti-social behaviour,,
,2026-04,Suffolk Constabulary,Suffolk Constabulary,0.698363,52.254527,On or near Oakes Close,E01030139,West Suffolk 009C,Anti-social behaviour,,
2bb58ca5993aea7ccc8a871cf715ecb8c486922068b541e80e4d7762b36be64d,2026-04,Suffolk Constabulary,Suffolk Constabulary,0.703492,52.260552,On or near Lancaster Avenue,E01030139,West Suffolk 009C,Other theft,Action to be taken by another organisation,
76f01eed9d4d457d7a83e6e6cc75f73b74c0f5e049e4b71185b4ccf423d30ca4,2026-04,Suffolk Constabulary,Suffolk Constabulary,0.694570,52.259155,On or near Gorst Close,E01030139,West Suffolk 009C,Possession of weapons,Awaiting court outcome,
232bd94e438f546e647090c95d80304650071739a46d24d9653256c6a3011d20,2026-04,Suffolk Constabulary,Suffolk Constabulary,0.692418,52.256533,On or near Firtree Close,E01030139,West Suffolk 009C,Violence and sexual offences,Unable to prosecute suspect,
68db149a525e73c82b53709b21f7c22a5f7a053ca70edf27f3d943be06d5fc4f,2026-04,Suffolk Constabulary,Suffolk Constabulary,0.698363,52.254527,On or near Oakes Close,E01030139,West Suffolk 009C,Violence and sexual offences,Unable to prosecute suspect,
fb21f421d3c6e7147bc64fc9ac1f697a7db1535443204dfcb0d6b19dcbc1fa7e,2026-04,Suffolk Constabulary,Suffolk Constabulary,0.698363,52.254527,On or near Oakes Close,E01030139,West Suffolk 009C,Violence and sexual offences,Under investigation,
583414306793aecdf60e42f8b7be3cddcaedd9966effea2ede049a2c457d09cc,2026-04,Suffolk Constabulary,Suffolk Constabulary,0.694946,52.255450,On or near Goldsmith Close,E01030140,West Suffolk 009D,Criminal damage and arson,Investigation complete; no suspect identified,
4c8ad5ddb048e6819fa752c16605117e4d611d1ad8f3f1b52b33757f3be7dc72,2026-04,Suffolk Constabulary,Suffolk Constabulary,0.696812,52.257458,On or near St Olaves Road,E01030140,West Suffolk 009D,Criminal damage and arson,Investigation complete; no suspect identified,
53d5e5267d11b996808cac5d1ba3dfa5ff4490d2adc2cd2ac0fdc8963abc1831,2026-04,Suffolk Constabulary,Suffolk Constabulary,0.696812,52.257458,On or near St Olaves Road,E01030140,West Suffolk 009D,Drugs,Unable to prosecute suspect,
f32f7c4971143c782e883fb33a40d0fac7289070d3b8b15671c8b7f0dca22ee2,2026-04,Suffolk Constabulary,Suffolk Constabulary,0.697514,52.255266,On or near Trevethan Close,E01030140,West Suffolk 009D,Vehicle crime,Investigation complete; no suspect identified,
b2e82b61384977a754b4e384d03b7d7042da532468e748d9ebd49652eacd6d90,2026-04,Suffolk Constabulary,Suffolk Constabulary,0.692114,52.253834,On or near Sports/Recreation Area,E01030140,West Suffolk 009D,Violence and sexual offences,Unable to prosecute suspect,
2564b13988cfc363bae4d590ccf5e6354a3006a1f2949e928783b2062474b3fd,2026-04,Suffolk Constabulary,Suffolk Constabulary,0.694946,52.255450,On or near Goldsmith Close,E01030140,West Suffolk 009D,Violence and sexual offences,Unable to prosecute suspect,
,2026-04,Suffolk Constabulary,Suffolk Constabulary,0.693102,52.261778,On or near Sussex Road,E01030141,West Suffolk 009E,Anti-social behaviour,,
,2026-04,Suffolk Constabulary,Suffolk Constabulary,0.698946,52.260269,On or near Northumberland Avenue,E01030141,West Suffolk 009E,Anti-social behaviour,,
,2026-04,Suffolk Constabulary,Suffolk Constabulary,0.698946,52.260269,On or near Northumberland Avenue,E01030141,West Suffolk 009E,Anti-social behaviour,,
e83589f6520dc7b6001a69b3daf2eb1fc5336c95555fa23ffe1bd4e05d9d4c7f,2026-04,Suffolk Constabulary,Suffolk Constabulary,0.694970,52.262123,On or near Clay Road,E01030141,West Suffolk 009E,Violence and sexual offences,Unable to prosecute suspect,
107ec4e03e778f801bc75a3a1e79e2351e54a479b8cff58e863a4f11745911e6,2026-04,Suffolk Constabulary,Suffolk Constabulary,0.694970,52.262123,On or near Clay Road,E01030141,West Suffolk 009E,Violence and sexual offences,Unable to prosecute suspect,
0d2f9799ae2246800e8591ff324529c692faec0d965013e6089f707bef34b358,2026-04,Suffolk Constabulary,Suffolk Constabulary,0.633535,52.240650,On or near Saxham Drive,E01030098,West Suffolk 010A,Burglary,Under investigation,
137f1a4c149ac72b9cce0c0feb45ab34bebd17db0a8da04cefce628816008d14,2026-04,Suffolk Constabulary,Suffolk Constabulary,0.635589,52.239705,On or near Saxham Drive,E01030098,West Suffolk 010A,Burglary,Investigation complete; no suspect identified,
5c77555bb08ca9e9ac037c1946036cdfe87c5b9649cf4a40b995b748858625b3,2026-04,Suffolk Constabulary,Suffolk Constabulary,0.571753,52.247831,On or near Colethorpe Lane,E01030098,West Suffolk 010A,Burglary,Investigation complete; no suspect identified,
de9ad41706f84e517628ad2bdf4fe29483d665e5b8d6c251c8db2888d57184d5,2026-04,Suffolk Constabulary,Suffolk Constabulary,0.635589,52.239705,On or near Saxham Drive,E01030098,West Suffolk 010A,Burglary,Investigation complete; no suspect identified,
2ff4980b6e11763c4dc7e8177943f886568b69606136f9498bfe03928c162d8a,2026-04,Suffolk Constabulary,Suffolk Constabulary,0.586976,52.237517,On or near Macdonald Way,E01030098,West Suffolk 010A,Violence and sexual offences,Under investigation,
2457c67c6b150b0cb90dce29aa938be8bb9efcfe83ce91638466241454db31b1,2026-04,Suffolk Constabulary,Suffolk Constabulary,0.607370,52.203876,On or near Hargrave Road,E01030100,West Suffolk 010B,Criminal damage and arson,Unable to prosecute suspect,
a280e009dcfe36e46f5b0add88f144fe1a3647441c4a5633233dd49e806a1393,2026-04,Suffolk Constabulary,Suffolk Constabulary,0.607370,52.203876,On or near Hargrave Road,E01030100,West Suffolk 010B,Criminal damage and arson,Under investigation,
25ac7dbbc7a04034b3d4d002ce16ed20ed7f938cf9c3cc2f57a4e588a88500f2,2026-04,Suffolk Constabulary,Suffolk Constabulary,0.607370,52.203876,On or near Hargrave Road,E01030100,West Suffolk 010B,Possession of weapons,Under investigation,
42c41a30a30ef7166073e11e767dc4ded00048b72b7983478177df014f4b422b,2026-04,Suffolk Constabulary,Suffolk Constabulary,0.607370,52.203876,On or near Hargrave Road,E01030100,West Suffolk 010B,Violence and sexual offences,Investigation complete; no suspect identified,
af42127a81ec50f6e7d0dbbc894bd0deb646999c62b3c40603aee422b5e262d6,2026-04,Suffolk Constabulary,Suffolk Constabulary,0.611859,52.207032,On or near Barn Field,E01030100,West Suffolk 010B,Violence and sexual offences,Unable to prosecute suspect,
bc994557594014bc32987ea430f1549ee5a559559a84ce6ba56880be79fb9f3d,2026-04,Suffolk Constabulary,Suffolk Constabulary,0.614873,52.187334,On or near Parking Area,E01030100,West Suffolk 010B,Violence and sexual offences,Unable to prosecute suspect,
eece462f9439e6d0ab69254863795fe1fac52c2de934ec7a0bacb32e05863b50,2026-04,Suffolk Constabulary,Suffolk Constabulary,0.655400,52.222651,On or near Parking Area,E01030119,West Suffolk 010C,Burglary,Under investigation,
ed99ee0ef99d35b8c9c420b957c345df8348d9b0698c2933108a65acaddd5bae,2026-04,Suffolk Constabulary,Suffolk Constabulary,0.655400,52.222651,On or near Parking Area,E01030119,West Suffolk 010C,Burglary,Under investigation,
637d6993cf2a239660a44cc4fd709c39841bbcd8611d0567a6f128eb9c9aa308,2026-04,Suffolk Constabulary,Suffolk Constabulary,0.747609,52.209181,On or near Pipistrelle Way,E01030119,West Suffolk 010C,Criminal damage and arson,Unable to prosecute suspect,
662eb3ba17c984dc18fe738937760aa9d26b34d11b3c79400e3be51077427976,2026-04,Suffolk Constabulary,Suffolk Constabulary,0.723010,52.227018,On or near Old Town Lane,E01030119,West Suffolk 010C,Other theft,Investigation complete; no suspect identified,
268e11f0b1e71590f22ebc25c529292ce1797092f91e1a89a81bd249556b0fdf,2026-04,Suffolk Constabulary,Suffolk Constabulary,0.655400,52.222651,On or near Parking Area,E01030119,West Suffolk 010C,Other theft,Investigation complete; no suspect identified,
2a019f24f68c7b6a05056c8d5e9a02bae59ff80afe2bff7a3bb1183b52cd11a6,2026-04,Suffolk Constabulary,Suffolk Constabulary,0.674440,52.228318,On or near Westley Lane,E01030119,West Suffolk 010C,Violence and sexual offences,Unable to prosecute suspect,
ca35e43d65115282c618819b935d09639420ac0593587f49e764d785dc19d012,2026-04,Suffolk Constabulary,Suffolk Constabulary,0.747609,52.209181,On or near Pipistrelle Way,E01030119,West Suffolk 010C,Violence and sexual offences,Unable to prosecute suspect,
,2026-04,Suffolk Constabulary,Suffolk Constabulary,0.656051,52.298274,On or near The Links,E01030134,West Suffolk 010D,Anti-social behaviour,,
d7648b1e3f0a80787384a22864ee62dfd1a64eb1ff510d9de5fad3cc96480744,2026-04,Suffolk Constabulary,Suffolk Constabulary,0.635585,52.268554,On or near Hall Lane,E01030134,West Suffolk 010D,Violence and sexual offences,Under investigation,
ade97e09fd98a1ce4e6cc8daa7c0ef8a247aefe7cf40f09b93d95c8891c8f915,2026-04,Suffolk Constabulary,Suffolk Constabulary,0.620350,52.263246,On or near Newmarket Road,E01030134,West Suffolk 010D,Violence and sexual offences,Unable to prosecute suspect,
fbf7b7aea6e2545427d433bd00d38e0ff4a3ea89ea5eb3c41978fafa56d82bba,2026-04,Suffolk Constabulary,Suffolk Constabulary,0.635585,52.268554,On or near Hall Lane,E01030134,West Suffolk 010D,Violence and sexual offences,Under investigation,
97bc8b86e86031ad6d4d61a365092520a245db9dde01fe1a1f723c2ba7f269f1,2026-04,Suffolk Constabulary,Suffolk Constabulary,0.644504,52.265962,On or near Giles Way,E01030134,West Suffolk 010D,Other crime,Under investigation,
,2026-04,Suffolk Constabulary,Suffolk Constabulary,0.663693,52.304874,On or near Icklingham Road,E01030135,West Suffolk 010E,Anti-social behaviour,,
85a913180cba9a4bb5fbcc7d564fe775fa139f6c2f70bb1b120433ce6864c340,2026-04,Suffolk Constabulary,Suffolk Constabulary,0.716687,52.302812,On or near Beauford Road,E01030135,West Suffolk 010E,Criminal damage and arson,Investigation complete; no suspect identified,
32bf848d5abdaaa4d14712e56b38c91fb66afb82de778568ca7b61189e91ff56,2026-04,Suffolk Constabulary,Suffolk Constabulary,0.717951,52.303331,On or near Glebe Close,E01030135,West Suffolk 010E,Criminal damage and arson,Unable to prosecute suspect,
136f771759734be8a33a6d0448f77bbb59546a56e5ee323c0328523541858dbe,2026-04,Suffolk Constabulary,Suffolk Constabulary,0.626993,52.308160,On or near Park/Open Space,E01030135,West Suffolk 010E,Other theft,Local resolution,
6fdd0c6cc08c72731fb42be93c9d390e71efeedec56f26fa83c72ce7e3b81098,2026-04,Suffolk Constabulary,Suffolk Constabulary,0.639810,52.311516,On or near Parking Area,E01030135,West Suffolk 010E,Violence and sexual offences,Unable to prosecute suspect,
74bc53df5230d128ecf08682126521d1de201f418f454a8ca63e868faebb4273,2026-04,Suffolk Constabulary,Suffolk Constabulary,0.626993,52.308160,On or near Park/Open Space,E01030135,West Suffolk 010E,Violence and sexual offences,Investigation complete; no suspect identified,
cbdff38a9bd67fedd12f4b5a9498a0be30c8cd812fe23305462f3a0f9500aa51,2026-04,Suffolk Constabulary,Suffolk Constabulary,0.717951,52.303331,On or near Glebe Close,E01030135,West Suffolk 010E,Violence and sexual offences,Unable to prosecute suspect,
8934f353a2f1b3d2ad0d4f25a040cfb0719e621165e670406401dfd4ee8af74a,2026-04,Suffolk Constabulary,Suffolk Constabulary,0.717951,52.303331,On or near Glebe Close,E01030135,West Suffolk 010E,Violence and sexual offences,Local resolution,
,2026-04,Suffolk Constabulary,Suffolk Constabulary,0.712707,52.246572,On or near Brentgovel Street,E01030091,West Suffolk 011A,Anti-social behaviour,,
,2026-04,Suffolk Constabulary,Suffolk Constabulary,0.712707,52.246572,On or near Brentgovel Street,E01030091,West Suffolk 011A,Anti-social behaviour,,
,2026-04,Suffolk Constabulary,Suffolk Constabulary,0.711527,52.240916,On or near A143,E01030091,West Suffolk 011A,Anti-social behaviour,,
89dd13c0c32bb6f67835c82a53e6c65b522c9faff0e3994202b643dc27e41893,2026-04,Suffolk Constabulary,Suffolk Constabulary,0.714934,52.245856,On or near Parking Area,E01030091,West Suffolk 011A,Burglary,Unable to prosecute suspect,
6ab05df27ea81e20db6ee8babafe5036f3c4e399f1e5e20e93e9b93788b69b6d,2026-04,Suffolk Constabulary,Suffolk Constabulary,0.712078,52.246119,On or near Parking Area,E01030091,West Suffolk 011A,Criminal damage and arson,Unable to prosecute suspect,
c0587fee7a3eaaebefb7cf1050efa976547556251b1f199e31fc66ad30ed8e32,2026-04,Suffolk Constabulary,Suffolk Constabulary,0.708794,52.243425,On or near Parking Area,E01030091,West Suffolk 011A,Criminal damage and arson,Investigation complete; no suspect identified,
d2b5e60d895758ff32454127974b487dd6a752dca015316f4d5d8bab64f1f788,2026-04,Suffolk Constabulary,Suffolk Constabulary,0.716791,52.242198,On or near Crown Street,E01030091,West Suffolk 011A,Criminal damage and arson,Investigation complete; no suspect identified,
29b93c6d767acd3b24b9cc3e3d83a945e8c2b4e03d6e9a8ea66a83308fd0b403,2026-04,Suffolk Constabulary,Suffolk Constabulary,0.710847,52.244906,On or near Nightclub,E01030091,West Suffolk 011A,Drugs,Under investigation,
99bdd57eb6f69ab03b892cb38e2179ff54731e2390fd2b7a9eaf6ffe289e7dab,2026-04,Suffolk Constabulary,Suffolk Constabulary,0.708794,52.243425,On or near Parking Area,E01030091,West Suffolk 011A,Other theft,Investigation complete; no suspect identified,
cc289e8ba5b0f5a2f69da50c584bc097437289331adf3c7059a06efc48f4de5f,2026-04,Suffolk Constabulary,Suffolk Constabulary,0.714261,52.243956,On or near Hatter Street,E01030091,West Suffolk 011A,Other theft,Unable to prosecute suspect,
aefedd9808634a6a676f0894d8280d7b9fb2b711ebcd554bc413b9db84306e2f,2026-04,Suffolk Constabulary,Suffolk Constabulary,0.707719,52.239969,On or near Out Westgate,E01030091,West Suffolk 011A,Other theft,Under investigation,
9bd69c47351b90deb2aa09513ab33c4a89ae46ff54823da3c9cf07287affaacf,2026-04,Suffolk Constabulary,Suffolk Constabulary,0.712078,52.246119,On or near Parking Area,E01030091,West Suffolk 011A,Other theft,Under investigation,
d6bc0af3872ebd5b9cacee5015ee5dfcb40b9090693c2d03788b439d9c34563b,2026-04,Suffolk Constabulary,Suffolk Constabulary,0.710145,52.246613,On or near Merchants Place,E01030091,West Suffolk 011A,Public order,Unable to prosecute suspect,
a59863335fbfff72b80343cabc8d755626fe6cf8831ab9ed178292efdc108972,2026-04,Suffolk Constabulary,Suffolk Constabulary,0.712078,52.246119,On or near Parking Area,E01030091,West Suffolk 011A,Public order,Unable to prosecute suspect,
6ac246b80e91a8d319b355096be8b5e772708ab9e6f1fed84f47cdf1bc1cd07a,2026-04,Suffolk Constabulary,Suffolk Constabulary,0.715851,52.244557,On or near Parking Area,E01030091,West Suffolk 011A,Public order,Under investigation,
bf220e1568f37236886530072abd4ded5d1d87dbcf51f84e9e41028293f97204,2026-04,Suffolk Constabulary,Suffolk Constabulary,0.712078,52.246119,On or near Parking Area,E01030091,West Suffolk 011A,Public order,Unable to prosecute suspect,
7e0a7b35f125df27aa821803d4a6d284dacc0f0d66e9c29e5137ff6c1cb6ecd5,2026-04,Suffolk Constabulary,Suffolk Constabulary,0.710145,52.246613,On or near Merchants Place,E01030091,West Suffolk 011A,Public order,Under investigation,
48ba65691f71251b5d1685657365654a797455c72bf4f53682cd945edc117365,2026-04,Suffolk Constabulary,Suffolk Constabulary,0.711024,52.244929,On or near Woolhall Street,E01030091,West Suffolk 011A,Shoplifting,Local resolution,
464665033d68937596bcb6e5dce7b4d93a2089b1d32fb2d0112978891882af70,2026-04,Suffolk Constabulary,Suffolk Constabulary,0.708794,52.243425,On or near Parking Area,E01030091,West Suffolk 011A,Shoplifting,Investigation complete; no suspect identified,
602df17e7ed4aa35932b6576cce929690738dcadc75a6f3d5efd952dd9c8641c,2026-04,Suffolk Constabulary,Suffolk Constabulary,0.713807,52.245881,On or near High Baxter Street,E01030091,West Suffolk 011A,Shoplifting,Unable to prosecute suspect,
577d65cbbb7a15c15247b38cfddeec991ca8360be9dc1ec79c7d8688b8bc4163,2026-04,Suffolk Constabulary,Suffolk Constabulary,0.712078,52.246119,On or near Parking Area,E01030091,West Suffolk 011A,Shoplifting,Investigation complete; no suspect identified,
53d7008964a8065586a0d5d07ca07bd9bcef2388e7b31a3b6f35d47a26f092af,2026-04,Suffolk Constabulary,Suffolk Constabulary,0.713807,52.245881,On or near High Baxter Street,E01030091,West Suffolk 011A,Shoplifting,Investigation complete; no suspect identified,
7f8bed300fbbd48c7bdd952710894f163be2fc658a9ecfe0c9805bf9e7321078,2026-04,Suffolk Constabulary,Suffolk Constabulary,0.710145,52.246613,On or near Merchants Place,E01030091,West Suffolk 011A,Shoplifting,Investigation complete; no suspect identified,
61b91bcc535fe66ffcdf50aedd67b09904c36a57dea04635911b0b37ecd00b5a,2026-04,Suffolk Constabulary,Suffolk Constabulary,0.708794,52.243425,On or near Parking Area,E01030091,West Suffolk 011A,Shoplifting,Awaiting court outcome,
4a99e5ac5ac24d6d1b011cf7407065df28e1a6d4930c1c489c42609a430ae816,2026-04,Suffolk Constabulary,Suffolk Constabulary,0.709976,52.245511,On or near Gosnold Street,E01030091,West Suffolk 011A,Shoplifting,Under investigation,
ef740b4acfaaf7ae4d1bd84a209d8172c48c2d9e692b7cf2e201d27430e238b6,2026-04,Suffolk Constabulary,Suffolk Constabulary,0.709976,52.245511,On or near Gosnold Street,E01030091,West Suffolk 011A,Shoplifting,Investigation complete; no suspect identified,
b738b96ef72fa221250d72c6482eb71bc82761db8821918dbe1045236c9a98e8,2026-04,Suffolk Constabulary,Suffolk Constabulary,0.709976,52.245511,On or near Gosnold Street,E01030091,West Suffolk 011A,Shoplifting,Local resolution,
bb43733a9aa0ba1ffa36db11c07ebf2c8f6171fb2b2b77311f88ec938e284c36,2026-04,Suffolk Constabulary,Suffolk Constabulary,0.714048,52.244779,On or near Abbeygate Street,E01030091,West Suffolk 011A,Violence and sexual offences,Unable to prosecute suspect,
d8057bb36d908002a9f09a5a5351faed61b1912ec121ac0947bf7690caae1852,2026-04,Suffolk Constabulary,Suffolk Constabulary,0.712078,52.246119,On or near Parking Area,E01030091,West Suffolk 011A,Violence and sexual offences,Unable to prosecute suspect,
6f21960f3fff3d9555812fd83889ffbda7ae1a9bcc3981d51190ce0ec88d652b,2026-04,Suffolk Constabulary,Suffolk Constabulary,0.712078,52.246119,On or near Parking Area,E01030091,West Suffolk 011A,Violence and sexual offences,Unable to prosecute suspect,
f5cdac045b78a1c5b9d30d352c076943ceaf720a734546015e7429d4660900f7,2026-04,Suffolk Constabulary,Suffolk Constabulary,0.712641,52.245495,On or near Skinner Street,E01030091,West Suffolk 011A,Violence and sexual offences,Unable to prosecute suspect,
4d2da9b5921d01caba8d9482575d0ea807677aa69ffbc08ce166676e148b111e,2026-04,Suffolk Constabulary,Suffolk Constabulary,0.710145,52.246613,On or near Merchants Place,E01030091,West Suffolk 011A,Violence and sexual offences,Unable to prosecute suspect,
da569c49d80a2982eab85f3ee303af9cbe54c7271fa6c6293b94a277abd38734,2026-04,Suffolk Constabulary,Suffolk Constabulary,0.712641,52.245495,On or near Skinner Street,E01030091,West Suffolk 011A,Violence and sexual offences,Under investigation,
d206f5c831e8d81803b746269d9577882096b393cf6877a1da887c7d91fae718,2026-04,Suffolk Constabulary,Suffolk Constabulary,0.710145,52.246613,On or near Merchants Place,E01030091,West Suffolk 011A,Violence and sexual offences,Unable to prosecute suspect,
bf76d93c39767876de598ceee56ef3983dc022faf3672414da54af962c744aea,2026-04,Suffolk Constabulary,Suffolk Constabulary,0.710145,52.246613,On or near Merchants Place,E01030091,West Suffolk 011A,Violence and sexual offences,Unable to prosecute suspect,
89e92f2cc41a2631b94ae72e032176a8db79aaa357c82fe76df144b6923fa05e,2026-04,Suffolk Constabulary,Suffolk Constabulary,0.710145,52.246613,On or near Merchants Place,E01030091,West Suffolk 011A,Violence and sexual offences,Under investigation,
a56e344f94d2fc59393ebf83f0b800c8f9dc88ce33c1090b6d3433e1d3e0dff5,2026-04,Suffolk Constabulary,Suffolk Constabulary,0.711527,52.240916,On or near A143,E01030091,West Suffolk 011A,Violence and sexual offences,Unable to prosecute suspect,
bb1bd7d65d1d94f3a9665cac3bba05af94f55a7610d6a507185b0c3b23bf5244,2026-04,Suffolk Constabulary,Suffolk Constabulary,0.708941,52.245607,On or near Prospect Row,E01030091,West Suffolk 011A,Violence and sexual offences,Unable to prosecute suspect,
e8b984db6cc29f441869be9a5e4952efb1921a3d0f699425554c9295f20b979f,2026-04,Suffolk Constabulary,Suffolk Constabulary,0.716152,52.244694,On or near Angel Hill,E01030091,West Suffolk 011A,Violence and sexual offences,Unable to prosecute suspect,
2d8d45465e38abf44f91f99214e44502ea8a5284b7b31bb1a5a2e075b9ed1236,2026-04,Suffolk Constabulary,Suffolk Constabulary,0.708348,52.247176,On or near Nelson Road,E01030091,West Suffolk 011A,Violence and sexual offences,Unable to prosecute suspect,
a8b4541e25cf66d3a3061af2f1557e7756fab6f4844d0982841bfb07f366d4d6,2026-04,Suffolk Constabulary,Suffolk Constabulary,0.710145,52.246613,On or near Merchants Place,E01030091,West Suffolk 011A,Violence and sexual offences,Unable to prosecute suspect,
6363227acf13b295b604ddea772a8c2d74d124762438aacd909e22be2386d2b0,2026-04,Suffolk Constabulary,Suffolk Constabulary,0.714048,52.244779,On or near Abbeygate Street,E01030091,West Suffolk 011A,Violence and sexual offences,Offender given a caution,
87744b5361787425824bde73fef1c2d8a6f7e8ad3b2f2b5193c21ccae0657ff4,2026-04,Suffolk Constabulary,Suffolk Constabulary,0.714048,52.244779,On or near Abbeygate Street,E01030091,West Suffolk 011A,Violence and sexual offences,Unable to prosecute suspect,
dd0cd1477d3e80ebf6347101b532d46ed4aa6c6c3e1a952362fa48b5ff839d7a,2026-04,Suffolk Constabulary,Suffolk Constabulary,0.711527,52.240916,On or near A143,E01030091,West Suffolk 011A,Violence and sexual offences,Unable to prosecute suspect,
f66ca824b30fd86f85617d385eb141ea6fa629222d90b96d97e2ffe732ebdfe2,2026-04,Suffolk Constabulary,Suffolk Constabulary,0.712078,52.246119,On or near Parking Area,E01030091,West Suffolk 011A,Violence and sexual offences,Unable to prosecute suspect,
255f85c2f396713aa0a0f4168dfd21e6e4ff6cb2ab1304d002dcb72689b40399,2026-04,Suffolk Constabulary,Suffolk Constabulary,0.709438,52.239822,On or near Eyre Close,E01030091,West Suffolk 011A,Other crime,Offender given a caution,
6ca592bfd15c39c386efa860af37332d5d58fd7c86009fca5bf581acf983153a,2026-04,Suffolk Constabulary,Suffolk Constabulary,0.721008,52.241219,On or near Raingate Street,E01030093,West Suffolk 011B,Public order,Action to be taken by another organisation,
d6a46d796f56b02bc4113781776f39d5ccddd2f8327825f023a6c335983b1b0a,2026-04,Suffolk Constabulary,Suffolk Constabulary,0.719482,52.241659,On or near Parking Area,E01030093,West Suffolk 011B,Violence and sexual offences,Under investigation,
cddf80ff59fe774c960be5b61bb16a9c1284655c29435c42214a863dd8840465,2026-04,Suffolk Constabulary,Suffolk Constabulary,0.725770,52.237333,On or near Sports/Recreation Area,E01030093,West Suffolk 011B,Violence and sexual offences,Unable to prosecute suspect,
,2026-04,Suffolk Constabulary,Suffolk Constabulary,0.712913,52.252835,On or near Harland Court,E01030137,West Suffolk 011C,Anti-social behaviour,,
0efdd6564753e31cf6c5145a78adb66be4ac421779f7ed041a25a7935c732a32,2026-04,Suffolk Constabulary,Suffolk Constabulary,0.715134,52.252730,On or near Out Northgate,E01030137,West Suffolk 011C,Bicycle theft,Investigation complete; no suspect identified,
236fa17590688cace8cf570afea5464975a12cc6b096444d45b1d20cea4a3237,2026-04,Suffolk Constabulary,Suffolk Constabulary,0.703015,52.257289,On or near Klondyke,E01030137,West Suffolk 011C,Burglary,Investigation complete; no suspect identified,
fdf1ff0b869cfd980f15a98d8f3a925a3862e03540c8e18faf9b915e651aa995,2026-04,Suffolk Constabulary,Suffolk Constabulary,0.715134,52.252730,On or near Out Northgate,E01030137,West Suffolk 011C,Burglary,Investigation complete; no suspect identified,
21f38127f9247c2f5ae736ab7dccdb92c7f6cba007be28ac3eabbd6297f4e8ad,2026-04,Suffolk Constabulary,Suffolk Constabulary,0.709526,52.258318,On or near Sandy Lane,E01030137,West Suffolk 011C,Burglary,Under investigation,
2609c69b4086fcf2f4494dde5cee6a6886b75a1e8c8f5e5cde7c133ca3d0ab32,2026-04,Suffolk Constabulary,Suffolk Constabulary,0.711834,52.255081,On or near Thingoe Hill,E01030137,West Suffolk 011C,Criminal damage and arson,Investigation complete; no suspect identified,
0854f119be49184a7d906f957d89d0384f89dbf9b57acfedc8908f2f27e3a329,2026-04,Suffolk Constabulary,Suffolk Constabulary,0.712584,52.254408,On or near Malthouse Lane,E01030137,West Suffolk 011C,Drugs,Awaiting court outcome,
ca6dc1d9b9b23fb35ec0bff981a1172e7b3fe46a00626171d9f9aae23b21a0b5,2026-04,Suffolk Constabulary,Suffolk Constabulary,0.715298,52.254128,On or near Supermarket,E01030137,West Suffolk 011C,Public order,Under investigation,
7a660725ee3b14cb7e0a632355c4cb4d0d61cc33cf0628b9b7705dfc0c4c4459,2026-04,Suffolk Constabulary,Suffolk Constabulary,0.715298,52.254128,On or near Supermarket,E01030137,West Suffolk 011C,Shoplifting,Investigation complete; no suspect identified,
3b4babef41e07a9d2f5a50e0601a95038c1863dd71731747c4648ca01983fe9b,2026-04,Suffolk Constabulary,Suffolk Constabulary,0.715298,52.254128,On or near Supermarket,E01030137,West Suffolk 011C,Theft from the person,Investigation complete; no suspect identified,
8887d0d1dff032683dc48922b1299cf4335016886cedeb91a0cc3f26ba999fe5,2026-04,Suffolk Constabulary,Suffolk Constabulary,0.711834,52.255081,On or near Thingoe Hill,E01030137,West Suffolk 011C,Vehicle crime,Investigation complete; no suspect identified,
789d67f5050cda5d5a6c3293593bbd8590e4f5d2203dbb5bfbedc4b12f9848c2,2026-04,Suffolk Constabulary,Suffolk Constabulary,0.711834,52.255081,On or near Thingoe Hill,E01030137,West Suffolk 011C,Violence and sexual offences,Under investigation,
92c0c7105b2f0e7ae34aa4f184217ec11ea267905dbffbfa7cffe6b2406261e2,2026-04,Suffolk Constabulary,Suffolk Constabulary,0.716489,52.252358,On or near Etna Road,E01030137,West Suffolk 011C,Violence and sexual offences,Action to be taken by another organisation,
15ddfa2a67ed0ea9ec756f6f2fdeb011ba006b575ed1119628ec6bb202658546,2026-04,Suffolk Constabulary,Suffolk Constabulary,0.715298,52.254128,On or near Supermarket,E01030137,West Suffolk 011C,Violence and sexual offences,Unable to prosecute suspect,
aea84a928841b7b57f19b1f529ea68360c81c4f17ecaebb15fb80972a46aa250,2026-04,Suffolk Constabulary,Suffolk Constabulary,0.715298,52.254128,On or near Supermarket,E01030137,West Suffolk 011C,Violence and sexual offences,Unable to prosecute suspect,
2eebae505375da2f2273acb9de02a6427d0eccc963b529bf72db957297d2daba,2026-04,Suffolk Constabulary,Suffolk Constabulary,0.712978,52.250784,On or near Ipswich Street,E01030137,West Suffolk 011C,Violence and sexual offences,Unable to prosecute suspect,
bb4cc72a9bef4ea4178977b077e202c0d5eabe22ecf96305185f335864375def,2026-04,Suffolk Constabulary,Suffolk Constabulary,0.716905,52.252222,On or near Ramplin Close,E01030137,West Suffolk 011C,Violence and sexual offences,Unable to prosecute suspect,
1de0ddbb5d55d466ae27ff91bd2b363506f4dbc7cd472b18a86d7f666fdbec74,2026-04,Suffolk Constabulary,Suffolk Constabulary,0.711813,52.254731,On or near Maltings Way,E01030137,West Suffolk 011C,Violence and sexual offences,Awaiting court outcome,
26690aabae1b999bd45f27042995c3885f92e8d0d920ddba5308f864599b706c,2026-04,Suffolk Constabulary,Suffolk Constabulary,0.713068,52.252499,On or near Station Hill,E01030137,West Suffolk 011C,Violence and sexual offences,Under investigation,
c815a9bb9000661467de13f91bebb35a0d0d4343e2a0092aee63f99c2d6d5586,2026-04,Suffolk Constabulary,Suffolk Constabulary,0.715298,52.254128,On or near Supermarket,E01030137,West Suffolk 011C,Violence and sexual offences,Under investigation,
20cdbfa5eceea90b0f2ba5cae559c5bbb7ae24c212fc68b65eff84d95c6ba2ec,2026-04,Suffolk Constabulary,Suffolk Constabulary,0.715298,52.254128,On or near Supermarket,E01030137,West Suffolk 011C,Violence and sexual offences,Under investigation,
5904b492269f560bb0882a882246fdb078ffab7ee34fea8bd16f0b4f717bc07f,2026-04,Suffolk Constabulary,Suffolk Constabulary,0.712978,52.250784,On or near Ipswich Street,E01030137,West Suffolk 011C,Violence and sexual offences,Awaiting court outcome,
15f5a78942140b6a26c32c0e6271a5cd31f9bd84aca5de7ccfa119151f479351,2026-04,Suffolk Constabulary,Suffolk Constabulary,0.711813,52.254731,On or near Maltings Way,E01030137,West Suffolk 011C,Violence and sexual offences,Awaiting court outcome,
,2026-04,Suffolk Constabulary,Suffolk Constabulary,0.704893,52.250097,On or near Camberley Court,E01033043,West Suffolk 011D,Anti-social behaviour,,
6670cc5249218547274c607a05cf2df423e3e9caa66b718db9a25e59efe19185,2026-04,Suffolk Constabulary,Suffolk Constabulary,0.704302,52.249535,On or near Spring Lane,E01033043,West Suffolk 011D,Burglary,Unable to prosecute suspect,
bf7ea8c744a843a934b7853a858299e7c7925b19b820ba68b8f0fff744547342,2026-04,Suffolk Constabulary,Suffolk Constabulary,0.704302,52.249535,On or near Spring Lane,E01033043,West Suffolk 011D,Burglary,Under investigation,
5f1244f5158057b6f65d0a8a951fa17cc006fcf7365e5c42e7d44d26bf16d848,2026-04,Suffolk Constabulary,Suffolk Constabulary,0.705242,52.249091,On or near Springfield Road,E01033043,West Suffolk 011D,Criminal damage and arson,Unable to prosecute suspect,
8258b90076530a590912bd6e65ffac5390f71ce2690c85cb820f42e3d1260fdc,2026-04,Suffolk Constabulary,Suffolk Constabulary,0.704302,52.249535,On or near Spring Lane,E01033043,West Suffolk 011D,Other theft,Unable to prosecute suspect,
bbadd0bc583deef6bb6b77f543e078819a5082a23af661dbcc207977f128b900,2026-04,Suffolk Constabulary,Suffolk Constabulary,0.702899,52.249360,On or near Grove Road,E01033043,West Suffolk 011D,Violence and sexual offences,Action to be taken by another organisation,
220585fe1c354456474ae8479dcffbd46729c883d44bda778ee5a569cec8ea8c,2026-04,Suffolk Constabulary,Suffolk Constabulary,0.707601,52.251024,On or near Willow Way,E01033043,West Suffolk 011D,Violence and sexual offences,Action to be taken by another organisation,
,2026-04,Suffolk Constabulary,Suffolk Constabulary,0.713400,52.251215,On or near Ipswich Court,E01033046,West Suffolk 011E,Anti-social behaviour,,
99a92fbf00958d36fb967d292ec677bcdac938397f65bd30e1f7a9557d99c365,2026-04,Suffolk Constabulary,Suffolk Constabulary,0.711229,52.248764,On or near St Andrew'S Street North,E01033046,West Suffolk 011E,Burglary,Investigation complete; no suspect identified,
5d207516fe9ff09138fa86a0d3d17f2fd44ba241283c231a7942594c81add2e6,2026-04,Suffolk Constabulary,Suffolk Constabulary,0.713400,52.251215,On or near Ipswich Court,E01033046,West Suffolk 011E,Criminal damage and arson,Unable to prosecute suspect,
a88a1aaa6c124768a1efe0b1280e389b7fb953d75239eb22b0cf7595fda97e56,2026-04,Suffolk Constabulary,Suffolk Constabulary,0.711229,52.248764,On or near St Andrew'S Street North,E01033046,West Suffolk 011E,Drugs,Awaiting court outcome,
d8ff705842e0b9ab9e368987046abbfb7cd7ace04f4967ed71450ffb0e4baa48,2026-04,Suffolk Constabulary,Suffolk Constabulary,0.714104,52.251945,On or near Tayfen Terrace,E01033046,West Suffolk 011E,Public order,Offender given a caution,
467076358d3bf61470cc3443b6681073f47c8d9b166b44a634a345cec43f4e3e,2026-04,Suffolk Constabulary,Suffolk Constabulary,0.714104,52.251945,On or near Tayfen Terrace,E01033046,West Suffolk 011E,Robbery,Unable to prosecute suspect,
e5c9a575d2ff7ae3d7c7016c3ba1471518a6937ccb5f2c0772be7266c903fa19,2026-04,Suffolk Constabulary,Suffolk Constabulary,0.711655,52.249267,On or near All Saints Court,E01033046,West Suffolk 011E,Robbery,Investigation complete; no suspect identified,
b6fe4e78b487ec7676006fdf4bde15ee00c4c16b40ae6fcf4eb123e05be18902,2026-04,Suffolk Constabulary,Suffolk Constabulary,0.709122,52.247365,On or near Elseys Yard,E01033046,West Suffolk 011E,Violence and sexual offences,Unable to prosecute suspect,
c10a11b5e1e9ad70f240d7fafbf96fcc9de70c712b512b55d4ea66dc65bba83a,2026-04,Suffolk Constabulary,Suffolk Constabulary,0.714104,52.251945,On or near Tayfen Terrace,E01033046,West Suffolk 011E,Violence and sexual offences,Unable to prosecute suspect,
0a39bf65ee9c0464c7abdd49bc13936b860da5f57fd43678aac776fda82f9fb8,2026-04,Suffolk Constabulary,Suffolk Constabulary,0.713400,52.251215,On or near Ipswich Court,E01033046,West Suffolk 011E,Violence and sexual offences,Unable to prosecute suspect,
ee0aefea6306a047b5e761c610e5c1a1ce0735cf2d75202be44f19e470948953,2026-04,Suffolk Constabulary,Suffolk Constabulary,0.713015,52.251862,On or near Hops Court,E01033046,West Suffolk 011E,Violence and sexual offences,Investigation complete; no suspect identified,
e783de6e5bc06d1a77e9ad36e37ed932e0e9e20bd4b417b515ef59d5da8e5bed,2026-04,Suffolk Constabulary,Suffolk Constabulary,0.709122,52.247365,On or near Elseys Yard,E01033046,West Suffolk 011E,Violence and sexual offences,Under investigation,
b8dd6a3a1c86edb0b8c02be0e22a59a3c1af93f3408135622d621077194ea07c,2026-04,Suffolk Constabulary,Suffolk Constabulary,0.709122,52.247365,On or near Elseys Yard,E01033046,West Suffolk 011E,Violence and sexual offences,Unable to prosecute suspect,
0290a767341e9c28065900a02906345ff8ee3a8a45042e12abddaca47f25e18e,2026-04,Suffolk Constabulary,Suffolk Constabulary,0.713015,52.251862,On or near Hops Court,E01033046,West Suffolk 011E,Violence and sexual offences,Under investigation,
524237694f7b45900efc98de1c50ed2032c3d4dc760a067b424ffc2c8f65f20a,2026-04,Suffolk Constabulary,Suffolk Constabulary,0.713015,52.251862,On or near Hops Court,E01033046,West Suffolk 011E,Violence and sexual offences,Action to be taken by another organisation,
5602e4c41d4e0e7443942e1911e171cc2d92e5db7d0b9c84fcd53f1f2200d965,2026-04,Suffolk Constabulary,Suffolk Constabulary,0.714104,52.251945,On or near Tayfen Terrace,E01033046,West Suffolk 011E,Violence and sexual offences,Unable to prosecute suspect,
dc1f9a9d93ca8adc7761f0d96fd8b96e3a0a069bcc27d40746fcf9be766aa963,2026-04,Suffolk Constabulary,Suffolk Constabulary,0.711229,52.248764,On or near St Andrew'S Street North,E01033046,West Suffolk 011E,Violence and sexual offences,Awaiting court outcome,
aa8c4ba878a381f4fb8f455df937a8a6bcb8c98947dd77ba89ccdfbedec4a110,2026-04,Suffolk Constabulary,Suffolk Constabulary,0.710969,52.247862,On or near Bus/Coach Station,E01033046,West Suffolk 011E,Violence and sexual offences,Unable to prosecute suspect,
95f144070e4672a6447ce0bab95d0c121cc8bb720c328b0f374f5b36f4c2714e,2026-04,Suffolk Constabulary,Suffolk Constabulary,0.700257,52.246381,On or near York Road,E01033047,West Suffolk 011F,Other theft,Investigation complete; no suspect identified,
1cdfb36750dc512c7af56ddaa47f98d2badc6035779d62ee023dfa1d4bce324a,2026-04,Suffolk Constabulary,Suffolk Constabulary,0.699358,52.247751,On or near A1302,E01033047,West Suffolk 011F,Shoplifting,Awaiting court outcome,
6767315cca263e3c3400cf1a0f137741b94834ad5c792d7d8aeecaa59e0baa43,2026-04,Suffolk Constabulary,Suffolk Constabulary,0.702434,52.247356,On or near Supermarket,E01033047,West Suffolk 011F,Shoplifting,Awaiting court outcome,
9185de45673525131bba8128770ca5d303b13b6e5101c35a5327bf6ca372085b,2026-04,Suffolk Constabulary,Suffolk Constabulary,0.699029,52.248533,On or near Further/Higher Educational Building,E01033047,West Suffolk 011F,Violence and sexual offences,Investigation complete; no suspect identified,
eb26aa2d93c84edd3754dd70297bcff0654930e4bd4a9e8d5bd76246357d2a2d,2026-04,Suffolk Constabulary,Suffolk Constabulary,0.702434,52.247356,On or near Supermarket,E01033047,West Suffolk 011F,Violence and sexual offences,Under investigation,
73719e22896f1e980e8f7cce03007447ff8a63afd291c8afe04df8e1190a7861,2026-04,Suffolk Constabulary,Suffolk Constabulary,0.699029,52.248533,On or near Further/Higher Educational Building,E01033047,West Suffolk 011F,Violence and sexual offences,Unable to prosecute suspect,
de062430588d9508e342d4bc92f2abb6fd13e89f3963205b70ed8b29ab360e9f,2026-04,Suffolk Constabulary,Suffolk Constabulary,0.734447,52.250603,On or near Emsworth Close,E01030127,West Suffolk 012A,Violence and sexual offences,Unable to prosecute suspect,
c3584dde74c9f29c9b72e812fc430a2824d5449a9624dcc0fe53c2ec669fdc38,2026-04,Suffolk Constabulary,Suffolk Constabulary,0.746370,52.247448,On or near Cobb Close,E01030128,West Suffolk 012B,Violence and sexual offences,Unable to prosecute suspect,
,2026-04,Suffolk Constabulary,Suffolk Constabulary,0.743148,52.242253,On or near Browse Close,E01030129,West Suffolk 012C,Anti-social behaviour,,
544aa75f9b96d9b7d4b0b0831a8d91f0ec250c26a34050a9f11a014d1bdacefe,2026-04,Suffolk Constabulary,Suffolk Constabulary,0.744694,52.240005,On or near Ailwin Road,E01030129,West Suffolk 012C,Criminal damage and arson,Awaiting court outcome,
0e8220c1daefa318cfb7e849d4fac7e2108211bf9309e91750b6cea5ef53c5ca,2026-04,Suffolk Constabulary,Suffolk Constabulary,0.744694,52.240005,On or near Ailwin Road,E01030129,West Suffolk 012C,Criminal damage and arson,Unable to prosecute suspect,
fc8e9500405fdf9447f0906af9b3f9f738485aa1cc8c6403a9249c79964b5551,2026-04,Suffolk Constabulary,Suffolk Constabulary,0.737631,52.239224,On or near Supermarket,E01030129,West Suffolk 012C,Public order,Unable to prosecute suspect,
9cbc52e1b84aa38d0b1ecd1a28e0b226ec5ea0a69193db8abc00aa18a47a7caf,2026-04,Suffolk Constabulary,Suffolk Constabulary,0.736581,52.243854,On or near Symonds Road,E01030129,West Suffolk 012C,Robbery,Offender given a caution,
56f39a54ed9cfdea95068645cbf5f2c2293eff448d9bceca7f8f6ddae911c59e,2026-04,Suffolk Constabulary,Suffolk Constabulary,0.737631,52.239224,On or near Supermarket,E01030129,West Suffolk 012C,Shoplifting,Under investigation,
7433a3cdb1b73414164eea6b03221d3881fbd6280bbfebc50e4370a6730f4594,2026-04,Suffolk Constabulary,Suffolk Constabulary,0.737631,52.239224,On or near Supermarket,E01030129,West Suffolk 012C,Shoplifting,Awaiting court outcome,
14fcf24a80211f9ba4c8c617e3e3a3c006825fdf639db88815c5c0360e24bf57,2026-04,Suffolk Constabulary,Suffolk Constabulary,0.737631,52.239224,On or near Supermarket,E01030129,West Suffolk 012C,Violence and sexual offences,Unable to prosecute suspect,
d2a6cd977a22972a56cf1a63be6f4acda90a51cc6be8a70dcd66229aaf8ae128,2026-04,Suffolk Constabulary,Suffolk Constabulary,0.736519,52.242848,On or near Bernham Close,E01030129,West Suffolk 012C,Violence and sexual offences,Unable to prosecute suspect,
5140ad9db3518ff7ce00d827743d766cdfcecce8d708f5f3de422a2f92359a26,2026-04,Suffolk Constabulary,Suffolk Constabulary,0.747619,52.249640,On or near Sheerwater Close,E01033044,West Suffolk 012D,Other theft,Under investigation,
544e3affd9f866cbbfb7b6e32ca2c27302bea76983c83cf1fb44c475963f1472,2026-04,Suffolk Constabulary,Suffolk Constabulary,0.755655,52.248095,On or near Sycamore Drive,E01033044,West Suffolk 012D,Shoplifting,Investigation complete; no suspect identified,
794ade38d9ec49ddd67006fcc8b416ec022a980bc28c7012603e157f88a2948c,2026-04,Suffolk Constabulary,Suffolk Constabulary,0.756891,52.250071,On or near Kingbird Road,E01033044,West Suffolk 012D,Violence and sexual offences,Unable to prosecute suspect,
5dc89365466a47f7641231d8960f756391a2e642b6c0a1a57c9e0abfb1f46f37,2026-04,Suffolk Constabulary,Suffolk Constabulary,0.752610,52.250738,On or near Wagtail Drive,E01033044,West Suffolk 012D,Violence and sexual offences,Unable to prosecute suspect,
,2026-04,Suffolk Constabulary,Suffolk Constabulary,0.754428,52.248151,On or near Hazel Road,E01033045,West Suffolk 012E,Anti-social behaviour,,
,2026-04,Suffolk Constabulary,Suffolk Constabulary,0.755491,52.244025,On or near Frenesi Crescent,E01033045,West Suffolk 012E,Anti-social behaviour,,
e6ef155641c772f385d090ed969968e05acdf057e42bd274da0978990b47688d,2026-04,Suffolk Constabulary,Suffolk Constabulary,0.751988,52.248504,On or near Northern Rose Close,E01033045,West Suffolk 012E,Criminal damage and arson,Investigation complete; no suspect identified,
6ce998a4f58969e15f7771cec01fc0fafa19178552086f593b5549c7deef8cbb,2026-04,Suffolk Constabulary,Suffolk Constabulary,0.749307,52.248027,On or near Brunwyn Close,E01033045,West Suffolk 012E,Criminal damage and arson,Investigation complete; no suspect identified,
bc1cfb6718dad64ba415b178826a6365f23edfe6a6c7875ea47be5c0f9b07dae,2026-04,Suffolk Constabulary,Suffolk Constabulary,0.756866,52.244946,On or near Mortimer Road,E01033045,West Suffolk 012E,Public order,Investigation complete; no suspect identified,
da0295c6300bb3cb7db8227305d527b59e0b7c9f7d230761d3974686a671e6d5,2026-04,Suffolk Constabulary,Suffolk Constabulary,0.745793,52.246409,On or near Grainger Close,E01033045,West Suffolk 012E,Violence and sexual offences,Under investigation,
33ceb4c360ea0c2a70e3c2af920ec88e2a0cb733f2d58b946dbe21dcb8dd9045,2026-04,Suffolk Constabulary,Suffolk Constabulary,0.754688,52.247146,On or near Parking Area,E01033045,West Suffolk 012E,Violence and sexual offences,Unable to prosecute suspect,
65869687dad94aa33a151566aeb744fd7ac3dffd1d7bbf8e426ada60b938cf69,2026-04,Suffolk Constabulary,Suffolk Constabulary,0.751360,52.248060,On or near Southern Belle Close,E01033045,West Suffolk 012E,Violence and sexual offences,Unable to prosecute suspect,
,2026-04,Suffolk Constabulary,Suffolk Constabulary,0.753486,52.243119,On or near Skyliner Way,E01033050,West Suffolk 012F,Anti-social behaviour,,
e0bf03a4b5c5f75e0add323f5d214ff4cb4cd6aca9c586b345280356c70274b0,2026-04,Suffolk Constabulary,Suffolk Constabulary,0.742276,52.244729,On or near Lawson Place,E01033050,West Suffolk 012F,Shoplifting,Investigation complete; no suspect identified,
6acd3be37b5cfaacc8c67b8a127f0fc5dcee0178ec9e1db40117792396870184,2026-04,Suffolk Constabulary,Suffolk Constabulary,0.742276,52.244729,On or near Lawson Place,E01033050,West Suffolk 012F,Shoplifting,Investigation complete; no suspect identified,
28a7ccf2a069d26a96393ebfb3f60210e090b99461065a40faea692d4f24eb62,2026-04,Suffolk Constabulary,Suffolk Constabulary,0.750035,52.244647,On or near Daisy Avenue,E01033050,West Suffolk 012F,Violence and sexual offences,Action to be taken by another organisation,
034c9b16ab5d9e200193696387705058347c7617046bcd1ad6992aeeeeb67139,2026-04,Suffolk Constabulary,Suffolk Constabulary,0.709176,52.231662,On or near Hospital,E01030142,West Suffolk 013A,Criminal damage and arson,Investigation complete; no suspect identified,
e7a156ed96508363e503c9853a291168b025feb00d49890c7a3c7762f9503f1b,2026-04,Suffolk Constabulary,Suffolk Constabulary,0.707480,52.229066,On or near Macmillan Way,E01030142,West Suffolk 013A,Criminal damage and arson,Unable to prosecute suspect,
438b77b96db923fd30486167463a2bb5b7d1658c69cb20b650e1cc26921c66e1,2026-04,Suffolk Constabulary,Suffolk Constabulary,0.707480,52.229066,On or near Macmillan Way,E01030142,West Suffolk 013A,Criminal damage and arson,Investigation complete; no suspect identified,
e3dafb14c870051395484026aa52ed2b9e510e98dd9003bff1df046eb8a6cb9c,2026-04,Suffolk Constabulary,Suffolk Constabulary,0.709176,52.231662,On or near Hospital,E01030142,West Suffolk 013A,Criminal damage and arson,Unable to prosecute suspect,
28c643724a73a47ccb5ca258a7092e430f2ff7c0671815d78c7c59ac0357115b,2026-04,Suffolk Constabulary,Suffolk Constabulary,0.707480,52.229066,On or near Macmillan Way,E01030142,West Suffolk 013A,Drugs,Awaiting court outcome,
961130079aec7d6d31abac065c066ed63529ff42e26936e3cc8d65f18b48bfa9,2026-04,Suffolk Constabulary,Suffolk Constabulary,0.707480,52.229066,On or near Macmillan Way,E01030142,West Suffolk 013A,Public order,Investigation complete; no suspect identified,
42181137369de800a3a0167ce188acaf423a4f84443bddf3606a0c0a99d3dcde,2026-04,Suffolk Constabulary,Suffolk Constabulary,0.709176,52.231662,On or near Hospital,E01030142,West Suffolk 013A,Public order,Under investigation,
00f09bf87331ab6daca00e61411f2103b92d5c1cb401c14e190ddc7c1e045571,2026-04,Suffolk Constabulary,Suffolk Constabulary,0.709176,52.231662,On or near Hospital,E01030142,West Suffolk 013A,Public order,Under investigation,
490ff7e2aec65791e47e364fd5c1ecb1a7b6dcc2f4bb40c2ab154475a644ec0d,2026-04,Suffolk Constabulary,Suffolk Constabulary,0.709176,52.231662,On or near Hospital,E01030142,West Suffolk 013A,Public order,Under investigation,
a31c473a49d50e46b2113f760e0a92db4d032a55658e2eb7f8a5a6d29ffae277,2026-04,Suffolk Constabulary,Suffolk Constabulary,0.707480,52.229066,On or near Macmillan Way,E01030142,West Suffolk 013A,Vehicle crime,Investigation complete; no suspect identified,
0357ffcc653ed50ae36abccf77676aaf94b2e328277628040f041bd64e288211,2026-04,Suffolk Constabulary,Suffolk Constabulary,0.715007,52.233615,On or near Lincoln Green,E01030142,West Suffolk 013A,Violence and sexual offences,Unable to prosecute suspect,
e4612e258aa20545162343da58d831feb7228dc17ca677d55c1e4e7a6863b8c6,2026-04,Suffolk Constabulary,Suffolk Constabulary,0.707480,52.229066,On or near Macmillan Way,E01030142,West Suffolk 013A,Violence and sexual offences,Unable to prosecute suspect,
409e89fbdcb36abd7902dec017f3456c10e5e3b4705d9d50a5862b0e8edf07ef,2026-04,Suffolk Constabulary,Suffolk Constabulary,0.709176,52.231662,On or near Hospital,E01030142,West Suffolk 013A,Violence and sexual offences,Unable to prosecute suspect,
d23094ef331acce694f7e5c35dccc3bb8488fee5d7729a8d6e89c84039e342d3,2026-04,Suffolk Constabulary,Suffolk Constabulary,0.707480,52.229066,On or near Macmillan Way,E01030142,West Suffolk 013A,Violence and sexual offences,Action to be taken by another organisation,
4265792549002a1a820d04c5fb522051da977cd9378d58fa127b56d897042eef,2026-04,Suffolk Constabulary,Suffolk Constabulary,0.719783,52.231238,On or near Heron Road,E01030142,West Suffolk 013A,Violence and sexual offences,Unable to prosecute suspect,
b4859c3a980968e4dd8c182ef2da56c329ed4ea6e6bb380d9659ad862c953c0b,2026-04,Suffolk Constabulary,Suffolk Constabulary,0.709176,52.231662,On or near Hospital,E01030142,West Suffolk 013A,Violence and sexual offences,Unable to prosecute suspect,
dd055d383c17caa95094b8656afbb6e2b349f66dfa715b27900847d5ebe2d653,2026-04,Suffolk Constabulary,Suffolk Constabulary,0.707480,52.229066,On or near Macmillan Way,E01030142,West Suffolk 013A,Violence and sexual offences,Unable to prosecute suspect,
16bf29a3ca78bba6bb636ad6048af293fbc585b91143df63de8502e9e26b1fa4,2026-04,Suffolk Constabulary,Suffolk Constabulary,0.709176,52.231662,On or near Hospital,E01030142,West Suffolk 013A,Violence and sexual offences,Under investigation,
291b8eb852a9f1af2d0c5983914774f130c62866a2b5c60438cb095e4f381f27,2026-04,Suffolk Constabulary,Suffolk Constabulary,0.707480,52.229066,On or near Macmillan Way,E01030142,West Suffolk 013A,Violence and sexual offences,Unable to prosecute suspect,
1ff11556880e09465f23d2f0061da89f0ad205f9db9019d4feaa2aa1323d1459,2026-04,Suffolk Constabulary,Suffolk Constabulary,0.709176,52.231662,On or near Hospital,E01030142,West Suffolk 013A,Violence and sexual offences,Unable to prosecute suspect,
8c70dd79051b2cf9315d08f34296fd02ac1d642c55d11d599d4286b0dcbb25b1,2026-04,Suffolk Constabulary,Suffolk Constabulary,0.718256,52.235024,On or near Abbots Gate,E01030142,West Suffolk 013A,Violence and sexual offences,Under investigation,
,2026-04,Suffolk Constabulary,Suffolk Constabulary,0.724733,52.233156,On or near Steward Road,E01030143,West Suffolk 013B,Anti-social behaviour,,
,2026-04,Suffolk Constabulary,Suffolk Constabulary,0.721037,52.232307,On or near Shopping Area,E01030143,West Suffolk 013B,Anti-social behaviour,,
,2026-04,Suffolk Constabulary,Suffolk Constabulary,0.723368,52.228080,On or near Redwing Road,E01030143,West Suffolk 013B,Anti-social behaviour,,
256927280a16d81a229a8ada3239e27b1c3eef1396058def713acfde0ee0fb68,2026-04,Suffolk Constabulary,Suffolk Constabulary,0.724733,52.233156,On or near Steward Road,E01030143,West Suffolk 013B,Criminal damage and arson,Investigation complete; no suspect identified,
9d512cb09611da4f67d768365caaa4ea09077df2046a63b15bf75c1931eceaa0,2026-04,Suffolk Constabulary,Suffolk Constabulary,0.721037,52.232307,On or near Shopping Area,E01030143,West Suffolk 013B,Public order,Awaiting court outcome,
d6317d1ae3f7b585f822cc0dfc6f3d87bbdcf4b8471da89947627ec4eae88077,2026-04,Suffolk Constabulary,Suffolk Constabulary,0.724733,52.233156,On or near Steward Road,E01030143,West Suffolk 013B,Violence and sexual offences,Investigation complete; no suspect identified,
d9a6eb7bf277d41ead9d82d52938b734b751d78e67a2d7f3b25f106b21bdc76d,2026-04,Suffolk Constabulary,Suffolk Constabulary,0.718410,52.228671,On or near Farm Close,E01030143,West Suffolk 013B,Violence and sexual offences,Unable to prosecute suspect,
f3828bc64eed03da3e181f29bb141e906223d5f0970859c9866365dfcfab350c,2026-04,Suffolk Constabulary,Suffolk Constabulary,0.724135,52.233431,On or near Bright Close,E01030143,West Suffolk 013B,Violence and sexual offences,Under investigation,
2fcf61d884cfa6b8705895f5497ba74355dc9af6bf991763d17d3507bb3f4fa9,2026-04,Suffolk Constabulary,Suffolk Constabulary,0.724733,52.233156,On or near Steward Road,E01030143,West Suffolk 013B,Violence and sexual offences,Unable to prosecute suspect,
90eef1ec6c6bc4ae888954503f9ba91eceb1d8299c45d59e5784fda56598f428,2026-04,Suffolk Constabulary,Suffolk Constabulary,0.730746,52.236615,On or near River Lane,E01030144,West Suffolk 013C,Criminal damage and arson,Awaiting court outcome,
25f0ba91e6acd856f22eac1508c640435ea9e3234735b75b65e7850017a7a062,2026-04,Suffolk Constabulary,Suffolk Constabulary,0.729066,52.234783,On or near Byfield Way,E01030144,West Suffolk 013C,Criminal damage and arson,Investigation complete; no suspect identified,
985154600bd8ea94ee0a574b79cf53631b69a20f1d9c8cb315107110dc6ca034,2026-04,Suffolk Constabulary,Suffolk Constabulary,0.730746,52.236615,On or near River Lane,E01030144,West Suffolk 013C,Criminal damage and arson,Awaiting court outcome,
d09d613fbf7ce41bf02e802b3c83ed56435f6d439f2b96409dd8c15e7d7f8a36,2026-04,Suffolk Constabulary,Suffolk Constabulary,0.730746,52.236615,On or near River Lane,E01030144,West Suffolk 013C,Criminal damage and arson,Awaiting court outcome,
04aa5ebf4fb4b97e933ca2b05383a316a26a7ca2d66e0a825541a3d90ccdfab4,2026-04,Suffolk Constabulary,Suffolk Constabulary,0.729066,52.234783,On or near Byfield Way,E01030144,West Suffolk 013C,Drugs,Awaiting court outcome,
25d9fd399319af953034d664155ce3722fcebdd8863617a75922c40678543b8b,2026-04,Suffolk Constabulary,Suffolk Constabulary,0.730746,52.236615,On or near River Lane,E01030144,West Suffolk 013C,Drugs,Local resolution,
a42c0d42de6c33669df39e6bb64f8097e513713acc48b6650b1b03024a896bbd,2026-04,Suffolk Constabulary,Suffolk Constabulary,0.730746,52.236615,On or near River Lane,E01030144,West Suffolk 013C,Drugs,Under investigation,
20450ef61d3266dc234b117d298dad4680e34a133bd5d0b146bd4b0a413f9590,2026-04,Suffolk Constabulary,Suffolk Constabulary,0.730746,52.236615,On or near River Lane,E01030144,West Suffolk 013C,Other theft,Investigation complete; no suspect identified,
80f5371545e0d11d0cfeb178e3592f0b059f9278343491d3676bd4286cb2a7d3,2026-04,Suffolk Constabulary,Suffolk Constabulary,0.729066,52.234783,On or near Byfield Way,E01030144,West Suffolk 013C,Possession of weapons,Awaiting court outcome,
40e27a4833d366ac316fad884661a1f41931448384a7d35e6fe3a8e222c59a19,2026-04,Suffolk Constabulary,Suffolk Constabulary,0.730746,52.236615,On or near River Lane,E01030144,West Suffolk 013C,Violence and sexual offences,Awaiting court outcome,
62f4a7c5b44c596dfe83cbb3cad185cf31265a5055b1a256ea62841ea10905ff,2026-04,Suffolk Constabulary,Suffolk Constabulary,0.701296,52.236240,On or near Horsecroft Road,E01030147,West Suffolk 013D,Burglary,Unable to prosecute suspect,
c07b9b803bf91007602c2fc27f2ac07c03f6a5f8cb8d7fda0abf5d1db77dc9bd,2026-04,Suffolk Constabulary,Suffolk Constabulary,0.700412,52.240020,On or near Chevington Close,E01030147,West Suffolk 013D,Criminal damage and arson,Under investigation,
e033df126539d1e606d4e8de31af2bff489526d1d07aefeefbbb0a53a14366af,2026-04,Suffolk Constabulary,Suffolk Constabulary,0.703949,52.237241,On or near Grosvenor Gardens,E01030147,West Suffolk 013D,Other theft,Investigation complete; no suspect identified,
b20bb799fc5c79a85f5fa9c4faddde97e83c6d0e3cc0952b6816c9959a0cb36a,2026-04,Suffolk Constabulary,Suffolk Constabulary,0.696719,52.239753,On or near The Mead,E01030147,West Suffolk 013D,Vehicle crime,Investigation complete; no suspect identified,
4f21a4333a7147525915b10ebc3adc36f04108d264f9d0b86525746c2439e32e,2026-04,Suffolk Constabulary,Suffolk Constabulary,0.698848,52.237897,On or near Longmeadow,E01030147,West Suffolk 013D,Violence and sexual offences,Unable to prosecute suspect,
bfab529f1b0e7cbb8bbcea26469480704447d10a7f94b62595bf8823c84e40aa,2026-04,Suffolk Constabulary,Suffolk Constabulary,0.700412,52.240020,On or near Chevington Close,E01030147,West Suffolk 013D,Violence and sexual offences,Under investigation,
,2026-04,Suffolk Constabulary,Suffolk Constabulary,0.719316,52.248014,On or near Parking Area,E01033048,West Suffolk 013E,Anti-social behaviour,,
,2026-04,Suffolk Constabulary,Suffolk Constabulary,0.722718,52.245928,On or near The Vinefields,E01033048,West Suffolk 013E,Anti-social behaviour,,
,2026-04,Suffolk Constabulary,Suffolk Constabulary,0.719316,52.248014,On or near Parking Area,E01033048,West Suffolk 013E,Anti-social behaviour,,
,2026-04,Suffolk Constabulary,Suffolk Constabulary,0.722718,52.245928,On or near The Vinefields,E01033048,West Suffolk 013E,Anti-social behaviour,,
3d5f39e06d1375a78da40569b9528e1860a851d6457e7732de55d0dec194b00d,2026-04,Suffolk Constabulary,Suffolk Constabulary,0.726662,52.248130,On or near St Stephens Close,E01033048,West Suffolk 013E,Criminal damage and arson,Investigation complete; no suspect identified,
d82ae75009b28fb65efb6dff1713411dda762948d541827c2d398dceef87b1ae,2026-04,Suffolk Constabulary,Suffolk Constabulary,0.720411,52.246539,On or near The Broadway,E01033048,West Suffolk 013E,Criminal damage and arson,Under investigation,
e5bb9fee4f8c8073cbbb80b8076b77c7698d69ca5750fcf4cd1668209ae6e0a4,2026-04,Suffolk Constabulary,Suffolk Constabulary,0.723017,52.248655,On or near Barn Lane,E01033048,West Suffolk 013E,Criminal damage and arson,Under investigation,
4dc8768b98f11d074883c79015f7257ad56add561a52f0dbf449591d9ef63a87,2026-04,Suffolk Constabulary,Suffolk Constabulary,0.729522,52.253666,On or near Hollow Road,E01033048,West Suffolk 013E,Other theft,Awaiting court outcome,
bc9e6bb10cb6c860821c707800660a847bd6733b4e8c5c0aa1f92ae94d2b62d3,2026-04,Suffolk Constabulary,Suffolk Constabulary,0.719316,52.248014,On or near Parking Area,E01033048,West Suffolk 013E,Other theft,Investigation complete; no suspect identified,
e5b780429b6fcb16b87cbd88babe9de171e87cae4ba577d203d87c6e82e7974b,2026-04,Suffolk Constabulary,Suffolk Constabulary,0.723762,52.245156,On or near Sports/Recreation Area,E01033048,West Suffolk 013E,Public order,Unable to prosecute suspect,
ff1144180e60587a932ced58fee9e7f05ec9cd676f26285970d5bb15d4ed081c,2026-04,Suffolk Constabulary,Suffolk Constabulary,0.722718,52.245928,On or near The Vinefields,E01033048,West Suffolk 013E,Public order,Awaiting court outcome,
cb639a9e8810161a666d787b596a1a1a99d0aa30665ec3c95f5e1db71088931d,2026-04,Suffolk Constabulary,Suffolk Constabulary,0.728395,52.253692,On or near Holderness Road,E01033048,West Suffolk 013E,Public order,Action to be taken by another organisation,
05d610e49960b7a7496493317e1c8fa1fcd53b56704df9a1b4a8d738fe2f6e05,2026-04,Suffolk Constabulary,Suffolk Constabulary,0.718731,52.249491,On or near Boughton Way,E01033048,West Suffolk 013E,Violence and sexual offences,Action to be taken by another organisation,
e02515896b6775f56c2eb7225ae2b3dbe9d14f13615ce18ed0d71c8d83d8f5cd,2026-04,Suffolk Constabulary,Suffolk Constabulary,0.720411,52.246539,On or near The Broadway,E01033048,West Suffolk 013E,Violence and sexual offences,Investigation complete; no suspect identified,
c151322c2a48be40da18542d9b1af516e57591048a6b9598336788451ab8a75b,2026-04,Suffolk Constabulary,Suffolk Constabulary,0.720411,52.246539,On or near The Broadway,E01033048,West Suffolk 013E,Violence and sexual offences,Unable to prosecute suspect,
c4462ebefbb471ce6446351685791ef52e8ae13a41a3bacc569828c78fb8a921,2026-04,Suffolk Constabulary,Suffolk Constabulary,0.713412,52.249245,On or near Lathbury Court,E01033049,West Suffolk 013F,Criminal damage and arson,Awaiting court outcome,
44ac4e0cbf731a39fdae69ec20d5da5ab35e4701ea1d46c57a5f3f0f4f6651b9,2026-04,Suffolk Constabulary,Suffolk Constabulary,0.713412,52.249245,On or near Lathbury Court,E01033049,West Suffolk 013F,Public order,Awaiting court outcome,
2fce0d092eca973ead9f97cf7ae5d4aa3f941756fa387abfcc9ad3686ada6c2e,2026-04,Suffolk Constabulary,Suffolk Constabulary,0.713412,52.249245,On or near Lathbury Court,E01033049,West Suffolk 013F,Public order,Awaiting court outcome,
28eac3dd36031584d43a29e3aad16fbf7070d547755ad581dadb7bf0c32c960a,2026-04,Suffolk Constabulary,Suffolk Constabulary,0.716219,52.250340,On or near Mark Jennings Lane,E01033049,West Suffolk 013F,Public order,Unable to prosecute suspect,
,2026-04,Suffolk Constabulary,Suffolk Constabulary,0.703868,52.245777,On or near Victoria Street,E01030092,West Suffolk 014A,Anti-social behaviour,,
27a3f1b06f4357f153c4b18785600d425d6f54231518b5b06c7396977a19f7de,2026-04,Suffolk Constabulary,Suffolk Constabulary,0.703295,52.245745,On or near Princes Street,E01030092,West Suffolk 014A,Burglary,Investigation complete; no suspect identified,
8d480a5eed4e39a092bd5fdd2b6a06192ba27f68f4f081910b4eeae7abcd4c37,2026-04,Suffolk Constabulary,Suffolk Constabulary,0.705266,52.245394,On or near Chalk Road (South),E01030092,West Suffolk 014A,Criminal damage and arson,Unable to prosecute suspect,
df613d4bace13dabe9b7bad58552601b6ab3f2dd93268f83fea7942df68ab560,2026-04,Suffolk Constabulary,Suffolk Constabulary,0.706444,52.244540,On or near King'S Road,E01030092,West Suffolk 014A,Criminal damage and arson,Investigation complete; no suspect identified,
fd4207bf4fd8139e8693fe38a782592e7491fc7170822976a0aff96152ec986b,2026-04,Suffolk Constabulary,Suffolk Constabulary,0.705606,52.243759,On or near Mill Road,E01030092,West Suffolk 014A,Other theft,Investigation complete; no suspect identified,
a830bca5ed2c0069544b3588b9a2fd524aa77b4aef162b1ae76d2c6cd8a1181f,2026-04,Suffolk Constabulary,Suffolk Constabulary,0.707077,52.244579,On or near A1302,E01030092,West Suffolk 014A,Public order,Under investigation,
fbccc3e9533df0c758681b0fa36fa78d7bb3efcf6328936ac1008613f7b5d02f,2026-04,Suffolk Constabulary,Suffolk Constabulary,0.707077,52.244579,On or near A1302,E01030092,West Suffolk 014A,Shoplifting,Awaiting court outcome,
516c61db212f597a6bbf356f6519c1d5f0596a590eb2798511f54e6d0bc0b3b0,2026-04,Suffolk Constabulary,Suffolk Constabulary,0.707077,52.244579,On or near A1302,E01030092,West Suffolk 014A,Shoplifting,Awaiting court outcome,
5bebed76d2f28a357d2a137dc8b9144d616d0d2d72265f747cfa9815a40525f6,2026-04,Suffolk Constabulary,Suffolk Constabulary,0.707077,52.244579,On or near A1302,E01030092,West Suffolk 014A,Shoplifting,Awaiting court outcome,
82adef66042ea1cd9559ab572e954b7cd2a0eacda57708f08057c9bab1696f15,2026-04,Suffolk Constabulary,Suffolk Constabulary,0.707077,52.244579,On or near A1302,E01030092,West Suffolk 014A,Shoplifting,Awaiting court outcome,
e65947c3f85397a008cf84d17de637bb21d6957d2c5358db8c251e5c272e23d7,2026-04,Suffolk Constabulary,Suffolk Constabulary,0.695091,52.241167,On or near Boyne Road,E01030123,West Suffolk 014B,Criminal damage and arson,Investigation complete; no suspect identified,
6a099ec31e5f707fa42367857c4a53ae1ec180f2d1fe01e9d6037f67948ac6d3,2026-04,Suffolk Constabulary,Suffolk Constabulary,0.694407,52.243412,On or near Highbury Road,E01030123,West Suffolk 014B,Criminal damage and arson,Unable to prosecute suspect,
b02e3575567ba3b83bda40e15a2f6a0dc7828da7034b27ef196815fb7aeb1a19,2026-04,Suffolk Constabulary,Suffolk Constabulary,0.696427,52.242188,On or near Perry Barn Close,E01030123,West Suffolk 014B,Criminal damage and arson,Unable to prosecute suspect,
1bf667af4922ed8d4a793fb9d2e004f78ad8a52992aa0c2d394a0a19443e8743,2026-04,Suffolk Constabulary,Suffolk Constabulary,0.696427,52.242188,On or near Perry Barn Close,E01030123,West Suffolk 014B,Public order,Under investigation,
6e1e0e59c8d67befff4f34d371b875361dbb919be2f84d38b517f4d948e78385,2026-04,Suffolk Constabulary,Suffolk Constabulary,0.697410,52.247813,On or near Petrol Station,E01030123,West Suffolk 014B,Violence and sexual offences,Investigation complete; no suspect identified,
64b6b9e79e764b6d7894410ba12ace664b9e33fb64ff84a01cea3ba9869588bb,2026-04,Suffolk Constabulary,Suffolk Constabulary,0.695091,52.241167,On or near Boyne Road,E01030123,West Suffolk 014B,Violence and sexual offences,Unable to prosecute suspect,
fe9b8cf3212a0c2248459d8591f3a533a7584acd1a948221baf25c65c914509c,2026-04,Suffolk Constabulary,Suffolk Constabulary,0.695091,52.241167,On or near Boyne Road,E01030123,West Suffolk 014B,Violence and sexual offences,Under investigation,
be4a64dc372b46a8f35eddd33aef81bd4bd4cb43153ffeb5539d9bd3fadc5a93,2026-04,Suffolk Constabulary,Suffolk Constabulary,0.694407,52.243412,On or near Highbury Road,E01030123,West Suffolk 014B,Violence and sexual offences,Action to be taken by another organisation,
7acad3eebf4a751d40e0ecc6a6b748f7933e83df29633867ba9600eb2f4e8fcc,2026-04,Suffolk Constabulary,Suffolk Constabulary,0.695091,52.241167,On or near Boyne Road,E01030123,West Suffolk 014B,Violence and sexual offences,Offender given a caution,
12c4855690945d4c6cc1dfd385b2a0b9bf3fbd85a4c5307c86c7dc7bfdb6ac15,2026-04,Suffolk Constabulary,Suffolk Constabulary,0.690453,52.241021,On or near Beaumont Close,E01030123,West Suffolk 014B,Violence and sexual offences,Under investigation,
a249bb8214aa57f200726bc17079688dba3ddfba128083635fdb399b820e3630,2026-04,Suffolk Constabulary,Suffolk Constabulary,0.685347,52.251802,On or near Newmarket Road,E01030124,West Suffolk 014C,Burglary,Awaiting court outcome,
505f308b826d4e0e53b165a866c08d733b947a783eba69dee1c75c4a58616966,2026-04,Suffolk Constabulary,Suffolk Constabulary,0.692853,52.251380,On or near Western Way,E01030124,West Suffolk 014C,Drugs,Local resolution,
f9b3c4bd3261d6f9dc51424e4e744f6997fbc4d126eeedf1b6ffb8a6adec2fe7,2026-04,Suffolk Constabulary,Suffolk Constabulary,0.688282,52.244838,On or near Grafton Close,E01030124,West Suffolk 014C,Public order,Unable to prosecute suspect,
293e2f2f2b98491aced3eb225cd9668339a02f84f922eb73e6c1b04f2aae10b5,2026-04,Suffolk Constabulary,Suffolk Constabulary,0.687750,52.249607,On or near Dettingen Way,E01030124,West Suffolk 014C,Shoplifting,Awaiting court outcome,
69d6d05dc1ca570d4746989d1a4be396ce53991a7f6a8191c89485f71544eb9d,2026-04,Suffolk Constabulary,Suffolk Constabulary,0.690314,52.248969,On or near Supermarket,E01030124,West Suffolk 014C,Shoplifting,Awaiting court outcome,
d86441574e2428deff6d2cfd4b10ce395b98186d4aa0dcef11e6bd46809f2032,2026-04,Suffolk Constabulary,Suffolk Constabulary,0.687750,52.249607,On or near Dettingen Way,E01030124,West Suffolk 014C,Vehicle crime,Investigation complete; no suspect identified,
5d94b661cb5d1a90749830711756414270c04487b8135c23fa96caf9e7e4f6a9,2026-04,Suffolk Constabulary,Suffolk Constabulary,0.690596,52.251845,On or near Supermarket,E01030124,West Suffolk 014C,Violence and sexual offences,Unable to prosecute suspect,
a6019357922aeb736e883e7b8691cde6ce1da86c20cbfcab4e5f3b3cf4e16eac,2026-04,Suffolk Constabulary,Suffolk Constabulary,0.690031,52.245662,On or near Minden Drive,E01030124,West Suffolk 014C,Violence and sexual offences,Unable to prosecute suspect,
38d072a5a278c0987e469e867f20a5c78c004f22b26953e2174e2438d2e895c4,2026-04,Suffolk Constabulary,Suffolk Constabulary,0.692853,52.251380,On or near Western Way,E01030124,West Suffolk 014C,Other crime,Formal action is not in the public interest,
,2026-04,Suffolk Constabulary,Suffolk Constabulary,0.680375,52.249532,On or near Oliver Road,E01030125,West Suffolk 014D,Anti-social behaviour,,
d4a74a8728fed9e93622b83a12393ae8e42d44e8319566d38f661e8e668f88b9,2026-04,Suffolk Constabulary,Suffolk Constabulary,0.682954,52.247109,On or near Paddock Close,E01030125,West Suffolk 014D,Bicycle theft,Unable to prosecute suspect,
1cd5bacb254e65ab57603a22a39b6c3914e1734fbf002678b7bd30ca22db97cd,2026-04,Suffolk Constabulary,Suffolk Constabulary,0.680375,52.249532,On or near Oliver Road,E01030125,West Suffolk 014D,Violence and sexual offences,Under investigation,
75af00556b7b2c43acff9e0dc06533c1f604987699e7f382c2847ec25458474d,2026-04,Suffolk Constabulary,Suffolk Constabulary,0.682954,52.247109,On or near Paddock Close,E01030125,West Suffolk 014D,Violence and sexual offences,Unable to prosecute suspect,
c2ef5a654c10734df3da1142070637efb5bfd14beec7a582df74288e9376883d,2026-04,Suffolk Constabulary,Suffolk Constabulary,0.680375,52.249532,On or near Oliver Road,E01030125,West Suffolk 014D,Violence and sexual offences,Unable to prosecute suspect,
ea450febba9fe1eddf98cd34dcace8bc7ef0caca87bc940c0ec8fe247e1f7500,2026-04,Suffolk Constabulary,Suffolk Constabulary,0.683221,52.240358,On or near Hasted Close,E01030148,West Suffolk 014E,Violence and sexual offences,Investigation complete; no suspect identified,
,2026-04,Suffolk Constabulary,Suffolk Constabulary,0.691014,52.236736,On or near Kirkstead Road,E01030149,West Suffolk 014F,Anti-social behaviour,,
522eca82cac02803a0fb9c179bdc7032fc9c6614495d7e8fe14fff7b15dc27b8,2026-04,Suffolk Constabulary,Suffolk Constabulary,0.691014,52.236736,On or near Kirkstead Road,E01030149,West Suffolk 014F,Criminal damage and arson,Investigation complete; no suspect identified,
c9ea6aa4f19e1d1eb43b7f9ec569f161fdc9e47a86b677bd4277d522c5863de3,2026-04,Suffolk Constabulary,Suffolk Constabulary,0.688083,52.237433,On or near Malvern Road,E01030149,West Suffolk 014F,Violence and sexual offences,Unable to prosecute suspect,
,2026-04,Suffolk Constabulary,Suffolk Constabulary,0.409682,52.244742,On or near Rous Road,E01029925,West Suffolk 015A,Anti-social behaviour,,
1eebc212849bf1c94ad84d0b59744a96c06a017958abbe68bc0565321902b4ae,2026-04,Suffolk Constabulary,Suffolk Constabulary,0.408192,52.241301,On or near Dick Perryman Court,E01029925,West Suffolk 015A,Bicycle theft,Unable to prosecute suspect,
e16591a19294848ce0336568bcb4c8aa14d86db895a8352e651c5e876c7f440c,2026-04,Suffolk Constabulary,Suffolk Constabulary,0.408072,52.242868,On or near Bunbury Terrace,E01029925,West Suffolk 015A,Other theft,Investigation complete; no suspect identified,
d05afb13de036e89364ed9b5c9e84b0395af18898d7898f47ab577486affcb6c,2026-04,Suffolk Constabulary,Suffolk Constabulary,0.408034,52.239479,On or near Green Road,E01029925,West Suffolk 015A,Other theft,Investigation complete; no suspect identified,
10bde8713b790becbd5a570817cad11bd8e615b71909921abf44c2df3250284b,2026-04,Suffolk Constabulary,Suffolk Constabulary,0.407106,52.241269,On or near Cardigan Street,E01029925,West Suffolk 015A,Other theft,Investigation complete; no suspect identified,
cbc546cfcec87cf23a86565f2aada64679d783eea5b64b752851c7191a456eb4,2026-04,Suffolk Constabulary,Suffolk Constabulary,0.410506,52.246155,On or near Petrol Station,E01029925,West Suffolk 015A,Other theft,Investigation complete; no suspect identified,
b872bf1e52864b876e1d73549084b344a0c5f5a73bbb65a3cfcb408cb1dba2b0,2026-04,Suffolk Constabulary,Suffolk Constabulary,0.402608,52.242602,On or near High Street,E01029925,West Suffolk 015A,Public order,Under investigation,
470e30f6df30b5d5a7ba889fb5bb2b9f9753228f12edb734cb6d80759ee9b943,2026-04,Suffolk Constabulary,Suffolk Constabulary,0.408072,52.242868,On or near Bunbury Terrace,E01029925,West Suffolk 015A,Robbery,Investigation complete; no suspect identified,
3dc1e4a1791d19549d40c4beff9df1c8cd6dbb7c346530e8b3d259497b72cd66,2026-04,Suffolk Constabulary,Suffolk Constabulary,0.405745,52.243455,On or near Kingston Passage,E01029925,West Suffolk 015A,Robbery,Unable to prosecute suspect,
e376eb0350f9c59cb9b50fbc41b68309f82acc55e5f5e1761542f0073cbac927,2026-04,Suffolk Constabulary,Suffolk Constabulary,0.407587,52.244200,On or near Palace Street,E01029925,West Suffolk 015A,Shoplifting,Investigation complete; no suspect identified,
a92e9f05d5e8657a2ee601327a780d2607fd7c2facaa49891163d6988d31b9e2,2026-04,Suffolk Constabulary,Suffolk Constabulary,0.407587,52.244200,On or near Palace Street,E01029925,West Suffolk 015A,Violence and sexual offences,Under investigation,
2da6e73be397a99b7ca736ddca756ce2ee478e32c1194e40f44636e676d51b2f,2026-04,Suffolk Constabulary,Suffolk Constabulary,0.402608,52.242602,On or near High Street,E01029925,West Suffolk 015A,Violence and sexual offences,Under investigation,
5defbb63a3df5e1be064b0f28ac9deabf70a544ebb69158732f1492481dae845,2026-04,Suffolk Constabulary,Suffolk Constabulary,0.405745,52.243455,On or near Kingston Passage,E01029925,West Suffolk 015A,Violence and sexual offences,Unable to prosecute suspect,
5b9f81ce6cc8d9db4d38a595039d28b5e7a124b75cf9eaed06b26db7be69cb96,2026-04,Suffolk Constabulary,Suffolk Constabulary,0.403816,52.242739,On or near Sports/Recreation Area,E01029925,West Suffolk 015A,Violence and sexual offences,Under investigation,
b78e1ecee9c6be358c4a2950907b7a760d347ae81d40fb83edaaf740cb11b583,2026-04,Suffolk Constabulary,Suffolk Constabulary,0.402608,52.242602,On or near High Street,E01029925,West Suffolk 015A,Violence and sexual offences,Unable to prosecute suspect,
7e8e787d46cfb20813238da3d668b45ca207f3b0d3ea81c866a241bb425ed199,2026-04,Suffolk Constabulary,Suffolk Constabulary,0.405745,52.243455,On or near Kingston Passage,E01029925,West Suffolk 015A,Violence and sexual offences,Under investigation,
ce9e142696436312b4fd696c46850401c5a0525d09576bb89ac8244aa1d9dca0,2026-04,Suffolk Constabulary,Suffolk Constabulary,0.402608,52.242602,On or near High Street,E01029925,West Suffolk 015A,Violence and sexual offences,Under investigation,
f96e265f39071271c0fbe408ff4115c87192eb6c063a4382e7157ff753570c75,2026-04,Suffolk Constabulary,Suffolk Constabulary,0.407587,52.244200,On or near Palace Street,E01029925,West Suffolk 015A,Violence and sexual offences,Under investigation,
57665613e32722abe67701d3512d9774a38fbce4e804f5a6bfee4b96de959ef5,2026-04,Suffolk Constabulary,Suffolk Constabulary,0.410506,52.246155,On or near Petrol Station,E01029925,West Suffolk 015A,Violence and sexual offences,Investigation complete; no suspect identified,
9eed60892436e6c0b240c7dcaff39b1d108057792e6886d467770c392122b85d,2026-04,Suffolk Constabulary,Suffolk Constabulary,0.408192,52.241301,On or near Dick Perryman Court,E01029925,West Suffolk 015A,Other crime,Unable to prosecute suspect,
a8a604a788b7a0b225aab0416f86397fc451685efd7a3aa80144662b042ebce9,2026-04,Suffolk Constabulary,Suffolk Constabulary,0.407587,52.244200,On or near Palace Street,E01029925,West Suffolk 015A,Other crime,Under investigation,
230cbb3364107ee604405dba59c222e6bbdb16adbc3abe1a04db3d7a7d79f489,2026-04,Suffolk Constabulary,Suffolk Constabulary,0.398619,52.243340,On or near Falmouth Street,E01029949,West Suffolk 015B,Burglary,Under investigation,
440fcc94fec89a1afed411e9c03364cef3d1f736031ad2558cb7ff3ba47b6a58,2026-04,Suffolk Constabulary,Suffolk Constabulary,0.402895,52.244125,On or near Parking Area,E01029949,West Suffolk 015B,Drugs,Awaiting court outcome,
9f71223f6f3fb7fb284cb54110cd92a7005a9ab7e2d790cea24a03d6b6e152b4,2026-04,Suffolk Constabulary,Suffolk Constabulary,0.395347,52.242956,On or near The Rows,E01029949,West Suffolk 015B,Possession of weapons,Under investigation,
ea7f33ffe5299c77fc79defc8d7ecce24a07bd27f90ed6c9e7a1ac39eecf9cd9,2026-04,Suffolk Constabulary,Suffolk Constabulary,0.397354,52.241603,On or near Petrol Station,E01029949,West Suffolk 015B,Shoplifting,Unable to prosecute suspect,
a69d97e26e414f29460a75b12c04387681b2b2f951be48e8aed105d974107185,2026-04,Suffolk Constabulary,Suffolk Constabulary,0.392720,52.245869,On or near Bahram Close,E01029949,West Suffolk 015B,Vehicle crime,Investigation complete; no suspect identified,
b501436ddb7599178470e15e82a248e6c81572e7312ee3c19b7679520288d772,2026-04,Suffolk Constabulary,Suffolk Constabulary,0.390794,52.241115,On or near Alycidon Mews,E01029949,West Suffolk 015B,Violence and sexual offences,Unable to prosecute suspect,
e2a4d9b9f7e1539cadcde0f6bff6d27ad74e001293d67f72f582a594c652ae5e,2026-04,Suffolk Constabulary,Suffolk Constabulary,0.389699,52.244168,On or near Manderston Road,E01029949,West Suffolk 015B,Violence and sexual offences,Local resolution,
e4e565f556458ed528878c1c0bf1644e33e9fa6d6a8008f2230c9b5a0a122831,2026-04,Suffolk Constabulary,Suffolk Constabulary,0.390794,52.241115,On or near Alycidon Mews,E01029949,West Suffolk 015B,Violence and sexual offences,Unable to prosecute suspect,
2d951200d1f509e64ed3c60299c9818975ebc1b8c23c7236bbb7567e729962c3,2026-04,Suffolk Constabulary,Suffolk Constabulary,0.390794,52.241115,On or near Alycidon Mews,E01029949,West Suffolk 015B,Violence and sexual offences,Under investigation,
129c06f9b6fc110b9fe9461209b886eb1722dfbfeaaa48c3328b98773b573894,2026-04,Suffolk Constabulary,Suffolk Constabulary,0.389483,52.245332,On or near Charles Close,E01029949,West Suffolk 015B,Violence and sexual offences,Under investigation,
44f5eed3f7d5a60ed4713690710be7efa7a0a59b27ebb845997932edbde2a1b0,2026-04,Suffolk Constabulary,Suffolk Constabulary,0.389483,52.245332,On or near Charles Close,E01029949,West Suffolk 015B,Violence and sexual offences,Investigation complete; no suspect identified,
70383302862ab4be3f6117838257f7a813bd99c99c2643db7596421f81da50d0,2026-04,Suffolk Constabulary,Suffolk Constabulary,0.389483,52.245332,On or near Charles Close,E01029949,West Suffolk 015B,Violence and sexual offences,Unable to prosecute suspect,
fc9b680395eeb5ce37a80b9f6befd31030fbd3fff3bbe0b0e99a86443352e45f,2026-04,Suffolk Constabulary,Suffolk Constabulary,0.392720,52.245869,On or near Bahram Close,E01029949,West Suffolk 015B,Violence and sexual offences,Unable to prosecute suspect,
940a2ec098ac684658a7eda243fb3f33048d81928ff2a070cfb32cf8da10d0c5,2026-04,Suffolk Constabulary,Suffolk Constabulary,0.401668,52.246083,On or near Icewell Hill,E01029950,West Suffolk 015C,Criminal damage and arson,Investigation complete; no suspect identified,
9a7cfa078eada59754138f27ff3344b2f94d9367b60042a219c66e28a10ee14a,2026-04,Suffolk Constabulary,Suffolk Constabulary,0.399117,52.249849,On or near B1103,E01029950,West Suffolk 015C,Shoplifting,Investigation complete; no suspect identified,
bd992dfaafb36859eb34cdf3a9bbfa70797ec1288bbb1c6f5545206e25c87a73,2026-04,Suffolk Constabulary,Suffolk Constabulary,0.399117,52.249849,On or near B1103,E01029950,West Suffolk 015C,Shoplifting,Investigation complete; no suspect identified,
80d281375218dbe7307030f7585abdd8aebde9ddfc8c541cdcaeabccfb007f1b,2026-04,Suffolk Constabulary,Suffolk Constabulary,0.399200,52.247320,On or near Freshfields,E01029950,West Suffolk 015C,Violence and sexual offences,Under investigation,
f86b50182417f2d965fbc13b2835faf7ab01f28e7a24e40666b980f171472803,2026-04,Suffolk Constabulary,Suffolk Constabulary,0.401668,52.246083,On or near Icewell Hill,E01029950,West Suffolk 015C,Violence and sexual offences,Under investigation,
f5a96761ffd60031b419cee04a15f1037cd65c76f0aa6796759b6583cca1d93f,2026-04,Suffolk Constabulary,Suffolk Constabulary,0.401668,52.246083,On or near Icewell Hill,E01029950,West Suffolk 015C,Violence and sexual offences,Unable to prosecute suspect,
abda5381e6eec63e65b994104c5c69f4cb070bcb9d31d8939683422a4361b9a1,2026-04,Suffolk Constabulary,Suffolk Constabulary,0.401668,52.246083,On or near Icewell Hill,E01029950,West Suffolk 015C,Violence and sexual offences,Under investigation,
9693127f805dbd93a8d9891621e68c2caf0dd030ec369943ea90ad3a60542487,2026-04,Suffolk Constabulary,Suffolk Constabulary,0.399200,52.247320,On or near Freshfields,E01029950,West Suffolk 015C,Violence and sexual offences,Under investigation,
f7eca5c914297cc0ad7af2be77bbcb84f20c4cdbd4b550fcca01d4980cf6f120,2026-04,Suffolk Constabulary,Suffolk Constabulary,0.401668,52.246083,On or near Icewell Hill,E01029950,West Suffolk 015C,Violence and sexual offences,Under investigation,
1a12c37f009a48e3f560d6818c85034a3a3d50daa3560b01f88e5010b0ba49f5,2026-04,Suffolk Constabulary,Suffolk Constabulary,0.401668,52.246083,On or near Icewell Hill,E01029950,West Suffolk 015C,Violence and sexual offences,Under investigation,
73553274c3bc074c98e02b6b0df89d1ef26e3c7720ff733e8fa1f2e2eb967e47,2026-04,Suffolk Constabulary,Suffolk Constabulary,0.399454,52.244141,On or near Marino Court,E01029950,West Suffolk 015C,Other crime,Awaiting court outcome,
88dc3ef982a1db97994a03b7dd7a2d83ef0df18f571b6cf36ff9f074e549dc03,2026-04,Suffolk Constabulary,Suffolk Constabulary,0.386341,52.251214,On or near Derby Way,E01029951,West Suffolk 015D,Criminal damage and arson,Investigation complete; no suspect identified,
e666428ce08158899cf458eb989d50efd310457b4feb0f00c01a32a4fcecb6b3,2026-04,Suffolk Constabulary,Suffolk Constabulary,0.386341,52.251214,On or near Derby Way,E01029951,West Suffolk 015D,Vehicle crime,Investigation complete; no suspect identified,
08949768abb10dec48099ee69c7674dfa9768892639df28157d860af976fdc8c,2026-04,Suffolk Constabulary,Suffolk Constabulary,0.395118,52.250955,On or near St Philips Road,E01029952,West Suffolk 015E,Other theft,Under investigation,
9186a6ca94cafbeac64f27ac95b2b51715660927752b0c9561d2fa5b24e78fdb,2026-04,Suffolk Constabulary,Suffolk Constabulary,0.390693,52.254219,On or near Supermarket,E01029952,West Suffolk 015E,Other theft,Unable to prosecute suspect,
66acbffc4bcaa001663024684976167414d588d9c4192ce3f98bb47e011f3b3c,2026-04,Suffolk Constabulary,Suffolk Constabulary,0.395848,52.250356,On or near St Fabians Close,E01029952,West Suffolk 015E,Public order,Action to be taken by another organisation,
ff6bfee12c3fbc44c116adca19c9d8207cd5ded34b522dee27ce4c0cee557657,2026-04,Suffolk Constabulary,Suffolk Constabulary,0.387537,52.253024,On or near Churchill Avenue,E01029952,West Suffolk 015E,Vehicle crime,Investigation complete; no suspect identified,
c29db52711465c057fd9536712ad75d94ef27fd7444d91658017b93eb7b6dbee,2026-04,Suffolk Constabulary,Suffolk Constabulary,0.391173,52.254974,On or near Exning Road,E01029952,West Suffolk 015E,Violence and sexual offences,Unable to prosecute suspect,
a0e1b0d469295d3e9fd70df55de4ef4d79089cbeefa241fc1467894a13ac9b59,2026-04,Suffolk Constabulary,Suffolk Constabulary,0.395848,52.250356,On or near St Fabians Close,E01029952,West Suffolk 015E,Violence and sexual offences,Action to be taken by another organisation,
451ae107c7838b7fd018a872e411a610b639ccb6d746577728b9aefac42d6216,2026-04,Suffolk Constabulary,Suffolk Constabulary,0.393650,52.249537,On or near Melrose Gardens,E01029952,West Suffolk 015E,Violence and sexual offences,Unable to prosecute suspect,
c17356c61feaebcdf1e9e3fe79540fcd521a10726eb5ad69171ff4692a792a3d,2026-04,Suffolk Constabulary,Suffolk Constabulary,0.391173,52.254974,On or near Exning Road,E01029952,West Suffolk 015E,Violence and sexual offences,Under investigation,
9f81848f044b3fc3f099c0f8c726a431b28ccd68482007d815e0108783dcecfb,2026-04,Suffolk Constabulary,Suffolk Constabulary,0.395848,52.250356,On or near St Fabians Close,E01029952,West Suffolk 015E,Violence and sexual offences,Action to be taken by another organisation,
0f7a59a6deb9c1a5012b247ad365b0b90cf9b87bcfab94b327331866d537eb94,2026-04,Suffolk Constabulary,Suffolk Constabulary,0.393650,52.249537,On or near Melrose Gardens,E01029952,West Suffolk 015E,Violence and sexual offences,Unable to prosecute suspect,
0382fc0f6cd3a3daaa5aaa02b3ad02dbfe5ce1944609a2720d2882cd003b3299,2026-04,Suffolk Constabulary,Suffolk Constabulary,0.410652,52.239947,On or near Sovereign Court,E01032612,West Suffolk 015F,Bicycle theft,Unable to prosecute suspect,
fa5c4791e86a26054aead5cdecf617bbe349b61e111d3330f78f71684df71a6a,2026-04,Suffolk Constabulary,Suffolk Constabulary,0.410607,52.242619,On or near All Saints Road,E01032612,West Suffolk 015F,Criminal damage and arson,Unable to prosecute suspect,
697bab9490607c0fcc2ec9dd026fb44df32c6ff98f9c60d5673270318ae0c5bb,2026-04,Suffolk Constabulary,Suffolk Constabulary,0.411146,52.240665,On or near Barley Close,E01032612,West Suffolk 015F,Other theft,Unable to prosecute suspect,
baaa30bb7aa7107945466d6f2d430f6782d4ead5a7363059e68752734d562129,2026-04,Suffolk Constabulary,Suffolk Constabulary,0.409365,52.240522,On or near Melton Close,E01032612,West Suffolk 015F,Violence and sexual offences,Under investigation,
3808bf9ef69a26bafeb966ff079683eaba93a1d78ab9d92f1d353e033f737688,2026-04,Suffolk Constabulary,Suffolk Constabulary,0.773417,52.270088,On or near Petrol Station,E01030104,West Suffolk 016A,Other theft,Investigation complete; no suspect identified,
5f3497ba3e3c66712a475512ee43e9807fc219307c5c58786108c5f1613c4199,2026-04,Suffolk Constabulary,Suffolk Constabulary,0.777185,52.262509,On or near Green Lane,E01030104,West Suffolk 016A,Other theft,Investigation complete; no suspect identified,
363d324df621ac0c5bef3d59262e8863ce5c31e1a16d3f7fc42ee55c5e8cfb66,2026-04,Suffolk Constabulary,Suffolk Constabulary,0.765985,52.274949,On or near Mill Road,E01030104,West Suffolk 016A,Vehicle crime,Investigation complete; no suspect identified,
d3190cef7c54ef9fb12d66b76c805df8a61249642e89d45cd7a9572bb14afc77,2026-04,Suffolk Constabulary,Suffolk Constabulary,0.758957,52.265410,On or near Fornham Road,E01030104,West Suffolk 016A,Violence and sexual offences,Unable to prosecute suspect,
4fae09aee3243cf2e1f19ae537913577a024114d41dc0616cdfb0c37c02e4c53,2026-04,Suffolk Constabulary,Suffolk Constabulary,0.822423,52.187180,On or near Felsham Road,E01030138,West Suffolk 016B,Burglary,Investigation complete; no suspect identified,
57041e3dd493cf2f4f07fd81e62a8e4c30457c54905303ad9fcdb3fd5d0a643f,2026-04,Suffolk Constabulary,Suffolk Constabulary,0.777418,52.239986,On or near General Castle Way,E01030138,West Suffolk 016B,Criminal damage and arson,Under investigation,
4811f9e3391c4d9291bc5553c04abdb5ce6f14c3c8e35ff3fb5de40651820e12,2026-04,Suffolk Constabulary,Suffolk Constabulary,0.803235,52.235638,On or near Parking Area,E01030138,West Suffolk 016B,Drugs,Under investigation,
083a1e852d8a5cec3838a68bbc6f36f04b4800868d71b40987d7def18fa50d63,2026-04,Suffolk Constabulary,Suffolk Constabulary,0.802495,52.221586,On or near Smithy Court,E01030138,West Suffolk 016B,Other theft,Investigation complete; no suspect identified,
594808655c835aceb70ca5a392b0b1287df7098bbdcd7be867a31c2edd258748,2026-04,Suffolk Constabulary,Suffolk Constabulary,0.777418,52.239986,On or near General Castle Way,E01030138,West Suffolk 016B,Other theft,Investigation complete; no suspect identified,
1b040fd59fdbe8e045fa537feabdbab6950a6d64546cd56ef06036d5d856253d,2026-04,Suffolk Constabulary,Suffolk Constabulary,0.777418,52.239986,On or near General Castle Way,E01030138,West Suffolk 016B,Public order,Investigation complete; no suspect identified,
02f21ab95f414b3453154eccb01fe3bf0c083517b1ce368e4f526f8d588efcc8,2026-04,Suffolk Constabulary,Suffolk Constabulary,0.775812,52.243117,On or near Woodlands Road,E01030138,West Suffolk 016B,Violence and sexual offences,Unable to prosecute suspect,
cda0d5d26855680cdc0dedb79494844db906902f1fb09b6c94b5822ee6e5365b,2026-04,Suffolk Constabulary,Suffolk Constabulary,0.783824,52.231867,On or near Drury Close,E01030138,West Suffolk 016B,Violence and sexual offences,Unable to prosecute suspect,
46b80687919424a1f73a851e17d854a89b14fe44d6150fb14f8be8a3910dd7ab,2026-04,Suffolk Constabulary,Suffolk Constabulary,0.796650,52.198487,On or near Oakey Ley,E01030138,West Suffolk 016B,Violence and sexual offences,Unable to prosecute suspect,
52919a9e6a5b986e6a3c9519e6f859a8626f67fbae98aec722a6bee84aa937e8,2026-04,Suffolk Constabulary,Suffolk Constabulary,0.802198,52.222457,On or near Smithy Close,E01030138,West Suffolk 016B,Violence and sexual offences,Unable to prosecute suspect,
ab81e46deeae3b1a5b1276d507cab6a4e922b6a8e04381552546a81a9a016c05,2026-04,Suffolk Constabulary,Suffolk Constabulary,0.751859,52.174909,On or near Rokewood Place,E01030138,West Suffolk 016B,Violence and sexual offences,Unable to prosecute suspect,
b2ed01abf96d609f2e808ba613fbcd147b669cbc813db56ab88bacbfce58549b,2026-04,Suffolk Constabulary,Suffolk Constabulary,0.705693,52.276005,On or near Park Avenue,E01034572,West Suffolk 016C,Criminal damage and arson,Investigation complete; no suspect identified,
d8c2d0722f540fd1f96d1096af47bb7c75221785dd8f1a11f4118f1d5ea930a6,2026-04,Suffolk Constabulary,Suffolk Constabulary,0.708179,52.275660,On or near Gleneagles Close,E01034572,West Suffolk 016C,Criminal damage and arson,Investigation complete; no suspect identified,
f27fc96c7ce0e3ddb44a14b19a253a43c76b8c19ace66581cb1067637c5be008,2026-04,Suffolk Constabulary,Suffolk Constabulary,0.716220,52.262103,On or near Kytson Road,E01034572,West Suffolk 016C,Criminal damage and arson,Investigation complete; no suspect identified,
672c6393bfbdaba01c8f9e9fb3af411d7c6e11eb537f4917ee57d8935364b6bd,2026-04,Suffolk Constabulary,Suffolk Constabulary,0.705693,52.276005,On or near Park Avenue,E01034572,West Suffolk 016C,Drugs,Awaiting court outcome,
a674982254789571d438e11bf1eff4e9ad6723920f5af74bcb364262a21a4c8f,2026-04,Suffolk Constabulary,Suffolk Constabulary,0.716220,52.262103,On or near Kytson Road,E01034572,West Suffolk 016C,Public order,Investigation complete; no suspect identified,
,2026-04,Suffolk Constabulary,Suffolk Constabulary,0.694311,52.264790,On or near Windell Drive,E01034573,West Suffolk 016D,Anti-social behaviour,,
06f5afb7bf4d26531460f9862b67ee63cf173cb028e3c87ab40e45019b210e28,2026-04,Suffolk Constabulary,Suffolk Constabulary,0.690626,52.263723,On or near Silk Close,E01034573,West Suffolk 016D,Burglary,Investigation complete; no suspect identified,
0801882b3a2cc81057702ad9488b7ffe62596d0bb3865756c7d5cb165cb6ee2c,2026-04,Suffolk Constabulary,Suffolk Constabulary,0.694725,52.267991,On or near Sandlands Drive,E01034573,West Suffolk 016D,Burglary,Under investigation,
a20d5a5898a039a35f3ea0254cc2623283f7986fa38549b9ce1c383d7e19ff03,2026-04,Suffolk Constabulary,Suffolk Constabulary,0.690996,52.265720,On or near Redwood Drive,E01034573,West Suffolk 016D,Criminal damage and arson,Under investigation,
bdc082c3e420e28c650c06f9014185c8c22afb7471c4d1950149347acb79d2db,2026-04,Suffolk Constabulary,Suffolk Constabulary,0.693875,52.263892,On or near Cossie Close,E01034573,West Suffolk 016D,Criminal damage and arson,Investigation complete; no suspect identified,
18c387164c76119bac40f46f026798bf16366666fdffd8abd5c6da150a1bad91,2026-04,Suffolk Constabulary,Suffolk Constabulary,0.694725,52.267991,On or near Sandlands Drive,E01034573,West Suffolk 016D,Other theft,Under investigation,
535196a79b34497fe955533abd291529cb4e6cfe9c9c2ded3deedee7a3facf10,2026-04,Suffolk Constabulary,Suffolk Constabulary,0.694725,52.267991,On or near Sandlands Drive,E01034573,West Suffolk 016D,Other theft,Under investigation,
12260dff854d14b88f48c0047656648a7066b77aeb69c840631e604b9dffb52d,2026-04,Suffolk Constabulary,Suffolk Constabulary,0.694725,52.267991,On or near Sandlands Drive,E01034573,West Suffolk 016D,Other theft,Investigation complete; no suspect identified,
968a4dab669be842ece024fc6acf63d29a460e84e3e93e41b0acfe419d8c0fed,2026-04,Suffolk Constabulary,Suffolk Constabulary,0.690626,52.263723,On or near Silk Close,E01034573,West Suffolk 016D,Other theft,Unable to prosecute suspect,
d9d3934da99cae1f723188813492236b77718410fc0ab2a51b1e51bc3976fc81,2026-04,Suffolk Constabulary,Suffolk Constabulary,0.690626,52.263723,On or near Silk Close,E01034573,West Suffolk 016D,Public order,Awaiting court outcome,
39c28d04bd13c986644fdf47b29f073b69b991fa3ae19b2c9a8baf7dbc5f1ba4,2026-04,Suffolk Constabulary,Suffolk Constabulary,0.694725,52.267991,On or near Sandlands Drive,E01034573,West Suffolk 016D,Violence and sexual offences,Unable to prosecute suspect,
7471d8d1039f7d780564bfcfa09ade3b8fd857359a104ed36cdacca131a2f76e,2026-04,Suffolk Constabulary,Suffolk Constabulary,0.690626,52.263723,On or near Silk Close,E01034573,West Suffolk 016D,Violence and sexual offences,Unable to prosecute suspect,
56706b3ab92fdb9691b1c6486aed59b0f106bf20924ffcc30a888b7f24ed8591,2026-04,Suffolk Constabulary,Suffolk Constabulary,0.690378,52.276319,On or near Forge End,E01034573,West Suffolk 016D,Violence and sexual offences,Action to be taken by another organisation,
cc31963524783c01b2d67eb740b7e317834b066d2c19040389e60dc662c172b7,2026-04,Suffolk Constabulary,Suffolk Constabulary,0.690261,52.263741,On or near Wool Road,E01034573,West Suffolk 016D,Violence and sexual offences,Action to be taken by another organisation,
e5f36a95b79e7aaa582f62d817c2d32fc0e3d9e551564e8daffe8a0f0f92c79e,2026-04,Suffolk Constabulary,Suffolk Constabulary,0.690261,52.263741,On or near Wool Road,E01034573,West Suffolk 016D,Violence and sexual offences,Unable to prosecute suspect,
5f15fa11cea57a5c82502d90e682e32ddaefcc14a7d9f95e46e0cbb2beb3d592,2026-04,Suffolk Constabulary,Suffolk Constabulary,0.685743,52.265372,On or near Yarn Walk,E01034573,West Suffolk 016D,Violence and sexual offences,Under investigation,
4fcc8f1303da6bc91bb9d558fd8b2e8cc030893ac493edda7009e229df4c9ff1,2026-04,Suffolk Constabulary,Suffolk Constabulary,0.687637,52.271004,On or near Tut Hill,E01034573,West Suffolk 016D,Violence and sexual offences,Under investigation,
e3760a3b5245a9e2892f2c56fb782499403bf21cc756bf3dd117708a56fbd766,2026-04,Suffolk Constabulary,Suffolk Constabulary,0.690261,52.263741,On or near Wool Road,E01034573,West Suffolk 016D,Violence and sexual offences,Unable to prosecute suspect,
0d2ca1efb3855b4c49b7a868b9e3be05676cf86e1ad2783618c4d9814987031b,2026-04,Suffolk Constabulary,Suffolk Constabulary,0.628985,52.137353,On or near East Lane,E01030099,West Suffolk 017A,Burglary,Under investigation,
2fa6090f515fc4a0a8fa3736685b0b549eaa78e49d95aca4523875acb0812bc2,2026-04,Suffolk Constabulary,Suffolk Constabulary,0.636218,52.087344,On or near High Street,E01030099,West Suffolk 017A,Violence and sexual offences,Unable to prosecute suspect,
bb0542628d67f715bbd6bc0e1d8a04e9dd3b8958470f4ba70b80ca1fc138571c,2026-04,Suffolk Constabulary,Suffolk Constabulary,0.597288,52.125331,On or near Upper Street,E01030099,West Suffolk 017A,Violence and sexual offences,Unable to prosecute suspect,
e1fa3d72b15206dd0a7ab9ab0da3100a1d1ab4e54129f4a5ac0d6e852e1dc922,2026-04,Suffolk Constabulary,Suffolk Constabulary,0.630030,52.090594,On or near Peacocks Close,E01030099,West Suffolk 017A,Violence and sexual offences,Unable to prosecute suspect,
,2026-04,Suffolk Constabulary,Suffolk Constabulary,0.581393,52.078081,On or near Market Hill,E01030101,West Suffolk 017B,Anti-social behaviour,,
0af3ca614962d35b585cd2c8e9efd9b8f343e73dc450c0c4f5db8483ad3b64d3,2026-04,Suffolk Constabulary,Suffolk Constabulary,0.574741,52.073830,On or near The Granary,E01030101,West Suffolk 017B,Vehicle crime,Investigation complete; no suspect identified,
d924b5397956efabba09c9fa3ead3bd71f019bdbb321e48e1a9f90328fe34f62,2026-04,Suffolk Constabulary,Suffolk Constabulary,0.579659,52.080664,On or near Erbury Place,E01030101,West Suffolk 017B,Violence and sexual offences,Unable to prosecute suspect,
3b492db59a65ae413610a68f5a8252f8a64b9e66b212c2ae1e64a997b872ad9b,2026-04,Suffolk Constabulary,Suffolk Constabulary,0.612176,52.168275,On or near Gatesbury'S Lane,E01030150,West Suffolk 017C,Other theft,Investigation complete; no suspect identified,
5f9f6ffd12204e6e5448efd8088a2c42eed01a01833f78e078074a3bec45dcf1,2026-04,Suffolk Constabulary,Suffolk Constabulary,0.561903,52.161006,On or near Parking Area,E01030150,West Suffolk 017C,Other theft,Unable to prosecute suspect,
4ceb885c3e3ddc7823da0e9112ecf484ba6385d73de094564d54b45c18ee39b9,2026-04,Suffolk Constabulary,Suffolk Constabulary,0.593483,52.185585,On or near Hall Close,E01030150,West Suffolk 017C,Violence and sexual offences,Unable to prosecute suspect,
a5a5b7ff3f24091d89d1718b8808e2a222cd7fafb4e99b63d79de088b9957f50,2026-04,Suffolk Constabulary,Suffolk Constabulary,0.584629,52.166433,On or near Parking Area,E01030150,West Suffolk 017C,Other crime,Under investigation,
ad3118d694ba6507baf3eb97a194ce691b68752c5823ec80e95a8b45350b1410,2026-04,Suffolk Constabulary,Suffolk Constabulary,0.593483,52.185585,On or near Hall Close,E01030150,West Suffolk 017C,Other crime,Under investigation,
acb7e2f43040205c77e8b6a45252c5c7710efe4cc2ce42859d7a2b337810a27a,2026-04,Suffolk Constabulary,Suffolk Constabulary,0.482493,52.094307,On or near St Peters Close,E01030122,West Suffolk 018A,Other theft,Investigation complete; no suspect identified,
66ca605dec49fd0dfe256885ca8c13156a22988240e9ba6c20f658a76e9cccac,2026-04,Suffolk Constabulary,Suffolk Constabulary,0.491708,52.094356,On or near Dash End,E01030122,West Suffolk 018A,Vehicle crime,Unable to prosecute suspect,
6478f2afafb0a9abdb5591d5068a841ab175c61971277164bdfc1c8a76285ad6,2026-04,Suffolk Constabulary,Suffolk Constabulary,0.491708,52.094356,On or near Dash End,E01030122,West Suffolk 018A,Violence and sexual offences,Unable to prosecute suspect,
faacc9476d41c5d6d7d59074498ee44d13bd1e031a6ab719625536348014c1bd,2026-04,Suffolk Constabulary,Suffolk Constabulary,0.488013,52.091187,On or near Silver Street,E01030122,West Suffolk 018A,Violence and sexual offences,Investigation complete; no suspect identified,
4074683f786d8f4db3355eeaf639a6f5c090d5c4c6340d5d856e5e4d09666a6b,2026-04,Suffolk Constabulary,Suffolk Constabulary,0.490284,52.092902,On or near Westward Deals,E01030122,West Suffolk 018A,Other crime,Investigation complete; no suspect identified,
,2026-04,Suffolk Constabulary,Suffolk Constabulary,0.446489,52.094044,On or near Shipp Close,E01030151,West Suffolk 018B,Anti-social behaviour,,
,2026-04,Suffolk Constabulary,Suffolk Constabulary,0.404396,52.091035,On or near Darwin Walk,E01030151,West Suffolk 018B,Anti-social behaviour,,
,2026-04,Suffolk Constabulary,Suffolk Constabulary,0.448799,52.093825,On or near Farrant Road,E01030151,West Suffolk 018B,Anti-social behaviour,,
,2026-04,Suffolk Constabulary,Suffolk Constabulary,0.446489,52.094044,On or near Shipp Close,E01030151,West Suffolk 018B,Anti-social behaviour,,
268ea17f0981f69df12dc0947bc187af5807ca2c2cdd3e89f1e10279e94960be,2026-04,Suffolk Constabulary,Suffolk Constabulary,0.445699,52.094285,On or near Orbell Avenue,E01030151,West Suffolk 018B,Drugs,Awaiting court outcome,
428aa3f5025b6e35f95f1ec9e7181f7151fc1c87320c062e1c10502ece938b90,2026-04,Suffolk Constabulary,Suffolk Constabulary,0.405459,52.092605,On or near Fleming Way,E01030151,West Suffolk 018B,Other theft,Investigation complete; no suspect identified,
d4c3d512cc75359467d0ca2284460872d644855770072e28498201222ce32cc4,2026-04,Suffolk Constabulary,Suffolk Constabulary,0.464768,52.099337,On or near Old Haverhill Road,E01030151,West Suffolk 018B,Other theft,Investigation complete; no suspect identified,
53d6efbf07ba992e3921fcabb1e677a1efdea9a44e2b2672851a6dea17d3efdc,2026-04,Suffolk Constabulary,Suffolk Constabulary,0.445699,52.094285,On or near Orbell Avenue,E01030151,West Suffolk 018B,Public order,Awaiting court outcome,
0fa122400661d974674222964bce2930667c09d2f9e37a461060aaa504f7926e,2026-04,Suffolk Constabulary,Suffolk Constabulary,0.445699,52.094285,On or near Orbell Avenue,E01030151,West Suffolk 018B,Violence and sexual offences,Awaiting court outcome,
7790fbb5795b1764ed16c8e27877d9ff6978368eac1f9591dc63016befbe5d4a,2026-04,Suffolk Constabulary,Suffolk Constabulary,0.450636,52.124416,On or near Wratting Road,E01030151,West Suffolk 018B,Violence and sexual offences,Under investigation,
9b386bb5d0af9dcf5bbc7d2f2feaa280dfab0a2960bff4fedcd4ceaaba118bae,2026-04,Suffolk Constabulary,Suffolk Constabulary,0.507259,52.157603,On or near Hammond Close,E01030151,West Suffolk 018B,Other crime,Further investigation is not in the public interest,
a066e99fdcec7f711de93669fea15950e417207d0ac0664cfb3cddff17339179,2026-04,Suffolk Constabulary,Suffolk Constabulary,0.533577,52.112563,On or near Windmill Rise,E01034574,West Suffolk 018C,Burglary,Under investigation,
cfdd328a42b65a78c6abc8c630e3599d97116769676c0397df72cde9f687b729,2026-04,Suffolk Constabulary,Suffolk Constabulary,0.518795,52.141306,On or near Petrol Station,E01034574,West Suffolk 018C,Other theft,Investigation complete; no suspect identified,
aa40dbc936f1f16165fda0cc35bcaf60e4121431e5f8e5747612e82020b5389d,2026-04,Suffolk Constabulary,Suffolk Constabulary,0.518795,52.141306,On or near Petrol Station,E01034574,West Suffolk 018C,Other theft,Investigation complete; no suspect identified,
376d08feb4d87c991320d6b717ef659d398a20c718eb9032a24db974b6149fd2,2026-04,Suffolk Constabulary,Suffolk Constabulary,0.517124,52.139408,On or near Chestnut Road,E01034574,West Suffolk 018C,Public order,Unable to prosecute suspect,
ae7391cc6fdff8ad0c6b89536ef09d17c2d9050689f5f29d1b8ddadb678c8e33,2026-04,Suffolk Constabulary,Suffolk Constabulary,0.517124,52.139408,On or near Chestnut Road,E01034574,West Suffolk 018C,Violence and sexual offences,Unable to prosecute suspect,
610bf520cdd43e94f38e41a055598fa6056220be73de856a53a4a1ee3a9c932f,2026-04,Suffolk Constabulary,Suffolk Constabulary,0.537087,52.113675,On or near Upper North Street,E01034574,West Suffolk 018C,Violence and sexual offences,Unable to prosecute suspect,
40f96a1163d44bca5bd60f6402ea301a8021d5cd727b4e0b7568c1b50b36c789,2026-04,Suffolk Constabulary,Suffolk Constabulary,0.517124,52.139408,On or near Chestnut Road,E01034574,West Suffolk 018C,Violence and sexual offences,Under investigation,
a269ee8fb540782f5a54609342e74e482c05f5826fc892b71540b9505203988f,2026-04,Suffolk Constabulary,Suffolk Constabulary,0.517124,52.139408,On or near Chestnut Road,E01034574,West Suffolk 018C,Violence and sexual offences,Awaiting court outcome,
e883eb01afeef3e1b9b249b2cb5765e74328bf57695c53025c42f2a11d71203b,2026-04,Suffolk Constabulary,Suffolk Constabulary,0.517124,52.139408,On or near Chestnut Road,E01034574,West Suffolk 018C,Violence and sexual offences,Unable to prosecute suspect,
6068f80e899a9fa9efd1f096090f0dc1cc5aadface34d5c074e4d7eb4c8a310c,2026-04,Suffolk Constabulary,Suffolk Constabulary,0.517124,52.139408,On or near Chestnut Road,E01034574,West Suffolk 018C,Violence and sexual offences,Awaiting court outcome,
2a2889470186917024c2475fdf6abdd9910d1e170f07306a5e0c00583cc4c5fc,2026-04,Suffolk Constabulary,Suffolk Constabulary,0.517148,52.140091,On or near Hawthorn Way,E01034574,West Suffolk 018C,Violence and sexual offences,Unable to prosecute suspect,
ac714fa3fd56a9e9f13f3e620eb577c8f2076e39232eee2317d20dadf5beffac,2026-04,Suffolk Constabulary,Suffolk Constabulary,0.517124,52.139408,On or near Chestnut Road,E01034574,West Suffolk 018C,Other crime,Under investigation,
aa29cf0d649ea3abaa624cc85575713963a4fd1b534d431390c2f2c5d277aedf,2026-04,Suffolk Constabulary,Suffolk Constabulary,0.517124,52.139408,On or near Chestnut Road,E01034574,West Suffolk 018C,Other crime,Under investigation,
6aebb5676a2bbdbbca4c6d26f561ffff6c254c96c36fd66898bea4d3b599a337,2026-04,Suffolk Constabulary,Suffolk Constabulary,0.517124,52.139408,On or near Chestnut Road,E01034574,West Suffolk 018C,Other crime,Under investigation,
dba6231098bbea51860f947e2a46d69cb8cc6dfab7352f6f9931796a0e4be56a,2026-04,Suffolk Constabulary,Suffolk Constabulary,0.517124,52.139408,On or near Chestnut Road,E01034574,West Suffolk 018C,Other crime,Awaiting court outcome,
8aabfa05ac355fc3036e74163bd29cbb9db2683e067ceff0fe931ec6d4c4ccf0,2026-04,Suffolk Constabulary,Suffolk Constabulary,0.517124,52.139408,On or near Chestnut Road,E01034574,West Suffolk 018C,Other crime,Under investigation,
0fde1f1b03d2caf62832e6e8e65d6b6d49ad678b0f29d368405c18a520da0195,2026-04,Suffolk Constabulary,Suffolk Constabulary,0.517124,52.139408,On or near Chestnut Road,E01034574,West Suffolk 018C,Other crime,Under investigation,
abdd6156dc63f87d603b92f71df4af6fe17a1b3e4a5e457d8ea0322ed840c217,2026-04,Suffolk Constabulary,Suffolk Constabulary,0.531598,52.112183,On or near Seabrook Close,E01034575,West Suffolk 018D,Criminal damage and arson,Investigation complete; no suspect identified,
9d5035bb5b6c2a7be1b6d74513a8b4bc7d9da5db5f0b25bbdebc9dd41eade93e,2026-04,Suffolk Constabulary,Suffolk Constabulary,0.532827,52.062742,On or near Blacksmiths Hill,E01034575,West Suffolk 018D,Violence and sexual offences,Unable to prosecute suspect,
,2026-04,Suffolk Constabulary,Suffolk Constabulary,0.421845,52.084886,On or near Princess Way,E01030109,West Suffolk 019A,Anti-social behaviour,,
,2026-04,Suffolk Constabulary,Suffolk Constabulary,0.421845,52.084886,On or near Princess Way,E01030109,West Suffolk 019A,Anti-social behaviour,,
e732cbeffaa77dec3ec4de924a15fe0484adb7b6a5ef29b0821decc6fc4ebdfb,2026-04,Suffolk Constabulary,Suffolk Constabulary,0.423783,52.085368,On or near Downton Drive,E01030109,West Suffolk 019A,Other theft,Unable to prosecute suspect,
e2791a8a74408aa687fc8310b4c59a7921fe4a940f4ec831ff3448cc37e8979a,2026-04,Suffolk Constabulary,Suffolk Constabulary,0.425217,52.082740,On or near Castle Avenue,E01030109,West Suffolk 019A,Violence and sexual offences,Unable to prosecute suspect,
417f7c4d8130f674b437feb71df11bc89f4d96c9655abe907a3f239ea4e0a706,2026-04,Suffolk Constabulary,Suffolk Constabulary,0.422583,52.084502,On or near Dunster Drive,E01030109,West Suffolk 019A,Violence and sexual offences,Action to be taken by another organisation,
f1953ed4ddb264d9a107ef8232e62c94b64f2c14aa1f55e6b3bf37661998cbba,2026-04,Suffolk Constabulary,Suffolk Constabulary,0.430248,52.082123,On or near Overchurch Close,E01030109,West Suffolk 019A,Violence and sexual offences,Investigation complete; no suspect identified,
,2026-04,Suffolk Constabulary,Suffolk Constabulary,0.428698,52.092011,On or near James Dunn Way,E01030110,West Suffolk 019B,Anti-social behaviour,,
,2026-04,Suffolk Constabulary,Suffolk Constabulary,0.428918,52.095244,On or near Brickfields Drive,E01030110,West Suffolk 019B,Anti-social behaviour,,
13d1472956283f426ec94264c19c84be29d1cbae2d58677a0713d858f1f71d7a,2026-04,Suffolk Constabulary,Suffolk Constabulary,0.426513,52.088873,On or near Cambridge Way,E01030110,West Suffolk 019B,Criminal damage and arson,Investigation complete; no suspect identified,
a3c09071e035d3dfdf834712ef03fbc68a5bc25a7871c6e7ea52a89e2c3a77e4,2026-04,Suffolk Constabulary,Suffolk Constabulary,0.427966,52.089274,On or near Pleasant Close,E01030110,West Suffolk 019B,Criminal damage and arson,Investigation complete; no suspect identified,
265ee04a175456615a5484c41a40b9c9790302671ad5baab63bd0c73013875e9,2026-04,Suffolk Constabulary,Suffolk Constabulary,0.429309,52.083905,On or near Castle Lane,E01030110,West Suffolk 019B,Violence and sexual offences,Action to be taken by another organisation,
2eb19014507eb36508857f49c9e4b9d08de1c7187468b6953273bc28fa88a3c3,2026-04,Suffolk Constabulary,Suffolk Constabulary,0.424273,52.094665,On or near Colbeck Road,E01030110,West Suffolk 019B,Violence and sexual offences,Unable to prosecute suspect,
c2ace2ae082a6a5a5855fdabf846fed21d9f1497b560fac1bfc2a448252912ad,2026-04,Suffolk Constabulary,Suffolk Constabulary,0.430441,52.094268,On or near Billings Close,E01030110,West Suffolk 019B,Violence and sexual offences,Unable to prosecute suspect,
62bebffa497cb51ee2c1273445f72409adc37a9e517e562207d235db09a17434,2026-04,Suffolk Constabulary,Suffolk Constabulary,0.429309,52.083905,On or near Castle Lane,E01030110,West Suffolk 019B,Violence and sexual offences,Action to be taken by another organisation,
6080477c75a068f6fba51a308658633981e32dc704c22b7de4868e44057990fb,2026-04,Suffolk Constabulary,Suffolk Constabulary,0.429309,52.083905,On or near Castle Lane,E01030110,West Suffolk 019B,Violence and sexual offences,Under investigation,
f2bc7bc050ad9b6acdbf63c42f191f458df57827d7ccf94898c004fc0d014259,2026-04,Suffolk Constabulary,Suffolk Constabulary,0.429309,52.083905,On or near Castle Lane,E01030110,West Suffolk 019B,Violence and sexual offences,Under investigation,
f15ab6cbcca3c31b184b8a50d883c9f6c3722e8340645a8ebf6950ca4daae8df,2026-04,Suffolk Constabulary,Suffolk Constabulary,0.431722,52.092857,On or near Forest Glade,E01030110,West Suffolk 019B,Violence and sexual offences,Awaiting court outcome,
3d56156a0f19fe5d43bd9312b9affcd0e562db46c7588ac8170955f179a496b0,2026-04,Suffolk Constabulary,Suffolk Constabulary,0.434185,52.082842,On or near Edmund Close,E01030110,West Suffolk 019B,Violence and sexual offences,Under investigation,
233e4df04ffffbbbf690e8804f91f7e1ea6aa0dae799da52b9b950f14ae9f698,2026-04,Suffolk Constabulary,Suffolk Constabulary,0.424273,52.094665,On or near Colbeck Road,E01030110,West Suffolk 019B,Violence and sexual offences,Unable to prosecute suspect,
6cc3104007c85ef1d0949062540455782cdca67e6534b6779a232a97f6893584,2026-04,Suffolk Constabulary,Suffolk Constabulary,0.422849,52.094254,On or near Bellings Road,E01030110,West Suffolk 019B,Other crime,Further investigation is not in the public interest,
8f8cc38be506f04e13a1a645dcd7f7c9a01a703f0e1d66d9f64e81c3f43b3475,2026-04,Suffolk Constabulary,Suffolk Constabulary,0.432989,52.090115,On or near Blackmore Close,E01030111,West Suffolk 019C,Criminal damage and arson,Investigation complete; no suspect identified,
805a73b0241695162032e2e09d09b8461324febb56841ee41ddf08fcf05b0f12,2026-04,Suffolk Constabulary,Suffolk Constabulary,0.439123,52.093100,On or near Copellis Close,E01030111,West Suffolk 019C,Public order,Unable to prosecute suspect,
4de4bd1b1783e2275d61af246931e526d78f54e753c3626d6e979c67ceb71fe4,2026-04,Suffolk Constabulary,Suffolk Constabulary,0.434590,52.090019,On or near Friar Close,E01030111,West Suffolk 019C,Shoplifting,Under investigation,
39e8410334cfbb6592e18dc701ca335402a459a823ef7044dee903ee999ea2b3,2026-04,Suffolk Constabulary,Suffolk Constabulary,0.435258,52.091570,On or near Moneypiece Close,E01030111,West Suffolk 019C,Vehicle crime,Investigation complete; no suspect identified,
5c5c42a43f575b0fc75a83a89eeb46a1d50e5d6ebc7932231789de724c473e8f,2026-04,Suffolk Constabulary,Suffolk Constabulary,0.434590,52.090019,On or near Friar Close,E01030111,West Suffolk 019C,Violence and sexual offences,Under investigation,
d3a84aab4def1429e2b6e14eb1d822d33e8fa53852e4011a247b28d0f1221c3c,2026-04,Suffolk Constabulary,Suffolk Constabulary,0.430454,52.091282,On or near Foxburrow Close,E01030111,West Suffolk 019C,Violence and sexual offences,Unable to prosecute suspect,
a5cbfdcf39ba238cee9e01a7561b064b15e3e68e9c8052b1c7f60c1e624b7470,2026-04,Suffolk Constabulary,Suffolk Constabulary,0.430454,52.091282,On or near Foxburrow Close,E01030111,West Suffolk 019C,Violence and sexual offences,Under investigation,
c8085599709af46bd7787df6ce6446a00604ca71d530cecd48927db9a7db7e7a,2026-04,Suffolk Constabulary,Suffolk Constabulary,0.430454,52.091282,On or near Foxburrow Close,E01030111,West Suffolk 019C,Violence and sexual offences,Action to be taken by another organisation,
725f8e6837e952b128927d15f2cc429d7cd8733fd57c4ba92b62bbd57264f90f,2026-04,Suffolk Constabulary,Suffolk Constabulary,0.439123,52.093100,On or near Copellis Close,E01030111,West Suffolk 019C,Violence and sexual offences,Under investigation,
228cc29eadd41d8ee3c91f8ec72b7cc30214fc3a4aaaa13263f14878da3d82cd,2026-04,Suffolk Constabulary,Suffolk Constabulary,0.430454,52.091282,On or near Foxburrow Close,E01030111,West Suffolk 019C,Violence and sexual offences,Action to be taken by another organisation,
,2026-04,Suffolk Constabulary,Suffolk Constabulary,0.437140,52.084031,On or near Queen Street,E01030112,West Suffolk 019D,Anti-social behaviour,,
35191df1d336ff1c11bfe977e4c7f149819ae5c6d4429370de489ae77d4b6c87,2026-04,Suffolk Constabulary,Suffolk Constabulary,0.438427,52.083555,On or near Murton Slade,E01030112,West Suffolk 019D,Bicycle theft,Investigation complete; no suspect identified,
76f68c01e9f1994b92157bc83a28714dee2f1b5fd0cb537494f79fe3f46608f8,2026-04,Suffolk Constabulary,Suffolk Constabulary,0.439256,52.088583,On or near The Glebe,E01030112,West Suffolk 019D,Burglary,Under investigation,
c473f6e4b8c6cb50033dc3a133f61455b25440075137c5725b9a236900132451,2026-04,Suffolk Constabulary,Suffolk Constabulary,0.446469,52.092615,On or near Webb Close,E01030112,West Suffolk 019D,Burglary,Investigation complete; no suspect identified,
d02c1c3780d068d3ae9ef4e60351482c6502422ae70e080c60a7ebb712fd5429,2026-04,Suffolk Constabulary,Suffolk Constabulary,0.437235,52.086044,On or near Les Ager Drive,E01030112,West Suffolk 019D,Criminal damage and arson,Investigation complete; no suspect identified,
12952b0cfefc5a0e97fd76b2187ebb0cda9f83a105571cd04f8d2772bb4e06a3,2026-04,Suffolk Constabulary,Suffolk Constabulary,0.438574,52.091591,On or near Chase Close,E01030112,West Suffolk 019D,Other theft,Investigation complete; no suspect identified,
b274766cd91377b7ef08213fb83ca29897f71aeb9f3d3fb159e593eb1c894a2d,2026-04,Suffolk Constabulary,Suffolk Constabulary,0.446857,52.091959,On or near Haverhill Road,E01030112,West Suffolk 019D,Other theft,Investigation complete; no suspect identified,
190eb86b0103fc52cc02655d2a382fe6355a1002a2558d08fbdbfb36e55cbe37,2026-04,Suffolk Constabulary,Suffolk Constabulary,0.439256,52.088583,On or near The Glebe,E01030112,West Suffolk 019D,Other theft,Under investigation,
2f8ddcad3f996f256a36c35dec6cec85d574e786d2667f86c62b14aedc9f07fb,2026-04,Suffolk Constabulary,Suffolk Constabulary,0.438427,52.083555,On or near Murton Slade,E01030112,West Suffolk 019D,Public order,Investigation complete; no suspect identified,
acb988caf6775c270ce8071667f833dcd7bcf5501720c3cf781f02ca13f3a576,2026-04,Suffolk Constabulary,Suffolk Constabulary,0.438120,52.090234,On or near Trinity Link,E01030112,West Suffolk 019D,Vehicle crime,Investigation complete; no suspect identified,
7b899b2f686e389398a8dd07fa665f44420fe5e1d1fbb382b64202c2d3c38299,2026-04,Suffolk Constabulary,Suffolk Constabulary,0.437140,52.084031,On or near Queen Street,E01030112,West Suffolk 019D,Violence and sexual offences,Awaiting court outcome,
47144b12c58d4d70e6d219620ab1fa64bc7e418a638681c2603edb5ee28796db,2026-04,Suffolk Constabulary,Suffolk Constabulary,0.442608,52.092488,On or near Ann Suckling Road,E01030112,West Suffolk 019D,Violence and sexual offences,Action to be taken by another organisation,
d280c57455389aeeb88f4a11285ce6ef64a3a2c822554fa66aa157957b65d3f7,2026-04,Suffolk Constabulary,Suffolk Constabulary,0.442608,52.092488,On or near Ann Suckling Road,E01030112,West Suffolk 019D,Violence and sexual offences,Action to be taken by another organisation,
e3a3ad180dcd4bbad9b5fcdf0d23e202e0b70d86458180cb7978ef29cf0ca377,2026-04,Suffolk Constabulary,Suffolk Constabulary,0.437140,52.084031,On or near Queen Street,E01030112,West Suffolk 019D,Violence and sexual offences,Unable to prosecute suspect,
c35e8e1055cae1ea1764a0fa6b6867b68975bd63abaaa17ad137a0fd1d0015dd,2026-04,Suffolk Constabulary,Suffolk Constabulary,0.437140,52.084031,On or near Queen Street,E01030112,West Suffolk 019D,Violence and sexual offences,Offender given a caution,
6f6b2e00f178a115de2f7bd898a7ba02fb9ba8b9513e51ad3b133320734061dc,2026-04,Suffolk Constabulary,Suffolk Constabulary,0.437140,52.084031,On or near Queen Street,E01030112,West Suffolk 019D,Violence and sexual offences,Unable to prosecute suspect,
19c660396711922481512bbc91f00a31b1cb71c35612ead348133680ea4045f4,2026-04,Suffolk Constabulary,Suffolk Constabulary,0.442608,52.092488,On or near Ann Suckling Road,E01030112,West Suffolk 019D,Violence and sexual offences,Action to be taken by another organisation,
b11ed29db93a5c08c71bbfdb9da80f414d0dd947be02fce42cb02ada8d2ea660,2026-04,Suffolk Constabulary,Suffolk Constabulary,0.446857,52.091959,On or near Haverhill Road,E01030112,West Suffolk 019D,Violence and sexual offences,Under investigation,
f941e5b5d137bff5552e11076b0f51c45d2bad77e8e48c7419bc8d96dd6bda65,2026-04,Suffolk Constabulary,Suffolk Constabulary,0.446857,52.091959,On or near Haverhill Road,E01030112,West Suffolk 019D,Violence and sexual offences,Under investigation,
498cacecdca8c84ef44b9b587b866981981471c75fb25b86254970bfdcab9dd7,2026-04,Suffolk Constabulary,Suffolk Constabulary,0.446476,52.093010,On or near Beavis Drive,E01030112,West Suffolk 019D,Violence and sexual offences,Under investigation,
73e92dc8d6a397ea96844cb967d4e15ff51f5ead9f604c15142f1176685bea7e,2026-04,Suffolk Constabulary,Suffolk Constabulary,0.435812,52.084041,On or near Francis Close,E01030112,West Suffolk 019D,Violence and sexual offences,Under investigation,
af95c7869b59c46a6419918d8a2d6a239f8630e9cdf5934e9d82d4a96ea52cf2,2026-04,Suffolk Constabulary,Suffolk Constabulary,0.442608,52.092488,On or near Ann Suckling Road,E01030112,West Suffolk 019D,Violence and sexual offences,Action to be taken by another organisation,
c140e63cc6d815c30a9a22d596e0527396e4fa2ae27a56b42a3307700e4da901,2026-04,Suffolk Constabulary,Suffolk Constabulary,0.435581,52.085970,On or near Broad Street,E01030112,West Suffolk 019D,Other crime,Further investigation is not in the public interest,
,2026-04,Suffolk Constabulary,Suffolk Constabulary,0.444889,52.079195,On or near Elmhurst Close,E01030105,West Suffolk 020A,Anti-social behaviour,,
d4e870b6dd58f5802165e6034d0cb286c0c64f95376d75dff570eda2790cd347,2026-04,Suffolk Constabulary,Suffolk Constabulary,0.443143,52.080094,On or near Mount Road,E01030105,West Suffolk 020A,Criminal damage and arson,Investigation complete; no suspect identified,
b9a7dc7c4f8d48579c71e8450bc50b3dbdc27c7fec5fbc8e2e32c71e8a9d335b,2026-04,Suffolk Constabulary,Suffolk Constabulary,0.447135,52.084777,On or near Deben Road,E01030105,West Suffolk 020A,Robbery,Under investigation,
681d7dc02b0f14351c94b2e83e422c1b23e944e4cd6311ae1e76d7bc054cc2de,2026-04,Suffolk Constabulary,Suffolk Constabulary,0.442559,52.081167,On or near Waveney Terrace,E01030105,West Suffolk 020A,Shoplifting,Investigation complete; no suspect identified,
69e1d3a0ae6587f5c124b9389300396ecfd3d85e630dd5b70c80b76bc25405f7,2026-04,Suffolk Constabulary,Suffolk Constabulary,0.444889,52.079195,On or near Elmhurst Close,E01030105,West Suffolk 020A,Vehicle crime,Awaiting court outcome,
1a5e569e08f059da225de05918e3762b3ecca3fa734e42a941847d422dadbdd6,2026-04,Suffolk Constabulary,Suffolk Constabulary,0.442559,52.081167,On or near Waveney Terrace,E01030105,West Suffolk 020A,Violence and sexual offences,Under investigation,
d947be304b52019d747fcff8b9be2ee295e1fe626aaa2279bd0594bcef2ef30c,2026-04,Suffolk Constabulary,Suffolk Constabulary,0.445401,52.082700,On or near Rushmere Place,E01030105,West Suffolk 020A,Violence and sexual offences,Under investigation,
209a57e4d5fd37985e661132ab953833c7109d2cdee44946b3b50d73fd6522da,2026-04,Suffolk Constabulary,Suffolk Constabulary,0.442559,52.081167,On or near Waveney Terrace,E01030105,West Suffolk 020A,Violence and sexual offences,Under investigation,
135ab9a0415381e51035d2dfbd7260c534ad5149c43e4d895380b5258f565e13,2026-04,Suffolk Constabulary,Suffolk Constabulary,0.448763,52.083583,On or near Fenton Road,E01030105,West Suffolk 020A,Violence and sexual offences,Unable to prosecute suspect,
ab322685029815447832f839b7d746efe906072c90b2a4dcce2226a41e4ce7fb,2026-04,Suffolk Constabulary,Suffolk Constabulary,0.449168,52.080320,On or near Pavilion Court,E01030105,West Suffolk 020A,Violence and sexual offences,Under investigation,
a82e92da38a434449c279ea6e82a5c35a5d9525d18c9948cd1478d038ed1161c,2026-04,Suffolk Constabulary,Suffolk Constabulary,0.448663,52.082821,On or near Millfields Way,E01030105,West Suffolk 020A,Violence and sexual offences,Investigation complete; no suspect identified,
acf18773b8585a3e5405cc0291581c85d8a029c77652779e5ab3168fa703d44c,2026-04,Suffolk Constabulary,Suffolk Constabulary,0.457287,52.072156,On or near Lime Grove,E01030106,West Suffolk 020B,Criminal damage and arson,Unable to prosecute suspect,
7913d29a436cbe27b840f906bcde79b5f708b859d76ebc33cd8147e3a97066e9,2026-04,Suffolk Constabulary,Suffolk Constabulary,0.452550,52.075178,On or near Petrol Station,E01030106,West Suffolk 020B,Other theft,Investigation complete; no suspect identified,
be5a0a53c1582531bd1b105271c5d14d41e734a84a9db2fc4b4c7a49d3cbf35c,2026-04,Suffolk Constabulary,Suffolk Constabulary,0.452550,52.075178,On or near Petrol Station,E01030106,West Suffolk 020B,Other theft,Investigation complete; no suspect identified,
fb95e3075e316a770b16e8eb717280a0ec3da6a9c267a0d8dc460d81f337f596,2026-04,Suffolk Constabulary,Suffolk Constabulary,0.454765,52.077775,On or near Pipers Close,E01030106,West Suffolk 020B,Public order,Awaiting court outcome,
3acdf760412dfd48faa3a6e08d6d8638ebf7904c62efd55bbade55baa2da5ab6,2026-04,Suffolk Constabulary,Suffolk Constabulary,0.454765,52.077775,On or near Pipers Close,E01030106,West Suffolk 020B,Violence and sexual offences,Investigation complete; no suspect identified,
87f5a61e112a062a76ed9e785bc79fd3387879326f5c117c0e6369cd263c6285,2026-04,Suffolk Constabulary,Suffolk Constabulary,0.457287,52.072156,On or near Lime Grove,E01030106,West Suffolk 020B,Violence and sexual offences,Under investigation,
886fe602b5c8281e6fd3d913266c982202b0098c111ffb5c8ca5f3d193dd5fb5,2026-04,Suffolk Constabulary,Suffolk Constabulary,0.451567,52.075890,On or near Coupals Close,E01030106,West Suffolk 020B,Violence and sexual offences,Action to be taken by another organisation,
9dce48ebbd4add948991e32dd5fdcbbee5b71db286c041c5a20c5a3263810a81,2026-04,Suffolk Constabulary,Suffolk Constabulary,0.457287,52.072156,On or near Lime Grove,E01030106,West Suffolk 020B,Violence and sexual offences,Offender given a caution,
e4a161da545ca4a2c9936ca8ead5a08832a7e453bfea2257fc4869287cbe2b7b,2026-04,Suffolk Constabulary,Suffolk Constabulary,0.451567,52.075890,On or near Coupals Close,E01030106,West Suffolk 020B,Violence and sexual offences,Under investigation,
4818f18433acd5d217cdee70d70f97bf0e1f71d7df6f3476e1464d3b67101fbe,2026-04,Suffolk Constabulary,Suffolk Constabulary,0.447964,52.086307,On or near Parking Area,E01030106,West Suffolk 020B,Violence and sexual offences,Under investigation,
35bfcfeef99e7700a5b86dd3100218b992f6cd22add87864201ed46b5b230244,2026-04,Suffolk Constabulary,Suffolk Constabulary,0.460363,52.072883,On or near Rowley Hill,E01030106,West Suffolk 020B,Violence and sexual offences,Unable to prosecute suspect,
db4c67ea8a5bf78c3d9286bbd79bba641e4f807910d5180590e4862c604f6f00,2026-04,Suffolk Constabulary,Suffolk Constabulary,0.454765,52.077775,On or near Pipers Close,E01030106,West Suffolk 020B,Violence and sexual offences,Awaiting court outcome,
fc6de37c94a2d0f9016dfecb9d1ae9c58ad1978ceb1c6fbaf7f956ad337b9b75,2026-04,Suffolk Constabulary,Suffolk Constabulary,0.451567,52.075890,On or near Coupals Close,E01030106,West Suffolk 020B,Other crime,Action to be taken by another organisation,
ad3ce570e988dc03dd0a4bf8937174a5e80424ef9a222600143ae68bc08f9ffe,2026-04,Suffolk Constabulary,Suffolk Constabulary,0.449180,52.074663,On or near Ashlea Road,E01030106,West Suffolk 020B,Other crime,Awaiting court outcome,
6b238bccb5a96c19e36fc60283e7cdff0cefb6cee65697edc99b305dd9d72fb8,2026-04,Suffolk Constabulary,Suffolk Constabulary,0.456969,52.078053,On or near Tasman Road,E01030107,West Suffolk 020C,Other theft,Investigation complete; no suspect identified,
30e02c373a03756e9346aaa3caa761fa44e37c08948589c6b46d42cabb17e265,2026-04,Suffolk Constabulary,Suffolk Constabulary,0.458398,52.081485,On or near Bailey Close,E01030107,West Suffolk 020C,Violence and sexual offences,Unable to prosecute suspect,
,2026-04,Suffolk Constabulary,Suffolk Constabulary,0.446188,52.083205,On or near Hardwick Road,E01030108,West Suffolk 020D,Anti-social behaviour,,
930df31390604e9348dd5391036e801307248e880fee30c4a94d4a2a3c8bba76,2026-04,Suffolk Constabulary,Suffolk Constabulary,0.443815,52.084127,On or near Ingham Road,E01030108,West Suffolk 020D,Criminal damage and arson,Investigation complete; no suspect identified,
4550af57158d39a311260f278811682f15a6dd68ade4a2ee4f25efd050be3907,2026-04,Suffolk Constabulary,Suffolk Constabulary,0.444367,52.084610,On or near Parking Area,E01030108,West Suffolk 020D,Other theft,Under investigation,
e466cbb43a6997e64e5dd17b07ab7219f00dbd306ee0ec3cbd26a7d24977dc0c,2026-04,Suffolk Constabulary,Suffolk Constabulary,0.444367,52.084610,On or near Parking Area,E01030108,West Suffolk 020D,Other theft,Investigation complete; no suspect identified,
8adbbf1d234c5ada0a6d24f606652ca6ca5f3e9b0c662da6ea05e11ea5b9f4c9,2026-04,Suffolk Constabulary,Suffolk Constabulary,0.446350,52.085891,On or near Chelmer Road,E01030108,West Suffolk 020D,Public order,Unable to prosecute suspect,
75509497449e4b33a7db72847acb15169c08ac90a7df86c5c981d3e8ffeb216a,2026-04,Suffolk Constabulary,Suffolk Constabulary,0.439548,52.085645,On or near Yeldham Place,E01030108,West Suffolk 020D,Shoplifting,Awaiting court outcome,
7249b523a17c75a1ed833ea27843f55a0b14b8b7765dbd01c13cd28b03dfd29e,2026-04,Suffolk Constabulary,Suffolk Constabulary,0.437416,52.085078,On or near Station Road,E01030108,West Suffolk 020D,Vehicle crime,Unable to prosecute suspect,
08bddeed75c7a7a110b2fdfe2dfa0582ed4fe0e2688fe0af9b09dfc3a719eb1f,2026-04,Suffolk Constabulary,Suffolk Constabulary,0.439548,52.085645,On or near Yeldham Place,E01030108,West Suffolk 020D,Violence and sexual offences,Investigation complete; no suspect identified,
5f9c1de94ed7a1e4079df7ba999c3c9cef65094ead444bb26362582145e7dfe8,2026-04,Suffolk Constabulary,Suffolk Constabulary,0.446350,52.085891,On or near Chelmer Road,E01030108,West Suffolk 020D,Violence and sexual offences,Action to be taken by another organisation,
b0d8f942740676649d057a08b384f6d955cb4df060b686265a4b47ad801b4339,2026-04,Suffolk Constabulary,Suffolk Constabulary,0.437416,52.085078,On or near Station Road,E01030108,West Suffolk 020D,Violence and sexual offences,Unable to prosecute suspect,
dbb53b5f3dfa38f77a4a21cd7e8c7d41fa925d5924ef567c71f6e589cb6f59d3,2026-04,Suffolk Constabulary,Suffolk Constabulary,0.446350,52.085891,On or near Chelmer Road,E01030108,West Suffolk 020D,Violence and sexual offences,Under investigation,
1865edac2b1bb017979b08a8cb1eee08c6071a25c482aed8908c92da9059ed9a,2026-04,Suffolk Constabulary,Suffolk Constabulary,0.437416,52.085078,On or near Station Road,E01030108,West Suffolk 020D,Violence and sexual offences,Investigation complete; no suspect identified,
de1c0bb8bffbca61d253459d3b372cb1eb911e784865e4a6ebfa030844dd988e,2026-04,Suffolk Constabulary,Suffolk Constabulary,0.443172,52.087584,On or near Alde Road,E01030108,West Suffolk 020D,Violence and sexual offences,Under investigation,
f1b46c15ca7645b0d0dbbf5da96de5d988b5de05dbcf0ef97e2836ba5c244073,2026-04,Suffolk Constabulary,Suffolk Constabulary,0.437416,52.085078,On or near Station Road,E01030108,West Suffolk 020D,Violence and sexual offences,Local resolution,
7456d10e9f67df01eb7523726f99abaa57e31549481f7d9beaa05fbf020ae6d7,2026-04,Suffolk Constabulary,Suffolk Constabulary,0.439548,52.085645,On or near Yeldham Place,E01030108,West Suffolk 020D,Violence and sexual offences,Offender given a caution,
a92160dde40b39c0f9f5f4392af54a08332adc9caaf9da37951d7864e59b079b,2026-04,Suffolk Constabulary,Suffolk Constabulary,0.446474,52.090034,On or near Blenheim Close,E01030108,West Suffolk 020D,Violence and sexual offences,Under investigation,
097aba95750946154d3a130892c97711327c3993535d23ad26bdb1681d78b367,2026-04,Suffolk Constabulary,Suffolk Constabulary,0.439548,52.085645,On or near Yeldham Place,E01030108,West Suffolk 020D,Violence and sexual offences,Investigation complete; no suspect identified,
99475f748079a1975479ff2691f7c16383862c3a0181357eb7cdb3d8b2bad194,2026-04,Suffolk Constabulary,Suffolk Constabulary,0.437416,52.085078,On or near Station Road,E01030108,West Suffolk 020D,Violence and sexual offences,Unable to prosecute suspect,
e239f43da0925d338b95915dcfcf004175849c4a47736c9a2a388b90fb48e393,2026-04,Suffolk Constabulary,Suffolk Constabulary,0.444367,52.084610,On or near Parking Area,E01030108,West Suffolk 020D,Violence and sexual offences,Awaiting court outcome,
a4782ae26af8dc52abf0988fed34e3d1febf0e4bbc6a2435ce9633d8ff91170b,2026-04,Suffolk Constabulary,Suffolk Constabulary,0.444367,52.084610,On or near Parking Area,E01030108,West Suffolk 020D,Violence and sexual offences,Under investigation,
c684738736a5ef91e65ca6a83ba2f665d00d0556de56b69def34fcb3dc886fde,2026-04,Suffolk Constabulary,Suffolk Constabulary,0.439874,52.082788,On or near Parking Area,E01030113,West Suffolk 020E,Burglary,Unable to prosecute suspect,
af4596ac413229c81789bcc562a0d2ab932dcee7dec688d21b4727587fdab56f,2026-04,Suffolk Constabulary,Suffolk Constabulary,0.439874,52.082788,On or near Parking Area,E01030113,West Suffolk 020E,Burglary,Investigation complete; no suspect identified,
73b19a4e87e5c2e17ee7dc3a7d187e6709e151522fa8b29852138b3a52661aae,2026-04,Suffolk Constabulary,Suffolk Constabulary,0.439874,52.082788,On or near Parking Area,E01030113,West Suffolk 020E,Burglary,Investigation complete; no suspect identified,
79b802a517c612a909807ca2836fe4bdbdbd7337f620ca4ea0e9250303f91149,2026-04,Suffolk Constabulary,Suffolk Constabulary,0.440516,52.081174,On or near High Street,E01030113,West Suffolk 020E,Criminal damage and arson,Investigation complete; no suspect identified,
eda37ccb67577a327471c0e8c63fb1f6b1c81a48ea605438b6f7ff5db1f71c9d,2026-04,Suffolk Constabulary,Suffolk Constabulary,0.430884,52.079323,On or near Clements Close,E01030113,West Suffolk 020E,Criminal damage and arson,Investigation complete; no suspect identified,
d63147b6dd94a6d82cb5055fe6fa90fcd7c52074060c40df5655ab03a654f2f3,2026-04,Suffolk Constabulary,Suffolk Constabulary,0.440516,52.081174,On or near High Street,E01030113,West Suffolk 020E,Drugs,Offender given a caution,
ba0c65d3befef93a7fc46f6d8168b692aa8129f40896eccd14bb2bd1fb95d253,2026-04,Suffolk Constabulary,Suffolk Constabulary,0.439874,52.082788,On or near Parking Area,E01030113,West Suffolk 020E,Other theft,Investigation complete; no suspect identified,
b52058af0baea6d87afc28e0394315d5fe414b7c23f6c778820c985d85c060d2,2026-04,Suffolk Constabulary,Suffolk Constabulary,0.439874,52.082788,On or near Parking Area,E01030113,West Suffolk 020E,Shoplifting,Investigation complete; no suspect identified,
d607cb7d71b35e01dfee64d9998e35c507a138557651a305c1cda68130bb18bb,2026-04,Suffolk Constabulary,Suffolk Constabulary,0.440516,52.081174,On or near High Street,E01030113,West Suffolk 020E,Shoplifting,Awaiting court outcome,
2cf03f1a6babb07b3bced093e85585beaf5090921a5375d926d8f58e1850a122,2026-04,Suffolk Constabulary,Suffolk Constabulary,0.439874,52.082788,On or near Parking Area,E01030113,West Suffolk 020E,Shoplifting,Investigation complete; no suspect identified,
f042dbd9599c9335b0d70a180063877dbf8fb2ac836c1752094a7754023044a0,2026-04,Suffolk Constabulary,Suffolk Constabulary,0.436760,52.081620,On or near Mill Road,E01030113,West Suffolk 020E,Violence and sexual offences,Awaiting court outcome,
43fc8ecc4a2247716e68a2ff77284f822a7ac38364d205fea3c7e0af5b2b5204,2026-04,Suffolk Constabulary,Suffolk Constabulary,0.440199,52.079903,On or near Helions Walk,E01030113,West Suffolk 020E,Violence and sexual offences,Action to be taken by another organisation,
f081f2afd31013ce830b95899b16b7cd20dc51183741befdee2e4710ac34829d,2026-04,Suffolk Constabulary,Suffolk Constabulary,0.440199,52.079903,On or near Helions Walk,E01030113,West Suffolk 020E,Violence and sexual offences,Action to be taken by another organisation,
e362c70bb25f19af1b77dd32ad1d2d8a5b14671fbdc8ac48cd98d144ebe010c9,2026-04,Suffolk Constabulary,Suffolk Constabulary,0.430884,52.079323,On or near Clements Close,E01030113,West Suffolk 020E,Violence and sexual offences,Unable to prosecute suspect,
a218a9ea38786e84e0ac365b90820eae4478b28a9c0216e91d8f1486fb1b122c,2026-04,Suffolk Constabulary,Suffolk Constabulary,0.435028,52.082519,On or near Camps Road,E01030113,West Suffolk 020E,Violence and sexual offences,Unable to prosecute suspect,
814e46d1909f08f58d159c8a2bb3b142b7856e3d6472a07b458ce4fbce49b72b,2026-04,Suffolk Constabulary,Suffolk Constabulary,0.440199,52.079903,On or near Helions Walk,E01030113,West Suffolk 020E,Violence and sexual offences,Action to be taken by another organisation,
72f46d880fbee6cfc7d49485ab91a1db8e0661405aba1ecd6b65eb87d28f71ba,2026-04,Suffolk Constabulary,Suffolk Constabulary,0.438447,52.082844,On or near Market Hill,E01030113,West Suffolk 020E,Violence and sexual offences,Unable to prosecute suspect,
c262ea71c082f23513c03cdce7587d2e77329f00f7398bef700eab8e388bc0ce,2026-04,Suffolk Constabulary,Suffolk Constabulary,0.437740,52.078974,On or near Duddery Hill,E01030113,West Suffolk 020E,Violence and sexual offences,Action to be taken by another organisation,
b7ec25edb2e1b65273d4b7ef8f751ef2464a948f0c9b2a2bd0cde0d301c3a4c2,2026-04,Suffolk Constabulary,Suffolk Constabulary,0.433029,52.081124,On or near Sports/Recreation Area,E01030113,West Suffolk 020E,Violence and sexual offences,Unable to prosecute suspect,
5da1b8500949ec7508c80166c2639e4d1c874f39f055e6b93268d212ef20e17f,2026-04,Suffolk Constabulary,Suffolk Constabulary,0.437740,52.078974,On or near Duddery Hill,E01030113,West Suffolk 020E,Violence and sexual offences,Under investigation,
956ae7276cd6ba2a89abe5189677b14c8c86cf4907904b9d80e8fce60cfe27ef,2026-04,Suffolk Constabulary,Suffolk Constabulary,0.440199,52.079903,On or near Helions Walk,E01030113,West Suffolk 020E,Violence and sexual offences,Action to be taken by another organisation,
2ccf87c207ec93b7c52557d8dd46cc32025a47c3f7e1e39240f6864c7df334a1,2026-04,Suffolk Constabulary,Suffolk Constabulary,0.440516,52.081174,On or near High Street,E01030113,West Suffolk 020E,Violence and sexual offences,Under investigation,
5450e8b822782c668f2ad107cda53bc8bd3ad24d72eecb68ff014010cca4014a,2026-04,Suffolk Constabulary,Suffolk Constabulary,0.436760,52.081620,On or near Mill Road,E01030113,West Suffolk 020E,Violence and sexual offences,Under investigation,
8d4088a71e6d792d3d10c89f1d5e96c17020bbb23757968b1a2ef87d50f9811f,2026-04,Suffolk Constabulary,Suffolk Constabulary,0.438447,52.082844,On or near Market Hill,E01030113,West Suffolk 020E,Violence and sexual offences,Under investigation,
0dbf9837a17c3e3c75ca2d494622b33d52f27aedfa85f5a62f1adc400515deaf,2026-04,Suffolk Constabulary,Suffolk Constabulary,0.438487,52.080092,On or near Helions Park Avenue,E01030113,West Suffolk 020E,Violence and sexual offences,Under investigation,
fcc5142c4b8d2b2d97d320d0a086a42d34a0fd70c2eb95c818bb5d6b80958232,2026-04,Suffolk Constabulary,Suffolk Constabulary,0.435599,52.079054,On or near Paske Avenue,E01030113,West Suffolk 020E,Violence and sexual offences,Unable to prosecute suspect,
49ff4edf365724de4d7b49de0e4cc40a642ad2ca7198cd64e1d2a1bb53b1eb93,2026-04,Suffolk Constabulary,Suffolk Constabulary,0.438447,52.082844,On or near Market Hill,E01030113,West Suffolk 020E,Violence and sexual offences,Under investigation,
be5a9b1fdb19cae6a73826fbb4bf6e4af3274342f693755280bf1c138aa7c46b,2026-04,Suffolk Constabulary,Suffolk Constabulary,0.429685,52.071209,On or near A1017,E01030114,West Suffolk 020F,Burglary,Investigation complete; no suspect identified,
251fcfe191af88de0cb609c8b21db0735f8603c9dc644eda278b342280e8e7ae,2026-04,Suffolk Constabulary,Suffolk Constabulary,0.425786,52.077620,On or near Holbrook Road,E01030114,West Suffolk 020F,Drugs,Local resolution,
6221a495cad91cbaec337a7c04e3c9f26ed703cad25c014cd93676141ebefbe6,2026-04,Suffolk Constabulary,Suffolk Constabulary,0.428721,52.077919,On or near Gloucester Road,E01030114,West Suffolk 020F,Drugs,Local resolution,
7114346bbf1d10a8a2673152edd91d86d46d9a6e6355916a4c5f7c32a3510284,2026-04,Suffolk Constabulary,Suffolk Constabulary,0.428721,52.077919,On or near Gloucester Road,E01030114,West Suffolk 020F,Drugs,Under investigation,
6f1dab9372e2e8bab4586a87770469c31b048881357a1857ac689834d124f7be,2026-04,Suffolk Constabulary,Suffolk Constabulary,0.430193,52.077871,On or near Clarendon Road,E01030114,West Suffolk 020F,Other theft,Unable to prosecute suspect,
93390b79dd960aef3a5aff6b08d9f6e35ae081ca1b8ea9a2de95ce8a7af4ba14,2026-04,Suffolk Constabulary,Suffolk Constabulary,0.424189,52.077779,On or near Gipping Close,E01030114,West Suffolk 020F,Public order,Under investigation,
fbaf16927f955360e34bcb22287cc06fdcd907ca2c0e88aab212f53d05cd821c,2026-04,Suffolk Constabulary,Suffolk Constabulary,0.428721,52.077919,On or near Gloucester Road,E01030114,West Suffolk 020F,Public order,Unable to prosecute suspect,
6edd78256e24b23dc3e74f381ea0812ee381acaba4b4cce2d14af2a96f6b2b15,2026-04,Suffolk Constabulary,Suffolk Constabulary,0.430520,52.076371,On or near Orford Road,E01030114,West Suffolk 020F,Public order,Under investigation,
364eccbd2d38c911ab9a90fe5a07506199387b1cfe962c8c6478d74ab8c56c46,2026-04,Suffolk Constabulary,Suffolk Constabulary,0.428721,52.077919,On or near Gloucester Road,E01030114,West Suffolk 020F,Public order,Awaiting court outcome,
cbf61ee1a82c4138f55a4004c914574cb2340418134390c10a2e9de1dde9fdab,2026-04,Suffolk Constabulary,Suffolk Constabulary,0.428721,52.077919,On or near Gloucester Road,E01030114,West Suffolk 020F,Violence and sexual offences,Unable to prosecute suspect,
bc738a887984c0785b9ac8497b92509bb9453a35431ccea6cc8dc63ece6c446b,2026-04,Suffolk Constabulary,Suffolk Constabulary,0.426231,52.078834,On or near Leiston Road,E01030114,West Suffolk 020F,Violence and sexual offences,Unable to prosecute suspect,
62802b0411448fa9ae09f62a0f97dbb55d8e98aa3cccd8c385658d913d5f55ef,2026-04,Suffolk Constabulary,Suffolk Constabulary,0.427212,52.077537,On or near Buckingham Road,E01030114,West Suffolk 020F,Violence and sexual offences,Unable to prosecute suspect,
33e842965b7fcfad158e21a7e86b7e50918cf14835beafb46781297cfc3553d6,2026-04,Suffolk Constabulary,Suffolk Constabulary,0.427212,52.077537,On or near Buckingham Road,E01030114,West Suffolk 020F,Violence and sexual offences,Action to be taken by another organisation,
2d3fafa2b6f0ec86150dee05764523a4d818b439ae2c39905a7455686fbe8f24,2026-04,Suffolk Constabulary,Suffolk Constabulary,0.428721,52.077919,On or near Gloucester Road,E01030114,West Suffolk 020F,Violence and sexual offences,Under investigation,
67516ec91c5930d46ecf445eaaeddde29c5f25231be307ed29c9c9c5e85d94d6,2026-04,Suffolk Constabulary,Suffolk Constabulary,0.428721,52.077919,On or near Gloucester Road,E01030114,West Suffolk 020F,Other crime,Awaiting court outcome,
,2026-04,Suffolk Constabulary,Suffolk Constabulary,0.419550,52.077541,On or near Parr Road,E01030115,West Suffolk 021A,Anti-social behaviour,,
,2026-04,Suffolk Constabulary,Suffolk Constabulary,0.419550,52.077541,On or near Parr Road,E01030115,West Suffolk 021A,Anti-social behaviour,,
,2026-04,Suffolk Constabulary,Suffolk Constabulary,0.427321,52.080898,On or near Horseshoe Lane,E01030115,West Suffolk 021A,Anti-social behaviour,,
6375aac0769b514b0cc4e9a76f02bbe70bad1dd9e648d6504447d02a4e9a05eb,2026-04,Suffolk Constabulary,Suffolk Constabulary,0.425151,52.080718,On or near The Gardens,E01030115,West Suffolk 021A,Criminal damage and arson,Unable to prosecute suspect,
d1e406f1c521ba889bdbe53768a41f1d32ce85edb1afbc24aec0c10881879160,2026-04,Suffolk Constabulary,Suffolk Constabulary,0.431085,52.081126,On or near Priory Avenue,E01030115,West Suffolk 021A,Criminal damage and arson,Investigation complete; no suspect identified,
1989467cd486b444d4b2b72d22d45be23969182fb3d79e66359423467c252ccb,2026-04,Suffolk Constabulary,Suffolk Constabulary,0.428228,52.080933,On or near Layer Road,E01030115,West Suffolk 021A,Criminal damage and arson,Unable to prosecute suspect,
0b8d86ba1a4dbfb5c47245b010ae346206f43abe467be42bbf469b971aa1e414,2026-04,Suffolk Constabulary,Suffolk Constabulary,0.427321,52.080898,On or near Horseshoe Lane,E01030115,West Suffolk 021A,Criminal damage and arson,Unable to prosecute suspect,
f64c7651ba4d24e4852c22ecc011f59a97bcd4fea9a3d6fb71e20273032cb427,2026-04,Suffolk Constabulary,Suffolk Constabulary,0.428228,52.080933,On or near Layer Road,E01030115,West Suffolk 021A,Drugs,Offender given a caution,
93b8d1e8fdf80b59dc7933a399f202df95d7b528575175f917525f39c638f229,2026-04,Suffolk Constabulary,Suffolk Constabulary,0.429351,52.080649,On or near Primrose Hill,E01030115,West Suffolk 021A,Public order,Unable to prosecute suspect,
0a58ff067c09ab5979a6520368fec656614102f4643d4e2c5b7e408293527c61,2026-04,Suffolk Constabulary,Suffolk Constabulary,0.425518,52.080206,On or near Shaftesbury Court,E01030115,West Suffolk 021A,Violence and sexual offences,Further investigation is not in the public interest,
f50226076437ed85248d70c1f9a56ddf238beaa89b16c0e0603a2cc4c31b6cf0,2026-04,Suffolk Constabulary,Suffolk Constabulary,0.424396,52.079717,On or near Connaught Road,E01030115,West Suffolk 021A,Violence and sexual offences,Unable to prosecute suspect,
37bef7b80ca9b2231dd79d879be957f245f968d2cc61cfb9cbb2731e118a6f63,2026-04,Suffolk Constabulary,Suffolk Constabulary,0.427321,52.080898,On or near Horseshoe Lane,E01030115,West Suffolk 021A,Violence and sexual offences,Under investigation,
46ca87771371f29826e5e398c1c7d4b930422326fcef6c0faaa5d8742cacd37b,2026-04,Suffolk Constabulary,Suffolk Constabulary,0.425228,52.080527,On or near York Road,E01030115,West Suffolk 021A,Violence and sexual offences,Local resolution,
9d36ab2a8aa5bc8ad79378707cc95eb4f21b52e9a7434ba6de4c149897dc820d,2026-04,Suffolk Constabulary,Suffolk Constabulary,0.429351,52.080649,On or near Primrose Hill,E01030115,West Suffolk 021A,Other crime,Under investigation,
,2026-04,Suffolk Constabulary,Suffolk Constabulary,0.409670,52.090280,On or near Shardlow Close,E01030116,West Suffolk 021B,Anti-social behaviour,,
,2026-04,Suffolk Constabulary,Suffolk Constabulary,0.416071,52.083656,On or near Raine Avenue,E01030116,West Suffolk 021B,Anti-social behaviour,,
630df427c89ca23d6d18abad50ab70c4135fad90ef814f10b8209e7c1055c06d,2026-04,Suffolk Constabulary,Suffolk Constabulary,0.409440,52.088189,On or near Haycocks Road,E01030116,West Suffolk 021B,Other theft,Unable to prosecute suspect,
1fd176800b4465ce620c0a82d053f94df1c8d277be511624b84c12e2459176ca,2026-04,Suffolk Constabulary,Suffolk Constabulary,0.409670,52.090280,On or near Shardlow Close,E01030116,West Suffolk 021B,Violence and sexual offences,Under investigation,
903ef3cfac38844f47a1a1faf92894b31310542136dc02f7330981f712a0c063,2026-04,Suffolk Constabulary,Suffolk Constabulary,0.409440,52.088189,On or near Haycocks Road,E01030116,West Suffolk 021B,Violence and sexual offences,Action to be taken by another organisation,
946716650847391ba9700e988ad8490abe68ba6d64a84588f7567ba00b637c2c,2026-04,Suffolk Constabulary,Suffolk Constabulary,0.419086,52.088657,On or near Teasel Close,E01030117,West Suffolk 021C,Criminal damage and arson,Investigation complete; no suspect identified,
db79d3e60a159e6c2b81e5b5db74ba0f13c26a205b055740734d4ba971faab84,2026-04,Suffolk Constabulary,Suffolk Constabulary,0.415721,52.090965,On or near Baines Coney,E01030117,West Suffolk 021C,Shoplifting,Investigation complete; no suspect identified,
415ac07b13a25dee1cbfb7ffc5c7e436cba9a101a6c47480ff9d73b74d98515e,2026-04,Suffolk Constabulary,Suffolk Constabulary,0.415721,52.090965,On or near Baines Coney,E01030117,West Suffolk 021C,Shoplifting,Investigation complete; no suspect identified,
,2026-04,Suffolk Constabulary,Suffolk Constabulary,0.421477,52.087789,On or near Catkin Close,E01030118,West Suffolk 021D,Anti-social behaviour,,
d6e5b73c257fcbd4f3b07a535fcafb1fbac07900fa8f6146e67f0a2ea69820fe,2026-04,Suffolk Constabulary,Suffolk Constabulary,0.424397,52.090490,On or near William Blake Court,E01030118,West Suffolk 021D,Other theft,Under investigation,
ca4fa2d4a6d7cc9360f4af6c29659267cf0eb4e8788c554ccf021b6340e96d72,2026-04,Suffolk Constabulary,Suffolk Constabulary,0.411634,52.086373,On or near Spartan Close,E01030118,West Suffolk 021D,Public order,Under investigation,
90a5f248743061478ec8d556582eeadf2fcc5509c15f148b7043df504f4af43f,2026-04,Suffolk Constabulary,Suffolk Constabulary,0.415736,52.087188,On or near Chimswell Way,E01030118,West Suffolk 021D,Public order,Unable to prosecute suspect,
116487afac4034384d4d50a961894708bf5fd1a56e07342e393745debd131f86,2026-04,Suffolk Constabulary,Suffolk Constabulary,0.423156,52.091037,On or near Rowan Close,E01030118,West Suffolk 021D,Violence and sexual offences,Unable to prosecute suspect,
2f95f24b33eb0d8362d9d8510444bd938f054388ea25dd98497c070d96308344,2026-04,Suffolk Constabulary,Suffolk Constabulary,0.424397,52.090490,On or near William Blake Court,E01030118,West Suffolk 021D,Violence and sexual offences,Awaiting court outcome,
2acc0707b92b3508447e918b7f73a237368f411611294c5025422d5dc5044fd6,2026-04,Suffolk Constabulary,Suffolk Constabulary,-0.579660,51.455472,On or near Mills Spur,E01016587,Windsor and Maidenhead 016C,Violence and sexual offences,Unable to prosecute suspect,
be907cf29a3aa4a5c458d82358961cd2529232ac45e926f230b92ac338ea7901,2026-04,Suffolk Constabulary,Suffolk Constabulary,,,No Location,,,Burglary,Investigation complete; no suspect identified,
d4126b97e10d6ec293c988815f9eb62e203bbc66b0138ba8f0b2e8f3e1a7a79c,2026-04,Suffolk Constabulary,Suffolk Constabulary,,,No Location,,,Burglary,Investigation complete; no suspect identified,
05dbdbd590d80e6cc27d29844bcb1ba9d367efecbaa70710421e16b1e4f4385c,2026-04,Suffolk Constabulary,Suffolk Constabulary,,,No Location,,,Burglary,Under investigation,
8b9aaa7444ed3cc4764abe8d669ef411f36b9e9c31971cf110d17046f7d500fe,2026-04,Suffolk Constabulary,Suffolk Constabulary,,,No Location,,,Criminal damage and arson,Investigation complete; no suspect identified,
e40ec84ecff81e9be7fec60c3f7b29657d6100a9eb014742a54e1c482b167dbd,2026-04,Suffolk Constabulary,Suffolk Constabulary,,,No Location,,,Other theft,Investigation complete; no suspect identified,
d30ca3b2d2af785783d7614793dada30feb3fc397a7aa23a47c36bb6faa83c60,2026-04,Suffolk Constabulary,Suffolk Constabulary,,,No Location,,,Other theft,Investigation complete; no suspect identified,
3556fc0be8f83330bc93fc4099ba03b8aa5f6b415567876e3272e49cbc359bf0,2026-04,Suffolk Constabulary,Suffolk Constabulary,,,No Location,,,Other theft,Investigation complete; no suspect identified,
e079172b7ea7af059dc8684e78b789ab4c9714679f2e1df1cf6dbaed88e26991,2026-04,Suffolk Constabulary,Suffolk Constabulary,,,No Location,,,Other theft,Investigation complete; no suspect identified,
c80f0cce4f3af13a757dd3288b06f4a769dbd4c1c13a00b90c9fde63daed24e8,2026-04,Suffolk Constabulary,Suffolk Constabulary,,,No Location,,,Public order,Under investigation,
fd0de9dd8371b253d96ae2afef58860edd64f356d5a789b191923ef7e57e78cb,2026-04,Suffolk Constabulary,Suffolk Constabulary,,,No Location,,,Public order,Unable to prosecute suspect,
0abc030ac7df55f1da34d16335acc454ffd77760c4c81cdc13ef08a33de09821,2026-04,Suffolk Constabulary,Suffolk Constabulary,,,No Location,,,Public order,Awaiting court outcome,
ac2d913771deed4b116418129ab0af671dab6e0e2eb7002c9b78d47bffe48c13,2026-04,Suffolk Constabulary,Suffolk Constabulary,,,No Location,,,Shoplifting,Investigation complete; no suspect identified,
c12a23063cff12d9faf8e5decac2cb8504a175961e237ef41179a42dcb16cffe,2026-04,Suffolk Constabulary,Suffolk Constabulary,,,No Location,,,Shoplifting,Investigation complete; no suspect identified,
7a4ece9f49f9bd38af362f4433c4c4fc0ed1d3c81a135fb4d99d6409bf003b47,2026-04,Suffolk Constabulary,Suffolk Constabulary,,,No Location,,,Shoplifting,Unable to prosecute suspect,
06f5ff0f475ecec8835e3c2630b4047daff1c5439cf4609304ac42d9d3742c6b,2026-04,Suffolk Constabulary,Suffolk Constabulary,,,No Location,,,Shoplifting,Investigation complete; no suspect identified,
881e1362bba218031e34742caeb8cdc4d455b861edabccba92370a776ae46933,2026-04,Suffolk Constabulary,Suffolk Constabulary,,,No Location,,,Shoplifting,Awaiting court outcome,
adb0dc124114e2581e1f7a925e194891e44d6201e28c3222ba00bc9b229acd5c,2026-04,Suffolk Constabulary,Suffolk Constabulary,,,No Location,,,Vehicle crime,Investigation complete; no suspect identified,
a15f658b8c1f4e6adeb438d77b6959625aa32e418c2e2f26d5f94d7da32570b0,2026-04,Suffolk Constabulary,Suffolk Constabulary,,,No Location,,,Vehicle crime,Investigation complete; no suspect identified,
1e59f860890abc8a3dcaaa8446bd886f0f75d2750b590535cfd67d6ec81424be,2026-04,Suffolk Constabulary,Suffolk Constabulary,,,No Location,,,Vehicle crime,Unable to prosecute suspect,
595f4d3e4c4158ec75ce6d833e7ffad05d7a7bfcb0c490cc2fbb471e8a8668ac,2026-04,Suffolk Constabulary,Suffolk Constabulary,,,No Location,,,Violence and sexual offences,Unable to prosecute suspect,
58f18ea691d76d17ccadfc19b1a9ddfadc80c3f658e40473aa2af8db7780b957,2026-04,Suffolk Constabulary,Suffolk Constabulary,,,No Location,,,Violence and sexual offences,Under investigation,
dec0bcc6eac0b7845f068e9ce6ee760d95c6f71ce1f6c2adede271dedf664fa9,2026-04,Suffolk Constabulary,Suffolk Constabulary,,,No Location,,,Violence and sexual offences,Unable to prosecute suspect,
edd7f9178f4dd5215962a926972f25907b82a96766dc282786a08496698d2fba,2026-04,Suffolk Constabulary,Suffolk Constabulary,,,No Location,,,Violence and sexual offences,Unable to prosecute suspect,
d2d32de606028cc473c995954dda9d30ef619fe3d1294344c1bcba3c3c78375c,2026-04,Suffolk Constabulary,Suffolk Constabulary,,,No Location,,,Violence and sexual offences,Unable to prosecute suspect,
